
============================================================
  SeqLSTM TRAINING PIPELINE
  Modular Ablation Framework
============================================================

============================================================
  STEP 1: LOADING CONFIGURATION
============================================================
  Config file: E:\SRIP 2025\Streamflow and Water-level Prediction\Final Stuff\srip-transformer\src\configs\baseline.yaml
  Config name: baseline

  Configuration:
    • Sequential:    ✗ OFF (single LSTM)
    • Bidirectional: ✗ OFF
    • Attention:     ✗ OFF
    • Rating Curve:  ✗ OFF
    • Hierarchical:  ✗ OFF

  LSTM Settings:
    • Hidden dim:    64
    • Num layers:    1
    • Dropout:       0.1

  Hard Constraints (enforced globally):
    • Lookback:      7 days
    • Batch size:    256
    • Learning rate: 0.001
    • Epochs:        30
    • Optimizer:     Adam
    • Loss:          MSE
    • Random seed:   74

  → Setting random seed: 74

  → Using device: cuda
    GPU: NVIDIA GeForce RTX 3050 4GB Laptop GPU

============================================================
  STEP 2: LOADING AND PREPARING DATA
============================================================

  → Loading station data: E:\SRIP 2025\Streamflow and Water-level Prediction\Final Stuff\srip-transformer\hierarchial\new_Barmanghat_with_hierarchical_quantiles.csv
    Raw data shape: (22279, 23)
    Date range: 1961-01-02 to 2021-12-31

  → Detected pre-computed hierarchical features in CSV
    • hierarchical_feature_quantile_0.1
    • hierarchical_feature_quantile_0.5
    • hierarchical_feature_quantile_0.9
    • hierarchical_feature_quantile_0.95
    ✗ Will be EXCLUDED (use_hierarchical=False)

  → Determining feature set
    Using auto-detected features
    Total features: 7
       1. rainfall
       2. tmax
       3. tmin
       4. waterlevel_upstream
       5. streamflow_upstream
       6. waterlevel_final
       7. streamflow_final
    Target: streamflow_final

  → Loading processed data
    Station: Barmanghat
    Processed shape: (22279, 23)

  → Splitting data by year
    Train (1971-2010):        14,610 samples
    Test (1961-1970):         3,651 samples
    Test (2011-2020):         3,653 samples

  → Scaling features (MinMaxScaler)
    Scaler fitted on 7 features

  → Creating PyTorch datasets
    Lookback window: 7 days (t-7 to t-1)
    Train dataset:   14,600 sequences
    Test 61-70:      3,641 sequences
    Test 11-20:      3,643 sequences

  → Creating DataLoaders
    Batch size: 256
    Train batches: 58

============================================================
  STEP 3: SETTING UP OUTPUT DIRECTORY
============================================================
  Run directory: E:\SRIP 2025\Streamflow and Water-level Prediction\Final Stuff\srip-transformer\runs\baseline_20260305_035650

============================================================
  STEP 4: RATING CURVE (SKIPPED)
============================================================
  Fitter disabled in config

============================================================
  STEP 5: CREATING MODEL
============================================================

  → Initializing SeqLSTMModel
    Input dimension: 7
    Model variant:   Vanilla

  → Counting parameters & FLOPs
    Total parameters: 25,027
      • lstm: 18,688
      • heads: 6,339
    FLOPs (per forward pass): 254.464K  [manual estimate]

============================================================
  STEP 6: TRAINING MODEL
============================================================

  → Setting up optimizer and loss function
    Optimizer: Adam (lr=0.001)
    Loss: MSELoss

  → Starting training loop (30 epochs)
    Progress will be shown every 5 epochs


  Epoch  1/30:   0%|                                                         | 0/58 [00:00<?, ?it/s]
  Epoch  1/30:   0%|                                            | 0/58 [00:00<?, ?it/s, loss=0.0119]
  Epoch  1/30:   2%|▌                                   | 1/58 [00:00<00:27,  2.10it/s, loss=0.0119]
  Epoch  1/30:   2%|▌                                   | 1/58 [00:00<00:27,  2.10it/s, loss=0.0111]
  Epoch  1/30:   2%|▌                                   | 1/58 [00:00<00:27,  2.10it/s, loss=0.0102]
  Epoch  1/30:   2%|▌                                   | 1/58 [00:00<00:27,  2.10it/s, loss=0.0084]
  Epoch  1/30:   2%|▌                                   | 1/58 [00:00<00:27,  2.10it/s, loss=0.0083]
  Epoch  1/30:   2%|▌                                   | 1/58 [00:00<00:27,  2.10it/s, loss=0.0060]
  Epoch  1/30:  10%|███▋                                | 6/58 [00:00<00:04, 12.56it/s, loss=0.0060]
  Epoch  1/30:  10%|███▋                                | 6/58 [00:00<00:04, 12.56it/s, loss=0.0070]
  Epoch  1/30:  10%|███▋                                | 6/58 [00:00<00:04, 12.56it/s, loss=0.0065]
  Epoch  1/30:  10%|███▋                                | 6/58 [00:00<00:04, 12.56it/s, loss=0.0064]
  Epoch  1/30:  10%|███▋                                | 6/58 [00:00<00:04, 12.56it/s, loss=0.0041]
  Epoch  1/30:  10%|███▋                                | 6/58 [00:00<00:04, 12.56it/s, loss=0.0044]
  Epoch  1/30:  10%|███▋                                | 6/58 [00:00<00:04, 12.56it/s, loss=0.0033]
  Epoch  1/30:  10%|███▋                                | 6/58 [00:00<00:04, 12.56it/s, loss=0.0021]
  Epoch  1/30:  22%|███████▊                           | 13/58 [00:00<00:01, 25.81it/s, loss=0.0021]
  Epoch  1/30:  22%|███████▊                           | 13/58 [00:00<00:01, 25.81it/s, loss=0.0028]
  Epoch  1/30:  22%|███████▊                           | 13/58 [00:00<00:01, 25.81it/s, loss=0.0019]
  Epoch  1/30:  22%|███████▊                           | 13/58 [00:00<00:01, 25.81it/s, loss=0.0013]
  Epoch  1/30:  22%|███████▊                           | 13/58 [00:00<00:01, 25.81it/s, loss=0.0014]
  Epoch  1/30:  22%|███████▊                           | 13/58 [00:00<00:01, 25.81it/s, loss=0.0011]
  Epoch  1/30:  22%|███████▊                           | 13/58 [00:00<00:01, 25.81it/s, loss=0.0026]
  Epoch  1/30:  22%|███████▊                           | 13/58 [00:00<00:01, 25.81it/s, loss=0.0030]
  Epoch  1/30:  22%|███████▊                           | 13/58 [00:00<00:01, 25.81it/s, loss=0.0036]
  Epoch  1/30:  22%|███████▊                           | 13/58 [00:00<00:01, 25.81it/s, loss=0.0043]
  Epoch  1/30:  38%|█████████████▎                     | 22/58 [00:00<00:00, 40.30it/s, loss=0.0043]
  Epoch  1/30:  38%|█████████████▎                     | 22/58 [00:00<00:00, 40.30it/s, loss=0.0028]
  Epoch  1/30:  38%|█████████████▎                     | 22/58 [00:00<00:00, 40.30it/s, loss=0.0026]
  Epoch  1/30:  38%|█████████████▎                     | 22/58 [00:00<00:00, 40.30it/s, loss=0.0034]
  Epoch  1/30:  38%|█████████████▎                     | 22/58 [00:00<00:00, 40.30it/s, loss=0.0018]
  Epoch  1/30:  38%|█████████████▎                     | 22/58 [00:00<00:00, 40.30it/s, loss=0.0007]
  Epoch  1/30:  38%|█████████████▎                     | 22/58 [00:00<00:00, 40.30it/s, loss=0.0015]
  Epoch  1/30:  38%|█████████████▎                     | 22/58 [00:00<00:00, 40.30it/s, loss=0.0064]
  Epoch  1/30:  38%|█████████████▎                     | 22/58 [00:00<00:00, 40.30it/s, loss=0.0021]
  Epoch  1/30:  52%|██████████████████                 | 30/58 [00:00<00:00, 49.67it/s, loss=0.0021]
  Epoch  1/30:  52%|██████████████████                 | 30/58 [00:00<00:00, 49.67it/s, loss=0.0013]
  Epoch  1/30:  52%|██████████████████                 | 30/58 [00:00<00:00, 49.67it/s, loss=0.0014]
  Epoch  1/30:  52%|██████████████████                 | 30/58 [00:00<00:00, 49.67it/s, loss=0.0008]
  Epoch  1/30:  52%|██████████████████                 | 30/58 [00:00<00:00, 49.67it/s, loss=0.0011]
  Epoch  1/30:  52%|██████████████████                 | 30/58 [00:00<00:00, 49.67it/s, loss=0.0012]
  Epoch  1/30:  52%|██████████████████                 | 30/58 [00:01<00:00, 49.67it/s, loss=0.0029]
  Epoch  1/30:  52%|██████████████████                 | 30/58 [00:01<00:00, 49.67it/s, loss=0.0004]
  Epoch  1/30:  52%|██████████████████                 | 30/58 [00:01<00:00, 49.67it/s, loss=0.0006]
  Epoch  1/30:  66%|██████████████████████▉            | 38/58 [00:01<00:00, 55.89it/s, loss=0.0006]
  Epoch  1/30:  66%|██████████████████████▉            | 38/58 [00:01<00:00, 55.89it/s, loss=0.0013]
  Epoch  1/30:  66%|██████████████████████▉            | 38/58 [00:01<00:00, 55.89it/s, loss=0.0031]
  Epoch  1/30:  66%|██████████████████████▉            | 38/58 [00:01<00:00, 55.89it/s, loss=0.0013]
  Epoch  1/30:  66%|██████████████████████▉            | 38/58 [00:01<00:00, 55.89it/s, loss=0.0021]
  Epoch  1/30:  66%|██████████████████████▉            | 38/58 [00:01<00:00, 55.89it/s, loss=0.0021]
  Epoch  1/30:  66%|██████████████████████▉            | 38/58 [00:01<00:00, 55.89it/s, loss=0.0008]
  Epoch  1/30:  66%|██████████████████████▉            | 38/58 [00:01<00:00, 55.89it/s, loss=0.0010]
  Epoch  1/30:  66%|██████████████████████▉            | 38/58 [00:01<00:00, 55.89it/s, loss=0.0010]
  Epoch  1/30:  79%|███████████████████████████▊       | 46/58 [00:01<00:00, 61.40it/s, loss=0.0010]
  Epoch  1/30:  79%|███████████████████████████▊       | 46/58 [00:01<00:00, 61.40it/s, loss=0.0012]
  Epoch  1/30:  79%|███████████████████████████▊       | 46/58 [00:01<00:00, 61.40it/s, loss=0.0021]
  Epoch  1/30:  79%|███████████████████████████▊       | 46/58 [00:01<00:00, 61.40it/s, loss=0.0008]
  Epoch  1/30:  79%|███████████████████████████▊       | 46/58 [00:01<00:00, 61.40it/s, loss=0.0014]
  Epoch  1/30:  79%|███████████████████████████▊       | 46/58 [00:01<00:00, 61.40it/s, loss=0.0010]
  Epoch  1/30:  79%|███████████████████████████▊       | 46/58 [00:01<00:00, 61.40it/s, loss=0.0017]
  Epoch  1/30:  79%|███████████████████████████▊       | 46/58 [00:01<00:00, 61.40it/s, loss=0.0022]
  Epoch  1/30:  91%|███████████████████████████████▉   | 53/58 [00:01<00:00, 62.16it/s, loss=0.0022]
  Epoch  1/30:  91%|███████████████████████████████▉   | 53/58 [00:01<00:00, 62.16it/s, loss=0.0026]
  Epoch  1/30:  91%|███████████████████████████████▉   | 53/58 [00:01<00:00, 62.16it/s, loss=0.0022]
  Epoch  1/30:  91%|███████████████████████████████▉   | 53/58 [00:01<00:00, 62.16it/s, loss=0.0015]
  Epoch  1/30:  91%|███████████████████████████████▉   | 53/58 [00:01<00:00, 62.16it/s, loss=0.0021]
  Epoch  1/30:  91%|███████████████████████████████▉   | 53/58 [00:01<00:00, 62.16it/s, loss=0.0016]
                                                                                                    

  Epoch  2/30:   0%|                                                         | 0/58 [00:00<?, ?it/s]
  Epoch  2/30:   0%|                                            | 0/58 [00:00<?, ?it/s, loss=0.0006]
  Epoch  2/30:   0%|                                            | 0/58 [00:00<?, ?it/s, loss=0.0020]
  Epoch  2/30:   0%|                                            | 0/58 [00:00<?, ?it/s, loss=0.0020]
  Epoch  2/30:   0%|                                            | 0/58 [00:00<?, ?it/s, loss=0.0012]
  Epoch  2/30:   0%|                                            | 0/58 [00:00<?, ?it/s, loss=0.0014]
  Epoch  2/30:   0%|                                            | 0/58 [00:00<?, ?it/s, loss=0.0011]
  Epoch  2/30:   0%|                                            | 0/58 [00:00<?, ?it/s, loss=0.0019]
  Epoch  2/30:   0%|                                            | 0/58 [00:00<?, ?it/s, loss=0.0014]
  Epoch  2/30:  14%|████▉                               | 8/58 [00:00<00:00, 73.16it/s, loss=0.0014]
  Epoch  2/30:  14%|████▉                               | 8/58 [00:00<00:00, 73.16it/s, loss=0.0026]
  Epoch  2/30:  14%|████▉                               | 8/58 [00:00<00:00, 73.16it/s, loss=0.0006]
  Epoch  2/30:  14%|████▉                               | 8/58 [00:00<00:00, 73.16it/s, loss=0.0017]
  Epoch  2/30:  14%|████▉                               | 8/58 [00:00<00:00, 73.16it/s, loss=0.0024]
  Epoch  2/30:  14%|████▉                               | 8/58 [00:00<00:00, 73.16it/s, loss=0.0009]
  Epoch  2/30:  14%|████▉                               | 8/58 [00:00<00:00, 73.16it/s, loss=0.0006]
  Epoch  2/30:  14%|████▉                               | 8/58 [00:00<00:00, 73.16it/s, loss=0.0017]
  Epoch  2/30:  14%|████▉                               | 8/58 [00:00<00:00, 73.16it/s, loss=0.0009]
  Epoch  2/30:  28%|█████████▋                         | 16/58 [00:00<00:00, 73.87it/s, loss=0.0009]
  Epoch  2/30:  28%|█████████▋                         | 16/58 [00:00<00:00, 73.87it/s, loss=0.0011]
  Epoch  2/30:  28%|█████████▋                         | 16/58 [00:00<00:00, 73.87it/s, loss=0.0012]
  Epoch  2/30:  28%|█████████▋                         | 16/58 [00:00<00:00, 73.87it/s, loss=0.0009]
  Epoch  2/30:  28%|█████████▋                         | 16/58 [00:00<00:00, 73.87it/s, loss=0.0017]
  Epoch  2/30:  28%|█████████▋                         | 16/58 [00:00<00:00, 73.87it/s, loss=0.0006]
  Epoch  2/30:  28%|█████████▋                         | 16/58 [00:00<00:00, 73.87it/s, loss=0.0003]
  Epoch  2/30:  28%|█████████▋                         | 16/58 [00:00<00:00, 73.87it/s, loss=0.0040]
  Epoch  2/30:  28%|█████████▋                         | 16/58 [00:00<00:00, 73.87it/s, loss=0.0007]
  Epoch  2/30:  41%|██████████████▍                    | 24/58 [00:00<00:00, 71.69it/s, loss=0.0007]
  Epoch  2/30:  41%|██████████████▍                    | 24/58 [00:00<00:00, 71.69it/s, loss=0.0020]
  Epoch  2/30:  41%|██████████████▍                    | 24/58 [00:00<00:00, 71.69it/s, loss=0.0010]
  Epoch  2/30:  41%|██████████████▍                    | 24/58 [00:00<00:00, 71.69it/s, loss=0.0028]
  Epoch  2/30:  41%|██████████████▍                    | 24/58 [00:00<00:00, 71.69it/s, loss=0.0008]
  Epoch  2/30:  41%|██████████████▍                    | 24/58 [00:00<00:00, 71.69it/s, loss=0.0011]
  Epoch  2/30:  41%|██████████████▍                    | 24/58 [00:00<00:00, 71.69it/s, loss=0.0007]
  Epoch  2/30:  41%|██████████████▍                    | 24/58 [00:00<00:00, 71.69it/s, loss=0.0011]
  Epoch  2/30:  41%|██████████████▍                    | 24/58 [00:00<00:00, 71.69it/s, loss=0.0003]
  Epoch  2/30:  55%|███████████████████▎               | 32/58 [00:00<00:00, 73.07it/s, loss=0.0003]
  Epoch  2/30:  55%|███████████████████▎               | 32/58 [00:00<00:00, 73.07it/s, loss=0.0007]
  Epoch  2/30:  55%|███████████████████▎               | 32/58 [00:00<00:00, 73.07it/s, loss=0.0013]
  Epoch  2/30:  55%|███████████████████▎               | 32/58 [00:00<00:00, 73.07it/s, loss=0.0013]
  Epoch  2/30:  55%|███████████████████▎               | 32/58 [00:00<00:00, 73.07it/s, loss=0.0020]
  Epoch  2/30:  55%|███████████████████▎               | 32/58 [00:00<00:00, 73.07it/s, loss=0.0008]
  Epoch  2/30:  55%|███████████████████▎               | 32/58 [00:00<00:00, 73.07it/s, loss=0.0020]
  Epoch  2/30:  55%|███████████████████▎               | 32/58 [00:00<00:00, 73.07it/s, loss=0.0010]
  Epoch  2/30:  55%|███████████████████▎               | 32/58 [00:00<00:00, 73.07it/s, loss=0.0019]
  Epoch  2/30:  69%|████████████████████████▏          | 40/58 [00:00<00:00, 72.63it/s, loss=0.0019]
  Epoch  2/30:  69%|████████████████████████▏          | 40/58 [00:00<00:00, 72.63it/s, loss=0.0015]
  Epoch  2/30:  69%|████████████████████████▏          | 40/58 [00:00<00:00, 72.63it/s, loss=0.0012]
  Epoch  2/30:  69%|████████████████████████▏          | 40/58 [00:00<00:00, 72.63it/s, loss=0.0007]
  Epoch  2/30:  69%|████████████████████████▏          | 40/58 [00:00<00:00, 72.63it/s, loss=0.0007]
  Epoch  2/30:  69%|████████████████████████▏          | 40/58 [00:00<00:00, 72.63it/s, loss=0.0010]
  Epoch  2/30:  69%|████████████████████████▏          | 40/58 [00:00<00:00, 72.63it/s, loss=0.0011]
  Epoch  2/30:  69%|████████████████████████▏          | 40/58 [00:00<00:00, 72.63it/s, loss=0.0007]
  Epoch  2/30:  69%|████████████████████████▏          | 40/58 [00:00<00:00, 72.63it/s, loss=0.0022]
  Epoch  2/30:  83%|████████████████████████████▉      | 48/58 [00:00<00:00, 74.14it/s, loss=0.0022]
  Epoch  2/30:  83%|████████████████████████████▉      | 48/58 [00:00<00:00, 74.14it/s, loss=0.0015]
  Epoch  2/30:  83%|████████████████████████████▉      | 48/58 [00:00<00:00, 74.14it/s, loss=0.0003]
  Epoch  2/30:  83%|████████████████████████████▉      | 48/58 [00:00<00:00, 74.14it/s, loss=0.0006]
  Epoch  2/30:  83%|████████████████████████████▉      | 48/58 [00:00<00:00, 74.14it/s, loss=0.0014]
  Epoch  2/30:  83%|████████████████████████████▉      | 48/58 [00:00<00:00, 74.14it/s, loss=0.0009]
  Epoch  2/30:  83%|████████████████████████████▉      | 48/58 [00:00<00:00, 74.14it/s, loss=0.0017]
  Epoch  2/30:  83%|████████████████████████████▉      | 48/58 [00:00<00:00, 74.14it/s, loss=0.0004]
  Epoch  2/30:  83%|████████████████████████████▉      | 48/58 [00:00<00:00, 74.14it/s, loss=0.0005]
  Epoch  2/30:  97%|█████████████████████████████████▊ | 56/58 [00:00<00:00, 74.57it/s, loss=0.0005]
  Epoch  2/30:  97%|█████████████████████████████████▊ | 56/58 [00:00<00:00, 74.57it/s, loss=0.0011]
  Epoch  2/30:  97%|█████████████████████████████████▊ | 56/58 [00:00<00:00, 74.57it/s, loss=0.0095]
                                                                                                    

  Epoch  3/30:   0%|                                                         | 0/58 [00:00<?, ?it/s]
  Epoch  3/30:   0%|                                            | 0/58 [00:00<?, ?it/s, loss=0.0007]
  Epoch  3/30:   0%|                                            | 0/58 [00:00<?, ?it/s, loss=0.0010]
  Epoch  3/30:   0%|                                            | 0/58 [00:00<?, ?it/s, loss=0.0006]
  Epoch  3/30:   0%|                                            | 0/58 [00:00<?, ?it/s, loss=0.0009]
  Epoch  3/30:   0%|                                            | 0/58 [00:00<?, ?it/s, loss=0.0006]
  Epoch  3/30:   0%|                                            | 0/58 [00:00<?, ?it/s, loss=0.0013]
  Epoch  3/30:   0%|                                            | 0/58 [00:00<?, ?it/s, loss=0.0008]
  Epoch  3/30:  12%|████▎                               | 7/58 [00:00<00:00, 63.53it/s, loss=0.0008]
  Epoch  3/30:  12%|████▎                               | 7/58 [00:00<00:00, 63.53it/s, loss=0.0010]
  Epoch  3/30:  12%|████▎                               | 7/58 [00:00<00:00, 63.53it/s, loss=0.0007]
  Epoch  3/30:  12%|████▎                               | 7/58 [00:00<00:00, 63.53it/s, loss=0.0004]
  Epoch  3/30:  12%|████▎                               | 7/58 [00:00<00:00, 63.53it/s, loss=0.0009]
  Epoch  3/30:  12%|████▎                               | 7/58 [00:00<00:00, 63.53it/s, loss=0.0009]
  Epoch  3/30:  12%|████▎                               | 7/58 [00:00<00:00, 63.53it/s, loss=0.0012]
  Epoch  3/30:  12%|████▎                               | 7/58 [00:00<00:00, 63.53it/s, loss=0.0010]
  Epoch  3/30:  24%|████████▍                          | 14/58 [00:00<00:00, 62.47it/s, loss=0.0010]
  Epoch  3/30:  24%|████████▍                          | 14/58 [00:00<00:00, 62.47it/s, loss=0.0004]
  Epoch  3/30:  24%|████████▍                          | 14/58 [00:00<00:00, 62.47it/s, loss=0.0009]
  Epoch  3/30:  24%|████████▍                          | 14/58 [00:00<00:00, 62.47it/s, loss=0.0011]
  Epoch  3/30:  24%|████████▍                          | 14/58 [00:00<00:00, 62.47it/s, loss=0.0006]
  Epoch  3/30:  24%|████████▍                          | 14/58 [00:00<00:00, 62.47it/s, loss=0.0008]
  Epoch  3/30:  24%|████████▍                          | 14/58 [00:00<00:00, 62.47it/s, loss=0.0006]
  Epoch  3/30:  24%|████████▍                          | 14/58 [00:00<00:00, 62.47it/s, loss=0.0016]
  Epoch  3/30:  24%|████████▍                          | 14/58 [00:00<00:00, 62.47it/s, loss=0.0006]
  Epoch  3/30:  24%|████████▍                          | 14/58 [00:00<00:00, 62.47it/s, loss=0.0022]
  Epoch  3/30:  40%|█████████████▉                     | 23/58 [00:00<00:00, 71.55it/s, loss=0.0022]
  Epoch  3/30:  40%|█████████████▉                     | 23/58 [00:00<00:00, 71.55it/s, loss=0.0023]
  Epoch  3/30:  40%|█████████████▉                     | 23/58 [00:00<00:00, 71.55it/s, loss=0.0014]
  Epoch  3/30:  40%|█████████████▉                     | 23/58 [00:00<00:00, 71.55it/s, loss=0.0015]
  Epoch  3/30:  40%|█████████████▉                     | 23/58 [00:00<00:00, 71.55it/s, loss=0.0007]
  Epoch  3/30:  40%|█████████████▉                     | 23/58 [00:00<00:00, 71.55it/s, loss=0.0015]
  Epoch  3/30:  40%|█████████████▉                     | 23/58 [00:00<00:00, 71.55it/s, loss=0.0018]
  Epoch  3/30:  40%|█████████████▉                     | 23/58 [00:00<00:00, 71.55it/s, loss=0.0016]
  Epoch  3/30:  40%|█████████████▉                     | 23/58 [00:00<00:00, 71.55it/s, loss=0.0006]
  Epoch  3/30:  53%|██████████████████▋                | 31/58 [00:00<00:00, 73.30it/s, loss=0.0006]
  Epoch  3/30:  53%|██████████████████▋                | 31/58 [00:00<00:00, 73.30it/s, loss=0.0010]
  Epoch  3/30:  53%|██████████████████▋                | 31/58 [00:00<00:00, 73.30it/s, loss=0.0007]
  Epoch  3/30:  53%|██████████████████▋                | 31/58 [00:00<00:00, 73.30it/s, loss=0.0010]
  Epoch  3/30:  53%|██████████████████▋                | 31/58 [00:00<00:00, 73.30it/s, loss=0.0004]
  Epoch  3/30:  53%|██████████████████▋                | 31/58 [00:00<00:00, 73.30it/s, loss=0.0011]
  Epoch  3/30:  53%|██████████████████▋                | 31/58 [00:00<00:00, 73.30it/s, loss=0.0022]
  Epoch  3/30:  53%|██████████████████▋                | 31/58 [00:00<00:00, 73.30it/s, loss=0.0010]
  Epoch  3/30:  53%|██████████████████▋                | 31/58 [00:00<00:00, 73.30it/s, loss=0.0008]
  Epoch  3/30:  67%|███████████████████████▌           | 39/58 [00:00<00:00, 71.82it/s, loss=0.0008]
  Epoch  3/30:  67%|███████████████████████▌           | 39/58 [00:00<00:00, 71.82it/s, loss=0.0023]
  Epoch  3/30:  67%|███████████████████████▌           | 39/58 [00:00<00:00, 71.82it/s, loss=0.0023]
  Epoch  3/30:  67%|███████████████████████▌           | 39/58 [00:00<00:00, 71.82it/s, loss=0.0030]
  Epoch  3/30:  67%|███████████████████████▌           | 39/58 [00:00<00:00, 71.82it/s, loss=0.0010]
  Epoch  3/30:  67%|███████████████████████▌           | 39/58 [00:00<00:00, 71.82it/s, loss=0.0008]
  Epoch  3/30:  67%|███████████████████████▌           | 39/58 [00:00<00:00, 71.82it/s, loss=0.0012]
  Epoch  3/30:  67%|███████████████████████▌           | 39/58 [00:00<00:00, 71.82it/s, loss=0.0006]
  Epoch  3/30:  67%|███████████████████████▌           | 39/58 [00:00<00:00, 71.82it/s, loss=0.0027]
  Epoch  3/30:  81%|████████████████████████████▎      | 47/58 [00:00<00:00, 73.13it/s, loss=0.0027]
  Epoch  3/30:  81%|████████████████████████████▎      | 47/58 [00:00<00:00, 73.13it/s, loss=0.0006]
  Epoch  3/30:  81%|████████████████████████████▎      | 47/58 [00:00<00:00, 73.13it/s, loss=0.0013]
  Epoch  3/30:  81%|████████████████████████████▎      | 47/58 [00:00<00:00, 73.13it/s, loss=0.0011]
  Epoch  3/30:  81%|████████████████████████████▎      | 47/58 [00:00<00:00, 73.13it/s, loss=0.0011]
  Epoch  3/30:  81%|████████████████████████████▎      | 47/58 [00:00<00:00, 73.13it/s, loss=0.0013]
  Epoch  3/30:  81%|████████████████████████████▎      | 47/58 [00:00<00:00, 73.13it/s, loss=0.0005]
  Epoch  3/30:  81%|████████████████████████████▎      | 47/58 [00:00<00:00, 73.13it/s, loss=0.0006]
  Epoch  3/30:  81%|████████████████████████████▎      | 47/58 [00:00<00:00, 73.13it/s, loss=0.0007]
  Epoch  3/30:  95%|█████████████████████████████████▏ | 55/58 [00:00<00:00, 74.07it/s, loss=0.0007]
  Epoch  3/30:  95%|█████████████████████████████████▏ | 55/58 [00:00<00:00, 74.07it/s, loss=0.0007]
  Epoch  3/30:  95%|█████████████████████████████████▏ | 55/58 [00:00<00:00, 74.07it/s, loss=0.0011]
  Epoch  3/30:  95%|█████████████████████████████████▏ | 55/58 [00:00<00:00, 74.07it/s, loss=0.0001]
                                                                                                    

  Epoch  4/30:   0%|                                                         | 0/58 [00:00<?, ?it/s]
  Epoch  4/30:   0%|                                            | 0/58 [00:00<?, ?it/s, loss=0.0014]
  Epoch  4/30:   0%|                                            | 0/58 [00:00<?, ?it/s, loss=0.0013]
  Epoch  4/30:   0%|                                            | 0/58 [00:00<?, ?it/s, loss=0.0010]
  Epoch  4/30:   0%|                                            | 0/58 [00:00<?, ?it/s, loss=0.0015]
  Epoch  4/30:   0%|                                            | 0/58 [00:00<?, ?it/s, loss=0.0009]
  Epoch  4/30:   0%|                                            | 0/58 [00:00<?, ?it/s, loss=0.0008]
  Epoch  4/30:   0%|                                            | 0/58 [00:00<?, ?it/s, loss=0.0010]
  Epoch  4/30:  12%|████▎                               | 7/58 [00:00<00:00, 68.98it/s, loss=0.0010]
  Epoch  4/30:  12%|████▎                               | 7/58 [00:00<00:00, 68.98it/s, loss=0.0016]
  Epoch  4/30:  12%|████▎                               | 7/58 [00:00<00:00, 68.98it/s, loss=0.0018]
  Epoch  4/30:  12%|████▎                               | 7/58 [00:00<00:00, 68.98it/s, loss=0.0020]
  Epoch  4/30:  12%|████▎                               | 7/58 [00:00<00:00, 68.98it/s, loss=0.0006]
  Epoch  4/30:  12%|████▎                               | 7/58 [00:00<00:00, 68.98it/s, loss=0.0016]
  Epoch  4/30:  12%|████▎                               | 7/58 [00:00<00:00, 68.98it/s, loss=0.0011]
  Epoch  4/30:  12%|████▎                               | 7/58 [00:00<00:00, 68.98it/s, loss=0.0016]
  Epoch  4/30:  12%|████▎                               | 7/58 [00:00<00:00, 68.98it/s, loss=0.0012]
  Epoch  4/30:  26%|█████████                          | 15/58 [00:00<00:00, 72.65it/s, loss=0.0012]
  Epoch  4/30:  26%|█████████                          | 15/58 [00:00<00:00, 72.65it/s, loss=0.0010]
  Epoch  4/30:  26%|█████████                          | 15/58 [00:00<00:00, 72.65it/s, loss=0.0004]
  Epoch  4/30:  26%|█████████                          | 15/58 [00:00<00:00, 72.65it/s, loss=0.0006]
  Epoch  4/30:  26%|█████████                          | 15/58 [00:00<00:00, 72.65it/s, loss=0.0016]
  Epoch  4/30:  26%|█████████                          | 15/58 [00:00<00:00, 72.65it/s, loss=0.0005]
  Epoch  4/30:  26%|█████████                          | 15/58 [00:00<00:00, 72.65it/s, loss=0.0005]
  Epoch  4/30:  26%|█████████                          | 15/58 [00:00<00:00, 72.65it/s, loss=0.0006]
  Epoch  4/30:  26%|█████████                          | 15/58 [00:00<00:00, 72.65it/s, loss=0.0004]
  Epoch  4/30:  40%|█████████████▉                     | 23/58 [00:00<00:00, 75.58it/s, loss=0.0004]
  Epoch  4/30:  40%|█████████████▉                     | 23/58 [00:00<00:00, 75.58it/s, loss=0.0005]
  Epoch  4/30:  40%|█████████████▉                     | 23/58 [00:00<00:00, 75.58it/s, loss=0.0014]
  Epoch  4/30:  40%|█████████████▉                     | 23/58 [00:00<00:00, 75.58it/s, loss=0.0015]
  Epoch  4/30:  40%|█████████████▉                     | 23/58 [00:00<00:00, 75.58it/s, loss=0.0008]
  Epoch  4/30:  40%|█████████████▉                     | 23/58 [00:00<00:00, 75.58it/s, loss=0.0007]
  Epoch  4/30:  40%|█████████████▉                     | 23/58 [00:00<00:00, 75.58it/s, loss=0.0017]
  Epoch  4/30:  40%|█████████████▉                     | 23/58 [00:00<00:00, 75.58it/s, loss=0.0004]
  Epoch  4/30:  40%|█████████████▉                     | 23/58 [00:00<00:00, 75.58it/s, loss=0.0005]
  Epoch  4/30:  53%|██████████████████▋                | 31/58 [00:00<00:00, 76.62it/s, loss=0.0005]
  Epoch  4/30:  53%|██████████████████▋                | 31/58 [00:00<00:00, 76.62it/s, loss=0.0020]
  Epoch  4/30:  53%|██████████████████▋                | 31/58 [00:00<00:00, 76.62it/s, loss=0.0010]
  Epoch  4/30:  53%|██████████████████▋                | 31/58 [00:00<00:00, 76.62it/s, loss=0.0004]
  Epoch  4/30:  53%|██████████████████▋                | 31/58 [00:00<00:00, 76.62it/s, loss=0.0018]
  Epoch  4/30:  53%|██████████████████▋                | 31/58 [00:00<00:00, 76.62it/s, loss=0.0005]
  Epoch  4/30:  53%|██████████████████▋                | 31/58 [00:00<00:00, 76.62it/s, loss=0.0020]
  Epoch  4/30:  53%|██████████████████▋                | 31/58 [00:00<00:00, 76.62it/s, loss=0.0008]
  Epoch  4/30:  53%|██████████████████▋                | 31/58 [00:00<00:00, 76.62it/s, loss=0.0010]
  Epoch  4/30:  67%|███████████████████████▌           | 39/58 [00:00<00:00, 76.64it/s, loss=0.0010]
  Epoch  4/30:  67%|███████████████████████▌           | 39/58 [00:00<00:00, 76.64it/s, loss=0.0010]
  Epoch  4/30:  67%|███████████████████████▌           | 39/58 [00:00<00:00, 76.64it/s, loss=0.0006]
  Epoch  4/30:  67%|███████████████████████▌           | 39/58 [00:00<00:00, 76.64it/s, loss=0.0015]
  Epoch  4/30:  67%|███████████████████████▌           | 39/58 [00:00<00:00, 76.64it/s, loss=0.0005]
  Epoch  4/30:  67%|███████████████████████▌           | 39/58 [00:00<00:00, 76.64it/s, loss=0.0006]
  Epoch  4/30:  67%|███████████████████████▌           | 39/58 [00:00<00:00, 76.64it/s, loss=0.0014]
  Epoch  4/30:  67%|███████████████████████▌           | 39/58 [00:00<00:00, 76.64it/s, loss=0.0005]
  Epoch  4/30:  67%|███████████████████████▌           | 39/58 [00:00<00:00, 76.64it/s, loss=0.0006]
  Epoch  4/30:  81%|████████████████████████████▎      | 47/58 [00:00<00:00, 76.77it/s, loss=0.0006]
  Epoch  4/30:  81%|████████████████████████████▎      | 47/58 [00:00<00:00, 76.77it/s, loss=0.0007]
  Epoch  4/30:  81%|████████████████████████████▎      | 47/58 [00:00<00:00, 76.77it/s, loss=0.0012]
  Epoch  4/30:  81%|████████████████████████████▎      | 47/58 [00:00<00:00, 76.77it/s, loss=0.0007]
  Epoch  4/30:  81%|████████████████████████████▎      | 47/58 [00:00<00:00, 76.77it/s, loss=0.0006]
  Epoch  4/30:  81%|████████████████████████████▎      | 47/58 [00:00<00:00, 76.77it/s, loss=0.0007]
  Epoch  4/30:  81%|████████████████████████████▎      | 47/58 [00:00<00:00, 76.77it/s, loss=0.0009]
  Epoch  4/30:  81%|████████████████████████████▎      | 47/58 [00:00<00:00, 76.77it/s, loss=0.0010]
  Epoch  4/30:  81%|████████████████████████████▎      | 47/58 [00:00<00:00, 76.77it/s, loss=0.0009]
  Epoch  4/30:  95%|█████████████████████████████████▏ | 55/58 [00:00<00:00, 67.03it/s, loss=0.0009]
  Epoch  4/30:  95%|█████████████████████████████████▏ | 55/58 [00:00<00:00, 67.03it/s, loss=0.0013]
  Epoch  4/30:  95%|█████████████████████████████████▏ | 55/58 [00:00<00:00, 67.03it/s, loss=0.0008]
  Epoch  4/30:  95%|█████████████████████████████████▏ | 55/58 [00:00<00:00, 67.03it/s, loss=0.0037]
                                                                                                    

  Epoch  5/30:   0%|                                                         | 0/58 [00:00<?, ?it/s]
  Epoch  5/30:   0%|                                            | 0/58 [00:00<?, ?it/s, loss=0.0013]
  Epoch  5/30:   0%|                                            | 0/58 [00:00<?, ?it/s, loss=0.0009]
  Epoch  5/30:   0%|                                            | 0/58 [00:00<?, ?it/s, loss=0.0007]
  Epoch  5/30:   0%|                                            | 0/58 [00:00<?, ?it/s, loss=0.0023]
  Epoch  5/30:   0%|                                            | 0/58 [00:00<?, ?it/s, loss=0.0009]
  Epoch  5/30:   0%|                                            | 0/58 [00:00<?, ?it/s, loss=0.0007]
  Epoch  5/30:   0%|                                            | 0/58 [00:00<?, ?it/s, loss=0.0007]
  Epoch  5/30:   0%|                                            | 0/58 [00:00<?, ?it/s, loss=0.0008]
  Epoch  5/30:   0%|                                            | 0/58 [00:00<?, ?it/s, loss=0.0006]
  Epoch  5/30:  16%|█████▌                              | 9/58 [00:00<00:00, 88.84it/s, loss=0.0006]
  Epoch  5/30:  16%|█████▌                              | 9/58 [00:00<00:00, 88.84it/s, loss=0.0007]
  Epoch  5/30:  16%|█████▌                              | 9/58 [00:00<00:00, 88.84it/s, loss=0.0010]
  Epoch  5/30:  16%|█████▌                              | 9/58 [00:00<00:00, 88.84it/s, loss=0.0005]
  Epoch  5/30:  16%|█████▌                              | 9/58 [00:00<00:00, 88.84it/s, loss=0.0004]
  Epoch  5/30:  16%|█████▌                              | 9/58 [00:00<00:00, 88.84it/s, loss=0.0008]
  Epoch  5/30:  16%|█████▌                              | 9/58 [00:00<00:00, 88.84it/s, loss=0.0011]
  Epoch  5/30:  16%|█████▌                              | 9/58 [00:00<00:00, 88.84it/s, loss=0.0009]
  Epoch  5/30:  16%|█████▌                              | 9/58 [00:00<00:00, 88.84it/s, loss=0.0007]
  Epoch  5/30:  16%|█████▌                              | 9/58 [00:00<00:00, 88.84it/s, loss=0.0009]
  Epoch  5/30:  31%|██████████▊                        | 18/58 [00:00<00:00, 79.33it/s, loss=0.0009]
  Epoch  5/30:  31%|██████████▊                        | 18/58 [00:00<00:00, 79.33it/s, loss=0.0013]
  Epoch  5/30:  31%|██████████▊                        | 18/58 [00:00<00:00, 79.33it/s, loss=0.0010]
  Epoch  5/30:  31%|██████████▊                        | 18/58 [00:00<00:00, 79.33it/s, loss=0.0013]
  Epoch  5/30:  31%|██████████▊                        | 18/58 [00:00<00:00, 79.33it/s, loss=0.0010]
  Epoch  5/30:  31%|██████████▊                        | 18/58 [00:00<00:00, 79.33it/s, loss=0.0006]
  Epoch  5/30:  31%|██████████▊                        | 18/58 [00:00<00:00, 79.33it/s, loss=0.0006]
  Epoch  5/30:  31%|██████████▊                        | 18/58 [00:00<00:00, 79.33it/s, loss=0.0008]
  Epoch  5/30:  31%|██████████▊                        | 18/58 [00:00<00:00, 79.33it/s, loss=0.0004]
  Epoch  5/30:  45%|███████████████▋                   | 26/58 [00:00<00:00, 77.96it/s, loss=0.0004]
  Epoch  5/30:  45%|███████████████▋                   | 26/58 [00:00<00:00, 77.96it/s, loss=0.0019]
  Epoch  5/30:  45%|███████████████▋                   | 26/58 [00:00<00:00, 77.96it/s, loss=0.0020]
  Epoch  5/30:  45%|███████████████▋                   | 26/58 [00:00<00:00, 77.96it/s, loss=0.0006]
  Epoch  5/30:  45%|███████████████▋                   | 26/58 [00:00<00:00, 77.96it/s, loss=0.0005]
  Epoch  5/30:  45%|███████████████▋                   | 26/58 [00:00<00:00, 77.96it/s, loss=0.0026]
  Epoch  5/30:  45%|███████████████▋                   | 26/58 [00:00<00:00, 77.96it/s, loss=0.0005]
  Epoch  5/30:  45%|███████████████▋                   | 26/58 [00:00<00:00, 77.96it/s, loss=0.0016]
  Epoch  5/30:  45%|███████████████▋                   | 26/58 [00:00<00:00, 77.96it/s, loss=0.0004]
  Epoch  5/30:  59%|████████████████████▌              | 34/58 [00:00<00:00, 77.07it/s, loss=0.0004]
  Epoch  5/30:  59%|████████████████████▌              | 34/58 [00:00<00:00, 77.07it/s, loss=0.0011]
  Epoch  5/30:  59%|████████████████████▌              | 34/58 [00:00<00:00, 77.07it/s, loss=0.0011]
  Epoch  5/30:  59%|████████████████████▌              | 34/58 [00:00<00:00, 77.07it/s, loss=0.0010]
  Epoch  5/30:  59%|████████████████████▌              | 34/58 [00:00<00:00, 77.07it/s, loss=0.0011]
  Epoch  5/30:  59%|████████████████████▌              | 34/58 [00:00<00:00, 77.07it/s, loss=0.0011]
  Epoch  5/30:  59%|████████████████████▌              | 34/58 [00:00<00:00, 77.07it/s, loss=0.0006]
  Epoch  5/30:  59%|████████████████████▌              | 34/58 [00:00<00:00, 77.07it/s, loss=0.0009]
  Epoch  5/30:  59%|████████████████████▌              | 34/58 [00:00<00:00, 77.07it/s, loss=0.0007]
  Epoch  5/30:  72%|█████████████████████████▎         | 42/58 [00:00<00:00, 75.53it/s, loss=0.0007]
  Epoch  5/30:  72%|█████████████████████████▎         | 42/58 [00:00<00:00, 75.53it/s, loss=0.0008]
  Epoch  5/30:  72%|█████████████████████████▎         | 42/58 [00:00<00:00, 75.53it/s, loss=0.0008]
  Epoch  5/30:  72%|█████████████████████████▎         | 42/58 [00:00<00:00, 75.53it/s, loss=0.0005]
  Epoch  5/30:  72%|█████████████████████████▎         | 42/58 [00:00<00:00, 75.53it/s, loss=0.0024]
  Epoch  5/30:  72%|█████████████████████████▎         | 42/58 [00:00<00:00, 75.53it/s, loss=0.0010]
  Epoch  5/30:  72%|█████████████████████████▎         | 42/58 [00:00<00:00, 75.53it/s, loss=0.0014]
  Epoch  5/30:  72%|█████████████████████████▎         | 42/58 [00:00<00:00, 75.53it/s, loss=0.0007]
  Epoch  5/30:  72%|█████████████████████████▎         | 42/58 [00:00<00:00, 75.53it/s, loss=0.0006]
  Epoch  5/30:  86%|██████████████████████████████▏    | 50/58 [00:00<00:00, 76.77it/s, loss=0.0006]
  Epoch  5/30:  86%|██████████████████████████████▏    | 50/58 [00:00<00:00, 76.77it/s, loss=0.0006]
  Epoch  5/30:  86%|██████████████████████████████▏    | 50/58 [00:00<00:00, 76.77it/s, loss=0.0005]
  Epoch  5/30:  86%|██████████████████████████████▏    | 50/58 [00:00<00:00, 76.77it/s, loss=0.0007]
  Epoch  5/30:  86%|██████████████████████████████▏    | 50/58 [00:00<00:00, 76.77it/s, loss=0.0011]
  Epoch  5/30:  86%|██████████████████████████████▏    | 50/58 [00:00<00:00, 76.77it/s, loss=0.0007]
  Epoch  5/30:  86%|██████████████████████████████▏    | 50/58 [00:00<00:00, 76.77it/s, loss=0.0011]
  Epoch  5/30:  86%|██████████████████████████████▏    | 50/58 [00:00<00:00, 76.77it/s, loss=0.0014]
  Epoch  5/30:  86%|██████████████████████████████▏    | 50/58 [00:00<00:00, 76.77it/s, loss=0.0001]
  Epoch  5/30: 100%|███████████████████████████████████| 58/58 [00:00<00:00, 76.50it/s, loss=0.0001]
                                                                                                    
  Epoch  5/30 │ Loss: 0.0009 │ T+1: 0.7854 │ T+2: 0.4978 │ T+3: 0.4259 ★ NEW BEST

  Epoch  6/30:   0%|                                                         | 0/58 [00:00<?, ?it/s]
  Epoch  6/30:   0%|                                            | 0/58 [00:00<?, ?it/s, loss=0.0008]
  Epoch  6/30:   0%|                                            | 0/58 [00:00<?, ?it/s, loss=0.0008]
  Epoch  6/30:   0%|                                            | 0/58 [00:00<?, ?it/s, loss=0.0003]
  Epoch  6/30:   0%|                                            | 0/58 [00:00<?, ?it/s, loss=0.0012]
  Epoch  6/30:   0%|                                            | 0/58 [00:00<?, ?it/s, loss=0.0007]
  Epoch  6/30:   0%|                                            | 0/58 [00:00<?, ?it/s, loss=0.0011]
  Epoch  6/30:   0%|                                            | 0/58 [00:00<?, ?it/s, loss=0.0003]
  Epoch  6/30:  12%|████▎                               | 7/58 [00:00<00:00, 68.75it/s, loss=0.0003]
  Epoch  6/30:  12%|████▎                               | 7/58 [00:00<00:00, 68.75it/s, loss=0.0011]
  Epoch  6/30:  12%|████▎                               | 7/58 [00:00<00:00, 68.75it/s, loss=0.0008]
  Epoch  6/30:  12%|████▎                               | 7/58 [00:00<00:00, 68.75it/s, loss=0.0002]
  Epoch  6/30:  12%|████▎                               | 7/58 [00:00<00:00, 68.75it/s, loss=0.0007]
  Epoch  6/30:  12%|████▎                               | 7/58 [00:00<00:00, 68.75it/s, loss=0.0007]
  Epoch  6/30:  12%|████▎                               | 7/58 [00:00<00:00, 68.75it/s, loss=0.0017]
  Epoch  6/30:  12%|████▎                               | 7/58 [00:00<00:00, 68.75it/s, loss=0.0010]
  Epoch  6/30:  12%|████▎                               | 7/58 [00:00<00:00, 68.75it/s, loss=0.0030]
  Epoch  6/30:  26%|█████████                          | 15/58 [00:00<00:00, 72.00it/s, loss=0.0030]
  Epoch  6/30:  26%|█████████                          | 15/58 [00:00<00:00, 72.00it/s, loss=0.0005]
  Epoch  6/30:  26%|█████████                          | 15/58 [00:00<00:00, 72.00it/s, loss=0.0016]
  Epoch  6/30:  26%|█████████                          | 15/58 [00:00<00:00, 72.00it/s, loss=0.0004]
  Epoch  6/30:  26%|█████████                          | 15/58 [00:00<00:00, 72.00it/s, loss=0.0008]
  Epoch  6/30:  26%|█████████                          | 15/58 [00:00<00:00, 72.00it/s, loss=0.0008]
  Epoch  6/30:  26%|█████████                          | 15/58 [00:00<00:00, 72.00it/s, loss=0.0006]
  Epoch  6/30:  26%|█████████                          | 15/58 [00:00<00:00, 72.00it/s, loss=0.0014]
  Epoch  6/30:  26%|█████████                          | 15/58 [00:00<00:00, 72.00it/s, loss=0.0005]
  Epoch  6/30:  26%|█████████                          | 15/58 [00:00<00:00, 72.00it/s, loss=0.0006]
  Epoch  6/30:  41%|██████████████▍                    | 24/58 [00:00<00:00, 74.24it/s, loss=0.0006]
  Epoch  6/30:  41%|██████████████▍                    | 24/58 [00:00<00:00, 74.24it/s, loss=0.0010]
  Epoch  6/30:  41%|██████████████▍                    | 24/58 [00:00<00:00, 74.24it/s, loss=0.0010]
  Epoch  6/30:  41%|██████████████▍                    | 24/58 [00:00<00:00, 74.24it/s, loss=0.0012]
  Epoch  6/30:  41%|██████████████▍                    | 24/58 [00:00<00:00, 74.24it/s, loss=0.0006]
  Epoch  6/30:  41%|██████████████▍                    | 24/58 [00:00<00:00, 74.24it/s, loss=0.0008]
  Epoch  6/30:  41%|██████████████▍                    | 24/58 [00:00<00:00, 74.24it/s, loss=0.0007]
  Epoch  6/30:  41%|██████████████▍                    | 24/58 [00:00<00:00, 74.24it/s, loss=0.0020]
  Epoch  6/30:  41%|██████████████▍                    | 24/58 [00:00<00:00, 74.24it/s, loss=0.0007]
  Epoch  6/30:  41%|██████████████▍                    | 24/58 [00:00<00:00, 74.24it/s, loss=0.0018]
  Epoch  6/30:  57%|███████████████████▉               | 33/58 [00:00<00:00, 76.97it/s, loss=0.0018]
  Epoch  6/30:  57%|███████████████████▉               | 33/58 [00:00<00:00, 76.97it/s, loss=0.0005]
  Epoch  6/30:  57%|███████████████████▉               | 33/58 [00:00<00:00, 76.97it/s, loss=0.0004]
  Epoch  6/30:  57%|███████████████████▉               | 33/58 [00:00<00:00, 76.97it/s, loss=0.0004]
  Epoch  6/30:  57%|███████████████████▉               | 33/58 [00:00<00:00, 76.97it/s, loss=0.0006]
  Epoch  6/30:  57%|███████████████████▉               | 33/58 [00:00<00:00, 76.97it/s, loss=0.0006]
  Epoch  6/30:  57%|███████████████████▉               | 33/58 [00:00<00:00, 76.97it/s, loss=0.0009]
  Epoch  6/30:  57%|███████████████████▉               | 33/58 [00:00<00:00, 76.97it/s, loss=0.0007]
  Epoch  6/30:  57%|███████████████████▉               | 33/58 [00:00<00:00, 76.97it/s, loss=0.0003]
  Epoch  6/30:  71%|████████████████████████▋          | 41/58 [00:00<00:00, 76.69it/s, loss=0.0003]
  Epoch  6/30:  71%|████████████████████████▋          | 41/58 [00:00<00:00, 76.69it/s, loss=0.0003]
  Epoch  6/30:  71%|████████████████████████▋          | 41/58 [00:00<00:00, 76.69it/s, loss=0.0012]
  Epoch  6/30:  71%|████████████████████████▋          | 41/58 [00:00<00:00, 76.69it/s, loss=0.0007]
  Epoch  6/30:  71%|████████████████████████▋          | 41/58 [00:00<00:00, 76.69it/s, loss=0.0016]
  Epoch  6/30:  71%|████████████████████████▋          | 41/58 [00:00<00:00, 76.69it/s, loss=0.0009]
  Epoch  6/30:  71%|████████████████████████▋          | 41/58 [00:00<00:00, 76.69it/s, loss=0.0011]
  Epoch  6/30:  71%|████████████████████████▋          | 41/58 [00:00<00:00, 76.69it/s, loss=0.0010]
  Epoch  6/30:  71%|████████████████████████▋          | 41/58 [00:00<00:00, 76.69it/s, loss=0.0007]
  Epoch  6/30:  84%|█████████████████████████████▌     | 49/58 [00:00<00:00, 76.98it/s, loss=0.0007]
  Epoch  6/30:  84%|█████████████████████████████▌     | 49/58 [00:00<00:00, 76.98it/s, loss=0.0021]
  Epoch  6/30:  84%|█████████████████████████████▌     | 49/58 [00:00<00:00, 76.98it/s, loss=0.0004]
  Epoch  6/30:  84%|█████████████████████████████▌     | 49/58 [00:00<00:00, 76.98it/s, loss=0.0010]
  Epoch  6/30:  84%|█████████████████████████████▌     | 49/58 [00:00<00:00, 76.98it/s, loss=0.0018]
  Epoch  6/30:  84%|█████████████████████████████▌     | 49/58 [00:00<00:00, 76.98it/s, loss=0.0014]
  Epoch  6/30:  84%|█████████████████████████████▌     | 49/58 [00:00<00:00, 76.98it/s, loss=0.0007]
  Epoch  6/30:  84%|█████████████████████████████▌     | 49/58 [00:00<00:00, 76.98it/s, loss=0.0007]
  Epoch  6/30:  84%|█████████████████████████████▌     | 49/58 [00:00<00:00, 76.98it/s, loss=0.0014]
  Epoch  6/30:  98%|██████████████████████████████████▍| 57/58 [00:00<00:00, 57.47it/s, loss=0.0014]
  Epoch  6/30:  98%|██████████████████████████████████▍| 57/58 [00:00<00:00, 57.47it/s, loss=0.0007]
                                                                                                    

  Epoch  7/30:   0%|                                                         | 0/58 [00:00<?, ?it/s]
  Epoch  7/30:   0%|                                            | 0/58 [00:00<?, ?it/s, loss=0.0006]
  Epoch  7/30:   0%|                                            | 0/58 [00:00<?, ?it/s, loss=0.0013]
  Epoch  7/30:   0%|                                            | 0/58 [00:00<?, ?it/s, loss=0.0003]
  Epoch  7/30:   0%|                                            | 0/58 [00:00<?, ?it/s, loss=0.0011]
  Epoch  7/30:   0%|                                            | 0/58 [00:00<?, ?it/s, loss=0.0002]
  Epoch  7/30:   0%|                                            | 0/58 [00:00<?, ?it/s, loss=0.0011]
  Epoch  7/30:   0%|                                            | 0/58 [00:00<?, ?it/s, loss=0.0010]
  Epoch  7/30:   0%|                                            | 0/58 [00:00<?, ?it/s, loss=0.0012]
  Epoch  7/30:  14%|████▉                               | 8/58 [00:00<00:00, 71.42it/s, loss=0.0012]
  Epoch  7/30:  14%|████▉                               | 8/58 [00:00<00:00, 71.42it/s, loss=0.0010]
  Epoch  7/30:  14%|████▉                               | 8/58 [00:00<00:00, 71.42it/s, loss=0.0008]
  Epoch  7/30:  14%|████▉                               | 8/58 [00:00<00:00, 71.42it/s, loss=0.0005]
  Epoch  7/30:  14%|████▉                               | 8/58 [00:00<00:00, 71.42it/s, loss=0.0005]
  Epoch  7/30:  14%|████▉                               | 8/58 [00:00<00:00, 71.42it/s, loss=0.0004]
  Epoch  7/30:  14%|████▉                               | 8/58 [00:00<00:00, 71.42it/s, loss=0.0007]
  Epoch  7/30:  14%|████▉                               | 8/58 [00:00<00:00, 71.42it/s, loss=0.0017]
  Epoch  7/30:  14%|████▉                               | 8/58 [00:00<00:00, 71.42it/s, loss=0.0023]
  Epoch  7/30:  28%|█████████▋                         | 16/58 [00:00<00:00, 71.60it/s, loss=0.0023]
  Epoch  7/30:  28%|█████████▋                         | 16/58 [00:00<00:00, 71.60it/s, loss=0.0005]
  Epoch  7/30:  28%|█████████▋                         | 16/58 [00:00<00:00, 71.60it/s, loss=0.0010]
  Epoch  7/30:  28%|█████████▋                         | 16/58 [00:00<00:00, 71.60it/s, loss=0.0007]
  Epoch  7/30:  28%|█████████▋                         | 16/58 [00:00<00:00, 71.60it/s, loss=0.0007]
  Epoch  7/30:  28%|█████████▋                         | 16/58 [00:00<00:00, 71.60it/s, loss=0.0007]
  Epoch  7/30:  28%|█████████▋                         | 16/58 [00:00<00:00, 71.60it/s, loss=0.0005]
  Epoch  7/30:  28%|█████████▋                         | 16/58 [00:00<00:00, 71.60it/s, loss=0.0007]
  Epoch  7/30:  28%|█████████▋                         | 16/58 [00:00<00:00, 71.60it/s, loss=0.0003]
  Epoch  7/30:  41%|██████████████▍                    | 24/58 [00:00<00:00, 72.32it/s, loss=0.0003]
  Epoch  7/30:  41%|██████████████▍                    | 24/58 [00:00<00:00, 72.32it/s, loss=0.0005]
  Epoch  7/30:  41%|██████████████▍                    | 24/58 [00:00<00:00, 72.32it/s, loss=0.0004]
  Epoch  7/30:  41%|██████████████▍                    | 24/58 [00:00<00:00, 72.32it/s, loss=0.0010]
  Epoch  7/30:  41%|██████████████▍                    | 24/58 [00:00<00:00, 72.32it/s, loss=0.0026]
  Epoch  7/30:  41%|██████████████▍                    | 24/58 [00:00<00:00, 72.32it/s, loss=0.0006]
  Epoch  7/30:  41%|██████████████▍                    | 24/58 [00:00<00:00, 72.32it/s, loss=0.0008]
  Epoch  7/30:  41%|██████████████▍                    | 24/58 [00:00<00:00, 72.32it/s, loss=0.0004]
  Epoch  7/30:  41%|██████████████▍                    | 24/58 [00:00<00:00, 72.32it/s, loss=0.0013]
  Epoch  7/30:  55%|███████████████████▎               | 32/58 [00:00<00:00, 71.76it/s, loss=0.0013]
  Epoch  7/30:  55%|███████████████████▎               | 32/58 [00:00<00:00, 71.76it/s, loss=0.0023]
  Epoch  7/30:  55%|███████████████████▎               | 32/58 [00:00<00:00, 71.76it/s, loss=0.0016]
  Epoch  7/30:  55%|███████████████████▎               | 32/58 [00:00<00:00, 71.76it/s, loss=0.0008]
  Epoch  7/30:  55%|███████████████████▎               | 32/58 [00:00<00:00, 71.76it/s, loss=0.0007]
  Epoch  7/30:  55%|███████████████████▎               | 32/58 [00:00<00:00, 71.76it/s, loss=0.0006]
  Epoch  7/30:  55%|███████████████████▎               | 32/58 [00:00<00:00, 71.76it/s, loss=0.0003]
  Epoch  7/30:  55%|███████████████████▎               | 32/58 [00:00<00:00, 71.76it/s, loss=0.0010]
  Epoch  7/30:  55%|███████████████████▎               | 32/58 [00:00<00:00, 71.76it/s, loss=0.0008]
  Epoch  7/30:  69%|████████████████████████▏          | 40/58 [00:00<00:00, 71.82it/s, loss=0.0008]
  Epoch  7/30:  69%|████████████████████████▏          | 40/58 [00:00<00:00, 71.82it/s, loss=0.0006]
  Epoch  7/30:  69%|████████████████████████▏          | 40/58 [00:00<00:00, 71.82it/s, loss=0.0008]
  Epoch  7/30:  69%|████████████████████████▏          | 40/58 [00:00<00:00, 71.82it/s, loss=0.0007]
  Epoch  7/30:  69%|████████████████████████▏          | 40/58 [00:00<00:00, 71.82it/s, loss=0.0006]
  Epoch  7/30:  69%|████████████████████████▏          | 40/58 [00:00<00:00, 71.82it/s, loss=0.0012]
  Epoch  7/30:  69%|████████████████████████▏          | 40/58 [00:00<00:00, 71.82it/s, loss=0.0016]
  Epoch  7/30:  69%|████████████████████████▏          | 40/58 [00:00<00:00, 71.82it/s, loss=0.0004]
  Epoch  7/30:  69%|████████████████████████▏          | 40/58 [00:00<00:00, 71.82it/s, loss=0.0019]
  Epoch  7/30:  83%|████████████████████████████▉      | 48/58 [00:00<00:00, 70.70it/s, loss=0.0019]
  Epoch  7/30:  83%|████████████████████████████▉      | 48/58 [00:00<00:00, 70.70it/s, loss=0.0007]
  Epoch  7/30:  83%|████████████████████████████▉      | 48/58 [00:00<00:00, 70.70it/s, loss=0.0013]
  Epoch  7/30:  83%|████████████████████████████▉      | 48/58 [00:00<00:00, 70.70it/s, loss=0.0009]
  Epoch  7/30:  83%|████████████████████████████▉      | 48/58 [00:00<00:00, 70.70it/s, loss=0.0019]
  Epoch  7/30:  83%|████████████████████████████▉      | 48/58 [00:00<00:00, 70.70it/s, loss=0.0010]
  Epoch  7/30:  83%|████████████████████████████▉      | 48/58 [00:00<00:00, 70.70it/s, loss=0.0008]
  Epoch  7/30:  83%|████████████████████████████▉      | 48/58 [00:00<00:00, 70.70it/s, loss=0.0007]
  Epoch  7/30:  83%|████████████████████████████▉      | 48/58 [00:00<00:00, 70.70it/s, loss=0.0006]
  Epoch  7/30:  97%|█████████████████████████████████▊ | 56/58 [00:00<00:00, 69.94it/s, loss=0.0006]
  Epoch  7/30:  97%|█████████████████████████████████▊ | 56/58 [00:00<00:00, 69.94it/s, loss=0.0004]
  Epoch  7/30:  97%|█████████████████████████████████▊ | 56/58 [00:00<00:00, 69.94it/s, loss=0.0002]
                                                                                                    

  Epoch  8/30:   0%|                                                         | 0/58 [00:00<?, ?it/s]
  Epoch  8/30:   0%|                                            | 0/58 [00:00<?, ?it/s, loss=0.0006]
  Epoch  8/30:   0%|                                            | 0/58 [00:00<?, ?it/s, loss=0.0011]
  Epoch  8/30:   0%|                                            | 0/58 [00:00<?, ?it/s, loss=0.0007]
  Epoch  8/30:   0%|                                            | 0/58 [00:00<?, ?it/s, loss=0.0003]
  Epoch  8/30:   0%|                                            | 0/58 [00:00<?, ?it/s, loss=0.0004]
  Epoch  8/30:   0%|                                            | 0/58 [00:00<?, ?it/s, loss=0.0004]
  Epoch  8/30:   0%|                                            | 0/58 [00:00<?, ?it/s, loss=0.0003]
  Epoch  8/30:   0%|                                            | 0/58 [00:00<?, ?it/s, loss=0.0007]
  Epoch  8/30:  14%|████▉                               | 8/58 [00:00<00:00, 74.44it/s, loss=0.0007]
  Epoch  8/30:  14%|████▉                               | 8/58 [00:00<00:00, 74.44it/s, loss=0.0004]
  Epoch  8/30:  14%|████▉                               | 8/58 [00:00<00:00, 74.44it/s, loss=0.0007]
  Epoch  8/30:  14%|████▉                               | 8/58 [00:00<00:00, 74.44it/s, loss=0.0004]
  Epoch  8/30:  14%|████▉                               | 8/58 [00:00<00:00, 74.44it/s, loss=0.0008]
  Epoch  8/30:  14%|████▉                               | 8/58 [00:00<00:00, 74.44it/s, loss=0.0006]
  Epoch  8/30:  14%|████▉                               | 8/58 [00:00<00:00, 74.44it/s, loss=0.0005]
  Epoch  8/30:  14%|████▉                               | 8/58 [00:00<00:00, 74.44it/s, loss=0.0021]
  Epoch  8/30:  14%|████▉                               | 8/58 [00:00<00:00, 74.44it/s, loss=0.0011]
  Epoch  8/30:  28%|█████████▋                         | 16/58 [00:00<00:00, 72.93it/s, loss=0.0011]
  Epoch  8/30:  28%|█████████▋                         | 16/58 [00:00<00:00, 72.93it/s, loss=0.0015]
  Epoch  8/30:  28%|█████████▋                         | 16/58 [00:00<00:00, 72.93it/s, loss=0.0008]
  Epoch  8/30:  28%|█████████▋                         | 16/58 [00:00<00:00, 72.93it/s, loss=0.0007]
  Epoch  8/30:  28%|█████████▋                         | 16/58 [00:00<00:00, 72.93it/s, loss=0.0006]
  Epoch  8/30:  28%|█████████▋                         | 16/58 [00:00<00:00, 72.93it/s, loss=0.0006]
  Epoch  8/30:  28%|█████████▋                         | 16/58 [00:00<00:00, 72.93it/s, loss=0.0015]
  Epoch  8/30:  28%|█████████▋                         | 16/58 [00:00<00:00, 72.93it/s, loss=0.0013]
  Epoch  8/30:  28%|█████████▋                         | 16/58 [00:00<00:00, 72.93it/s, loss=0.0006]
  Epoch  8/30:  41%|██████████████▍                    | 24/58 [00:00<00:00, 72.26it/s, loss=0.0006]
  Epoch  8/30:  41%|██████████████▍                    | 24/58 [00:00<00:00, 72.26it/s, loss=0.0005]
  Epoch  8/30:  41%|██████████████▍                    | 24/58 [00:00<00:00, 72.26it/s, loss=0.0023]
  Epoch  8/30:  41%|██████████████▍                    | 24/58 [00:00<00:00, 72.26it/s, loss=0.0017]
  Epoch  8/30:  41%|██████████████▍                    | 24/58 [00:00<00:00, 72.26it/s, loss=0.0008]
  Epoch  8/30:  41%|██████████████▍                    | 24/58 [00:00<00:00, 72.26it/s, loss=0.0006]
  Epoch  8/30:  41%|██████████████▍                    | 24/58 [00:00<00:00, 72.26it/s, loss=0.0006]
  Epoch  8/30:  41%|██████████████▍                    | 24/58 [00:00<00:00, 72.26it/s, loss=0.0006]
  Epoch  8/30:  41%|██████████████▍                    | 24/58 [00:00<00:00, 72.26it/s, loss=0.0023]
  Epoch  8/30:  55%|███████████████████▎               | 32/58 [00:00<00:00, 70.40it/s, loss=0.0023]
  Epoch  8/30:  55%|███████████████████▎               | 32/58 [00:00<00:00, 70.40it/s, loss=0.0012]
  Epoch  8/30:  55%|███████████████████▎               | 32/58 [00:00<00:00, 70.40it/s, loss=0.0012]
  Epoch  8/30:  55%|███████████████████▎               | 32/58 [00:00<00:00, 70.40it/s, loss=0.0007]
  Epoch  8/30:  55%|███████████████████▎               | 32/58 [00:00<00:00, 70.40it/s, loss=0.0015]
  Epoch  8/30:  55%|███████████████████▎               | 32/58 [00:00<00:00, 70.40it/s, loss=0.0015]
  Epoch  8/30:  55%|███████████████████▎               | 32/58 [00:00<00:00, 70.40it/s, loss=0.0004]
  Epoch  8/30:  55%|███████████████████▎               | 32/58 [00:00<00:00, 70.40it/s, loss=0.0007]
  Epoch  8/30:  55%|███████████████████▎               | 32/58 [00:00<00:00, 70.40it/s, loss=0.0005]
  Epoch  8/30:  55%|███████████████████▎               | 32/58 [00:00<00:00, 70.40it/s, loss=0.0007]
  Epoch  8/30:  71%|████████████████████████▋          | 41/58 [00:00<00:00, 73.41it/s, loss=0.0007]
  Epoch  8/30:  71%|████████████████████████▋          | 41/58 [00:00<00:00, 73.41it/s, loss=0.0004]
  Epoch  8/30:  71%|████████████████████████▋          | 41/58 [00:00<00:00, 73.41it/s, loss=0.0012]
  Epoch  8/30:  71%|████████████████████████▋          | 41/58 [00:00<00:00, 73.41it/s, loss=0.0005]
  Epoch  8/30:  71%|████████████████████████▋          | 41/58 [00:00<00:00, 73.41it/s, loss=0.0012]
  Epoch  8/30:  71%|████████████████████████▋          | 41/58 [00:00<00:00, 73.41it/s, loss=0.0010]
  Epoch  8/30:  71%|████████████████████████▋          | 41/58 [00:00<00:00, 73.41it/s, loss=0.0010]
  Epoch  8/30:  71%|████████████████████████▋          | 41/58 [00:00<00:00, 73.41it/s, loss=0.0005]
  Epoch  8/30:  71%|████████████████████████▋          | 41/58 [00:00<00:00, 73.41it/s, loss=0.0017]
  Epoch  8/30:  84%|█████████████████████████████▌     | 49/58 [00:00<00:00, 73.62it/s, loss=0.0017]
  Epoch  8/30:  84%|█████████████████████████████▌     | 49/58 [00:00<00:00, 73.62it/s, loss=0.0004]
  Epoch  8/30:  84%|█████████████████████████████▌     | 49/58 [00:00<00:00, 73.62it/s, loss=0.0004]
  Epoch  8/30:  84%|█████████████████████████████▌     | 49/58 [00:00<00:00, 73.62it/s, loss=0.0006]
  Epoch  8/30:  84%|█████████████████████████████▌     | 49/58 [00:00<00:00, 73.62it/s, loss=0.0007]
  Epoch  8/30:  84%|█████████████████████████████▌     | 49/58 [00:00<00:00, 73.62it/s, loss=0.0006]
  Epoch  8/30:  84%|█████████████████████████████▌     | 49/58 [00:00<00:00, 73.62it/s, loss=0.0002]
  Epoch  8/30:  84%|█████████████████████████████▌     | 49/58 [00:00<00:00, 73.62it/s, loss=0.0017]
  Epoch  8/30:  84%|█████████████████████████████▌     | 49/58 [00:00<00:00, 73.62it/s, loss=0.0012]
  Epoch  8/30:  98%|██████████████████████████████████▍| 57/58 [00:00<00:00, 74.26it/s, loss=0.0012]
  Epoch  8/30:  98%|██████████████████████████████████▍| 57/58 [00:00<00:00, 74.26it/s, loss=0.0000]
                                                                                                    

  Epoch  9/30:   0%|                                                         | 0/58 [00:00<?, ?it/s]
  Epoch  9/30:   0%|                                            | 0/58 [00:00<?, ?it/s, loss=0.0005]
  Epoch  9/30:   0%|                                            | 0/58 [00:00<?, ?it/s, loss=0.0006]
  Epoch  9/30:   0%|                                            | 0/58 [00:00<?, ?it/s, loss=0.0005]
  Epoch  9/30:   0%|                                            | 0/58 [00:00<?, ?it/s, loss=0.0006]
  Epoch  9/30:   0%|                                            | 0/58 [00:00<?, ?it/s, loss=0.0007]
  Epoch  9/30:   0%|                                            | 0/58 [00:00<?, ?it/s, loss=0.0007]
  Epoch  9/30:   0%|                                            | 0/58 [00:00<?, ?it/s, loss=0.0004]
  Epoch  9/30:  12%|████▎                               | 7/58 [00:00<00:00, 69.92it/s, loss=0.0004]
  Epoch  9/30:  12%|████▎                               | 7/58 [00:00<00:00, 69.92it/s, loss=0.0011]
  Epoch  9/30:  12%|████▎                               | 7/58 [00:00<00:00, 69.92it/s, loss=0.0012]
  Epoch  9/30:  12%|████▎                               | 7/58 [00:00<00:00, 69.92it/s, loss=0.0009]
  Epoch  9/30:  12%|████▎                               | 7/58 [00:00<00:00, 69.92it/s, loss=0.0006]
  Epoch  9/30:  12%|████▎                               | 7/58 [00:00<00:00, 69.92it/s, loss=0.0017]
  Epoch  9/30:  12%|████▎                               | 7/58 [00:00<00:00, 69.92it/s, loss=0.0018]
  Epoch  9/30:  12%|████▎                               | 7/58 [00:00<00:00, 69.92it/s, loss=0.0006]
  Epoch  9/30:  24%|████████▍                          | 14/58 [00:00<00:00, 68.83it/s, loss=0.0006]
  Epoch  9/30:  24%|████████▍                          | 14/58 [00:00<00:00, 68.83it/s, loss=0.0006]
  Epoch  9/30:  24%|████████▍                          | 14/58 [00:00<00:00, 68.83it/s, loss=0.0005]
  Epoch  9/30:  24%|████████▍                          | 14/58 [00:00<00:00, 68.83it/s, loss=0.0004]
  Epoch  9/30:  24%|████████▍                          | 14/58 [00:00<00:00, 68.83it/s, loss=0.0020]
  Epoch  9/30:  24%|████████▍                          | 14/58 [00:00<00:00, 68.83it/s, loss=0.0015]
  Epoch  9/30:  24%|████████▍                          | 14/58 [00:00<00:00, 68.83it/s, loss=0.0003]
  Epoch  9/30:  24%|████████▍                          | 14/58 [00:00<00:00, 68.83it/s, loss=0.0005]
  Epoch  9/30:  36%|████████████▋                      | 21/58 [00:00<00:00, 69.21it/s, loss=0.0005]
  Epoch  9/30:  36%|████████████▋                      | 21/58 [00:00<00:00, 69.21it/s, loss=0.0011]
  Epoch  9/30:  36%|████████████▋                      | 21/58 [00:00<00:00, 69.21it/s, loss=0.0012]
  Epoch  9/30:  36%|████████████▋                      | 21/58 [00:00<00:00, 69.21it/s, loss=0.0011]
  Epoch  9/30:  36%|████████████▋                      | 21/58 [00:00<00:00, 69.21it/s, loss=0.0008]
  Epoch  9/30:  36%|████████████▋                      | 21/58 [00:00<00:00, 69.21it/s, loss=0.0005]
  Epoch  9/30:  36%|████████████▋                      | 21/58 [00:00<00:00, 69.21it/s, loss=0.0008]
  Epoch  9/30:  36%|████████████▋                      | 21/58 [00:00<00:00, 69.21it/s, loss=0.0007]
  Epoch  9/30:  36%|████████████▋                      | 21/58 [00:00<00:00, 69.21it/s, loss=0.0016]
  Epoch  9/30:  50%|█████████████████▌                 | 29/58 [00:00<00:00, 73.23it/s, loss=0.0016]
  Epoch  9/30:  50%|█████████████████▌                 | 29/58 [00:00<00:00, 73.23it/s, loss=0.0006]
  Epoch  9/30:  50%|█████████████████▌                 | 29/58 [00:00<00:00, 73.23it/s, loss=0.0011]
  Epoch  9/30:  50%|█████████████████▌                 | 29/58 [00:00<00:00, 73.23it/s, loss=0.0004]
  Epoch  9/30:  50%|█████████████████▌                 | 29/58 [00:00<00:00, 73.23it/s, loss=0.0005]
  Epoch  9/30:  50%|█████████████████▌                 | 29/58 [00:00<00:00, 73.23it/s, loss=0.0005]
  Epoch  9/30:  50%|█████████████████▌                 | 29/58 [00:00<00:00, 73.23it/s, loss=0.0009]
  Epoch  9/30:  50%|█████████████████▌                 | 29/58 [00:00<00:00, 73.23it/s, loss=0.0014]
  Epoch  9/30:  50%|█████████████████▌                 | 29/58 [00:00<00:00, 73.23it/s, loss=0.0006]
  Epoch  9/30:  64%|██████████████████████▎            | 37/58 [00:00<00:00, 71.24it/s, loss=0.0006]
  Epoch  9/30:  64%|██████████████████████▎            | 37/58 [00:00<00:00, 71.24it/s, loss=0.0004]
  Epoch  9/30:  64%|██████████████████████▎            | 37/58 [00:00<00:00, 71.24it/s, loss=0.0010]
  Epoch  9/30:  64%|██████████████████████▎            | 37/58 [00:00<00:00, 71.24it/s, loss=0.0007]
  Epoch  9/30:  64%|██████████████████████▎            | 37/58 [00:00<00:00, 71.24it/s, loss=0.0007]
  Epoch  9/30:  64%|██████████████████████▎            | 37/58 [00:00<00:00, 71.24it/s, loss=0.0019]
  Epoch  9/30:  64%|██████████████████████▎            | 37/58 [00:00<00:00, 71.24it/s, loss=0.0006]
  Epoch  9/30:  64%|██████████████████████▎            | 37/58 [00:00<00:00, 71.24it/s, loss=0.0007]
  Epoch  9/30:  64%|██████████████████████▎            | 37/58 [00:00<00:00, 71.24it/s, loss=0.0003]
  Epoch  9/30:  78%|███████████████████████████▏       | 45/58 [00:00<00:00, 71.14it/s, loss=0.0003]
  Epoch  9/30:  78%|███████████████████████████▏       | 45/58 [00:00<00:00, 71.14it/s, loss=0.0012]
  Epoch  9/30:  78%|███████████████████████████▏       | 45/58 [00:00<00:00, 71.14it/s, loss=0.0013]
  Epoch  9/30:  78%|███████████████████████████▏       | 45/58 [00:00<00:00, 71.14it/s, loss=0.0009]
  Epoch  9/30:  78%|███████████████████████████▏       | 45/58 [00:00<00:00, 71.14it/s, loss=0.0009]
  Epoch  9/30:  78%|███████████████████████████▏       | 45/58 [00:00<00:00, 71.14it/s, loss=0.0012]
  Epoch  9/30:  78%|███████████████████████████▏       | 45/58 [00:00<00:00, 71.14it/s, loss=0.0007]
  Epoch  9/30:  78%|███████████████████████████▏       | 45/58 [00:00<00:00, 71.14it/s, loss=0.0011]
  Epoch  9/30:  78%|███████████████████████████▏       | 45/58 [00:00<00:00, 71.14it/s, loss=0.0010]
  Epoch  9/30:  78%|███████████████████████████▏       | 45/58 [00:00<00:00, 71.14it/s, loss=0.0008]
  Epoch  9/30:  93%|████████████████████████████████▌  | 54/58 [00:00<00:00, 74.05it/s, loss=0.0008]
  Epoch  9/30:  93%|████████████████████████████████▌  | 54/58 [00:00<00:00, 74.05it/s, loss=0.0005]
  Epoch  9/30:  93%|████████████████████████████████▌  | 54/58 [00:00<00:00, 74.05it/s, loss=0.0022]
  Epoch  9/30:  93%|████████████████████████████████▌  | 54/58 [00:00<00:00, 74.05it/s, loss=0.0012]
  Epoch  9/30:  93%|████████████████████████████████▌  | 54/58 [00:00<00:00, 74.05it/s, loss=0.0001]
                                                                                                    

  Epoch 10/30:   0%|                                                         | 0/58 [00:00<?, ?it/s]
  Epoch 10/30:   0%|                                            | 0/58 [00:00<?, ?it/s, loss=0.0014]
  Epoch 10/30:   0%|                                            | 0/58 [00:00<?, ?it/s, loss=0.0021]
  Epoch 10/30:   0%|                                            | 0/58 [00:00<?, ?it/s, loss=0.0008]
  Epoch 10/30:   0%|                                            | 0/58 [00:00<?, ?it/s, loss=0.0004]
  Epoch 10/30:   0%|                                            | 0/58 [00:00<?, ?it/s, loss=0.0007]
  Epoch 10/30:   0%|                                            | 0/58 [00:00<?, ?it/s, loss=0.0005]
  Epoch 10/30:   0%|                                            | 0/58 [00:00<?, ?it/s, loss=0.0007]
  Epoch 10/30:   0%|                                            | 0/58 [00:00<?, ?it/s, loss=0.0008]
  Epoch 10/30:  14%|████▉                               | 8/58 [00:00<00:00, 69.82it/s, loss=0.0008]
  Epoch 10/30:  14%|████▉                               | 8/58 [00:00<00:00, 69.82it/s, loss=0.0007]
  Epoch 10/30:  14%|████▉                               | 8/58 [00:00<00:00, 69.82it/s, loss=0.0008]
  Epoch 10/30:  14%|████▉                               | 8/58 [00:00<00:00, 69.82it/s, loss=0.0010]
  Epoch 10/30:  14%|████▉                               | 8/58 [00:00<00:00, 69.82it/s, loss=0.0009]
  Epoch 10/30:  14%|████▉                               | 8/58 [00:00<00:00, 69.82it/s, loss=0.0013]
  Epoch 10/30:  14%|████▉                               | 8/58 [00:00<00:00, 69.82it/s, loss=0.0020]
  Epoch 10/30:  14%|████▉                               | 8/58 [00:00<00:00, 69.82it/s, loss=0.0008]
  Epoch 10/30:  14%|████▉                               | 8/58 [00:00<00:00, 69.82it/s, loss=0.0004]
  Epoch 10/30:  28%|█████████▋                         | 16/58 [00:00<00:00, 69.55it/s, loss=0.0004]
  Epoch 10/30:  28%|█████████▋                         | 16/58 [00:00<00:00, 69.55it/s, loss=0.0009]
  Epoch 10/30:  28%|█████████▋                         | 16/58 [00:00<00:00, 69.55it/s, loss=0.0008]
  Epoch 10/30:  28%|█████████▋                         | 16/58 [00:00<00:00, 69.55it/s, loss=0.0004]
  Epoch 10/30:  28%|█████████▋                         | 16/58 [00:00<00:00, 69.55it/s, loss=0.0009]
  Epoch 10/30:  28%|█████████▋                         | 16/58 [00:00<00:00, 69.55it/s, loss=0.0017]
  Epoch 10/30:  28%|█████████▋                         | 16/58 [00:00<00:00, 69.55it/s, loss=0.0011]
  Epoch 10/30:  28%|█████████▋                         | 16/58 [00:00<00:00, 69.55it/s, loss=0.0005]
  Epoch 10/30:  40%|█████████████▉                     | 23/58 [00:00<00:00, 62.11it/s, loss=0.0005]
  Epoch 10/30:  40%|█████████████▉                     | 23/58 [00:00<00:00, 62.11it/s, loss=0.0009]
  Epoch 10/30:  40%|█████████████▉                     | 23/58 [00:00<00:00, 62.11it/s, loss=0.0008]
  Epoch 10/30:  40%|█████████████▉                     | 23/58 [00:00<00:00, 62.11it/s, loss=0.0009]
  Epoch 10/30:  40%|█████████████▉                     | 23/58 [00:00<00:00, 62.11it/s, loss=0.0009]
  Epoch 10/30:  40%|█████████████▉                     | 23/58 [00:00<00:00, 62.11it/s, loss=0.0010]
  Epoch 10/30:  40%|█████████████▉                     | 23/58 [00:00<00:00, 62.11it/s, loss=0.0012]
  Epoch 10/30:  40%|█████████████▉                     | 23/58 [00:00<00:00, 62.11it/s, loss=0.0003]
  Epoch 10/30:  40%|█████████████▉                     | 23/58 [00:00<00:00, 62.11it/s, loss=0.0010]
  Epoch 10/30:  40%|█████████████▉                     | 23/58 [00:00<00:00, 62.11it/s, loss=0.0013]
  Epoch 10/30:  55%|███████████████████▎               | 32/58 [00:00<00:00, 69.14it/s, loss=0.0013]
  Epoch 10/30:  55%|███████████████████▎               | 32/58 [00:00<00:00, 69.14it/s, loss=0.0005]
  Epoch 10/30:  55%|███████████████████▎               | 32/58 [00:00<00:00, 69.14it/s, loss=0.0004]
  Epoch 10/30:  55%|███████████████████▎               | 32/58 [00:00<00:00, 69.14it/s, loss=0.0009]
  Epoch 10/30:  55%|███████████████████▎               | 32/58 [00:00<00:00, 69.14it/s, loss=0.0005]
  Epoch 10/30:  55%|███████████████████▎               | 32/58 [00:00<00:00, 69.14it/s, loss=0.0012]
  Epoch 10/30:  55%|███████████████████▎               | 32/58 [00:00<00:00, 69.14it/s, loss=0.0008]
  Epoch 10/30:  55%|███████████████████▎               | 32/58 [00:00<00:00, 69.14it/s, loss=0.0007]
  Epoch 10/30:  55%|███████████████████▎               | 32/58 [00:00<00:00, 69.14it/s, loss=0.0007]
  Epoch 10/30:  69%|████████████████████████▏          | 40/58 [00:00<00:00, 71.68it/s, loss=0.0007]
  Epoch 10/30:  69%|████████████████████████▏          | 40/58 [00:00<00:00, 71.68it/s, loss=0.0018]
  Epoch 10/30:  69%|████████████████████████▏          | 40/58 [00:00<00:00, 71.68it/s, loss=0.0005]
  Epoch 10/30:  69%|████████████████████████▏          | 40/58 [00:00<00:00, 71.68it/s, loss=0.0005]
  Epoch 10/30:  69%|████████████████████████▏          | 40/58 [00:00<00:00, 71.68it/s, loss=0.0007]
  Epoch 10/30:  69%|████████████████████████▏          | 40/58 [00:00<00:00, 71.68it/s, loss=0.0021]
  Epoch 10/30:  69%|████████████████████████▏          | 40/58 [00:00<00:00, 71.68it/s, loss=0.0005]
  Epoch 10/30:  69%|████████████████████████▏          | 40/58 [00:00<00:00, 71.68it/s, loss=0.0005]
  Epoch 10/30:  69%|████████████████████████▏          | 40/58 [00:00<00:00, 71.68it/s, loss=0.0008]
  Epoch 10/30:  83%|████████████████████████████▉      | 48/58 [00:00<00:00, 70.58it/s, loss=0.0008]
  Epoch 10/30:  83%|████████████████████████████▉      | 48/58 [00:00<00:00, 70.58it/s, loss=0.0005]
  Epoch 10/30:  83%|████████████████████████████▉      | 48/58 [00:00<00:00, 70.58it/s, loss=0.0004]
  Epoch 10/30:  83%|████████████████████████████▉      | 48/58 [00:00<00:00, 70.58it/s, loss=0.0012]
  Epoch 10/30:  83%|████████████████████████████▉      | 48/58 [00:00<00:00, 70.58it/s, loss=0.0006]
  Epoch 10/30:  83%|████████████████████████████▉      | 48/58 [00:00<00:00, 70.58it/s, loss=0.0009]
  Epoch 10/30:  83%|████████████████████████████▉      | 48/58 [00:00<00:00, 70.58it/s, loss=0.0018]
  Epoch 10/30:  83%|████████████████████████████▉      | 48/58 [00:00<00:00, 70.58it/s, loss=0.0003]
  Epoch 10/30:  83%|████████████████████████████▉      | 48/58 [00:00<00:00, 70.58it/s, loss=0.0009]
  Epoch 10/30:  97%|█████████████████████████████████▊ | 56/58 [00:00<00:00, 72.15it/s, loss=0.0009]
  Epoch 10/30:  97%|█████████████████████████████████▊ | 56/58 [00:00<00:00, 72.15it/s, loss=0.0004]
  Epoch 10/30:  97%|█████████████████████████████████▊ | 56/58 [00:00<00:00, 72.15it/s, loss=0.0001]
                                                                                                    
  Epoch 10/30 │ Loss: 0.0009 │ T+1: 0.8265 │ T+2: 0.5514 │ T+3: 0.4454 ★ NEW BEST

  Epoch 11/30:   0%|                                                         | 0/58 [00:00<?, ?it/s]
  Epoch 11/30:   0%|                                            | 0/58 [00:00<?, ?it/s, loss=0.0004]
  Epoch 11/30:   0%|                                            | 0/58 [00:00<?, ?it/s, loss=0.0015]
  Epoch 11/30:   0%|                                            | 0/58 [00:00<?, ?it/s, loss=0.0010]
  Epoch 11/30:   0%|                                            | 0/58 [00:00<?, ?it/s, loss=0.0012]
  Epoch 11/30:   0%|                                            | 0/58 [00:00<?, ?it/s, loss=0.0011]
  Epoch 11/30:   0%|                                            | 0/58 [00:00<?, ?it/s, loss=0.0011]
  Epoch 11/30:   0%|                                            | 0/58 [00:00<?, ?it/s, loss=0.0007]
  Epoch 11/30:   0%|                                            | 0/58 [00:00<?, ?it/s, loss=0.0008]
  Epoch 11/30:  14%|████▉                               | 8/58 [00:00<00:00, 73.66it/s, loss=0.0008]
  Epoch 11/30:  14%|████▉                               | 8/58 [00:00<00:00, 73.66it/s, loss=0.0003]
  Epoch 11/30:  14%|████▉                               | 8/58 [00:00<00:00, 73.66it/s, loss=0.0003]
  Epoch 11/30:  14%|████▉                               | 8/58 [00:00<00:00, 73.66it/s, loss=0.0008]
  Epoch 11/30:  14%|████▉                               | 8/58 [00:00<00:00, 73.66it/s, loss=0.0005]
  Epoch 11/30:  14%|████▉                               | 8/58 [00:00<00:00, 73.66it/s, loss=0.0007]
  Epoch 11/30:  14%|████▉                               | 8/58 [00:00<00:00, 73.66it/s, loss=0.0003]
  Epoch 11/30:  14%|████▉                               | 8/58 [00:00<00:00, 73.66it/s, loss=0.0015]
  Epoch 11/30:  14%|████▉                               | 8/58 [00:00<00:00, 73.66it/s, loss=0.0006]
  Epoch 11/30:  28%|█████████▋                         | 16/58 [00:00<00:00, 72.98it/s, loss=0.0006]
  Epoch 11/30:  28%|█████████▋                         | 16/58 [00:00<00:00, 72.98it/s, loss=0.0009]
  Epoch 11/30:  28%|█████████▋                         | 16/58 [00:00<00:00, 72.98it/s, loss=0.0007]
  Epoch 11/30:  28%|█████████▋                         | 16/58 [00:00<00:00, 72.98it/s, loss=0.0004]
  Epoch 11/30:  28%|█████████▋                         | 16/58 [00:00<00:00, 72.98it/s, loss=0.0013]
  Epoch 11/30:  28%|█████████▋                         | 16/58 [00:00<00:00, 72.98it/s, loss=0.0005]
  Epoch 11/30:  28%|█████████▋                         | 16/58 [00:00<00:00, 72.98it/s, loss=0.0006]
  Epoch 11/30:  28%|█████████▋                         | 16/58 [00:00<00:00, 72.98it/s, loss=0.0003]
  Epoch 11/30:  28%|█████████▋                         | 16/58 [00:00<00:00, 72.98it/s, loss=0.0002]
  Epoch 11/30:  41%|██████████████▍                    | 24/58 [00:00<00:00, 70.86it/s, loss=0.0002]
  Epoch 11/30:  41%|██████████████▍                    | 24/58 [00:00<00:00, 70.86it/s, loss=0.0008]
  Epoch 11/30:  41%|██████████████▍                    | 24/58 [00:00<00:00, 70.86it/s, loss=0.0005]
  Epoch 11/30:  41%|██████████████▍                    | 24/58 [00:00<00:00, 70.86it/s, loss=0.0006]
  Epoch 11/30:  41%|██████████████▍                    | 24/58 [00:00<00:00, 70.86it/s, loss=0.0012]
  Epoch 11/30:  41%|██████████████▍                    | 24/58 [00:00<00:00, 70.86it/s, loss=0.0005]
  Epoch 11/30:  41%|██████████████▍                    | 24/58 [00:00<00:00, 70.86it/s, loss=0.0022]
  Epoch 11/30:  41%|██████████████▍                    | 24/58 [00:00<00:00, 70.86it/s, loss=0.0007]
  Epoch 11/30:  41%|██████████████▍                    | 24/58 [00:00<00:00, 70.86it/s, loss=0.0011]
  Epoch 11/30:  55%|███████████████████▎               | 32/58 [00:00<00:00, 70.02it/s, loss=0.0011]
  Epoch 11/30:  55%|███████████████████▎               | 32/58 [00:00<00:00, 70.02it/s, loss=0.0010]
  Epoch 11/30:  55%|███████████████████▎               | 32/58 [00:00<00:00, 70.02it/s, loss=0.0006]
  Epoch 11/30:  55%|███████████████████▎               | 32/58 [00:00<00:00, 70.02it/s, loss=0.0003]
  Epoch 11/30:  55%|███████████████████▎               | 32/58 [00:00<00:00, 70.02it/s, loss=0.0008]
  Epoch 11/30:  55%|███████████████████▎               | 32/58 [00:00<00:00, 70.02it/s, loss=0.0011]
  Epoch 11/30:  55%|███████████████████▎               | 32/58 [00:00<00:00, 70.02it/s, loss=0.0004]
  Epoch 11/30:  55%|███████████████████▎               | 32/58 [00:00<00:00, 70.02it/s, loss=0.0017]
  Epoch 11/30:  55%|███████████████████▎               | 32/58 [00:00<00:00, 70.02it/s, loss=0.0015]
  Epoch 11/30:  69%|████████████████████████▏          | 40/58 [00:00<00:00, 52.90it/s, loss=0.0015]
  Epoch 11/30:  69%|████████████████████████▏          | 40/58 [00:00<00:00, 52.90it/s, loss=0.0005]
  Epoch 11/30:  69%|████████████████████████▏          | 40/58 [00:00<00:00, 52.90it/s, loss=0.0010]
  Epoch 11/30:  69%|████████████████████████▏          | 40/58 [00:00<00:00, 52.90it/s, loss=0.0004]
  Epoch 11/30:  69%|████████████████████████▏          | 40/58 [00:00<00:00, 52.90it/s, loss=0.0009]
  Epoch 11/30:  69%|████████████████████████▏          | 40/58 [00:00<00:00, 52.90it/s, loss=0.0012]
  Epoch 11/30:  69%|████████████████████████▏          | 40/58 [00:00<00:00, 52.90it/s, loss=0.0012]
  Epoch 11/30:  69%|████████████████████████▏          | 40/58 [00:00<00:00, 52.90it/s, loss=0.0005]
  Epoch 11/30:  81%|████████████████████████████▎      | 47/58 [00:00<00:00, 57.22it/s, loss=0.0005]
  Epoch 11/30:  81%|████████████████████████████▎      | 47/58 [00:00<00:00, 57.22it/s, loss=0.0009]
  Epoch 11/30:  81%|████████████████████████████▎      | 47/58 [00:00<00:00, 57.22it/s, loss=0.0018]
  Epoch 11/30:  81%|████████████████████████████▎      | 47/58 [00:00<00:00, 57.22it/s, loss=0.0012]
  Epoch 11/30:  81%|████████████████████████████▎      | 47/58 [00:00<00:00, 57.22it/s, loss=0.0013]
  Epoch 11/30:  81%|████████████████████████████▎      | 47/58 [00:00<00:00, 57.22it/s, loss=0.0004]
  Epoch 11/30:  81%|████████████████████████████▎      | 47/58 [00:00<00:00, 57.22it/s, loss=0.0004]
  Epoch 11/30:  81%|████████████████████████████▎      | 47/58 [00:00<00:00, 57.22it/s, loss=0.0005]
  Epoch 11/30:  81%|████████████████████████████▎      | 47/58 [00:00<00:00, 57.22it/s, loss=0.0006]
  Epoch 11/30:  95%|█████████████████████████████████▏ | 55/58 [00:00<00:00, 61.53it/s, loss=0.0006]
  Epoch 11/30:  95%|█████████████████████████████████▏ | 55/58 [00:00<00:00, 61.53it/s, loss=0.0016]
  Epoch 11/30:  95%|█████████████████████████████████▏ | 55/58 [00:00<00:00, 61.53it/s, loss=0.0008]
  Epoch 11/30:  95%|█████████████████████████████████▏ | 55/58 [00:00<00:00, 61.53it/s, loss=0.0003]
                                                                                                    

  Epoch 12/30:   0%|                                                         | 0/58 [00:00<?, ?it/s]
  Epoch 12/30:   0%|                                            | 0/58 [00:00<?, ?it/s, loss=0.0010]
  Epoch 12/30:   0%|                                            | 0/58 [00:00<?, ?it/s, loss=0.0004]
  Epoch 12/30:   0%|                                            | 0/58 [00:00<?, ?it/s, loss=0.0006]
  Epoch 12/30:   0%|                                            | 0/58 [00:00<?, ?it/s, loss=0.0007]
  Epoch 12/30:   0%|                                            | 0/58 [00:00<?, ?it/s, loss=0.0018]
  Epoch 12/30:   0%|                                            | 0/58 [00:00<?, ?it/s, loss=0.0020]
  Epoch 12/30:   0%|                                            | 0/58 [00:00<?, ?it/s, loss=0.0015]
  Epoch 12/30:  12%|████▎                               | 7/58 [00:00<00:00, 61.07it/s, loss=0.0015]
  Epoch 12/30:  12%|████▎                               | 7/58 [00:00<00:00, 61.07it/s, loss=0.0006]
  Epoch 12/30:  12%|████▎                               | 7/58 [00:00<00:00, 61.07it/s, loss=0.0006]
  Epoch 12/30:  12%|████▎                               | 7/58 [00:00<00:00, 61.07it/s, loss=0.0010]
  Epoch 12/30:  12%|████▎                               | 7/58 [00:00<00:00, 61.07it/s, loss=0.0009]
  Epoch 12/30:  12%|████▎                               | 7/58 [00:00<00:00, 61.07it/s, loss=0.0023]
  Epoch 12/30:  12%|████▎                               | 7/58 [00:00<00:00, 61.07it/s, loss=0.0007]
  Epoch 12/30:  12%|████▎                               | 7/58 [00:00<00:00, 61.07it/s, loss=0.0004]
  Epoch 12/30:  24%|████████▍                          | 14/58 [00:00<00:00, 58.84it/s, loss=0.0004]
  Epoch 12/30:  24%|████████▍                          | 14/58 [00:00<00:00, 58.84it/s, loss=0.0004]
  Epoch 12/30:  24%|████████▍                          | 14/58 [00:00<00:00, 58.84it/s, loss=0.0011]
  Epoch 12/30:  24%|████████▍                          | 14/58 [00:00<00:00, 58.84it/s, loss=0.0004]
  Epoch 12/30:  24%|████████▍                          | 14/58 [00:00<00:00, 58.84it/s, loss=0.0014]
  Epoch 12/30:  24%|████████▍                          | 14/58 [00:00<00:00, 58.84it/s, loss=0.0006]
  Epoch 12/30:  24%|████████▍                          | 14/58 [00:00<00:00, 58.84it/s, loss=0.0003]
  Epoch 12/30:  34%|████████████                       | 20/58 [00:00<00:00, 57.59it/s, loss=0.0003]
  Epoch 12/30:  34%|████████████                       | 20/58 [00:00<00:00, 57.59it/s, loss=0.0004]
  Epoch 12/30:  34%|████████████                       | 20/58 [00:00<00:00, 57.59it/s, loss=0.0006]
  Epoch 12/30:  34%|████████████                       | 20/58 [00:00<00:00, 57.59it/s, loss=0.0017]
  Epoch 12/30:  34%|████████████                       | 20/58 [00:00<00:00, 57.59it/s, loss=0.0007]
  Epoch 12/30:  34%|████████████                       | 20/58 [00:00<00:00, 57.59it/s, loss=0.0007]
  Epoch 12/30:  34%|████████████                       | 20/58 [00:00<00:00, 57.59it/s, loss=0.0004]
  Epoch 12/30:  45%|███████████████▋                   | 26/58 [00:00<00:00, 57.49it/s, loss=0.0004]
  Epoch 12/30:  45%|███████████████▋                   | 26/58 [00:00<00:00, 57.49it/s, loss=0.0005]
  Epoch 12/30:  45%|███████████████▋                   | 26/58 [00:00<00:00, 57.49it/s, loss=0.0007]
  Epoch 12/30:  45%|███████████████▋                   | 26/58 [00:00<00:00, 57.49it/s, loss=0.0005]
  Epoch 12/30:  45%|███████████████▋                   | 26/58 [00:00<00:00, 57.49it/s, loss=0.0004]
  Epoch 12/30:  45%|███████████████▋                   | 26/58 [00:00<00:00, 57.49it/s, loss=0.0010]
  Epoch 12/30:  45%|███████████████▋                   | 26/58 [00:00<00:00, 57.49it/s, loss=0.0012]
  Epoch 12/30:  55%|███████████████████▎               | 32/58 [00:00<00:00, 57.53it/s, loss=0.0012]
  Epoch 12/30:  55%|███████████████████▎               | 32/58 [00:00<00:00, 57.53it/s, loss=0.0004]
  Epoch 12/30:  55%|███████████████████▎               | 32/58 [00:00<00:00, 57.53it/s, loss=0.0006]
  Epoch 12/30:  55%|███████████████████▎               | 32/58 [00:00<00:00, 57.53it/s, loss=0.0013]
  Epoch 12/30:  55%|███████████████████▎               | 32/58 [00:00<00:00, 57.53it/s, loss=0.0004]
  Epoch 12/30:  55%|███████████████████▎               | 32/58 [00:00<00:00, 57.53it/s, loss=0.0005]
  Epoch 12/30:  55%|███████████████████▎               | 32/58 [00:00<00:00, 57.53it/s, loss=0.0027]
  Epoch 12/30:  66%|██████████████████████▉            | 38/58 [00:00<00:00, 57.29it/s, loss=0.0027]
  Epoch 12/30:  66%|██████████████████████▉            | 38/58 [00:00<00:00, 57.29it/s, loss=0.0007]
  Epoch 12/30:  66%|██████████████████████▉            | 38/58 [00:00<00:00, 57.29it/s, loss=0.0009]
  Epoch 12/30:  66%|██████████████████████▉            | 38/58 [00:00<00:00, 57.29it/s, loss=0.0007]
  Epoch 12/30:  66%|██████████████████████▉            | 38/58 [00:00<00:00, 57.29it/s, loss=0.0006]
  Epoch 12/30:  66%|██████████████████████▉            | 38/58 [00:00<00:00, 57.29it/s, loss=0.0008]
  Epoch 12/30:  66%|██████████████████████▉            | 38/58 [00:00<00:00, 57.29it/s, loss=0.0013]
  Epoch 12/30:  76%|██████████████████████████▌        | 44/58 [00:00<00:00, 57.70it/s, loss=0.0013]
  Epoch 12/30:  76%|██████████████████████████▌        | 44/58 [00:00<00:00, 57.70it/s, loss=0.0004]
  Epoch 12/30:  76%|██████████████████████████▌        | 44/58 [00:00<00:00, 57.70it/s, loss=0.0004]
  Epoch 12/30:  76%|██████████████████████████▌        | 44/58 [00:00<00:00, 57.70it/s, loss=0.0005]
  Epoch 12/30:  76%|██████████████████████████▌        | 44/58 [00:00<00:00, 57.70it/s, loss=0.0012]
  Epoch 12/30:  76%|██████████████████████████▌        | 44/58 [00:00<00:00, 57.70it/s, loss=0.0009]
  Epoch 12/30:  76%|██████████████████████████▌        | 44/58 [00:00<00:00, 57.70it/s, loss=0.0003]
  Epoch 12/30:  76%|██████████████████████████▌        | 44/58 [00:00<00:00, 57.70it/s, loss=0.0012]
  Epoch 12/30:  88%|██████████████████████████████▊    | 51/58 [00:00<00:00, 59.58it/s, loss=0.0012]
  Epoch 12/30:  88%|██████████████████████████████▊    | 51/58 [00:00<00:00, 59.58it/s, loss=0.0014]
  Epoch 12/30:  88%|██████████████████████████████▊    | 51/58 [00:00<00:00, 59.58it/s, loss=0.0004]
  Epoch 12/30:  88%|██████████████████████████████▊    | 51/58 [00:00<00:00, 59.58it/s, loss=0.0004]
  Epoch 12/30:  88%|██████████████████████████████▊    | 51/58 [00:00<00:00, 59.58it/s, loss=0.0006]
  Epoch 12/30:  88%|██████████████████████████████▊    | 51/58 [00:00<00:00, 59.58it/s, loss=0.0003]
  Epoch 12/30:  88%|██████████████████████████████▊    | 51/58 [00:00<00:00, 59.58it/s, loss=0.0015]
  Epoch 12/30:  88%|██████████████████████████████▊    | 51/58 [00:00<00:00, 59.58it/s, loss=0.0001]
  Epoch 12/30: 100%|███████████████████████████████████| 58/58 [00:00<00:00, 61.19it/s, loss=0.0001]
                                                                                                    

  Epoch 13/30:   0%|                                                         | 0/58 [00:00<?, ?it/s]
  Epoch 13/30:   0%|                                            | 0/58 [00:00<?, ?it/s, loss=0.0005]
  Epoch 13/30:   0%|                                            | 0/58 [00:00<?, ?it/s, loss=0.0006]
  Epoch 13/30:   0%|                                            | 0/58 [00:00<?, ?it/s, loss=0.0007]
  Epoch 13/30:   0%|                                            | 0/58 [00:00<?, ?it/s, loss=0.0003]
  Epoch 13/30:   0%|                                            | 0/58 [00:00<?, ?it/s, loss=0.0013]
  Epoch 13/30:   0%|                                            | 0/58 [00:00<?, ?it/s, loss=0.0005]
  Epoch 13/30:  10%|███▋                                | 6/58 [00:00<00:00, 58.65it/s, loss=0.0005]
  Epoch 13/30:  10%|███▋                                | 6/58 [00:00<00:00, 58.65it/s, loss=0.0003]
  Epoch 13/30:  10%|███▋                                | 6/58 [00:00<00:00, 58.65it/s, loss=0.0003]
  Epoch 13/30:  10%|███▋                                | 6/58 [00:00<00:00, 58.65it/s, loss=0.0009]
  Epoch 13/30:  10%|███▋                                | 6/58 [00:00<00:00, 58.65it/s, loss=0.0007]
  Epoch 13/30:  10%|███▋                                | 6/58 [00:00<00:00, 58.65it/s, loss=0.0004]
  Epoch 13/30:  10%|███▋                                | 6/58 [00:00<00:00, 58.65it/s, loss=0.0008]
  Epoch 13/30:  21%|███████▏                           | 12/58 [00:00<00:00, 56.37it/s, loss=0.0008]
  Epoch 13/30:  21%|███████▏                           | 12/58 [00:00<00:00, 56.37it/s, loss=0.0005]
  Epoch 13/30:  21%|███████▏                           | 12/58 [00:00<00:00, 56.37it/s, loss=0.0015]
  Epoch 13/30:  21%|███████▏                           | 12/58 [00:00<00:00, 56.37it/s, loss=0.0018]
  Epoch 13/30:  21%|███████▏                           | 12/58 [00:00<00:00, 56.37it/s, loss=0.0006]
  Epoch 13/30:  21%|███████▏                           | 12/58 [00:00<00:00, 56.37it/s, loss=0.0003]
  Epoch 13/30:  21%|███████▏                           | 12/58 [00:00<00:00, 56.37it/s, loss=0.0011]
  Epoch 13/30:  31%|██████████▊                        | 18/58 [00:00<00:00, 57.41it/s, loss=0.0011]
  Epoch 13/30:  31%|██████████▊                        | 18/58 [00:00<00:00, 57.41it/s, loss=0.0012]
  Epoch 13/30:  31%|██████████▊                        | 18/58 [00:00<00:00, 57.41it/s, loss=0.0009]
  Epoch 13/30:  31%|██████████▊                        | 18/58 [00:00<00:00, 57.41it/s, loss=0.0006]
  Epoch 13/30:  31%|██████████▊                        | 18/58 [00:00<00:00, 57.41it/s, loss=0.0009]
  Epoch 13/30:  31%|██████████▊                        | 18/58 [00:00<00:00, 57.41it/s, loss=0.0006]
  Epoch 13/30:  31%|██████████▊                        | 18/58 [00:00<00:00, 57.41it/s, loss=0.0007]
  Epoch 13/30:  31%|██████████▊                        | 18/58 [00:00<00:00, 57.41it/s, loss=0.0003]
  Epoch 13/30:  43%|███████████████                    | 25/58 [00:00<00:00, 58.76it/s, loss=0.0003]
  Epoch 13/30:  43%|███████████████                    | 25/58 [00:00<00:00, 58.76it/s, loss=0.0004]
  Epoch 13/30:  43%|███████████████                    | 25/58 [00:00<00:00, 58.76it/s, loss=0.0006]
  Epoch 13/30:  43%|███████████████                    | 25/58 [00:00<00:00, 58.76it/s, loss=0.0017]
  Epoch 13/30:  43%|███████████████                    | 25/58 [00:00<00:00, 58.76it/s, loss=0.0004]
  Epoch 13/30:  43%|███████████████                    | 25/58 [00:00<00:00, 58.76it/s, loss=0.0011]
  Epoch 13/30:  43%|███████████████                    | 25/58 [00:00<00:00, 58.76it/s, loss=0.0004]
  Epoch 13/30:  53%|██████████████████▋                | 31/58 [00:00<00:00, 58.16it/s, loss=0.0004]
  Epoch 13/30:  53%|██████████████████▋                | 31/58 [00:00<00:00, 58.16it/s, loss=0.0014]
  Epoch 13/30:  53%|██████████████████▋                | 31/58 [00:00<00:00, 58.16it/s, loss=0.0014]
  Epoch 13/30:  53%|██████████████████▋                | 31/58 [00:00<00:00, 58.16it/s, loss=0.0004]
  Epoch 13/30:  53%|██████████████████▋                | 31/58 [00:00<00:00, 58.16it/s, loss=0.0003]
  Epoch 13/30:  53%|██████████████████▋                | 31/58 [00:00<00:00, 58.16it/s, loss=0.0009]
  Epoch 13/30:  53%|██████████████████▋                | 31/58 [00:00<00:00, 58.16it/s, loss=0.0013]
  Epoch 13/30:  53%|██████████████████▋                | 31/58 [00:00<00:00, 58.16it/s, loss=0.0021]
  Epoch 13/30:  66%|██████████████████████▉            | 38/58 [00:00<00:00, 58.66it/s, loss=0.0021]
  Epoch 13/30:  66%|██████████████████████▉            | 38/58 [00:00<00:00, 58.66it/s, loss=0.0002]
  Epoch 13/30:  66%|██████████████████████▉            | 38/58 [00:00<00:00, 58.66it/s, loss=0.0010]
  Epoch 13/30:  66%|██████████████████████▉            | 38/58 [00:00<00:00, 58.66it/s, loss=0.0028]
  Epoch 13/30:  66%|██████████████████████▉            | 38/58 [00:00<00:00, 58.66it/s, loss=0.0013]
  Epoch 13/30:  66%|██████████████████████▉            | 38/58 [00:00<00:00, 58.66it/s, loss=0.0010]
  Epoch 13/30:  66%|██████████████████████▉            | 38/58 [00:00<00:00, 58.66it/s, loss=0.0006]
  Epoch 13/30:  66%|██████████████████████▉            | 38/58 [00:00<00:00, 58.66it/s, loss=0.0007]
  Epoch 13/30:  78%|███████████████████████████▏       | 45/58 [00:00<00:00, 58.81it/s, loss=0.0007]
  Epoch 13/30:  78%|███████████████████████████▏       | 45/58 [00:00<00:00, 58.81it/s, loss=0.0007]
  Epoch 13/30:  78%|███████████████████████████▏       | 45/58 [00:00<00:00, 58.81it/s, loss=0.0006]
  Epoch 13/30:  78%|███████████████████████████▏       | 45/58 [00:00<00:00, 58.81it/s, loss=0.0013]
  Epoch 13/30:  78%|███████████████████████████▏       | 45/58 [00:00<00:00, 58.81it/s, loss=0.0004]
  Epoch 13/30:  78%|███████████████████████████▏       | 45/58 [00:00<00:00, 58.81it/s, loss=0.0014]
  Epoch 13/30:  78%|███████████████████████████▏       | 45/58 [00:00<00:00, 58.81it/s, loss=0.0008]
  Epoch 13/30:  78%|███████████████████████████▏       | 45/58 [00:00<00:00, 58.81it/s, loss=0.0005]
  Epoch 13/30:  90%|███████████████████████████████▍   | 52/58 [00:00<00:00, 59.30it/s, loss=0.0005]
  Epoch 13/30:  90%|███████████████████████████████▍   | 52/58 [00:00<00:00, 59.30it/s, loss=0.0010]
  Epoch 13/30:  90%|███████████████████████████████▍   | 52/58 [00:00<00:00, 59.30it/s, loss=0.0015]
  Epoch 13/30:  90%|███████████████████████████████▍   | 52/58 [00:00<00:00, 59.30it/s, loss=0.0006]
  Epoch 13/30:  90%|███████████████████████████████▍   | 52/58 [00:00<00:00, 59.30it/s, loss=0.0003]
  Epoch 13/30:  90%|███████████████████████████████▍   | 52/58 [00:00<00:00, 59.30it/s, loss=0.0005]
  Epoch 13/30:  90%|███████████████████████████████▍   | 52/58 [00:00<00:00, 59.30it/s, loss=0.0002]
                                                                                                    

  Epoch 14/30:   0%|                                                         | 0/58 [00:00<?, ?it/s]
  Epoch 14/30:   0%|                                            | 0/58 [00:00<?, ?it/s, loss=0.0014]
  Epoch 14/30:   0%|                                            | 0/58 [00:00<?, ?it/s, loss=0.0003]
  Epoch 14/30:   0%|                                            | 0/58 [00:00<?, ?it/s, loss=0.0011]
  Epoch 14/30:   0%|                                            | 0/58 [00:00<?, ?it/s, loss=0.0004]
  Epoch 14/30:   0%|                                            | 0/58 [00:00<?, ?it/s, loss=0.0009]
  Epoch 14/30:   0%|                                            | 0/58 [00:00<?, ?it/s, loss=0.0012]
  Epoch 14/30:  10%|███▋                                | 6/58 [00:00<00:00, 58.66it/s, loss=0.0012]
  Epoch 14/30:  10%|███▋                                | 6/58 [00:00<00:00, 58.66it/s, loss=0.0005]
  Epoch 14/30:  10%|███▋                                | 6/58 [00:00<00:00, 58.66it/s, loss=0.0004]
  Epoch 14/30:  10%|███▋                                | 6/58 [00:00<00:00, 58.66it/s, loss=0.0013]
  Epoch 14/30:  10%|███▋                                | 6/58 [00:00<00:00, 58.66it/s, loss=0.0008]
  Epoch 14/30:  10%|███▋                                | 6/58 [00:00<00:00, 58.66it/s, loss=0.0002]
  Epoch 14/30:  10%|███▋                                | 6/58 [00:00<00:00, 58.66it/s, loss=0.0012]
  Epoch 14/30:  21%|███████▏                           | 12/58 [00:00<00:00, 57.19it/s, loss=0.0012]
  Epoch 14/30:  21%|███████▏                           | 12/58 [00:00<00:00, 57.19it/s, loss=0.0006]
  Epoch 14/30:  21%|███████▏                           | 12/58 [00:00<00:00, 57.19it/s, loss=0.0015]
  Epoch 14/30:  21%|███████▏                           | 12/58 [00:00<00:00, 57.19it/s, loss=0.0025]
  Epoch 14/30:  21%|███████▏                           | 12/58 [00:00<00:00, 57.19it/s, loss=0.0015]
  Epoch 14/30:  21%|███████▏                           | 12/58 [00:00<00:00, 57.19it/s, loss=0.0014]
  Epoch 14/30:  21%|███████▏                           | 12/58 [00:00<00:00, 57.19it/s, loss=0.0006]
  Epoch 14/30:  31%|██████████▊                        | 18/58 [00:00<00:00, 57.07it/s, loss=0.0006]
  Epoch 14/30:  31%|██████████▊                        | 18/58 [00:00<00:00, 57.07it/s, loss=0.0004]
  Epoch 14/30:  31%|██████████▊                        | 18/58 [00:00<00:00, 57.07it/s, loss=0.0013]
  Epoch 14/30:  31%|██████████▊                        | 18/58 [00:00<00:00, 57.07it/s, loss=0.0005]
  Epoch 14/30:  31%|██████████▊                        | 18/58 [00:00<00:00, 57.07it/s, loss=0.0011]
  Epoch 14/30:  31%|██████████▊                        | 18/58 [00:00<00:00, 57.07it/s, loss=0.0014]
  Epoch 14/30:  31%|██████████▊                        | 18/58 [00:00<00:00, 57.07it/s, loss=0.0004]
  Epoch 14/30:  41%|██████████████▍                    | 24/58 [00:00<00:00, 58.06it/s, loss=0.0004]
  Epoch 14/30:  41%|██████████████▍                    | 24/58 [00:00<00:00, 58.06it/s, loss=0.0014]
  Epoch 14/30:  41%|██████████████▍                    | 24/58 [00:00<00:00, 58.06it/s, loss=0.0010]
  Epoch 14/30:  41%|██████████████▍                    | 24/58 [00:00<00:00, 58.06it/s, loss=0.0002]
  Epoch 14/30:  41%|██████████████▍                    | 24/58 [00:00<00:00, 58.06it/s, loss=0.0006]
  Epoch 14/30:  41%|██████████████▍                    | 24/58 [00:00<00:00, 58.06it/s, loss=0.0009]
  Epoch 14/30:  41%|██████████████▍                    | 24/58 [00:00<00:00, 58.06it/s, loss=0.0007]
  Epoch 14/30:  41%|██████████████▍                    | 24/58 [00:00<00:00, 58.06it/s, loss=0.0030]
  Epoch 14/30:  53%|██████████████████▋                | 31/58 [00:00<00:00, 59.34it/s, loss=0.0030]
  Epoch 14/30:  53%|██████████████████▋                | 31/58 [00:00<00:00, 59.34it/s, loss=0.0012]
  Epoch 14/30:  53%|██████████████████▋                | 31/58 [00:00<00:00, 59.34it/s, loss=0.0006]
  Epoch 14/30:  53%|██████████████████▋                | 31/58 [00:00<00:00, 59.34it/s, loss=0.0006]
  Epoch 14/30:  53%|██████████████████▋                | 31/58 [00:00<00:00, 59.34it/s, loss=0.0004]
  Epoch 14/30:  53%|██████████████████▋                | 31/58 [00:00<00:00, 59.34it/s, loss=0.0003]
  Epoch 14/30:  53%|██████████████████▋                | 31/58 [00:00<00:00, 59.34it/s, loss=0.0003]
  Epoch 14/30:  64%|██████████████████████▎            | 37/58 [00:00<00:00, 58.72it/s, loss=0.0003]
  Epoch 14/30:  64%|██████████████████████▎            | 37/58 [00:00<00:00, 58.72it/s, loss=0.0006]
  Epoch 14/30:  64%|██████████████████████▎            | 37/58 [00:00<00:00, 58.72it/s, loss=0.0003]
  Epoch 14/30:  64%|██████████████████████▎            | 37/58 [00:00<00:00, 58.72it/s, loss=0.0007]
  Epoch 14/30:  64%|██████████████████████▎            | 37/58 [00:00<00:00, 58.72it/s, loss=0.0012]
  Epoch 14/30:  64%|██████████████████████▎            | 37/58 [00:00<00:00, 58.72it/s, loss=0.0012]
  Epoch 14/30:  64%|██████████████████████▎            | 37/58 [00:00<00:00, 58.72it/s, loss=0.0007]
  Epoch 14/30:  64%|██████████████████████▎            | 37/58 [00:00<00:00, 58.72it/s, loss=0.0008]
  Epoch 14/30:  76%|██████████████████████████▌        | 44/58 [00:00<00:00, 59.48it/s, loss=0.0008]
  Epoch 14/30:  76%|██████████████████████████▌        | 44/58 [00:00<00:00, 59.48it/s, loss=0.0006]
  Epoch 14/30:  76%|██████████████████████████▌        | 44/58 [00:00<00:00, 59.48it/s, loss=0.0004]
  Epoch 14/30:  76%|██████████████████████████▌        | 44/58 [00:00<00:00, 59.48it/s, loss=0.0004]
  Epoch 14/30:  76%|██████████████████████████▌        | 44/58 [00:00<00:00, 59.48it/s, loss=0.0005]
  Epoch 14/30:  76%|██████████████████████████▌        | 44/58 [00:00<00:00, 59.48it/s, loss=0.0003]
  Epoch 14/30:  76%|██████████████████████████▌        | 44/58 [00:00<00:00, 59.48it/s, loss=0.0010]
  Epoch 14/30:  76%|██████████████████████████▌        | 44/58 [00:00<00:00, 59.48it/s, loss=0.0010]
  Epoch 14/30:  88%|██████████████████████████████▊    | 51/58 [00:00<00:00, 59.75it/s, loss=0.0010]
  Epoch 14/30:  88%|██████████████████████████████▊    | 51/58 [00:00<00:00, 59.75it/s, loss=0.0011]
  Epoch 14/30:  88%|██████████████████████████████▊    | 51/58 [00:00<00:00, 59.75it/s, loss=0.0003]
  Epoch 14/30:  88%|██████████████████████████████▊    | 51/58 [00:00<00:00, 59.75it/s, loss=0.0004]
  Epoch 14/30:  88%|██████████████████████████████▊    | 51/58 [00:00<00:00, 59.75it/s, loss=0.0015]
  Epoch 14/30:  88%|██████████████████████████████▊    | 51/58 [00:00<00:00, 59.75it/s, loss=0.0004]
  Epoch 14/30:  88%|██████████████████████████████▊    | 51/58 [00:00<00:00, 59.75it/s, loss=0.0004]
  Epoch 14/30:  88%|██████████████████████████████▊    | 51/58 [00:00<00:00, 59.75it/s, loss=0.0001]
  Epoch 14/30: 100%|███████████████████████████████████| 58/58 [00:00<00:00, 61.11it/s, loss=0.0001]
                                                                                                    

  Epoch 15/30:   0%|                                                         | 0/58 [00:00<?, ?it/s]
  Epoch 15/30:   0%|                                            | 0/58 [00:00<?, ?it/s, loss=0.0008]
  Epoch 15/30:   0%|                                            | 0/58 [00:00<?, ?it/s, loss=0.0021]
  Epoch 15/30:   0%|                                            | 0/58 [00:00<?, ?it/s, loss=0.0015]
  Epoch 15/30:   0%|                                            | 0/58 [00:00<?, ?it/s, loss=0.0018]
  Epoch 15/30:   0%|                                            | 0/58 [00:00<?, ?it/s, loss=0.0009]
  Epoch 15/30:   0%|                                            | 0/58 [00:00<?, ?it/s, loss=0.0004]
  Epoch 15/30:  10%|███▋                                | 6/58 [00:00<00:00, 58.94it/s, loss=0.0004]
  Epoch 15/30:  10%|███▋                                | 6/58 [00:00<00:00, 58.94it/s, loss=0.0004]
  Epoch 15/30:  10%|███▋                                | 6/58 [00:00<00:00, 58.94it/s, loss=0.0005]
  Epoch 15/30:  10%|███▋                                | 6/58 [00:00<00:00, 58.94it/s, loss=0.0004]
  Epoch 15/30:  10%|███▋                                | 6/58 [00:00<00:00, 58.94it/s, loss=0.0004]
  Epoch 15/30:  10%|███▋                                | 6/58 [00:00<00:00, 58.94it/s, loss=0.0003]
  Epoch 15/30:  10%|███▋                                | 6/58 [00:00<00:00, 58.94it/s, loss=0.0005]
  Epoch 15/30:  10%|███▋                                | 6/58 [00:00<00:00, 58.94it/s, loss=0.0004]
  Epoch 15/30:  22%|███████▊                           | 13/58 [00:00<00:00, 59.80it/s, loss=0.0004]
  Epoch 15/30:  22%|███████▊                           | 13/58 [00:00<00:00, 59.80it/s, loss=0.0010]
  Epoch 15/30:  22%|███████▊                           | 13/58 [00:00<00:00, 59.80it/s, loss=0.0003]
  Epoch 15/30:  22%|███████▊                           | 13/58 [00:00<00:00, 59.80it/s, loss=0.0013]
  Epoch 15/30:  22%|███████▊                           | 13/58 [00:00<00:00, 59.80it/s, loss=0.0005]
  Epoch 15/30:  22%|███████▊                           | 13/58 [00:00<00:00, 59.80it/s, loss=0.0005]
  Epoch 15/30:  22%|███████▊                           | 13/58 [00:00<00:00, 59.80it/s, loss=0.0008]
  Epoch 15/30:  22%|███████▊                           | 13/58 [00:00<00:00, 59.80it/s, loss=0.0005]
  Epoch 15/30:  34%|████████████                       | 20/58 [00:00<00:00, 58.23it/s, loss=0.0005]
  Epoch 15/30:  34%|████████████                       | 20/58 [00:00<00:00, 58.23it/s, loss=0.0007]
  Epoch 15/30:  34%|████████████                       | 20/58 [00:00<00:00, 58.23it/s, loss=0.0003]
  Epoch 15/30:  34%|████████████                       | 20/58 [00:00<00:00, 58.23it/s, loss=0.0006]
  Epoch 15/30:  34%|████████████                       | 20/58 [00:00<00:00, 58.23it/s, loss=0.0003]
  Epoch 15/30:  34%|████████████                       | 20/58 [00:00<00:00, 58.23it/s, loss=0.0006]
  Epoch 15/30:  34%|████████████                       | 20/58 [00:00<00:00, 58.23it/s, loss=0.0006]
  Epoch 15/30:  45%|███████████████▋                   | 26/58 [00:00<00:00, 51.54it/s, loss=0.0006]
  Epoch 15/30:  45%|███████████████▋                   | 26/58 [00:00<00:00, 51.54it/s, loss=0.0009]
  Epoch 15/30:  45%|███████████████▋                   | 26/58 [00:00<00:00, 51.54it/s, loss=0.0005]
  Epoch 15/30:  45%|███████████████▋                   | 26/58 [00:00<00:00, 51.54it/s, loss=0.0009]
  Epoch 15/30:  45%|███████████████▋                   | 26/58 [00:00<00:00, 51.54it/s, loss=0.0008]
  Epoch 15/30:  45%|███████████████▋                   | 26/58 [00:00<00:00, 51.54it/s, loss=0.0003]
  Epoch 15/30:  45%|███████████████▋                   | 26/58 [00:00<00:00, 51.54it/s, loss=0.0007]
  Epoch 15/30:  45%|███████████████▋                   | 26/58 [00:00<00:00, 51.54it/s, loss=0.0012]
  Epoch 15/30:  57%|███████████████████▉               | 33/58 [00:00<00:00, 54.19it/s, loss=0.0012]
  Epoch 15/30:  57%|███████████████████▉               | 33/58 [00:00<00:00, 54.19it/s, loss=0.0010]
  Epoch 15/30:  57%|███████████████████▉               | 33/58 [00:00<00:00, 54.19it/s, loss=0.0006]
  Epoch 15/30:  57%|███████████████████▉               | 33/58 [00:00<00:00, 54.19it/s, loss=0.0007]
  Epoch 15/30:  57%|███████████████████▉               | 33/58 [00:00<00:00, 54.19it/s, loss=0.0006]
  Epoch 15/30:  57%|███████████████████▉               | 33/58 [00:00<00:00, 54.19it/s, loss=0.0024]
  Epoch 15/30:  57%|███████████████████▉               | 33/58 [00:00<00:00, 54.19it/s, loss=0.0003]
  Epoch 15/30:  57%|███████████████████▉               | 33/58 [00:00<00:00, 54.19it/s, loss=0.0003]
  Epoch 15/30:  69%|████████████████████████▏          | 40/58 [00:00<00:00, 56.69it/s, loss=0.0003]
  Epoch 15/30:  69%|████████████████████████▏          | 40/58 [00:00<00:00, 56.69it/s, loss=0.0009]
  Epoch 15/30:  69%|████████████████████████▏          | 40/58 [00:00<00:00, 56.69it/s, loss=0.0011]
  Epoch 15/30:  69%|████████████████████████▏          | 40/58 [00:00<00:00, 56.69it/s, loss=0.0015]
  Epoch 15/30:  69%|████████████████████████▏          | 40/58 [00:00<00:00, 56.69it/s, loss=0.0010]
  Epoch 15/30:  69%|████████████████████████▏          | 40/58 [00:00<00:00, 56.69it/s, loss=0.0009]
  Epoch 15/30:  69%|████████████████████████▏          | 40/58 [00:00<00:00, 56.69it/s, loss=0.0010]
  Epoch 15/30:  69%|████████████████████████▏          | 40/58 [00:00<00:00, 56.69it/s, loss=0.0008]
  Epoch 15/30:  81%|████████████████████████████▎      | 47/58 [00:00<00:00, 58.26it/s, loss=0.0008]
  Epoch 15/30:  81%|████████████████████████████▎      | 47/58 [00:00<00:00, 58.26it/s, loss=0.0010]
  Epoch 15/30:  81%|████████████████████████████▎      | 47/58 [00:00<00:00, 58.26it/s, loss=0.0008]
  Epoch 15/30:  81%|████████████████████████████▎      | 47/58 [00:00<00:00, 58.26it/s, loss=0.0004]
  Epoch 15/30:  81%|████████████████████████████▎      | 47/58 [00:00<00:00, 58.26it/s, loss=0.0019]
  Epoch 15/30:  81%|████████████████████████████▎      | 47/58 [00:00<00:00, 58.26it/s, loss=0.0015]
  Epoch 15/30:  81%|████████████████████████████▎      | 47/58 [00:00<00:00, 58.26it/s, loss=0.0008]
  Epoch 15/30:  91%|███████████████████████████████▉   | 53/58 [00:00<00:00, 57.99it/s, loss=0.0008]
  Epoch 15/30:  91%|███████████████████████████████▉   | 53/58 [00:00<00:00, 57.99it/s, loss=0.0009]
  Epoch 15/30:  91%|███████████████████████████████▉   | 53/58 [00:00<00:00, 57.99it/s, loss=0.0010]
  Epoch 15/30:  91%|███████████████████████████████▉   | 53/58 [00:00<00:00, 57.99it/s, loss=0.0015]
  Epoch 15/30:  91%|███████████████████████████████▉   | 53/58 [00:00<00:00, 57.99it/s, loss=0.0008]
  Epoch 15/30:  91%|███████████████████████████████▉   | 53/58 [00:01<00:00, 57.99it/s, loss=0.0003]
                                                                                                    
  Epoch 15/30 │ Loss: 0.0008 │ T+1: 0.8401 │ T+2: 0.5808 │ T+3: 0.4653

  Epoch 16/30:   0%|                                                         | 0/58 [00:00<?, ?it/s]
  Epoch 16/30:   0%|                                            | 0/58 [00:00<?, ?it/s, loss=0.0005]
  Epoch 16/30:   0%|                                            | 0/58 [00:00<?, ?it/s, loss=0.0010]
  Epoch 16/30:   0%|                                            | 0/58 [00:00<?, ?it/s, loss=0.0005]
  Epoch 16/30:   0%|                                            | 0/58 [00:00<?, ?it/s, loss=0.0011]
  Epoch 16/30:   0%|                                            | 0/58 [00:00<?, ?it/s, loss=0.0007]
  Epoch 16/30:   0%|                                            | 0/58 [00:00<?, ?it/s, loss=0.0003]
  Epoch 16/30:  10%|███▋                                | 6/58 [00:00<00:00, 54.70it/s, loss=0.0003]
  Epoch 16/30:  10%|███▋                                | 6/58 [00:00<00:00, 54.70it/s, loss=0.0007]
  Epoch 16/30:  10%|███▋                                | 6/58 [00:00<00:00, 54.70it/s, loss=0.0008]
  Epoch 16/30:  10%|███▋                                | 6/58 [00:00<00:00, 54.70it/s, loss=0.0010]
  Epoch 16/30:  10%|███▋                                | 6/58 [00:00<00:00, 54.70it/s, loss=0.0004]
  Epoch 16/30:  10%|███▋                                | 6/58 [00:00<00:00, 54.70it/s, loss=0.0006]
  Epoch 16/30:  10%|███▋                                | 6/58 [00:00<00:00, 54.70it/s, loss=0.0012]
  Epoch 16/30:  21%|███████▏                           | 12/58 [00:00<00:00, 56.96it/s, loss=0.0012]
  Epoch 16/30:  21%|███████▏                           | 12/58 [00:00<00:00, 56.96it/s, loss=0.0008]
  Epoch 16/30:  21%|███████▏                           | 12/58 [00:00<00:00, 56.96it/s, loss=0.0009]
  Epoch 16/30:  21%|███████▏                           | 12/58 [00:00<00:00, 56.96it/s, loss=0.0013]
  Epoch 16/30:  21%|███████▏                           | 12/58 [00:00<00:00, 56.96it/s, loss=0.0010]
  Epoch 16/30:  21%|███████▏                           | 12/58 [00:00<00:00, 56.96it/s, loss=0.0009]
  Epoch 16/30:  21%|███████▏                           | 12/58 [00:00<00:00, 56.96it/s, loss=0.0006]
  Epoch 16/30:  21%|███████▏                           | 12/58 [00:00<00:00, 56.96it/s, loss=0.0007]
  Epoch 16/30:  33%|███████████▍                       | 19/58 [00:00<00:00, 59.38it/s, loss=0.0007]
  Epoch 16/30:  33%|███████████▍                       | 19/58 [00:00<00:00, 59.38it/s, loss=0.0011]
  Epoch 16/30:  33%|███████████▍                       | 19/58 [00:00<00:00, 59.38it/s, loss=0.0028]
  Epoch 16/30:  33%|███████████▍                       | 19/58 [00:00<00:00, 59.38it/s, loss=0.0010]
  Epoch 16/30:  33%|███████████▍                       | 19/58 [00:00<00:00, 59.38it/s, loss=0.0013]
  Epoch 16/30:  33%|███████████▍                       | 19/58 [00:00<00:00, 59.38it/s, loss=0.0008]
  Epoch 16/30:  33%|███████████▍                       | 19/58 [00:00<00:00, 59.38it/s, loss=0.0004]
  Epoch 16/30:  43%|███████████████                    | 25/58 [00:00<00:00, 58.74it/s, loss=0.0004]
  Epoch 16/30:  43%|███████████████                    | 25/58 [00:00<00:00, 58.74it/s, loss=0.0006]
  Epoch 16/30:  43%|███████████████                    | 25/58 [00:00<00:00, 58.74it/s, loss=0.0006]
  Epoch 16/30:  43%|███████████████                    | 25/58 [00:00<00:00, 58.74it/s, loss=0.0011]
  Epoch 16/30:  43%|███████████████                    | 25/58 [00:00<00:00, 58.74it/s, loss=0.0003]
  Epoch 16/30:  43%|███████████████                    | 25/58 [00:00<00:00, 58.74it/s, loss=0.0014]
  Epoch 16/30:  43%|███████████████                    | 25/58 [00:00<00:00, 58.74it/s, loss=0.0003]
  Epoch 16/30:  43%|███████████████                    | 25/58 [00:00<00:00, 58.74it/s, loss=0.0012]
  Epoch 16/30:  55%|███████████████████▎               | 32/58 [00:00<00:00, 59.59it/s, loss=0.0012]
  Epoch 16/30:  55%|███████████████████▎               | 32/58 [00:00<00:00, 59.59it/s, loss=0.0006]
  Epoch 16/30:  55%|███████████████████▎               | 32/58 [00:00<00:00, 59.59it/s, loss=0.0020]
  Epoch 16/30:  55%|███████████████████▎               | 32/58 [00:00<00:00, 59.59it/s, loss=0.0004]
  Epoch 16/30:  55%|███████████████████▎               | 32/58 [00:00<00:00, 59.59it/s, loss=0.0008]
  Epoch 16/30:  55%|███████████████████▎               | 32/58 [00:00<00:00, 59.59it/s, loss=0.0007]
  Epoch 16/30:  55%|███████████████████▎               | 32/58 [00:00<00:00, 59.59it/s, loss=0.0005]
  Epoch 16/30:  55%|███████████████████▎               | 32/58 [00:00<00:00, 59.59it/s, loss=0.0010]
  Epoch 16/30:  67%|███████████████████████▌           | 39/58 [00:00<00:00, 59.82it/s, loss=0.0010]
  Epoch 16/30:  67%|███████████████████████▌           | 39/58 [00:00<00:00, 59.82it/s, loss=0.0007]
  Epoch 16/30:  67%|███████████████████████▌           | 39/58 [00:00<00:00, 59.82it/s, loss=0.0004]
  Epoch 16/30:  67%|███████████████████████▌           | 39/58 [00:00<00:00, 59.82it/s, loss=0.0014]
  Epoch 16/30:  67%|███████████████████████▌           | 39/58 [00:00<00:00, 59.82it/s, loss=0.0013]
  Epoch 16/30:  67%|███████████████████████▌           | 39/58 [00:00<00:00, 59.82it/s, loss=0.0009]
  Epoch 16/30:  67%|███████████████████████▌           | 39/58 [00:00<00:00, 59.82it/s, loss=0.0005]
  Epoch 16/30:  78%|███████████████████████████▏       | 45/58 [00:00<00:00, 59.36it/s, loss=0.0005]
  Epoch 16/30:  78%|███████████████████████████▏       | 45/58 [00:00<00:00, 59.36it/s, loss=0.0006]
  Epoch 16/30:  78%|███████████████████████████▏       | 45/58 [00:00<00:00, 59.36it/s, loss=0.0007]
  Epoch 16/30:  78%|███████████████████████████▏       | 45/58 [00:00<00:00, 59.36it/s, loss=0.0005]
  Epoch 16/30:  78%|███████████████████████████▏       | 45/58 [00:00<00:00, 59.36it/s, loss=0.0001]
  Epoch 16/30:  78%|███████████████████████████▏       | 45/58 [00:00<00:00, 59.36it/s, loss=0.0008]
  Epoch 16/30:  78%|███████████████████████████▏       | 45/58 [00:00<00:00, 59.36it/s, loss=0.0003]
  Epoch 16/30:  78%|███████████████████████████▏       | 45/58 [00:00<00:00, 59.36it/s, loss=0.0003]
  Epoch 16/30:  90%|███████████████████████████████▍   | 52/58 [00:00<00:00, 59.75it/s, loss=0.0003]
  Epoch 16/30:  90%|███████████████████████████████▍   | 52/58 [00:00<00:00, 59.75it/s, loss=0.0005]
  Epoch 16/30:  90%|███████████████████████████████▍   | 52/58 [00:00<00:00, 59.75it/s, loss=0.0011]
  Epoch 16/30:  90%|███████████████████████████████▍   | 52/58 [00:00<00:00, 59.75it/s, loss=0.0007]
  Epoch 16/30:  90%|███████████████████████████████▍   | 52/58 [00:00<00:00, 59.75it/s, loss=0.0006]
  Epoch 16/30:  90%|███████████████████████████████▍   | 52/58 [00:00<00:00, 59.75it/s, loss=0.0007]
  Epoch 16/30:  90%|███████████████████████████████▍   | 52/58 [00:00<00:00, 59.75it/s, loss=0.0003]
                                                                                                    

  Epoch 17/30:   0%|                                                         | 0/58 [00:00<?, ?it/s]
  Epoch 17/30:   0%|                                            | 0/58 [00:00<?, ?it/s, loss=0.0008]
  Epoch 17/30:   0%|                                            | 0/58 [00:00<?, ?it/s, loss=0.0008]
  Epoch 17/30:   0%|                                            | 0/58 [00:00<?, ?it/s, loss=0.0005]
  Epoch 17/30:   0%|                                            | 0/58 [00:00<?, ?it/s, loss=0.0009]
  Epoch 17/30:   0%|                                            | 0/58 [00:00<?, ?it/s, loss=0.0009]
  Epoch 17/30:   0%|                                            | 0/58 [00:00<?, ?it/s, loss=0.0013]
  Epoch 17/30:   0%|                                            | 0/58 [00:00<?, ?it/s, loss=0.0018]
  Epoch 17/30:  12%|████▎                               | 7/58 [00:00<00:00, 61.26it/s, loss=0.0018]
  Epoch 17/30:  12%|████▎                               | 7/58 [00:00<00:00, 61.26it/s, loss=0.0004]
  Epoch 17/30:  12%|████▎                               | 7/58 [00:00<00:00, 61.26it/s, loss=0.0005]
  Epoch 17/30:  12%|████▎                               | 7/58 [00:00<00:00, 61.26it/s, loss=0.0017]
  Epoch 17/30:  12%|████▎                               | 7/58 [00:00<00:00, 61.26it/s, loss=0.0003]
  Epoch 17/30:  12%|████▎                               | 7/58 [00:00<00:00, 61.26it/s, loss=0.0005]
  Epoch 17/30:  12%|████▎                               | 7/58 [00:00<00:00, 61.26it/s, loss=0.0005]
  Epoch 17/30:  12%|████▎                               | 7/58 [00:00<00:00, 61.26it/s, loss=0.0004]
  Epoch 17/30:  24%|████████▍                          | 14/58 [00:00<00:00, 60.75it/s, loss=0.0004]
  Epoch 17/30:  24%|████████▍                          | 14/58 [00:00<00:00, 60.75it/s, loss=0.0004]
  Epoch 17/30:  24%|████████▍                          | 14/58 [00:00<00:00, 60.75it/s, loss=0.0005]
  Epoch 17/30:  24%|████████▍                          | 14/58 [00:00<00:00, 60.75it/s, loss=0.0011]
  Epoch 17/30:  24%|████████▍                          | 14/58 [00:00<00:00, 60.75it/s, loss=0.0004]
  Epoch 17/30:  24%|████████▍                          | 14/58 [00:00<00:00, 60.75it/s, loss=0.0020]
  Epoch 17/30:  24%|████████▍                          | 14/58 [00:00<00:00, 60.75it/s, loss=0.0004]
  Epoch 17/30:  24%|████████▍                          | 14/58 [00:00<00:00, 60.75it/s, loss=0.0019]
  Epoch 17/30:  36%|████████████▋                      | 21/58 [00:00<00:00, 60.45it/s, loss=0.0019]
  Epoch 17/30:  36%|████████████▋                      | 21/58 [00:00<00:00, 60.45it/s, loss=0.0007]
  Epoch 17/30:  36%|████████████▋                      | 21/58 [00:00<00:00, 60.45it/s, loss=0.0010]
  Epoch 17/30:  36%|████████████▋                      | 21/58 [00:00<00:00, 60.45it/s, loss=0.0013]
  Epoch 17/30:  36%|████████████▋                      | 21/58 [00:00<00:00, 60.45it/s, loss=0.0004]
  Epoch 17/30:  36%|████████████▋                      | 21/58 [00:00<00:00, 60.45it/s, loss=0.0006]
  Epoch 17/30:  36%|████████████▋                      | 21/58 [00:00<00:00, 60.45it/s, loss=0.0008]
  Epoch 17/30:  36%|████████████▋                      | 21/58 [00:00<00:00, 60.45it/s, loss=0.0007]
  Epoch 17/30:  48%|████████████████▉                  | 28/58 [00:00<00:00, 61.48it/s, loss=0.0007]
  Epoch 17/30:  48%|████████████████▉                  | 28/58 [00:00<00:00, 61.48it/s, loss=0.0007]
  Epoch 17/30:  48%|████████████████▉                  | 28/58 [00:00<00:00, 61.48it/s, loss=0.0004]
  Epoch 17/30:  48%|████████████████▉                  | 28/58 [00:00<00:00, 61.48it/s, loss=0.0007]
  Epoch 17/30:  48%|████████████████▉                  | 28/58 [00:00<00:00, 61.48it/s, loss=0.0015]
  Epoch 17/30:  48%|████████████████▉                  | 28/58 [00:00<00:00, 61.48it/s, loss=0.0012]
  Epoch 17/30:  48%|████████████████▉                  | 28/58 [00:00<00:00, 61.48it/s, loss=0.0007]
  Epoch 17/30:  48%|████████████████▉                  | 28/58 [00:00<00:00, 61.48it/s, loss=0.0007]
  Epoch 17/30:  60%|█████████████████████              | 35/58 [00:00<00:00, 60.21it/s, loss=0.0007]
  Epoch 17/30:  60%|█████████████████████              | 35/58 [00:00<00:00, 60.21it/s, loss=0.0013]
  Epoch 17/30:  60%|█████████████████████              | 35/58 [00:00<00:00, 60.21it/s, loss=0.0011]
  Epoch 17/30:  60%|█████████████████████              | 35/58 [00:00<00:00, 60.21it/s, loss=0.0006]
  Epoch 17/30:  60%|█████████████████████              | 35/58 [00:00<00:00, 60.21it/s, loss=0.0025]
  Epoch 17/30:  60%|█████████████████████              | 35/58 [00:00<00:00, 60.21it/s, loss=0.0005]
  Epoch 17/30:  60%|█████████████████████              | 35/58 [00:00<00:00, 60.21it/s, loss=0.0006]
  Epoch 17/30:  60%|█████████████████████              | 35/58 [00:00<00:00, 60.21it/s, loss=0.0007]
  Epoch 17/30:  72%|█████████████████████████▎         | 42/58 [00:00<00:00, 59.64it/s, loss=0.0007]
  Epoch 17/30:  72%|█████████████████████████▎         | 42/58 [00:00<00:00, 59.64it/s, loss=0.0003]
  Epoch 17/30:  72%|█████████████████████████▎         | 42/58 [00:00<00:00, 59.64it/s, loss=0.0005]
  Epoch 17/30:  72%|█████████████████████████▎         | 42/58 [00:00<00:00, 59.64it/s, loss=0.0007]
  Epoch 17/30:  72%|█████████████████████████▎         | 42/58 [00:00<00:00, 59.64it/s, loss=0.0007]
  Epoch 17/30:  72%|█████████████████████████▎         | 42/58 [00:00<00:00, 59.64it/s, loss=0.0003]
  Epoch 17/30:  72%|█████████████████████████▎         | 42/58 [00:00<00:00, 59.64it/s, loss=0.0008]
  Epoch 17/30:  83%|████████████████████████████▉      | 48/58 [00:00<00:00, 59.73it/s, loss=0.0008]
  Epoch 17/30:  83%|████████████████████████████▉      | 48/58 [00:00<00:00, 59.73it/s, loss=0.0008]
  Epoch 17/30:  83%|████████████████████████████▉      | 48/58 [00:00<00:00, 59.73it/s, loss=0.0008]
  Epoch 17/30:  83%|████████████████████████████▉      | 48/58 [00:00<00:00, 59.73it/s, loss=0.0011]
  Epoch 17/30:  83%|████████████████████████████▉      | 48/58 [00:00<00:00, 59.73it/s, loss=0.0006]
  Epoch 17/30:  83%|████████████████████████████▉      | 48/58 [00:00<00:00, 59.73it/s, loss=0.0005]
  Epoch 17/30:  83%|████████████████████████████▉      | 48/58 [00:00<00:00, 59.73it/s, loss=0.0005]
  Epoch 17/30:  83%|████████████████████████████▉      | 48/58 [00:00<00:00, 59.73it/s, loss=0.0006]
  Epoch 17/30:  95%|█████████████████████████████████▏ | 55/58 [00:00<00:00, 59.90it/s, loss=0.0006]
  Epoch 17/30:  95%|█████████████████████████████████▏ | 55/58 [00:00<00:00, 59.90it/s, loss=0.0006]
  Epoch 17/30:  95%|█████████████████████████████████▏ | 55/58 [00:00<00:00, 59.90it/s, loss=0.0008]
  Epoch 17/30:  95%|█████████████████████████████████▏ | 55/58 [00:00<00:00, 59.90it/s, loss=0.0019]
                                                                                                    

  Epoch 18/30:   0%|                                                         | 0/58 [00:00<?, ?it/s]
  Epoch 18/30:   0%|                                            | 0/58 [00:00<?, ?it/s, loss=0.0005]
  Epoch 18/30:   0%|                                            | 0/58 [00:00<?, ?it/s, loss=0.0007]
  Epoch 18/30:   0%|                                            | 0/58 [00:00<?, ?it/s, loss=0.0006]
  Epoch 18/30:   0%|                                            | 0/58 [00:00<?, ?it/s, loss=0.0013]
  Epoch 18/30:   0%|                                            | 0/58 [00:00<?, ?it/s, loss=0.0005]
  Epoch 18/30:   9%|███                                 | 5/58 [00:00<00:01, 49.99it/s, loss=0.0005]
  Epoch 18/30:   9%|███                                 | 5/58 [00:00<00:01, 49.99it/s, loss=0.0004]
  Epoch 18/30:   9%|███                                 | 5/58 [00:00<00:01, 49.99it/s, loss=0.0006]
  Epoch 18/30:   9%|███                                 | 5/58 [00:00<00:01, 49.99it/s, loss=0.0005]
  Epoch 18/30:   9%|███                                 | 5/58 [00:00<00:01, 49.99it/s, loss=0.0007]
  Epoch 18/30:   9%|███                                 | 5/58 [00:00<00:01, 49.99it/s, loss=0.0008]
  Epoch 18/30:   9%|███                                 | 5/58 [00:00<00:01, 49.99it/s, loss=0.0005]
  Epoch 18/30:  19%|██████▋                            | 11/58 [00:00<00:00, 51.30it/s, loss=0.0005]
  Epoch 18/30:  19%|██████▋                            | 11/58 [00:00<00:00, 51.30it/s, loss=0.0002]
  Epoch 18/30:  19%|██████▋                            | 11/58 [00:00<00:00, 51.30it/s, loss=0.0008]
  Epoch 18/30:  19%|██████▋                            | 11/58 [00:00<00:00, 51.30it/s, loss=0.0006]
  Epoch 18/30:  19%|██████▋                            | 11/58 [00:00<00:00, 51.30it/s, loss=0.0005]
  Epoch 18/30:  19%|██████▋                            | 11/58 [00:00<00:00, 51.30it/s, loss=0.0003]
  Epoch 18/30:  19%|██████▋                            | 11/58 [00:00<00:00, 51.30it/s, loss=0.0007]
  Epoch 18/30:  29%|██████████▎                        | 17/58 [00:00<00:00, 54.75it/s, loss=0.0007]
  Epoch 18/30:  29%|██████████▎                        | 17/58 [00:00<00:00, 54.75it/s, loss=0.0007]
  Epoch 18/30:  29%|██████████▎                        | 17/58 [00:00<00:00, 54.75it/s, loss=0.0017]
  Epoch 18/30:  29%|██████████▎                        | 17/58 [00:00<00:00, 54.75it/s, loss=0.0013]
  Epoch 18/30:  29%|██████████▎                        | 17/58 [00:00<00:00, 54.75it/s, loss=0.0003]
  Epoch 18/30:  29%|██████████▎                        | 17/58 [00:00<00:00, 54.75it/s, loss=0.0008]
  Epoch 18/30:  29%|██████████▎                        | 17/58 [00:00<00:00, 54.75it/s, loss=0.0003]
  Epoch 18/30:  29%|██████████▎                        | 17/58 [00:00<00:00, 54.75it/s, loss=0.0008]
  Epoch 18/30:  41%|██████████████▍                    | 24/58 [00:00<00:00, 57.07it/s, loss=0.0008]
  Epoch 18/30:  41%|██████████████▍                    | 24/58 [00:00<00:00, 57.07it/s, loss=0.0020]
  Epoch 18/30:  41%|██████████████▍                    | 24/58 [00:00<00:00, 57.07it/s, loss=0.0012]
  Epoch 18/30:  41%|██████████████▍                    | 24/58 [00:00<00:00, 57.07it/s, loss=0.0007]
  Epoch 18/30:  41%|██████████████▍                    | 24/58 [00:00<00:00, 57.07it/s, loss=0.0005]
  Epoch 18/30:  41%|██████████████▍                    | 24/58 [00:00<00:00, 57.07it/s, loss=0.0013]
  Epoch 18/30:  41%|██████████████▍                    | 24/58 [00:00<00:00, 57.07it/s, loss=0.0012]
  Epoch 18/30:  52%|██████████████████                 | 30/58 [00:00<00:00, 55.94it/s, loss=0.0012]
  Epoch 18/30:  52%|██████████████████                 | 30/58 [00:00<00:00, 55.94it/s, loss=0.0009]
  Epoch 18/30:  52%|██████████████████                 | 30/58 [00:00<00:00, 55.94it/s, loss=0.0011]
  Epoch 18/30:  52%|██████████████████                 | 30/58 [00:00<00:00, 55.94it/s, loss=0.0007]
  Epoch 18/30:  52%|██████████████████                 | 30/58 [00:00<00:00, 55.94it/s, loss=0.0003]
  Epoch 18/30:  52%|██████████████████                 | 30/58 [00:00<00:00, 55.94it/s, loss=0.0018]
  Epoch 18/30:  52%|██████████████████                 | 30/58 [00:00<00:00, 55.94it/s, loss=0.0011]
  Epoch 18/30:  62%|█████████████████████▋             | 36/58 [00:00<00:00, 56.09it/s, loss=0.0011]
  Epoch 18/30:  62%|█████████████████████▋             | 36/58 [00:00<00:00, 56.09it/s, loss=0.0009]
  Epoch 18/30:  62%|█████████████████████▋             | 36/58 [00:00<00:00, 56.09it/s, loss=0.0007]
  Epoch 18/30:  62%|█████████████████████▋             | 36/58 [00:00<00:00, 56.09it/s, loss=0.0009]
  Epoch 18/30:  62%|█████████████████████▋             | 36/58 [00:00<00:00, 56.09it/s, loss=0.0018]
  Epoch 18/30:  62%|█████████████████████▋             | 36/58 [00:00<00:00, 56.09it/s, loss=0.0012]
  Epoch 18/30:  62%|█████████████████████▋             | 36/58 [00:00<00:00, 56.09it/s, loss=0.0013]
  Epoch 18/30:  72%|█████████████████████████▎         | 42/58 [00:00<00:00, 57.29it/s, loss=0.0013]
  Epoch 18/30:  72%|█████████████████████████▎         | 42/58 [00:00<00:00, 57.29it/s, loss=0.0004]
  Epoch 18/30:  72%|█████████████████████████▎         | 42/58 [00:00<00:00, 57.29it/s, loss=0.0003]
  Epoch 18/30:  72%|█████████████████████████▎         | 42/58 [00:00<00:00, 57.29it/s, loss=0.0016]
  Epoch 18/30:  72%|█████████████████████████▎         | 42/58 [00:00<00:00, 57.29it/s, loss=0.0007]
  Epoch 18/30:  72%|█████████████████████████▎         | 42/58 [00:00<00:00, 57.29it/s, loss=0.0028]
  Epoch 18/30:  72%|█████████████████████████▎         | 42/58 [00:00<00:00, 57.29it/s, loss=0.0006]
  Epoch 18/30:  83%|████████████████████████████▉      | 48/58 [00:00<00:00, 56.39it/s, loss=0.0006]
  Epoch 18/30:  83%|████████████████████████████▉      | 48/58 [00:00<00:00, 56.39it/s, loss=0.0002]
  Epoch 18/30:  83%|████████████████████████████▉      | 48/58 [00:00<00:00, 56.39it/s, loss=0.0004]
  Epoch 18/30:  83%|████████████████████████████▉      | 48/58 [00:00<00:00, 56.39it/s, loss=0.0007]
  Epoch 18/30:  83%|████████████████████████████▉      | 48/58 [00:00<00:00, 56.39it/s, loss=0.0004]
  Epoch 18/30:  83%|████████████████████████████▉      | 48/58 [00:00<00:00, 56.39it/s, loss=0.0006]
  Epoch 18/30:  83%|████████████████████████████▉      | 48/58 [00:00<00:00, 56.39it/s, loss=0.0005]
  Epoch 18/30:  93%|████████████████████████████████▌  | 54/58 [00:00<00:00, 57.04it/s, loss=0.0005]
  Epoch 18/30:  93%|████████████████████████████████▌  | 54/58 [00:00<00:00, 57.04it/s, loss=0.0008]
  Epoch 18/30:  93%|████████████████████████████████▌  | 54/58 [00:00<00:00, 57.04it/s, loss=0.0005]
  Epoch 18/30:  93%|████████████████████████████████▌  | 54/58 [00:01<00:00, 57.04it/s, loss=0.0012]
  Epoch 18/30:  93%|████████████████████████████████▌  | 54/58 [00:01<00:00, 57.04it/s, loss=0.0000]
                                                                                                    

  Epoch 19/30:   0%|                                                         | 0/58 [00:00<?, ?it/s]
  Epoch 19/30:   0%|                                            | 0/58 [00:00<?, ?it/s, loss=0.0008]
  Epoch 19/30:   0%|                                            | 0/58 [00:00<?, ?it/s, loss=0.0011]
  Epoch 19/30:   0%|                                            | 0/58 [00:00<?, ?it/s, loss=0.0006]
  Epoch 19/30:   0%|                                            | 0/58 [00:00<?, ?it/s, loss=0.0003]
  Epoch 19/30:   0%|                                            | 0/58 [00:00<?, ?it/s, loss=0.0006]
  Epoch 19/30:   0%|                                            | 0/58 [00:00<?, ?it/s, loss=0.0011]
  Epoch 19/30:   0%|                                            | 0/58 [00:00<?, ?it/s, loss=0.0007]
  Epoch 19/30:  12%|████▎                               | 7/58 [00:00<00:00, 59.21it/s, loss=0.0007]
  Epoch 19/30:  12%|████▎                               | 7/58 [00:00<00:00, 59.21it/s, loss=0.0014]
  Epoch 19/30:  12%|████▎                               | 7/58 [00:00<00:00, 59.21it/s, loss=0.0014]
  Epoch 19/30:  12%|████▎                               | 7/58 [00:00<00:00, 59.21it/s, loss=0.0008]
  Epoch 19/30:  12%|████▎                               | 7/58 [00:00<00:00, 59.21it/s, loss=0.0010]
  Epoch 19/30:  12%|████▎                               | 7/58 [00:00<00:00, 59.21it/s, loss=0.0008]
  Epoch 19/30:  12%|████▎                               | 7/58 [00:00<00:00, 59.21it/s, loss=0.0009]
  Epoch 19/30:  22%|███████▊                           | 13/58 [00:00<00:00, 56.38it/s, loss=0.0009]
  Epoch 19/30:  22%|███████▊                           | 13/58 [00:00<00:00, 56.38it/s, loss=0.0006]
  Epoch 19/30:  22%|███████▊                           | 13/58 [00:00<00:00, 56.38it/s, loss=0.0010]
  Epoch 19/30:  22%|███████▊                           | 13/58 [00:00<00:00, 56.38it/s, loss=0.0007]
  Epoch 19/30:  22%|███████▊                           | 13/58 [00:00<00:00, 56.38it/s, loss=0.0008]
  Epoch 19/30:  22%|███████▊                           | 13/58 [00:00<00:00, 56.38it/s, loss=0.0007]
  Epoch 19/30:  22%|███████▊                           | 13/58 [00:00<00:00, 56.38it/s, loss=0.0006]
  Epoch 19/30:  33%|███████████▍                       | 19/58 [00:00<00:00, 57.46it/s, loss=0.0006]
  Epoch 19/30:  33%|███████████▍                       | 19/58 [00:00<00:00, 57.46it/s, loss=0.0006]
  Epoch 19/30:  33%|███████████▍                       | 19/58 [00:00<00:00, 57.46it/s, loss=0.0008]
  Epoch 19/30:  33%|███████████▍                       | 19/58 [00:00<00:00, 57.46it/s, loss=0.0002]
  Epoch 19/30:  33%|███████████▍                       | 19/58 [00:00<00:00, 57.46it/s, loss=0.0012]
  Epoch 19/30:  33%|███████████▍                       | 19/58 [00:00<00:00, 57.46it/s, loss=0.0003]
  Epoch 19/30:  33%|███████████▍                       | 19/58 [00:00<00:00, 57.46it/s, loss=0.0010]
  Epoch 19/30:  43%|███████████████                    | 25/58 [00:00<00:00, 56.11it/s, loss=0.0010]
  Epoch 19/30:  43%|███████████████                    | 25/58 [00:00<00:00, 56.11it/s, loss=0.0004]
  Epoch 19/30:  43%|███████████████                    | 25/58 [00:00<00:00, 56.11it/s, loss=0.0005]
  Epoch 19/30:  43%|███████████████                    | 25/58 [00:00<00:00, 56.11it/s, loss=0.0005]
  Epoch 19/30:  43%|███████████████                    | 25/58 [00:00<00:00, 56.11it/s, loss=0.0004]
  Epoch 19/30:  43%|███████████████                    | 25/58 [00:00<00:00, 56.11it/s, loss=0.0006]
  Epoch 19/30:  43%|███████████████                    | 25/58 [00:00<00:00, 56.11it/s, loss=0.0008]
  Epoch 19/30:  53%|██████████████████▋                | 31/58 [00:00<00:00, 55.24it/s, loss=0.0008]
  Epoch 19/30:  53%|██████████████████▋                | 31/58 [00:00<00:00, 55.24it/s, loss=0.0003]
  Epoch 19/30:  53%|██████████████████▋                | 31/58 [00:00<00:00, 55.24it/s, loss=0.0005]
  Epoch 19/30:  53%|██████████████████▋                | 31/58 [00:00<00:00, 55.24it/s, loss=0.0010]
  Epoch 19/30:  53%|██████████████████▋                | 31/58 [00:00<00:00, 55.24it/s, loss=0.0007]
  Epoch 19/30:  53%|██████████████████▋                | 31/58 [00:00<00:00, 55.24it/s, loss=0.0006]
  Epoch 19/30:  53%|██████████████████▋                | 31/58 [00:00<00:00, 55.24it/s, loss=0.0014]
  Epoch 19/30:  64%|██████████████████████▎            | 37/58 [00:00<00:00, 54.45it/s, loss=0.0014]
  Epoch 19/30:  64%|██████████████████████▎            | 37/58 [00:00<00:00, 54.45it/s, loss=0.0004]
  Epoch 19/30:  64%|██████████████████████▎            | 37/58 [00:00<00:00, 54.45it/s, loss=0.0011]
  Epoch 19/30:  64%|██████████████████████▎            | 37/58 [00:00<00:00, 54.45it/s, loss=0.0008]
  Epoch 19/30:  64%|██████████████████████▎            | 37/58 [00:00<00:00, 54.45it/s, loss=0.0007]
  Epoch 19/30:  64%|██████████████████████▎            | 37/58 [00:00<00:00, 54.45it/s, loss=0.0004]
  Epoch 19/30:  64%|██████████████████████▎            | 37/58 [00:00<00:00, 54.45it/s, loss=0.0006]
  Epoch 19/30:  74%|█████████████████████████▉         | 43/58 [00:00<00:00, 56.06it/s, loss=0.0006]
  Epoch 19/30:  74%|█████████████████████████▉         | 43/58 [00:00<00:00, 56.06it/s, loss=0.0009]
  Epoch 19/30:  74%|█████████████████████████▉         | 43/58 [00:00<00:00, 56.06it/s, loss=0.0006]
  Epoch 19/30:  74%|█████████████████████████▉         | 43/58 [00:00<00:00, 56.06it/s, loss=0.0004]
  Epoch 19/30:  74%|█████████████████████████▉         | 43/58 [00:00<00:00, 56.06it/s, loss=0.0003]
  Epoch 19/30:  74%|█████████████████████████▉         | 43/58 [00:00<00:00, 56.06it/s, loss=0.0007]
  Epoch 19/30:  74%|█████████████████████████▉         | 43/58 [00:00<00:00, 56.06it/s, loss=0.0014]
  Epoch 19/30:  84%|█████████████████████████████▌     | 49/58 [00:00<00:00, 57.24it/s, loss=0.0014]
  Epoch 19/30:  84%|█████████████████████████████▌     | 49/58 [00:00<00:00, 57.24it/s, loss=0.0032]
  Epoch 19/30:  84%|█████████████████████████████▌     | 49/58 [00:00<00:00, 57.24it/s, loss=0.0013]
  Epoch 19/30:  84%|█████████████████████████████▌     | 49/58 [00:00<00:00, 57.24it/s, loss=0.0004]
  Epoch 19/30:  84%|█████████████████████████████▌     | 49/58 [00:00<00:00, 57.24it/s, loss=0.0007]
  Epoch 19/30:  84%|█████████████████████████████▌     | 49/58 [00:00<00:00, 57.24it/s, loss=0.0012]
  Epoch 19/30:  84%|█████████████████████████████▌     | 49/58 [00:00<00:00, 57.24it/s, loss=0.0014]
  Epoch 19/30:  84%|█████████████████████████████▌     | 49/58 [00:00<00:00, 57.24it/s, loss=0.0004]
  Epoch 19/30:  97%|█████████████████████████████████▊ | 56/58 [00:00<00:00, 58.27it/s, loss=0.0004]
  Epoch 19/30:  97%|█████████████████████████████████▊ | 56/58 [00:01<00:00, 58.27it/s, loss=0.0014]
  Epoch 19/30:  97%|█████████████████████████████████▊ | 56/58 [00:01<00:00, 58.27it/s, loss=0.0010]
                                                                                                    

  Epoch 20/30:   0%|                                                         | 0/58 [00:00<?, ?it/s]
  Epoch 20/30:   0%|                                            | 0/58 [00:00<?, ?it/s, loss=0.0014]
  Epoch 20/30:   0%|                                            | 0/58 [00:00<?, ?it/s, loss=0.0009]
  Epoch 20/30:   0%|                                            | 0/58 [00:00<?, ?it/s, loss=0.0014]
  Epoch 20/30:   0%|                                            | 0/58 [00:00<?, ?it/s, loss=0.0006]
  Epoch 20/30:   0%|                                            | 0/58 [00:00<?, ?it/s, loss=0.0005]
  Epoch 20/30:   9%|███                                 | 5/58 [00:00<00:01, 44.86it/s, loss=0.0005]
  Epoch 20/30:   9%|███                                 | 5/58 [00:00<00:01, 44.86it/s, loss=0.0011]
  Epoch 20/30:   9%|███                                 | 5/58 [00:00<00:01, 44.86it/s, loss=0.0011]
  Epoch 20/30:   9%|███                                 | 5/58 [00:00<00:01, 44.86it/s, loss=0.0007]
  Epoch 20/30:   9%|███                                 | 5/58 [00:00<00:01, 44.86it/s, loss=0.0009]
  Epoch 20/30:   9%|███                                 | 5/58 [00:00<00:01, 44.86it/s, loss=0.0010]
  Epoch 20/30:   9%|███                                 | 5/58 [00:00<00:01, 44.86it/s, loss=0.0004]
  Epoch 20/30:  19%|██████▋                            | 11/58 [00:00<00:00, 53.06it/s, loss=0.0004]
  Epoch 20/30:  19%|██████▋                            | 11/58 [00:00<00:00, 53.06it/s, loss=0.0004]
  Epoch 20/30:  19%|██████▋                            | 11/58 [00:00<00:00, 53.06it/s, loss=0.0004]
  Epoch 20/30:  19%|██████▋                            | 11/58 [00:00<00:00, 53.06it/s, loss=0.0006]
  Epoch 20/30:  19%|██████▋                            | 11/58 [00:00<00:00, 53.06it/s, loss=0.0005]
  Epoch 20/30:  19%|██████▋                            | 11/58 [00:00<00:00, 53.06it/s, loss=0.0008]
  Epoch 20/30:  19%|██████▋                            | 11/58 [00:00<00:00, 53.06it/s, loss=0.0009]
  Epoch 20/30:  29%|██████████▎                        | 17/58 [00:00<00:00, 54.21it/s, loss=0.0009]
  Epoch 20/30:  29%|██████████▎                        | 17/58 [00:00<00:00, 54.21it/s, loss=0.0005]
  Epoch 20/30:  29%|██████████▎                        | 17/58 [00:00<00:00, 54.21it/s, loss=0.0006]
  Epoch 20/30:  29%|██████████▎                        | 17/58 [00:00<00:00, 54.21it/s, loss=0.0019]
  Epoch 20/30:  29%|██████████▎                        | 17/58 [00:00<00:00, 54.21it/s, loss=0.0005]
  Epoch 20/30:  29%|██████████▎                        | 17/58 [00:00<00:00, 54.21it/s, loss=0.0011]
  Epoch 20/30:  29%|██████████▎                        | 17/58 [00:00<00:00, 54.21it/s, loss=0.0021]
  Epoch 20/30:  40%|█████████████▉                     | 23/58 [00:00<00:00, 54.41it/s, loss=0.0021]
  Epoch 20/30:  40%|█████████████▉                     | 23/58 [00:00<00:00, 54.41it/s, loss=0.0007]
  Epoch 20/30:  40%|█████████████▉                     | 23/58 [00:00<00:00, 54.41it/s, loss=0.0003]
  Epoch 20/30:  40%|█████████████▉                     | 23/58 [00:00<00:00, 54.41it/s, loss=0.0007]
  Epoch 20/30:  40%|█████████████▉                     | 23/58 [00:00<00:00, 54.41it/s, loss=0.0003]
  Epoch 20/30:  40%|█████████████▉                     | 23/58 [00:00<00:00, 54.41it/s, loss=0.0005]
  Epoch 20/30:  40%|█████████████▉                     | 23/58 [00:00<00:00, 54.41it/s, loss=0.0012]
  Epoch 20/30:  50%|█████████████████▌                 | 29/58 [00:00<00:00, 54.45it/s, loss=0.0012]
  Epoch 20/30:  50%|█████████████████▌                 | 29/58 [00:00<00:00, 54.45it/s, loss=0.0007]
  Epoch 20/30:  50%|█████████████████▌                 | 29/58 [00:00<00:00, 54.45it/s, loss=0.0005]
  Epoch 20/30:  50%|█████████████████▌                 | 29/58 [00:00<00:00, 54.45it/s, loss=0.0004]
  Epoch 20/30:  50%|█████████████████▌                 | 29/58 [00:00<00:00, 54.45it/s, loss=0.0012]
  Epoch 20/30:  50%|█████████████████▌                 | 29/58 [00:00<00:00, 54.45it/s, loss=0.0016]
  Epoch 20/30:  50%|█████████████████▌                 | 29/58 [00:01<00:00, 54.45it/s, loss=0.0005]
  Epoch 20/30:  60%|█████████████████████              | 35/58 [00:01<00:00, 24.66it/s, loss=0.0005]
  Epoch 20/30:  60%|█████████████████████              | 35/58 [00:01<00:00, 24.66it/s, loss=0.0006]
  Epoch 20/30:  60%|█████████████████████              | 35/58 [00:01<00:00, 24.66it/s, loss=0.0013]
  Epoch 20/30:  60%|█████████████████████              | 35/58 [00:01<00:00, 24.66it/s, loss=0.0006]
  Epoch 20/30:  60%|█████████████████████              | 35/58 [00:01<00:00, 24.66it/s, loss=0.0006]
  Epoch 20/30:  60%|█████████████████████              | 35/58 [00:01<00:00, 24.66it/s, loss=0.0003]
  Epoch 20/30:  69%|████████████████████████▏          | 40/58 [00:01<00:00, 22.65it/s, loss=0.0003]
  Epoch 20/30:  69%|████████████████████████▏          | 40/58 [00:01<00:00, 22.65it/s, loss=0.0003]
  Epoch 20/30:  69%|████████████████████████▏          | 40/58 [00:01<00:00, 22.65it/s, loss=0.0003]
  Epoch 20/30:  69%|████████████████████████▏          | 40/58 [00:01<00:00, 22.65it/s, loss=0.0018]
  Epoch 20/30:  69%|████████████████████████▏          | 40/58 [00:01<00:00, 22.65it/s, loss=0.0015]
  Epoch 20/30:  76%|██████████████████████████▌        | 44/58 [00:01<00:00, 21.40it/s, loss=0.0015]
  Epoch 20/30:  76%|██████████████████████████▌        | 44/58 [00:01<00:00, 21.40it/s, loss=0.0018]
  Epoch 20/30:  76%|██████████████████████████▌        | 44/58 [00:01<00:00, 21.40it/s, loss=0.0003]
  Epoch 20/30:  76%|██████████████████████████▌        | 44/58 [00:01<00:00, 21.40it/s, loss=0.0025]
  Epoch 20/30:  81%|████████████████████████████▎      | 47/58 [00:01<00:00, 19.88it/s, loss=0.0025]
  Epoch 20/30:  81%|████████████████████████████▎      | 47/58 [00:01<00:00, 19.88it/s, loss=0.0008]
  Epoch 20/30:  81%|████████████████████████████▎      | 47/58 [00:01<00:00, 19.88it/s, loss=0.0003]
  Epoch 20/30:  81%|████████████████████████████▎      | 47/58 [00:01<00:00, 19.88it/s, loss=0.0006]
  Epoch 20/30:  86%|██████████████████████████████▏    | 50/58 [00:01<00:00, 19.37it/s, loss=0.0006]
  Epoch 20/30:  86%|██████████████████████████████▏    | 50/58 [00:01<00:00, 19.37it/s, loss=0.0006]
  Epoch 20/30:  86%|██████████████████████████████▏    | 50/58 [00:01<00:00, 19.37it/s, loss=0.0004]
  Epoch 20/30:  86%|██████████████████████████████▏    | 50/58 [00:02<00:00, 19.37it/s, loss=0.0004]
  Epoch 20/30:  91%|███████████████████████████████▉   | 53/58 [00:02<00:00, 19.20it/s, loss=0.0004]
  Epoch 20/30:  91%|███████████████████████████████▉   | 53/58 [00:02<00:00, 19.20it/s, loss=0.0003]
  Epoch 20/30:  91%|███████████████████████████████▉   | 53/58 [00:02<00:00, 19.20it/s, loss=0.0001]
  Epoch 20/30:  91%|███████████████████████████████▉   | 53/58 [00:02<00:00, 19.20it/s, loss=0.0011]
  Epoch 20/30:  97%|█████████████████████████████████▊ | 56/58 [00:02<00:00, 19.40it/s, loss=0.0011]
  Epoch 20/30:  97%|█████████████████████████████████▊ | 56/58 [00:02<00:00, 19.40it/s, loss=0.0005]
  Epoch 20/30:  97%|█████████████████████████████████▊ | 56/58 [00:02<00:00, 19.40it/s, loss=0.0039]
                                                                                                    
  Epoch 20/30 │ Loss: 0.0009 │ T+1: 0.8480 │ T+2: 0.6069 │ T+3: 0.4605 ★ NEW BEST

  Epoch 21/30:   0%|                                                         | 0/58 [00:00<?, ?it/s]
  Epoch 21/30:   0%|                                            | 0/58 [00:00<?, ?it/s, loss=0.0004]
  Epoch 21/30:   0%|                                            | 0/58 [00:00<?, ?it/s, loss=0.0011]
  Epoch 21/30:   3%|█▏                                  | 2/58 [00:00<00:03, 15.27it/s, loss=0.0011]
  Epoch 21/30:   3%|█▏                                  | 2/58 [00:00<00:03, 15.27it/s, loss=0.0011]
  Epoch 21/30:   3%|█▏                                  | 2/58 [00:00<00:03, 15.27it/s, loss=0.0003]
  Epoch 21/30:   7%|██▍                                 | 4/58 [00:00<00:03, 17.58it/s, loss=0.0003]
  Epoch 21/30:   7%|██▍                                 | 4/58 [00:00<00:03, 17.58it/s, loss=0.0006]
  Epoch 21/30:   7%|██▍                                 | 4/58 [00:00<00:03, 17.58it/s, loss=0.0004]
  Epoch 21/30:   7%|██▍                                 | 4/58 [00:00<00:03, 17.58it/s, loss=0.0006]
  Epoch 21/30:  12%|████▎                               | 7/58 [00:00<00:02, 19.40it/s, loss=0.0006]
  Epoch 21/30:  12%|████▎                               | 7/58 [00:00<00:02, 19.40it/s, loss=0.0017]
  Epoch 21/30:  12%|████▎                               | 7/58 [00:00<00:02, 19.40it/s, loss=0.0003]
  Epoch 21/30:  12%|████▎                               | 7/58 [00:00<00:02, 19.40it/s, loss=0.0005]
  Epoch 21/30:  17%|██████                             | 10/58 [00:00<00:02, 19.91it/s, loss=0.0005]
  Epoch 21/30:  17%|██████                             | 10/58 [00:00<00:02, 19.91it/s, loss=0.0005]
  Epoch 21/30:  17%|██████                             | 10/58 [00:00<00:02, 19.91it/s, loss=0.0006]
  Epoch 21/30:  17%|██████                             | 10/58 [00:00<00:02, 19.91it/s, loss=0.0006]
  Epoch 21/30:  22%|███████▊                           | 13/58 [00:00<00:02, 21.06it/s, loss=0.0006]
  Epoch 21/30:  22%|███████▊                           | 13/58 [00:00<00:02, 21.06it/s, loss=0.0007]
  Epoch 21/30:  22%|███████▊                           | 13/58 [00:00<00:02, 21.06it/s, loss=0.0007]
  Epoch 21/30:  22%|███████▊                           | 13/58 [00:00<00:02, 21.06it/s, loss=0.0004]
  Epoch 21/30:  28%|█████████▋                         | 16/58 [00:00<00:01, 21.66it/s, loss=0.0004]
  Epoch 21/30:  28%|█████████▋                         | 16/58 [00:00<00:01, 21.66it/s, loss=0.0003]
  Epoch 21/30:  28%|█████████▋                         | 16/58 [00:00<00:01, 21.66it/s, loss=0.0005]
  Epoch 21/30:  28%|█████████▋                         | 16/58 [00:00<00:01, 21.66it/s, loss=0.0007]
  Epoch 21/30:  33%|███████████▍                       | 19/58 [00:00<00:01, 22.77it/s, loss=0.0007]
  Epoch 21/30:  33%|███████████▍                       | 19/58 [00:00<00:01, 22.77it/s, loss=0.0006]
  Epoch 21/30:  33%|███████████▍                       | 19/58 [00:00<00:01, 22.77it/s, loss=0.0011]
  Epoch 21/30:  33%|███████████▍                       | 19/58 [00:01<00:01, 22.77it/s, loss=0.0009]
  Epoch 21/30:  38%|█████████████▎                     | 22/58 [00:01<00:01, 23.27it/s, loss=0.0009]
  Epoch 21/30:  38%|█████████████▎                     | 22/58 [00:01<00:01, 23.27it/s, loss=0.0008]
  Epoch 21/30:  38%|█████████████▎                     | 22/58 [00:01<00:01, 23.27it/s, loss=0.0008]
  Epoch 21/30:  38%|█████████████▎                     | 22/58 [00:01<00:01, 23.27it/s, loss=0.0005]
  Epoch 21/30:  43%|███████████████                    | 25/58 [00:01<00:01, 23.89it/s, loss=0.0005]
  Epoch 21/30:  43%|███████████████                    | 25/58 [00:01<00:01, 23.89it/s, loss=0.0034]
  Epoch 21/30:  43%|███████████████                    | 25/58 [00:01<00:01, 23.89it/s, loss=0.0009]
  Epoch 21/30:  43%|███████████████                    | 25/58 [00:01<00:01, 23.89it/s, loss=0.0007]
  Epoch 21/30:  48%|████████████████▉                  | 28/58 [00:01<00:01, 22.61it/s, loss=0.0007]
  Epoch 21/30:  48%|████████████████▉                  | 28/58 [00:01<00:01, 22.61it/s, loss=0.0014]
  Epoch 21/30:  48%|████████████████▉                  | 28/58 [00:01<00:01, 22.61it/s, loss=0.0014]
  Epoch 21/30:  48%|████████████████▉                  | 28/58 [00:01<00:01, 22.61it/s, loss=0.0009]
  Epoch 21/30:  53%|██████████████████▋                | 31/58 [00:01<00:01, 18.71it/s, loss=0.0009]
  Epoch 21/30:  53%|██████████████████▋                | 31/58 [00:01<00:01, 18.71it/s, loss=0.0009]
  Epoch 21/30:  53%|██████████████████▋                | 31/58 [00:01<00:01, 18.71it/s, loss=0.0013]
  Epoch 21/30:  57%|███████████████████▉               | 33/58 [00:01<00:01, 18.41it/s, loss=0.0013]
  Epoch 21/30:  57%|███████████████████▉               | 33/58 [00:01<00:01, 18.41it/s, loss=0.0005]
  Epoch 21/30:  57%|███████████████████▉               | 33/58 [00:01<00:01, 18.41it/s, loss=0.0009]
  Epoch 21/30:  60%|█████████████████████              | 35/58 [00:01<00:01, 17.98it/s, loss=0.0009]
  Epoch 21/30:  60%|█████████████████████              | 35/58 [00:01<00:01, 17.98it/s, loss=0.0009]
  Epoch 21/30:  60%|█████████████████████              | 35/58 [00:01<00:01, 17.98it/s, loss=0.0003]
  Epoch 21/30:  64%|██████████████████████▎            | 37/58 [00:01<00:01, 17.09it/s, loss=0.0003]
  Epoch 21/30:  64%|██████████████████████▎            | 37/58 [00:01<00:01, 17.09it/s, loss=0.0008]
  Epoch 21/30:  64%|██████████████████████▎            | 37/58 [00:01<00:01, 17.09it/s, loss=0.0008]
  Epoch 21/30:  67%|███████████████████████▌           | 39/58 [00:01<00:01, 17.32it/s, loss=0.0008]
  Epoch 21/30:  67%|███████████████████████▌           | 39/58 [00:02<00:01, 17.32it/s, loss=0.0010]
  Epoch 21/30:  67%|███████████████████████▌           | 39/58 [00:02<00:01, 17.32it/s, loss=0.0005]
  Epoch 21/30:  71%|████████████████████████▋          | 41/58 [00:02<00:01, 16.64it/s, loss=0.0005]
  Epoch 21/30:  71%|████████████████████████▋          | 41/58 [00:02<00:01, 16.64it/s, loss=0.0004]
  Epoch 21/30:  71%|████████████████████████▋          | 41/58 [00:02<00:01, 16.64it/s, loss=0.0004]
  Epoch 21/30:  74%|█████████████████████████▉         | 43/58 [00:02<00:00, 16.77it/s, loss=0.0004]
  Epoch 21/30:  74%|█████████████████████████▉         | 43/58 [00:02<00:00, 16.77it/s, loss=0.0011]
  Epoch 21/30:  74%|█████████████████████████▉         | 43/58 [00:02<00:00, 16.77it/s, loss=0.0011]
  Epoch 21/30:  78%|███████████████████████████▏       | 45/58 [00:02<00:00, 17.52it/s, loss=0.0011]
  Epoch 21/30:  78%|███████████████████████████▏       | 45/58 [00:02<00:00, 17.52it/s, loss=0.0010]
  Epoch 21/30:  78%|███████████████████████████▏       | 45/58 [00:02<00:00, 17.52it/s, loss=0.0003]
  Epoch 21/30:  81%|████████████████████████████▎      | 47/58 [00:02<00:00, 17.17it/s, loss=0.0003]
  Epoch 21/30:  81%|████████████████████████████▎      | 47/58 [00:02<00:00, 17.17it/s, loss=0.0004]
  Epoch 21/30:  81%|████████████████████████████▎      | 47/58 [00:02<00:00, 17.17it/s, loss=0.0009]
  Epoch 21/30:  84%|█████████████████████████████▌     | 49/58 [00:02<00:00, 17.31it/s, loss=0.0009]
  Epoch 21/30:  84%|█████████████████████████████▌     | 49/58 [00:02<00:00, 17.31it/s, loss=0.0014]
  Epoch 21/30:  84%|█████████████████████████████▌     | 49/58 [00:02<00:00, 17.31it/s, loss=0.0009]
  Epoch 21/30:  88%|██████████████████████████████▊    | 51/58 [00:02<00:00, 17.95it/s, loss=0.0009]
  Epoch 21/30:  88%|██████████████████████████████▊    | 51/58 [00:02<00:00, 17.95it/s, loss=0.0004]
  Epoch 21/30:  88%|██████████████████████████████▊    | 51/58 [00:03<00:00, 17.95it/s, loss=0.0008]
  Epoch 21/30:  91%|███████████████████████████████▉   | 53/58 [00:03<00:00, 10.90it/s, loss=0.0008]
  Epoch 21/30:  91%|███████████████████████████████▉   | 53/58 [00:03<00:00, 10.90it/s, loss=0.0007]
  Epoch 21/30:  91%|███████████████████████████████▉   | 53/58 [00:03<00:00, 10.90it/s, loss=0.0010]
  Epoch 21/30:  95%|█████████████████████████████████▏ | 55/58 [00:03<00:00,  7.33it/s, loss=0.0010]
  Epoch 21/30:  95%|█████████████████████████████████▏ | 55/58 [00:03<00:00,  7.33it/s, loss=0.0002]
  Epoch 21/30:  95%|█████████████████████████████████▏ | 55/58 [00:03<00:00,  7.33it/s, loss=0.0009]
  Epoch 21/30:  98%|██████████████████████████████████▍| 57/58 [00:03<00:00,  8.95it/s, loss=0.0009]
  Epoch 21/30:  98%|██████████████████████████████████▍| 57/58 [00:03<00:00,  8.95it/s, loss=0.0000]
                                                                                                    

  Epoch 22/30:   0%|                                                         | 0/58 [00:00<?, ?it/s]
  Epoch 22/30:   0%|                                            | 0/58 [00:00<?, ?it/s, loss=0.0004]
  Epoch 22/30:   0%|                                            | 0/58 [00:00<?, ?it/s, loss=0.0004]
  Epoch 22/30:   3%|█▏                                  | 2/58 [00:00<00:03, 16.79it/s, loss=0.0004]
  Epoch 22/30:   3%|█▏                                  | 2/58 [00:00<00:03, 16.79it/s, loss=0.0011]
  Epoch 22/30:   3%|█▏                                  | 2/58 [00:00<00:03, 16.79it/s, loss=0.0007]
  Epoch 22/30:   3%|█▏                                  | 2/58 [00:00<00:03, 16.79it/s, loss=0.0007]
  Epoch 22/30:   3%|█▏                                  | 2/58 [00:00<00:03, 16.79it/s, loss=0.0016]
  Epoch 22/30:   3%|█▏                                  | 2/58 [00:00<00:03, 16.79it/s, loss=0.0009]
  Epoch 22/30:  12%|████▎                               | 7/58 [00:00<00:01, 32.78it/s, loss=0.0009]
  Epoch 22/30:  12%|████▎                               | 7/58 [00:00<00:01, 32.78it/s, loss=0.0006]
  Epoch 22/30:  12%|████▎                               | 7/58 [00:00<00:01, 32.78it/s, loss=0.0011]
  Epoch 22/30:  12%|████▎                               | 7/58 [00:00<00:01, 32.78it/s, loss=0.0012]
  Epoch 22/30:  12%|████▎                               | 7/58 [00:00<00:01, 32.78it/s, loss=0.0007]
  Epoch 22/30:  12%|████▎                               | 7/58 [00:00<00:01, 32.78it/s, loss=0.0006]
  Epoch 22/30:  21%|███████▏                           | 12/58 [00:00<00:01, 35.79it/s, loss=0.0006]
  Epoch 22/30:  21%|███████▏                           | 12/58 [00:00<00:01, 35.79it/s, loss=0.0005]
  Epoch 22/30:  21%|███████▏                           | 12/58 [00:00<00:01, 35.79it/s, loss=0.0005]
  Epoch 22/30:  21%|███████▏                           | 12/58 [00:00<00:01, 35.79it/s, loss=0.0012]
  Epoch 22/30:  21%|███████▏                           | 12/58 [00:00<00:01, 35.79it/s, loss=0.0013]
  Epoch 22/30:  21%|███████▏                           | 12/58 [00:00<00:01, 35.79it/s, loss=0.0003]
  Epoch 22/30:  29%|██████████▎                        | 17/58 [00:00<00:01, 38.85it/s, loss=0.0003]
  Epoch 22/30:  29%|██████████▎                        | 17/58 [00:00<00:01, 38.85it/s, loss=0.0005]
  Epoch 22/30:  29%|██████████▎                        | 17/58 [00:00<00:01, 38.85it/s, loss=0.0005]
  Epoch 22/30:  29%|██████████▎                        | 17/58 [00:00<00:01, 38.85it/s, loss=0.0024]
  Epoch 22/30:  29%|██████████▎                        | 17/58 [00:00<00:01, 38.85it/s, loss=0.0005]
  Epoch 22/30:  29%|██████████▎                        | 17/58 [00:00<00:01, 38.85it/s, loss=0.0002]
  Epoch 22/30:  38%|█████████████▎                     | 22/58 [00:00<00:00, 39.79it/s, loss=0.0002]
  Epoch 22/30:  38%|█████████████▎                     | 22/58 [00:00<00:00, 39.79it/s, loss=0.0005]
  Epoch 22/30:  38%|█████████████▎                     | 22/58 [00:00<00:00, 39.79it/s, loss=0.0007]
  Epoch 22/30:  38%|█████████████▎                     | 22/58 [00:00<00:00, 39.79it/s, loss=0.0008]
  Epoch 22/30:  38%|█████████████▎                     | 22/58 [00:00<00:00, 39.79it/s, loss=0.0007]
  Epoch 22/30:  38%|█████████████▎                     | 22/58 [00:00<00:00, 39.79it/s, loss=0.0003]
  Epoch 22/30:  47%|████████████████▎                  | 27/58 [00:00<00:00, 41.23it/s, loss=0.0003]
  Epoch 22/30:  47%|████████████████▎                  | 27/58 [00:00<00:00, 41.23it/s, loss=0.0015]
  Epoch 22/30:  47%|████████████████▎                  | 27/58 [00:00<00:00, 41.23it/s, loss=0.0008]
  Epoch 22/30:  47%|████████████████▎                  | 27/58 [00:00<00:00, 41.23it/s, loss=0.0002]
  Epoch 22/30:  47%|████████████████▎                  | 27/58 [00:00<00:00, 41.23it/s, loss=0.0004]
  Epoch 22/30:  47%|████████████████▎                  | 27/58 [00:00<00:00, 41.23it/s, loss=0.0008]
  Epoch 22/30:  55%|███████████████████▎               | 32/58 [00:00<00:00, 39.77it/s, loss=0.0008]
  Epoch 22/30:  55%|███████████████████▎               | 32/58 [00:00<00:00, 39.77it/s, loss=0.0009]
  Epoch 22/30:  55%|███████████████████▎               | 32/58 [00:00<00:00, 39.77it/s, loss=0.0019]
  Epoch 22/30:  55%|███████████████████▎               | 32/58 [00:00<00:00, 39.77it/s, loss=0.0015]
  Epoch 22/30:  55%|███████████████████▎               | 32/58 [00:00<00:00, 39.77it/s, loss=0.0005]
  Epoch 22/30:  62%|█████████████████████▋             | 36/58 [00:00<00:00, 37.87it/s, loss=0.0005]
  Epoch 22/30:  62%|█████████████████████▋             | 36/58 [00:00<00:00, 37.87it/s, loss=0.0007]
  Epoch 22/30:  62%|█████████████████████▋             | 36/58 [00:01<00:00, 37.87it/s, loss=0.0006]
  Epoch 22/30:  62%|█████████████████████▋             | 36/58 [00:01<00:00, 37.87it/s, loss=0.0011]
  Epoch 22/30:  62%|█████████████████████▋             | 36/58 [00:01<00:00, 37.87it/s, loss=0.0006]
  Epoch 22/30:  62%|█████████████████████▋             | 36/58 [00:01<00:00, 37.87it/s, loss=0.0004]
  Epoch 22/30:  71%|████████████████████████▋          | 41/58 [00:01<00:00, 37.46it/s, loss=0.0004]
  Epoch 22/30:  71%|████████████████████████▋          | 41/58 [00:01<00:00, 37.46it/s, loss=0.0006]
  Epoch 22/30:  71%|████████████████████████▋          | 41/58 [00:01<00:00, 37.46it/s, loss=0.0011]
  Epoch 22/30:  71%|████████████████████████▋          | 41/58 [00:01<00:00, 37.46it/s, loss=0.0013]
  Epoch 22/30:  71%|████████████████████████▋          | 41/58 [00:01<00:00, 37.46it/s, loss=0.0008]
  Epoch 22/30:  78%|███████████████████████████▏       | 45/58 [00:01<00:00, 34.10it/s, loss=0.0008]
  Epoch 22/30:  78%|███████████████████████████▏       | 45/58 [00:01<00:00, 34.10it/s, loss=0.0008]
  Epoch 22/30:  78%|███████████████████████████▏       | 45/58 [00:01<00:00, 34.10it/s, loss=0.0014]
  Epoch 22/30:  78%|███████████████████████████▏       | 45/58 [00:01<00:00, 34.10it/s, loss=0.0006]
  Epoch 22/30:  78%|███████████████████████████▏       | 45/58 [00:01<00:00, 34.10it/s, loss=0.0004]
  Epoch 22/30:  84%|█████████████████████████████▌     | 49/58 [00:01<00:00, 32.15it/s, loss=0.0004]
  Epoch 22/30:  84%|█████████████████████████████▌     | 49/58 [00:01<00:00, 32.15it/s, loss=0.0003]
  Epoch 22/30:  84%|█████████████████████████████▌     | 49/58 [00:01<00:00, 32.15it/s, loss=0.0004]
  Epoch 22/30:  84%|█████████████████████████████▌     | 49/58 [00:01<00:00, 32.15it/s, loss=0.0008]
  Epoch 22/30:  84%|█████████████████████████████▌     | 49/58 [00:01<00:00, 32.15it/s, loss=0.0004]
  Epoch 22/30:  91%|███████████████████████████████▉   | 53/58 [00:01<00:00, 32.13it/s, loss=0.0004]
  Epoch 22/30:  91%|███████████████████████████████▉   | 53/58 [00:01<00:00, 32.13it/s, loss=0.0003]
  Epoch 22/30:  91%|███████████████████████████████▉   | 53/58 [00:01<00:00, 32.13it/s, loss=0.0013]
  Epoch 22/30:  91%|███████████████████████████████▉   | 53/58 [00:01<00:00, 32.13it/s, loss=0.0007]
  Epoch 22/30:  91%|███████████████████████████████▉   | 53/58 [00:01<00:00, 32.13it/s, loss=0.0007]
  Epoch 22/30:  98%|██████████████████████████████████▍| 57/58 [00:01<00:00, 31.07it/s, loss=0.0007]
  Epoch 22/30:  98%|██████████████████████████████████▍| 57/58 [00:01<00:00, 31.07it/s, loss=0.0000]
                                                                                                    

  Epoch 23/30:   0%|                                                         | 0/58 [00:00<?, ?it/s]
  Epoch 23/30:   0%|                                            | 0/58 [00:00<?, ?it/s, loss=0.0003]
  Epoch 23/30:   0%|                                            | 0/58 [00:00<?, ?it/s, loss=0.0004]
  Epoch 23/30:   0%|                                            | 0/58 [00:00<?, ?it/s, loss=0.0012]
  Epoch 23/30:   5%|█▊                                  | 3/58 [00:00<00:02, 23.91it/s, loss=0.0012]
  Epoch 23/30:   5%|█▊                                  | 3/58 [00:00<00:02, 23.91it/s, loss=0.0007]
  Epoch 23/30:   5%|█▊                                  | 3/58 [00:00<00:02, 23.91it/s, loss=0.0018]
  Epoch 23/30:   5%|█▊                                  | 3/58 [00:00<00:02, 23.91it/s, loss=0.0010]
  Epoch 23/30:  10%|███▋                                | 6/58 [00:00<00:02, 21.97it/s, loss=0.0010]
  Epoch 23/30:  10%|███▋                                | 6/58 [00:00<00:02, 21.97it/s, loss=0.0010]
  Epoch 23/30:  10%|███▋                                | 6/58 [00:00<00:02, 21.97it/s, loss=0.0006]
  Epoch 23/30:  10%|███▋                                | 6/58 [00:00<00:02, 21.97it/s, loss=0.0008]
  Epoch 23/30:  16%|█████▌                              | 9/58 [00:00<00:02, 23.54it/s, loss=0.0008]
  Epoch 23/30:  16%|█████▌                              | 9/58 [00:00<00:02, 23.54it/s, loss=0.0009]
  Epoch 23/30:  16%|█████▌                              | 9/58 [00:00<00:02, 23.54it/s, loss=0.0003]
  Epoch 23/30:  16%|█████▌                              | 9/58 [00:00<00:02, 23.54it/s, loss=0.0008]
  Epoch 23/30:  21%|███████▏                           | 12/58 [00:00<00:01, 25.13it/s, loss=0.0008]
  Epoch 23/30:  21%|███████▏                           | 12/58 [00:00<00:01, 25.13it/s, loss=0.0007]
  Epoch 23/30:  21%|███████▏                           | 12/58 [00:00<00:01, 25.13it/s, loss=0.0005]
  Epoch 23/30:  21%|███████▏                           | 12/58 [00:00<00:01, 25.13it/s, loss=0.0005]
  Epoch 23/30:  26%|█████████                          | 15/58 [00:00<00:01, 26.27it/s, loss=0.0005]
  Epoch 23/30:  26%|█████████                          | 15/58 [00:00<00:01, 26.27it/s, loss=0.0003]
  Epoch 23/30:  26%|█████████                          | 15/58 [00:00<00:01, 26.27it/s, loss=0.0006]
  Epoch 23/30:  26%|█████████                          | 15/58 [00:00<00:01, 26.27it/s, loss=0.0009]
  Epoch 23/30:  26%|█████████                          | 15/58 [00:00<00:01, 26.27it/s, loss=0.0006]
  Epoch 23/30:  33%|███████████▍                       | 19/58 [00:00<00:01, 29.32it/s, loss=0.0006]
  Epoch 23/30:  33%|███████████▍                       | 19/58 [00:00<00:01, 29.32it/s, loss=0.0006]
  Epoch 23/30:  33%|███████████▍                       | 19/58 [00:00<00:01, 29.32it/s, loss=0.0007]
  Epoch 23/30:  33%|███████████▍                       | 19/58 [00:00<00:01, 29.32it/s, loss=0.0006]
  Epoch 23/30:  38%|█████████████▎                     | 22/58 [00:00<00:01, 25.38it/s, loss=0.0006]
  Epoch 23/30:  38%|█████████████▎                     | 22/58 [00:00<00:01, 25.38it/s, loss=0.0010]
  Epoch 23/30:  38%|█████████████▎                     | 22/58 [00:00<00:01, 25.38it/s, loss=0.0009]
  Epoch 23/30:  38%|█████████████▎                     | 22/58 [00:00<00:01, 25.38it/s, loss=0.0008]
  Epoch 23/30:  38%|█████████████▎                     | 22/58 [00:00<00:01, 25.38it/s, loss=0.0021]
  Epoch 23/30:  45%|███████████████▋                   | 26/58 [00:00<00:01, 28.62it/s, loss=0.0021]
  Epoch 23/30:  45%|███████████████▋                   | 26/58 [00:00<00:01, 28.62it/s, loss=0.0019]
  Epoch 23/30:  45%|███████████████▋                   | 26/58 [00:01<00:01, 28.62it/s, loss=0.0009]
  Epoch 23/30:  45%|███████████████▋                   | 26/58 [00:01<00:01, 28.62it/s, loss=0.0003]
  Epoch 23/30:  45%|███████████████▋                   | 26/58 [00:01<00:01, 28.62it/s, loss=0.0008]
  Epoch 23/30:  52%|██████████████████                 | 30/58 [00:01<00:00, 30.08it/s, loss=0.0008]
  Epoch 23/30:  52%|██████████████████                 | 30/58 [00:01<00:00, 30.08it/s, loss=0.0003]
  Epoch 23/30:  52%|██████████████████                 | 30/58 [00:01<00:00, 30.08it/s, loss=0.0007]
  Epoch 23/30:  52%|██████████████████                 | 30/58 [00:01<00:00, 30.08it/s, loss=0.0003]
  Epoch 23/30:  52%|██████████████████                 | 30/58 [00:01<00:00, 30.08it/s, loss=0.0007]
  Epoch 23/30:  59%|████████████████████▌              | 34/58 [00:01<00:00, 29.01it/s, loss=0.0007]
  Epoch 23/30:  59%|████████████████████▌              | 34/58 [00:01<00:00, 29.01it/s, loss=0.0012]
  Epoch 23/30:  59%|████████████████████▌              | 34/58 [00:01<00:00, 29.01it/s, loss=0.0006]
  Epoch 23/30:  59%|████████████████████▌              | 34/58 [00:01<00:00, 29.01it/s, loss=0.0006]
  Epoch 23/30:  64%|██████████████████████▎            | 37/58 [00:01<00:00, 27.63it/s, loss=0.0006]
  Epoch 23/30:  64%|██████████████████████▎            | 37/58 [00:01<00:00, 27.63it/s, loss=0.0013]
  Epoch 23/30:  64%|██████████████████████▎            | 37/58 [00:01<00:00, 27.63it/s, loss=0.0016]
  Epoch 23/30:  64%|██████████████████████▎            | 37/58 [00:01<00:00, 27.63it/s, loss=0.0009]
  Epoch 23/30:  69%|████████████████████████▏          | 40/58 [00:01<00:00, 24.70it/s, loss=0.0009]
  Epoch 23/30:  69%|████████████████████████▏          | 40/58 [00:01<00:00, 24.70it/s, loss=0.0004]
  Epoch 23/30:  69%|████████████████████████▏          | 40/58 [00:01<00:00, 24.70it/s, loss=0.0010]
  Epoch 23/30:  69%|████████████████████████▏          | 40/58 [00:01<00:00, 24.70it/s, loss=0.0003]
  Epoch 23/30:  69%|████████████████████████▏          | 40/58 [00:01<00:00, 24.70it/s, loss=0.0002]
  Epoch 23/30:  76%|██████████████████████████▌        | 44/58 [00:01<00:00, 27.00it/s, loss=0.0002]
  Epoch 23/30:  76%|██████████████████████████▌        | 44/58 [00:01<00:00, 27.00it/s, loss=0.0014]
  Epoch 23/30:  76%|██████████████████████████▌        | 44/58 [00:01<00:00, 27.00it/s, loss=0.0003]
  Epoch 23/30:  76%|██████████████████████████▌        | 44/58 [00:01<00:00, 27.00it/s, loss=0.0017]
  Epoch 23/30:  76%|██████████████████████████▌        | 44/58 [00:01<00:00, 27.00it/s, loss=0.0003]
  Epoch 23/30:  83%|████████████████████████████▉      | 48/58 [00:01<00:00, 29.11it/s, loss=0.0003]
  Epoch 23/30:  83%|████████████████████████████▉      | 48/58 [00:01<00:00, 29.11it/s, loss=0.0008]
  Epoch 23/30:  83%|████████████████████████████▉      | 48/58 [00:01<00:00, 29.11it/s, loss=0.0006]
  Epoch 23/30:  83%|████████████████████████████▉      | 48/58 [00:01<00:00, 29.11it/s, loss=0.0007]
  Epoch 23/30:  88%|██████████████████████████████▊    | 51/58 [00:01<00:00, 29.05it/s, loss=0.0007]
  Epoch 23/30:  88%|██████████████████████████████▊    | 51/58 [00:01<00:00, 29.05it/s, loss=0.0005]
  Epoch 23/30:  88%|██████████████████████████████▊    | 51/58 [00:01<00:00, 29.05it/s, loss=0.0012]
  Epoch 23/30:  88%|██████████████████████████████▊    | 51/58 [00:01<00:00, 29.05it/s, loss=0.0004]
  Epoch 23/30:  88%|██████████████████████████████▊    | 51/58 [00:01<00:00, 29.05it/s, loss=0.0019]
  Epoch 23/30:  95%|█████████████████████████████████▏ | 55/58 [00:01<00:00, 30.59it/s, loss=0.0019]
  Epoch 23/30:  95%|█████████████████████████████████▏ | 55/58 [00:02<00:00, 30.59it/s, loss=0.0004]
  Epoch 23/30:  95%|█████████████████████████████████▏ | 55/58 [00:02<00:00, 30.59it/s, loss=0.0009]
  Epoch 23/30:  95%|█████████████████████████████████▏ | 55/58 [00:02<00:00, 30.59it/s, loss=0.0001]
                                                                                                    

  Epoch 24/30:   0%|                                                         | 0/58 [00:00<?, ?it/s]
  Epoch 24/30:   0%|                                            | 0/58 [00:00<?, ?it/s, loss=0.0010]
  Epoch 24/30:   0%|                                            | 0/58 [00:00<?, ?it/s, loss=0.0008]
  Epoch 24/30:   0%|                                            | 0/58 [00:00<?, ?it/s, loss=0.0010]
  Epoch 24/30:   0%|                                            | 0/58 [00:00<?, ?it/s, loss=0.0007]
  Epoch 24/30:   0%|                                            | 0/58 [00:00<?, ?it/s, loss=0.0006]
  Epoch 24/30:   0%|                                            | 0/58 [00:00<?, ?it/s, loss=0.0004]
  Epoch 24/30:  10%|███▋                                | 6/58 [00:00<00:01, 51.02it/s, loss=0.0004]
  Epoch 24/30:  10%|███▋                                | 6/58 [00:00<00:01, 51.02it/s, loss=0.0006]
  Epoch 24/30:  10%|███▋                                | 6/58 [00:00<00:01, 51.02it/s, loss=0.0015]
  Epoch 24/30:  10%|███▋                                | 6/58 [00:00<00:01, 51.02it/s, loss=0.0012]
  Epoch 24/30:  10%|███▋                                | 6/58 [00:00<00:01, 51.02it/s, loss=0.0001]
  Epoch 24/30:  10%|███▋                                | 6/58 [00:00<00:01, 51.02it/s, loss=0.0010]
  Epoch 24/30:  10%|███▋                                | 6/58 [00:00<00:01, 51.02it/s, loss=0.0003]
  Epoch 24/30:  21%|███████▏                           | 12/58 [00:00<00:01, 43.12it/s, loss=0.0003]
  Epoch 24/30:  21%|███████▏                           | 12/58 [00:00<00:01, 43.12it/s, loss=0.0011]
  Epoch 24/30:  21%|███████▏                           | 12/58 [00:00<00:01, 43.12it/s, loss=0.0007]
  Epoch 24/30:  21%|███████▏                           | 12/58 [00:00<00:01, 43.12it/s, loss=0.0004]
  Epoch 24/30:  21%|███████▏                           | 12/58 [00:00<00:01, 43.12it/s, loss=0.0006]
  Epoch 24/30:  21%|███████▏                           | 12/58 [00:00<00:01, 43.12it/s, loss=0.0010]
  Epoch 24/30:  29%|██████████▎                        | 17/58 [00:00<00:01, 40.71it/s, loss=0.0010]
  Epoch 24/30:  29%|██████████▎                        | 17/58 [00:00<00:01, 40.71it/s, loss=0.0007]
  Epoch 24/30:  29%|██████████▎                        | 17/58 [00:00<00:01, 40.71it/s, loss=0.0005]
  Epoch 24/30:  29%|██████████▎                        | 17/58 [00:00<00:01, 40.71it/s, loss=0.0004]
  Epoch 24/30:  29%|██████████▎                        | 17/58 [00:00<00:01, 40.71it/s, loss=0.0010]
  Epoch 24/30:  29%|██████████▎                        | 17/58 [00:00<00:01, 40.71it/s, loss=0.0002]
  Epoch 24/30:  38%|█████████████▎                     | 22/58 [00:00<00:00, 41.53it/s, loss=0.0002]
  Epoch 24/30:  38%|█████████████▎                     | 22/58 [00:00<00:00, 41.53it/s, loss=0.0004]
  Epoch 24/30:  38%|█████████████▎                     | 22/58 [00:00<00:00, 41.53it/s, loss=0.0005]
  Epoch 24/30:  38%|█████████████▎                     | 22/58 [00:00<00:00, 41.53it/s, loss=0.0006]
  Epoch 24/30:  38%|█████████████▎                     | 22/58 [00:00<00:00, 41.53it/s, loss=0.0002]
  Epoch 24/30:  38%|█████████████▎                     | 22/58 [00:00<00:00, 41.53it/s, loss=0.0011]
  Epoch 24/30:  47%|████████████████▎                  | 27/58 [00:00<00:00, 43.58it/s, loss=0.0011]
  Epoch 24/30:  47%|████████████████▎                  | 27/58 [00:00<00:00, 43.58it/s, loss=0.0007]
  Epoch 24/30:  47%|████████████████▎                  | 27/58 [00:00<00:00, 43.58it/s, loss=0.0004]
  Epoch 24/30:  47%|████████████████▎                  | 27/58 [00:00<00:00, 43.58it/s, loss=0.0002]
  Epoch 24/30:  47%|████████████████▎                  | 27/58 [00:00<00:00, 43.58it/s, loss=0.0004]
  Epoch 24/30:  47%|████████████████▎                  | 27/58 [00:00<00:00, 43.58it/s, loss=0.0002]
  Epoch 24/30:  55%|███████████████████▎               | 32/58 [00:00<00:00, 40.95it/s, loss=0.0002]
  Epoch 24/30:  55%|███████████████████▎               | 32/58 [00:00<00:00, 40.95it/s, loss=0.0002]
  Epoch 24/30:  55%|███████████████████▎               | 32/58 [00:00<00:00, 40.95it/s, loss=0.0005]
  Epoch 24/30:  55%|███████████████████▎               | 32/58 [00:00<00:00, 40.95it/s, loss=0.0009]
  Epoch 24/30:  55%|███████████████████▎               | 32/58 [00:00<00:00, 40.95it/s, loss=0.0005]
  Epoch 24/30:  55%|███████████████████▎               | 32/58 [00:00<00:00, 40.95it/s, loss=0.0007]
  Epoch 24/30:  64%|██████████████████████▎            | 37/58 [00:00<00:00, 36.99it/s, loss=0.0007]
  Epoch 24/30:  64%|██████████████████████▎            | 37/58 [00:00<00:00, 36.99it/s, loss=0.0007]
  Epoch 24/30:  64%|██████████████████████▎            | 37/58 [00:00<00:00, 36.99it/s, loss=0.0012]
  Epoch 24/30:  64%|██████████████████████▎            | 37/58 [00:01<00:00, 36.99it/s, loss=0.0007]
  Epoch 24/30:  64%|██████████████████████▎            | 37/58 [00:01<00:00, 36.99it/s, loss=0.0020]
  Epoch 24/30:  71%|████████████████████████▋          | 41/58 [00:01<00:00, 35.39it/s, loss=0.0020]
  Epoch 24/30:  71%|████████████████████████▋          | 41/58 [00:01<00:00, 35.39it/s, loss=0.0007]
  Epoch 24/30:  71%|████████████████████████▋          | 41/58 [00:01<00:00, 35.39it/s, loss=0.0014]
  Epoch 24/30:  71%|████████████████████████▋          | 41/58 [00:01<00:00, 35.39it/s, loss=0.0011]
  Epoch 24/30:  71%|████████████████████████▋          | 41/58 [00:01<00:00, 35.39it/s, loss=0.0005]
  Epoch 24/30:  78%|███████████████████████████▏       | 45/58 [00:01<00:00, 35.82it/s, loss=0.0005]
  Epoch 24/30:  78%|███████████████████████████▏       | 45/58 [00:01<00:00, 35.82it/s, loss=0.0004]
  Epoch 24/30:  78%|███████████████████████████▏       | 45/58 [00:01<00:00, 35.82it/s, loss=0.0005]
  Epoch 24/30:  78%|███████████████████████████▏       | 45/58 [00:01<00:00, 35.82it/s, loss=0.0004]
  Epoch 24/30:  78%|███████████████████████████▏       | 45/58 [00:01<00:00, 35.82it/s, loss=0.0008]
  Epoch 24/30:  84%|█████████████████████████████▌     | 49/58 [00:01<00:00, 35.95it/s, loss=0.0008]
  Epoch 24/30:  84%|█████████████████████████████▌     | 49/58 [00:01<00:00, 35.95it/s, loss=0.0007]
  Epoch 24/30:  84%|█████████████████████████████▌     | 49/58 [00:01<00:00, 35.95it/s, loss=0.0014]
  Epoch 24/30:  84%|█████████████████████████████▌     | 49/58 [00:01<00:00, 35.95it/s, loss=0.0003]
  Epoch 24/30:  84%|█████████████████████████████▌     | 49/58 [00:01<00:00, 35.95it/s, loss=0.0006]
  Epoch 24/30:  91%|███████████████████████████████▉   | 53/58 [00:01<00:00, 35.75it/s, loss=0.0006]
  Epoch 24/30:  91%|███████████████████████████████▉   | 53/58 [00:01<00:00, 35.75it/s, loss=0.0016]
  Epoch 24/30:  91%|███████████████████████████████▉   | 53/58 [00:01<00:00, 35.75it/s, loss=0.0010]
  Epoch 24/30:  91%|███████████████████████████████▉   | 53/58 [00:01<00:00, 35.75it/s, loss=0.0022]
  Epoch 24/30:  91%|███████████████████████████████▉   | 53/58 [00:01<00:00, 35.75it/s, loss=0.0017]
  Epoch 24/30:  98%|██████████████████████████████████▍| 57/58 [00:01<00:00, 35.42it/s, loss=0.0017]
  Epoch 24/30:  98%|██████████████████████████████████▍| 57/58 [00:01<00:00, 35.42it/s, loss=0.0067]
                                                                                                    

  Epoch 25/30:   0%|                                                         | 0/58 [00:00<?, ?it/s]
  Epoch 25/30:   0%|                                            | 0/58 [00:00<?, ?it/s, loss=0.0009]
  Epoch 25/30:   0%|                                            | 0/58 [00:00<?, ?it/s, loss=0.0004]
  Epoch 25/30:   0%|                                            | 0/58 [00:00<?, ?it/s, loss=0.0006]
  Epoch 25/30:   0%|                                            | 0/58 [00:00<?, ?it/s, loss=0.0005]
  Epoch 25/30:   0%|                                            | 0/58 [00:00<?, ?it/s, loss=0.0003]
  Epoch 25/30:   9%|███                                 | 5/58 [00:00<00:01, 49.30it/s, loss=0.0003]
  Epoch 25/30:   9%|███                                 | 5/58 [00:00<00:01, 49.30it/s, loss=0.0017]
  Epoch 25/30:   9%|███                                 | 5/58 [00:00<00:01, 49.30it/s, loss=0.0010]
  Epoch 25/30:   9%|███                                 | 5/58 [00:00<00:01, 49.30it/s, loss=0.0008]
  Epoch 25/30:   9%|███                                 | 5/58 [00:00<00:01, 49.30it/s, loss=0.0008]
  Epoch 25/30:   9%|███                                 | 5/58 [00:00<00:01, 49.30it/s, loss=0.0006]
  Epoch 25/30:  17%|██████                             | 10/58 [00:00<00:01, 27.45it/s, loss=0.0006]
  Epoch 25/30:  17%|██████                             | 10/58 [00:00<00:01, 27.45it/s, loss=0.0011]
  Epoch 25/30:  17%|██████                             | 10/58 [00:00<00:01, 27.45it/s, loss=0.0005]
  Epoch 25/30:  17%|██████                             | 10/58 [00:00<00:01, 27.45it/s, loss=0.0019]
  Epoch 25/30:  17%|██████                             | 10/58 [00:00<00:01, 27.45it/s, loss=0.0004]
  Epoch 25/30:  24%|████████▍                          | 14/58 [00:00<00:01, 31.24it/s, loss=0.0004]
  Epoch 25/30:  24%|████████▍                          | 14/58 [00:00<00:01, 31.24it/s, loss=0.0006]
  Epoch 25/30:  24%|████████▍                          | 14/58 [00:00<00:01, 31.24it/s, loss=0.0007]
  Epoch 25/30:  24%|████████▍                          | 14/58 [00:00<00:01, 31.24it/s, loss=0.0005]
  Epoch 25/30:  24%|████████▍                          | 14/58 [00:00<00:01, 31.24it/s, loss=0.0009]
  Epoch 25/30:  24%|████████▍                          | 14/58 [00:00<00:01, 31.24it/s, loss=0.0002]
  Epoch 25/30:  24%|████████▍                          | 14/58 [00:00<00:01, 31.24it/s, loss=0.0021]
  Epoch 25/30:  34%|████████████                       | 20/58 [00:00<00:00, 39.12it/s, loss=0.0021]
  Epoch 25/30:  34%|████████████                       | 20/58 [00:00<00:00, 39.12it/s, loss=0.0004]
  Epoch 25/30:  34%|████████████                       | 20/58 [00:00<00:00, 39.12it/s, loss=0.0013]
  Epoch 25/30:  34%|████████████                       | 20/58 [00:00<00:00, 39.12it/s, loss=0.0005]
  Epoch 25/30:  34%|████████████                       | 20/58 [00:00<00:00, 39.12it/s, loss=0.0004]
  Epoch 25/30:  34%|████████████                       | 20/58 [00:00<00:00, 39.12it/s, loss=0.0013]
  Epoch 25/30:  34%|████████████                       | 20/58 [00:00<00:00, 39.12it/s, loss=0.0012]
  Epoch 25/30:  45%|███████████████▋                   | 26/58 [00:00<00:00, 43.95it/s, loss=0.0012]
  Epoch 25/30:  45%|███████████████▋                   | 26/58 [00:00<00:00, 43.95it/s, loss=0.0004]
  Epoch 25/30:  45%|███████████████▋                   | 26/58 [00:00<00:00, 43.95it/s, loss=0.0003]
  Epoch 25/30:  45%|███████████████▋                   | 26/58 [00:00<00:00, 43.95it/s, loss=0.0013]
  Epoch 25/30:  45%|███████████████▋                   | 26/58 [00:00<00:00, 43.95it/s, loss=0.0011]
  Epoch 25/30:  45%|███████████████▋                   | 26/58 [00:00<00:00, 43.95it/s, loss=0.0008]
  Epoch 25/30:  45%|███████████████▋                   | 26/58 [00:00<00:00, 43.95it/s, loss=0.0009]
  Epoch 25/30:  55%|███████████████████▎               | 32/58 [00:00<00:00, 47.74it/s, loss=0.0009]
  Epoch 25/30:  55%|███████████████████▎               | 32/58 [00:00<00:00, 47.74it/s, loss=0.0019]
  Epoch 25/30:  55%|███████████████████▎               | 32/58 [00:00<00:00, 47.74it/s, loss=0.0011]
  Epoch 25/30:  55%|███████████████████▎               | 32/58 [00:00<00:00, 47.74it/s, loss=0.0004]
  Epoch 25/30:  55%|███████████████████▎               | 32/58 [00:00<00:00, 47.74it/s, loss=0.0008]
  Epoch 25/30:  55%|███████████████████▎               | 32/58 [00:00<00:00, 47.74it/s, loss=0.0015]
  Epoch 25/30:  55%|███████████████████▎               | 32/58 [00:00<00:00, 47.74it/s, loss=0.0006]
  Epoch 25/30:  66%|██████████████████████▉            | 38/58 [00:00<00:00, 50.87it/s, loss=0.0006]
  Epoch 25/30:  66%|██████████████████████▉            | 38/58 [00:00<00:00, 50.87it/s, loss=0.0002]
  Epoch 25/30:  66%|██████████████████████▉            | 38/58 [00:00<00:00, 50.87it/s, loss=0.0004]
  Epoch 25/30:  66%|██████████████████████▉            | 38/58 [00:00<00:00, 50.87it/s, loss=0.0008]
  Epoch 25/30:  66%|██████████████████████▉            | 38/58 [00:00<00:00, 50.87it/s, loss=0.0010]
  Epoch 25/30:  66%|██████████████████████▉            | 38/58 [00:00<00:00, 50.87it/s, loss=0.0009]
  Epoch 25/30:  66%|██████████████████████▉            | 38/58 [00:00<00:00, 50.87it/s, loss=0.0007]
  Epoch 25/30:  76%|██████████████████████████▌        | 44/58 [00:00<00:00, 50.18it/s, loss=0.0007]
  Epoch 25/30:  76%|██████████████████████████▌        | 44/58 [00:01<00:00, 50.18it/s, loss=0.0004]
  Epoch 25/30:  76%|██████████████████████████▌        | 44/58 [00:01<00:00, 50.18it/s, loss=0.0006]
  Epoch 25/30:  76%|██████████████████████████▌        | 44/58 [00:01<00:00, 50.18it/s, loss=0.0013]
  Epoch 25/30:  76%|██████████████████████████▌        | 44/58 [00:01<00:00, 50.18it/s, loss=0.0004]
  Epoch 25/30:  76%|██████████████████████████▌        | 44/58 [00:01<00:00, 50.18it/s, loss=0.0008]
  Epoch 25/30:  76%|██████████████████████████▌        | 44/58 [00:01<00:00, 50.18it/s, loss=0.0008]
  Epoch 25/30:  86%|██████████████████████████████▏    | 50/58 [00:01<00:00, 52.32it/s, loss=0.0008]
  Epoch 25/30:  86%|██████████████████████████████▏    | 50/58 [00:01<00:00, 52.32it/s, loss=0.0006]
  Epoch 25/30:  86%|██████████████████████████████▏    | 50/58 [00:01<00:00, 52.32it/s, loss=0.0017]
  Epoch 25/30:  86%|██████████████████████████████▏    | 50/58 [00:01<00:00, 52.32it/s, loss=0.0005]
  Epoch 25/30:  86%|██████████████████████████████▏    | 50/58 [00:01<00:00, 52.32it/s, loss=0.0009]
  Epoch 25/30:  86%|██████████████████████████████▏    | 50/58 [00:01<00:00, 52.32it/s, loss=0.0021]
  Epoch 25/30:  86%|██████████████████████████████▏    | 50/58 [00:01<00:00, 52.32it/s, loss=0.0007]
  Epoch 25/30:  97%|█████████████████████████████████▊ | 56/58 [00:01<00:00, 50.64it/s, loss=0.0007]
  Epoch 25/30:  97%|█████████████████████████████████▊ | 56/58 [00:01<00:00, 50.64it/s, loss=0.0016]
  Epoch 25/30:  97%|█████████████████████████████████▊ | 56/58 [00:01<00:00, 50.64it/s, loss=0.0000]
                                                                                                    
  Epoch 25/30 │ Loss: 0.0008 │ T+1: 0.8125 │ T+2: 0.5826 │ T+3: 0.4477

  Epoch 26/30:   0%|                                                         | 0/58 [00:00<?, ?it/s]
  Epoch 26/30:   0%|                                            | 0/58 [00:00<?, ?it/s, loss=0.0024]
  Epoch 26/30:   0%|                                            | 0/58 [00:00<?, ?it/s, loss=0.0002]
  Epoch 26/30:   0%|                                            | 0/58 [00:00<?, ?it/s, loss=0.0005]
  Epoch 26/30:   0%|                                            | 0/58 [00:00<?, ?it/s, loss=0.0006]
  Epoch 26/30:   7%|██▍                                 | 4/58 [00:00<00:01, 34.27it/s, loss=0.0006]
  Epoch 26/30:   7%|██▍                                 | 4/58 [00:00<00:01, 34.27it/s, loss=0.0003]
  Epoch 26/30:   7%|██▍                                 | 4/58 [00:00<00:01, 34.27it/s, loss=0.0003]
  Epoch 26/30:   7%|██▍                                 | 4/58 [00:00<00:01, 34.27it/s, loss=0.0010]
  Epoch 26/30:   7%|██▍                                 | 4/58 [00:00<00:01, 34.27it/s, loss=0.0014]
  Epoch 26/30:   7%|██▍                                 | 4/58 [00:00<00:01, 34.27it/s, loss=0.0003]
  Epoch 26/30:   7%|██▍                                 | 4/58 [00:00<00:01, 34.27it/s, loss=0.0018]
  Epoch 26/30:  17%|██████                             | 10/58 [00:00<00:01, 44.87it/s, loss=0.0018]
  Epoch 26/30:  17%|██████                             | 10/58 [00:00<00:01, 44.87it/s, loss=0.0010]
  Epoch 26/30:  17%|██████                             | 10/58 [00:00<00:01, 44.87it/s, loss=0.0004]
  Epoch 26/30:  17%|██████                             | 10/58 [00:00<00:01, 44.87it/s, loss=0.0013]
  Epoch 26/30:  17%|██████                             | 10/58 [00:00<00:01, 44.87it/s, loss=0.0007]
  Epoch 26/30:  17%|██████                             | 10/58 [00:00<00:01, 44.87it/s, loss=0.0009]
  Epoch 26/30:  17%|██████                             | 10/58 [00:00<00:01, 44.87it/s, loss=0.0013]
  Epoch 26/30:  28%|█████████▋                         | 16/58 [00:00<00:00, 49.56it/s, loss=0.0013]
  Epoch 26/30:  28%|█████████▋                         | 16/58 [00:00<00:00, 49.56it/s, loss=0.0007]
  Epoch 26/30:  28%|█████████▋                         | 16/58 [00:00<00:00, 49.56it/s, loss=0.0009]
  Epoch 26/30:  28%|█████████▋                         | 16/58 [00:00<00:00, 49.56it/s, loss=0.0016]
  Epoch 26/30:  28%|█████████▋                         | 16/58 [00:00<00:00, 49.56it/s, loss=0.0006]
  Epoch 26/30:  28%|█████████▋                         | 16/58 [00:00<00:00, 49.56it/s, loss=0.0010]
  Epoch 26/30:  28%|█████████▋                         | 16/58 [00:00<00:00, 49.56it/s, loss=0.0003]
  Epoch 26/30:  38%|█████████████▎                     | 22/58 [00:00<00:00, 50.59it/s, loss=0.0003]
  Epoch 26/30:  38%|█████████████▎                     | 22/58 [00:00<00:00, 50.59it/s, loss=0.0005]
  Epoch 26/30:  38%|█████████████▎                     | 22/58 [00:00<00:00, 50.59it/s, loss=0.0009]
  Epoch 26/30:  38%|█████████████▎                     | 22/58 [00:00<00:00, 50.59it/s, loss=0.0009]
  Epoch 26/30:  38%|█████████████▎                     | 22/58 [00:00<00:00, 50.59it/s, loss=0.0004]
  Epoch 26/30:  38%|█████████████▎                     | 22/58 [00:00<00:00, 50.59it/s, loss=0.0005]
  Epoch 26/30:  38%|█████████████▎                     | 22/58 [00:00<00:00, 50.59it/s, loss=0.0009]
  Epoch 26/30:  48%|████████████████▉                  | 28/58 [00:00<00:00, 53.36it/s, loss=0.0009]
  Epoch 26/30:  48%|████████████████▉                  | 28/58 [00:00<00:00, 53.36it/s, loss=0.0015]
  Epoch 26/30:  48%|████████████████▉                  | 28/58 [00:00<00:00, 53.36it/s, loss=0.0005]
  Epoch 26/30:  48%|████████████████▉                  | 28/58 [00:00<00:00, 53.36it/s, loss=0.0011]
  Epoch 26/30:  48%|████████████████▉                  | 28/58 [00:00<00:00, 53.36it/s, loss=0.0006]
  Epoch 26/30:  48%|████████████████▉                  | 28/58 [00:00<00:00, 53.36it/s, loss=0.0009]
  Epoch 26/30:  48%|████████████████▉                  | 28/58 [00:00<00:00, 53.36it/s, loss=0.0002]
  Epoch 26/30:  59%|████████████████████▌              | 34/58 [00:00<00:00, 55.07it/s, loss=0.0002]
  Epoch 26/30:  59%|████████████████████▌              | 34/58 [00:00<00:00, 55.07it/s, loss=0.0006]
  Epoch 26/30:  59%|████████████████████▌              | 34/58 [00:00<00:00, 55.07it/s, loss=0.0003]
  Epoch 26/30:  59%|████████████████████▌              | 34/58 [00:00<00:00, 55.07it/s, loss=0.0008]
  Epoch 26/30:  59%|████████████████████▌              | 34/58 [00:00<00:00, 55.07it/s, loss=0.0004]
  Epoch 26/30:  59%|████████████████████▌              | 34/58 [00:00<00:00, 55.07it/s, loss=0.0004]
  Epoch 26/30:  59%|████████████████████▌              | 34/58 [00:00<00:00, 55.07it/s, loss=0.0004]
  Epoch 26/30:  69%|████████████████████████▏          | 40/58 [00:00<00:00, 55.38it/s, loss=0.0004]
  Epoch 26/30:  69%|████████████████████████▏          | 40/58 [00:00<00:00, 55.38it/s, loss=0.0005]
  Epoch 26/30:  69%|████████████████████████▏          | 40/58 [00:00<00:00, 55.38it/s, loss=0.0011]
  Epoch 26/30:  69%|████████████████████████▏          | 40/58 [00:00<00:00, 55.38it/s, loss=0.0003]
  Epoch 26/30:  69%|████████████████████████▏          | 40/58 [00:00<00:00, 55.38it/s, loss=0.0008]
  Epoch 26/30:  69%|████████████████████████▏          | 40/58 [00:00<00:00, 55.38it/s, loss=0.0019]
  Epoch 26/30:  69%|████████████████████████▏          | 40/58 [00:00<00:00, 55.38it/s, loss=0.0011]
  Epoch 26/30:  69%|████████████████████████▏          | 40/58 [00:00<00:00, 55.38it/s, loss=0.0006]
  Epoch 26/30:  81%|████████████████████████████▎      | 47/58 [00:00<00:00, 57.98it/s, loss=0.0006]
  Epoch 26/30:  81%|████████████████████████████▎      | 47/58 [00:00<00:00, 57.98it/s, loss=0.0008]
  Epoch 26/30:  81%|████████████████████████████▎      | 47/58 [00:00<00:00, 57.98it/s, loss=0.0007]
  Epoch 26/30:  81%|████████████████████████████▎      | 47/58 [00:00<00:00, 57.98it/s, loss=0.0011]
  Epoch 26/30:  81%|████████████████████████████▎      | 47/58 [00:00<00:00, 57.98it/s, loss=0.0013]
  Epoch 26/30:  81%|████████████████████████████▎      | 47/58 [00:00<00:00, 57.98it/s, loss=0.0003]
  Epoch 26/30:  81%|████████████████████████████▎      | 47/58 [00:00<00:00, 57.98it/s, loss=0.0005]
  Epoch 26/30:  81%|████████████████████████████▎      | 47/58 [00:00<00:00, 57.98it/s, loss=0.0006]
  Epoch 26/30:  93%|████████████████████████████████▌  | 54/58 [00:00<00:00, 59.27it/s, loss=0.0006]
  Epoch 26/30:  93%|████████████████████████████████▌  | 54/58 [00:01<00:00, 59.27it/s, loss=0.0003]
  Epoch 26/30:  93%|████████████████████████████████▌  | 54/58 [00:01<00:00, 59.27it/s, loss=0.0012]
  Epoch 26/30:  93%|████████████████████████████████▌  | 54/58 [00:01<00:00, 59.27it/s, loss=0.0004]
  Epoch 26/30:  93%|████████████████████████████████▌  | 54/58 [00:01<00:00, 59.27it/s, loss=0.0008]
                                                                                                    

  Epoch 27/30:   0%|                                                         | 0/58 [00:00<?, ?it/s]
  Epoch 27/30:   0%|                                            | 0/58 [00:00<?, ?it/s, loss=0.0007]
  Epoch 27/30:   0%|                                            | 0/58 [00:00<?, ?it/s, loss=0.0012]
  Epoch 27/30:   0%|                                            | 0/58 [00:00<?, ?it/s, loss=0.0002]
  Epoch 27/30:   0%|                                            | 0/58 [00:00<?, ?it/s, loss=0.0014]
  Epoch 27/30:   0%|                                            | 0/58 [00:00<?, ?it/s, loss=0.0005]
  Epoch 27/30:   0%|                                            | 0/58 [00:00<?, ?it/s, loss=0.0004]
  Epoch 27/30:  10%|███▋                                | 6/58 [00:00<00:00, 58.79it/s, loss=0.0004]
  Epoch 27/30:  10%|███▋                                | 6/58 [00:00<00:00, 58.79it/s, loss=0.0019]
  Epoch 27/30:  10%|███▋                                | 6/58 [00:00<00:00, 58.79it/s, loss=0.0014]
  Epoch 27/30:  10%|███▋                                | 6/58 [00:00<00:00, 58.79it/s, loss=0.0009]
  Epoch 27/30:  10%|███▋                                | 6/58 [00:00<00:00, 58.79it/s, loss=0.0010]
  Epoch 27/30:  10%|███▋                                | 6/58 [00:00<00:00, 58.79it/s, loss=0.0008]
  Epoch 27/30:  10%|███▋                                | 6/58 [00:00<00:00, 58.79it/s, loss=0.0013]
  Epoch 27/30:  21%|███████▏                           | 12/58 [00:00<00:00, 56.49it/s, loss=0.0013]
  Epoch 27/30:  21%|███████▏                           | 12/58 [00:00<00:00, 56.49it/s, loss=0.0004]
  Epoch 27/30:  21%|███████▏                           | 12/58 [00:00<00:00, 56.49it/s, loss=0.0007]
  Epoch 27/30:  21%|███████▏                           | 12/58 [00:00<00:00, 56.49it/s, loss=0.0004]
  Epoch 27/30:  21%|███████▏                           | 12/58 [00:00<00:00, 56.49it/s, loss=0.0006]
  Epoch 27/30:  21%|███████▏                           | 12/58 [00:00<00:00, 56.49it/s, loss=0.0006]
  Epoch 27/30:  21%|███████▏                           | 12/58 [00:00<00:00, 56.49it/s, loss=0.0006]
  Epoch 27/30:  31%|██████████▊                        | 18/58 [00:00<00:00, 50.61it/s, loss=0.0006]
  Epoch 27/30:  31%|██████████▊                        | 18/58 [00:00<00:00, 50.61it/s, loss=0.0005]
  Epoch 27/30:  31%|██████████▊                        | 18/58 [00:00<00:00, 50.61it/s, loss=0.0005]
  Epoch 27/30:  31%|██████████▊                        | 18/58 [00:00<00:00, 50.61it/s, loss=0.0009]
  Epoch 27/30:  31%|██████████▊                        | 18/58 [00:00<00:00, 50.61it/s, loss=0.0007]
  Epoch 27/30:  31%|██████████▊                        | 18/58 [00:00<00:00, 50.61it/s, loss=0.0007]
  Epoch 27/30:  31%|██████████▊                        | 18/58 [00:00<00:00, 50.61it/s, loss=0.0007]
  Epoch 27/30:  31%|██████████▊                        | 18/58 [00:00<00:00, 50.61it/s, loss=0.0002]
  Epoch 27/30:  43%|███████████████                    | 25/58 [00:00<00:00, 54.36it/s, loss=0.0002]
  Epoch 27/30:  43%|███████████████                    | 25/58 [00:00<00:00, 54.36it/s, loss=0.0004]
  Epoch 27/30:  43%|███████████████                    | 25/58 [00:00<00:00, 54.36it/s, loss=0.0007]
  Epoch 27/30:  43%|███████████████                    | 25/58 [00:00<00:00, 54.36it/s, loss=0.0004]
  Epoch 27/30:  43%|███████████████                    | 25/58 [00:00<00:00, 54.36it/s, loss=0.0015]
  Epoch 27/30:  43%|███████████████                    | 25/58 [00:00<00:00, 54.36it/s, loss=0.0003]
  Epoch 27/30:  43%|███████████████                    | 25/58 [00:00<00:00, 54.36it/s, loss=0.0008]
  Epoch 27/30:  43%|███████████████                    | 25/58 [00:00<00:00, 54.36it/s, loss=0.0003]
  Epoch 27/30:  55%|███████████████████▎               | 32/58 [00:00<00:00, 57.12it/s, loss=0.0003]
  Epoch 27/30:  55%|███████████████████▎               | 32/58 [00:00<00:00, 57.12it/s, loss=0.0008]
  Epoch 27/30:  55%|███████████████████▎               | 32/58 [00:00<00:00, 57.12it/s, loss=0.0010]
  Epoch 27/30:  55%|███████████████████▎               | 32/58 [00:00<00:00, 57.12it/s, loss=0.0018]
  Epoch 27/30:  55%|███████████████████▎               | 32/58 [00:00<00:00, 57.12it/s, loss=0.0007]
  Epoch 27/30:  55%|███████████████████▎               | 32/58 [00:00<00:00, 57.12it/s, loss=0.0003]
  Epoch 27/30:  55%|███████████████████▎               | 32/58 [00:00<00:00, 57.12it/s, loss=0.0002]
  Epoch 27/30:  66%|██████████████████████▉            | 38/58 [00:00<00:00, 57.24it/s, loss=0.0002]
  Epoch 27/30:  66%|██████████████████████▉            | 38/58 [00:00<00:00, 57.24it/s, loss=0.0004]
  Epoch 27/30:  66%|██████████████████████▉            | 38/58 [00:00<00:00, 57.24it/s, loss=0.0008]
  Epoch 27/30:  66%|██████████████████████▉            | 38/58 [00:00<00:00, 57.24it/s, loss=0.0009]
  Epoch 27/30:  66%|██████████████████████▉            | 38/58 [00:00<00:00, 57.24it/s, loss=0.0009]
  Epoch 27/30:  66%|██████████████████████▉            | 38/58 [00:00<00:00, 57.24it/s, loss=0.0004]
  Epoch 27/30:  66%|██████████████████████▉            | 38/58 [00:00<00:00, 57.24it/s, loss=0.0009]
  Epoch 27/30:  76%|██████████████████████████▌        | 44/58 [00:00<00:00, 57.63it/s, loss=0.0009]
  Epoch 27/30:  76%|██████████████████████████▌        | 44/58 [00:00<00:00, 57.63it/s, loss=0.0013]
  Epoch 27/30:  76%|██████████████████████████▌        | 44/58 [00:00<00:00, 57.63it/s, loss=0.0019]
  Epoch 27/30:  76%|██████████████████████████▌        | 44/58 [00:00<00:00, 57.63it/s, loss=0.0019]
  Epoch 27/30:  76%|██████████████████████████▌        | 44/58 [00:00<00:00, 57.63it/s, loss=0.0002]
  Epoch 27/30:  76%|██████████████████████████▌        | 44/58 [00:00<00:00, 57.63it/s, loss=0.0003]
  Epoch 27/30:  76%|██████████████████████████▌        | 44/58 [00:00<00:00, 57.63it/s, loss=0.0010]
  Epoch 27/30:  86%|██████████████████████████████▏    | 50/58 [00:00<00:00, 56.55it/s, loss=0.0010]
  Epoch 27/30:  86%|██████████████████████████████▏    | 50/58 [00:00<00:00, 56.55it/s, loss=0.0007]
  Epoch 27/30:  86%|██████████████████████████████▏    | 50/58 [00:00<00:00, 56.55it/s, loss=0.0004]
  Epoch 27/30:  86%|██████████████████████████████▏    | 50/58 [00:00<00:00, 56.55it/s, loss=0.0007]
  Epoch 27/30:  86%|██████████████████████████████▏    | 50/58 [00:00<00:00, 56.55it/s, loss=0.0003]
  Epoch 27/30:  86%|██████████████████████████████▏    | 50/58 [00:00<00:00, 56.55it/s, loss=0.0004]
  Epoch 27/30:  86%|██████████████████████████████▏    | 50/58 [00:00<00:00, 56.55it/s, loss=0.0015]
  Epoch 27/30:  86%|██████████████████████████████▏    | 50/58 [00:01<00:00, 56.55it/s, loss=0.0009]
  Epoch 27/30:  98%|██████████████████████████████████▍| 57/58 [00:01<00:00, 57.33it/s, loss=0.0009]
  Epoch 27/30:  98%|██████████████████████████████████▍| 57/58 [00:01<00:00, 57.33it/s, loss=0.0001]
                                                                                                    

  Epoch 28/30:   0%|                                                         | 0/58 [00:00<?, ?it/s]
  Epoch 28/30:   0%|                                            | 0/58 [00:00<?, ?it/s, loss=0.0006]
  Epoch 28/30:   0%|                                            | 0/58 [00:00<?, ?it/s, loss=0.0008]
  Epoch 28/30:   0%|                                            | 0/58 [00:00<?, ?it/s, loss=0.0008]
  Epoch 28/30:   0%|                                            | 0/58 [00:00<?, ?it/s, loss=0.0003]
  Epoch 28/30:   0%|                                            | 0/58 [00:00<?, ?it/s, loss=0.0004]
  Epoch 28/30:   0%|                                            | 0/58 [00:00<?, ?it/s, loss=0.0011]
  Epoch 28/30:   0%|                                            | 0/58 [00:00<?, ?it/s, loss=0.0004]
  Epoch 28/30:  12%|████▎                               | 7/58 [00:00<00:00, 58.38it/s, loss=0.0004]
  Epoch 28/30:  12%|████▎                               | 7/58 [00:00<00:00, 58.38it/s, loss=0.0007]
  Epoch 28/30:  12%|████▎                               | 7/58 [00:00<00:00, 58.38it/s, loss=0.0006]
  Epoch 28/30:  12%|████▎                               | 7/58 [00:00<00:00, 58.38it/s, loss=0.0005]
  Epoch 28/30:  12%|████▎                               | 7/58 [00:00<00:00, 58.38it/s, loss=0.0004]
  Epoch 28/30:  12%|████▎                               | 7/58 [00:00<00:00, 58.38it/s, loss=0.0003]
  Epoch 28/30:  12%|████▎                               | 7/58 [00:00<00:00, 58.38it/s, loss=0.0008]
  Epoch 28/30:  22%|███████▊                           | 13/58 [00:00<00:00, 57.45it/s, loss=0.0008]
  Epoch 28/30:  22%|███████▊                           | 13/58 [00:00<00:00, 57.45it/s, loss=0.0007]
  Epoch 28/30:  22%|███████▊                           | 13/58 [00:00<00:00, 57.45it/s, loss=0.0006]
  Epoch 28/30:  22%|███████▊                           | 13/58 [00:00<00:00, 57.45it/s, loss=0.0005]
  Epoch 28/30:  22%|███████▊                           | 13/58 [00:00<00:00, 57.45it/s, loss=0.0005]
  Epoch 28/30:  22%|███████▊                           | 13/58 [00:00<00:00, 57.45it/s, loss=0.0013]
  Epoch 28/30:  22%|███████▊                           | 13/58 [00:00<00:00, 57.45it/s, loss=0.0002]
  Epoch 28/30:  33%|███████████▍                       | 19/58 [00:00<00:00, 57.93it/s, loss=0.0002]
  Epoch 28/30:  33%|███████████▍                       | 19/58 [00:00<00:00, 57.93it/s, loss=0.0013]
  Epoch 28/30:  33%|███████████▍                       | 19/58 [00:00<00:00, 57.93it/s, loss=0.0011]
  Epoch 28/30:  33%|███████████▍                       | 19/58 [00:00<00:00, 57.93it/s, loss=0.0006]
  Epoch 28/30:  33%|███████████▍                       | 19/58 [00:00<00:00, 57.93it/s, loss=0.0013]
  Epoch 28/30:  33%|███████████▍                       | 19/58 [00:00<00:00, 57.93it/s, loss=0.0006]
  Epoch 28/30:  33%|███████████▍                       | 19/58 [00:00<00:00, 57.93it/s, loss=0.0008]
  Epoch 28/30:  33%|███████████▍                       | 19/58 [00:00<00:00, 57.93it/s, loss=0.0006]
  Epoch 28/30:  45%|███████████████▋                   | 26/58 [00:00<00:00, 58.96it/s, loss=0.0006]
  Epoch 28/30:  45%|███████████████▋                   | 26/58 [00:00<00:00, 58.96it/s, loss=0.0015]
  Epoch 28/30:  45%|███████████████▋                   | 26/58 [00:00<00:00, 58.96it/s, loss=0.0019]
  Epoch 28/30:  45%|███████████████▋                   | 26/58 [00:00<00:00, 58.96it/s, loss=0.0003]
  Epoch 28/30:  45%|███████████████▋                   | 26/58 [00:00<00:00, 58.96it/s, loss=0.0008]
  Epoch 28/30:  45%|███████████████▋                   | 26/58 [00:00<00:00, 58.96it/s, loss=0.0014]
  Epoch 28/30:  45%|███████████████▋                   | 26/58 [00:00<00:00, 58.96it/s, loss=0.0004]
  Epoch 28/30:  55%|███████████████████▎               | 32/58 [00:00<00:00, 56.78it/s, loss=0.0004]
  Epoch 28/30:  55%|███████████████████▎               | 32/58 [00:00<00:00, 56.78it/s, loss=0.0009]
  Epoch 28/30:  55%|███████████████████▎               | 32/58 [00:00<00:00, 56.78it/s, loss=0.0006]
  Epoch 28/30:  55%|███████████████████▎               | 32/58 [00:00<00:00, 56.78it/s, loss=0.0020]
  Epoch 28/30:  55%|███████████████████▎               | 32/58 [00:00<00:00, 56.78it/s, loss=0.0004]
  Epoch 28/30:  55%|███████████████████▎               | 32/58 [00:00<00:00, 56.78it/s, loss=0.0006]
  Epoch 28/30:  55%|███████████████████▎               | 32/58 [00:00<00:00, 56.78it/s, loss=0.0026]
  Epoch 28/30:  66%|██████████████████████▉            | 38/58 [00:00<00:00, 56.55it/s, loss=0.0026]
  Epoch 28/30:  66%|██████████████████████▉            | 38/58 [00:00<00:00, 56.55it/s, loss=0.0006]
  Epoch 28/30:  66%|██████████████████████▉            | 38/58 [00:00<00:00, 56.55it/s, loss=0.0011]
  Epoch 28/30:  66%|██████████████████████▉            | 38/58 [00:00<00:00, 56.55it/s, loss=0.0003]
  Epoch 28/30:  66%|██████████████████████▉            | 38/58 [00:00<00:00, 56.55it/s, loss=0.0007]
  Epoch 28/30:  66%|██████████████████████▉            | 38/58 [00:00<00:00, 56.55it/s, loss=0.0008]
  Epoch 28/30:  66%|██████████████████████▉            | 38/58 [00:00<00:00, 56.55it/s, loss=0.0002]
  Epoch 28/30:  76%|██████████████████████████▌        | 44/58 [00:00<00:00, 55.98it/s, loss=0.0002]
  Epoch 28/30:  76%|██████████████████████████▌        | 44/58 [00:00<00:00, 55.98it/s, loss=0.0014]
  Epoch 28/30:  76%|██████████████████████████▌        | 44/58 [00:00<00:00, 55.98it/s, loss=0.0010]
  Epoch 28/30:  76%|██████████████████████████▌        | 44/58 [00:00<00:00, 55.98it/s, loss=0.0005]
  Epoch 28/30:  76%|██████████████████████████▌        | 44/58 [00:00<00:00, 55.98it/s, loss=0.0005]
  Epoch 28/30:  76%|██████████████████████████▌        | 44/58 [00:00<00:00, 55.98it/s, loss=0.0003]
  Epoch 28/30:  76%|██████████████████████████▌        | 44/58 [00:00<00:00, 55.98it/s, loss=0.0003]
  Epoch 28/30:  86%|██████████████████████████████▏    | 50/58 [00:00<00:00, 57.07it/s, loss=0.0003]
  Epoch 28/30:  86%|██████████████████████████████▏    | 50/58 [00:00<00:00, 57.07it/s, loss=0.0007]
  Epoch 28/30:  86%|██████████████████████████████▏    | 50/58 [00:00<00:00, 57.07it/s, loss=0.0009]
  Epoch 28/30:  86%|██████████████████████████████▏    | 50/58 [00:00<00:00, 57.07it/s, loss=0.0003]
  Epoch 28/30:  86%|██████████████████████████████▏    | 50/58 [00:00<00:00, 57.07it/s, loss=0.0004]
  Epoch 28/30:  86%|██████████████████████████████▏    | 50/58 [00:00<00:00, 57.07it/s, loss=0.0011]
  Epoch 28/30:  86%|██████████████████████████████▏    | 50/58 [00:00<00:00, 57.07it/s, loss=0.0009]
  Epoch 28/30:  97%|█████████████████████████████████▊ | 56/58 [00:00<00:00, 56.69it/s, loss=0.0009]
  Epoch 28/30:  97%|█████████████████████████████████▊ | 56/58 [00:01<00:00, 56.69it/s, loss=0.0006]
  Epoch 28/30:  97%|█████████████████████████████████▊ | 56/58 [00:01<00:00, 56.69it/s, loss=0.0000]
                                                                                                    

  Epoch 29/30:   0%|                                                         | 0/58 [00:00<?, ?it/s]
  Epoch 29/30:   0%|                                            | 0/58 [00:00<?, ?it/s, loss=0.0005]
  Epoch 29/30:   0%|                                            | 0/58 [00:00<?, ?it/s, loss=0.0006]
  Epoch 29/30:   0%|                                            | 0/58 [00:00<?, ?it/s, loss=0.0003]
  Epoch 29/30:   0%|                                            | 0/58 [00:00<?, ?it/s, loss=0.0003]
  Epoch 29/30:   0%|                                            | 0/58 [00:00<?, ?it/s, loss=0.0017]
  Epoch 29/30:   0%|                                            | 0/58 [00:00<?, ?it/s, loss=0.0011]
  Epoch 29/30:  10%|███▋                                | 6/58 [00:00<00:00, 56.27it/s, loss=0.0011]
  Epoch 29/30:  10%|███▋                                | 6/58 [00:00<00:00, 56.27it/s, loss=0.0005]
  Epoch 29/30:  10%|███▋                                | 6/58 [00:00<00:00, 56.27it/s, loss=0.0008]
  Epoch 29/30:  10%|███▋                                | 6/58 [00:00<00:00, 56.27it/s, loss=0.0011]
  Epoch 29/30:  10%|███▋                                | 6/58 [00:00<00:00, 56.27it/s, loss=0.0004]
  Epoch 29/30:  10%|███▋                                | 6/58 [00:00<00:00, 56.27it/s, loss=0.0012]
  Epoch 29/30:  10%|███▋                                | 6/58 [00:00<00:00, 56.27it/s, loss=0.0012]
  Epoch 29/30:  21%|███████▏                           | 12/58 [00:00<00:00, 55.54it/s, loss=0.0012]
  Epoch 29/30:  21%|███████▏                           | 12/58 [00:00<00:00, 55.54it/s, loss=0.0011]
  Epoch 29/30:  21%|███████▏                           | 12/58 [00:00<00:00, 55.54it/s, loss=0.0005]
  Epoch 29/30:  21%|███████▏                           | 12/58 [00:00<00:00, 55.54it/s, loss=0.0012]
  Epoch 29/30:  21%|███████▏                           | 12/58 [00:00<00:00, 55.54it/s, loss=0.0006]
  Epoch 29/30:  21%|███████▏                           | 12/58 [00:00<00:00, 55.54it/s, loss=0.0010]
  Epoch 29/30:  21%|███████▏                           | 12/58 [00:00<00:00, 55.54it/s, loss=0.0009]
  Epoch 29/30:  31%|██████████▊                        | 18/58 [00:00<00:00, 55.61it/s, loss=0.0009]
  Epoch 29/30:  31%|██████████▊                        | 18/58 [00:00<00:00, 55.61it/s, loss=0.0011]
  Epoch 29/30:  31%|██████████▊                        | 18/58 [00:00<00:00, 55.61it/s, loss=0.0007]
  Epoch 29/30:  31%|██████████▊                        | 18/58 [00:00<00:00, 55.61it/s, loss=0.0007]
  Epoch 29/30:  31%|██████████▊                        | 18/58 [00:00<00:00, 55.61it/s, loss=0.0007]
  Epoch 29/30:  31%|██████████▊                        | 18/58 [00:00<00:00, 55.61it/s, loss=0.0005]
  Epoch 29/30:  31%|██████████▊                        | 18/58 [00:00<00:00, 55.61it/s, loss=0.0003]
  Epoch 29/30:  41%|██████████████▍                    | 24/58 [00:00<00:00, 54.96it/s, loss=0.0003]
  Epoch 29/30:  41%|██████████████▍                    | 24/58 [00:00<00:00, 54.96it/s, loss=0.0002]
  Epoch 29/30:  41%|██████████████▍                    | 24/58 [00:00<00:00, 54.96it/s, loss=0.0019]
  Epoch 29/30:  41%|██████████████▍                    | 24/58 [00:00<00:00, 54.96it/s, loss=0.0002]
  Epoch 29/30:  41%|██████████████▍                    | 24/58 [00:00<00:00, 54.96it/s, loss=0.0008]
  Epoch 29/30:  41%|██████████████▍                    | 24/58 [00:00<00:00, 54.96it/s, loss=0.0006]
  Epoch 29/30:  41%|██████████████▍                    | 24/58 [00:00<00:00, 54.96it/s, loss=0.0003]
  Epoch 29/30:  52%|██████████████████                 | 30/58 [00:00<00:00, 56.67it/s, loss=0.0003]
  Epoch 29/30:  52%|██████████████████                 | 30/58 [00:00<00:00, 56.67it/s, loss=0.0006]
  Epoch 29/30:  52%|██████████████████                 | 30/58 [00:00<00:00, 56.67it/s, loss=0.0009]
  Epoch 29/30:  52%|██████████████████                 | 30/58 [00:00<00:00, 56.67it/s, loss=0.0006]
  Epoch 29/30:  52%|██████████████████                 | 30/58 [00:00<00:00, 56.67it/s, loss=0.0002]
  Epoch 29/30:  52%|██████████████████                 | 30/58 [00:00<00:00, 56.67it/s, loss=0.0005]
  Epoch 29/30:  52%|██████████████████                 | 30/58 [00:00<00:00, 56.67it/s, loss=0.0012]
  Epoch 29/30:  62%|█████████████████████▋             | 36/58 [00:00<00:00, 57.05it/s, loss=0.0012]
  Epoch 29/30:  62%|█████████████████████▋             | 36/58 [00:00<00:00, 57.05it/s, loss=0.0018]
  Epoch 29/30:  62%|█████████████████████▋             | 36/58 [00:00<00:00, 57.05it/s, loss=0.0003]
  Epoch 29/30:  62%|█████████████████████▋             | 36/58 [00:00<00:00, 57.05it/s, loss=0.0003]
  Epoch 29/30:  62%|█████████████████████▋             | 36/58 [00:00<00:00, 57.05it/s, loss=0.0001]
  Epoch 29/30:  62%|█████████████████████▋             | 36/58 [00:00<00:00, 57.05it/s, loss=0.0006]
  Epoch 29/30:  62%|█████████████████████▋             | 36/58 [00:00<00:00, 57.05it/s, loss=0.0013]
  Epoch 29/30:  72%|█████████████████████████▎         | 42/58 [00:00<00:00, 57.96it/s, loss=0.0013]
  Epoch 29/30:  72%|█████████████████████████▎         | 42/58 [00:00<00:00, 57.96it/s, loss=0.0008]
  Epoch 29/30:  72%|█████████████████████████▎         | 42/58 [00:00<00:00, 57.96it/s, loss=0.0006]
  Epoch 29/30:  72%|█████████████████████████▎         | 42/58 [00:00<00:00, 57.96it/s, loss=0.0009]
  Epoch 29/30:  72%|█████████████████████████▎         | 42/58 [00:00<00:00, 57.96it/s, loss=0.0014]
  Epoch 29/30:  72%|█████████████████████████▎         | 42/58 [00:00<00:00, 57.96it/s, loss=0.0010]
  Epoch 29/30:  72%|█████████████████████████▎         | 42/58 [00:00<00:00, 57.96it/s, loss=0.0021]
  Epoch 29/30:  72%|█████████████████████████▎         | 42/58 [00:00<00:00, 57.96it/s, loss=0.0003]
  Epoch 29/30:  84%|█████████████████████████████▌     | 49/58 [00:00<00:00, 58.43it/s, loss=0.0003]
  Epoch 29/30:  84%|█████████████████████████████▌     | 49/58 [00:00<00:00, 58.43it/s, loss=0.0004]
  Epoch 29/30:  84%|█████████████████████████████▌     | 49/58 [00:00<00:00, 58.43it/s, loss=0.0004]
  Epoch 29/30:  84%|█████████████████████████████▌     | 49/58 [00:00<00:00, 58.43it/s, loss=0.0009]
  Epoch 29/30:  84%|█████████████████████████████▌     | 49/58 [00:00<00:00, 58.43it/s, loss=0.0004]
  Epoch 29/30:  84%|█████████████████████████████▌     | 49/58 [00:00<00:00, 58.43it/s, loss=0.0011]
  Epoch 29/30:  84%|█████████████████████████████▌     | 49/58 [00:00<00:00, 58.43it/s, loss=0.0006]
  Epoch 29/30:  95%|█████████████████████████████████▏ | 55/58 [00:00<00:00, 54.92it/s, loss=0.0006]
  Epoch 29/30:  95%|█████████████████████████████████▏ | 55/58 [00:01<00:00, 54.92it/s, loss=0.0007]
  Epoch 29/30:  95%|█████████████████████████████████▏ | 55/58 [00:01<00:00, 54.92it/s, loss=0.0004]
  Epoch 29/30:  95%|█████████████████████████████████▏ | 55/58 [00:01<00:00, 54.92it/s, loss=0.0004]
                                                                                                    

  Epoch 30/30:   0%|                                                         | 0/58 [00:00<?, ?it/s]
  Epoch 30/30:   0%|                                            | 0/58 [00:00<?, ?it/s, loss=0.0007]
  Epoch 30/30:   0%|                                            | 0/58 [00:00<?, ?it/s, loss=0.0004]
  Epoch 30/30:   0%|                                            | 0/58 [00:00<?, ?it/s, loss=0.0014]
  Epoch 30/30:   0%|                                            | 0/58 [00:00<?, ?it/s, loss=0.0007]
  Epoch 30/30:   0%|                                            | 0/58 [00:00<?, ?it/s, loss=0.0009]
  Epoch 30/30:   9%|███                                 | 5/58 [00:00<00:01, 48.52it/s, loss=0.0009]
  Epoch 30/30:   9%|███                                 | 5/58 [00:00<00:01, 48.52it/s, loss=0.0005]
  Epoch 30/30:   9%|███                                 | 5/58 [00:00<00:01, 48.52it/s, loss=0.0012]
  Epoch 30/30:   9%|███                                 | 5/58 [00:00<00:01, 48.52it/s, loss=0.0002]
  Epoch 30/30:   9%|███                                 | 5/58 [00:00<00:01, 48.52it/s, loss=0.0015]
  Epoch 30/30:   9%|███                                 | 5/58 [00:00<00:01, 48.52it/s, loss=0.0005]
  Epoch 30/30:   9%|███                                 | 5/58 [00:00<00:01, 48.52it/s, loss=0.0010]
  Epoch 30/30:  19%|██████▋                            | 11/58 [00:00<00:00, 52.95it/s, loss=0.0010]
  Epoch 30/30:  19%|██████▋                            | 11/58 [00:00<00:00, 52.95it/s, loss=0.0009]
  Epoch 30/30:  19%|██████▋                            | 11/58 [00:00<00:00, 52.95it/s, loss=0.0012]
  Epoch 30/30:  19%|██████▋                            | 11/58 [00:00<00:00, 52.95it/s, loss=0.0003]
  Epoch 30/30:  19%|██████▋                            | 11/58 [00:00<00:00, 52.95it/s, loss=0.0002]
  Epoch 30/30:  19%|██████▋                            | 11/58 [00:00<00:00, 52.95it/s, loss=0.0003]
  Epoch 30/30:  19%|██████▋                            | 11/58 [00:00<00:00, 52.95it/s, loss=0.0006]
  Epoch 30/30:  19%|██████▋                            | 11/58 [00:00<00:00, 52.95it/s, loss=0.0007]
  Epoch 30/30:  31%|██████████▊                        | 18/58 [00:00<00:00, 56.00it/s, loss=0.0007]
  Epoch 30/30:  31%|██████████▊                        | 18/58 [00:00<00:00, 56.00it/s, loss=0.0005]
  Epoch 30/30:  31%|██████████▊                        | 18/58 [00:00<00:00, 56.00it/s, loss=0.0016]
  Epoch 30/30:  31%|██████████▊                        | 18/58 [00:00<00:00, 56.00it/s, loss=0.0008]
  Epoch 30/30:  31%|██████████▊                        | 18/58 [00:00<00:00, 56.00it/s, loss=0.0010]
  Epoch 30/30:  31%|██████████▊                        | 18/58 [00:00<00:00, 56.00it/s, loss=0.0012]
  Epoch 30/30:  31%|██████████▊                        | 18/58 [00:00<00:00, 56.00it/s, loss=0.0002]
  Epoch 30/30:  41%|██████████████▍                    | 24/58 [00:00<00:00, 56.86it/s, loss=0.0002]
  Epoch 30/30:  41%|██████████████▍                    | 24/58 [00:00<00:00, 56.86it/s, loss=0.0017]
  Epoch 30/30:  41%|██████████████▍                    | 24/58 [00:00<00:00, 56.86it/s, loss=0.0004]
  Epoch 30/30:  41%|██████████████▍                    | 24/58 [00:00<00:00, 56.86it/s, loss=0.0004]
  Epoch 30/30:  41%|██████████████▍                    | 24/58 [00:00<00:00, 56.86it/s, loss=0.0007]
  Epoch 30/30:  41%|██████████████▍                    | 24/58 [00:00<00:00, 56.86it/s, loss=0.0005]
  Epoch 30/30:  41%|██████████████▍                    | 24/58 [00:00<00:00, 56.86it/s, loss=0.0003]
  Epoch 30/30:  41%|██████████████▍                    | 24/58 [00:00<00:00, 56.86it/s, loss=0.0012]
  Epoch 30/30:  53%|██████████████████▋                | 31/58 [00:00<00:00, 58.02it/s, loss=0.0012]
  Epoch 30/30:  53%|██████████████████▋                | 31/58 [00:00<00:00, 58.02it/s, loss=0.0021]
  Epoch 30/30:  53%|██████████████████▋                | 31/58 [00:00<00:00, 58.02it/s, loss=0.0003]
  Epoch 30/30:  53%|██████████████████▋                | 31/58 [00:00<00:00, 58.02it/s, loss=0.0003]
  Epoch 30/30:  53%|██████████████████▋                | 31/58 [00:00<00:00, 58.02it/s, loss=0.0003]
  Epoch 30/30:  53%|██████████████████▋                | 31/58 [00:00<00:00, 58.02it/s, loss=0.0003]
  Epoch 30/30:  53%|██████████████████▋                | 31/58 [00:00<00:00, 58.02it/s, loss=0.0004]
  Epoch 30/30:  64%|██████████████████████▎            | 37/58 [00:00<00:00, 57.16it/s, loss=0.0004]
  Epoch 30/30:  64%|██████████████████████▎            | 37/58 [00:00<00:00, 57.16it/s, loss=0.0018]
  Epoch 30/30:  64%|██████████████████████▎            | 37/58 [00:00<00:00, 57.16it/s, loss=0.0008]
  Epoch 30/30:  64%|██████████████████████▎            | 37/58 [00:00<00:00, 57.16it/s, loss=0.0006]
  Epoch 30/30:  64%|██████████████████████▎            | 37/58 [00:00<00:00, 57.16it/s, loss=0.0011]
  Epoch 30/30:  64%|██████████████████████▎            | 37/58 [00:00<00:00, 57.16it/s, loss=0.0007]
  Epoch 30/30:  64%|██████████████████████▎            | 37/58 [00:00<00:00, 57.16it/s, loss=0.0005]
  Epoch 30/30:  74%|█████████████████████████▉         | 43/58 [00:00<00:00, 57.79it/s, loss=0.0005]
  Epoch 30/30:  74%|█████████████████████████▉         | 43/58 [00:00<00:00, 57.79it/s, loss=0.0008]
  Epoch 30/30:  74%|█████████████████████████▉         | 43/58 [00:00<00:00, 57.79it/s, loss=0.0007]
  Epoch 30/30:  74%|█████████████████████████▉         | 43/58 [00:00<00:00, 57.79it/s, loss=0.0012]
  Epoch 30/30:  74%|█████████████████████████▉         | 43/58 [00:00<00:00, 57.79it/s, loss=0.0005]
  Epoch 30/30:  74%|█████████████████████████▉         | 43/58 [00:00<00:00, 57.79it/s, loss=0.0004]
  Epoch 30/30:  74%|█████████████████████████▉         | 43/58 [00:00<00:00, 57.79it/s, loss=0.0008]
  Epoch 30/30:  84%|█████████████████████████████▌     | 49/58 [00:00<00:00, 57.79it/s, loss=0.0008]
  Epoch 30/30:  84%|█████████████████████████████▌     | 49/58 [00:00<00:00, 57.79it/s, loss=0.0011]
  Epoch 30/30:  84%|█████████████████████████████▌     | 49/58 [00:00<00:00, 57.79it/s, loss=0.0007]
  Epoch 30/30:  84%|█████████████████████████████▌     | 49/58 [00:00<00:00, 57.79it/s, loss=0.0008]
  Epoch 30/30:  84%|█████████████████████████████▌     | 49/58 [00:00<00:00, 57.79it/s, loss=0.0006]
  Epoch 30/30:  84%|█████████████████████████████▌     | 49/58 [00:00<00:00, 57.79it/s, loss=0.0002]
  Epoch 30/30:  84%|█████████████████████████████▌     | 49/58 [00:00<00:00, 57.79it/s, loss=0.0008]
  Epoch 30/30:  95%|█████████████████████████████████▏ | 55/58 [00:00<00:00, 57.98it/s, loss=0.0008]
  Epoch 30/30:  95%|█████████████████████████████████▏ | 55/58 [00:00<00:00, 57.98it/s, loss=0.0013]
  Epoch 30/30:  95%|█████████████████████████████████▏ | 55/58 [00:00<00:00, 57.98it/s, loss=0.0003]
  Epoch 30/30:  95%|█████████████████████████████████▏ | 55/58 [00:01<00:00, 57.98it/s, loss=0.0051]
                                                                                                    
  Epoch 30/30 │ Loss: 0.0008 │ T+1: 0.8509 │ T+2: 0.6423 │ T+3: 0.4829 ★ NEW BEST

  → Loading best model checkpoint
    Best T+1 NSE: 0.8509

  → Saving model
    Model saved: E:\SRIP 2025\Streamflow and Water-level Prediction\Final Stuff\srip-transformer\runs\baseline_20260305_035650\model.pt

============================================================
  STEP 7: EVALUATING MODEL
============================================================

  → Evaluating on Test Set 1961-1970

  Testing 1961-1970:   0%|                                                   | 0/15 [00:00<?, ?it/s]
  Testing 1961-1970:  53%|██████████████████████▉                    | 8/15 [00:00<00:00, 77.90it/s]
                                                                                                    

    Results (1961-1970):
    Horizon       NSE       R²      PBIAS │      P90      P95 │    Peak%
    ----------------------------------------------------------------------
    T1         0.8549   0.8549    -37.69% │   0.6647   0.5604 │    96.4%
    T2         0.8116   0.8116    -30.27% │   0.5796   0.5214 │    96.3%
    T3         0.7200   0.7200    -39.60% │   0.3868   0.2027 │    95.2%

  → Evaluating on Test Set 2011-2020

  Testing 2011-2020:   0%|                                                   | 0/15 [00:00<?, ?it/s]
  Testing 2011-2020:  47%|████████████████████                       | 7/15 [00:00<00:00, 60.40it/s]
                                                                                                    

    Results (2011-2020):
    Horizon       NSE       R²      PBIAS │      P90      P95 │    Peak%
    ----------------------------------------------------------------------
    T1         0.7070   0.7070    -25.94% │   0.3636   0.0652 │    95.2%
    T2         0.4960   0.4960    -20.50% │  -0.0419  -0.4391 │    78.3%
    T3         0.4476   0.4476    -33.17% │  -0.1076  -0.5341 │    92.7%

============================================================
  STEP 8: SAVING RESULTS
============================================================

  → Saving results.json

  → Saving train_history.json

  → Computing feature saliency (gradient × input)
    Features: ['rainfall', 'tmax', 'tmin', 'waterlevel_upstream', 'streamflow_upstream', 'waterlevel_final', 'streamflow_final']
    Saved: E:\SRIP 2025\Streamflow and Water-level Prediction\Final Stuff\srip-transformer\runs\baseline_20260305_035650\feature_saliency.json
    Shape per horizon: [N_samples × 7 timesteps × 7 features]
    T1 most important feature (avg): waterlevel_final (0.0026)
    T2 most important feature (avg): waterlevel_final (0.0028)
    T3 most important feature (avg): waterlevel_final (0.0024)

  → Extracting attention weights
    Saved: E:\SRIP 2025\Streamflow and Water-level Prediction\Final Stuff\srip-transformer\runs\baseline_20260305_035650\attention_weights.json
    Skipped — config has no attention module

  All results saved to: E:\SRIP 2025\Streamflow and Water-level Prediction\Final Stuff\srip-transformer\runs\baseline_20260305_035650

============================================================
  ✓ TRAINING COMPLETE
============================================================

  Configuration:  baseline
  Station:        Barmanghat
  Target:         streamflow_final
  Parameters:     25,027
  Architecture:   Vanilla

  Best Results (2011-2020):
    T1 NSE: 0.7070
    T2 NSE: 0.4960
    T3 NSE: 0.4476

  Output: E:\SRIP 2025\Streamflow and Water-level Prediction\Final Stuff\srip-transformer\runs\baseline_20260305_035650
============================================================

