
============================================================
  SeqLSTM TRAINING PIPELINE
  Modular Ablation Framework
============================================================

============================================================
  STEP 1: LOADING CONFIGURATION
============================================================
  Config file: E:\SRIP 2025\Streamflow and Water-level Prediction\Final Stuff\srip-transformer\src\configs\baseline.yaml
  Config name: baseline

  Configuration:
    • Sequential:    ✗ OFF (single LSTM)
    • Bidirectional: ✗ OFF
    • Attention:     ✗ OFF
    • Rating Curve:  ✗ OFF
    • Hierarchical:  ✗ OFF

  LSTM Settings:
    • Hidden dim:    64
    • Num layers:    1
    • Dropout:       0.1

  Hard Constraints (enforced globally):
    • Lookback:      7 days
    • Batch size:    256
    • Learning rate: 0.001
    • Epochs:        30
    • Optimizer:     Adam
    • Loss:          MSE
    • Random seed:   74

  → Setting random seed: 74

  → Using device: cuda
    GPU: NVIDIA GeForce RTX 3050 4GB Laptop GPU

============================================================
  STEP 2: LOADING AND PREPARING DATA
============================================================

  → Loading station data: E:\SRIP 2025\Streamflow and Water-level Prediction\Final Stuff\srip-transformer\hierarchial\new_Manot_with_hierarchical_quantiles.csv
    Raw data shape: (22279, 23)
    Date range: 1961-01-02 to 2021-12-31

  → Detected pre-computed hierarchical features in CSV
    • hierarchical_feature_quantile_0.1
    • hierarchical_feature_quantile_0.5
    • hierarchical_feature_quantile_0.9
    • hierarchical_feature_quantile_0.95
    ✗ Will be EXCLUDED (use_hierarchical=False)

  → Determining feature set
    Using auto-detected features
    Total features: 7
       1. rainfall
       2. tmax
       3. tmin
       4. waterlevel_upstream
       5. streamflow_upstream
       6. waterlevel_final
       7. streamflow_final
    Target: streamflow_final

  → Loading processed data
    Station: Manot
    Processed shape: (22279, 23)

  → Splitting data by year
    Train (1971-2010):        14,610 samples
    Test (1961-1970):         3,651 samples
    Test (2011-2020):         3,653 samples

  → Scaling features (MinMaxScaler)
    Scaler fitted on 7 features

  → Creating PyTorch datasets
    Lookback window: 7 days (t-7 to t-1)
    Train dataset:   14,600 sequences
    Test 61-70:      3,641 sequences
    Test 11-20:      3,643 sequences

  → Creating DataLoaders
    Batch size: 256
    Train batches: 58

============================================================
  STEP 3: SETTING UP OUTPUT DIRECTORY
============================================================
  Run directory: E:\SRIP 2025\Streamflow and Water-level Prediction\Final Stuff\srip-transformer\runs\baseline_20260304_203638

============================================================
  STEP 4: RATING CURVE (SKIPPED)
============================================================
  Fitter disabled in config

============================================================
  STEP 5: CREATING MODEL
============================================================

  → Initializing SeqLSTMModel
    Input dimension: 7
    Model variant:   Vanilla

  → Counting parameters & FLOPs
    Total parameters: 25,027
      • lstm: 18,688
      • heads: 6,339
    FLOPs (per forward pass): 254.464K  [manual estimate]

============================================================
  STEP 6: TRAINING MODEL
============================================================

  → Setting up optimizer and loss function
    Optimizer: Adam (lr=0.001)
    Loss: MSELoss

  → Starting training loop (30 epochs)
    Progress will be shown every 5 epochs


  Epoch  1/30:   0%|                                                         | 0/58 [00:00<?, ?it/s]
  Epoch  1/30:   0%|                                            | 0/58 [00:00<?, ?it/s, loss=0.0126]
  Epoch  1/30:   2%|▌                                   | 1/58 [00:00<00:21,  2.69it/s, loss=0.0126]
  Epoch  1/30:   2%|▌                                   | 1/58 [00:00<00:21,  2.69it/s, loss=0.0127]
  Epoch  1/30:   2%|▌                                   | 1/58 [00:00<00:21,  2.69it/s, loss=0.0122]
  Epoch  1/30:   2%|▌                                   | 1/58 [00:00<00:21,  2.69it/s, loss=0.0087]
  Epoch  1/30:   2%|▌                                   | 1/58 [00:00<00:21,  2.69it/s, loss=0.0078]
  Epoch  1/30:   2%|▌                                   | 1/58 [00:00<00:21,  2.69it/s, loss=0.0068]
  Epoch  1/30:  10%|███▋                                | 6/58 [00:00<00:03, 14.96it/s, loss=0.0068]
  Epoch  1/30:  10%|███▋                                | 6/58 [00:00<00:03, 14.96it/s, loss=0.0057]
  Epoch  1/30:  10%|███▋                                | 6/58 [00:00<00:03, 14.96it/s, loss=0.0063]
  Epoch  1/30:  10%|███▋                                | 6/58 [00:00<00:03, 14.96it/s, loss=0.0055]
  Epoch  1/30:  10%|███▋                                | 6/58 [00:00<00:03, 14.96it/s, loss=0.0034]
  Epoch  1/30:  17%|██████                             | 10/58 [00:00<00:02, 20.46it/s, loss=0.0034]
  Epoch  1/30:  17%|██████                             | 10/58 [00:00<00:02, 20.46it/s, loss=0.0035]
  Epoch  1/30:  17%|██████                             | 10/58 [00:00<00:02, 20.46it/s, loss=0.0030]
  Epoch  1/30:  17%|██████                             | 10/58 [00:00<00:02, 20.46it/s, loss=0.0028]
  Epoch  1/30:  17%|██████                             | 10/58 [00:00<00:02, 20.46it/s, loss=0.0024]
  Epoch  1/30:  24%|████████▍                          | 14/58 [00:00<00:01, 25.38it/s, loss=0.0024]
  Epoch  1/30:  24%|████████▍                          | 14/58 [00:00<00:01, 25.38it/s, loss=0.0025]
  Epoch  1/30:  24%|████████▍                          | 14/58 [00:00<00:01, 25.38it/s, loss=0.0025]
  Epoch  1/30:  24%|████████▍                          | 14/58 [00:00<00:01, 25.38it/s, loss=0.0019]
  Epoch  1/30:  24%|████████▍                          | 14/58 [00:00<00:01, 25.38it/s, loss=0.0009]
  Epoch  1/30:  24%|████████▍                          | 14/58 [00:00<00:01, 25.38it/s, loss=0.0023]
  Epoch  1/30:  33%|███████████▍                       | 19/58 [00:00<00:01, 30.98it/s, loss=0.0023]
  Epoch  1/30:  33%|███████████▍                       | 19/58 [00:00<00:01, 30.98it/s, loss=0.0029]
  Epoch  1/30:  33%|███████████▍                       | 19/58 [00:00<00:01, 30.98it/s, loss=0.0032]
  Epoch  1/30:  33%|███████████▍                       | 19/58 [00:00<00:01, 30.98it/s, loss=0.0023]
  Epoch  1/30:  33%|███████████▍                       | 19/58 [00:00<00:01, 30.98it/s, loss=0.0026]
  Epoch  1/30:  40%|█████████████▉                     | 23/58 [00:00<00:01, 31.81it/s, loss=0.0026]
  Epoch  1/30:  40%|█████████████▉                     | 23/58 [00:00<00:01, 31.81it/s, loss=0.0022]
  Epoch  1/30:  40%|█████████████▉                     | 23/58 [00:01<00:01, 31.81it/s, loss=0.0032]
  Epoch  1/30:  40%|█████████████▉                     | 23/58 [00:01<00:01, 31.81it/s, loss=0.0049]
  Epoch  1/30:  40%|█████████████▉                     | 23/58 [00:01<00:01, 31.81it/s, loss=0.0010]
  Epoch  1/30:  47%|████████████████▎                  | 27/58 [00:01<00:00, 32.13it/s, loss=0.0010]
  Epoch  1/30:  47%|████████████████▎                  | 27/58 [00:01<00:00, 32.13it/s, loss=0.0024]
  Epoch  1/30:  47%|████████████████▎                  | 27/58 [00:01<00:00, 32.13it/s, loss=0.0040]
  Epoch  1/30:  47%|████████████████▎                  | 27/58 [00:01<00:00, 32.13it/s, loss=0.0019]
  Epoch  1/30:  47%|████████████████▎                  | 27/58 [00:01<00:00, 32.13it/s, loss=0.0022]
  Epoch  1/30:  53%|██████████████████▋                | 31/58 [00:01<00:00, 33.42it/s, loss=0.0022]
  Epoch  1/30:  53%|██████████████████▋                | 31/58 [00:01<00:00, 33.42it/s, loss=0.0021]
  Epoch  1/30:  53%|██████████████████▋                | 31/58 [00:01<00:00, 33.42it/s, loss=0.0013]
  Epoch  1/30:  53%|██████████████████▋                | 31/58 [00:01<00:00, 33.42it/s, loss=0.0016]
  Epoch  1/30:  53%|██████████████████▋                | 31/58 [00:01<00:00, 33.42it/s, loss=0.0012]
  Epoch  1/30:  60%|█████████████████████              | 35/58 [00:01<00:00, 34.66it/s, loss=0.0012]
  Epoch  1/30:  60%|█████████████████████              | 35/58 [00:01<00:00, 34.66it/s, loss=0.0022]
  Epoch  1/30:  60%|█████████████████████              | 35/58 [00:01<00:00, 34.66it/s, loss=0.0009]
  Epoch  1/30:  60%|█████████████████████              | 35/58 [00:01<00:00, 34.66it/s, loss=0.0017]
  Epoch  1/30:  60%|█████████████████████              | 35/58 [00:01<00:00, 34.66it/s, loss=0.0009]
  Epoch  1/30:  67%|███████████████████████▌           | 39/58 [00:01<00:00, 35.85it/s, loss=0.0009]
  Epoch  1/30:  67%|███████████████████████▌           | 39/58 [00:01<00:00, 35.85it/s, loss=0.0044]
  Epoch  1/30:  67%|███████████████████████▌           | 39/58 [00:01<00:00, 35.85it/s, loss=0.0011]
  Epoch  1/30:  67%|███████████████████████▌           | 39/58 [00:01<00:00, 35.85it/s, loss=0.0015]
  Epoch  1/30:  67%|███████████████████████▌           | 39/58 [00:01<00:00, 35.85it/s, loss=0.0024]
  Epoch  1/30:  67%|███████████████████████▌           | 39/58 [00:01<00:00, 35.85it/s, loss=0.0014]
  Epoch  1/30:  76%|██████████████████████████▌        | 44/58 [00:01<00:00, 38.32it/s, loss=0.0014]
  Epoch  1/30:  76%|██████████████████████████▌        | 44/58 [00:01<00:00, 38.32it/s, loss=0.0014]
  Epoch  1/30:  76%|██████████████████████████▌        | 44/58 [00:01<00:00, 38.32it/s, loss=0.0013]
  Epoch  1/30:  76%|██████████████████████████▌        | 44/58 [00:01<00:00, 38.32it/s, loss=0.0020]
  Epoch  1/30:  76%|██████████████████████████▌        | 44/58 [00:01<00:00, 38.32it/s, loss=0.0012]
  Epoch  1/30:  83%|████████████████████████████▉      | 48/58 [00:01<00:00, 36.09it/s, loss=0.0012]
  Epoch  1/30:  83%|████████████████████████████▉      | 48/58 [00:01<00:00, 36.09it/s, loss=0.0012]
  Epoch  1/30:  83%|████████████████████████████▉      | 48/58 [00:01<00:00, 36.09it/s, loss=0.0016]
  Epoch  1/30:  83%|████████████████████████████▉      | 48/58 [00:01<00:00, 36.09it/s, loss=0.0007]
  Epoch  1/30:  83%|████████████████████████████▉      | 48/58 [00:01<00:00, 36.09it/s, loss=0.0018]
  Epoch  1/30:  90%|███████████████████████████████▍   | 52/58 [00:01<00:00, 35.22it/s, loss=0.0018]
  Epoch  1/30:  90%|███████████████████████████████▍   | 52/58 [00:01<00:00, 35.22it/s, loss=0.0013]
  Epoch  1/30:  90%|███████████████████████████████▍   | 52/58 [00:01<00:00, 35.22it/s, loss=0.0011]
  Epoch  1/30:  90%|███████████████████████████████▍   | 52/58 [00:01<00:00, 35.22it/s, loss=0.0026]
  Epoch  1/30:  90%|███████████████████████████████▍   | 52/58 [00:01<00:00, 35.22it/s, loss=0.0023]
  Epoch  1/30:  97%|█████████████████████████████████▊ | 56/58 [00:01<00:00, 35.87it/s, loss=0.0023]
  Epoch  1/30:  97%|█████████████████████████████████▊ | 56/58 [00:01<00:00, 35.87it/s, loss=0.0022]
  Epoch  1/30:  97%|█████████████████████████████████▊ | 56/58 [00:01<00:00, 35.87it/s, loss=0.0018]
                                                                                                    

  Epoch  2/30:   0%|                                                         | 0/58 [00:00<?, ?it/s]
  Epoch  2/30:   0%|                                            | 0/58 [00:00<?, ?it/s, loss=0.0009]
  Epoch  2/30:   0%|                                            | 0/58 [00:00<?, ?it/s, loss=0.0021]
  Epoch  2/30:   0%|                                            | 0/58 [00:00<?, ?it/s, loss=0.0023]
  Epoch  2/30:   0%|                                            | 0/58 [00:00<?, ?it/s, loss=0.0021]
  Epoch  2/30:   7%|██▍                                 | 4/58 [00:00<00:01, 38.97it/s, loss=0.0021]
  Epoch  2/30:   7%|██▍                                 | 4/58 [00:00<00:01, 38.97it/s, loss=0.0023]
  Epoch  2/30:   7%|██▍                                 | 4/58 [00:00<00:01, 38.97it/s, loss=0.0011]
  Epoch  2/30:   7%|██▍                                 | 4/58 [00:00<00:01, 38.97it/s, loss=0.0012]
  Epoch  2/30:   7%|██▍                                 | 4/58 [00:00<00:01, 38.97it/s, loss=0.0023]
  Epoch  2/30:  14%|████▉                               | 8/58 [00:00<00:01, 37.49it/s, loss=0.0023]
  Epoch  2/30:  14%|████▉                               | 8/58 [00:00<00:01, 37.49it/s, loss=0.0024]
  Epoch  2/30:  14%|████▉                               | 8/58 [00:00<00:01, 37.49it/s, loss=0.0013]
  Epoch  2/30:  14%|████▉                               | 8/58 [00:00<00:01, 37.49it/s, loss=0.0026]
  Epoch  2/30:  14%|████▉                               | 8/58 [00:00<00:01, 37.49it/s, loss=0.0027]
  Epoch  2/30:  21%|███████▏                           | 12/58 [00:00<00:01, 37.47it/s, loss=0.0027]
  Epoch  2/30:  21%|███████▏                           | 12/58 [00:00<00:01, 37.47it/s, loss=0.0008]
  Epoch  2/30:  21%|███████▏                           | 12/58 [00:00<00:01, 37.47it/s, loss=0.0018]
  Epoch  2/30:  21%|███████▏                           | 12/58 [00:00<00:01, 37.47it/s, loss=0.0022]
  Epoch  2/30:  21%|███████▏                           | 12/58 [00:00<00:01, 37.47it/s, loss=0.0005]
  Epoch  2/30:  28%|█████████▋                         | 16/58 [00:00<00:01, 36.70it/s, loss=0.0005]
  Epoch  2/30:  28%|█████████▋                         | 16/58 [00:00<00:01, 36.70it/s, loss=0.0015]
  Epoch  2/30:  28%|█████████▋                         | 16/58 [00:00<00:01, 36.70it/s, loss=0.0012]
  Epoch  2/30:  28%|█████████▋                         | 16/58 [00:00<00:01, 36.70it/s, loss=0.0010]
  Epoch  2/30:  28%|█████████▋                         | 16/58 [00:00<00:01, 36.70it/s, loss=0.0015]
  Epoch  2/30:  28%|█████████▋                         | 16/58 [00:00<00:01, 36.70it/s, loss=0.0008]
  Epoch  2/30:  28%|█████████▋                         | 16/58 [00:00<00:01, 36.70it/s, loss=0.0008]
  Epoch  2/30:  38%|█████████████▎                     | 22/58 [00:00<00:00, 41.65it/s, loss=0.0008]
  Epoch  2/30:  38%|█████████████▎                     | 22/58 [00:00<00:00, 41.65it/s, loss=0.0033]
  Epoch  2/30:  38%|█████████████▎                     | 22/58 [00:00<00:00, 41.65it/s, loss=0.0013]
  Epoch  2/30:  38%|█████████████▎                     | 22/58 [00:00<00:00, 41.65it/s, loss=0.0017]
  Epoch  2/30:  38%|█████████████▎                     | 22/58 [00:00<00:00, 41.65it/s, loss=0.0007]
  Epoch  2/30:  38%|█████████████▎                     | 22/58 [00:00<00:00, 41.65it/s, loss=0.0034]
  Epoch  2/30:  47%|████████████████▎                  | 27/58 [00:00<00:00, 42.97it/s, loss=0.0034]
  Epoch  2/30:  47%|████████████████▎                  | 27/58 [00:00<00:00, 42.97it/s, loss=0.0018]
  Epoch  2/30:  47%|████████████████▎                  | 27/58 [00:00<00:00, 42.97it/s, loss=0.0007]
  Epoch  2/30:  47%|████████████████▎                  | 27/58 [00:00<00:00, 42.97it/s, loss=0.0008]
  Epoch  2/30:  47%|████████████████▎                  | 27/58 [00:00<00:00, 42.97it/s, loss=0.0013]
  Epoch  2/30:  47%|████████████████▎                  | 27/58 [00:00<00:00, 42.97it/s, loss=0.0006]
  Epoch  2/30:  55%|███████████████████▎               | 32/58 [00:00<00:00, 43.21it/s, loss=0.0006]
  Epoch  2/30:  55%|███████████████████▎               | 32/58 [00:00<00:00, 43.21it/s, loss=0.0010]
  Epoch  2/30:  55%|███████████████████▎               | 32/58 [00:00<00:00, 43.21it/s, loss=0.0011]
  Epoch  2/30:  55%|███████████████████▎               | 32/58 [00:00<00:00, 43.21it/s, loss=0.0008]
  Epoch  2/30:  55%|███████████████████▎               | 32/58 [00:00<00:00, 43.21it/s, loss=0.0024]
  Epoch  2/30:  55%|███████████████████▎               | 32/58 [00:00<00:00, 43.21it/s, loss=0.0015]
  Epoch  2/30:  55%|███████████████████▎               | 32/58 [00:00<00:00, 43.21it/s, loss=0.0008]
  Epoch  2/30:  66%|██████████████████████▉            | 38/58 [00:00<00:00, 46.54it/s, loss=0.0008]
  Epoch  2/30:  66%|██████████████████████▉            | 38/58 [00:00<00:00, 46.54it/s, loss=0.0021]
  Epoch  2/30:  66%|██████████████████████▉            | 38/58 [00:00<00:00, 46.54it/s, loss=0.0024]
  Epoch  2/30:  66%|██████████████████████▉            | 38/58 [00:00<00:00, 46.54it/s, loss=0.0031]
  Epoch  2/30:  66%|██████████████████████▉            | 38/58 [00:00<00:00, 46.54it/s, loss=0.0012]
  Epoch  2/30:  66%|██████████████████████▉            | 38/58 [00:01<00:00, 46.54it/s, loss=0.0012]
  Epoch  2/30:  74%|█████████████████████████▉         | 43/58 [00:01<00:00, 44.80it/s, loss=0.0012]
  Epoch  2/30:  74%|█████████████████████████▉         | 43/58 [00:01<00:00, 44.80it/s, loss=0.0010]
  Epoch  2/30:  74%|█████████████████████████▉         | 43/58 [00:01<00:00, 44.80it/s, loss=0.0019]
  Epoch  2/30:  74%|█████████████████████████▉         | 43/58 [00:01<00:00, 44.80it/s, loss=0.0015]
  Epoch  2/30:  74%|█████████████████████████▉         | 43/58 [00:01<00:00, 44.80it/s, loss=0.0009]
  Epoch  2/30:  74%|█████████████████████████▉         | 43/58 [00:01<00:00, 44.80it/s, loss=0.0049]
  Epoch  2/30:  83%|████████████████████████████▉      | 48/58 [00:01<00:00, 43.25it/s, loss=0.0049]
  Epoch  2/30:  83%|████████████████████████████▉      | 48/58 [00:01<00:00, 43.25it/s, loss=0.0011]
  Epoch  2/30:  83%|████████████████████████████▉      | 48/58 [00:01<00:00, 43.25it/s, loss=0.0005]
  Epoch  2/30:  83%|████████████████████████████▉      | 48/58 [00:01<00:00, 43.25it/s, loss=0.0019]
  Epoch  2/30:  83%|████████████████████████████▉      | 48/58 [00:01<00:00, 43.25it/s, loss=0.0012]
  Epoch  2/30:  83%|████████████████████████████▉      | 48/58 [00:01<00:00, 43.25it/s, loss=0.0007]
  Epoch  2/30:  91%|███████████████████████████████▉   | 53/58 [00:01<00:00, 42.79it/s, loss=0.0007]
  Epoch  2/30:  91%|███████████████████████████████▉   | 53/58 [00:01<00:00, 42.79it/s, loss=0.0018]
  Epoch  2/30:  91%|███████████████████████████████▉   | 53/58 [00:01<00:00, 42.79it/s, loss=0.0005]
  Epoch  2/30:  91%|███████████████████████████████▉   | 53/58 [00:01<00:00, 42.79it/s, loss=0.0017]
  Epoch  2/30:  91%|███████████████████████████████▉   | 53/58 [00:01<00:00, 42.79it/s, loss=0.0020]
  Epoch  2/30:  91%|███████████████████████████████▉   | 53/58 [00:01<00:00, 42.79it/s, loss=0.0002]
                                                                                                    

  Epoch  3/30:   0%|                                                         | 0/58 [00:00<?, ?it/s]
  Epoch  3/30:   0%|                                            | 0/58 [00:00<?, ?it/s, loss=0.0013]
  Epoch  3/30:   0%|                                            | 0/58 [00:00<?, ?it/s, loss=0.0012]
  Epoch  3/30:   0%|                                            | 0/58 [00:00<?, ?it/s, loss=0.0007]
  Epoch  3/30:   0%|                                            | 0/58 [00:00<?, ?it/s, loss=0.0007]
  Epoch  3/30:   7%|██▍                                 | 4/58 [00:00<00:01, 34.38it/s, loss=0.0007]
  Epoch  3/30:   7%|██▍                                 | 4/58 [00:00<00:01, 34.38it/s, loss=0.0007]
  Epoch  3/30:   7%|██▍                                 | 4/58 [00:00<00:01, 34.38it/s, loss=0.0023]
  Epoch  3/30:   7%|██▍                                 | 4/58 [00:00<00:01, 34.38it/s, loss=0.0012]
  Epoch  3/30:   7%|██▍                                 | 4/58 [00:00<00:01, 34.38it/s, loss=0.0010]
  Epoch  3/30:   7%|██▍                                 | 4/58 [00:00<00:01, 34.38it/s, loss=0.0009]
  Epoch  3/30:  16%|█████▌                              | 9/58 [00:00<00:01, 37.80it/s, loss=0.0009]
  Epoch  3/30:  16%|█████▌                              | 9/58 [00:00<00:01, 37.80it/s, loss=0.0007]
  Epoch  3/30:  16%|█████▌                              | 9/58 [00:00<00:01, 37.80it/s, loss=0.0014]
  Epoch  3/30:  16%|█████▌                              | 9/58 [00:00<00:01, 37.80it/s, loss=0.0014]
  Epoch  3/30:  16%|█████▌                              | 9/58 [00:00<00:01, 37.80it/s, loss=0.0015]
  Epoch  3/30:  16%|█████▌                              | 9/58 [00:00<00:01, 37.80it/s, loss=0.0017]
  Epoch  3/30:  24%|████████▍                          | 14/58 [00:00<00:01, 39.59it/s, loss=0.0017]
  Epoch  3/30:  24%|████████▍                          | 14/58 [00:00<00:01, 39.59it/s, loss=0.0007]
  Epoch  3/30:  24%|████████▍                          | 14/58 [00:00<00:01, 39.59it/s, loss=0.0016]
  Epoch  3/30:  24%|████████▍                          | 14/58 [00:00<00:01, 39.59it/s, loss=0.0008]
  Epoch  3/30:  24%|████████▍                          | 14/58 [00:00<00:01, 39.59it/s, loss=0.0010]
  Epoch  3/30:  24%|████████▍                          | 14/58 [00:00<00:01, 39.59it/s, loss=0.0019]
  Epoch  3/30:  33%|███████████▍                       | 19/58 [00:00<00:00, 42.65it/s, loss=0.0019]
  Epoch  3/30:  33%|███████████▍                       | 19/58 [00:00<00:00, 42.65it/s, loss=0.0012]
  Epoch  3/30:  33%|███████████▍                       | 19/58 [00:00<00:00, 42.65it/s, loss=0.0027]
  Epoch  3/30:  33%|███████████▍                       | 19/58 [00:00<00:00, 42.65it/s, loss=0.0010]
  Epoch  3/30:  33%|███████████▍                       | 19/58 [00:00<00:00, 42.65it/s, loss=0.0019]
  Epoch  3/30:  33%|███████████▍                       | 19/58 [00:00<00:00, 42.65it/s, loss=0.0019]
  Epoch  3/30:  41%|██████████████▍                    | 24/58 [00:00<00:00, 44.80it/s, loss=0.0019]
  Epoch  3/30:  41%|██████████████▍                    | 24/58 [00:00<00:00, 44.80it/s, loss=0.0012]
  Epoch  3/30:  41%|██████████████▍                    | 24/58 [00:00<00:00, 44.80it/s, loss=0.0022]
  Epoch  3/30:  41%|██████████████▍                    | 24/58 [00:00<00:00, 44.80it/s, loss=0.0017]
  Epoch  3/30:  41%|██████████████▍                    | 24/58 [00:00<00:00, 44.80it/s, loss=0.0025]
  Epoch  3/30:  41%|██████████████▍                    | 24/58 [00:00<00:00, 44.80it/s, loss=0.0024]
  Epoch  3/30:  50%|█████████████████▌                 | 29/58 [00:00<00:00, 41.38it/s, loss=0.0024]
  Epoch  3/30:  50%|█████████████████▌                 | 29/58 [00:00<00:00, 41.38it/s, loss=0.0015]
  Epoch  3/30:  50%|█████████████████▌                 | 29/58 [00:00<00:00, 41.38it/s, loss=0.0005]
  Epoch  3/30:  50%|█████████████████▌                 | 29/58 [00:00<00:00, 41.38it/s, loss=0.0014]
  Epoch  3/30:  50%|█████████████████▌                 | 29/58 [00:00<00:00, 41.38it/s, loss=0.0008]
  Epoch  3/30:  50%|█████████████████▌                 | 29/58 [00:00<00:00, 41.38it/s, loss=0.0019]
  Epoch  3/30:  59%|████████████████████▌              | 34/58 [00:00<00:00, 42.37it/s, loss=0.0019]
  Epoch  3/30:  59%|████████████████████▌              | 34/58 [00:00<00:00, 42.37it/s, loss=0.0010]
  Epoch  3/30:  59%|████████████████████▌              | 34/58 [00:00<00:00, 42.37it/s, loss=0.0010]
  Epoch  3/30:  59%|████████████████████▌              | 34/58 [00:00<00:00, 42.37it/s, loss=0.0027]
  Epoch  3/30:  59%|████████████████████▌              | 34/58 [00:00<00:00, 42.37it/s, loss=0.0014]
  Epoch  3/30:  59%|████████████████████▌              | 34/58 [00:00<00:00, 42.37it/s, loss=0.0015]
  Epoch  3/30:  67%|███████████████████████▌           | 39/58 [00:00<00:00, 42.34it/s, loss=0.0015]
  Epoch  3/30:  67%|███████████████████████▌           | 39/58 [00:00<00:00, 42.34it/s, loss=0.0014]
  Epoch  3/30:  67%|███████████████████████▌           | 39/58 [00:00<00:00, 42.34it/s, loss=0.0015]
  Epoch  3/30:  67%|███████████████████████▌           | 39/58 [00:01<00:00, 42.34it/s, loss=0.0032]
  Epoch  3/30:  67%|███████████████████████▌           | 39/58 [00:01<00:00, 42.34it/s, loss=0.0012]
  Epoch  3/30:  67%|███████████████████████▌           | 39/58 [00:01<00:00, 42.34it/s, loss=0.0015]
  Epoch  3/30:  76%|██████████████████████████▌        | 44/58 [00:01<00:00, 41.96it/s, loss=0.0015]
  Epoch  3/30:  76%|██████████████████████████▌        | 44/58 [00:01<00:00, 41.96it/s, loss=0.0009]
  Epoch  3/30:  76%|██████████████████████████▌        | 44/58 [00:01<00:00, 41.96it/s, loss=0.0004]
  Epoch  3/30:  76%|██████████████████████████▌        | 44/58 [00:01<00:00, 41.96it/s, loss=0.0013]
  Epoch  3/30:  76%|██████████████████████████▌        | 44/58 [00:01<00:00, 41.96it/s, loss=0.0018]
  Epoch  3/30:  76%|██████████████████████████▌        | 44/58 [00:01<00:00, 41.96it/s, loss=0.0018]
  Epoch  3/30:  84%|█████████████████████████████▌     | 49/58 [00:01<00:00, 39.99it/s, loss=0.0018]
  Epoch  3/30:  84%|█████████████████████████████▌     | 49/58 [00:01<00:00, 39.99it/s, loss=0.0011]
  Epoch  3/30:  84%|█████████████████████████████▌     | 49/58 [00:01<00:00, 39.99it/s, loss=0.0006]
  Epoch  3/30:  84%|█████████████████████████████▌     | 49/58 [00:01<00:00, 39.99it/s, loss=0.0008]
  Epoch  3/30:  84%|█████████████████████████████▌     | 49/58 [00:01<00:00, 39.99it/s, loss=0.0005]
  Epoch  3/30:  84%|█████████████████████████████▌     | 49/58 [00:01<00:00, 39.99it/s, loss=0.0012]
  Epoch  3/30:  84%|█████████████████████████████▌     | 49/58 [00:01<00:00, 39.99it/s, loss=0.0010]
  Epoch  3/30:  95%|█████████████████████████████████▏ | 55/58 [00:01<00:00, 41.94it/s, loss=0.0010]
  Epoch  3/30:  95%|█████████████████████████████████▏ | 55/58 [00:01<00:00, 41.94it/s, loss=0.0038]
  Epoch  3/30:  95%|█████████████████████████████████▏ | 55/58 [00:01<00:00, 41.94it/s, loss=0.0025]
  Epoch  3/30:  95%|█████████████████████████████████▏ | 55/58 [00:01<00:00, 41.94it/s, loss=0.0001]
                                                                                                    

  Epoch  4/30:   0%|                                                         | 0/58 [00:00<?, ?it/s]
  Epoch  4/30:   0%|                                            | 0/58 [00:00<?, ?it/s, loss=0.0025]
  Epoch  4/30:   0%|                                            | 0/58 [00:00<?, ?it/s, loss=0.0013]
  Epoch  4/30:   0%|                                            | 0/58 [00:00<?, ?it/s, loss=0.0025]
  Epoch  4/30:   0%|                                            | 0/58 [00:00<?, ?it/s, loss=0.0007]
  Epoch  4/30:   7%|██▍                                 | 4/58 [00:00<00:01, 37.65it/s, loss=0.0007]
  Epoch  4/30:   7%|██▍                                 | 4/58 [00:00<00:01, 37.65it/s, loss=0.0005]
  Epoch  4/30:   7%|██▍                                 | 4/58 [00:00<00:01, 37.65it/s, loss=0.0017]
  Epoch  4/30:   7%|██▍                                 | 4/58 [00:00<00:01, 37.65it/s, loss=0.0021]
  Epoch  4/30:   7%|██▍                                 | 4/58 [00:00<00:01, 37.65it/s, loss=0.0026]
  Epoch  4/30:  14%|████▉                               | 8/58 [00:00<00:01, 38.72it/s, loss=0.0026]
  Epoch  4/30:  14%|████▉                               | 8/58 [00:00<00:01, 38.72it/s, loss=0.0010]
  Epoch  4/30:  14%|████▉                               | 8/58 [00:00<00:01, 38.72it/s, loss=0.0013]
  Epoch  4/30:  14%|████▉                               | 8/58 [00:00<00:01, 38.72it/s, loss=0.0016]
  Epoch  4/30:  14%|████▉                               | 8/58 [00:00<00:01, 38.72it/s, loss=0.0006]
  Epoch  4/30:  21%|███████▏                           | 12/58 [00:00<00:01, 37.10it/s, loss=0.0006]
  Epoch  4/30:  21%|███████▏                           | 12/58 [00:00<00:01, 37.10it/s, loss=0.0010]
  Epoch  4/30:  21%|███████▏                           | 12/58 [00:00<00:01, 37.10it/s, loss=0.0020]
  Epoch  4/30:  21%|███████▏                           | 12/58 [00:00<00:01, 37.10it/s, loss=0.0024]
  Epoch  4/30:  21%|███████▏                           | 12/58 [00:00<00:01, 37.10it/s, loss=0.0039]
  Epoch  4/30:  28%|█████████▋                         | 16/58 [00:00<00:01, 37.62it/s, loss=0.0039]
  Epoch  4/30:  28%|█████████▋                         | 16/58 [00:00<00:01, 37.62it/s, loss=0.0022]
  Epoch  4/30:  28%|█████████▋                         | 16/58 [00:00<00:01, 37.62it/s, loss=0.0016]
  Epoch  4/30:  28%|█████████▋                         | 16/58 [00:00<00:01, 37.62it/s, loss=0.0017]
  Epoch  4/30:  28%|█████████▋                         | 16/58 [00:00<00:01, 37.62it/s, loss=0.0007]
  Epoch  4/30:  28%|█████████▋                         | 16/58 [00:00<00:01, 37.62it/s, loss=0.0007]
  Epoch  4/30:  36%|████████████▋                      | 21/58 [00:00<00:00, 41.15it/s, loss=0.0007]
  Epoch  4/30:  36%|████████████▋                      | 21/58 [00:00<00:00, 41.15it/s, loss=0.0012]
  Epoch  4/30:  36%|████████████▋                      | 21/58 [00:00<00:00, 41.15it/s, loss=0.0010]
  Epoch  4/30:  36%|████████████▋                      | 21/58 [00:00<00:00, 41.15it/s, loss=0.0007]
  Epoch  4/30:  36%|████████████▋                      | 21/58 [00:00<00:00, 41.15it/s, loss=0.0013]
  Epoch  4/30:  36%|████████████▋                      | 21/58 [00:00<00:00, 41.15it/s, loss=0.0014]
  Epoch  4/30:  45%|███████████████▋                   | 26/58 [00:00<00:00, 41.07it/s, loss=0.0014]
  Epoch  4/30:  45%|███████████████▋                   | 26/58 [00:00<00:00, 41.07it/s, loss=0.0006]
  Epoch  4/30:  45%|███████████████▋                   | 26/58 [00:00<00:00, 41.07it/s, loss=0.0009]
  Epoch  4/30:  45%|███████████████▋                   | 26/58 [00:00<00:00, 41.07it/s, loss=0.0011]
  Epoch  4/30:  45%|███████████████▋                   | 26/58 [00:00<00:00, 41.07it/s, loss=0.0008]
  Epoch  4/30:  45%|███████████████▋                   | 26/58 [00:00<00:00, 41.07it/s, loss=0.0012]
  Epoch  4/30:  45%|███████████████▋                   | 26/58 [00:00<00:00, 41.07it/s, loss=0.0028]
  Epoch  4/30:  55%|███████████████████▎               | 32/58 [00:00<00:00, 44.64it/s, loss=0.0028]
  Epoch  4/30:  55%|███████████████████▎               | 32/58 [00:00<00:00, 44.64it/s, loss=0.0020]
  Epoch  4/30:  55%|███████████████████▎               | 32/58 [00:00<00:00, 44.64it/s, loss=0.0008]
  Epoch  4/30:  55%|███████████████████▎               | 32/58 [00:00<00:00, 44.64it/s, loss=0.0014]
  Epoch  4/30:  55%|███████████████████▎               | 32/58 [00:00<00:00, 44.64it/s, loss=0.0010]
  Epoch  4/30:  55%|███████████████████▎               | 32/58 [00:00<00:00, 44.64it/s, loss=0.0030]
  Epoch  4/30:  64%|██████████████████████▎            | 37/58 [00:00<00:00, 44.62it/s, loss=0.0030]
  Epoch  4/30:  64%|██████████████████████▎            | 37/58 [00:00<00:00, 44.62it/s, loss=0.0014]
  Epoch  4/30:  64%|██████████████████████▎            | 37/58 [00:00<00:00, 44.62it/s, loss=0.0006]
  Epoch  4/30:  64%|██████████████████████▎            | 37/58 [00:00<00:00, 44.62it/s, loss=0.0015]
  Epoch  4/30:  64%|██████████████████████▎            | 37/58 [00:00<00:00, 44.62it/s, loss=0.0012]
  Epoch  4/30:  64%|██████████████████████▎            | 37/58 [00:01<00:00, 44.62it/s, loss=0.0021]
  Epoch  4/30:  72%|█████████████████████████▎         | 42/58 [00:01<00:00, 41.73it/s, loss=0.0021]
  Epoch  4/30:  72%|█████████████████████████▎         | 42/58 [00:01<00:00, 41.73it/s, loss=0.0006]
  Epoch  4/30:  72%|█████████████████████████▎         | 42/58 [00:01<00:00, 41.73it/s, loss=0.0015]
  Epoch  4/30:  72%|█████████████████████████▎         | 42/58 [00:01<00:00, 41.73it/s, loss=0.0011]
  Epoch  4/30:  72%|█████████████████████████▎         | 42/58 [00:01<00:00, 41.73it/s, loss=0.0010]
  Epoch  4/30:  72%|█████████████████████████▎         | 42/58 [00:01<00:00, 41.73it/s, loss=0.0009]
  Epoch  4/30:  81%|████████████████████████████▎      | 47/58 [00:01<00:00, 42.61it/s, loss=0.0009]
  Epoch  4/30:  81%|████████████████████████████▎      | 47/58 [00:01<00:00, 42.61it/s, loss=0.0007]
  Epoch  4/30:  81%|████████████████████████████▎      | 47/58 [00:01<00:00, 42.61it/s, loss=0.0016]
  Epoch  4/30:  81%|████████████████████████████▎      | 47/58 [00:01<00:00, 42.61it/s, loss=0.0012]
  Epoch  4/30:  81%|████████████████████████████▎      | 47/58 [00:01<00:00, 42.61it/s, loss=0.0004]
  Epoch  4/30:  81%|████████████████████████████▎      | 47/58 [00:01<00:00, 42.61it/s, loss=0.0009]
  Epoch  4/30:  90%|███████████████████████████████▍   | 52/58 [00:01<00:00, 43.35it/s, loss=0.0009]
  Epoch  4/30:  90%|███████████████████████████████▍   | 52/58 [00:01<00:00, 43.35it/s, loss=0.0019]
  Epoch  4/30:  90%|███████████████████████████████▍   | 52/58 [00:01<00:00, 43.35it/s, loss=0.0009]
  Epoch  4/30:  90%|███████████████████████████████▍   | 52/58 [00:01<00:00, 43.35it/s, loss=0.0013]
  Epoch  4/30:  90%|███████████████████████████████▍   | 52/58 [00:01<00:00, 43.35it/s, loss=0.0010]
  Epoch  4/30:  90%|███████████████████████████████▍   | 52/58 [00:01<00:00, 43.35it/s, loss=0.0022]
  Epoch  4/30:  98%|██████████████████████████████████▍| 57/58 [00:01<00:00, 43.29it/s, loss=0.0022]
  Epoch  4/30:  98%|██████████████████████████████████▍| 57/58 [00:01<00:00, 43.29it/s, loss=0.0045]
                                                                                                    

  Epoch  5/30:   0%|                                                         | 0/58 [00:00<?, ?it/s]
  Epoch  5/30:   0%|                                            | 0/58 [00:00<?, ?it/s, loss=0.0007]
  Epoch  5/30:   0%|                                            | 0/58 [00:00<?, ?it/s, loss=0.0008]
  Epoch  5/30:   0%|                                            | 0/58 [00:00<?, ?it/s, loss=0.0008]
  Epoch  5/30:   0%|                                            | 0/58 [00:00<?, ?it/s, loss=0.0028]
  Epoch  5/30:   0%|                                            | 0/58 [00:00<?, ?it/s, loss=0.0023]
  Epoch  5/30:   9%|███                                 | 5/58 [00:00<00:01, 46.11it/s, loss=0.0023]
  Epoch  5/30:   9%|███                                 | 5/58 [00:00<00:01, 46.11it/s, loss=0.0022]
  Epoch  5/30:   9%|███                                 | 5/58 [00:00<00:01, 46.11it/s, loss=0.0017]
  Epoch  5/30:   9%|███                                 | 5/58 [00:00<00:01, 46.11it/s, loss=0.0016]
  Epoch  5/30:   9%|███                                 | 5/58 [00:00<00:01, 46.11it/s, loss=0.0007]
  Epoch  5/30:   9%|███                                 | 5/58 [00:00<00:01, 46.11it/s, loss=0.0009]
  Epoch  5/30:   9%|███                                 | 5/58 [00:00<00:01, 46.11it/s, loss=0.0009]
  Epoch  5/30:  19%|██████▋                            | 11/58 [00:00<00:00, 48.43it/s, loss=0.0009]
  Epoch  5/30:  19%|██████▋                            | 11/58 [00:00<00:00, 48.43it/s, loss=0.0008]
  Epoch  5/30:  19%|██████▋                            | 11/58 [00:00<00:00, 48.43it/s, loss=0.0009]
  Epoch  5/30:  19%|██████▋                            | 11/58 [00:00<00:00, 48.43it/s, loss=0.0031]
  Epoch  5/30:  19%|██████▋                            | 11/58 [00:00<00:00, 48.43it/s, loss=0.0016]
  Epoch  5/30:  19%|██████▋                            | 11/58 [00:00<00:00, 48.43it/s, loss=0.0006]
  Epoch  5/30:  28%|█████████▋                         | 16/58 [00:00<00:00, 45.29it/s, loss=0.0006]
  Epoch  5/30:  28%|█████████▋                         | 16/58 [00:00<00:00, 45.29it/s, loss=0.0007]
  Epoch  5/30:  28%|█████████▋                         | 16/58 [00:00<00:00, 45.29it/s, loss=0.0008]
  Epoch  5/30:  28%|█████████▋                         | 16/58 [00:00<00:00, 45.29it/s, loss=0.0012]
  Epoch  5/30:  28%|█████████▋                         | 16/58 [00:00<00:00, 45.29it/s, loss=0.0008]
  Epoch  5/30:  28%|█████████▋                         | 16/58 [00:00<00:00, 45.29it/s, loss=0.0009]
  Epoch  5/30:  36%|████████████▋                      | 21/58 [00:00<00:00, 45.98it/s, loss=0.0009]
  Epoch  5/30:  36%|████████████▋                      | 21/58 [00:00<00:00, 45.98it/s, loss=0.0013]
  Epoch  5/30:  36%|████████████▋                      | 21/58 [00:00<00:00, 45.98it/s, loss=0.0034]
  Epoch  5/30:  36%|████████████▋                      | 21/58 [00:00<00:00, 45.98it/s, loss=0.0006]
  Epoch  5/30:  36%|████████████▋                      | 21/58 [00:00<00:00, 45.98it/s, loss=0.0007]
  Epoch  5/30:  36%|████████████▋                      | 21/58 [00:00<00:00, 45.98it/s, loss=0.0009]
  Epoch  5/30:  45%|███████████████▋                   | 26/58 [00:00<00:00, 46.72it/s, loss=0.0009]
  Epoch  5/30:  45%|███████████████▋                   | 26/58 [00:00<00:00, 46.72it/s, loss=0.0014]
  Epoch  5/30:  45%|███████████████▋                   | 26/58 [00:00<00:00, 46.72it/s, loss=0.0031]
  Epoch  5/30:  45%|███████████████▋                   | 26/58 [00:00<00:00, 46.72it/s, loss=0.0018]
  Epoch  5/30:  45%|███████████████▋                   | 26/58 [00:00<00:00, 46.72it/s, loss=0.0007]
  Epoch  5/30:  45%|███████████████▋                   | 26/58 [00:00<00:00, 46.72it/s, loss=0.0010]
  Epoch  5/30:  53%|██████████████████▋                | 31/58 [00:00<00:00, 44.52it/s, loss=0.0010]
  Epoch  5/30:  53%|██████████████████▋                | 31/58 [00:00<00:00, 44.52it/s, loss=0.0009]
  Epoch  5/30:  53%|██████████████████▋                | 31/58 [00:00<00:00, 44.52it/s, loss=0.0011]
  Epoch  5/30:  53%|██████████████████▋                | 31/58 [00:00<00:00, 44.52it/s, loss=0.0006]
  Epoch  5/30:  53%|██████████████████▋                | 31/58 [00:00<00:00, 44.52it/s, loss=0.0021]
  Epoch  5/30:  53%|██████████████████▋                | 31/58 [00:00<00:00, 44.52it/s, loss=0.0027]
  Epoch  5/30:  62%|█████████████████████▋             | 36/58 [00:00<00:00, 38.99it/s, loss=0.0027]
  Epoch  5/30:  62%|█████████████████████▋             | 36/58 [00:00<00:00, 38.99it/s, loss=0.0013]
  Epoch  5/30:  62%|█████████████████████▋             | 36/58 [00:00<00:00, 38.99it/s, loss=0.0013]
  Epoch  5/30:  62%|█████████████████████▋             | 36/58 [00:00<00:00, 38.99it/s, loss=0.0010]
  Epoch  5/30:  62%|█████████████████████▋             | 36/58 [00:00<00:00, 38.99it/s, loss=0.0009]
  Epoch  5/30:  62%|█████████████████████▋             | 36/58 [00:01<00:00, 38.99it/s, loss=0.0009]
  Epoch  5/30:  71%|████████████████████████▋          | 41/58 [00:01<00:00, 35.68it/s, loss=0.0009]
  Epoch  5/30:  71%|████████████████████████▋          | 41/58 [00:01<00:00, 35.68it/s, loss=0.0006]
  Epoch  5/30:  71%|████████████████████████▋          | 41/58 [00:01<00:00, 35.68it/s, loss=0.0007]
  Epoch  5/30:  71%|████████████████████████▋          | 41/58 [00:01<00:00, 35.68it/s, loss=0.0008]
  Epoch  5/30:  71%|████████████████████████▋          | 41/58 [00:01<00:00, 35.68it/s, loss=0.0009]
  Epoch  5/30:  78%|███████████████████████████▏       | 45/58 [00:01<00:00, 34.95it/s, loss=0.0009]
  Epoch  5/30:  78%|███████████████████████████▏       | 45/58 [00:01<00:00, 34.95it/s, loss=0.0038]
  Epoch  5/30:  78%|███████████████████████████▏       | 45/58 [00:01<00:00, 34.95it/s, loss=0.0007]
  Epoch  5/30:  78%|███████████████████████████▏       | 45/58 [00:01<00:00, 34.95it/s, loss=0.0017]
  Epoch  5/30:  78%|███████████████████████████▏       | 45/58 [00:01<00:00, 34.95it/s, loss=0.0019]
  Epoch  5/30:  84%|█████████████████████████████▌     | 49/58 [00:01<00:00, 36.01it/s, loss=0.0019]
  Epoch  5/30:  84%|█████████████████████████████▌     | 49/58 [00:01<00:00, 36.01it/s, loss=0.0003]
  Epoch  5/30:  84%|█████████████████████████████▌     | 49/58 [00:01<00:00, 36.01it/s, loss=0.0006]
  Epoch  5/30:  84%|█████████████████████████████▌     | 49/58 [00:01<00:00, 36.01it/s, loss=0.0016]
  Epoch  5/30:  84%|█████████████████████████████▌     | 49/58 [00:01<00:00, 36.01it/s, loss=0.0025]
  Epoch  5/30:  91%|███████████████████████████████▉   | 53/58 [00:01<00:00, 36.98it/s, loss=0.0025]
  Epoch  5/30:  91%|███████████████████████████████▉   | 53/58 [00:01<00:00, 36.98it/s, loss=0.0011]
  Epoch  5/30:  91%|███████████████████████████████▉   | 53/58 [00:01<00:00, 36.98it/s, loss=0.0019]
  Epoch  5/30:  91%|███████████████████████████████▉   | 53/58 [00:01<00:00, 36.98it/s, loss=0.0009]
  Epoch  5/30:  91%|███████████████████████████████▉   | 53/58 [00:01<00:00, 36.98it/s, loss=0.0033]
  Epoch  5/30:  98%|██████████████████████████████████▍| 57/58 [00:01<00:00, 36.92it/s, loss=0.0033]
  Epoch  5/30:  98%|██████████████████████████████████▍| 57/58 [00:01<00:00, 36.92it/s, loss=0.0003]
                                                                                                    
  Epoch  5/30 │ Loss: 0.0013 │ T+1: 0.4691 │ T+2: 0.1971 │ T+3: 0.2803 ★ NEW BEST

  Epoch  6/30:   0%|                                                         | 0/58 [00:00<?, ?it/s]
  Epoch  6/30:   0%|                                            | 0/58 [00:00<?, ?it/s, loss=0.0009]
  Epoch  6/30:   0%|                                            | 0/58 [00:00<?, ?it/s, loss=0.0007]
  Epoch  6/30:   0%|                                            | 0/58 [00:00<?, ?it/s, loss=0.0019]
  Epoch  6/30:   0%|                                            | 0/58 [00:00<?, ?it/s, loss=0.0014]
  Epoch  6/30:   7%|██▍                                 | 4/58 [00:00<00:01, 35.11it/s, loss=0.0014]
  Epoch  6/30:   7%|██▍                                 | 4/58 [00:00<00:01, 35.11it/s, loss=0.0008]
  Epoch  6/30:   7%|██▍                                 | 4/58 [00:00<00:01, 35.11it/s, loss=0.0006]
  Epoch  6/30:   7%|██▍                                 | 4/58 [00:00<00:01, 35.11it/s, loss=0.0007]
  Epoch  6/30:   7%|██▍                                 | 4/58 [00:00<00:01, 35.11it/s, loss=0.0007]
  Epoch  6/30:  14%|████▉                               | 8/58 [00:00<00:01, 36.71it/s, loss=0.0007]
  Epoch  6/30:  14%|████▉                               | 8/58 [00:00<00:01, 36.71it/s, loss=0.0021]
  Epoch  6/30:  14%|████▉                               | 8/58 [00:00<00:01, 36.71it/s, loss=0.0003]
  Epoch  6/30:  14%|████▉                               | 8/58 [00:00<00:01, 36.71it/s, loss=0.0010]
  Epoch  6/30:  14%|████▉                               | 8/58 [00:00<00:01, 36.71it/s, loss=0.0014]
  Epoch  6/30:  21%|███████▏                           | 12/58 [00:00<00:01, 35.84it/s, loss=0.0014]
  Epoch  6/30:  21%|███████▏                           | 12/58 [00:00<00:01, 35.84it/s, loss=0.0018]
  Epoch  6/30:  21%|███████▏                           | 12/58 [00:00<00:01, 35.84it/s, loss=0.0026]
  Epoch  6/30:  21%|███████▏                           | 12/58 [00:00<00:01, 35.84it/s, loss=0.0027]
  Epoch  6/30:  21%|███████▏                           | 12/58 [00:00<00:01, 35.84it/s, loss=0.0006]
  Epoch  6/30:  21%|███████▏                           | 12/58 [00:00<00:01, 35.84it/s, loss=0.0017]
  Epoch  6/30:  29%|██████████▎                        | 17/58 [00:00<00:01, 38.59it/s, loss=0.0017]
  Epoch  6/30:  29%|██████████▎                        | 17/58 [00:00<00:01, 38.59it/s, loss=0.0008]
  Epoch  6/30:  29%|██████████▎                        | 17/58 [00:00<00:01, 38.59it/s, loss=0.0011]
  Epoch  6/30:  29%|██████████▎                        | 17/58 [00:00<00:01, 38.59it/s, loss=0.0008]
  Epoch  6/30:  29%|██████████▎                        | 17/58 [00:00<00:01, 38.59it/s, loss=0.0008]
  Epoch  6/30:  36%|████████████▋                      | 21/58 [00:00<00:00, 38.15it/s, loss=0.0008]
  Epoch  6/30:  36%|████████████▋                      | 21/58 [00:00<00:00, 38.15it/s, loss=0.0009]
  Epoch  6/30:  36%|████████████▋                      | 21/58 [00:00<00:00, 38.15it/s, loss=0.0015]
  Epoch  6/30:  36%|████████████▋                      | 21/58 [00:00<00:00, 38.15it/s, loss=0.0003]
  Epoch  6/30:  36%|████████████▋                      | 21/58 [00:00<00:00, 38.15it/s, loss=0.0018]
  Epoch  6/30:  43%|███████████████                    | 25/58 [00:00<00:00, 36.22it/s, loss=0.0018]
  Epoch  6/30:  43%|███████████████                    | 25/58 [00:00<00:00, 36.22it/s, loss=0.0010]
  Epoch  6/30:  43%|███████████████                    | 25/58 [00:00<00:00, 36.22it/s, loss=0.0008]
  Epoch  6/30:  43%|███████████████                    | 25/58 [00:00<00:00, 36.22it/s, loss=0.0009]
  Epoch  6/30:  43%|███████████████                    | 25/58 [00:00<00:00, 36.22it/s, loss=0.0018]
  Epoch  6/30:  50%|█████████████████▌                 | 29/58 [00:00<00:00, 36.35it/s, loss=0.0018]
  Epoch  6/30:  50%|█████████████████▌                 | 29/58 [00:00<00:00, 36.35it/s, loss=0.0012]
  Epoch  6/30:  50%|█████████████████▌                 | 29/58 [00:00<00:00, 36.35it/s, loss=0.0017]
  Epoch  6/30:  50%|█████████████████▌                 | 29/58 [00:00<00:00, 36.35it/s, loss=0.0012]
  Epoch  6/30:  50%|█████████████████▌                 | 29/58 [00:00<00:00, 36.35it/s, loss=0.0027]
  Epoch  6/30:  57%|███████████████████▉               | 33/58 [00:00<00:00, 36.40it/s, loss=0.0027]
  Epoch  6/30:  57%|███████████████████▉               | 33/58 [00:00<00:00, 36.40it/s, loss=0.0007]
  Epoch  6/30:  57%|███████████████████▉               | 33/58 [00:00<00:00, 36.40it/s, loss=0.0004]
  Epoch  6/30:  57%|███████████████████▉               | 33/58 [00:00<00:00, 36.40it/s, loss=0.0013]
  Epoch  6/30:  57%|███████████████████▉               | 33/58 [00:00<00:00, 36.40it/s, loss=0.0014]
  Epoch  6/30:  57%|███████████████████▉               | 33/58 [00:01<00:00, 36.40it/s, loss=0.0010]
  Epoch  6/30:  66%|██████████████████████▉            | 38/58 [00:01<00:00, 37.11it/s, loss=0.0010]
  Epoch  6/30:  66%|██████████████████████▉            | 38/58 [00:01<00:00, 37.11it/s, loss=0.0017]
  Epoch  6/30:  66%|██████████████████████▉            | 38/58 [00:01<00:00, 37.11it/s, loss=0.0009]
  Epoch  6/30:  66%|██████████████████████▉            | 38/58 [00:01<00:00, 37.11it/s, loss=0.0020]
  Epoch  6/30:  66%|██████████████████████▉            | 38/58 [00:01<00:00, 37.11it/s, loss=0.0006]
  Epoch  6/30:  72%|█████████████████████████▎         | 42/58 [00:01<00:00, 36.80it/s, loss=0.0006]
  Epoch  6/30:  72%|█████████████████████████▎         | 42/58 [00:01<00:00, 36.80it/s, loss=0.0018]
  Epoch  6/30:  72%|█████████████████████████▎         | 42/58 [00:01<00:00, 36.80it/s, loss=0.0024]
  Epoch  6/30:  72%|█████████████████████████▎         | 42/58 [00:01<00:00, 36.80it/s, loss=0.0008]
  Epoch  6/30:  72%|█████████████████████████▎         | 42/58 [00:01<00:00, 36.80it/s, loss=0.0020]
  Epoch  6/30:  79%|███████████████████████████▊       | 46/58 [00:01<00:00, 36.25it/s, loss=0.0020]
  Epoch  6/30:  79%|███████████████████████████▊       | 46/58 [00:01<00:00, 36.25it/s, loss=0.0011]
  Epoch  6/30:  79%|███████████████████████████▊       | 46/58 [00:01<00:00, 36.25it/s, loss=0.0019]
  Epoch  6/30:  79%|███████████████████████████▊       | 46/58 [00:01<00:00, 36.25it/s, loss=0.0013]
  Epoch  6/30:  79%|███████████████████████████▊       | 46/58 [00:01<00:00, 36.25it/s, loss=0.0018]
  Epoch  6/30:  79%|███████████████████████████▊       | 46/58 [00:01<00:00, 36.25it/s, loss=0.0010]
  Epoch  6/30:  88%|██████████████████████████████▊    | 51/58 [00:01<00:00, 37.47it/s, loss=0.0010]
  Epoch  6/30:  88%|██████████████████████████████▊    | 51/58 [00:01<00:00, 37.47it/s, loss=0.0010]
  Epoch  6/30:  88%|██████████████████████████████▊    | 51/58 [00:01<00:00, 37.47it/s, loss=0.0032]
  Epoch  6/30:  88%|██████████████████████████████▊    | 51/58 [00:01<00:00, 37.47it/s, loss=0.0005]
  Epoch  6/30:  88%|██████████████████████████████▊    | 51/58 [00:01<00:00, 37.47it/s, loss=0.0029]
  Epoch  6/30:  95%|█████████████████████████████████▏ | 55/58 [00:01<00:00, 27.83it/s, loss=0.0029]
  Epoch  6/30:  95%|█████████████████████████████████▏ | 55/58 [00:01<00:00, 27.83it/s, loss=0.0009]
  Epoch  6/30:  95%|█████████████████████████████████▏ | 55/58 [00:01<00:00, 27.83it/s, loss=0.0026]
  Epoch  6/30:  95%|█████████████████████████████████▏ | 55/58 [00:01<00:00, 27.83it/s, loss=0.0004]
                                                                                                    

  Epoch  7/30:   0%|                                                         | 0/58 [00:00<?, ?it/s]
  Epoch  7/30:   0%|                                            | 0/58 [00:00<?, ?it/s, loss=0.0004]
  Epoch  7/30:   0%|                                            | 0/58 [00:00<?, ?it/s, loss=0.0014]
  Epoch  7/30:   0%|                                            | 0/58 [00:00<?, ?it/s, loss=0.0017]
  Epoch  7/30:   0%|                                            | 0/58 [00:00<?, ?it/s, loss=0.0007]
  Epoch  7/30:   7%|██▍                                 | 4/58 [00:00<00:01, 33.24it/s, loss=0.0007]
  Epoch  7/30:   7%|██▍                                 | 4/58 [00:00<00:01, 33.24it/s, loss=0.0005]
  Epoch  7/30:   7%|██▍                                 | 4/58 [00:00<00:01, 33.24it/s, loss=0.0010]
  Epoch  7/30:   7%|██▍                                 | 4/58 [00:00<00:01, 33.24it/s, loss=0.0017]
  Epoch  7/30:   7%|██▍                                 | 4/58 [00:00<00:01, 33.24it/s, loss=0.0021]
  Epoch  7/30:  14%|████▉                               | 8/58 [00:00<00:01, 33.22it/s, loss=0.0021]
  Epoch  7/30:  14%|████▉                               | 8/58 [00:00<00:01, 33.22it/s, loss=0.0012]
  Epoch  7/30:  14%|████▉                               | 8/58 [00:00<00:01, 33.22it/s, loss=0.0009]
  Epoch  7/30:  14%|████▉                               | 8/58 [00:00<00:01, 33.22it/s, loss=0.0010]
  Epoch  7/30:  14%|████▉                               | 8/58 [00:00<00:01, 33.22it/s, loss=0.0017]
  Epoch  7/30:  21%|███████▏                           | 12/58 [00:00<00:01, 33.23it/s, loss=0.0017]
  Epoch  7/30:  21%|███████▏                           | 12/58 [00:00<00:01, 33.23it/s, loss=0.0010]
  Epoch  7/30:  21%|███████▏                           | 12/58 [00:00<00:01, 33.23it/s, loss=0.0006]
  Epoch  7/30:  21%|███████▏                           | 12/58 [00:00<00:01, 33.23it/s, loss=0.0014]
  Epoch  7/30:  21%|███████▏                           | 12/58 [00:00<00:01, 33.23it/s, loss=0.0024]
  Epoch  7/30:  28%|█████████▋                         | 16/58 [00:00<00:01, 33.54it/s, loss=0.0024]
  Epoch  7/30:  28%|█████████▋                         | 16/58 [00:00<00:01, 33.54it/s, loss=0.0007]
  Epoch  7/30:  28%|█████████▋                         | 16/58 [00:00<00:01, 33.54it/s, loss=0.0010]
  Epoch  7/30:  28%|█████████▋                         | 16/58 [00:00<00:01, 33.54it/s, loss=0.0009]
  Epoch  7/30:  28%|█████████▋                         | 16/58 [00:00<00:01, 33.54it/s, loss=0.0005]
  Epoch  7/30:  34%|████████████                       | 20/58 [00:00<00:01, 33.45it/s, loss=0.0005]
  Epoch  7/30:  34%|████████████                       | 20/58 [00:00<00:01, 33.45it/s, loss=0.0013]
  Epoch  7/30:  34%|████████████                       | 20/58 [00:00<00:01, 33.45it/s, loss=0.0008]
  Epoch  7/30:  34%|████████████                       | 20/58 [00:00<00:01, 33.45it/s, loss=0.0005]
  Epoch  7/30:  34%|████████████                       | 20/58 [00:00<00:01, 33.45it/s, loss=0.0005]
  Epoch  7/30:  41%|██████████████▍                    | 24/58 [00:00<00:01, 33.25it/s, loss=0.0005]
  Epoch  7/30:  41%|██████████████▍                    | 24/58 [00:00<00:01, 33.25it/s, loss=0.0017]
  Epoch  7/30:  41%|██████████████▍                    | 24/58 [00:00<00:01, 33.25it/s, loss=0.0010]
  Epoch  7/30:  41%|██████████████▍                    | 24/58 [00:00<00:01, 33.25it/s, loss=0.0017]
  Epoch  7/30:  41%|██████████████▍                    | 24/58 [00:00<00:01, 33.25it/s, loss=0.0014]
  Epoch  7/30:  48%|████████████████▉                  | 28/58 [00:00<00:00, 32.57it/s, loss=0.0014]
  Epoch  7/30:  48%|████████████████▉                  | 28/58 [00:00<00:00, 32.57it/s, loss=0.0015]
  Epoch  7/30:  48%|████████████████▉                  | 28/58 [00:00<00:00, 32.57it/s, loss=0.0024]
  Epoch  7/30:  48%|████████████████▉                  | 28/58 [00:00<00:00, 32.57it/s, loss=0.0005]
  Epoch  7/30:  48%|████████████████▉                  | 28/58 [00:00<00:00, 32.57it/s, loss=0.0009]
  Epoch  7/30:  48%|████████████████▉                  | 28/58 [00:00<00:00, 32.57it/s, loss=0.0031]
  Epoch  7/30:  57%|███████████████████▉               | 33/58 [00:00<00:00, 35.10it/s, loss=0.0031]
  Epoch  7/30:  57%|███████████████████▉               | 33/58 [00:01<00:00, 35.10it/s, loss=0.0006]
  Epoch  7/30:  57%|███████████████████▉               | 33/58 [00:01<00:00, 35.10it/s, loss=0.0017]
  Epoch  7/30:  57%|███████████████████▉               | 33/58 [00:01<00:00, 35.10it/s, loss=0.0019]
  Epoch  7/30:  57%|███████████████████▉               | 33/58 [00:01<00:00, 35.10it/s, loss=0.0010]
  Epoch  7/30:  64%|██████████████████████▎            | 37/58 [00:01<00:00, 34.86it/s, loss=0.0010]
  Epoch  7/30:  64%|██████████████████████▎            | 37/58 [00:01<00:00, 34.86it/s, loss=0.0008]
  Epoch  7/30:  64%|██████████████████████▎            | 37/58 [00:01<00:00, 34.86it/s, loss=0.0015]
  Epoch  7/30:  64%|██████████████████████▎            | 37/58 [00:01<00:00, 34.86it/s, loss=0.0008]
  Epoch  7/30:  64%|██████████████████████▎            | 37/58 [00:01<00:00, 34.86it/s, loss=0.0017]
  Epoch  7/30:  71%|████████████████████████▋          | 41/58 [00:01<00:00, 33.56it/s, loss=0.0017]
  Epoch  7/30:  71%|████████████████████████▋          | 41/58 [00:01<00:00, 33.56it/s, loss=0.0021]
  Epoch  7/30:  71%|████████████████████████▋          | 41/58 [00:01<00:00, 33.56it/s, loss=0.0019]
  Epoch  7/30:  71%|████████████████████████▋          | 41/58 [00:01<00:00, 33.56it/s, loss=0.0015]
  Epoch  7/30:  71%|████████████████████████▋          | 41/58 [00:01<00:00, 33.56it/s, loss=0.0013]
  Epoch  7/30:  78%|███████████████████████████▏       | 45/58 [00:01<00:00, 34.09it/s, loss=0.0013]
  Epoch  7/30:  78%|███████████████████████████▏       | 45/58 [00:01<00:00, 34.09it/s, loss=0.0014]
  Epoch  7/30:  78%|███████████████████████████▏       | 45/58 [00:01<00:00, 34.09it/s, loss=0.0009]
  Epoch  7/30:  78%|███████████████████████████▏       | 45/58 [00:01<00:00, 34.09it/s, loss=0.0032]
  Epoch  7/30:  78%|███████████████████████████▏       | 45/58 [00:01<00:00, 34.09it/s, loss=0.0006]
  Epoch  7/30:  84%|█████████████████████████████▌     | 49/58 [00:01<00:00, 33.61it/s, loss=0.0006]
  Epoch  7/30:  84%|█████████████████████████████▌     | 49/58 [00:01<00:00, 33.61it/s, loss=0.0007]
  Epoch  7/30:  84%|█████████████████████████████▌     | 49/58 [00:01<00:00, 33.61it/s, loss=0.0032]
  Epoch  7/30:  84%|█████████████████████████████▌     | 49/58 [00:01<00:00, 33.61it/s, loss=0.0021]
  Epoch  7/30:  84%|█████████████████████████████▌     | 49/58 [00:01<00:00, 33.61it/s, loss=0.0009]
  Epoch  7/30:  91%|███████████████████████████████▉   | 53/58 [00:01<00:00, 33.40it/s, loss=0.0009]
  Epoch  7/30:  91%|███████████████████████████████▉   | 53/58 [00:01<00:00, 33.40it/s, loss=0.0024]
  Epoch  7/30:  91%|███████████████████████████████▉   | 53/58 [00:01<00:00, 33.40it/s, loss=0.0009]
  Epoch  7/30:  91%|███████████████████████████████▉   | 53/58 [00:01<00:00, 33.40it/s, loss=0.0013]
  Epoch  7/30:  91%|███████████████████████████████▉   | 53/58 [00:01<00:00, 33.40it/s, loss=0.0009]
  Epoch  7/30:  98%|██████████████████████████████████▍| 57/58 [00:01<00:00, 33.58it/s, loss=0.0009]
  Epoch  7/30:  98%|██████████████████████████████████▍| 57/58 [00:01<00:00, 33.58it/s, loss=0.0005]
                                                                                                    

  Epoch  8/30:   0%|                                                         | 0/58 [00:00<?, ?it/s]
  Epoch  8/30:   0%|                                            | 0/58 [00:00<?, ?it/s, loss=0.0029]
  Epoch  8/30:   0%|                                            | 0/58 [00:00<?, ?it/s, loss=0.0020]
  Epoch  8/30:   0%|                                            | 0/58 [00:00<?, ?it/s, loss=0.0011]
  Epoch  8/30:   5%|█▊                                  | 3/58 [00:00<00:01, 27.62it/s, loss=0.0011]
  Epoch  8/30:   5%|█▊                                  | 3/58 [00:00<00:01, 27.62it/s, loss=0.0004]
  Epoch  8/30:   5%|█▊                                  | 3/58 [00:00<00:01, 27.62it/s, loss=0.0019]
  Epoch  8/30:   5%|█▊                                  | 3/58 [00:00<00:01, 27.62it/s, loss=0.0005]
  Epoch  8/30:   5%|█▊                                  | 3/58 [00:00<00:01, 27.62it/s, loss=0.0014]
  Epoch  8/30:  12%|████▎                               | 7/58 [00:00<00:01, 33.13it/s, loss=0.0014]
  Epoch  8/30:  12%|████▎                               | 7/58 [00:00<00:01, 33.13it/s, loss=0.0013]
  Epoch  8/30:  12%|████▎                               | 7/58 [00:00<00:01, 33.13it/s, loss=0.0004]
  Epoch  8/30:  12%|████▎                               | 7/58 [00:00<00:01, 33.13it/s, loss=0.0016]
  Epoch  8/30:  12%|████▎                               | 7/58 [00:00<00:01, 33.13it/s, loss=0.0008]
  Epoch  8/30:  12%|████▎                               | 7/58 [00:00<00:01, 33.13it/s, loss=0.0005]
  Epoch  8/30:  21%|███████▏                           | 12/58 [00:00<00:01, 37.33it/s, loss=0.0005]
  Epoch  8/30:  21%|███████▏                           | 12/58 [00:00<00:01, 37.33it/s, loss=0.0016]
  Epoch  8/30:  21%|███████▏                           | 12/58 [00:00<00:01, 37.33it/s, loss=0.0016]
  Epoch  8/30:  21%|███████▏                           | 12/58 [00:00<00:01, 37.33it/s, loss=0.0028]
  Epoch  8/30:  21%|███████▏                           | 12/58 [00:00<00:01, 37.33it/s, loss=0.0010]
  Epoch  8/30:  21%|███████▏                           | 12/58 [00:00<00:01, 37.33it/s, loss=0.0018]
  Epoch  8/30:  29%|██████████▎                        | 17/58 [00:00<00:01, 37.97it/s, loss=0.0018]
  Epoch  8/30:  29%|██████████▎                        | 17/58 [00:00<00:01, 37.97it/s, loss=0.0007]
  Epoch  8/30:  29%|██████████▎                        | 17/58 [00:00<00:01, 37.97it/s, loss=0.0012]
  Epoch  8/30:  29%|██████████▎                        | 17/58 [00:00<00:01, 37.97it/s, loss=0.0015]
  Epoch  8/30:  29%|██████████▎                        | 17/58 [00:00<00:01, 37.97it/s, loss=0.0007]
  Epoch  8/30:  29%|██████████▎                        | 17/58 [00:00<00:01, 37.97it/s, loss=0.0018]
  Epoch  8/30:  38%|█████████████▎                     | 22/58 [00:00<00:00, 39.95it/s, loss=0.0018]
  Epoch  8/30:  38%|█████████████▎                     | 22/58 [00:00<00:00, 39.95it/s, loss=0.0012]
  Epoch  8/30:  38%|█████████████▎                     | 22/58 [00:00<00:00, 39.95it/s, loss=0.0017]
  Epoch  8/30:  38%|█████████████▎                     | 22/58 [00:00<00:00, 39.95it/s, loss=0.0011]
  Epoch  8/30:  38%|█████████████▎                     | 22/58 [00:00<00:00, 39.95it/s, loss=0.0019]
  Epoch  8/30:  45%|███████████████▋                   | 26/58 [00:00<00:00, 37.89it/s, loss=0.0019]
  Epoch  8/30:  45%|███████████████▋                   | 26/58 [00:00<00:00, 37.89it/s, loss=0.0012]
  Epoch  8/30:  45%|███████████████▋                   | 26/58 [00:00<00:00, 37.89it/s, loss=0.0012]
  Epoch  8/30:  45%|███████████████▋                   | 26/58 [00:00<00:00, 37.89it/s, loss=0.0019]
  Epoch  8/30:  45%|███████████████▋                   | 26/58 [00:00<00:00, 37.89it/s, loss=0.0013]
  Epoch  8/30:  45%|███████████████▋                   | 26/58 [00:00<00:00, 37.89it/s, loss=0.0026]
  Epoch  8/30:  53%|██████████████████▋                | 31/58 [00:00<00:00, 41.03it/s, loss=0.0026]
  Epoch  8/30:  53%|██████████████████▋                | 31/58 [00:00<00:00, 41.03it/s, loss=0.0010]
  Epoch  8/30:  53%|██████████████████▋                | 31/58 [00:00<00:00, 41.03it/s, loss=0.0007]
  Epoch  8/30:  53%|██████████████████▋                | 31/58 [00:00<00:00, 41.03it/s, loss=0.0011]
  Epoch  8/30:  53%|██████████████████▋                | 31/58 [00:00<00:00, 41.03it/s, loss=0.0013]
  Epoch  8/30:  53%|██████████████████▋                | 31/58 [00:00<00:00, 41.03it/s, loss=0.0016]
  Epoch  8/30:  62%|█████████████████████▋             | 36/58 [00:00<00:00, 42.73it/s, loss=0.0016]
  Epoch  8/30:  62%|█████████████████████▋             | 36/58 [00:00<00:00, 42.73it/s, loss=0.0016]
  Epoch  8/30:  62%|█████████████████████▋             | 36/58 [00:00<00:00, 42.73it/s, loss=0.0007]
  Epoch  8/30:  62%|█████████████████████▋             | 36/58 [00:00<00:00, 42.73it/s, loss=0.0007]
  Epoch  8/30:  62%|█████████████████████▋             | 36/58 [00:00<00:00, 42.73it/s, loss=0.0012]
  Epoch  8/30:  62%|█████████████████████▋             | 36/58 [00:01<00:00, 42.73it/s, loss=0.0009]
  Epoch  8/30:  62%|█████████████████████▋             | 36/58 [00:01<00:00, 42.73it/s, loss=0.0014]
  Epoch  8/30:  72%|█████████████████████████▎         | 42/58 [00:01<00:00, 44.31it/s, loss=0.0014]
  Epoch  8/30:  72%|█████████████████████████▎         | 42/58 [00:01<00:00, 44.31it/s, loss=0.0020]
  Epoch  8/30:  72%|█████████████████████████▎         | 42/58 [00:01<00:00, 44.31it/s, loss=0.0020]
  Epoch  8/30:  72%|█████████████████████████▎         | 42/58 [00:01<00:00, 44.31it/s, loss=0.0017]
  Epoch  8/30:  72%|█████████████████████████▎         | 42/58 [00:01<00:00, 44.31it/s, loss=0.0010]
  Epoch  8/30:  72%|█████████████████████████▎         | 42/58 [00:01<00:00, 44.31it/s, loss=0.0009]
  Epoch  8/30:  81%|████████████████████████████▎      | 47/58 [00:01<00:00, 44.41it/s, loss=0.0009]
  Epoch  8/30:  81%|████████████████████████████▎      | 47/58 [00:01<00:00, 44.41it/s, loss=0.0016]
  Epoch  8/30:  81%|████████████████████████████▎      | 47/58 [00:01<00:00, 44.41it/s, loss=0.0012]
  Epoch  8/30:  81%|████████████████████████████▎      | 47/58 [00:01<00:00, 44.41it/s, loss=0.0005]
  Epoch  8/30:  81%|████████████████████████████▎      | 47/58 [00:01<00:00, 44.41it/s, loss=0.0019]
  Epoch  8/30:  81%|████████████████████████████▎      | 47/58 [00:01<00:00, 44.41it/s, loss=0.0005]
  Epoch  8/30:  90%|███████████████████████████████▍   | 52/58 [00:01<00:00, 42.54it/s, loss=0.0005]
  Epoch  8/30:  90%|███████████████████████████████▍   | 52/58 [00:01<00:00, 42.54it/s, loss=0.0016]
  Epoch  8/30:  90%|███████████████████████████████▍   | 52/58 [00:01<00:00, 42.54it/s, loss=0.0005]
  Epoch  8/30:  90%|███████████████████████████████▍   | 52/58 [00:01<00:00, 42.54it/s, loss=0.0011]
  Epoch  8/30:  90%|███████████████████████████████▍   | 52/58 [00:01<00:00, 42.54it/s, loss=0.0009]
  Epoch  8/30:  90%|███████████████████████████████▍   | 52/58 [00:01<00:00, 42.54it/s, loss=0.0011]
  Epoch  8/30:  98%|██████████████████████████████████▍| 57/58 [00:01<00:00, 42.59it/s, loss=0.0011]
  Epoch  8/30:  98%|██████████████████████████████████▍| 57/58 [00:01<00:00, 42.59it/s, loss=0.0001]
                                                                                                    

  Epoch  9/30:   0%|                                                         | 0/58 [00:00<?, ?it/s]
  Epoch  9/30:   0%|                                            | 0/58 [00:00<?, ?it/s, loss=0.0011]
  Epoch  9/30:   0%|                                            | 0/58 [00:00<?, ?it/s, loss=0.0018]
  Epoch  9/30:   0%|                                            | 0/58 [00:00<?, ?it/s, loss=0.0008]
  Epoch  9/30:   0%|                                            | 0/58 [00:00<?, ?it/s, loss=0.0040]
  Epoch  9/30:   7%|██▍                                 | 4/58 [00:00<00:01, 37.94it/s, loss=0.0040]
  Epoch  9/30:   7%|██▍                                 | 4/58 [00:00<00:01, 37.94it/s, loss=0.0005]
  Epoch  9/30:   7%|██▍                                 | 4/58 [00:00<00:01, 37.94it/s, loss=0.0008]
  Epoch  9/30:   7%|██▍                                 | 4/58 [00:00<00:01, 37.94it/s, loss=0.0007]
  Epoch  9/30:   7%|██▍                                 | 4/58 [00:00<00:01, 37.94it/s, loss=0.0017]
  Epoch  9/30:   7%|██▍                                 | 4/58 [00:00<00:01, 37.94it/s, loss=0.0013]
  Epoch  9/30:   7%|██▍                                 | 4/58 [00:00<00:01, 37.94it/s, loss=0.0011]
  Epoch  9/30:  17%|██████                             | 10/58 [00:00<00:01, 45.41it/s, loss=0.0011]
  Epoch  9/30:  17%|██████                             | 10/58 [00:00<00:01, 45.41it/s, loss=0.0004]
  Epoch  9/30:  17%|██████                             | 10/58 [00:00<00:01, 45.41it/s, loss=0.0009]
  Epoch  9/30:  17%|██████                             | 10/58 [00:00<00:01, 45.41it/s, loss=0.0024]
  Epoch  9/30:  17%|██████                             | 10/58 [00:00<00:01, 45.41it/s, loss=0.0012]
  Epoch  9/30:  17%|██████                             | 10/58 [00:00<00:01, 45.41it/s, loss=0.0012]
  Epoch  9/30:  26%|█████████                          | 15/58 [00:00<00:00, 46.38it/s, loss=0.0012]
  Epoch  9/30:  26%|█████████                          | 15/58 [00:00<00:00, 46.38it/s, loss=0.0012]
  Epoch  9/30:  26%|█████████                          | 15/58 [00:00<00:00, 46.38it/s, loss=0.0014]
  Epoch  9/30:  26%|█████████                          | 15/58 [00:00<00:00, 46.38it/s, loss=0.0022]
  Epoch  9/30:  26%|█████████                          | 15/58 [00:00<00:00, 46.38it/s, loss=0.0008]
  Epoch  9/30:  26%|█████████                          | 15/58 [00:00<00:00, 46.38it/s, loss=0.0013]
  Epoch  9/30:  34%|████████████                       | 20/58 [00:00<00:00, 45.09it/s, loss=0.0013]
  Epoch  9/30:  34%|████████████                       | 20/58 [00:00<00:00, 45.09it/s, loss=0.0006]
  Epoch  9/30:  34%|████████████                       | 20/58 [00:00<00:00, 45.09it/s, loss=0.0006]
  Epoch  9/30:  34%|████████████                       | 20/58 [00:00<00:00, 45.09it/s, loss=0.0009]
  Epoch  9/30:  34%|████████████                       | 20/58 [00:00<00:00, 45.09it/s, loss=0.0011]
  Epoch  9/30:  34%|████████████                       | 20/58 [00:00<00:00, 45.09it/s, loss=0.0020]
  Epoch  9/30:  43%|███████████████                    | 25/58 [00:00<00:00, 46.21it/s, loss=0.0020]
  Epoch  9/30:  43%|███████████████                    | 25/58 [00:00<00:00, 46.21it/s, loss=0.0006]
  Epoch  9/30:  43%|███████████████                    | 25/58 [00:00<00:00, 46.21it/s, loss=0.0008]
  Epoch  9/30:  43%|███████████████                    | 25/58 [00:00<00:00, 46.21it/s, loss=0.0017]
  Epoch  9/30:  43%|███████████████                    | 25/58 [00:00<00:00, 46.21it/s, loss=0.0006]
  Epoch  9/30:  43%|███████████████                    | 25/58 [00:00<00:00, 46.21it/s, loss=0.0006]
  Epoch  9/30:  52%|██████████████████                 | 30/58 [00:00<00:00, 46.64it/s, loss=0.0006]
  Epoch  9/30:  52%|██████████████████                 | 30/58 [00:00<00:00, 46.64it/s, loss=0.0008]
  Epoch  9/30:  52%|██████████████████                 | 30/58 [00:00<00:00, 46.64it/s, loss=0.0018]
  Epoch  9/30:  52%|██████████████████                 | 30/58 [00:00<00:00, 46.64it/s, loss=0.0004]
  Epoch  9/30:  52%|██████████████████                 | 30/58 [00:00<00:00, 46.64it/s, loss=0.0008]
  Epoch  9/30:  52%|██████████████████                 | 30/58 [00:00<00:00, 46.64it/s, loss=0.0016]
  Epoch  9/30:  60%|█████████████████████              | 35/58 [00:00<00:00, 42.88it/s, loss=0.0016]
  Epoch  9/30:  60%|█████████████████████              | 35/58 [00:00<00:00, 42.88it/s, loss=0.0016]
  Epoch  9/30:  60%|█████████████████████              | 35/58 [00:00<00:00, 42.88it/s, loss=0.0012]
  Epoch  9/30:  60%|█████████████████████              | 35/58 [00:00<00:00, 42.88it/s, loss=0.0005]
  Epoch  9/30:  60%|█████████████████████              | 35/58 [00:00<00:00, 42.88it/s, loss=0.0010]
  Epoch  9/30:  60%|█████████████████████              | 35/58 [00:00<00:00, 42.88it/s, loss=0.0018]
  Epoch  9/30:  69%|████████████████████████▏          | 40/58 [00:00<00:00, 37.39it/s, loss=0.0018]
  Epoch  9/30:  69%|████████████████████████▏          | 40/58 [00:00<00:00, 37.39it/s, loss=0.0009]
  Epoch  9/30:  69%|████████████████████████▏          | 40/58 [00:01<00:00, 37.39it/s, loss=0.0020]
  Epoch  9/30:  69%|████████████████████████▏          | 40/58 [00:01<00:00, 37.39it/s, loss=0.0027]
  Epoch  9/30:  69%|████████████████████████▏          | 40/58 [00:01<00:00, 37.39it/s, loss=0.0006]
  Epoch  9/30:  76%|██████████████████████████▌        | 44/58 [00:01<00:00, 35.95it/s, loss=0.0006]
  Epoch  9/30:  76%|██████████████████████████▌        | 44/58 [00:01<00:00, 35.95it/s, loss=0.0005]
  Epoch  9/30:  76%|██████████████████████████▌        | 44/58 [00:01<00:00, 35.95it/s, loss=0.0017]
  Epoch  9/30:  76%|██████████████████████████▌        | 44/58 [00:01<00:00, 35.95it/s, loss=0.0024]
  Epoch  9/30:  76%|██████████████████████████▌        | 44/58 [00:01<00:00, 35.95it/s, loss=0.0011]
  Epoch  9/30:  76%|██████████████████████████▌        | 44/58 [00:01<00:00, 35.95it/s, loss=0.0018]
  Epoch  9/30:  84%|█████████████████████████████▌     | 49/58 [00:01<00:00, 38.05it/s, loss=0.0018]
  Epoch  9/30:  84%|█████████████████████████████▌     | 49/58 [00:01<00:00, 38.05it/s, loss=0.0016]
  Epoch  9/30:  84%|█████████████████████████████▌     | 49/58 [00:01<00:00, 38.05it/s, loss=0.0024]
  Epoch  9/30:  84%|█████████████████████████████▌     | 49/58 [00:01<00:00, 38.05it/s, loss=0.0018]
  Epoch  9/30:  84%|█████████████████████████████▌     | 49/58 [00:01<00:00, 38.05it/s, loss=0.0015]
  Epoch  9/30:  84%|█████████████████████████████▌     | 49/58 [00:01<00:00, 38.05it/s, loss=0.0009]
  Epoch  9/30:  93%|████████████████████████████████▌  | 54/58 [00:01<00:00, 38.67it/s, loss=0.0009]
  Epoch  9/30:  93%|████████████████████████████████▌  | 54/58 [00:01<00:00, 38.67it/s, loss=0.0011]
  Epoch  9/30:  93%|████████████████████████████████▌  | 54/58 [00:01<00:00, 38.67it/s, loss=0.0010]
  Epoch  9/30:  93%|████████████████████████████████▌  | 54/58 [00:01<00:00, 38.67it/s, loss=0.0014]
  Epoch  9/30:  93%|████████████████████████████████▌  | 54/58 [00:01<00:00, 38.67it/s, loss=0.0002]
                                                                                                    

  Epoch 10/30:   0%|                                                         | 0/58 [00:00<?, ?it/s]
  Epoch 10/30:   0%|                                            | 0/58 [00:00<?, ?it/s, loss=0.0008]
  Epoch 10/30:   0%|                                            | 0/58 [00:00<?, ?it/s, loss=0.0021]
  Epoch 10/30:   0%|                                            | 0/58 [00:00<?, ?it/s, loss=0.0010]
  Epoch 10/30:   0%|                                            | 0/58 [00:00<?, ?it/s, loss=0.0009]
  Epoch 10/30:   7%|██▍                                 | 4/58 [00:00<00:01, 33.81it/s, loss=0.0009]
  Epoch 10/30:   7%|██▍                                 | 4/58 [00:00<00:01, 33.81it/s, loss=0.0010]
  Epoch 10/30:   7%|██▍                                 | 4/58 [00:00<00:01, 33.81it/s, loss=0.0019]
  Epoch 10/30:   7%|██▍                                 | 4/58 [00:00<00:01, 33.81it/s, loss=0.0017]
  Epoch 10/30:   7%|██▍                                 | 4/58 [00:00<00:01, 33.81it/s, loss=0.0011]
  Epoch 10/30:   7%|██▍                                 | 4/58 [00:00<00:01, 33.81it/s, loss=0.0017]
  Epoch 10/30:  16%|█████▌                              | 9/58 [00:00<00:01, 38.22it/s, loss=0.0017]
  Epoch 10/30:  16%|█████▌                              | 9/58 [00:00<00:01, 38.22it/s, loss=0.0010]
  Epoch 10/30:  16%|█████▌                              | 9/58 [00:00<00:01, 38.22it/s, loss=0.0008]
  Epoch 10/30:  16%|█████▌                              | 9/58 [00:00<00:01, 38.22it/s, loss=0.0010]
  Epoch 10/30:  16%|█████▌                              | 9/58 [00:00<00:01, 38.22it/s, loss=0.0014]
  Epoch 10/30:  16%|█████▌                              | 9/58 [00:00<00:01, 38.22it/s, loss=0.0010]
  Epoch 10/30:  24%|████████▍                          | 14/58 [00:00<00:01, 39.19it/s, loss=0.0010]
  Epoch 10/30:  24%|████████▍                          | 14/58 [00:00<00:01, 39.19it/s, loss=0.0013]
  Epoch 10/30:  24%|████████▍                          | 14/58 [00:00<00:01, 39.19it/s, loss=0.0007]
  Epoch 10/30:  24%|████████▍                          | 14/58 [00:00<00:01, 39.19it/s, loss=0.0009]
  Epoch 10/30:  24%|████████▍                          | 14/58 [00:00<00:01, 39.19it/s, loss=0.0008]
  Epoch 10/30:  24%|████████▍                          | 14/58 [00:00<00:01, 39.19it/s, loss=0.0004]
  Epoch 10/30:  33%|███████████▍                       | 19/58 [00:00<00:00, 40.28it/s, loss=0.0004]
  Epoch 10/30:  33%|███████████▍                       | 19/58 [00:00<00:00, 40.28it/s, loss=0.0008]
  Epoch 10/30:  33%|███████████▍                       | 19/58 [00:00<00:00, 40.28it/s, loss=0.0027]
  Epoch 10/30:  33%|███████████▍                       | 19/58 [00:00<00:00, 40.28it/s, loss=0.0009]
  Epoch 10/30:  33%|███████████▍                       | 19/58 [00:00<00:00, 40.28it/s, loss=0.0021]
  Epoch 10/30:  33%|███████████▍                       | 19/58 [00:00<00:00, 40.28it/s, loss=0.0023]
  Epoch 10/30:  41%|██████████████▍                    | 24/58 [00:00<00:00, 40.67it/s, loss=0.0023]
  Epoch 10/30:  41%|██████████████▍                    | 24/58 [00:00<00:00, 40.67it/s, loss=0.0013]
  Epoch 10/30:  41%|██████████████▍                    | 24/58 [00:00<00:00, 40.67it/s, loss=0.0019]
  Epoch 10/30:  41%|██████████████▍                    | 24/58 [00:00<00:00, 40.67it/s, loss=0.0021]
  Epoch 10/30:  41%|██████████████▍                    | 24/58 [00:00<00:00, 40.67it/s, loss=0.0009]
  Epoch 10/30:  41%|██████████████▍                    | 24/58 [00:00<00:00, 40.67it/s, loss=0.0011]
  Epoch 10/30:  50%|█████████████████▌                 | 29/58 [00:00<00:00, 40.98it/s, loss=0.0011]
  Epoch 10/30:  50%|█████████████████▌                 | 29/58 [00:00<00:00, 40.98it/s, loss=0.0016]
  Epoch 10/30:  50%|█████████████████▌                 | 29/58 [00:00<00:00, 40.98it/s, loss=0.0018]
  Epoch 10/30:  50%|█████████████████▌                 | 29/58 [00:00<00:00, 40.98it/s, loss=0.0022]
  Epoch 10/30:  50%|█████████████████▌                 | 29/58 [00:00<00:00, 40.98it/s, loss=0.0006]
  Epoch 10/30:  50%|█████████████████▌                 | 29/58 [00:00<00:00, 40.98it/s, loss=0.0005]
  Epoch 10/30:  59%|████████████████████▌              | 34/58 [00:00<00:00, 41.72it/s, loss=0.0005]
  Epoch 10/30:  59%|████████████████████▌              | 34/58 [00:00<00:00, 41.72it/s, loss=0.0011]
  Epoch 10/30:  59%|████████████████████▌              | 34/58 [00:00<00:00, 41.72it/s, loss=0.0005]
  Epoch 10/30:  59%|████████████████████▌              | 34/58 [00:00<00:00, 41.72it/s, loss=0.0007]
  Epoch 10/30:  59%|████████████████████▌              | 34/58 [00:00<00:00, 41.72it/s, loss=0.0006]
  Epoch 10/30:  59%|████████████████████▌              | 34/58 [00:00<00:00, 41.72it/s, loss=0.0009]
  Epoch 10/30:  67%|███████████████████████▌           | 39/58 [00:00<00:00, 43.12it/s, loss=0.0009]
  Epoch 10/30:  67%|███████████████████████▌           | 39/58 [00:00<00:00, 43.12it/s, loss=0.0015]
  Epoch 10/30:  67%|███████████████████████▌           | 39/58 [00:00<00:00, 43.12it/s, loss=0.0019]
  Epoch 10/30:  67%|███████████████████████▌           | 39/58 [00:01<00:00, 43.12it/s, loss=0.0019]
  Epoch 10/30:  67%|███████████████████████▌           | 39/58 [00:01<00:00, 43.12it/s, loss=0.0018]
  Epoch 10/30:  67%|███████████████████████▌           | 39/58 [00:01<00:00, 43.12it/s, loss=0.0016]
  Epoch 10/30:  76%|██████████████████████████▌        | 44/58 [00:01<00:00, 41.49it/s, loss=0.0016]
  Epoch 10/30:  76%|██████████████████████████▌        | 44/58 [00:01<00:00, 41.49it/s, loss=0.0008]
  Epoch 10/30:  76%|██████████████████████████▌        | 44/58 [00:01<00:00, 41.49it/s, loss=0.0012]
  Epoch 10/30:  76%|██████████████████████████▌        | 44/58 [00:01<00:00, 41.49it/s, loss=0.0023]
  Epoch 10/30:  76%|██████████████████████████▌        | 44/58 [00:01<00:00, 41.49it/s, loss=0.0005]
  Epoch 10/30:  76%|██████████████████████████▌        | 44/58 [00:01<00:00, 41.49it/s, loss=0.0010]
  Epoch 10/30:  84%|█████████████████████████████▌     | 49/58 [00:01<00:00, 40.34it/s, loss=0.0010]
  Epoch 10/30:  84%|█████████████████████████████▌     | 49/58 [00:01<00:00, 40.34it/s, loss=0.0012]
  Epoch 10/30:  84%|█████████████████████████████▌     | 49/58 [00:01<00:00, 40.34it/s, loss=0.0010]
  Epoch 10/30:  84%|█████████████████████████████▌     | 49/58 [00:01<00:00, 40.34it/s, loss=0.0006]
  Epoch 10/30:  84%|█████████████████████████████▌     | 49/58 [00:01<00:00, 40.34it/s, loss=0.0010]
  Epoch 10/30:  84%|█████████████████████████████▌     | 49/58 [00:01<00:00, 40.34it/s, loss=0.0047]
  Epoch 10/30:  93%|████████████████████████████████▌  | 54/58 [00:01<00:00, 37.92it/s, loss=0.0047]
  Epoch 10/30:  93%|████████████████████████████████▌  | 54/58 [00:01<00:00, 37.92it/s, loss=0.0006]
  Epoch 10/30:  93%|████████████████████████████████▌  | 54/58 [00:01<00:00, 37.92it/s, loss=0.0012]
  Epoch 10/30:  93%|████████████████████████████████▌  | 54/58 [00:01<00:00, 37.92it/s, loss=0.0010]
  Epoch 10/30:  93%|████████████████████████████████▌  | 54/58 [00:01<00:00, 37.92it/s, loss=0.0001]
  Epoch 10/30: 100%|███████████████████████████████████| 58/58 [00:01<00:00, 37.63it/s, loss=0.0001]
                                                                                                    
  Epoch 10/30 │ Loss: 0.0013 │ T+1: 0.5050 │ T+2: 0.2553 │ T+3: 0.2979 ★ NEW BEST

  Epoch 11/30:   0%|                                                         | 0/58 [00:00<?, ?it/s]
  Epoch 11/30:   0%|                                            | 0/58 [00:00<?, ?it/s, loss=0.0004]
  Epoch 11/30:   0%|                                            | 0/58 [00:00<?, ?it/s, loss=0.0027]
  Epoch 11/30:   0%|                                            | 0/58 [00:00<?, ?it/s, loss=0.0011]
  Epoch 11/30:   0%|                                            | 0/58 [00:00<?, ?it/s, loss=0.0019]
  Epoch 11/30:   0%|                                            | 0/58 [00:00<?, ?it/s, loss=0.0010]
  Epoch 11/30:   9%|███                                 | 5/58 [00:00<00:01, 39.86it/s, loss=0.0010]
  Epoch 11/30:   9%|███                                 | 5/58 [00:00<00:01, 39.86it/s, loss=0.0012]
  Epoch 11/30:   9%|███                                 | 5/58 [00:00<00:01, 39.86it/s, loss=0.0019]
  Epoch 11/30:   9%|███                                 | 5/58 [00:00<00:01, 39.86it/s, loss=0.0011]
  Epoch 11/30:   9%|███                                 | 5/58 [00:00<00:01, 39.86it/s, loss=0.0013]
  Epoch 11/30:  16%|█████▌                              | 9/58 [00:00<00:01, 36.86it/s, loss=0.0013]
  Epoch 11/30:  16%|█████▌                              | 9/58 [00:00<00:01, 36.86it/s, loss=0.0009]
  Epoch 11/30:  16%|█████▌                              | 9/58 [00:00<00:01, 36.86it/s, loss=0.0008]
  Epoch 11/30:  16%|█████▌                              | 9/58 [00:00<00:01, 36.86it/s, loss=0.0017]
  Epoch 11/30:  16%|█████▌                              | 9/58 [00:00<00:01, 36.86it/s, loss=0.0005]
  Epoch 11/30:  22%|███████▊                           | 13/58 [00:00<00:01, 34.42it/s, loss=0.0005]
  Epoch 11/30:  22%|███████▊                           | 13/58 [00:00<00:01, 34.42it/s, loss=0.0010]
  Epoch 11/30:  22%|███████▊                           | 13/58 [00:00<00:01, 34.42it/s, loss=0.0031]
  Epoch 11/30:  22%|███████▊                           | 13/58 [00:00<00:01, 34.42it/s, loss=0.0017]
  Epoch 11/30:  22%|███████▊                           | 13/58 [00:00<00:01, 34.42it/s, loss=0.0005]
  Epoch 11/30:  29%|██████████▎                        | 17/58 [00:00<00:01, 35.89it/s, loss=0.0005]
  Epoch 11/30:  29%|██████████▎                        | 17/58 [00:00<00:01, 35.89it/s, loss=0.0008]
  Epoch 11/30:  29%|██████████▎                        | 17/58 [00:00<00:01, 35.89it/s, loss=0.0004]
  Epoch 11/30:  29%|██████████▎                        | 17/58 [00:00<00:01, 35.89it/s, loss=0.0006]
  Epoch 11/30:  29%|██████████▎                        | 17/58 [00:00<00:01, 35.89it/s, loss=0.0025]
  Epoch 11/30:  29%|██████████▎                        | 17/58 [00:00<00:01, 35.89it/s, loss=0.0019]
  Epoch 11/30:  38%|█████████████▎                     | 22/58 [00:00<00:00, 37.63it/s, loss=0.0019]
  Epoch 11/30:  38%|█████████████▎                     | 22/58 [00:00<00:00, 37.63it/s, loss=0.0003]
  Epoch 11/30:  38%|█████████████▎                     | 22/58 [00:00<00:00, 37.63it/s, loss=0.0007]
  Epoch 11/30:  38%|█████████████▎                     | 22/58 [00:00<00:00, 37.63it/s, loss=0.0032]
  Epoch 11/30:  38%|█████████████▎                     | 22/58 [00:00<00:00, 37.63it/s, loss=0.0006]
  Epoch 11/30:  45%|███████████████▋                   | 26/58 [00:00<00:00, 37.77it/s, loss=0.0006]
  Epoch 11/30:  45%|███████████████▋                   | 26/58 [00:00<00:00, 37.77it/s, loss=0.0011]
  Epoch 11/30:  45%|███████████████▋                   | 26/58 [00:00<00:00, 37.77it/s, loss=0.0024]
  Epoch 11/30:  45%|███████████████▋                   | 26/58 [00:00<00:00, 37.77it/s, loss=0.0004]
  Epoch 11/30:  45%|███████████████▋                   | 26/58 [00:00<00:00, 37.77it/s, loss=0.0030]
  Epoch 11/30:  45%|███████████████▋                   | 26/58 [00:00<00:00, 37.77it/s, loss=0.0009]
  Epoch 11/30:  53%|██████████████████▋                | 31/58 [00:00<00:00, 40.44it/s, loss=0.0009]
  Epoch 11/30:  53%|██████████████████▋                | 31/58 [00:00<00:00, 40.44it/s, loss=0.0011]
  Epoch 11/30:  53%|██████████████████▋                | 31/58 [00:00<00:00, 40.44it/s, loss=0.0005]
  Epoch 11/30:  53%|██████████████████▋                | 31/58 [00:00<00:00, 40.44it/s, loss=0.0008]
  Epoch 11/30:  53%|██████████████████▋                | 31/58 [00:01<00:00, 40.44it/s, loss=0.0010]
  Epoch 11/30:  53%|██████████████████▋                | 31/58 [00:01<00:00, 40.44it/s, loss=0.0009]
  Epoch 11/30:  62%|█████████████████████▋             | 36/58 [00:01<00:00, 31.70it/s, loss=0.0009]
  Epoch 11/30:  62%|█████████████████████▋             | 36/58 [00:01<00:00, 31.70it/s, loss=0.0009]
  Epoch 11/30:  62%|█████████████████████▋             | 36/58 [00:01<00:00, 31.70it/s, loss=0.0008]
  Epoch 11/30:  62%|█████████████████████▋             | 36/58 [00:01<00:00, 31.70it/s, loss=0.0010]
  Epoch 11/30:  62%|█████████████████████▋             | 36/58 [00:01<00:00, 31.70it/s, loss=0.0027]
  Epoch 11/30:  62%|█████████████████████▋             | 36/58 [00:01<00:00, 31.70it/s, loss=0.0005]
  Epoch 11/30:  71%|████████████████████████▋          | 41/58 [00:01<00:00, 34.98it/s, loss=0.0005]
  Epoch 11/30:  71%|████████████████████████▋          | 41/58 [00:01<00:00, 34.98it/s, loss=0.0018]
  Epoch 11/30:  71%|████████████████████████▋          | 41/58 [00:01<00:00, 34.98it/s, loss=0.0004]
  Epoch 11/30:  71%|████████████████████████▋          | 41/58 [00:01<00:00, 34.98it/s, loss=0.0013]
  Epoch 11/30:  71%|████████████████████████▋          | 41/58 [00:01<00:00, 34.98it/s, loss=0.0022]
  Epoch 11/30:  71%|████████████████████████▋          | 41/58 [00:01<00:00, 34.98it/s, loss=0.0015]
  Epoch 11/30:  79%|███████████████████████████▊       | 46/58 [00:01<00:00, 36.74it/s, loss=0.0015]
  Epoch 11/30:  79%|███████████████████████████▊       | 46/58 [00:01<00:00, 36.74it/s, loss=0.0012]
  Epoch 11/30:  79%|███████████████████████████▊       | 46/58 [00:01<00:00, 36.74it/s, loss=0.0014]
  Epoch 11/30:  79%|███████████████████████████▊       | 46/58 [00:01<00:00, 36.74it/s, loss=0.0018]
  Epoch 11/30:  79%|███████████████████████████▊       | 46/58 [00:01<00:00, 36.74it/s, loss=0.0009]
  Epoch 11/30:  86%|██████████████████████████████▏    | 50/58 [00:01<00:00, 37.25it/s, loss=0.0009]
  Epoch 11/30:  86%|██████████████████████████████▏    | 50/58 [00:01<00:00, 37.25it/s, loss=0.0010]
  Epoch 11/30:  86%|██████████████████████████████▏    | 50/58 [00:01<00:00, 37.25it/s, loss=0.0011]
  Epoch 11/30:  86%|██████████████████████████████▏    | 50/58 [00:01<00:00, 37.25it/s, loss=0.0004]
  Epoch 11/30:  86%|██████████████████████████████▏    | 50/58 [00:01<00:00, 37.25it/s, loss=0.0013]
  Epoch 11/30:  93%|████████████████████████████████▌  | 54/58 [00:01<00:00, 36.24it/s, loss=0.0013]
  Epoch 11/30:  93%|████████████████████████████████▌  | 54/58 [00:01<00:00, 36.24it/s, loss=0.0012]
  Epoch 11/30:  93%|████████████████████████████████▌  | 54/58 [00:01<00:00, 36.24it/s, loss=0.0017]
  Epoch 11/30:  93%|████████████████████████████████▌  | 54/58 [00:01<00:00, 36.24it/s, loss=0.0018]
  Epoch 11/30:  93%|████████████████████████████████▌  | 54/58 [00:01<00:00, 36.24it/s, loss=0.0006]
                                                                                                    

  Epoch 12/30:   0%|                                                         | 0/58 [00:00<?, ?it/s]
  Epoch 12/30:   0%|                                            | 0/58 [00:00<?, ?it/s, loss=0.0020]
  Epoch 12/30:   0%|                                            | 0/58 [00:00<?, ?it/s, loss=0.0003]
  Epoch 12/30:   0%|                                            | 0/58 [00:00<?, ?it/s, loss=0.0032]
  Epoch 12/30:   0%|                                            | 0/58 [00:00<?, ?it/s, loss=0.0015]
  Epoch 12/30:   7%|██▍                                 | 4/58 [00:00<00:01, 37.36it/s, loss=0.0015]
  Epoch 12/30:   7%|██▍                                 | 4/58 [00:00<00:01, 37.36it/s, loss=0.0017]
  Epoch 12/30:   7%|██▍                                 | 4/58 [00:00<00:01, 37.36it/s, loss=0.0033]
  Epoch 12/30:   7%|██▍                                 | 4/58 [00:00<00:01, 37.36it/s, loss=0.0017]
  Epoch 12/30:   7%|██▍                                 | 4/58 [00:00<00:01, 37.36it/s, loss=0.0012]
  Epoch 12/30:  14%|████▉                               | 8/58 [00:00<00:01, 37.85it/s, loss=0.0012]
  Epoch 12/30:  14%|████▉                               | 8/58 [00:00<00:01, 37.85it/s, loss=0.0005]
  Epoch 12/30:  14%|████▉                               | 8/58 [00:00<00:01, 37.85it/s, loss=0.0028]
  Epoch 12/30:  14%|████▉                               | 8/58 [00:00<00:01, 37.85it/s, loss=0.0012]
  Epoch 12/30:  14%|████▉                               | 8/58 [00:00<00:01, 37.85it/s, loss=0.0023]
  Epoch 12/30:  14%|████▉                               | 8/58 [00:00<00:01, 37.85it/s, loss=0.0016]
  Epoch 12/30:  22%|███████▊                           | 13/58 [00:00<00:01, 42.30it/s, loss=0.0016]
  Epoch 12/30:  22%|███████▊                           | 13/58 [00:00<00:01, 42.30it/s, loss=0.0006]
  Epoch 12/30:  22%|███████▊                           | 13/58 [00:00<00:01, 42.30it/s, loss=0.0006]
  Epoch 12/30:  22%|███████▊                           | 13/58 [00:00<00:01, 42.30it/s, loss=0.0015]
  Epoch 12/30:  22%|███████▊                           | 13/58 [00:00<00:01, 42.30it/s, loss=0.0008]
  Epoch 12/30:  22%|███████▊                           | 13/58 [00:00<00:01, 42.30it/s, loss=0.0017]
  Epoch 12/30:  31%|██████████▊                        | 18/58 [00:00<00:01, 38.86it/s, loss=0.0017]
  Epoch 12/30:  31%|██████████▊                        | 18/58 [00:00<00:01, 38.86it/s, loss=0.0011]
  Epoch 12/30:  31%|██████████▊                        | 18/58 [00:00<00:01, 38.86it/s, loss=0.0004]
  Epoch 12/30:  31%|██████████▊                        | 18/58 [00:00<00:01, 38.86it/s, loss=0.0006]
  Epoch 12/30:  31%|██████████▊                        | 18/58 [00:00<00:01, 38.86it/s, loss=0.0014]
  Epoch 12/30:  38%|█████████████▎                     | 22/58 [00:00<00:00, 38.26it/s, loss=0.0014]
  Epoch 12/30:  38%|█████████████▎                     | 22/58 [00:00<00:00, 38.26it/s, loss=0.0031]
  Epoch 12/30:  38%|█████████████▎                     | 22/58 [00:00<00:00, 38.26it/s, loss=0.0012]
  Epoch 12/30:  38%|█████████████▎                     | 22/58 [00:00<00:00, 38.26it/s, loss=0.0006]
  Epoch 12/30:  38%|█████████████▎                     | 22/58 [00:00<00:00, 38.26it/s, loss=0.0012]
  Epoch 12/30:  38%|█████████████▎                     | 22/58 [00:00<00:00, 38.26it/s, loss=0.0006]
  Epoch 12/30:  47%|████████████████▎                  | 27/58 [00:00<00:00, 40.80it/s, loss=0.0006]
  Epoch 12/30:  47%|████████████████▎                  | 27/58 [00:00<00:00, 40.80it/s, loss=0.0009]
  Epoch 12/30:  47%|████████████████▎                  | 27/58 [00:00<00:00, 40.80it/s, loss=0.0037]
  Epoch 12/30:  47%|████████████████▎                  | 27/58 [00:00<00:00, 40.80it/s, loss=0.0005]
  Epoch 12/30:  47%|████████████████▎                  | 27/58 [00:00<00:00, 40.80it/s, loss=0.0024]
  Epoch 12/30:  47%|████████████████▎                  | 27/58 [00:00<00:00, 40.80it/s, loss=0.0008]
  Epoch 12/30:  55%|███████████████████▎               | 32/58 [00:00<00:00, 41.81it/s, loss=0.0008]
  Epoch 12/30:  55%|███████████████████▎               | 32/58 [00:00<00:00, 41.81it/s, loss=0.0005]
  Epoch 12/30:  55%|███████████████████▎               | 32/58 [00:00<00:00, 41.81it/s, loss=0.0011]
  Epoch 12/30:  55%|███████████████████▎               | 32/58 [00:00<00:00, 41.81it/s, loss=0.0006]
  Epoch 12/30:  55%|███████████████████▎               | 32/58 [00:00<00:00, 41.81it/s, loss=0.0007]
  Epoch 12/30:  55%|███████████████████▎               | 32/58 [00:00<00:00, 41.81it/s, loss=0.0014]
  Epoch 12/30:  64%|██████████████████████▎            | 37/58 [00:00<00:00, 42.19it/s, loss=0.0014]
  Epoch 12/30:  64%|██████████████████████▎            | 37/58 [00:00<00:00, 42.19it/s, loss=0.0014]
  Epoch 12/30:  64%|██████████████████████▎            | 37/58 [00:00<00:00, 42.19it/s, loss=0.0007]
  Epoch 12/30:  64%|██████████████████████▎            | 37/58 [00:00<00:00, 42.19it/s, loss=0.0012]
  Epoch 12/30:  64%|██████████████████████▎            | 37/58 [00:00<00:00, 42.19it/s, loss=0.0016]
  Epoch 12/30:  64%|██████████████████████▎            | 37/58 [00:01<00:00, 42.19it/s, loss=0.0007]
  Epoch 12/30:  72%|█████████████████████████▎         | 42/58 [00:01<00:00, 44.27it/s, loss=0.0007]
  Epoch 12/30:  72%|█████████████████████████▎         | 42/58 [00:01<00:00, 44.27it/s, loss=0.0016]
  Epoch 12/30:  72%|█████████████████████████▎         | 42/58 [00:01<00:00, 44.27it/s, loss=0.0008]
  Epoch 12/30:  72%|█████████████████████████▎         | 42/58 [00:01<00:00, 44.27it/s, loss=0.0004]
  Epoch 12/30:  72%|█████████████████████████▎         | 42/58 [00:01<00:00, 44.27it/s, loss=0.0005]
  Epoch 12/30:  72%|█████████████████████████▎         | 42/58 [00:01<00:00, 44.27it/s, loss=0.0004]
  Epoch 12/30:  81%|████████████████████████████▎      | 47/58 [00:01<00:00, 39.16it/s, loss=0.0004]
  Epoch 12/30:  81%|████████████████████████████▎      | 47/58 [00:01<00:00, 39.16it/s, loss=0.0020]
  Epoch 12/30:  81%|████████████████████████████▎      | 47/58 [00:01<00:00, 39.16it/s, loss=0.0004]
  Epoch 12/30:  81%|████████████████████████████▎      | 47/58 [00:01<00:00, 39.16it/s, loss=0.0013]
  Epoch 12/30:  81%|████████████████████████████▎      | 47/58 [00:01<00:00, 39.16it/s, loss=0.0012]
  Epoch 12/30:  81%|████████████████████████████▎      | 47/58 [00:01<00:00, 39.16it/s, loss=0.0012]
  Epoch 12/30:  90%|███████████████████████████████▍   | 52/58 [00:01<00:00, 35.95it/s, loss=0.0012]
  Epoch 12/30:  90%|███████████████████████████████▍   | 52/58 [00:01<00:00, 35.95it/s, loss=0.0006]
  Epoch 12/30:  90%|███████████████████████████████▍   | 52/58 [00:01<00:00, 35.95it/s, loss=0.0006]
  Epoch 12/30:  90%|███████████████████████████████▍   | 52/58 [00:01<00:00, 35.95it/s, loss=0.0021]
  Epoch 12/30:  90%|███████████████████████████████▍   | 52/58 [00:01<00:00, 35.95it/s, loss=0.0010]
  Epoch 12/30:  90%|███████████████████████████████▍   | 52/58 [00:01<00:00, 35.95it/s, loss=0.0020]
  Epoch 12/30:  98%|██████████████████████████████████▍| 57/58 [00:01<00:00, 37.77it/s, loss=0.0020]
  Epoch 12/30:  98%|██████████████████████████████████▍| 57/58 [00:01<00:00, 37.77it/s, loss=0.0001]
                                                                                                    

  Epoch 13/30:   0%|                                                         | 0/58 [00:00<?, ?it/s]
  Epoch 13/30:   0%|                                            | 0/58 [00:00<?, ?it/s, loss=0.0005]
  Epoch 13/30:   0%|                                            | 0/58 [00:00<?, ?it/s, loss=0.0009]
  Epoch 13/30:   0%|                                            | 0/58 [00:00<?, ?it/s, loss=0.0021]
  Epoch 13/30:   0%|                                            | 0/58 [00:00<?, ?it/s, loss=0.0004]
  Epoch 13/30:   7%|██▍                                 | 4/58 [00:00<00:01, 39.67it/s, loss=0.0004]
  Epoch 13/30:   7%|██▍                                 | 4/58 [00:00<00:01, 39.67it/s, loss=0.0015]
  Epoch 13/30:   7%|██▍                                 | 4/58 [00:00<00:01, 39.67it/s, loss=0.0015]
  Epoch 13/30:   7%|██▍                                 | 4/58 [00:00<00:01, 39.67it/s, loss=0.0012]
  Epoch 13/30:   7%|██▍                                 | 4/58 [00:00<00:01, 39.67it/s, loss=0.0005]
  Epoch 13/30:  14%|████▉                               | 8/58 [00:00<00:01, 39.80it/s, loss=0.0005]
  Epoch 13/30:  14%|████▉                               | 8/58 [00:00<00:01, 39.80it/s, loss=0.0008]
  Epoch 13/30:  14%|████▉                               | 8/58 [00:00<00:01, 39.80it/s, loss=0.0007]
  Epoch 13/30:  14%|████▉                               | 8/58 [00:00<00:01, 39.80it/s, loss=0.0014]
  Epoch 13/30:  14%|████▉                               | 8/58 [00:00<00:01, 39.80it/s, loss=0.0015]
  Epoch 13/30:  14%|████▉                               | 8/58 [00:00<00:01, 39.80it/s, loss=0.0008]
  Epoch 13/30:  22%|███████▊                           | 13/58 [00:00<00:01, 41.92it/s, loss=0.0008]
  Epoch 13/30:  22%|███████▊                           | 13/58 [00:00<00:01, 41.92it/s, loss=0.0026]
  Epoch 13/30:  22%|███████▊                           | 13/58 [00:00<00:01, 41.92it/s, loss=0.0015]
  Epoch 13/30:  22%|███████▊                           | 13/58 [00:00<00:01, 41.92it/s, loss=0.0004]
  Epoch 13/30:  22%|███████▊                           | 13/58 [00:00<00:01, 41.92it/s, loss=0.0005]
  Epoch 13/30:  22%|███████▊                           | 13/58 [00:00<00:01, 41.92it/s, loss=0.0010]
  Epoch 13/30:  31%|██████████▊                        | 18/58 [00:00<00:00, 44.89it/s, loss=0.0010]
  Epoch 13/30:  31%|██████████▊                        | 18/58 [00:00<00:00, 44.89it/s, loss=0.0009]
  Epoch 13/30:  31%|██████████▊                        | 18/58 [00:00<00:00, 44.89it/s, loss=0.0020]
  Epoch 13/30:  31%|██████████▊                        | 18/58 [00:00<00:00, 44.89it/s, loss=0.0008]
  Epoch 13/30:  31%|██████████▊                        | 18/58 [00:00<00:00, 44.89it/s, loss=0.0013]
  Epoch 13/30:  31%|██████████▊                        | 18/58 [00:00<00:00, 44.89it/s, loss=0.0016]
  Epoch 13/30:  40%|█████████████▉                     | 23/58 [00:00<00:00, 42.67it/s, loss=0.0016]
  Epoch 13/30:  40%|█████████████▉                     | 23/58 [00:00<00:00, 42.67it/s, loss=0.0007]
  Epoch 13/30:  40%|█████████████▉                     | 23/58 [00:00<00:00, 42.67it/s, loss=0.0005]
  Epoch 13/30:  40%|█████████████▉                     | 23/58 [00:00<00:00, 42.67it/s, loss=0.0006]
  Epoch 13/30:  40%|█████████████▉                     | 23/58 [00:00<00:00, 42.67it/s, loss=0.0010]
  Epoch 13/30:  40%|█████████████▉                     | 23/58 [00:00<00:00, 42.67it/s, loss=0.0010]
  Epoch 13/30:  48%|████████████████▉                  | 28/58 [00:00<00:00, 40.89it/s, loss=0.0010]
  Epoch 13/30:  48%|████████████████▉                  | 28/58 [00:00<00:00, 40.89it/s, loss=0.0007]
  Epoch 13/30:  48%|████████████████▉                  | 28/58 [00:00<00:00, 40.89it/s, loss=0.0010]
  Epoch 13/30:  48%|████████████████▉                  | 28/58 [00:00<00:00, 40.89it/s, loss=0.0007]
  Epoch 13/30:  48%|████████████████▉                  | 28/58 [00:00<00:00, 40.89it/s, loss=0.0017]
  Epoch 13/30:  48%|████████████████▉                  | 28/58 [00:00<00:00, 40.89it/s, loss=0.0038]
  Epoch 13/30:  48%|████████████████▉                  | 28/58 [00:00<00:00, 40.89it/s, loss=0.0015]
  Epoch 13/30:  59%|████████████████████▌              | 34/58 [00:00<00:00, 43.85it/s, loss=0.0015]
  Epoch 13/30:  59%|████████████████████▌              | 34/58 [00:00<00:00, 43.85it/s, loss=0.0004]
  Epoch 13/30:  59%|████████████████████▌              | 34/58 [00:00<00:00, 43.85it/s, loss=0.0015]
  Epoch 13/30:  59%|████████████████████▌              | 34/58 [00:00<00:00, 43.85it/s, loss=0.0016]
  Epoch 13/30:  59%|████████████████████▌              | 34/58 [00:00<00:00, 43.85it/s, loss=0.0023]
  Epoch 13/30:  59%|████████████████████▌              | 34/58 [00:00<00:00, 43.85it/s, loss=0.0003]
  Epoch 13/30:  67%|███████████████████████▌           | 39/58 [00:00<00:00, 42.87it/s, loss=0.0003]
  Epoch 13/30:  67%|███████████████████████▌           | 39/58 [00:00<00:00, 42.87it/s, loss=0.0022]
  Epoch 13/30:  67%|███████████████████████▌           | 39/58 [00:00<00:00, 42.87it/s, loss=0.0013]
  Epoch 13/30:  67%|███████████████████████▌           | 39/58 [00:01<00:00, 42.87it/s, loss=0.0018]
  Epoch 13/30:  67%|███████████████████████▌           | 39/58 [00:01<00:00, 42.87it/s, loss=0.0016]
  Epoch 13/30:  67%|███████████████████████▌           | 39/58 [00:01<00:00, 42.87it/s, loss=0.0010]
  Epoch 13/30:  76%|██████████████████████████▌        | 44/58 [00:01<00:00, 37.67it/s, loss=0.0010]
  Epoch 13/30:  76%|██████████████████████████▌        | 44/58 [00:01<00:00, 37.67it/s, loss=0.0012]
  Epoch 13/30:  76%|██████████████████████████▌        | 44/58 [00:01<00:00, 37.67it/s, loss=0.0011]
  Epoch 13/30:  76%|██████████████████████████▌        | 44/58 [00:01<00:00, 37.67it/s, loss=0.0019]
  Epoch 13/30:  76%|██████████████████████████▌        | 44/58 [00:01<00:00, 37.67it/s, loss=0.0030]
  Epoch 13/30:  83%|████████████████████████████▉      | 48/58 [00:01<00:00, 37.83it/s, loss=0.0030]
  Epoch 13/30:  83%|████████████████████████████▉      | 48/58 [00:01<00:00, 37.83it/s, loss=0.0015]
  Epoch 13/30:  83%|████████████████████████████▉      | 48/58 [00:01<00:00, 37.83it/s, loss=0.0010]
  Epoch 13/30:  83%|████████████████████████████▉      | 48/58 [00:01<00:00, 37.83it/s, loss=0.0013]
  Epoch 13/30:  83%|████████████████████████████▉      | 48/58 [00:01<00:00, 37.83it/s, loss=0.0023]
  Epoch 13/30:  83%|████████████████████████████▉      | 48/58 [00:01<00:00, 37.83it/s, loss=0.0019]
  Epoch 13/30:  91%|███████████████████████████████▉   | 53/58 [00:01<00:00, 39.18it/s, loss=0.0019]
  Epoch 13/30:  91%|███████████████████████████████▉   | 53/58 [00:01<00:00, 39.18it/s, loss=0.0014]
  Epoch 13/30:  91%|███████████████████████████████▉   | 53/58 [00:01<00:00, 39.18it/s, loss=0.0006]
  Epoch 13/30:  91%|███████████████████████████████▉   | 53/58 [00:01<00:00, 39.18it/s, loss=0.0002]
  Epoch 13/30:  91%|███████████████████████████████▉   | 53/58 [00:01<00:00, 39.18it/s, loss=0.0011]
  Epoch 13/30:  91%|███████████████████████████████▉   | 53/58 [00:01<00:00, 39.18it/s, loss=0.0001]
  Epoch 13/30: 100%|███████████████████████████████████| 58/58 [00:01<00:00, 41.30it/s, loss=0.0001]
                                                                                                    

  Epoch 14/30:   0%|                                                         | 0/58 [00:00<?, ?it/s]
  Epoch 14/30:   0%|                                            | 0/58 [00:00<?, ?it/s, loss=0.0012]
  Epoch 14/30:   0%|                                            | 0/58 [00:00<?, ?it/s, loss=0.0003]
  Epoch 14/30:   0%|                                            | 0/58 [00:00<?, ?it/s, loss=0.0008]
  Epoch 14/30:   0%|                                            | 0/58 [00:00<?, ?it/s, loss=0.0009]
  Epoch 14/30:   0%|                                            | 0/58 [00:00<?, ?it/s, loss=0.0017]
  Epoch 14/30:   9%|███                                 | 5/58 [00:00<00:01, 44.77it/s, loss=0.0017]
  Epoch 14/30:   9%|███                                 | 5/58 [00:00<00:01, 44.77it/s, loss=0.0005]
  Epoch 14/30:   9%|███                                 | 5/58 [00:00<00:01, 44.77it/s, loss=0.0004]
  Epoch 14/30:   9%|███                                 | 5/58 [00:00<00:01, 44.77it/s, loss=0.0019]
  Epoch 14/30:   9%|███                                 | 5/58 [00:00<00:01, 44.77it/s, loss=0.0032]
  Epoch 14/30:   9%|███                                 | 5/58 [00:00<00:01, 44.77it/s, loss=0.0014]
  Epoch 14/30:  17%|██████                             | 10/58 [00:00<00:01, 42.84it/s, loss=0.0014]
  Epoch 14/30:  17%|██████                             | 10/58 [00:00<00:01, 42.84it/s, loss=0.0004]
  Epoch 14/30:  17%|██████                             | 10/58 [00:00<00:01, 42.84it/s, loss=0.0021]
  Epoch 14/30:  17%|██████                             | 10/58 [00:00<00:01, 42.84it/s, loss=0.0007]
  Epoch 14/30:  17%|██████                             | 10/58 [00:00<00:01, 42.84it/s, loss=0.0012]
  Epoch 14/30:  17%|██████                             | 10/58 [00:00<00:01, 42.84it/s, loss=0.0032]
  Epoch 14/30:  26%|█████████                          | 15/58 [00:00<00:01, 41.08it/s, loss=0.0032]
  Epoch 14/30:  26%|█████████                          | 15/58 [00:00<00:01, 41.08it/s, loss=0.0017]
  Epoch 14/30:  26%|█████████                          | 15/58 [00:00<00:01, 41.08it/s, loss=0.0008]
  Epoch 14/30:  26%|█████████                          | 15/58 [00:00<00:01, 41.08it/s, loss=0.0012]
  Epoch 14/30:  26%|█████████                          | 15/58 [00:00<00:01, 41.08it/s, loss=0.0012]
  Epoch 14/30:  26%|█████████                          | 15/58 [00:00<00:01, 41.08it/s, loss=0.0013]
  Epoch 14/30:  34%|████████████                       | 20/58 [00:00<00:00, 42.96it/s, loss=0.0013]
  Epoch 14/30:  34%|████████████                       | 20/58 [00:00<00:00, 42.96it/s, loss=0.0006]
  Epoch 14/30:  34%|████████████                       | 20/58 [00:00<00:00, 42.96it/s, loss=0.0025]
  Epoch 14/30:  34%|████████████                       | 20/58 [00:00<00:00, 42.96it/s, loss=0.0014]
  Epoch 14/30:  34%|████████████                       | 20/58 [00:00<00:00, 42.96it/s, loss=0.0004]
  Epoch 14/30:  34%|████████████                       | 20/58 [00:00<00:00, 42.96it/s, loss=0.0032]
  Epoch 14/30:  43%|███████████████                    | 25/58 [00:00<00:00, 44.27it/s, loss=0.0032]
  Epoch 14/30:  43%|███████████████                    | 25/58 [00:00<00:00, 44.27it/s, loss=0.0021]
  Epoch 14/30:  43%|███████████████                    | 25/58 [00:00<00:00, 44.27it/s, loss=0.0004]
  Epoch 14/30:  43%|███████████████                    | 25/58 [00:00<00:00, 44.27it/s, loss=0.0027]
  Epoch 14/30:  43%|███████████████                    | 25/58 [00:00<00:00, 44.27it/s, loss=0.0018]
  Epoch 14/30:  43%|███████████████                    | 25/58 [00:00<00:00, 44.27it/s, loss=0.0007]
  Epoch 14/30:  52%|██████████████████                 | 30/58 [00:00<00:00, 43.33it/s, loss=0.0007]
  Epoch 14/30:  52%|██████████████████                 | 30/58 [00:00<00:00, 43.33it/s, loss=0.0018]
  Epoch 14/30:  52%|██████████████████                 | 30/58 [00:00<00:00, 43.33it/s, loss=0.0017]
  Epoch 14/30:  52%|██████████████████                 | 30/58 [00:00<00:00, 43.33it/s, loss=0.0017]
  Epoch 14/30:  52%|██████████████████                 | 30/58 [00:00<00:00, 43.33it/s, loss=0.0021]
  Epoch 14/30:  52%|██████████████████                 | 30/58 [00:00<00:00, 43.33it/s, loss=0.0004]
  Epoch 14/30:  60%|█████████████████████              | 35/58 [00:00<00:00, 44.44it/s, loss=0.0004]
  Epoch 14/30:  60%|█████████████████████              | 35/58 [00:00<00:00, 44.44it/s, loss=0.0021]
  Epoch 14/30:  60%|█████████████████████              | 35/58 [00:00<00:00, 44.44it/s, loss=0.0010]
  Epoch 14/30:  60%|█████████████████████              | 35/58 [00:00<00:00, 44.44it/s, loss=0.0008]
  Epoch 14/30:  60%|█████████████████████              | 35/58 [00:00<00:00, 44.44it/s, loss=0.0007]
  Epoch 14/30:  60%|█████████████████████              | 35/58 [00:00<00:00, 44.44it/s, loss=0.0008]
  Epoch 14/30:  69%|████████████████████████▏          | 40/58 [00:00<00:00, 45.59it/s, loss=0.0008]
  Epoch 14/30:  69%|████████████████████████▏          | 40/58 [00:00<00:00, 45.59it/s, loss=0.0012]
  Epoch 14/30:  69%|████████████████████████▏          | 40/58 [00:00<00:00, 45.59it/s, loss=0.0006]
  Epoch 14/30:  69%|████████████████████████▏          | 40/58 [00:00<00:00, 45.59it/s, loss=0.0011]
  Epoch 14/30:  69%|████████████████████████▏          | 40/58 [00:01<00:00, 45.59it/s, loss=0.0010]
  Epoch 14/30:  69%|████████████████████████▏          | 40/58 [00:01<00:00, 45.59it/s, loss=0.0010]
  Epoch 14/30:  78%|███████████████████████████▏       | 45/58 [00:01<00:00, 44.52it/s, loss=0.0010]
  Epoch 14/30:  78%|███████████████████████████▏       | 45/58 [00:01<00:00, 44.52it/s, loss=0.0012]
  Epoch 14/30:  78%|███████████████████████████▏       | 45/58 [00:01<00:00, 44.52it/s, loss=0.0010]
  Epoch 14/30:  78%|███████████████████████████▏       | 45/58 [00:01<00:00, 44.52it/s, loss=0.0007]
  Epoch 14/30:  78%|███████████████████████████▏       | 45/58 [00:01<00:00, 44.52it/s, loss=0.0005]
  Epoch 14/30:  78%|███████████████████████████▏       | 45/58 [00:01<00:00, 44.52it/s, loss=0.0015]
  Epoch 14/30:  86%|██████████████████████████████▏    | 50/58 [00:01<00:00, 44.31it/s, loss=0.0015]
  Epoch 14/30:  86%|██████████████████████████████▏    | 50/58 [00:01<00:00, 44.31it/s, loss=0.0007]
  Epoch 14/30:  86%|██████████████████████████████▏    | 50/58 [00:01<00:00, 44.31it/s, loss=0.0010]
  Epoch 14/30:  86%|██████████████████████████████▏    | 50/58 [00:01<00:00, 44.31it/s, loss=0.0008]
  Epoch 14/30:  86%|██████████████████████████████▏    | 50/58 [00:01<00:00, 44.31it/s, loss=0.0015]
  Epoch 14/30:  86%|██████████████████████████████▏    | 50/58 [00:01<00:00, 44.31it/s, loss=0.0019]
  Epoch 14/30:  95%|█████████████████████████████████▏ | 55/58 [00:01<00:00, 45.03it/s, loss=0.0019]
  Epoch 14/30:  95%|█████████████████████████████████▏ | 55/58 [00:01<00:00, 45.03it/s, loss=0.0007]
  Epoch 14/30:  95%|█████████████████████████████████▏ | 55/58 [00:01<00:00, 45.03it/s, loss=0.0011]
  Epoch 14/30:  95%|█████████████████████████████████▏ | 55/58 [00:01<00:00, 45.03it/s, loss=0.0003]
                                                                                                    

  Epoch 15/30:   0%|                                                         | 0/58 [00:00<?, ?it/s]
  Epoch 15/30:   0%|                                            | 0/58 [00:00<?, ?it/s, loss=0.0010]
  Epoch 15/30:   0%|                                            | 0/58 [00:00<?, ?it/s, loss=0.0019]
  Epoch 15/30:   0%|                                            | 0/58 [00:00<?, ?it/s, loss=0.0022]
  Epoch 15/30:   0%|                                            | 0/58 [00:00<?, ?it/s, loss=0.0009]
  Epoch 15/30:   7%|██▍                                 | 4/58 [00:00<00:01, 38.18it/s, loss=0.0009]
  Epoch 15/30:   7%|██▍                                 | 4/58 [00:00<00:01, 38.18it/s, loss=0.0013]
  Epoch 15/30:   7%|██▍                                 | 4/58 [00:00<00:01, 38.18it/s, loss=0.0008]
  Epoch 15/30:   7%|██▍                                 | 4/58 [00:00<00:01, 38.18it/s, loss=0.0006]
  Epoch 15/30:   7%|██▍                                 | 4/58 [00:00<00:01, 38.18it/s, loss=0.0005]
  Epoch 15/30:   7%|██▍                                 | 4/58 [00:00<00:01, 38.18it/s, loss=0.0016]
  Epoch 15/30:  16%|█████▌                              | 9/58 [00:00<00:01, 44.90it/s, loss=0.0016]
  Epoch 15/30:  16%|█████▌                              | 9/58 [00:00<00:01, 44.90it/s, loss=0.0020]
  Epoch 15/30:  16%|█████▌                              | 9/58 [00:00<00:01, 44.90it/s, loss=0.0008]
  Epoch 15/30:  16%|█████▌                              | 9/58 [00:00<00:01, 44.90it/s, loss=0.0012]
  Epoch 15/30:  16%|█████▌                              | 9/58 [00:00<00:01, 44.90it/s, loss=0.0007]
  Epoch 15/30:  16%|█████▌                              | 9/58 [00:00<00:01, 44.90it/s, loss=0.0009]
  Epoch 15/30:  24%|████████▍                          | 14/58 [00:00<00:01, 41.25it/s, loss=0.0009]
  Epoch 15/30:  24%|████████▍                          | 14/58 [00:00<00:01, 41.25it/s, loss=0.0004]
  Epoch 15/30:  24%|████████▍                          | 14/58 [00:00<00:01, 41.25it/s, loss=0.0027]
  Epoch 15/30:  24%|████████▍                          | 14/58 [00:00<00:01, 41.25it/s, loss=0.0007]
  Epoch 15/30:  24%|████████▍                          | 14/58 [00:00<00:01, 41.25it/s, loss=0.0014]
  Epoch 15/30:  24%|████████▍                          | 14/58 [00:00<00:01, 41.25it/s, loss=0.0005]
  Epoch 15/30:  33%|███████████▍                       | 19/58 [00:00<00:00, 43.28it/s, loss=0.0005]
  Epoch 15/30:  33%|███████████▍                       | 19/58 [00:00<00:00, 43.28it/s, loss=0.0020]
  Epoch 15/30:  33%|███████████▍                       | 19/58 [00:00<00:00, 43.28it/s, loss=0.0006]
  Epoch 15/30:  33%|███████████▍                       | 19/58 [00:00<00:00, 43.28it/s, loss=0.0004]
  Epoch 15/30:  33%|███████████▍                       | 19/58 [00:00<00:00, 43.28it/s, loss=0.0022]
  Epoch 15/30:  33%|███████████▍                       | 19/58 [00:00<00:00, 43.28it/s, loss=0.0008]
  Epoch 15/30:  41%|██████████████▍                    | 24/58 [00:00<00:00, 44.15it/s, loss=0.0008]
  Epoch 15/30:  41%|██████████████▍                    | 24/58 [00:00<00:00, 44.15it/s, loss=0.0009]
  Epoch 15/30:  41%|██████████████▍                    | 24/58 [00:00<00:00, 44.15it/s, loss=0.0031]
  Epoch 15/30:  41%|██████████████▍                    | 24/58 [00:00<00:00, 44.15it/s, loss=0.0005]
  Epoch 15/30:  41%|██████████████▍                    | 24/58 [00:00<00:00, 44.15it/s, loss=0.0011]
  Epoch 15/30:  41%|██████████████▍                    | 24/58 [00:00<00:00, 44.15it/s, loss=0.0029]
  Epoch 15/30:  50%|█████████████████▌                 | 29/58 [00:00<00:00, 41.81it/s, loss=0.0029]
  Epoch 15/30:  50%|█████████████████▌                 | 29/58 [00:00<00:00, 41.81it/s, loss=0.0019]
  Epoch 15/30:  50%|█████████████████▌                 | 29/58 [00:00<00:00, 41.81it/s, loss=0.0012]
  Epoch 15/30:  50%|█████████████████▌                 | 29/58 [00:00<00:00, 41.81it/s, loss=0.0005]
  Epoch 15/30:  50%|█████████████████▌                 | 29/58 [00:00<00:00, 41.81it/s, loss=0.0010]
  Epoch 15/30:  50%|█████████████████▌                 | 29/58 [00:00<00:00, 41.81it/s, loss=0.0023]
  Epoch 15/30:  59%|████████████████████▌              | 34/58 [00:00<00:00, 37.97it/s, loss=0.0023]
  Epoch 15/30:  59%|████████████████████▌              | 34/58 [00:00<00:00, 37.97it/s, loss=0.0015]
  Epoch 15/30:  59%|████████████████████▌              | 34/58 [00:00<00:00, 37.97it/s, loss=0.0011]
  Epoch 15/30:  59%|████████████████████▌              | 34/58 [00:00<00:00, 37.97it/s, loss=0.0006]
  Epoch 15/30:  59%|████████████████████▌              | 34/58 [00:00<00:00, 37.97it/s, loss=0.0026]
  Epoch 15/30:  59%|████████████████████▌              | 34/58 [00:00<00:00, 37.97it/s, loss=0.0004]
  Epoch 15/30:  67%|███████████████████████▌           | 39/58 [00:00<00:00, 38.77it/s, loss=0.0004]
  Epoch 15/30:  67%|███████████████████████▌           | 39/58 [00:00<00:00, 38.77it/s, loss=0.0006]
  Epoch 15/30:  67%|███████████████████████▌           | 39/58 [00:01<00:00, 38.77it/s, loss=0.0016]
  Epoch 15/30:  67%|███████████████████████▌           | 39/58 [00:01<00:00, 38.77it/s, loss=0.0017]
  Epoch 15/30:  67%|███████████████████████▌           | 39/58 [00:01<00:00, 38.77it/s, loss=0.0019]
  Epoch 15/30:  74%|█████████████████████████▉         | 43/58 [00:01<00:00, 37.45it/s, loss=0.0019]
  Epoch 15/30:  74%|█████████████████████████▉         | 43/58 [00:01<00:00, 37.45it/s, loss=0.0014]
  Epoch 15/30:  74%|█████████████████████████▉         | 43/58 [00:01<00:00, 37.45it/s, loss=0.0007]
  Epoch 15/30:  74%|█████████████████████████▉         | 43/58 [00:01<00:00, 37.45it/s, loss=0.0015]
  Epoch 15/30:  74%|█████████████████████████▉         | 43/58 [00:01<00:00, 37.45it/s, loss=0.0010]
  Epoch 15/30:  74%|█████████████████████████▉         | 43/58 [00:01<00:00, 37.45it/s, loss=0.0012]
  Epoch 15/30:  83%|████████████████████████████▉      | 48/58 [00:01<00:00, 39.50it/s, loss=0.0012]
  Epoch 15/30:  83%|████████████████████████████▉      | 48/58 [00:01<00:00, 39.50it/s, loss=0.0011]
  Epoch 15/30:  83%|████████████████████████████▉      | 48/58 [00:01<00:00, 39.50it/s, loss=0.0004]
  Epoch 15/30:  83%|████████████████████████████▉      | 48/58 [00:01<00:00, 39.50it/s, loss=0.0036]
  Epoch 15/30:  83%|████████████████████████████▉      | 48/58 [00:01<00:00, 39.50it/s, loss=0.0017]
  Epoch 15/30:  90%|███████████████████████████████▍   | 52/58 [00:01<00:00, 38.60it/s, loss=0.0017]
  Epoch 15/30:  90%|███████████████████████████████▍   | 52/58 [00:01<00:00, 38.60it/s, loss=0.0006]
  Epoch 15/30:  90%|███████████████████████████████▍   | 52/58 [00:01<00:00, 38.60it/s, loss=0.0008]
  Epoch 15/30:  90%|███████████████████████████████▍   | 52/58 [00:01<00:00, 38.60it/s, loss=0.0009]
  Epoch 15/30:  90%|███████████████████████████████▍   | 52/58 [00:01<00:00, 38.60it/s, loss=0.0005]
  Epoch 15/30:  90%|███████████████████████████████▍   | 52/58 [00:01<00:00, 38.60it/s, loss=0.0005]
  Epoch 15/30:  98%|██████████████████████████████████▍| 57/58 [00:01<00:00, 39.65it/s, loss=0.0005]
  Epoch 15/30:  98%|██████████████████████████████████▍| 57/58 [00:01<00:00, 39.65it/s, loss=0.0004]
                                                                                                    
  Epoch 15/30 │ Loss: 0.0012 │ T+1: 0.5121 │ T+2: 0.2816 │ T+3: 0.3051 ★ NEW BEST

  Epoch 16/30:   0%|                                                         | 0/58 [00:00<?, ?it/s]
  Epoch 16/30:   0%|                                            | 0/58 [00:00<?, ?it/s, loss=0.0012]
  Epoch 16/30:   0%|                                            | 0/58 [00:00<?, ?it/s, loss=0.0029]
  Epoch 16/30:   0%|                                            | 0/58 [00:00<?, ?it/s, loss=0.0003]
  Epoch 16/30:   0%|                                            | 0/58 [00:00<?, ?it/s, loss=0.0009]
  Epoch 16/30:   7%|██▍                                 | 4/58 [00:00<00:01, 34.26it/s, loss=0.0009]
  Epoch 16/30:   7%|██▍                                 | 4/58 [00:00<00:01, 34.26it/s, loss=0.0023]
  Epoch 16/30:   7%|██▍                                 | 4/58 [00:00<00:01, 34.26it/s, loss=0.0009]
  Epoch 16/30:   7%|██▍                                 | 4/58 [00:00<00:01, 34.26it/s, loss=0.0007]
  Epoch 16/30:   7%|██▍                                 | 4/58 [00:00<00:01, 34.26it/s, loss=0.0026]
  Epoch 16/30:  14%|████▉                               | 8/58 [00:00<00:01, 33.38it/s, loss=0.0026]
  Epoch 16/30:  14%|████▉                               | 8/58 [00:00<00:01, 33.38it/s, loss=0.0018]
  Epoch 16/30:  14%|████▉                               | 8/58 [00:00<00:01, 33.38it/s, loss=0.0013]
  Epoch 16/30:  14%|████▉                               | 8/58 [00:00<00:01, 33.38it/s, loss=0.0016]
  Epoch 16/30:  14%|████▉                               | 8/58 [00:00<00:01, 33.38it/s, loss=0.0009]
  Epoch 16/30:  14%|████▉                               | 8/58 [00:00<00:01, 33.38it/s, loss=0.0006]
  Epoch 16/30:  22%|███████▊                           | 13/58 [00:00<00:01, 37.24it/s, loss=0.0006]
  Epoch 16/30:  22%|███████▊                           | 13/58 [00:00<00:01, 37.24it/s, loss=0.0013]
  Epoch 16/30:  22%|███████▊                           | 13/58 [00:00<00:01, 37.24it/s, loss=0.0024]
  Epoch 16/30:  22%|███████▊                           | 13/58 [00:00<00:01, 37.24it/s, loss=0.0011]
  Epoch 16/30:  22%|███████▊                           | 13/58 [00:00<00:01, 37.24it/s, loss=0.0009]
  Epoch 16/30:  29%|██████████▎                        | 17/58 [00:00<00:01, 38.20it/s, loss=0.0009]
  Epoch 16/30:  29%|██████████▎                        | 17/58 [00:00<00:01, 38.20it/s, loss=0.0020]
  Epoch 16/30:  29%|██████████▎                        | 17/58 [00:00<00:01, 38.20it/s, loss=0.0006]
  Epoch 16/30:  29%|██████████▎                        | 17/58 [00:00<00:01, 38.20it/s, loss=0.0006]
  Epoch 16/30:  29%|██████████▎                        | 17/58 [00:00<00:01, 38.20it/s, loss=0.0024]
  Epoch 16/30:  36%|████████████▋                      | 21/58 [00:00<00:00, 37.77it/s, loss=0.0024]
  Epoch 16/30:  36%|████████████▋                      | 21/58 [00:00<00:00, 37.77it/s, loss=0.0023]
  Epoch 16/30:  36%|████████████▋                      | 21/58 [00:00<00:00, 37.77it/s, loss=0.0026]
  Epoch 16/30:  36%|████████████▋                      | 21/58 [00:00<00:00, 37.77it/s, loss=0.0011]
  Epoch 16/30:  36%|████████████▋                      | 21/58 [00:00<00:00, 37.77it/s, loss=0.0007]
  Epoch 16/30:  36%|████████████▋                      | 21/58 [00:00<00:00, 37.77it/s, loss=0.0015]
  Epoch 16/30:  45%|███████████████▋                   | 26/58 [00:00<00:00, 40.44it/s, loss=0.0015]
  Epoch 16/30:  45%|███████████████▋                   | 26/58 [00:00<00:00, 40.44it/s, loss=0.0006]
  Epoch 16/30:  45%|███████████████▋                   | 26/58 [00:00<00:00, 40.44it/s, loss=0.0004]
  Epoch 16/30:  45%|███████████████▋                   | 26/58 [00:00<00:00, 40.44it/s, loss=0.0005]
  Epoch 16/30:  45%|███████████████▋                   | 26/58 [00:00<00:00, 40.44it/s, loss=0.0013]
  Epoch 16/30:  45%|███████████████▋                   | 26/58 [00:00<00:00, 40.44it/s, loss=0.0011]
  Epoch 16/30:  53%|██████████████████▋                | 31/58 [00:00<00:00, 40.25it/s, loss=0.0011]
  Epoch 16/30:  53%|██████████████████▋                | 31/58 [00:00<00:00, 40.25it/s, loss=0.0009]
  Epoch 16/30:  53%|██████████████████▋                | 31/58 [00:00<00:00, 40.25it/s, loss=0.0009]
  Epoch 16/30:  53%|██████████████████▋                | 31/58 [00:00<00:00, 40.25it/s, loss=0.0018]
  Epoch 16/30:  53%|██████████████████▋                | 31/58 [00:00<00:00, 40.25it/s, loss=0.0014]
  Epoch 16/30:  53%|██████████████████▋                | 31/58 [00:00<00:00, 40.25it/s, loss=0.0008]
  Epoch 16/30:  62%|█████████████████████▋             | 36/58 [00:00<00:00, 37.52it/s, loss=0.0008]
  Epoch 16/30:  62%|█████████████████████▋             | 36/58 [00:00<00:00, 37.52it/s, loss=0.0010]
  Epoch 16/30:  62%|█████████████████████▋             | 36/58 [00:00<00:00, 37.52it/s, loss=0.0015]
  Epoch 16/30:  62%|█████████████████████▋             | 36/58 [00:01<00:00, 37.52it/s, loss=0.0005]
  Epoch 16/30:  62%|█████████████████████▋             | 36/58 [00:01<00:00, 37.52it/s, loss=0.0014]
  Epoch 16/30:  62%|█████████████████████▋             | 36/58 [00:01<00:00, 37.52it/s, loss=0.0013]
  Epoch 16/30:  71%|████████████████████████▋          | 41/58 [00:01<00:00, 39.95it/s, loss=0.0013]
  Epoch 16/30:  71%|████████████████████████▋          | 41/58 [00:01<00:00, 39.95it/s, loss=0.0016]
  Epoch 16/30:  71%|████████████████████████▋          | 41/58 [00:01<00:00, 39.95it/s, loss=0.0014]
  Epoch 16/30:  71%|████████████████████████▋          | 41/58 [00:01<00:00, 39.95it/s, loss=0.0012]
  Epoch 16/30:  71%|████████████████████████▋          | 41/58 [00:01<00:00, 39.95it/s, loss=0.0010]
  Epoch 16/30:  71%|████████████████████████▋          | 41/58 [00:01<00:00, 39.95it/s, loss=0.0010]
  Epoch 16/30:  79%|███████████████████████████▊       | 46/58 [00:01<00:00, 37.24it/s, loss=0.0010]
  Epoch 16/30:  79%|███████████████████████████▊       | 46/58 [00:01<00:00, 37.24it/s, loss=0.0003]
  Epoch 16/30:  79%|███████████████████████████▊       | 46/58 [00:01<00:00, 37.24it/s, loss=0.0009]
  Epoch 16/30:  79%|███████████████████████████▊       | 46/58 [00:01<00:00, 37.24it/s, loss=0.0007]
  Epoch 16/30:  79%|███████████████████████████▊       | 46/58 [00:01<00:00, 37.24it/s, loss=0.0008]
  Epoch 16/30:  86%|██████████████████████████████▏    | 50/58 [00:01<00:00, 36.17it/s, loss=0.0008]
  Epoch 16/30:  86%|██████████████████████████████▏    | 50/58 [00:01<00:00, 36.17it/s, loss=0.0013]
  Epoch 16/30:  86%|██████████████████████████████▏    | 50/58 [00:01<00:00, 36.17it/s, loss=0.0005]
  Epoch 16/30:  86%|██████████████████████████████▏    | 50/58 [00:01<00:00, 36.17it/s, loss=0.0015]
  Epoch 16/30:  86%|██████████████████████████████▏    | 50/58 [00:01<00:00, 36.17it/s, loss=0.0007]
  Epoch 16/30:  93%|████████████████████████████████▌  | 54/58 [00:01<00:00, 36.53it/s, loss=0.0007]
  Epoch 16/30:  93%|████████████████████████████████▌  | 54/58 [00:01<00:00, 36.53it/s, loss=0.0030]
  Epoch 16/30:  93%|████████████████████████████████▌  | 54/58 [00:01<00:00, 36.53it/s, loss=0.0013]
  Epoch 16/30:  93%|████████████████████████████████▌  | 54/58 [00:01<00:00, 36.53it/s, loss=0.0009]
  Epoch 16/30:  93%|████████████████████████████████▌  | 54/58 [00:01<00:00, 36.53it/s, loss=0.0002]
                                                                                                    

  Epoch 17/30:   0%|                                                         | 0/58 [00:00<?, ?it/s]
  Epoch 17/30:   0%|                                            | 0/58 [00:00<?, ?it/s, loss=0.0011]
  Epoch 17/30:   0%|                                            | 0/58 [00:00<?, ?it/s, loss=0.0012]
  Epoch 17/30:   0%|                                            | 0/58 [00:00<?, ?it/s, loss=0.0038]
  Epoch 17/30:   0%|                                            | 0/58 [00:00<?, ?it/s, loss=0.0013]
  Epoch 17/30:   0%|                                            | 0/58 [00:00<?, ?it/s, loss=0.0017]
  Epoch 17/30:   9%|███                                 | 5/58 [00:00<00:01, 39.90it/s, loss=0.0017]
  Epoch 17/30:   9%|███                                 | 5/58 [00:00<00:01, 39.90it/s, loss=0.0010]
  Epoch 17/30:   9%|███                                 | 5/58 [00:00<00:01, 39.90it/s, loss=0.0017]
  Epoch 17/30:   9%|███                                 | 5/58 [00:00<00:01, 39.90it/s, loss=0.0008]
  Epoch 17/30:   9%|███                                 | 5/58 [00:00<00:01, 39.90it/s, loss=0.0010]
  Epoch 17/30:   9%|███                                 | 5/58 [00:00<00:01, 39.90it/s, loss=0.0030]
  Epoch 17/30:  17%|██████                             | 10/58 [00:00<00:01, 42.91it/s, loss=0.0030]
  Epoch 17/30:  17%|██████                             | 10/58 [00:00<00:01, 42.91it/s, loss=0.0007]
  Epoch 17/30:  17%|██████                             | 10/58 [00:00<00:01, 42.91it/s, loss=0.0006]
  Epoch 17/30:  17%|██████                             | 10/58 [00:00<00:01, 42.91it/s, loss=0.0003]
  Epoch 17/30:  17%|██████                             | 10/58 [00:00<00:01, 42.91it/s, loss=0.0004]
  Epoch 17/30:  17%|██████                             | 10/58 [00:00<00:01, 42.91it/s, loss=0.0007]
  Epoch 17/30:  26%|█████████                          | 15/58 [00:00<00:01, 39.21it/s, loss=0.0007]
  Epoch 17/30:  26%|█████████                          | 15/58 [00:00<00:01, 39.21it/s, loss=0.0005]
  Epoch 17/30:  26%|█████████                          | 15/58 [00:00<00:01, 39.21it/s, loss=0.0008]
  Epoch 17/30:  26%|█████████                          | 15/58 [00:00<00:01, 39.21it/s, loss=0.0003]
  Epoch 17/30:  26%|█████████                          | 15/58 [00:00<00:01, 39.21it/s, loss=0.0008]
  Epoch 17/30:  26%|█████████                          | 15/58 [00:00<00:01, 39.21it/s, loss=0.0028]
  Epoch 17/30:  34%|████████████                       | 20/58 [00:00<00:00, 40.18it/s, loss=0.0028]
  Epoch 17/30:  34%|████████████                       | 20/58 [00:00<00:00, 40.18it/s, loss=0.0016]
  Epoch 17/30:  34%|████████████                       | 20/58 [00:00<00:00, 40.18it/s, loss=0.0017]
  Epoch 17/30:  34%|████████████                       | 20/58 [00:00<00:00, 40.18it/s, loss=0.0025]
  Epoch 17/30:  34%|████████████                       | 20/58 [00:00<00:00, 40.18it/s, loss=0.0018]
  Epoch 17/30:  34%|████████████                       | 20/58 [00:00<00:00, 40.18it/s, loss=0.0006]
  Epoch 17/30:  43%|███████████████                    | 25/58 [00:00<00:00, 40.51it/s, loss=0.0006]
  Epoch 17/30:  43%|███████████████                    | 25/58 [00:00<00:00, 40.51it/s, loss=0.0006]
  Epoch 17/30:  43%|███████████████                    | 25/58 [00:00<00:00, 40.51it/s, loss=0.0006]
  Epoch 17/30:  43%|███████████████                    | 25/58 [00:00<00:00, 40.51it/s, loss=0.0006]
  Epoch 17/30:  43%|███████████████                    | 25/58 [00:00<00:00, 40.51it/s, loss=0.0026]
  Epoch 17/30:  43%|███████████████                    | 25/58 [00:00<00:00, 40.51it/s, loss=0.0014]
  Epoch 17/30:  52%|██████████████████                 | 30/58 [00:00<00:00, 41.12it/s, loss=0.0014]
  Epoch 17/30:  52%|██████████████████                 | 30/58 [00:00<00:00, 41.12it/s, loss=0.0016]
  Epoch 17/30:  52%|██████████████████                 | 30/58 [00:00<00:00, 41.12it/s, loss=0.0015]
  Epoch 17/30:  52%|██████████████████                 | 30/58 [00:00<00:00, 41.12it/s, loss=0.0011]
  Epoch 17/30:  52%|██████████████████                 | 30/58 [00:00<00:00, 41.12it/s, loss=0.0016]
  Epoch 17/30:  52%|██████████████████                 | 30/58 [00:00<00:00, 41.12it/s, loss=0.0007]
  Epoch 17/30:  60%|█████████████████████              | 35/58 [00:00<00:00, 40.93it/s, loss=0.0007]
  Epoch 17/30:  60%|█████████████████████              | 35/58 [00:00<00:00, 40.93it/s, loss=0.0009]
  Epoch 17/30:  60%|█████████████████████              | 35/58 [00:00<00:00, 40.93it/s, loss=0.0010]
  Epoch 17/30:  60%|█████████████████████              | 35/58 [00:00<00:00, 40.93it/s, loss=0.0023]
  Epoch 17/30:  60%|█████████████████████              | 35/58 [00:00<00:00, 40.93it/s, loss=0.0020]
  Epoch 17/30:  60%|█████████████████████              | 35/58 [00:00<00:00, 40.93it/s, loss=0.0016]
  Epoch 17/30:  69%|████████████████████████▏          | 40/58 [00:00<00:00, 41.56it/s, loss=0.0016]
  Epoch 17/30:  69%|████████████████████████▏          | 40/58 [00:01<00:00, 41.56it/s, loss=0.0004]
  Epoch 17/30:  69%|████████████████████████▏          | 40/58 [00:01<00:00, 41.56it/s, loss=0.0010]
  Epoch 17/30:  69%|████████████████████████▏          | 40/58 [00:01<00:00, 41.56it/s, loss=0.0008]
  Epoch 17/30:  69%|████████████████████████▏          | 40/58 [00:01<00:00, 41.56it/s, loss=0.0010]
  Epoch 17/30:  69%|████████████████████████▏          | 40/58 [00:01<00:00, 41.56it/s, loss=0.0014]
  Epoch 17/30:  78%|███████████████████████████▏       | 45/58 [00:01<00:00, 42.78it/s, loss=0.0014]
  Epoch 17/30:  78%|███████████████████████████▏       | 45/58 [00:01<00:00, 42.78it/s, loss=0.0008]
  Epoch 17/30:  78%|███████████████████████████▏       | 45/58 [00:01<00:00, 42.78it/s, loss=0.0010]
  Epoch 17/30:  78%|███████████████████████████▏       | 45/58 [00:01<00:00, 42.78it/s, loss=0.0012]
  Epoch 17/30:  78%|███████████████████████████▏       | 45/58 [00:01<00:00, 42.78it/s, loss=0.0008]
  Epoch 17/30:  78%|███████████████████████████▏       | 45/58 [00:01<00:00, 42.78it/s, loss=0.0009]
  Epoch 17/30:  86%|██████████████████████████████▏    | 50/58 [00:01<00:00, 42.80it/s, loss=0.0009]
  Epoch 17/30:  86%|██████████████████████████████▏    | 50/58 [00:01<00:00, 42.80it/s, loss=0.0038]
  Epoch 17/30:  86%|██████████████████████████████▏    | 50/58 [00:01<00:00, 42.80it/s, loss=0.0011]
  Epoch 17/30:  86%|██████████████████████████████▏    | 50/58 [00:01<00:00, 42.80it/s, loss=0.0009]
  Epoch 17/30:  86%|██████████████████████████████▏    | 50/58 [00:01<00:00, 42.80it/s, loss=0.0005]
  Epoch 17/30:  86%|██████████████████████████████▏    | 50/58 [00:01<00:00, 42.80it/s, loss=0.0017]
  Epoch 17/30:  95%|█████████████████████████████████▏ | 55/58 [00:01<00:00, 41.05it/s, loss=0.0017]
  Epoch 17/30:  95%|█████████████████████████████████▏ | 55/58 [00:01<00:00, 41.05it/s, loss=0.0003]
  Epoch 17/30:  95%|█████████████████████████████████▏ | 55/58 [00:01<00:00, 41.05it/s, loss=0.0007]
  Epoch 17/30:  95%|█████████████████████████████████▏ | 55/58 [00:01<00:00, 41.05it/s, loss=0.0057]
                                                                                                    

  Epoch 18/30:   0%|                                                         | 0/58 [00:00<?, ?it/s]
  Epoch 18/30:   0%|                                            | 0/58 [00:00<?, ?it/s, loss=0.0012]
  Epoch 18/30:   0%|                                            | 0/58 [00:00<?, ?it/s, loss=0.0012]
  Epoch 18/30:   0%|                                            | 0/58 [00:00<?, ?it/s, loss=0.0018]
  Epoch 18/30:   0%|                                            | 0/58 [00:00<?, ?it/s, loss=0.0009]
  Epoch 18/30:   7%|██▍                                 | 4/58 [00:00<00:01, 37.28it/s, loss=0.0009]
  Epoch 18/30:   7%|██▍                                 | 4/58 [00:00<00:01, 37.28it/s, loss=0.0019]
  Epoch 18/30:   7%|██▍                                 | 4/58 [00:00<00:01, 37.28it/s, loss=0.0004]
  Epoch 18/30:   7%|██▍                                 | 4/58 [00:00<00:01, 37.28it/s, loss=0.0008]
  Epoch 18/30:   7%|██▍                                 | 4/58 [00:00<00:01, 37.28it/s, loss=0.0005]
  Epoch 18/30:  14%|████▉                               | 8/58 [00:00<00:01, 38.38it/s, loss=0.0005]
  Epoch 18/30:  14%|████▉                               | 8/58 [00:00<00:01, 38.38it/s, loss=0.0009]
  Epoch 18/30:  14%|████▉                               | 8/58 [00:00<00:01, 38.38it/s, loss=0.0006]
  Epoch 18/30:  14%|████▉                               | 8/58 [00:00<00:01, 38.38it/s, loss=0.0007]
  Epoch 18/30:  14%|████▉                               | 8/58 [00:00<00:01, 38.38it/s, loss=0.0003]
  Epoch 18/30:  21%|███████▏                           | 12/58 [00:00<00:01, 34.10it/s, loss=0.0003]
  Epoch 18/30:  21%|███████▏                           | 12/58 [00:00<00:01, 34.10it/s, loss=0.0009]
  Epoch 18/30:  21%|███████▏                           | 12/58 [00:00<00:01, 34.10it/s, loss=0.0006]
  Epoch 18/30:  21%|███████▏                           | 12/58 [00:00<00:01, 34.10it/s, loss=0.0003]
  Epoch 18/30:  21%|███████▏                           | 12/58 [00:00<00:01, 34.10it/s, loss=0.0009]
  Epoch 18/30:  28%|█████████▋                         | 16/58 [00:00<00:01, 31.89it/s, loss=0.0009]
  Epoch 18/30:  28%|█████████▋                         | 16/58 [00:00<00:01, 31.89it/s, loss=0.0007]
  Epoch 18/30:  28%|█████████▋                         | 16/58 [00:00<00:01, 31.89it/s, loss=0.0009]
  Epoch 18/30:  28%|█████████▋                         | 16/58 [00:00<00:01, 31.89it/s, loss=0.0007]
  Epoch 18/30:  28%|█████████▋                         | 16/58 [00:00<00:01, 31.89it/s, loss=0.0015]
  Epoch 18/30:  34%|████████████                       | 20/58 [00:00<00:01, 33.27it/s, loss=0.0015]
  Epoch 18/30:  34%|████████████                       | 20/58 [00:00<00:01, 33.27it/s, loss=0.0004]
  Epoch 18/30:  34%|████████████                       | 20/58 [00:00<00:01, 33.27it/s, loss=0.0019]
  Epoch 18/30:  34%|████████████                       | 20/58 [00:00<00:01, 33.27it/s, loss=0.0010]
  Epoch 18/30:  34%|████████████                       | 20/58 [00:00<00:01, 33.27it/s, loss=0.0027]
  Epoch 18/30:  34%|████████████                       | 20/58 [00:00<00:01, 33.27it/s, loss=0.0022]
  Epoch 18/30:  43%|███████████████                    | 25/58 [00:00<00:00, 37.01it/s, loss=0.0022]
  Epoch 18/30:  43%|███████████████                    | 25/58 [00:00<00:00, 37.01it/s, loss=0.0006]
  Epoch 18/30:  43%|███████████████                    | 25/58 [00:00<00:00, 37.01it/s, loss=0.0009]
  Epoch 18/30:  43%|███████████████                    | 25/58 [00:00<00:00, 37.01it/s, loss=0.0009]
  Epoch 18/30:  43%|███████████████                    | 25/58 [00:00<00:00, 37.01it/s, loss=0.0028]
  Epoch 18/30:  43%|███████████████                    | 25/58 [00:00<00:00, 37.01it/s, loss=0.0010]
  Epoch 18/30:  52%|██████████████████                 | 30/58 [00:00<00:00, 38.96it/s, loss=0.0010]
  Epoch 18/30:  52%|██████████████████                 | 30/58 [00:00<00:00, 38.96it/s, loss=0.0013]
  Epoch 18/30:  52%|██████████████████                 | 30/58 [00:00<00:00, 38.96it/s, loss=0.0020]
  Epoch 18/30:  52%|██████████████████                 | 30/58 [00:00<00:00, 38.96it/s, loss=0.0013]
  Epoch 18/30:  52%|██████████████████                 | 30/58 [00:00<00:00, 38.96it/s, loss=0.0012]
  Epoch 18/30:  52%|██████████████████                 | 30/58 [00:00<00:00, 38.96it/s, loss=0.0035]
  Epoch 18/30:  60%|█████████████████████              | 35/58 [00:00<00:00, 41.51it/s, loss=0.0035]
  Epoch 18/30:  60%|█████████████████████              | 35/58 [00:00<00:00, 41.51it/s, loss=0.0031]
  Epoch 18/30:  60%|█████████████████████              | 35/58 [00:00<00:00, 41.51it/s, loss=0.0012]
  Epoch 18/30:  60%|█████████████████████              | 35/58 [00:00<00:00, 41.51it/s, loss=0.0007]
  Epoch 18/30:  60%|█████████████████████              | 35/58 [00:01<00:00, 41.51it/s, loss=0.0023]
  Epoch 18/30:  60%|█████████████████████              | 35/58 [00:01<00:00, 41.51it/s, loss=0.0011]
  Epoch 18/30:  69%|████████████████████████▏          | 40/58 [00:01<00:00, 41.87it/s, loss=0.0011]
  Epoch 18/30:  69%|████████████████████████▏          | 40/58 [00:01<00:00, 41.87it/s, loss=0.0028]
  Epoch 18/30:  69%|████████████████████████▏          | 40/58 [00:01<00:00, 41.87it/s, loss=0.0004]
  Epoch 18/30:  69%|████████████████████████▏          | 40/58 [00:01<00:00, 41.87it/s, loss=0.0008]
  Epoch 18/30:  69%|████████████████████████▏          | 40/58 [00:01<00:00, 41.87it/s, loss=0.0006]
  Epoch 18/30:  69%|████████████████████████▏          | 40/58 [00:01<00:00, 41.87it/s, loss=0.0010]
  Epoch 18/30:  78%|███████████████████████████▏       | 45/58 [00:01<00:00, 41.64it/s, loss=0.0010]
  Epoch 18/30:  78%|███████████████████████████▏       | 45/58 [00:01<00:00, 41.64it/s, loss=0.0011]
  Epoch 18/30:  78%|███████████████████████████▏       | 45/58 [00:01<00:00, 41.64it/s, loss=0.0020]
  Epoch 18/30:  78%|███████████████████████████▏       | 45/58 [00:01<00:00, 41.64it/s, loss=0.0009]
  Epoch 18/30:  78%|███████████████████████████▏       | 45/58 [00:01<00:00, 41.64it/s, loss=0.0006]
  Epoch 18/30:  78%|███████████████████████████▏       | 45/58 [00:01<00:00, 41.64it/s, loss=0.0010]
  Epoch 18/30:  86%|██████████████████████████████▏    | 50/58 [00:01<00:00, 40.13it/s, loss=0.0010]
  Epoch 18/30:  86%|██████████████████████████████▏    | 50/58 [00:01<00:00, 40.13it/s, loss=0.0016]
  Epoch 18/30:  86%|██████████████████████████████▏    | 50/58 [00:01<00:00, 40.13it/s, loss=0.0024]
  Epoch 18/30:  86%|██████████████████████████████▏    | 50/58 [00:01<00:00, 40.13it/s, loss=0.0014]
  Epoch 18/30:  86%|██████████████████████████████▏    | 50/58 [00:01<00:00, 40.13it/s, loss=0.0008]
  Epoch 18/30:  86%|██████████████████████████████▏    | 50/58 [00:01<00:00, 40.13it/s, loss=0.0006]
  Epoch 18/30:  95%|█████████████████████████████████▏ | 55/58 [00:01<00:00, 38.02it/s, loss=0.0006]
  Epoch 18/30:  95%|█████████████████████████████████▏ | 55/58 [00:01<00:00, 38.02it/s, loss=0.0016]
  Epoch 18/30:  95%|█████████████████████████████████▏ | 55/58 [00:01<00:00, 38.02it/s, loss=0.0015]
  Epoch 18/30:  95%|█████████████████████████████████▏ | 55/58 [00:01<00:00, 38.02it/s, loss=0.0000]
                                                                                                    

  Epoch 19/30:   0%|                                                         | 0/58 [00:00<?, ?it/s]
  Epoch 19/30:   0%|                                            | 0/58 [00:00<?, ?it/s, loss=0.0010]
  Epoch 19/30:   0%|                                            | 0/58 [00:00<?, ?it/s, loss=0.0006]
  Epoch 19/30:   0%|                                            | 0/58 [00:00<?, ?it/s, loss=0.0028]
  Epoch 19/30:   0%|                                            | 0/58 [00:00<?, ?it/s, loss=0.0012]
  Epoch 19/30:   7%|██▍                                 | 4/58 [00:00<00:01, 30.60it/s, loss=0.0012]
  Epoch 19/30:   7%|██▍                                 | 4/58 [00:00<00:01, 30.60it/s, loss=0.0026]
  Epoch 19/30:   7%|██▍                                 | 4/58 [00:00<00:01, 30.60it/s, loss=0.0007]
  Epoch 19/30:   7%|██▍                                 | 4/58 [00:00<00:01, 30.60it/s, loss=0.0016]
  Epoch 19/30:   7%|██▍                                 | 4/58 [00:00<00:01, 30.60it/s, loss=0.0006]
  Epoch 19/30:  14%|████▉                               | 8/58 [00:00<00:01, 34.98it/s, loss=0.0006]
  Epoch 19/30:  14%|████▉                               | 8/58 [00:00<00:01, 34.98it/s, loss=0.0020]
  Epoch 19/30:  14%|████▉                               | 8/58 [00:00<00:01, 34.98it/s, loss=0.0006]
  Epoch 19/30:  14%|████▉                               | 8/58 [00:00<00:01, 34.98it/s, loss=0.0031]
  Epoch 19/30:  14%|████▉                               | 8/58 [00:00<00:01, 34.98it/s, loss=0.0005]
  Epoch 19/30:  14%|████▉                               | 8/58 [00:00<00:01, 34.98it/s, loss=0.0028]
  Epoch 19/30:  22%|███████▊                           | 13/58 [00:00<00:01, 38.43it/s, loss=0.0028]
  Epoch 19/30:  22%|███████▊                           | 13/58 [00:00<00:01, 38.43it/s, loss=0.0003]
  Epoch 19/30:  22%|███████▊                           | 13/58 [00:00<00:01, 38.43it/s, loss=0.0015]
  Epoch 19/30:  22%|███████▊                           | 13/58 [00:00<00:01, 38.43it/s, loss=0.0012]
  Epoch 19/30:  22%|███████▊                           | 13/58 [00:00<00:01, 38.43it/s, loss=0.0015]
  Epoch 19/30:  29%|██████████▎                        | 17/58 [00:00<00:01, 37.76it/s, loss=0.0015]
  Epoch 19/30:  29%|██████████▎                        | 17/58 [00:00<00:01, 37.76it/s, loss=0.0009]
  Epoch 19/30:  29%|██████████▎                        | 17/58 [00:00<00:01, 37.76it/s, loss=0.0007]
  Epoch 19/30:  29%|██████████▎                        | 17/58 [00:00<00:01, 37.76it/s, loss=0.0010]
  Epoch 19/30:  29%|██████████▎                        | 17/58 [00:00<00:01, 37.76it/s, loss=0.0020]
  Epoch 19/30:  36%|████████████▋                      | 21/58 [00:00<00:00, 37.04it/s, loss=0.0020]
  Epoch 19/30:  36%|████████████▋                      | 21/58 [00:00<00:00, 37.04it/s, loss=0.0007]
  Epoch 19/30:  36%|████████████▋                      | 21/58 [00:00<00:00, 37.04it/s, loss=0.0014]
  Epoch 19/30:  36%|████████████▋                      | 21/58 [00:00<00:00, 37.04it/s, loss=0.0006]
  Epoch 19/30:  36%|████████████▋                      | 21/58 [00:00<00:00, 37.04it/s, loss=0.0014]
  Epoch 19/30:  43%|███████████████                    | 25/58 [00:00<00:00, 36.23it/s, loss=0.0014]
  Epoch 19/30:  43%|███████████████                    | 25/58 [00:00<00:00, 36.23it/s, loss=0.0006]
  Epoch 19/30:  43%|███████████████                    | 25/58 [00:00<00:00, 36.23it/s, loss=0.0004]
  Epoch 19/30:  43%|███████████████                    | 25/58 [00:00<00:00, 36.23it/s, loss=0.0012]
  Epoch 19/30:  43%|███████████████                    | 25/58 [00:00<00:00, 36.23it/s, loss=0.0009]
  Epoch 19/30:  50%|█████████████████▌                 | 29/58 [00:00<00:00, 35.23it/s, loss=0.0009]
  Epoch 19/30:  50%|█████████████████▌                 | 29/58 [00:00<00:00, 35.23it/s, loss=0.0015]
  Epoch 19/30:  50%|█████████████████▌                 | 29/58 [00:00<00:00, 35.23it/s, loss=0.0010]
  Epoch 19/30:  50%|█████████████████▌                 | 29/58 [00:00<00:00, 35.23it/s, loss=0.0014]
  Epoch 19/30:  50%|█████████████████▌                 | 29/58 [00:00<00:00, 35.23it/s, loss=0.0015]
  Epoch 19/30:  57%|███████████████████▉               | 33/58 [00:00<00:00, 34.91it/s, loss=0.0015]
  Epoch 19/30:  57%|███████████████████▉               | 33/58 [00:00<00:00, 34.91it/s, loss=0.0004]
  Epoch 19/30:  57%|███████████████████▉               | 33/58 [00:00<00:00, 34.91it/s, loss=0.0012]
  Epoch 19/30:  57%|███████████████████▉               | 33/58 [00:01<00:00, 34.91it/s, loss=0.0006]
  Epoch 19/30:  57%|███████████████████▉               | 33/58 [00:01<00:00, 34.91it/s, loss=0.0023]
  Epoch 19/30:  64%|██████████████████████▎            | 37/58 [00:01<00:00, 34.88it/s, loss=0.0023]
  Epoch 19/30:  64%|██████████████████████▎            | 37/58 [00:01<00:00, 34.88it/s, loss=0.0007]
  Epoch 19/30:  64%|██████████████████████▎            | 37/58 [00:01<00:00, 34.88it/s, loss=0.0018]
  Epoch 19/30:  64%|██████████████████████▎            | 37/58 [00:01<00:00, 34.88it/s, loss=0.0008]
  Epoch 19/30:  64%|██████████████████████▎            | 37/58 [00:01<00:00, 34.88it/s, loss=0.0011]
  Epoch 19/30:  71%|████████████████████████▋          | 41/58 [00:01<00:00, 33.61it/s, loss=0.0011]
  Epoch 19/30:  71%|████████████████████████▋          | 41/58 [00:01<00:00, 33.61it/s, loss=0.0007]
  Epoch 19/30:  71%|████████████████████████▋          | 41/58 [00:01<00:00, 33.61it/s, loss=0.0015]
  Epoch 19/30:  71%|████████████████████████▋          | 41/58 [00:01<00:00, 33.61it/s, loss=0.0010]
  Epoch 19/30:  71%|████████████████████████▋          | 41/58 [00:01<00:00, 33.61it/s, loss=0.0008]
  Epoch 19/30:  78%|███████████████████████████▏       | 45/58 [00:01<00:00, 34.47it/s, loss=0.0008]
  Epoch 19/30:  78%|███████████████████████████▏       | 45/58 [00:01<00:00, 34.47it/s, loss=0.0005]
  Epoch 19/30:  78%|███████████████████████████▏       | 45/58 [00:01<00:00, 34.47it/s, loss=0.0005]
  Epoch 19/30:  78%|███████████████████████████▏       | 45/58 [00:01<00:00, 34.47it/s, loss=0.0008]
  Epoch 19/30:  78%|███████████████████████████▏       | 45/58 [00:01<00:00, 34.47it/s, loss=0.0017]
  Epoch 19/30:  84%|█████████████████████████████▌     | 49/58 [00:01<00:00, 34.25it/s, loss=0.0017]
  Epoch 19/30:  84%|█████████████████████████████▌     | 49/58 [00:01<00:00, 34.25it/s, loss=0.0028]
  Epoch 19/30:  84%|█████████████████████████████▌     | 49/58 [00:01<00:00, 34.25it/s, loss=0.0012]
  Epoch 19/30:  84%|█████████████████████████████▌     | 49/58 [00:01<00:00, 34.25it/s, loss=0.0013]
  Epoch 19/30:  84%|█████████████████████████████▌     | 49/58 [00:01<00:00, 34.25it/s, loss=0.0006]
  Epoch 19/30:  91%|███████████████████████████████▉   | 53/58 [00:01<00:00, 33.84it/s, loss=0.0006]
  Epoch 19/30:  91%|███████████████████████████████▉   | 53/58 [00:01<00:00, 33.84it/s, loss=0.0007]
  Epoch 19/30:  91%|███████████████████████████████▉   | 53/58 [00:01<00:00, 33.84it/s, loss=0.0013]
  Epoch 19/30:  91%|███████████████████████████████▉   | 53/58 [00:01<00:00, 33.84it/s, loss=0.0007]
  Epoch 19/30:  91%|███████████████████████████████▉   | 53/58 [00:01<00:00, 33.84it/s, loss=0.0033]
  Epoch 19/30:  98%|██████████████████████████████████▍| 57/58 [00:01<00:00, 35.18it/s, loss=0.0033]
  Epoch 19/30:  98%|██████████████████████████████████▍| 57/58 [00:01<00:00, 35.18it/s, loss=0.0021]
                                                                                                    

  Epoch 20/30:   0%|                                                         | 0/58 [00:00<?, ?it/s]
  Epoch 20/30:   0%|                                            | 0/58 [00:00<?, ?it/s, loss=0.0030]
  Epoch 20/30:   0%|                                            | 0/58 [00:00<?, ?it/s, loss=0.0012]
  Epoch 20/30:   0%|                                            | 0/58 [00:00<?, ?it/s, loss=0.0012]
  Epoch 20/30:   0%|                                            | 0/58 [00:00<?, ?it/s, loss=0.0005]
  Epoch 20/30:   7%|██▍                                 | 4/58 [00:00<00:01, 34.88it/s, loss=0.0005]
  Epoch 20/30:   7%|██▍                                 | 4/58 [00:00<00:01, 34.88it/s, loss=0.0009]
  Epoch 20/30:   7%|██▍                                 | 4/58 [00:00<00:01, 34.88it/s, loss=0.0010]
  Epoch 20/30:   7%|██▍                                 | 4/58 [00:00<00:01, 34.88it/s, loss=0.0009]
  Epoch 20/30:   7%|██▍                                 | 4/58 [00:00<00:01, 34.88it/s, loss=0.0027]
  Epoch 20/30:  14%|████▉                               | 8/58 [00:00<00:01, 34.97it/s, loss=0.0027]
  Epoch 20/30:  14%|████▉                               | 8/58 [00:00<00:01, 34.97it/s, loss=0.0007]
  Epoch 20/30:  14%|████▉                               | 8/58 [00:00<00:01, 34.97it/s, loss=0.0013]
  Epoch 20/30:  14%|████▉                               | 8/58 [00:00<00:01, 34.97it/s, loss=0.0008]
  Epoch 20/30:  14%|████▉                               | 8/58 [00:00<00:01, 34.97it/s, loss=0.0005]
  Epoch 20/30:  21%|███████▏                           | 12/58 [00:00<00:01, 34.63it/s, loss=0.0005]
  Epoch 20/30:  21%|███████▏                           | 12/58 [00:00<00:01, 34.63it/s, loss=0.0015]
  Epoch 20/30:  21%|███████▏                           | 12/58 [00:00<00:01, 34.63it/s, loss=0.0007]
  Epoch 20/30:  21%|███████▏                           | 12/58 [00:00<00:01, 34.63it/s, loss=0.0008]
  Epoch 20/30:  21%|███████▏                           | 12/58 [00:00<00:01, 34.63it/s, loss=0.0008]
  Epoch 20/30:  28%|█████████▋                         | 16/58 [00:00<00:01, 35.24it/s, loss=0.0008]
  Epoch 20/30:  28%|█████████▋                         | 16/58 [00:00<00:01, 35.24it/s, loss=0.0014]
  Epoch 20/30:  28%|█████████▋                         | 16/58 [00:00<00:01, 35.24it/s, loss=0.0013]
  Epoch 20/30:  28%|█████████▋                         | 16/58 [00:00<00:01, 35.24it/s, loss=0.0012]
  Epoch 20/30:  28%|█████████▋                         | 16/58 [00:00<00:01, 35.24it/s, loss=0.0028]
  Epoch 20/30:  34%|████████████                       | 20/58 [00:00<00:01, 34.40it/s, loss=0.0028]
  Epoch 20/30:  34%|████████████                       | 20/58 [00:00<00:01, 34.40it/s, loss=0.0007]
  Epoch 20/30:  34%|████████████                       | 20/58 [00:00<00:01, 34.40it/s, loss=0.0015]
  Epoch 20/30:  34%|████████████                       | 20/58 [00:00<00:01, 34.40it/s, loss=0.0014]
  Epoch 20/30:  34%|████████████                       | 20/58 [00:00<00:01, 34.40it/s, loss=0.0012]
  Epoch 20/30:  41%|██████████████▍                    | 24/58 [00:00<00:00, 35.15it/s, loss=0.0012]
  Epoch 20/30:  41%|██████████████▍                    | 24/58 [00:00<00:00, 35.15it/s, loss=0.0024]
  Epoch 20/30:  41%|██████████████▍                    | 24/58 [00:00<00:00, 35.15it/s, loss=0.0009]
  Epoch 20/30:  41%|██████████████▍                    | 24/58 [00:00<00:00, 35.15it/s, loss=0.0017]
  Epoch 20/30:  41%|██████████████▍                    | 24/58 [00:00<00:00, 35.15it/s, loss=0.0008]
  Epoch 20/30:  48%|████████████████▉                  | 28/58 [00:00<00:00, 34.62it/s, loss=0.0008]
  Epoch 20/30:  48%|████████████████▉                  | 28/58 [00:00<00:00, 34.62it/s, loss=0.0039]
  Epoch 20/30:  48%|████████████████▉                  | 28/58 [00:01<00:00, 34.62it/s, loss=0.0003]
  Epoch 20/30:  48%|████████████████▉                  | 28/58 [00:01<00:00, 34.62it/s, loss=0.0009]
  Epoch 20/30:  48%|████████████████▉                  | 28/58 [00:01<00:00, 34.62it/s, loss=0.0007]
  Epoch 20/30:  55%|███████████████████▎               | 32/58 [00:01<00:01, 25.03it/s, loss=0.0007]
  Epoch 20/30:  55%|███████████████████▎               | 32/58 [00:01<00:01, 25.03it/s, loss=0.0018]
  Epoch 20/30:  55%|███████████████████▎               | 32/58 [00:01<00:01, 25.03it/s, loss=0.0024]
  Epoch 20/30:  55%|███████████████████▎               | 32/58 [00:01<00:01, 25.03it/s, loss=0.0016]
  Epoch 20/30:  55%|███████████████████▎               | 32/58 [00:01<00:01, 25.03it/s, loss=0.0004]
  Epoch 20/30:  62%|█████████████████████▋             | 36/58 [00:01<00:00, 27.47it/s, loss=0.0004]
  Epoch 20/30:  62%|█████████████████████▋             | 36/58 [00:01<00:00, 27.47it/s, loss=0.0004]
  Epoch 20/30:  62%|█████████████████████▋             | 36/58 [00:01<00:00, 27.47it/s, loss=0.0008]
  Epoch 20/30:  62%|█████████████████████▋             | 36/58 [00:01<00:00, 27.47it/s, loss=0.0007]
  Epoch 20/30:  62%|█████████████████████▋             | 36/58 [00:01<00:00, 27.47it/s, loss=0.0015]
  Epoch 20/30:  69%|████████████████████████▏          | 40/58 [00:01<00:00, 30.31it/s, loss=0.0015]
  Epoch 20/30:  69%|████████████████████████▏          | 40/58 [00:01<00:00, 30.31it/s, loss=0.0006]
  Epoch 20/30:  69%|████████████████████████▏          | 40/58 [00:01<00:00, 30.31it/s, loss=0.0021]
  Epoch 20/30:  69%|████████████████████████▏          | 40/58 [00:01<00:00, 30.31it/s, loss=0.0019]
  Epoch 20/30:  69%|████████████████████████▏          | 40/58 [00:01<00:00, 30.31it/s, loss=0.0030]
  Epoch 20/30:  69%|████████████████████████▏          | 40/58 [00:01<00:00, 30.31it/s, loss=0.0016]
  Epoch 20/30:  78%|███████████████████████████▏       | 45/58 [00:01<00:00, 33.75it/s, loss=0.0016]
  Epoch 20/30:  78%|███████████████████████████▏       | 45/58 [00:01<00:00, 33.75it/s, loss=0.0004]
  Epoch 20/30:  78%|███████████████████████████▏       | 45/58 [00:01<00:00, 33.75it/s, loss=0.0007]
  Epoch 20/30:  78%|███████████████████████████▏       | 45/58 [00:01<00:00, 33.75it/s, loss=0.0007]
  Epoch 20/30:  78%|███████████████████████████▏       | 45/58 [00:01<00:00, 33.75it/s, loss=0.0006]
  Epoch 20/30:  78%|███████████████████████████▏       | 45/58 [00:01<00:00, 33.75it/s, loss=0.0003]
  Epoch 20/30:  86%|██████████████████████████████▏    | 50/58 [00:01<00:00, 37.18it/s, loss=0.0003]
  Epoch 20/30:  86%|██████████████████████████████▏    | 50/58 [00:01<00:00, 37.18it/s, loss=0.0006]
  Epoch 20/30:  86%|██████████████████████████████▏    | 50/58 [00:01<00:00, 37.18it/s, loss=0.0007]
  Epoch 20/30:  86%|██████████████████████████████▏    | 50/58 [00:01<00:00, 37.18it/s, loss=0.0003]
  Epoch 20/30:  86%|██████████████████████████████▏    | 50/58 [00:01<00:00, 37.18it/s, loss=0.0010]
  Epoch 20/30:  93%|████████████████████████████████▌  | 54/58 [00:01<00:00, 35.40it/s, loss=0.0010]
  Epoch 20/30:  93%|████████████████████████████████▌  | 54/58 [00:01<00:00, 35.40it/s, loss=0.0012]
  Epoch 20/30:  93%|████████████████████████████████▌  | 54/58 [00:01<00:00, 35.40it/s, loss=0.0022]
  Epoch 20/30:  93%|████████████████████████████████▌  | 54/58 [00:01<00:00, 35.40it/s, loss=0.0011]
  Epoch 20/30:  93%|████████████████████████████████▌  | 54/58 [00:01<00:00, 35.40it/s, loss=0.0049]
  Epoch 20/30: 100%|███████████████████████████████████| 58/58 [00:01<00:00, 36.34it/s, loss=0.0049]
                                                                                                    
  Epoch 20/30 │ Loss: 0.0013 │ T+1: 0.5156 │ T+2: 0.3048 │ T+3: 0.3033

  Epoch 21/30:   0%|                                                         | 0/58 [00:00<?, ?it/s]
  Epoch 21/30:   0%|                                            | 0/58 [00:00<?, ?it/s, loss=0.0009]
  Epoch 21/30:   0%|                                            | 0/58 [00:00<?, ?it/s, loss=0.0005]
  Epoch 21/30:   0%|                                            | 0/58 [00:00<?, ?it/s, loss=0.0016]
  Epoch 21/30:   0%|                                            | 0/58 [00:00<?, ?it/s, loss=0.0008]
  Epoch 21/30:   7%|██▍                                 | 4/58 [00:00<00:01, 31.73it/s, loss=0.0008]
  Epoch 21/30:   7%|██▍                                 | 4/58 [00:00<00:01, 31.73it/s, loss=0.0013]
  Epoch 21/30:   7%|██▍                                 | 4/58 [00:00<00:01, 31.73it/s, loss=0.0012]
  Epoch 21/30:   7%|██▍                                 | 4/58 [00:00<00:01, 31.73it/s, loss=0.0007]
  Epoch 21/30:   7%|██▍                                 | 4/58 [00:00<00:01, 31.73it/s, loss=0.0021]
  Epoch 21/30:   7%|██▍                                 | 4/58 [00:00<00:01, 31.73it/s, loss=0.0007]
  Epoch 21/30:  16%|█████▌                              | 9/58 [00:00<00:01, 37.74it/s, loss=0.0007]
  Epoch 21/30:  16%|█████▌                              | 9/58 [00:00<00:01, 37.74it/s, loss=0.0007]
  Epoch 21/30:  16%|█████▌                              | 9/58 [00:00<00:01, 37.74it/s, loss=0.0007]
  Epoch 21/30:  16%|█████▌                              | 9/58 [00:00<00:01, 37.74it/s, loss=0.0008]
  Epoch 21/30:  16%|█████▌                              | 9/58 [00:00<00:01, 37.74it/s, loss=0.0009]
  Epoch 21/30:  16%|█████▌                              | 9/58 [00:00<00:01, 37.74it/s, loss=0.0009]
  Epoch 21/30:  24%|████████▍                          | 14/58 [00:00<00:01, 40.77it/s, loss=0.0009]
  Epoch 21/30:  24%|████████▍                          | 14/58 [00:00<00:01, 40.77it/s, loss=0.0018]
  Epoch 21/30:  24%|████████▍                          | 14/58 [00:00<00:01, 40.77it/s, loss=0.0006]
  Epoch 21/30:  24%|████████▍                          | 14/58 [00:00<00:01, 40.77it/s, loss=0.0009]
  Epoch 21/30:  24%|████████▍                          | 14/58 [00:00<00:01, 40.77it/s, loss=0.0031]
  Epoch 21/30:  24%|████████▍                          | 14/58 [00:00<00:01, 40.77it/s, loss=0.0008]
  Epoch 21/30:  33%|███████████▍                       | 19/58 [00:00<00:01, 36.58it/s, loss=0.0008]
  Epoch 21/30:  33%|███████████▍                       | 19/58 [00:00<00:01, 36.58it/s, loss=0.0009]
  Epoch 21/30:  33%|███████████▍                       | 19/58 [00:00<00:01, 36.58it/s, loss=0.0021]
  Epoch 21/30:  33%|███████████▍                       | 19/58 [00:00<00:01, 36.58it/s, loss=0.0006]
  Epoch 21/30:  33%|███████████▍                       | 19/58 [00:00<00:01, 36.58it/s, loss=0.0015]
  Epoch 21/30:  40%|█████████████▉                     | 23/58 [00:00<00:00, 36.77it/s, loss=0.0015]
  Epoch 21/30:  40%|█████████████▉                     | 23/58 [00:00<00:00, 36.77it/s, loss=0.0007]
  Epoch 21/30:  40%|█████████████▉                     | 23/58 [00:00<00:00, 36.77it/s, loss=0.0007]
  Epoch 21/30:  40%|█████████████▉                     | 23/58 [00:00<00:00, 36.77it/s, loss=0.0028]
  Epoch 21/30:  40%|█████████████▉                     | 23/58 [00:00<00:00, 36.77it/s, loss=0.0011]
  Epoch 21/30:  47%|████████████████▎                  | 27/58 [00:00<00:00, 36.66it/s, loss=0.0011]
  Epoch 21/30:  47%|████████████████▎                  | 27/58 [00:00<00:00, 36.66it/s, loss=0.0013]
  Epoch 21/30:  47%|████████████████▎                  | 27/58 [00:00<00:00, 36.66it/s, loss=0.0025]
  Epoch 21/30:  47%|████████████████▎                  | 27/58 [00:00<00:00, 36.66it/s, loss=0.0009]
  Epoch 21/30:  47%|████████████████▎                  | 27/58 [00:00<00:00, 36.66it/s, loss=0.0008]
  Epoch 21/30:  53%|██████████████████▋                | 31/58 [00:00<00:00, 35.21it/s, loss=0.0008]
  Epoch 21/30:  53%|██████████████████▋                | 31/58 [00:00<00:00, 35.21it/s, loss=0.0006]
  Epoch 21/30:  53%|██████████████████▋                | 31/58 [00:00<00:00, 35.21it/s, loss=0.0003]
  Epoch 21/30:  53%|██████████████████▋                | 31/58 [00:00<00:00, 35.21it/s, loss=0.0018]
  Epoch 21/30:  53%|██████████████████▋                | 31/58 [00:00<00:00, 35.21it/s, loss=0.0015]
  Epoch 21/30:  53%|██████████████████▋                | 31/58 [00:00<00:00, 35.21it/s, loss=0.0015]
  Epoch 21/30:  62%|█████████████████████▋             | 36/58 [00:00<00:00, 37.47it/s, loss=0.0015]
  Epoch 21/30:  62%|█████████████████████▋             | 36/58 [00:01<00:00, 37.47it/s, loss=0.0009]
  Epoch 21/30:  62%|█████████████████████▋             | 36/58 [00:01<00:00, 37.47it/s, loss=0.0024]
  Epoch 21/30:  62%|█████████████████████▋             | 36/58 [00:01<00:00, 37.47it/s, loss=0.0022]
  Epoch 21/30:  62%|█████████████████████▋             | 36/58 [00:01<00:00, 37.47it/s, loss=0.0010]
  Epoch 21/30:  69%|████████████████████████▏          | 40/58 [00:01<00:00, 36.32it/s, loss=0.0010]
  Epoch 21/30:  69%|████████████████████████▏          | 40/58 [00:01<00:00, 36.32it/s, loss=0.0006]
  Epoch 21/30:  69%|████████████████████████▏          | 40/58 [00:01<00:00, 36.32it/s, loss=0.0022]
  Epoch 21/30:  69%|████████████████████████▏          | 40/58 [00:01<00:00, 36.32it/s, loss=0.0016]
  Epoch 21/30:  69%|████████████████████████▏          | 40/58 [00:01<00:00, 36.32it/s, loss=0.0012]
  Epoch 21/30:  76%|██████████████████████████▌        | 44/58 [00:01<00:00, 33.59it/s, loss=0.0012]
  Epoch 21/30:  76%|██████████████████████████▌        | 44/58 [00:01<00:00, 33.59it/s, loss=0.0022]
  Epoch 21/30:  76%|██████████████████████████▌        | 44/58 [00:01<00:00, 33.59it/s, loss=0.0015]
  Epoch 21/30:  76%|██████████████████████████▌        | 44/58 [00:01<00:00, 33.59it/s, loss=0.0005]
  Epoch 21/30:  76%|██████████████████████████▌        | 44/58 [00:01<00:00, 33.59it/s, loss=0.0006]
  Epoch 21/30:  83%|████████████████████████████▉      | 48/58 [00:01<00:00, 33.52it/s, loss=0.0006]
  Epoch 21/30:  83%|████████████████████████████▉      | 48/58 [00:01<00:00, 33.52it/s, loss=0.0007]
  Epoch 21/30:  83%|████████████████████████████▉      | 48/58 [00:01<00:00, 33.52it/s, loss=0.0040]
  Epoch 21/30:  83%|████████████████████████████▉      | 48/58 [00:01<00:00, 33.52it/s, loss=0.0010]
  Epoch 21/30:  83%|████████████████████████████▉      | 48/58 [00:01<00:00, 33.52it/s, loss=0.0004]
  Epoch 21/30:  90%|███████████████████████████████▍   | 52/58 [00:01<00:00, 35.06it/s, loss=0.0004]
  Epoch 21/30:  90%|███████████████████████████████▍   | 52/58 [00:01<00:00, 35.06it/s, loss=0.0018]
  Epoch 21/30:  90%|███████████████████████████████▍   | 52/58 [00:01<00:00, 35.06it/s, loss=0.0006]
  Epoch 21/30:  90%|███████████████████████████████▍   | 52/58 [00:01<00:00, 35.06it/s, loss=0.0019]
  Epoch 21/30:  90%|███████████████████████████████▍   | 52/58 [00:01<00:00, 35.06it/s, loss=0.0003]
  Epoch 21/30:  90%|███████████████████████████████▍   | 52/58 [00:01<00:00, 35.06it/s, loss=0.0006]
  Epoch 21/30:  98%|██████████████████████████████████▍| 57/58 [00:01<00:00, 37.42it/s, loss=0.0006]
  Epoch 21/30:  98%|██████████████████████████████████▍| 57/58 [00:01<00:00, 37.42it/s, loss=0.0000]
                                                                                                    

  Epoch 22/30:   0%|                                                         | 0/58 [00:00<?, ?it/s]
  Epoch 22/30:   0%|                                            | 0/58 [00:00<?, ?it/s, loss=0.0007]
  Epoch 22/30:   0%|                                            | 0/58 [00:00<?, ?it/s, loss=0.0025]
  Epoch 22/30:   0%|                                            | 0/58 [00:00<?, ?it/s, loss=0.0019]
  Epoch 22/30:   0%|                                            | 0/58 [00:00<?, ?it/s, loss=0.0017]
  Epoch 22/30:   7%|██▍                                 | 4/58 [00:00<00:01, 38.47it/s, loss=0.0017]
  Epoch 22/30:   7%|██▍                                 | 4/58 [00:00<00:01, 38.47it/s, loss=0.0013]
  Epoch 22/30:   7%|██▍                                 | 4/58 [00:00<00:01, 38.47it/s, loss=0.0020]
  Epoch 22/30:   7%|██▍                                 | 4/58 [00:00<00:01, 38.47it/s, loss=0.0014]
  Epoch 22/30:   7%|██▍                                 | 4/58 [00:00<00:01, 38.47it/s, loss=0.0014]
  Epoch 22/30:  14%|████▉                               | 8/58 [00:00<00:01, 32.47it/s, loss=0.0014]
  Epoch 22/30:  14%|████▉                               | 8/58 [00:00<00:01, 32.47it/s, loss=0.0012]
  Epoch 22/30:  14%|████▉                               | 8/58 [00:00<00:01, 32.47it/s, loss=0.0004]
  Epoch 22/30:  14%|████▉                               | 8/58 [00:00<00:01, 32.47it/s, loss=0.0005]
  Epoch 22/30:  14%|████▉                               | 8/58 [00:00<00:01, 32.47it/s, loss=0.0009]
  Epoch 22/30:  21%|███████▏                           | 12/58 [00:00<00:01, 33.09it/s, loss=0.0009]
  Epoch 22/30:  21%|███████▏                           | 12/58 [00:00<00:01, 33.09it/s, loss=0.0015]
  Epoch 22/30:  21%|███████▏                           | 12/58 [00:00<00:01, 33.09it/s, loss=0.0014]
  Epoch 22/30:  21%|███████▏                           | 12/58 [00:00<00:01, 33.09it/s, loss=0.0005]
  Epoch 22/30:  21%|███████▏                           | 12/58 [00:00<00:01, 33.09it/s, loss=0.0006]
  Epoch 22/30:  28%|█████████▋                         | 16/58 [00:00<00:01, 33.43it/s, loss=0.0006]
  Epoch 22/30:  28%|█████████▋                         | 16/58 [00:00<00:01, 33.43it/s, loss=0.0010]
  Epoch 22/30:  28%|█████████▋                         | 16/58 [00:00<00:01, 33.43it/s, loss=0.0010]
  Epoch 22/30:  28%|█████████▋                         | 16/58 [00:00<00:01, 33.43it/s, loss=0.0005]
  Epoch 22/30:  28%|█████████▋                         | 16/58 [00:00<00:01, 33.43it/s, loss=0.0030]
  Epoch 22/30:  34%|████████████                       | 20/58 [00:00<00:01, 32.29it/s, loss=0.0030]
  Epoch 22/30:  34%|████████████                       | 20/58 [00:00<00:01, 32.29it/s, loss=0.0004]
  Epoch 22/30:  34%|████████████                       | 20/58 [00:00<00:01, 32.29it/s, loss=0.0012]
  Epoch 22/30:  34%|████████████                       | 20/58 [00:00<00:01, 32.29it/s, loss=0.0007]
  Epoch 22/30:  34%|████████████                       | 20/58 [00:00<00:01, 32.29it/s, loss=0.0015]
  Epoch 22/30:  41%|██████████████▍                    | 24/58 [00:00<00:01, 33.07it/s, loss=0.0015]
  Epoch 22/30:  41%|██████████████▍                    | 24/58 [00:00<00:01, 33.07it/s, loss=0.0006]
  Epoch 22/30:  41%|██████████████▍                    | 24/58 [00:00<00:01, 33.07it/s, loss=0.0028]
  Epoch 22/30:  41%|██████████████▍                    | 24/58 [00:00<00:01, 33.07it/s, loss=0.0010]
  Epoch 22/30:  41%|██████████████▍                    | 24/58 [00:00<00:01, 33.07it/s, loss=0.0008]
  Epoch 22/30:  48%|████████████████▉                  | 28/58 [00:00<00:00, 33.02it/s, loss=0.0008]
  Epoch 22/30:  48%|████████████████▉                  | 28/58 [00:00<00:00, 33.02it/s, loss=0.0012]
  Epoch 22/30:  48%|████████████████▉                  | 28/58 [00:00<00:00, 33.02it/s, loss=0.0008]
  Epoch 22/30:  48%|████████████████▉                  | 28/58 [00:00<00:00, 33.02it/s, loss=0.0007]
  Epoch 22/30:  48%|████████████████▉                  | 28/58 [00:00<00:00, 33.02it/s, loss=0.0011]
  Epoch 22/30:  55%|███████████████████▎               | 32/58 [00:00<00:00, 33.29it/s, loss=0.0011]
  Epoch 22/30:  55%|███████████████████▎               | 32/58 [00:00<00:00, 33.29it/s, loss=0.0017]
  Epoch 22/30:  55%|███████████████████▎               | 32/58 [00:01<00:00, 33.29it/s, loss=0.0021]
  Epoch 22/30:  55%|███████████████████▎               | 32/58 [00:01<00:00, 33.29it/s, loss=0.0009]
  Epoch 22/30:  55%|███████████████████▎               | 32/58 [00:01<00:00, 33.29it/s, loss=0.0019]
  Epoch 22/30:  62%|█████████████████████▋             | 36/58 [00:01<00:00, 32.91it/s, loss=0.0019]
  Epoch 22/30:  62%|█████████████████████▋             | 36/58 [00:01<00:00, 32.91it/s, loss=0.0020]
  Epoch 22/30:  62%|█████████████████████▋             | 36/58 [00:01<00:00, 32.91it/s, loss=0.0013]
  Epoch 22/30:  62%|█████████████████████▋             | 36/58 [00:01<00:00, 32.91it/s, loss=0.0024]
  Epoch 22/30:  62%|█████████████████████▋             | 36/58 [00:01<00:00, 32.91it/s, loss=0.0006]
  Epoch 22/30:  69%|████████████████████████▏          | 40/58 [00:01<00:00, 31.37it/s, loss=0.0006]
  Epoch 22/30:  69%|████████████████████████▏          | 40/58 [00:01<00:00, 31.37it/s, loss=0.0014]
  Epoch 22/30:  69%|████████████████████████▏          | 40/58 [00:01<00:00, 31.37it/s, loss=0.0009]
  Epoch 22/30:  69%|████████████████████████▏          | 40/58 [00:01<00:00, 31.37it/s, loss=0.0007]
  Epoch 22/30:  69%|████████████████████████▏          | 40/58 [00:01<00:00, 31.37it/s, loss=0.0016]
  Epoch 22/30:  76%|██████████████████████████▌        | 44/58 [00:01<00:00, 29.96it/s, loss=0.0016]
  Epoch 22/30:  76%|██████████████████████████▌        | 44/58 [00:01<00:00, 29.96it/s, loss=0.0006]
  Epoch 22/30:  76%|██████████████████████████▌        | 44/58 [00:01<00:00, 29.96it/s, loss=0.0002]
  Epoch 22/30:  76%|██████████████████████████▌        | 44/58 [00:01<00:00, 29.96it/s, loss=0.0025]
  Epoch 22/30:  76%|██████████████████████████▌        | 44/58 [00:01<00:00, 29.96it/s, loss=0.0008]
  Epoch 22/30:  83%|████████████████████████████▉      | 48/58 [00:01<00:00, 30.33it/s, loss=0.0008]
  Epoch 22/30:  83%|████████████████████████████▉      | 48/58 [00:01<00:00, 30.33it/s, loss=0.0004]
  Epoch 22/30:  83%|████████████████████████████▉      | 48/58 [00:01<00:00, 30.33it/s, loss=0.0007]
  Epoch 22/30:  83%|████████████████████████████▉      | 48/58 [00:01<00:00, 30.33it/s, loss=0.0008]
  Epoch 22/30:  83%|████████████████████████████▉      | 48/58 [00:01<00:00, 30.33it/s, loss=0.0027]
  Epoch 22/30:  90%|███████████████████████████████▍   | 52/58 [00:01<00:00, 31.48it/s, loss=0.0027]
  Epoch 22/30:  90%|███████████████████████████████▍   | 52/58 [00:01<00:00, 31.48it/s, loss=0.0008]
  Epoch 22/30:  90%|███████████████████████████████▍   | 52/58 [00:01<00:00, 31.48it/s, loss=0.0007]
  Epoch 22/30:  90%|███████████████████████████████▍   | 52/58 [00:01<00:00, 31.48it/s, loss=0.0010]
  Epoch 22/30:  90%|███████████████████████████████▍   | 52/58 [00:01<00:00, 31.48it/s, loss=0.0015]
  Epoch 22/30:  97%|█████████████████████████████████▊ | 56/58 [00:01<00:00, 29.28it/s, loss=0.0015]
  Epoch 22/30:  97%|█████████████████████████████████▊ | 56/58 [00:01<00:00, 29.28it/s, loss=0.0010]
  Epoch 22/30:  97%|█████████████████████████████████▊ | 56/58 [00:01<00:00, 29.28it/s, loss=0.0001]
                                                                                                    

  Epoch 23/30:   0%|                                                         | 0/58 [00:00<?, ?it/s]
  Epoch 23/30:   0%|                                            | 0/58 [00:00<?, ?it/s, loss=0.0004]
  Epoch 23/30:   0%|                                            | 0/58 [00:00<?, ?it/s, loss=0.0004]
  Epoch 23/30:   0%|                                            | 0/58 [00:00<?, ?it/s, loss=0.0008]
  Epoch 23/30:   0%|                                            | 0/58 [00:00<?, ?it/s, loss=0.0010]
  Epoch 23/30:   7%|██▍                                 | 4/58 [00:00<00:01, 34.20it/s, loss=0.0010]
  Epoch 23/30:   7%|██▍                                 | 4/58 [00:00<00:01, 34.20it/s, loss=0.0006]
  Epoch 23/30:   7%|██▍                                 | 4/58 [00:00<00:01, 34.20it/s, loss=0.0009]
  Epoch 23/30:   7%|██▍                                 | 4/58 [00:00<00:01, 34.20it/s, loss=0.0020]
  Epoch 23/30:   7%|██▍                                 | 4/58 [00:00<00:01, 34.20it/s, loss=0.0012]
  Epoch 23/30:  14%|████▉                               | 8/58 [00:00<00:01, 32.26it/s, loss=0.0012]
  Epoch 23/30:  14%|████▉                               | 8/58 [00:00<00:01, 32.26it/s, loss=0.0024]
  Epoch 23/30:  14%|████▉                               | 8/58 [00:00<00:01, 32.26it/s, loss=0.0022]
  Epoch 23/30:  14%|████▉                               | 8/58 [00:00<00:01, 32.26it/s, loss=0.0011]
  Epoch 23/30:  14%|████▉                               | 8/58 [00:00<00:01, 32.26it/s, loss=0.0008]
  Epoch 23/30:  21%|███████▏                           | 12/58 [00:00<00:01, 31.94it/s, loss=0.0008]
  Epoch 23/30:  21%|███████▏                           | 12/58 [00:00<00:01, 31.94it/s, loss=0.0007]
  Epoch 23/30:  21%|███████▏                           | 12/58 [00:00<00:01, 31.94it/s, loss=0.0020]
  Epoch 23/30:  21%|███████▏                           | 12/58 [00:00<00:01, 31.94it/s, loss=0.0009]
  Epoch 23/30:  21%|███████▏                           | 12/58 [00:00<00:01, 31.94it/s, loss=0.0005]
  Epoch 23/30:  28%|█████████▋                         | 16/58 [00:00<00:01, 33.40it/s, loss=0.0005]
  Epoch 23/30:  28%|█████████▋                         | 16/58 [00:00<00:01, 33.40it/s, loss=0.0007]
  Epoch 23/30:  28%|█████████▋                         | 16/58 [00:00<00:01, 33.40it/s, loss=0.0006]
  Epoch 23/30:  28%|█████████▋                         | 16/58 [00:00<00:01, 33.40it/s, loss=0.0011]
  Epoch 23/30:  28%|█████████▋                         | 16/58 [00:00<00:01, 33.40it/s, loss=0.0014]
  Epoch 23/30:  28%|█████████▋                         | 16/58 [00:00<00:01, 33.40it/s, loss=0.0007]
  Epoch 23/30:  36%|████████████▋                      | 21/58 [00:00<00:01, 36.26it/s, loss=0.0007]
  Epoch 23/30:  36%|████████████▋                      | 21/58 [00:00<00:01, 36.26it/s, loss=0.0008]
  Epoch 23/30:  36%|████████████▋                      | 21/58 [00:00<00:01, 36.26it/s, loss=0.0022]
  Epoch 23/30:  36%|████████████▋                      | 21/58 [00:00<00:01, 36.26it/s, loss=0.0012]
  Epoch 23/30:  36%|████████████▋                      | 21/58 [00:00<00:01, 36.26it/s, loss=0.0008]
  Epoch 23/30:  43%|███████████████                    | 25/58 [00:00<00:00, 36.05it/s, loss=0.0008]
  Epoch 23/30:  43%|███████████████                    | 25/58 [00:00<00:00, 36.05it/s, loss=0.0011]
  Epoch 23/30:  43%|███████████████                    | 25/58 [00:00<00:00, 36.05it/s, loss=0.0018]
  Epoch 23/30:  43%|███████████████                    | 25/58 [00:00<00:00, 36.05it/s, loss=0.0015]
  Epoch 23/30:  43%|███████████████                    | 25/58 [00:00<00:00, 36.05it/s, loss=0.0015]
  Epoch 23/30:  50%|█████████████████▌                 | 29/58 [00:00<00:00, 36.01it/s, loss=0.0015]
  Epoch 23/30:  50%|█████████████████▌                 | 29/58 [00:00<00:00, 36.01it/s, loss=0.0011]
  Epoch 23/30:  50%|█████████████████▌                 | 29/58 [00:00<00:00, 36.01it/s, loss=0.0006]
  Epoch 23/30:  50%|█████████████████▌                 | 29/58 [00:00<00:00, 36.01it/s, loss=0.0006]
  Epoch 23/30:  50%|█████████████████▌                 | 29/58 [00:00<00:00, 36.01it/s, loss=0.0029]
  Epoch 23/30:  50%|█████████████████▌                 | 29/58 [00:00<00:00, 36.01it/s, loss=0.0008]
  Epoch 23/30:  59%|████████████████████▌              | 34/58 [00:00<00:00, 37.89it/s, loss=0.0008]
  Epoch 23/30:  59%|████████████████████▌              | 34/58 [00:00<00:00, 37.89it/s, loss=0.0022]
  Epoch 23/30:  59%|████████████████████▌              | 34/58 [00:00<00:00, 37.89it/s, loss=0.0014]
  Epoch 23/30:  59%|████████████████████▌              | 34/58 [00:01<00:00, 37.89it/s, loss=0.0027]
  Epoch 23/30:  59%|████████████████████▌              | 34/58 [00:01<00:00, 37.89it/s, loss=0.0014]
  Epoch 23/30:  59%|████████████████████▌              | 34/58 [00:01<00:00, 37.89it/s, loss=0.0008]
  Epoch 23/30:  67%|███████████████████████▌           | 39/58 [00:01<00:00, 40.93it/s, loss=0.0008]
  Epoch 23/30:  67%|███████████████████████▌           | 39/58 [00:01<00:00, 40.93it/s, loss=0.0010]
  Epoch 23/30:  67%|███████████████████████▌           | 39/58 [00:01<00:00, 40.93it/s, loss=0.0018]
  Epoch 23/30:  67%|███████████████████████▌           | 39/58 [00:01<00:00, 40.93it/s, loss=0.0023]
  Epoch 23/30:  67%|███████████████████████▌           | 39/58 [00:01<00:00, 40.93it/s, loss=0.0016]
  Epoch 23/30:  67%|███████████████████████▌           | 39/58 [00:01<00:00, 40.93it/s, loss=0.0004]
  Epoch 23/30:  67%|███████████████████████▌           | 39/58 [00:01<00:00, 40.93it/s, loss=0.0018]
  Epoch 23/30:  78%|███████████████████████████▏       | 45/58 [00:01<00:00, 43.54it/s, loss=0.0018]
  Epoch 23/30:  78%|███████████████████████████▏       | 45/58 [00:01<00:00, 43.54it/s, loss=0.0007]
  Epoch 23/30:  78%|███████████████████████████▏       | 45/58 [00:01<00:00, 43.54it/s, loss=0.0016]
  Epoch 23/30:  78%|███████████████████████████▏       | 45/58 [00:01<00:00, 43.54it/s, loss=0.0002]
  Epoch 23/30:  78%|███████████████████████████▏       | 45/58 [00:01<00:00, 43.54it/s, loss=0.0017]
  Epoch 23/30:  78%|███████████████████████████▏       | 45/58 [00:01<00:00, 43.54it/s, loss=0.0014]
  Epoch 23/30:  86%|██████████████████████████████▏    | 50/58 [00:01<00:00, 41.39it/s, loss=0.0014]
  Epoch 23/30:  86%|██████████████████████████████▏    | 50/58 [00:01<00:00, 41.39it/s, loss=0.0004]
  Epoch 23/30:  86%|██████████████████████████████▏    | 50/58 [00:01<00:00, 41.39it/s, loss=0.0005]
  Epoch 23/30:  86%|██████████████████████████████▏    | 50/58 [00:01<00:00, 41.39it/s, loss=0.0013]
  Epoch 23/30:  86%|██████████████████████████████▏    | 50/58 [00:01<00:00, 41.39it/s, loss=0.0006]
  Epoch 23/30:  86%|██████████████████████████████▏    | 50/58 [00:01<00:00, 41.39it/s, loss=0.0020]
  Epoch 23/30:  95%|█████████████████████████████████▏ | 55/58 [00:01<00:00, 43.51it/s, loss=0.0020]
  Epoch 23/30:  95%|█████████████████████████████████▏ | 55/58 [00:01<00:00, 43.51it/s, loss=0.0004]
  Epoch 23/30:  95%|█████████████████████████████████▏ | 55/58 [00:01<00:00, 43.51it/s, loss=0.0018]
  Epoch 23/30:  95%|█████████████████████████████████▏ | 55/58 [00:01<00:00, 43.51it/s, loss=0.0083]
                                                                                                    

  Epoch 24/30:   0%|                                                         | 0/58 [00:00<?, ?it/s]
  Epoch 24/30:   0%|                                            | 0/58 [00:00<?, ?it/s, loss=0.0009]
  Epoch 24/30:   0%|                                            | 0/58 [00:00<?, ?it/s, loss=0.0018]
  Epoch 24/30:   0%|                                            | 0/58 [00:00<?, ?it/s, loss=0.0007]
  Epoch 24/30:   0%|                                            | 0/58 [00:00<?, ?it/s, loss=0.0006]
  Epoch 24/30:   7%|██▍                                 | 4/58 [00:00<00:01, 39.00it/s, loss=0.0006]
  Epoch 24/30:   7%|██▍                                 | 4/58 [00:00<00:01, 39.00it/s, loss=0.0008]
  Epoch 24/30:   7%|██▍                                 | 4/58 [00:00<00:01, 39.00it/s, loss=0.0006]
  Epoch 24/30:   7%|██▍                                 | 4/58 [00:00<00:01, 39.00it/s, loss=0.0023]
  Epoch 24/30:   7%|██▍                                 | 4/58 [00:00<00:01, 39.00it/s, loss=0.0016]
  Epoch 24/30:  14%|████▉                               | 8/58 [00:00<00:01, 35.44it/s, loss=0.0016]
  Epoch 24/30:  14%|████▉                               | 8/58 [00:00<00:01, 35.44it/s, loss=0.0023]
  Epoch 24/30:  14%|████▉                               | 8/58 [00:00<00:01, 35.44it/s, loss=0.0003]
  Epoch 24/30:  14%|████▉                               | 8/58 [00:00<00:01, 35.44it/s, loss=0.0011]
  Epoch 24/30:  14%|████▉                               | 8/58 [00:00<00:01, 35.44it/s, loss=0.0007]
  Epoch 24/30:  14%|████▉                               | 8/58 [00:00<00:01, 35.44it/s, loss=0.0014]
  Epoch 24/30:  22%|███████▊                           | 13/58 [00:00<00:01, 38.82it/s, loss=0.0014]
  Epoch 24/30:  22%|███████▊                           | 13/58 [00:00<00:01, 38.82it/s, loss=0.0014]
  Epoch 24/30:  22%|███████▊                           | 13/58 [00:00<00:01, 38.82it/s, loss=0.0007]
  Epoch 24/30:  22%|███████▊                           | 13/58 [00:00<00:01, 38.82it/s, loss=0.0018]
  Epoch 24/30:  22%|███████▊                           | 13/58 [00:00<00:01, 38.82it/s, loss=0.0007]
  Epoch 24/30:  29%|██████████▎                        | 17/58 [00:00<00:01, 38.25it/s, loss=0.0007]
  Epoch 24/30:  29%|██████████▎                        | 17/58 [00:00<00:01, 38.25it/s, loss=0.0026]
  Epoch 24/30:  29%|██████████▎                        | 17/58 [00:00<00:01, 38.25it/s, loss=0.0021]
  Epoch 24/30:  29%|██████████▎                        | 17/58 [00:00<00:01, 38.25it/s, loss=0.0019]
  Epoch 24/30:  29%|██████████▎                        | 17/58 [00:00<00:01, 38.25it/s, loss=0.0017]
  Epoch 24/30:  36%|████████████▋                      | 21/58 [00:00<00:00, 38.67it/s, loss=0.0017]
  Epoch 24/30:  36%|████████████▋                      | 21/58 [00:00<00:00, 38.67it/s, loss=0.0022]
  Epoch 24/30:  36%|████████████▋                      | 21/58 [00:00<00:00, 38.67it/s, loss=0.0006]
  Epoch 24/30:  36%|████████████▋                      | 21/58 [00:00<00:00, 38.67it/s, loss=0.0004]
  Epoch 24/30:  36%|████████████▋                      | 21/58 [00:00<00:00, 38.67it/s, loss=0.0014]
  Epoch 24/30:  43%|███████████████                    | 25/58 [00:00<00:00, 39.04it/s, loss=0.0014]
  Epoch 24/30:  43%|███████████████                    | 25/58 [00:00<00:00, 39.04it/s, loss=0.0007]
  Epoch 24/30:  43%|███████████████                    | 25/58 [00:00<00:00, 39.04it/s, loss=0.0017]
  Epoch 24/30:  43%|███████████████                    | 25/58 [00:00<00:00, 39.04it/s, loss=0.0021]
  Epoch 24/30:  43%|███████████████                    | 25/58 [00:00<00:00, 39.04it/s, loss=0.0006]
  Epoch 24/30:  43%|███████████████                    | 25/58 [00:00<00:00, 39.04it/s, loss=0.0005]
  Epoch 24/30:  43%|███████████████                    | 25/58 [00:00<00:00, 39.04it/s, loss=0.0008]
  Epoch 24/30:  53%|██████████████████▋                | 31/58 [00:00<00:00, 43.46it/s, loss=0.0008]
  Epoch 24/30:  53%|██████████████████▋                | 31/58 [00:00<00:00, 43.46it/s, loss=0.0005]
  Epoch 24/30:  53%|██████████████████▋                | 31/58 [00:00<00:00, 43.46it/s, loss=0.0006]
  Epoch 24/30:  53%|██████████████████▋                | 31/58 [00:00<00:00, 43.46it/s, loss=0.0010]
  Epoch 24/30:  53%|██████████████████▋                | 31/58 [00:00<00:00, 43.46it/s, loss=0.0006]
  Epoch 24/30:  53%|██████████████████▋                | 31/58 [00:00<00:00, 43.46it/s, loss=0.0019]
  Epoch 24/30:  62%|█████████████████████▋             | 36/58 [00:00<00:00, 44.79it/s, loss=0.0019]
  Epoch 24/30:  62%|█████████████████████▋             | 36/58 [00:00<00:00, 44.79it/s, loss=0.0010]
  Epoch 24/30:  62%|█████████████████████▋             | 36/58 [00:00<00:00, 44.79it/s, loss=0.0013]
  Epoch 24/30:  62%|█████████████████████▋             | 36/58 [00:00<00:00, 44.79it/s, loss=0.0010]
  Epoch 24/30:  62%|█████████████████████▋             | 36/58 [00:00<00:00, 44.79it/s, loss=0.0011]
  Epoch 24/30:  62%|█████████████████████▋             | 36/58 [00:00<00:00, 44.79it/s, loss=0.0020]
  Epoch 24/30:  71%|████████████████████████▋          | 41/58 [00:00<00:00, 46.00it/s, loss=0.0020]
  Epoch 24/30:  71%|████████████████████████▋          | 41/58 [00:00<00:00, 46.00it/s, loss=0.0017]
  Epoch 24/30:  71%|████████████████████████▋          | 41/58 [00:01<00:00, 46.00it/s, loss=0.0017]
  Epoch 24/30:  71%|████████████████████████▋          | 41/58 [00:01<00:00, 46.00it/s, loss=0.0006]
  Epoch 24/30:  71%|████████████████████████▋          | 41/58 [00:01<00:00, 46.00it/s, loss=0.0009]
  Epoch 24/30:  71%|████████████████████████▋          | 41/58 [00:01<00:00, 46.00it/s, loss=0.0015]
  Epoch 24/30:  79%|███████████████████████████▊       | 46/58 [00:01<00:00, 45.58it/s, loss=0.0015]
  Epoch 24/30:  79%|███████████████████████████▊       | 46/58 [00:01<00:00, 45.58it/s, loss=0.0007]
  Epoch 24/30:  79%|███████████████████████████▊       | 46/58 [00:01<00:00, 45.58it/s, loss=0.0008]
  Epoch 24/30:  79%|███████████████████████████▊       | 46/58 [00:01<00:00, 45.58it/s, loss=0.0020]
  Epoch 24/30:  79%|███████████████████████████▊       | 46/58 [00:01<00:00, 45.58it/s, loss=0.0015]
  Epoch 24/30:  79%|███████████████████████████▊       | 46/58 [00:01<00:00, 45.58it/s, loss=0.0021]
  Epoch 24/30:  88%|██████████████████████████████▊    | 51/58 [00:01<00:00, 43.37it/s, loss=0.0021]
  Epoch 24/30:  88%|██████████████████████████████▊    | 51/58 [00:01<00:00, 43.37it/s, loss=0.0005]
  Epoch 24/30:  88%|██████████████████████████████▊    | 51/58 [00:01<00:00, 43.37it/s, loss=0.0015]
  Epoch 24/30:  88%|██████████████████████████████▊    | 51/58 [00:01<00:00, 43.37it/s, loss=0.0013]
  Epoch 24/30:  88%|██████████████████████████████▊    | 51/58 [00:01<00:00, 43.37it/s, loss=0.0007]
  Epoch 24/30:  88%|██████████████████████████████▊    | 51/58 [00:01<00:00, 43.37it/s, loss=0.0018]
  Epoch 24/30:  97%|█████████████████████████████████▊ | 56/58 [00:01<00:00, 41.51it/s, loss=0.0018]
  Epoch 24/30:  97%|█████████████████████████████████▊ | 56/58 [00:01<00:00, 41.51it/s, loss=0.0003]
  Epoch 24/30:  97%|█████████████████████████████████▊ | 56/58 [00:01<00:00, 41.51it/s, loss=0.0043]
                                                                                                    

  Epoch 25/30:   0%|                                                         | 0/58 [00:00<?, ?it/s]
  Epoch 25/30:   0%|                                            | 0/58 [00:00<?, ?it/s, loss=0.0012]
  Epoch 25/30:   0%|                                            | 0/58 [00:00<?, ?it/s, loss=0.0004]
  Epoch 25/30:   0%|                                            | 0/58 [00:00<?, ?it/s, loss=0.0007]
  Epoch 25/30:   0%|                                            | 0/58 [00:00<?, ?it/s, loss=0.0004]
  Epoch 25/30:   0%|                                            | 0/58 [00:00<?, ?it/s, loss=0.0007]
  Epoch 25/30:   9%|███                                 | 5/58 [00:00<00:01, 42.81it/s, loss=0.0007]
  Epoch 25/30:   9%|███                                 | 5/58 [00:00<00:01, 42.81it/s, loss=0.0013]
  Epoch 25/30:   9%|███                                 | 5/58 [00:00<00:01, 42.81it/s, loss=0.0006]
  Epoch 25/30:   9%|███                                 | 5/58 [00:00<00:01, 42.81it/s, loss=0.0018]
  Epoch 25/30:   9%|███                                 | 5/58 [00:00<00:01, 42.81it/s, loss=0.0004]
  Epoch 25/30:   9%|███                                 | 5/58 [00:00<00:01, 42.81it/s, loss=0.0005]
  Epoch 25/30:  17%|██████                             | 10/58 [00:00<00:01, 42.51it/s, loss=0.0005]
  Epoch 25/30:  17%|██████                             | 10/58 [00:00<00:01, 42.51it/s, loss=0.0006]
  Epoch 25/30:  17%|██████                             | 10/58 [00:00<00:01, 42.51it/s, loss=0.0003]
  Epoch 25/30:  17%|██████                             | 10/58 [00:00<00:01, 42.51it/s, loss=0.0018]
  Epoch 25/30:  17%|██████                             | 10/58 [00:00<00:01, 42.51it/s, loss=0.0013]
  Epoch 25/30:  17%|██████                             | 10/58 [00:00<00:01, 42.51it/s, loss=0.0009]
  Epoch 25/30:  26%|█████████                          | 15/58 [00:00<00:01, 41.94it/s, loss=0.0009]
  Epoch 25/30:  26%|█████████                          | 15/58 [00:00<00:01, 41.94it/s, loss=0.0013]
  Epoch 25/30:  26%|█████████                          | 15/58 [00:00<00:01, 41.94it/s, loss=0.0009]
  Epoch 25/30:  26%|█████████                          | 15/58 [00:00<00:01, 41.94it/s, loss=0.0017]
  Epoch 25/30:  26%|█████████                          | 15/58 [00:00<00:01, 41.94it/s, loss=0.0002]
  Epoch 25/30:  26%|█████████                          | 15/58 [00:00<00:01, 41.94it/s, loss=0.0016]
  Epoch 25/30:  34%|████████████                       | 20/58 [00:00<00:01, 29.88it/s, loss=0.0016]
  Epoch 25/30:  34%|████████████                       | 20/58 [00:00<00:01, 29.88it/s, loss=0.0007]
  Epoch 25/30:  34%|████████████                       | 20/58 [00:00<00:01, 29.88it/s, loss=0.0040]
  Epoch 25/30:  34%|████████████                       | 20/58 [00:00<00:01, 29.88it/s, loss=0.0011]
  Epoch 25/30:  34%|████████████                       | 20/58 [00:00<00:01, 29.88it/s, loss=0.0009]
  Epoch 25/30:  41%|██████████████▍                    | 24/58 [00:00<00:01, 30.62it/s, loss=0.0009]
  Epoch 25/30:  41%|██████████████▍                    | 24/58 [00:00<00:01, 30.62it/s, loss=0.0010]
  Epoch 25/30:  41%|██████████████▍                    | 24/58 [00:00<00:01, 30.62it/s, loss=0.0040]
  Epoch 25/30:  41%|██████████████▍                    | 24/58 [00:00<00:01, 30.62it/s, loss=0.0015]
  Epoch 25/30:  41%|██████████████▍                    | 24/58 [00:00<00:01, 30.62it/s, loss=0.0014]
  Epoch 25/30:  48%|████████████████▉                  | 28/58 [00:00<00:00, 31.25it/s, loss=0.0014]
  Epoch 25/30:  48%|████████████████▉                  | 28/58 [00:00<00:00, 31.25it/s, loss=0.0024]
  Epoch 25/30:  48%|████████████████▉                  | 28/58 [00:00<00:00, 31.25it/s, loss=0.0014]
  Epoch 25/30:  48%|████████████████▉                  | 28/58 [00:00<00:00, 31.25it/s, loss=0.0014]
  Epoch 25/30:  48%|████████████████▉                  | 28/58 [00:00<00:00, 31.25it/s, loss=0.0010]
  Epoch 25/30:  55%|███████████████████▎               | 32/58 [00:00<00:00, 33.13it/s, loss=0.0010]
  Epoch 25/30:  55%|███████████████████▎               | 32/58 [00:00<00:00, 33.13it/s, loss=0.0014]
  Epoch 25/30:  55%|███████████████████▎               | 32/58 [00:01<00:00, 33.13it/s, loss=0.0020]
  Epoch 25/30:  55%|███████████████████▎               | 32/58 [00:01<00:00, 33.13it/s, loss=0.0015]
  Epoch 25/30:  55%|███████████████████▎               | 32/58 [00:01<00:00, 33.13it/s, loss=0.0037]
  Epoch 25/30:  55%|███████████████████▎               | 32/58 [00:01<00:00, 33.13it/s, loss=0.0008]
  Epoch 25/30:  64%|██████████████████████▎            | 37/58 [00:01<00:00, 36.27it/s, loss=0.0008]
  Epoch 25/30:  64%|██████████████████████▎            | 37/58 [00:01<00:00, 36.27it/s, loss=0.0007]
  Epoch 25/30:  64%|██████████████████████▎            | 37/58 [00:01<00:00, 36.27it/s, loss=0.0003]
  Epoch 25/30:  64%|██████████████████████▎            | 37/58 [00:01<00:00, 36.27it/s, loss=0.0008]
  Epoch 25/30:  64%|██████████████████████▎            | 37/58 [00:01<00:00, 36.27it/s, loss=0.0018]
  Epoch 25/30:  71%|████████████████████████▋          | 41/58 [00:01<00:00, 35.91it/s, loss=0.0018]
  Epoch 25/30:  71%|████████████████████████▋          | 41/58 [00:01<00:00, 35.91it/s, loss=0.0019]
  Epoch 25/30:  71%|████████████████████████▋          | 41/58 [00:01<00:00, 35.91it/s, loss=0.0014]
  Epoch 25/30:  71%|████████████████████████▋          | 41/58 [00:01<00:00, 35.91it/s, loss=0.0016]
  Epoch 25/30:  71%|████████████████████████▋          | 41/58 [00:01<00:00, 35.91it/s, loss=0.0006]
  Epoch 25/30:  71%|████████████████████████▋          | 41/58 [00:01<00:00, 35.91it/s, loss=0.0004]
  Epoch 25/30:  79%|███████████████████████████▊       | 46/58 [00:01<00:00, 38.53it/s, loss=0.0004]
  Epoch 25/30:  79%|███████████████████████████▊       | 46/58 [00:01<00:00, 38.53it/s, loss=0.0012]
  Epoch 25/30:  79%|███████████████████████████▊       | 46/58 [00:01<00:00, 38.53it/s, loss=0.0005]
  Epoch 25/30:  79%|███████████████████████████▊       | 46/58 [00:01<00:00, 38.53it/s, loss=0.0018]
  Epoch 25/30:  79%|███████████████████████████▊       | 46/58 [00:01<00:00, 38.53it/s, loss=0.0019]
  Epoch 25/30:  86%|██████████████████████████████▏    | 50/58 [00:01<00:00, 38.82it/s, loss=0.0019]
  Epoch 25/30:  86%|██████████████████████████████▏    | 50/58 [00:01<00:00, 38.82it/s, loss=0.0010]
  Epoch 25/30:  86%|██████████████████████████████▏    | 50/58 [00:01<00:00, 38.82it/s, loss=0.0017]
  Epoch 25/30:  86%|██████████████████████████████▏    | 50/58 [00:01<00:00, 38.82it/s, loss=0.0012]
  Epoch 25/30:  86%|██████████████████████████████▏    | 50/58 [00:01<00:00, 38.82it/s, loss=0.0009]
  Epoch 25/30:  86%|██████████████████████████████▏    | 50/58 [00:01<00:00, 38.82it/s, loss=0.0011]
  Epoch 25/30:  95%|█████████████████████████████████▏ | 55/58 [00:01<00:00, 39.83it/s, loss=0.0011]
  Epoch 25/30:  95%|█████████████████████████████████▏ | 55/58 [00:01<00:00, 39.83it/s, loss=0.0006]
  Epoch 25/30:  95%|█████████████████████████████████▏ | 55/58 [00:01<00:00, 39.83it/s, loss=0.0008]
  Epoch 25/30:  95%|█████████████████████████████████▏ | 55/58 [00:01<00:00, 39.83it/s, loss=0.0001]
                                                                                                    
  Epoch 25/30 │ Loss: 0.0012 │ T+1: 0.4772 │ T+2: 0.3336 │ T+3: 0.3050

  Epoch 26/30:   0%|                                                         | 0/58 [00:00<?, ?it/s]
  Epoch 26/30:   0%|                                            | 0/58 [00:00<?, ?it/s, loss=0.0020]
  Epoch 26/30:   0%|                                            | 0/58 [00:00<?, ?it/s, loss=0.0003]
  Epoch 26/30:   0%|                                            | 0/58 [00:00<?, ?it/s, loss=0.0012]
  Epoch 26/30:   0%|                                            | 0/58 [00:00<?, ?it/s, loss=0.0006]
  Epoch 26/30:   0%|                                            | 0/58 [00:00<?, ?it/s, loss=0.0005]
  Epoch 26/30:   9%|███                                 | 5/58 [00:00<00:01, 44.59it/s, loss=0.0005]
  Epoch 26/30:   9%|███                                 | 5/58 [00:00<00:01, 44.59it/s, loss=0.0010]
  Epoch 26/30:   9%|███                                 | 5/58 [00:00<00:01, 44.59it/s, loss=0.0018]
  Epoch 26/30:   9%|███                                 | 5/58 [00:00<00:01, 44.59it/s, loss=0.0010]
  Epoch 26/30:   9%|███                                 | 5/58 [00:00<00:01, 44.59it/s, loss=0.0012]
  Epoch 26/30:   9%|███                                 | 5/58 [00:00<00:01, 44.59it/s, loss=0.0010]
  Epoch 26/30:  17%|██████                             | 10/58 [00:00<00:01, 44.46it/s, loss=0.0010]
  Epoch 26/30:  17%|██████                             | 10/58 [00:00<00:01, 44.46it/s, loss=0.0010]
  Epoch 26/30:  17%|██████                             | 10/58 [00:00<00:01, 44.46it/s, loss=0.0012]
  Epoch 26/30:  17%|██████                             | 10/58 [00:00<00:01, 44.46it/s, loss=0.0018]
  Epoch 26/30:  17%|██████                             | 10/58 [00:00<00:01, 44.46it/s, loss=0.0006]
  Epoch 26/30:  17%|██████                             | 10/58 [00:00<00:01, 44.46it/s, loss=0.0008]
  Epoch 26/30:  26%|█████████                          | 15/58 [00:00<00:01, 41.19it/s, loss=0.0008]
  Epoch 26/30:  26%|█████████                          | 15/58 [00:00<00:01, 41.19it/s, loss=0.0008]
  Epoch 26/30:  26%|█████████                          | 15/58 [00:00<00:01, 41.19it/s, loss=0.0010]
  Epoch 26/30:  26%|█████████                          | 15/58 [00:00<00:01, 41.19it/s, loss=0.0025]
  Epoch 26/30:  26%|█████████                          | 15/58 [00:00<00:01, 41.19it/s, loss=0.0015]
  Epoch 26/30:  26%|█████████                          | 15/58 [00:00<00:01, 41.19it/s, loss=0.0007]
  Epoch 26/30:  34%|████████████                       | 20/58 [00:00<00:00, 39.10it/s, loss=0.0007]
  Epoch 26/30:  34%|████████████                       | 20/58 [00:00<00:00, 39.10it/s, loss=0.0011]
  Epoch 26/30:  34%|████████████                       | 20/58 [00:00<00:00, 39.10it/s, loss=0.0006]
  Epoch 26/30:  34%|████████████                       | 20/58 [00:00<00:00, 39.10it/s, loss=0.0009]
  Epoch 26/30:  34%|████████████                       | 20/58 [00:00<00:00, 39.10it/s, loss=0.0021]
  Epoch 26/30:  41%|██████████████▍                    | 24/58 [00:00<00:00, 35.57it/s, loss=0.0021]
  Epoch 26/30:  41%|██████████████▍                    | 24/58 [00:00<00:00, 35.57it/s, loss=0.0009]
  Epoch 26/30:  41%|██████████████▍                    | 24/58 [00:00<00:00, 35.57it/s, loss=0.0016]
  Epoch 26/30:  41%|██████████████▍                    | 24/58 [00:00<00:00, 35.57it/s, loss=0.0010]
  Epoch 26/30:  41%|██████████████▍                    | 24/58 [00:00<00:00, 35.57it/s, loss=0.0015]
  Epoch 26/30:  48%|████████████████▉                  | 28/58 [00:00<00:00, 34.91it/s, loss=0.0015]
  Epoch 26/30:  48%|████████████████▉                  | 28/58 [00:00<00:00, 34.91it/s, loss=0.0010]
  Epoch 26/30:  48%|████████████████▉                  | 28/58 [00:00<00:00, 34.91it/s, loss=0.0004]
  Epoch 26/30:  48%|████████████████▉                  | 28/58 [00:00<00:00, 34.91it/s, loss=0.0008]
  Epoch 26/30:  48%|████████████████▉                  | 28/58 [00:00<00:00, 34.91it/s, loss=0.0005]
  Epoch 26/30:  55%|███████████████████▎               | 32/58 [00:00<00:00, 35.39it/s, loss=0.0005]
  Epoch 26/30:  55%|███████████████████▎               | 32/58 [00:00<00:00, 35.39it/s, loss=0.0028]
  Epoch 26/30:  55%|███████████████████▎               | 32/58 [00:00<00:00, 35.39it/s, loss=0.0003]
  Epoch 26/30:  55%|███████████████████▎               | 32/58 [00:00<00:00, 35.39it/s, loss=0.0008]
  Epoch 26/30:  55%|███████████████████▎               | 32/58 [00:00<00:00, 35.39it/s, loss=0.0007]
  Epoch 26/30:  62%|█████████████████████▋             | 36/58 [00:00<00:00, 34.73it/s, loss=0.0007]
  Epoch 26/30:  62%|█████████████████████▋             | 36/58 [00:01<00:00, 34.73it/s, loss=0.0004]
  Epoch 26/30:  62%|█████████████████████▋             | 36/58 [00:01<00:00, 34.73it/s, loss=0.0016]
  Epoch 26/30:  62%|█████████████████████▋             | 36/58 [00:01<00:00, 34.73it/s, loss=0.0016]
  Epoch 26/30:  62%|█████████████████████▋             | 36/58 [00:01<00:00, 34.73it/s, loss=0.0008]
  Epoch 26/30:  69%|████████████████████████▏          | 40/58 [00:01<00:00, 34.18it/s, loss=0.0008]
  Epoch 26/30:  69%|████████████████████████▏          | 40/58 [00:01<00:00, 34.18it/s, loss=0.0022]
  Epoch 26/30:  69%|████████████████████████▏          | 40/58 [00:01<00:00, 34.18it/s, loss=0.0007]
  Epoch 26/30:  69%|████████████████████████▏          | 40/58 [00:01<00:00, 34.18it/s, loss=0.0011]
  Epoch 26/30:  69%|████████████████████████▏          | 40/58 [00:01<00:00, 34.18it/s, loss=0.0023]
  Epoch 26/30:  76%|██████████████████████████▌        | 44/58 [00:01<00:00, 33.19it/s, loss=0.0023]
  Epoch 26/30:  76%|██████████████████████████▌        | 44/58 [00:01<00:00, 33.19it/s, loss=0.0020]
  Epoch 26/30:  76%|██████████████████████████▌        | 44/58 [00:01<00:00, 33.19it/s, loss=0.0016]
  Epoch 26/30:  76%|██████████████████████████▌        | 44/58 [00:01<00:00, 33.19it/s, loss=0.0015]
  Epoch 26/30:  76%|██████████████████████████▌        | 44/58 [00:01<00:00, 33.19it/s, loss=0.0011]
  Epoch 26/30:  83%|████████████████████████████▉      | 48/58 [00:01<00:00, 33.86it/s, loss=0.0011]
  Epoch 26/30:  83%|████████████████████████████▉      | 48/58 [00:01<00:00, 33.86it/s, loss=0.0018]
  Epoch 26/30:  83%|████████████████████████████▉      | 48/58 [00:01<00:00, 33.86it/s, loss=0.0009]
  Epoch 26/30:  83%|████████████████████████████▉      | 48/58 [00:01<00:00, 33.86it/s, loss=0.0020]
  Epoch 26/30:  83%|████████████████████████████▉      | 48/58 [00:01<00:00, 33.86it/s, loss=0.0028]
  Epoch 26/30:  90%|███████████████████████████████▍   | 52/58 [00:01<00:00, 34.97it/s, loss=0.0028]
  Epoch 26/30:  90%|███████████████████████████████▍   | 52/58 [00:01<00:00, 34.97it/s, loss=0.0017]
  Epoch 26/30:  90%|███████████████████████████████▍   | 52/58 [00:01<00:00, 34.97it/s, loss=0.0009]
  Epoch 26/30:  90%|███████████████████████████████▍   | 52/58 [00:01<00:00, 34.97it/s, loss=0.0004]
  Epoch 26/30:  90%|███████████████████████████████▍   | 52/58 [00:01<00:00, 34.97it/s, loss=0.0017]
  Epoch 26/30:  97%|█████████████████████████████████▊ | 56/58 [00:01<00:00, 35.04it/s, loss=0.0017]
  Epoch 26/30:  97%|█████████████████████████████████▊ | 56/58 [00:01<00:00, 35.04it/s, loss=0.0008]
  Epoch 26/30:  97%|█████████████████████████████████▊ | 56/58 [00:01<00:00, 35.04it/s, loss=0.0006]
                                                                                                    

  Epoch 27/30:   0%|                                                         | 0/58 [00:00<?, ?it/s]
  Epoch 27/30:   0%|                                            | 0/58 [00:00<?, ?it/s, loss=0.0010]
  Epoch 27/30:   0%|                                            | 0/58 [00:00<?, ?it/s, loss=0.0008]
  Epoch 27/30:   0%|                                            | 0/58 [00:00<?, ?it/s, loss=0.0007]
  Epoch 27/30:   0%|                                            | 0/58 [00:00<?, ?it/s, loss=0.0023]
  Epoch 27/30:   7%|██▍                                 | 4/58 [00:00<00:01, 33.97it/s, loss=0.0023]
  Epoch 27/30:   7%|██▍                                 | 4/58 [00:00<00:01, 33.97it/s, loss=0.0015]
  Epoch 27/30:   7%|██▍                                 | 4/58 [00:00<00:01, 33.97it/s, loss=0.0004]
  Epoch 27/30:   7%|██▍                                 | 4/58 [00:00<00:01, 33.97it/s, loss=0.0010]
  Epoch 27/30:   7%|██▍                                 | 4/58 [00:00<00:01, 33.97it/s, loss=0.0008]
  Epoch 27/30:   7%|██▍                                 | 4/58 [00:00<00:01, 33.97it/s, loss=0.0006]
  Epoch 27/30:  16%|█████▌                              | 9/58 [00:00<00:01, 37.48it/s, loss=0.0006]
  Epoch 27/30:  16%|█████▌                              | 9/58 [00:00<00:01, 37.48it/s, loss=0.0017]
  Epoch 27/30:  16%|█████▌                              | 9/58 [00:00<00:01, 37.48it/s, loss=0.0012]
  Epoch 27/30:  16%|█████▌                              | 9/58 [00:00<00:01, 37.48it/s, loss=0.0032]
  Epoch 27/30:  16%|█████▌                              | 9/58 [00:00<00:01, 37.48it/s, loss=0.0009]
  Epoch 27/30:  22%|███████▊                           | 13/58 [00:00<00:01, 34.67it/s, loss=0.0009]
  Epoch 27/30:  22%|███████▊                           | 13/58 [00:00<00:01, 34.67it/s, loss=0.0008]
  Epoch 27/30:  22%|███████▊                           | 13/58 [00:00<00:01, 34.67it/s, loss=0.0010]
  Epoch 27/30:  22%|███████▊                           | 13/58 [00:00<00:01, 34.67it/s, loss=0.0016]
  Epoch 27/30:  22%|███████▊                           | 13/58 [00:00<00:01, 34.67it/s, loss=0.0003]
  Epoch 27/30:  29%|██████████▎                        | 17/58 [00:00<00:01, 34.45it/s, loss=0.0003]
  Epoch 27/30:  29%|██████████▎                        | 17/58 [00:00<00:01, 34.45it/s, loss=0.0012]
  Epoch 27/30:  29%|██████████▎                        | 17/58 [00:00<00:01, 34.45it/s, loss=0.0007]
  Epoch 27/30:  29%|██████████▎                        | 17/58 [00:00<00:01, 34.45it/s, loss=0.0006]
  Epoch 27/30:  29%|██████████▎                        | 17/58 [00:00<00:01, 34.45it/s, loss=0.0012]
  Epoch 27/30:  36%|████████████▋                      | 21/58 [00:00<00:01, 34.95it/s, loss=0.0012]
  Epoch 27/30:  36%|████████████▋                      | 21/58 [00:00<00:01, 34.95it/s, loss=0.0003]
  Epoch 27/30:  36%|████████████▋                      | 21/58 [00:00<00:01, 34.95it/s, loss=0.0006]
  Epoch 27/30:  36%|████████████▋                      | 21/58 [00:00<00:01, 34.95it/s, loss=0.0006]
  Epoch 27/30:  36%|████████████▋                      | 21/58 [00:00<00:01, 34.95it/s, loss=0.0007]
  Epoch 27/30:  43%|███████████████                    | 25/58 [00:00<00:00, 34.79it/s, loss=0.0007]
  Epoch 27/30:  43%|███████████████                    | 25/58 [00:00<00:00, 34.79it/s, loss=0.0006]
  Epoch 27/30:  43%|███████████████                    | 25/58 [00:00<00:00, 34.79it/s, loss=0.0004]
  Epoch 27/30:  43%|███████████████                    | 25/58 [00:00<00:00, 34.79it/s, loss=0.0004]
  Epoch 27/30:  43%|███████████████                    | 25/58 [00:00<00:00, 34.79it/s, loss=0.0015]
  Epoch 27/30:  50%|█████████████████▌                 | 29/58 [00:00<00:00, 34.41it/s, loss=0.0015]
  Epoch 27/30:  50%|█████████████████▌                 | 29/58 [00:00<00:00, 34.41it/s, loss=0.0012]
  Epoch 27/30:  50%|█████████████████▌                 | 29/58 [00:00<00:00, 34.41it/s, loss=0.0020]
  Epoch 27/30:  50%|█████████████████▌                 | 29/58 [00:00<00:00, 34.41it/s, loss=0.0013]
  Epoch 27/30:  50%|█████████████████▌                 | 29/58 [00:00<00:00, 34.41it/s, loss=0.0007]
  Epoch 27/30:  57%|███████████████████▉               | 33/58 [00:00<00:00, 32.47it/s, loss=0.0007]
  Epoch 27/30:  57%|███████████████████▉               | 33/58 [00:01<00:00, 32.47it/s, loss=0.0022]
  Epoch 27/30:  57%|███████████████████▉               | 33/58 [00:01<00:00, 32.47it/s, loss=0.0013]
  Epoch 27/30:  57%|███████████████████▉               | 33/58 [00:01<00:00, 32.47it/s, loss=0.0009]
  Epoch 27/30:  57%|███████████████████▉               | 33/58 [00:01<00:00, 32.47it/s, loss=0.0007]
  Epoch 27/30:  64%|██████████████████████▎            | 37/58 [00:01<00:00, 32.50it/s, loss=0.0007]
  Epoch 27/30:  64%|██████████████████████▎            | 37/58 [00:01<00:00, 32.50it/s, loss=0.0004]
  Epoch 27/30:  64%|██████████████████████▎            | 37/58 [00:01<00:00, 32.50it/s, loss=0.0004]
  Epoch 27/30:  64%|██████████████████████▎            | 37/58 [00:01<00:00, 32.50it/s, loss=0.0024]
  Epoch 27/30:  64%|██████████████████████▎            | 37/58 [00:01<00:00, 32.50it/s, loss=0.0029]
  Epoch 27/30:  71%|████████████████████████▋          | 41/58 [00:01<00:00, 32.25it/s, loss=0.0029]
  Epoch 27/30:  71%|████████████████████████▋          | 41/58 [00:01<00:00, 32.25it/s, loss=0.0005]
  Epoch 27/30:  71%|████████████████████████▋          | 41/58 [00:01<00:00, 32.25it/s, loss=0.0003]
  Epoch 27/30:  71%|████████████████████████▋          | 41/58 [00:01<00:00, 32.25it/s, loss=0.0014]
  Epoch 27/30:  71%|████████████████████████▋          | 41/58 [00:01<00:00, 32.25it/s, loss=0.0011]
  Epoch 27/30:  78%|███████████████████████████▏       | 45/58 [00:01<00:00, 32.82it/s, loss=0.0011]
  Epoch 27/30:  78%|███████████████████████████▏       | 45/58 [00:01<00:00, 32.82it/s, loss=0.0017]
  Epoch 27/30:  78%|███████████████████████████▏       | 45/58 [00:01<00:00, 32.82it/s, loss=0.0032]
  Epoch 27/30:  78%|███████████████████████████▏       | 45/58 [00:01<00:00, 32.82it/s, loss=0.0003]
  Epoch 27/30:  78%|███████████████████████████▏       | 45/58 [00:01<00:00, 32.82it/s, loss=0.0007]
  Epoch 27/30:  84%|█████████████████████████████▌     | 49/58 [00:01<00:00, 32.68it/s, loss=0.0007]
  Epoch 27/30:  84%|█████████████████████████████▌     | 49/58 [00:01<00:00, 32.68it/s, loss=0.0021]
  Epoch 27/30:  84%|█████████████████████████████▌     | 49/58 [00:01<00:00, 32.68it/s, loss=0.0009]
  Epoch 27/30:  84%|█████████████████████████████▌     | 49/58 [00:01<00:00, 32.68it/s, loss=0.0014]
  Epoch 27/30:  84%|█████████████████████████████▌     | 49/58 [00:01<00:00, 32.68it/s, loss=0.0018]
  Epoch 27/30:  91%|███████████████████████████████▉   | 53/58 [00:01<00:00, 32.61it/s, loss=0.0018]
  Epoch 27/30:  91%|███████████████████████████████▉   | 53/58 [00:01<00:00, 32.61it/s, loss=0.0009]
  Epoch 27/30:  91%|███████████████████████████████▉   | 53/58 [00:01<00:00, 32.61it/s, loss=0.0030]
  Epoch 27/30:  91%|███████████████████████████████▉   | 53/58 [00:01<00:00, 32.61it/s, loss=0.0027]
  Epoch 27/30:  91%|███████████████████████████████▉   | 53/58 [00:01<00:00, 32.61it/s, loss=0.0017]
  Epoch 27/30:  98%|██████████████████████████████████▍| 57/58 [00:01<00:00, 32.50it/s, loss=0.0017]
  Epoch 27/30:  98%|██████████████████████████████████▍| 57/58 [00:01<00:00, 32.50it/s, loss=0.0002]
                                                                                                    

  Epoch 28/30:   0%|                                                         | 0/58 [00:00<?, ?it/s]
  Epoch 28/30:   0%|                                            | 0/58 [00:00<?, ?it/s, loss=0.0020]
  Epoch 28/30:   0%|                                            | 0/58 [00:00<?, ?it/s, loss=0.0011]
  Epoch 28/30:   0%|                                            | 0/58 [00:00<?, ?it/s, loss=0.0023]
  Epoch 28/30:   0%|                                            | 0/58 [00:00<?, ?it/s, loss=0.0023]
  Epoch 28/30:   7%|██▍                                 | 4/58 [00:00<00:01, 34.23it/s, loss=0.0023]
  Epoch 28/30:   7%|██▍                                 | 4/58 [00:00<00:01, 34.23it/s, loss=0.0005]
  Epoch 28/30:   7%|██▍                                 | 4/58 [00:00<00:01, 34.23it/s, loss=0.0018]
  Epoch 28/30:   7%|██▍                                 | 4/58 [00:00<00:01, 34.23it/s, loss=0.0009]
  Epoch 28/30:   7%|██▍                                 | 4/58 [00:00<00:01, 34.23it/s, loss=0.0011]
  Epoch 28/30:  14%|████▉                               | 8/58 [00:00<00:01, 33.46it/s, loss=0.0011]
  Epoch 28/30:  14%|████▉                               | 8/58 [00:00<00:01, 33.46it/s, loss=0.0009]
  Epoch 28/30:  14%|████▉                               | 8/58 [00:00<00:01, 33.46it/s, loss=0.0014]
  Epoch 28/30:  14%|████▉                               | 8/58 [00:00<00:01, 33.46it/s, loss=0.0014]
  Epoch 28/30:  14%|████▉                               | 8/58 [00:00<00:01, 33.46it/s, loss=0.0017]
  Epoch 28/30:  21%|███████▏                           | 12/58 [00:00<00:01, 34.91it/s, loss=0.0017]
  Epoch 28/30:  21%|███████▏                           | 12/58 [00:00<00:01, 34.91it/s, loss=0.0011]
  Epoch 28/30:  21%|███████▏                           | 12/58 [00:00<00:01, 34.91it/s, loss=0.0008]
  Epoch 28/30:  21%|███████▏                           | 12/58 [00:00<00:01, 34.91it/s, loss=0.0009]
  Epoch 28/30:  21%|███████▏                           | 12/58 [00:00<00:01, 34.91it/s, loss=0.0012]
  Epoch 28/30:  28%|█████████▋                         | 16/58 [00:00<00:01, 33.33it/s, loss=0.0012]
  Epoch 28/30:  28%|█████████▋                         | 16/58 [00:00<00:01, 33.33it/s, loss=0.0009]
  Epoch 28/30:  28%|█████████▋                         | 16/58 [00:00<00:01, 33.33it/s, loss=0.0010]
  Epoch 28/30:  28%|█████████▋                         | 16/58 [00:00<00:01, 33.33it/s, loss=0.0008]
  Epoch 28/30:  28%|█████████▋                         | 16/58 [00:00<00:01, 33.33it/s, loss=0.0010]
  Epoch 28/30:  34%|████████████                       | 20/58 [00:00<00:01, 33.78it/s, loss=0.0010]
  Epoch 28/30:  34%|████████████                       | 20/58 [00:00<00:01, 33.78it/s, loss=0.0016]
  Epoch 28/30:  34%|████████████                       | 20/58 [00:00<00:01, 33.78it/s, loss=0.0011]
  Epoch 28/30:  34%|████████████                       | 20/58 [00:00<00:01, 33.78it/s, loss=0.0015]
  Epoch 28/30:  34%|████████████                       | 20/58 [00:00<00:01, 33.78it/s, loss=0.0012]
  Epoch 28/30:  41%|██████████████▍                    | 24/58 [00:00<00:00, 34.55it/s, loss=0.0012]
  Epoch 28/30:  41%|██████████████▍                    | 24/58 [00:00<00:00, 34.55it/s, loss=0.0013]
  Epoch 28/30:  41%|██████████████▍                    | 24/58 [00:00<00:00, 34.55it/s, loss=0.0008]
  Epoch 28/30:  41%|██████████████▍                    | 24/58 [00:00<00:00, 34.55it/s, loss=0.0022]
  Epoch 28/30:  41%|██████████████▍                    | 24/58 [00:00<00:00, 34.55it/s, loss=0.0027]
  Epoch 28/30:  48%|████████████████▉                  | 28/58 [00:00<00:00, 34.05it/s, loss=0.0027]
  Epoch 28/30:  48%|████████████████▉                  | 28/58 [00:00<00:00, 34.05it/s, loss=0.0006]
  Epoch 28/30:  48%|████████████████▉                  | 28/58 [00:00<00:00, 34.05it/s, loss=0.0021]
  Epoch 28/30:  48%|████████████████▉                  | 28/58 [00:00<00:00, 34.05it/s, loss=0.0013]
  Epoch 28/30:  48%|████████████████▉                  | 28/58 [00:00<00:00, 34.05it/s, loss=0.0018]
  Epoch 28/30:  55%|███████████████████▎               | 32/58 [00:00<00:00, 33.61it/s, loss=0.0018]
  Epoch 28/30:  55%|███████████████████▎               | 32/58 [00:00<00:00, 33.61it/s, loss=0.0008]
  Epoch 28/30:  55%|███████████████████▎               | 32/58 [00:01<00:00, 33.61it/s, loss=0.0017]
  Epoch 28/30:  55%|███████████████████▎               | 32/58 [00:01<00:00, 33.61it/s, loss=0.0020]
  Epoch 28/30:  55%|███████████████████▎               | 32/58 [00:01<00:00, 33.61it/s, loss=0.0009]
  Epoch 28/30:  62%|█████████████████████▋             | 36/58 [00:01<00:00, 33.01it/s, loss=0.0009]
  Epoch 28/30:  62%|█████████████████████▋             | 36/58 [00:01<00:00, 33.01it/s, loss=0.0016]
  Epoch 28/30:  62%|█████████████████████▋             | 36/58 [00:01<00:00, 33.01it/s, loss=0.0017]
  Epoch 28/30:  62%|█████████████████████▋             | 36/58 [00:01<00:00, 33.01it/s, loss=0.0005]
  Epoch 28/30:  62%|█████████████████████▋             | 36/58 [00:01<00:00, 33.01it/s, loss=0.0015]
  Epoch 28/30:  69%|████████████████████████▏          | 40/58 [00:01<00:00, 33.55it/s, loss=0.0015]
  Epoch 28/30:  69%|████████████████████████▏          | 40/58 [00:01<00:00, 33.55it/s, loss=0.0003]
  Epoch 28/30:  69%|████████████████████████▏          | 40/58 [00:01<00:00, 33.55it/s, loss=0.0004]
  Epoch 28/30:  69%|████████████████████████▏          | 40/58 [00:01<00:00, 33.55it/s, loss=0.0004]
  Epoch 28/30:  69%|████████████████████████▏          | 40/58 [00:01<00:00, 33.55it/s, loss=0.0004]
  Epoch 28/30:  76%|██████████████████████████▌        | 44/58 [00:01<00:00, 34.15it/s, loss=0.0004]
  Epoch 28/30:  76%|██████████████████████████▌        | 44/58 [00:01<00:00, 34.15it/s, loss=0.0008]
  Epoch 28/30:  76%|██████████████████████████▌        | 44/58 [00:01<00:00, 34.15it/s, loss=0.0011]
  Epoch 28/30:  76%|██████████████████████████▌        | 44/58 [00:01<00:00, 34.15it/s, loss=0.0008]
  Epoch 28/30:  76%|██████████████████████████▌        | 44/58 [00:01<00:00, 34.15it/s, loss=0.0004]
  Epoch 28/30:  83%|████████████████████████████▉      | 48/58 [00:01<00:00, 34.21it/s, loss=0.0004]
  Epoch 28/30:  83%|████████████████████████████▉      | 48/58 [00:01<00:00, 34.21it/s, loss=0.0011]
  Epoch 28/30:  83%|████████████████████████████▉      | 48/58 [00:01<00:00, 34.21it/s, loss=0.0014]
  Epoch 28/30:  83%|████████████████████████████▉      | 48/58 [00:01<00:00, 34.21it/s, loss=0.0006]
  Epoch 28/30:  83%|████████████████████████████▉      | 48/58 [00:01<00:00, 34.21it/s, loss=0.0005]
  Epoch 28/30:  90%|███████████████████████████████▍   | 52/58 [00:01<00:00, 34.07it/s, loss=0.0005]
  Epoch 28/30:  90%|███████████████████████████████▍   | 52/58 [00:01<00:00, 34.07it/s, loss=0.0014]
  Epoch 28/30:  90%|███████████████████████████████▍   | 52/58 [00:01<00:00, 34.07it/s, loss=0.0010]
  Epoch 28/30:  90%|███████████████████████████████▍   | 52/58 [00:01<00:00, 34.07it/s, loss=0.0015]
  Epoch 28/30:  90%|███████████████████████████████▍   | 52/58 [00:01<00:00, 34.07it/s, loss=0.0021]
  Epoch 28/30:  97%|█████████████████████████████████▊ | 56/58 [00:01<00:00, 34.98it/s, loss=0.0021]
  Epoch 28/30:  97%|█████████████████████████████████▊ | 56/58 [00:01<00:00, 34.98it/s, loss=0.0005]
  Epoch 28/30:  97%|█████████████████████████████████▊ | 56/58 [00:01<00:00, 34.98it/s, loss=0.0001]
                                                                                                    

  Epoch 29/30:   0%|                                                         | 0/58 [00:00<?, ?it/s]
  Epoch 29/30:   0%|                                            | 0/58 [00:00<?, ?it/s, loss=0.0005]
  Epoch 29/30:   0%|                                            | 0/58 [00:00<?, ?it/s, loss=0.0010]
  Epoch 29/30:   0%|                                            | 0/58 [00:00<?, ?it/s, loss=0.0010]
  Epoch 29/30:   0%|                                            | 0/58 [00:00<?, ?it/s, loss=0.0004]
  Epoch 29/30:   7%|██▍                                 | 4/58 [00:00<00:01, 36.72it/s, loss=0.0004]
  Epoch 29/30:   7%|██▍                                 | 4/58 [00:00<00:01, 36.72it/s, loss=0.0004]
  Epoch 29/30:   7%|██▍                                 | 4/58 [00:00<00:01, 36.72it/s, loss=0.0013]
  Epoch 29/30:   7%|██▍                                 | 4/58 [00:00<00:01, 36.72it/s, loss=0.0007]
  Epoch 29/30:   7%|██▍                                 | 4/58 [00:00<00:01, 36.72it/s, loss=0.0018]
  Epoch 29/30:  14%|████▉                               | 8/58 [00:00<00:01, 35.20it/s, loss=0.0018]
  Epoch 29/30:  14%|████▉                               | 8/58 [00:00<00:01, 35.20it/s, loss=0.0028]
  Epoch 29/30:  14%|████▉                               | 8/58 [00:00<00:01, 35.20it/s, loss=0.0017]
  Epoch 29/30:  14%|████▉                               | 8/58 [00:00<00:01, 35.20it/s, loss=0.0014]
  Epoch 29/30:  14%|████▉                               | 8/58 [00:00<00:01, 35.20it/s, loss=0.0015]
  Epoch 29/30:  21%|███████▏                           | 12/58 [00:00<00:01, 32.74it/s, loss=0.0015]
  Epoch 29/30:  21%|███████▏                           | 12/58 [00:00<00:01, 32.74it/s, loss=0.0012]
  Epoch 29/30:  21%|███████▏                           | 12/58 [00:00<00:01, 32.74it/s, loss=0.0011]
  Epoch 29/30:  21%|███████▏                           | 12/58 [00:00<00:01, 32.74it/s, loss=0.0022]
  Epoch 29/30:  21%|███████▏                           | 12/58 [00:00<00:01, 32.74it/s, loss=0.0014]
  Epoch 29/30:  28%|█████████▋                         | 16/58 [00:00<00:01, 32.87it/s, loss=0.0014]
  Epoch 29/30:  28%|█████████▋                         | 16/58 [00:00<00:01, 32.87it/s, loss=0.0007]
  Epoch 29/30:  28%|█████████▋                         | 16/58 [00:00<00:01, 32.87it/s, loss=0.0006]
  Epoch 29/30:  28%|█████████▋                         | 16/58 [00:00<00:01, 32.87it/s, loss=0.0019]
  Epoch 29/30:  28%|█████████▋                         | 16/58 [00:00<00:01, 32.87it/s, loss=0.0006]
  Epoch 29/30:  34%|████████████                       | 20/58 [00:00<00:01, 33.99it/s, loss=0.0006]
  Epoch 29/30:  34%|████████████                       | 20/58 [00:00<00:01, 33.99it/s, loss=0.0023]
  Epoch 29/30:  34%|████████████                       | 20/58 [00:00<00:01, 33.99it/s, loss=0.0010]
  Epoch 29/30:  34%|████████████                       | 20/58 [00:00<00:01, 33.99it/s, loss=0.0025]
  Epoch 29/30:  34%|████████████                       | 20/58 [00:00<00:01, 33.99it/s, loss=0.0004]
  Epoch 29/30:  41%|██████████████▍                    | 24/58 [00:00<00:01, 33.35it/s, loss=0.0004]
  Epoch 29/30:  41%|██████████████▍                    | 24/58 [00:00<00:01, 33.35it/s, loss=0.0020]
  Epoch 29/30:  41%|██████████████▍                    | 24/58 [00:00<00:01, 33.35it/s, loss=0.0018]
  Epoch 29/30:  41%|██████████████▍                    | 24/58 [00:00<00:01, 33.35it/s, loss=0.0005]
  Epoch 29/30:  41%|██████████████▍                    | 24/58 [00:00<00:01, 33.35it/s, loss=0.0014]
  Epoch 29/30:  48%|████████████████▉                  | 28/58 [00:00<00:00, 33.52it/s, loss=0.0014]
  Epoch 29/30:  48%|████████████████▉                  | 28/58 [00:00<00:00, 33.52it/s, loss=0.0004]
  Epoch 29/30:  48%|████████████████▉                  | 28/58 [00:00<00:00, 33.52it/s, loss=0.0011]
  Epoch 29/30:  48%|████████████████▉                  | 28/58 [00:00<00:00, 33.52it/s, loss=0.0039]
  Epoch 29/30:  48%|████████████████▉                  | 28/58 [00:00<00:00, 33.52it/s, loss=0.0010]
  Epoch 29/30:  48%|████████████████▉                  | 28/58 [00:00<00:00, 33.52it/s, loss=0.0007]
  Epoch 29/30:  57%|███████████████████▉               | 33/58 [00:00<00:00, 35.31it/s, loss=0.0007]
  Epoch 29/30:  57%|███████████████████▉               | 33/58 [00:00<00:00, 35.31it/s, loss=0.0003]
  Epoch 29/30:  57%|███████████████████▉               | 33/58 [00:01<00:00, 35.31it/s, loss=0.0007]
  Epoch 29/30:  57%|███████████████████▉               | 33/58 [00:01<00:00, 35.31it/s, loss=0.0013]
  Epoch 29/30:  57%|███████████████████▉               | 33/58 [00:01<00:00, 35.31it/s, loss=0.0040]
  Epoch 29/30:  64%|██████████████████████▎            | 37/58 [00:01<00:00, 35.54it/s, loss=0.0040]
  Epoch 29/30:  64%|██████████████████████▎            | 37/58 [00:01<00:00, 35.54it/s, loss=0.0017]
  Epoch 29/30:  64%|██████████████████████▎            | 37/58 [00:01<00:00, 35.54it/s, loss=0.0013]
  Epoch 29/30:  64%|██████████████████████▎            | 37/58 [00:01<00:00, 35.54it/s, loss=0.0004]
  Epoch 29/30:  64%|██████████████████████▎            | 37/58 [00:01<00:00, 35.54it/s, loss=0.0016]
  Epoch 29/30:  71%|████████████████████████▋          | 41/58 [00:01<00:00, 34.83it/s, loss=0.0016]
  Epoch 29/30:  71%|████████████████████████▋          | 41/58 [00:01<00:00, 34.83it/s, loss=0.0011]
  Epoch 29/30:  71%|████████████████████████▋          | 41/58 [00:01<00:00, 34.83it/s, loss=0.0017]
  Epoch 29/30:  71%|████████████████████████▋          | 41/58 [00:01<00:00, 34.83it/s, loss=0.0010]
  Epoch 29/30:  71%|████████████████████████▋          | 41/58 [00:01<00:00, 34.83it/s, loss=0.0010]
  Epoch 29/30:  78%|███████████████████████████▏       | 45/58 [00:01<00:00, 33.97it/s, loss=0.0010]
  Epoch 29/30:  78%|███████████████████████████▏       | 45/58 [00:01<00:00, 33.97it/s, loss=0.0009]
  Epoch 29/30:  78%|███████████████████████████▏       | 45/58 [00:01<00:00, 33.97it/s, loss=0.0020]
  Epoch 29/30:  78%|███████████████████████████▏       | 45/58 [00:01<00:00, 33.97it/s, loss=0.0011]
  Epoch 29/30:  78%|███████████████████████████▏       | 45/58 [00:01<00:00, 33.97it/s, loss=0.0005]
  Epoch 29/30:  84%|█████████████████████████████▌     | 49/58 [00:01<00:00, 34.95it/s, loss=0.0005]
  Epoch 29/30:  84%|█████████████████████████████▌     | 49/58 [00:01<00:00, 34.95it/s, loss=0.0014]
  Epoch 29/30:  84%|█████████████████████████████▌     | 49/58 [00:01<00:00, 34.95it/s, loss=0.0006]
  Epoch 29/30:  84%|█████████████████████████████▌     | 49/58 [00:01<00:00, 34.95it/s, loss=0.0006]
  Epoch 29/30:  84%|█████████████████████████████▌     | 49/58 [00:01<00:00, 34.95it/s, loss=0.0003]
  Epoch 29/30:  91%|███████████████████████████████▉   | 53/58 [00:01<00:00, 34.83it/s, loss=0.0003]
  Epoch 29/30:  91%|███████████████████████████████▉   | 53/58 [00:01<00:00, 34.83it/s, loss=0.0009]
  Epoch 29/30:  91%|███████████████████████████████▉   | 53/58 [00:01<00:00, 34.83it/s, loss=0.0004]
  Epoch 29/30:  91%|███████████████████████████████▉   | 53/58 [00:01<00:00, 34.83it/s, loss=0.0010]
  Epoch 29/30:  91%|███████████████████████████████▉   | 53/58 [00:01<00:00, 34.83it/s, loss=0.0005]
  Epoch 29/30:  98%|██████████████████████████████████▍| 57/58 [00:01<00:00, 34.34it/s, loss=0.0005]
  Epoch 29/30:  98%|██████████████████████████████████▍| 57/58 [00:01<00:00, 34.34it/s, loss=0.0004]
                                                                                                    

  Epoch 30/30:   0%|                                                         | 0/58 [00:00<?, ?it/s]
  Epoch 30/30:   0%|                                            | 0/58 [00:00<?, ?it/s, loss=0.0006]
  Epoch 30/30:   0%|                                            | 0/58 [00:00<?, ?it/s, loss=0.0008]
  Epoch 30/30:   0%|                                            | 0/58 [00:00<?, ?it/s, loss=0.0005]
  Epoch 30/30:   0%|                                            | 0/58 [00:00<?, ?it/s, loss=0.0014]
  Epoch 30/30:   7%|██▍                                 | 4/58 [00:00<00:01, 33.31it/s, loss=0.0014]
  Epoch 30/30:   7%|██▍                                 | 4/58 [00:00<00:01, 33.31it/s, loss=0.0009]
  Epoch 30/30:   7%|██▍                                 | 4/58 [00:00<00:01, 33.31it/s, loss=0.0008]
  Epoch 30/30:   7%|██▍                                 | 4/58 [00:00<00:01, 33.31it/s, loss=0.0019]
  Epoch 30/30:   7%|██▍                                 | 4/58 [00:00<00:01, 33.31it/s, loss=0.0006]
  Epoch 30/30:  14%|████▉                               | 8/58 [00:00<00:01, 34.13it/s, loss=0.0006]
  Epoch 30/30:  14%|████▉                               | 8/58 [00:00<00:01, 34.13it/s, loss=0.0038]
  Epoch 30/30:  14%|████▉                               | 8/58 [00:00<00:01, 34.13it/s, loss=0.0006]
  Epoch 30/30:  14%|████▉                               | 8/58 [00:00<00:01, 34.13it/s, loss=0.0023]
  Epoch 30/30:  14%|████▉                               | 8/58 [00:00<00:01, 34.13it/s, loss=0.0012]
  Epoch 30/30:  21%|███████▏                           | 12/58 [00:00<00:01, 34.43it/s, loss=0.0012]
  Epoch 30/30:  21%|███████▏                           | 12/58 [00:00<00:01, 34.43it/s, loss=0.0020]
  Epoch 30/30:  21%|███████▏                           | 12/58 [00:00<00:01, 34.43it/s, loss=0.0004]
  Epoch 30/30:  21%|███████▏                           | 12/58 [00:00<00:01, 34.43it/s, loss=0.0018]
  Epoch 30/30:  21%|███████▏                           | 12/58 [00:00<00:01, 34.43it/s, loss=0.0003]
  Epoch 30/30:  28%|█████████▋                         | 16/58 [00:00<00:01, 33.94it/s, loss=0.0003]
  Epoch 30/30:  28%|█████████▋                         | 16/58 [00:00<00:01, 33.94it/s, loss=0.0007]
  Epoch 30/30:  28%|█████████▋                         | 16/58 [00:00<00:01, 33.94it/s, loss=0.0015]
  Epoch 30/30:  28%|█████████▋                         | 16/58 [00:00<00:01, 33.94it/s, loss=0.0020]
  Epoch 30/30:  28%|█████████▋                         | 16/58 [00:00<00:01, 33.94it/s, loss=0.0007]
  Epoch 30/30:  34%|████████████                       | 20/58 [00:00<00:01, 33.39it/s, loss=0.0007]
  Epoch 30/30:  34%|████████████                       | 20/58 [00:00<00:01, 33.39it/s, loss=0.0013]
  Epoch 30/30:  34%|████████████                       | 20/58 [00:00<00:01, 33.39it/s, loss=0.0018]
  Epoch 30/30:  34%|████████████                       | 20/58 [00:00<00:01, 33.39it/s, loss=0.0019]
  Epoch 30/30:  34%|████████████                       | 20/58 [00:00<00:01, 33.39it/s, loss=0.0006]
  Epoch 30/30:  41%|██████████████▍                    | 24/58 [00:00<00:01, 31.93it/s, loss=0.0006]
  Epoch 30/30:  41%|██████████████▍                    | 24/58 [00:00<00:01, 31.93it/s, loss=0.0013]
  Epoch 30/30:  41%|██████████████▍                    | 24/58 [00:00<00:01, 31.93it/s, loss=0.0011]
  Epoch 30/30:  41%|██████████████▍                    | 24/58 [00:00<00:01, 31.93it/s, loss=0.0015]
  Epoch 30/30:  41%|██████████████▍                    | 24/58 [00:00<00:01, 31.93it/s, loss=0.0018]
  Epoch 30/30:  48%|████████████████▉                  | 28/58 [00:00<00:00, 31.65it/s, loss=0.0018]
  Epoch 30/30:  48%|████████████████▉                  | 28/58 [00:00<00:00, 31.65it/s, loss=0.0003]
  Epoch 30/30:  48%|████████████████▉                  | 28/58 [00:00<00:00, 31.65it/s, loss=0.0017]
  Epoch 30/30:  48%|████████████████▉                  | 28/58 [00:00<00:00, 31.65it/s, loss=0.0014]
  Epoch 30/30:  48%|████████████████▉                  | 28/58 [00:00<00:00, 31.65it/s, loss=0.0023]
  Epoch 30/30:  55%|███████████████████▎               | 32/58 [00:00<00:00, 32.59it/s, loss=0.0023]
  Epoch 30/30:  55%|███████████████████▎               | 32/58 [00:01<00:00, 32.59it/s, loss=0.0007]
  Epoch 30/30:  55%|███████████████████▎               | 32/58 [00:01<00:00, 32.59it/s, loss=0.0003]
  Epoch 30/30:  55%|███████████████████▎               | 32/58 [00:01<00:00, 32.59it/s, loss=0.0011]
  Epoch 30/30:  55%|███████████████████▎               | 32/58 [00:01<00:00, 32.59it/s, loss=0.0005]
  Epoch 30/30:  62%|█████████████████████▋             | 36/58 [00:01<00:00, 33.49it/s, loss=0.0005]
  Epoch 30/30:  62%|█████████████████████▋             | 36/58 [00:01<00:00, 33.49it/s, loss=0.0013]
  Epoch 30/30:  62%|█████████████████████▋             | 36/58 [00:01<00:00, 33.49it/s, loss=0.0015]
  Epoch 30/30:  62%|█████████████████████▋             | 36/58 [00:01<00:00, 33.49it/s, loss=0.0017]
  Epoch 30/30:  62%|█████████████████████▋             | 36/58 [00:01<00:00, 33.49it/s, loss=0.0004]
  Epoch 30/30:  69%|████████████████████████▏          | 40/58 [00:01<00:00, 33.69it/s, loss=0.0004]
  Epoch 30/30:  69%|████████████████████████▏          | 40/58 [00:01<00:00, 33.69it/s, loss=0.0007]
  Epoch 30/30:  69%|████████████████████████▏          | 40/58 [00:01<00:00, 33.69it/s, loss=0.0005]
  Epoch 30/30:  69%|████████████████████████▏          | 40/58 [00:01<00:00, 33.69it/s, loss=0.0013]
  Epoch 30/30:  69%|████████████████████████▏          | 40/58 [00:01<00:00, 33.69it/s, loss=0.0010]
  Epoch 30/30:  76%|██████████████████████████▌        | 44/58 [00:01<00:00, 33.65it/s, loss=0.0010]
  Epoch 30/30:  76%|██████████████████████████▌        | 44/58 [00:01<00:00, 33.65it/s, loss=0.0021]
  Epoch 30/30:  76%|██████████████████████████▌        | 44/58 [00:01<00:00, 33.65it/s, loss=0.0022]
  Epoch 30/30:  76%|██████████████████████████▌        | 44/58 [00:01<00:00, 33.65it/s, loss=0.0012]
  Epoch 30/30:  76%|██████████████████████████▌        | 44/58 [00:01<00:00, 33.65it/s, loss=0.0008]
  Epoch 30/30:  83%|████████████████████████████▉      | 48/58 [00:01<00:00, 34.56it/s, loss=0.0008]
  Epoch 30/30:  83%|████████████████████████████▉      | 48/58 [00:01<00:00, 34.56it/s, loss=0.0014]
  Epoch 30/30:  83%|████████████████████████████▉      | 48/58 [00:01<00:00, 34.56it/s, loss=0.0011]
  Epoch 30/30:  83%|████████████████████████████▉      | 48/58 [00:01<00:00, 34.56it/s, loss=0.0008]
  Epoch 30/30:  83%|████████████████████████████▉      | 48/58 [00:01<00:00, 34.56it/s, loss=0.0007]
  Epoch 30/30:  90%|███████████████████████████████▍   | 52/58 [00:01<00:00, 34.84it/s, loss=0.0007]
  Epoch 30/30:  90%|███████████████████████████████▍   | 52/58 [00:01<00:00, 34.84it/s, loss=0.0005]
  Epoch 30/30:  90%|███████████████████████████████▍   | 52/58 [00:01<00:00, 34.84it/s, loss=0.0002]
  Epoch 30/30:  90%|███████████████████████████████▍   | 52/58 [00:01<00:00, 34.84it/s, loss=0.0022]
  Epoch 30/30:  90%|███████████████████████████████▍   | 52/58 [00:01<00:00, 34.84it/s, loss=0.0014]
  Epoch 30/30:  97%|█████████████████████████████████▊ | 56/58 [00:01<00:00, 36.13it/s, loss=0.0014]
  Epoch 30/30:  97%|█████████████████████████████████▊ | 56/58 [00:01<00:00, 36.13it/s, loss=0.0013]
  Epoch 30/30:  97%|█████████████████████████████████▊ | 56/58 [00:01<00:00, 36.13it/s, loss=0.0070]
                                                                                                    
  Epoch 30/30 │ Loss: 0.0013 │ T+1: 0.5310 │ T+2: 0.3443 │ T+3: 0.3101 ★ NEW BEST

  → Loading best model checkpoint
    Best T+1 NSE: 0.5310

  → Saving model
    Model saved: E:\SRIP 2025\Streamflow and Water-level Prediction\Final Stuff\srip-transformer\runs\baseline_20260304_203638\model.pt

============================================================
  STEP 7: EVALUATING MODEL
============================================================

  → Evaluating on Test Set 1961-1970

  Testing 1961-1970:   0%|                                                   | 0/15 [00:00<?, ?it/s]
  Testing 1961-1970:  67%|████████████████████████████              | 10/15 [00:00<00:00, 87.87it/s]
                                                                                                    

    Results (1961-1970):
    Horizon       NSE       R²      PBIAS │      P90      P95 │    Peak%
    ----------------------------------------------------------------------
    T1         0.7638   0.7638    -11.77% │   0.5330   0.4602 │    65.3%
    T2         0.5734   0.5734    -17.13% │   0.1659  -0.0741 │    79.2%
    T3         0.4399   0.4399     -8.81% │  -0.0801  -0.4189 │    84.7%

  → Evaluating on Test Set 2011-2020

  Testing 2011-2020:   0%|                                                   | 0/15 [00:00<?, ?it/s]
  Testing 2011-2020:  67%|████████████████████████████              | 10/15 [00:00<00:00, 87.81it/s]
                                                                                                    

    Results (2011-2020):
    Horizon       NSE       R²      PBIAS │      P90      P95 │    Peak%
    ----------------------------------------------------------------------
    T1         0.1159   0.1159    -71.35% │  -0.5012  -0.3501 │    85.1%
    T2         0.2144   0.2144    -81.54% │  -0.1164  -0.1307 │    95.5%
    T3         0.2751   0.2751    -57.54% │  -0.0345  -0.1651 │    93.3%

============================================================
  STEP 8: SAVING RESULTS
============================================================

  → Saving results.json

  → Saving train_history.json

  → Computing feature saliency (gradient × input)
    Features: ['rainfall', 'tmax', 'tmin', 'waterlevel_upstream', 'streamflow_upstream', 'waterlevel_final', 'streamflow_final']
Traceback (most recent call last):
  File "E:\SRIP 2025\Streamflow and Water-level Prediction\Final Stuff\srip-transformer\src\train.py", line 895, in <module>
    main()
  File "E:\SRIP 2025\Streamflow and Water-level Prediction\Final Stuff\srip-transformer\src\train.py", line 850, in main
    saliency_results = compute_feature_saliency(
                       ^^^^^^^^^^^^^^^^^^^^^^^^^
  File "E:\SRIP 2025\Streamflow and Water-level Prediction\Final Stuff\srip-transformer\src\train.py", line 398, in compute_feature_saliency
    predictions[horizon].sum().backward(retain_graph=True)
  File "C:\Users\HP\AppData\Local\Programs\Python\Python312\Lib\site-packages\torch\_tensor.py", line 630, in backward
    torch.autograd.backward(
  File "C:\Users\HP\AppData\Local\Programs\Python\Python312\Lib\site-packages\torch\autograd\__init__.py", line 364, in backward
    _engine_run_backward(
  File "C:\Users\HP\AppData\Local\Programs\Python\Python312\Lib\site-packages\torch\autograd\graph.py", line 865, in _engine_run_backward
    return Variable._execution_engine.run_backward(  # Calls into the C++ engine to run the backward pass
           ^^^^^^^^^^^^^^^^^^^^^^^^^^^^^^^^^^^^^^^^^^^^^^^^^^^^^^^^^^^^^^^^^^^^^^^^^^^^^^^^^^^^^^^^^^^^^^
RuntimeError: cudnn RNN backward can only be called in training mode
