
============================================================
  SeqLSTM TRAINING PIPELINE
  Modular Ablation Framework
============================================================

============================================================
  STEP 1: LOADING CONFIGURATION
============================================================
  Config file: E:\SRIP 2025\Streamflow and Water-level Prediction\Final Stuff\srip-transformer\src\configs\seq.yaml
  Config name: seq

  Configuration:
    • Sequential:    ✓ ON  (3 LSTM blocks)
    • Bidirectional: ✗ OFF
    • Attention:     ✗ OFF
    • Rating Curve:  ✗ OFF
    • Hierarchical:  ✗ OFF

  LSTM Settings:
    • Hidden dim:    64
    • Num layers:    1
    • Dropout:       0.1

  Hard Constraints (enforced globally):
    • Lookback:      7 days
    • Batch size:    256
    • Learning rate: 0.001
    • Epochs:        30
    • Optimizer:     Adam
    • Loss:          MSE
    • Random seed:   74

  → Setting random seed: 74

  → Using device: cuda
    GPU: NVIDIA GeForce RTX 3050 4GB Laptop GPU

============================================================
  STEP 2: LOADING AND PREPARING DATA
============================================================

  → Loading station data: E:\SRIP 2025\Streamflow and Water-level Prediction\Final Stuff\srip-transformer\hierarchial\new_Barmanghat_with_hierarchical_quantiles.csv
    Raw data shape: (22279, 23)
    Date range: 1961-01-02 to 2021-12-31

  → Detected pre-computed hierarchical features in CSV
    • hierarchical_feature_quantile_0.1
    • hierarchical_feature_quantile_0.5
    • hierarchical_feature_quantile_0.9
    • hierarchical_feature_quantile_0.95
    ✗ Will be EXCLUDED (use_hierarchical=False)

  → Determining feature set
    Using auto-detected features
    Total features: 7
       1. rainfall
       2. tmax
       3. tmin
       4. waterlevel_upstream
       5. streamflow_upstream
       6. waterlevel_final
       7. streamflow_final
    Target: streamflow_final

  → Loading processed data
    Station: Barmanghat
    Processed shape: (22279, 23)

  → Splitting data by year
    Train (1971-2010):        14,610 samples
    Test (1961-1970):         3,651 samples
    Test (2011-2020):         3,653 samples

  → Scaling features (MinMaxScaler)
    Scaler fitted on 7 features

  → Creating PyTorch datasets
    Lookback window: 7 days (t-7 to t-1)
    Train dataset:   14,600 sequences
    Test 61-70:      3,641 sequences
    Test 11-20:      3,643 sequences

  → Creating DataLoaders
    Batch size: 256
    Train batches: 58

============================================================
  STEP 3: SETTING UP OUTPUT DIRECTORY
============================================================
  Run directory: E:\SRIP 2025\Streamflow and Water-level Prediction\Final Stuff\srip-transformer\runs\seq_20260304_203831

============================================================
  STEP 4: RATING CURVE (SKIPPED)
============================================================
  Fitter disabled in config

============================================================
  STEP 5: CREATING MODEL
============================================================

  → Initializing SeqLSTMModel
    Input dimension: 7
    Model variant:   Sequential

  → Counting parameters & FLOPs
    Total parameters: 62,417
      • lstm_block1: 18,688
      • lstm_block2: 18,688
      • lstm_block3: 18,688
      • projection: 14
      • heads: 6,339
    FLOPs (per forward pass): 763.392K  [manual estimate]

============================================================
  STEP 6: TRAINING MODEL
============================================================

  → Setting up optimizer and loss function
    Optimizer: Adam (lr=0.001)
    Loss: MSELoss

  → Starting training loop (30 epochs)
    Progress will be shown every 5 epochs


  Epoch  1/30:   0%|                                                         | 0/58 [00:00<?, ?it/s]
  Epoch  1/30:   0%|                                            | 0/58 [00:00<?, ?it/s, loss=0.0146]
  Epoch  1/30:   2%|▌                                   | 1/58 [00:00<00:19,  2.93it/s, loss=0.0146]
  Epoch  1/30:   2%|▌                                   | 1/58 [00:00<00:19,  2.93it/s, loss=0.0127]
  Epoch  1/30:   2%|▌                                   | 1/58 [00:00<00:19,  2.93it/s, loss=0.0090]
  Epoch  1/30:   2%|▌                                   | 1/58 [00:00<00:19,  2.93it/s, loss=0.0079]
  Epoch  1/30:   2%|▌                                   | 1/58 [00:00<00:19,  2.93it/s, loss=0.0048]
  Epoch  1/30:   2%|▌                                   | 1/58 [00:00<00:19,  2.93it/s, loss=0.0042]
  Epoch  1/30:  10%|███▋                                | 6/58 [00:00<00:03, 15.52it/s, loss=0.0042]
  Epoch  1/30:  10%|███▋                                | 6/58 [00:00<00:03, 15.52it/s, loss=0.0025]
  Epoch  1/30:  10%|███▋                                | 6/58 [00:00<00:03, 15.52it/s, loss=0.0032]
  Epoch  1/30:  10%|███▋                                | 6/58 [00:00<00:03, 15.52it/s, loss=0.0021]
  Epoch  1/30:  10%|███▋                                | 6/58 [00:00<00:03, 15.52it/s, loss=0.0021]
  Epoch  1/30:  10%|███▋                                | 6/58 [00:00<00:03, 15.52it/s, loss=0.0031]
  Epoch  1/30:  19%|██████▋                            | 11/58 [00:00<00:01, 24.58it/s, loss=0.0031]
  Epoch  1/30:  19%|██████▋                            | 11/58 [00:00<00:01, 24.58it/s, loss=0.0021]
  Epoch  1/30:  19%|██████▋                            | 11/58 [00:00<00:01, 24.58it/s, loss=0.0039]
  Epoch  1/30:  19%|██████▋                            | 11/58 [00:00<00:01, 24.58it/s, loss=0.0044]
  Epoch  1/30:  19%|██████▋                            | 11/58 [00:00<00:01, 24.58it/s, loss=0.0016]
  Epoch  1/30:  26%|█████████                          | 15/58 [00:00<00:01, 27.79it/s, loss=0.0016]
  Epoch  1/30:  26%|█████████                          | 15/58 [00:00<00:01, 27.79it/s, loss=0.0029]
  Epoch  1/30:  26%|█████████                          | 15/58 [00:00<00:01, 27.79it/s, loss=0.0027]
  Epoch  1/30:  26%|█████████                          | 15/58 [00:00<00:01, 27.79it/s, loss=0.0015]
  Epoch  1/30:  26%|█████████                          | 15/58 [00:00<00:01, 27.79it/s, loss=0.0032]
  Epoch  1/30:  33%|███████████▍                       | 19/58 [00:00<00:01, 28.62it/s, loss=0.0032]
  Epoch  1/30:  33%|███████████▍                       | 19/58 [00:00<00:01, 28.62it/s, loss=0.0020]
  Epoch  1/30:  33%|███████████▍                       | 19/58 [00:00<00:01, 28.62it/s, loss=0.0015]
  Epoch  1/30:  33%|███████████▍                       | 19/58 [00:00<00:01, 28.62it/s, loss=0.0018]
  Epoch  1/30:  33%|███████████▍                       | 19/58 [00:00<00:01, 28.62it/s, loss=0.0031]
  Epoch  1/30:  40%|█████████████▉                     | 23/58 [00:00<00:01, 27.92it/s, loss=0.0031]
  Epoch  1/30:  40%|█████████████▉                     | 23/58 [00:01<00:01, 27.92it/s, loss=0.0014]
  Epoch  1/30:  40%|█████████████▉                     | 23/58 [00:01<00:01, 27.92it/s, loss=0.0021]
  Epoch  1/30:  40%|█████████████▉                     | 23/58 [00:01<00:01, 27.92it/s, loss=0.0042]
  Epoch  1/30:  40%|█████████████▉                     | 23/58 [00:01<00:01, 27.92it/s, loss=0.0035]
  Epoch  1/30:  47%|████████████████▎                  | 27/58 [00:01<00:01, 28.72it/s, loss=0.0035]
  Epoch  1/30:  47%|████████████████▎                  | 27/58 [00:01<00:01, 28.72it/s, loss=0.0019]
  Epoch  1/30:  47%|████████████████▎                  | 27/58 [00:01<00:01, 28.72it/s, loss=0.0017]
  Epoch  1/30:  47%|████████████████▎                  | 27/58 [00:01<00:01, 28.72it/s, loss=0.0014]
  Epoch  1/30:  47%|████████████████▎                  | 27/58 [00:01<00:01, 28.72it/s, loss=0.0012]
  Epoch  1/30:  47%|████████████████▎                  | 27/58 [00:01<00:01, 28.72it/s, loss=0.0057]
  Epoch  1/30:  55%|███████████████████▎               | 32/58 [00:01<00:00, 31.64it/s, loss=0.0057]
  Epoch  1/30:  55%|███████████████████▎               | 32/58 [00:01<00:00, 31.64it/s, loss=0.0016]
  Epoch  1/30:  55%|███████████████████▎               | 32/58 [00:01<00:00, 31.64it/s, loss=0.0039]
  Epoch  1/30:  55%|███████████████████▎               | 32/58 [00:01<00:00, 31.64it/s, loss=0.0015]
  Epoch  1/30:  55%|███████████████████▎               | 32/58 [00:01<00:00, 31.64it/s, loss=0.0040]
  Epoch  1/30:  62%|█████████████████████▋             | 36/58 [00:01<00:00, 31.05it/s, loss=0.0040]
  Epoch  1/30:  62%|█████████████████████▋             | 36/58 [00:01<00:00, 31.05it/s, loss=0.0017]
  Epoch  1/30:  62%|█████████████████████▋             | 36/58 [00:01<00:00, 31.05it/s, loss=0.0015]
  Epoch  1/30:  62%|█████████████████████▋             | 36/58 [00:01<00:00, 31.05it/s, loss=0.0014]
  Epoch  1/30:  62%|█████████████████████▋             | 36/58 [00:01<00:00, 31.05it/s, loss=0.0022]
  Epoch  1/30:  69%|████████████████████████▏          | 40/58 [00:01<00:00, 30.03it/s, loss=0.0022]
  Epoch  1/30:  69%|████████████████████████▏          | 40/58 [00:01<00:00, 30.03it/s, loss=0.0019]
  Epoch  1/30:  69%|████████████████████████▏          | 40/58 [00:01<00:00, 30.03it/s, loss=0.0037]
  Epoch  1/30:  69%|████████████████████████▏          | 40/58 [00:01<00:00, 30.03it/s, loss=0.0035]
  Epoch  1/30:  69%|████████████████████████▏          | 40/58 [00:01<00:00, 30.03it/s, loss=0.0022]
  Epoch  1/30:  76%|██████████████████████████▌        | 44/58 [00:01<00:00, 31.53it/s, loss=0.0022]
  Epoch  1/30:  76%|██████████████████████████▌        | 44/58 [00:01<00:00, 31.53it/s, loss=0.0015]
  Epoch  1/30:  76%|██████████████████████████▌        | 44/58 [00:01<00:00, 31.53it/s, loss=0.0010]
  Epoch  1/30:  76%|██████████████████████████▌        | 44/58 [00:01<00:00, 31.53it/s, loss=0.0028]
  Epoch  1/30:  76%|██████████████████████████▌        | 44/58 [00:01<00:00, 31.53it/s, loss=0.0025]
  Epoch  1/30:  83%|████████████████████████████▉      | 48/58 [00:01<00:00, 32.69it/s, loss=0.0025]
  Epoch  1/30:  83%|████████████████████████████▉      | 48/58 [00:01<00:00, 32.69it/s, loss=0.0039]
  Epoch  1/30:  83%|████████████████████████████▉      | 48/58 [00:01<00:00, 32.69it/s, loss=0.0009]
  Epoch  1/30:  83%|████████████████████████████▉      | 48/58 [00:01<00:00, 32.69it/s, loss=0.0028]
  Epoch  1/30:  83%|████████████████████████████▉      | 48/58 [00:01<00:00, 32.69it/s, loss=0.0007]
  Epoch  1/30:  83%|████████████████████████████▉      | 48/58 [00:01<00:00, 32.69it/s, loss=0.0012]
  Epoch  1/30:  91%|███████████████████████████████▉   | 53/58 [00:01<00:00, 35.46it/s, loss=0.0012]
  Epoch  1/30:  91%|███████████████████████████████▉   | 53/58 [00:01<00:00, 35.46it/s, loss=0.0020]
  Epoch  1/30:  91%|███████████████████████████████▉   | 53/58 [00:01<00:00, 35.46it/s, loss=0.0047]
  Epoch  1/30:  91%|███████████████████████████████▉   | 53/58 [00:01<00:00, 35.46it/s, loss=0.0006]
  Epoch  1/30:  91%|███████████████████████████████▉   | 53/58 [00:02<00:00, 35.46it/s, loss=0.0012]
  Epoch  1/30:  98%|██████████████████████████████████▍| 57/58 [00:02<00:00, 32.18it/s, loss=0.0012]
  Epoch  1/30:  98%|██████████████████████████████████▍| 57/58 [00:02<00:00, 32.18it/s, loss=0.0004]
                                                                                                    

  Epoch  2/30:   0%|                                                         | 0/58 [00:00<?, ?it/s]
  Epoch  2/30:   0%|                                            | 0/58 [00:00<?, ?it/s, loss=0.0017]
  Epoch  2/30:   0%|                                            | 0/58 [00:00<?, ?it/s, loss=0.0027]
  Epoch  2/30:   0%|                                            | 0/58 [00:00<?, ?it/s, loss=0.0010]
  Epoch  2/30:   0%|                                            | 0/58 [00:00<?, ?it/s, loss=0.0010]
  Epoch  2/30:   7%|██▍                                 | 4/58 [00:00<00:01, 32.18it/s, loss=0.0010]
  Epoch  2/30:   7%|██▍                                 | 4/58 [00:00<00:01, 32.18it/s, loss=0.0011]
  Epoch  2/30:   7%|██▍                                 | 4/58 [00:00<00:01, 32.18it/s, loss=0.0026]
  Epoch  2/30:   7%|██▍                                 | 4/58 [00:00<00:01, 32.18it/s, loss=0.0022]
  Epoch  2/30:   7%|██▍                                 | 4/58 [00:00<00:01, 32.18it/s, loss=0.0015]
  Epoch  2/30:  14%|████▉                               | 8/58 [00:00<00:01, 33.18it/s, loss=0.0015]
  Epoch  2/30:  14%|████▉                               | 8/58 [00:00<00:01, 33.18it/s, loss=0.0017]
  Epoch  2/30:  14%|████▉                               | 8/58 [00:00<00:01, 33.18it/s, loss=0.0026]
  Epoch  2/30:  14%|████▉                               | 8/58 [00:00<00:01, 33.18it/s, loss=0.0007]
  Epoch  2/30:  14%|████▉                               | 8/58 [00:00<00:01, 33.18it/s, loss=0.0004]
  Epoch  2/30:  21%|███████▏                           | 12/58 [00:00<00:01, 35.25it/s, loss=0.0004]
  Epoch  2/30:  21%|███████▏                           | 12/58 [00:00<00:01, 35.25it/s, loss=0.0008]
  Epoch  2/30:  21%|███████▏                           | 12/58 [00:00<00:01, 35.25it/s, loss=0.0005]
  Epoch  2/30:  21%|███████▏                           | 12/58 [00:00<00:01, 35.25it/s, loss=0.0010]
  Epoch  2/30:  21%|███████▏                           | 12/58 [00:00<00:01, 35.25it/s, loss=0.0013]
  Epoch  2/30:  28%|█████████▋                         | 16/58 [00:00<00:01, 35.13it/s, loss=0.0013]
  Epoch  2/30:  28%|█████████▋                         | 16/58 [00:00<00:01, 35.13it/s, loss=0.0017]
  Epoch  2/30:  28%|█████████▋                         | 16/58 [00:00<00:01, 35.13it/s, loss=0.0034]
  Epoch  2/30:  28%|█████████▋                         | 16/58 [00:00<00:01, 35.13it/s, loss=0.0014]
  Epoch  2/30:  28%|█████████▋                         | 16/58 [00:00<00:01, 35.13it/s, loss=0.0024]
  Epoch  2/30:  34%|████████████                       | 20/58 [00:00<00:01, 32.89it/s, loss=0.0024]
  Epoch  2/30:  34%|████████████                       | 20/58 [00:00<00:01, 32.89it/s, loss=0.0015]
  Epoch  2/30:  34%|████████████                       | 20/58 [00:00<00:01, 32.89it/s, loss=0.0014]
  Epoch  2/30:  34%|████████████                       | 20/58 [00:00<00:01, 32.89it/s, loss=0.0037]
  Epoch  2/30:  34%|████████████                       | 20/58 [00:00<00:01, 32.89it/s, loss=0.0041]
  Epoch  2/30:  41%|██████████████▍                    | 24/58 [00:00<00:00, 34.48it/s, loss=0.0041]
  Epoch  2/30:  41%|██████████████▍                    | 24/58 [00:00<00:00, 34.48it/s, loss=0.0028]
  Epoch  2/30:  41%|██████████████▍                    | 24/58 [00:00<00:00, 34.48it/s, loss=0.0021]
  Epoch  2/30:  41%|██████████████▍                    | 24/58 [00:00<00:00, 34.48it/s, loss=0.0027]
  Epoch  2/30:  41%|██████████████▍                    | 24/58 [00:00<00:00, 34.48it/s, loss=0.0007]
  Epoch  2/30:  41%|██████████████▍                    | 24/58 [00:00<00:00, 34.48it/s, loss=0.0020]
  Epoch  2/30:  50%|█████████████████▌                 | 29/58 [00:00<00:00, 36.56it/s, loss=0.0020]
  Epoch  2/30:  50%|█████████████████▌                 | 29/58 [00:00<00:00, 36.56it/s, loss=0.0014]
  Epoch  2/30:  50%|█████████████████▌                 | 29/58 [00:00<00:00, 36.56it/s, loss=0.0019]
  Epoch  2/30:  50%|█████████████████▌                 | 29/58 [00:00<00:00, 36.56it/s, loss=0.0022]
  Epoch  2/30:  50%|█████████████████▌                 | 29/58 [00:01<00:00, 36.56it/s, loss=0.0048]
  Epoch  2/30:  57%|███████████████████▉               | 33/58 [00:01<00:00, 30.85it/s, loss=0.0048]
  Epoch  2/30:  57%|███████████████████▉               | 33/58 [00:01<00:00, 30.85it/s, loss=0.0009]
  Epoch  2/30:  57%|███████████████████▉               | 33/58 [00:01<00:00, 30.85it/s, loss=0.0005]
  Epoch  2/30:  57%|███████████████████▉               | 33/58 [00:01<00:00, 30.85it/s, loss=0.0013]
  Epoch  2/30:  57%|███████████████████▉               | 33/58 [00:01<00:00, 30.85it/s, loss=0.0011]
  Epoch  2/30:  64%|██████████████████████▎            | 37/58 [00:01<00:00, 29.40it/s, loss=0.0011]
  Epoch  2/30:  64%|██████████████████████▎            | 37/58 [00:01<00:00, 29.40it/s, loss=0.0013]
  Epoch  2/30:  64%|██████████████████████▎            | 37/58 [00:01<00:00, 29.40it/s, loss=0.0019]
  Epoch  2/30:  64%|██████████████████████▎            | 37/58 [00:01<00:00, 29.40it/s, loss=0.0016]
  Epoch  2/30:  64%|██████████████████████▎            | 37/58 [00:01<00:00, 29.40it/s, loss=0.0008]
  Epoch  2/30:  71%|████████████████████████▋          | 41/58 [00:01<00:00, 29.09it/s, loss=0.0008]
  Epoch  2/30:  71%|████████████████████████▋          | 41/58 [00:01<00:00, 29.09it/s, loss=0.0015]
  Epoch  2/30:  71%|████████████████████████▋          | 41/58 [00:01<00:00, 29.09it/s, loss=0.0015]
  Epoch  2/30:  71%|████████████████████████▋          | 41/58 [00:01<00:00, 29.09it/s, loss=0.0008]
  Epoch  2/30:  76%|██████████████████████████▌        | 44/58 [00:01<00:00, 28.97it/s, loss=0.0008]
  Epoch  2/30:  76%|██████████████████████████▌        | 44/58 [00:01<00:00, 28.97it/s, loss=0.0010]
  Epoch  2/30:  76%|██████████████████████████▌        | 44/58 [00:01<00:00, 28.97it/s, loss=0.0026]
  Epoch  2/30:  76%|██████████████████████████▌        | 44/58 [00:01<00:00, 28.97it/s, loss=0.0016]
  Epoch  2/30:  81%|████████████████████████████▎      | 47/58 [00:01<00:00, 28.38it/s, loss=0.0016]
  Epoch  2/30:  81%|████████████████████████████▎      | 47/58 [00:01<00:00, 28.38it/s, loss=0.0024]
  Epoch  2/30:  81%|████████████████████████████▎      | 47/58 [00:01<00:00, 28.38it/s, loss=0.0029]
  Epoch  2/30:  81%|████████████████████████████▎      | 47/58 [00:01<00:00, 28.38it/s, loss=0.0033]
  Epoch  2/30:  86%|██████████████████████████████▏    | 50/58 [00:01<00:00, 28.35it/s, loss=0.0033]
  Epoch  2/30:  86%|██████████████████████████████▏    | 50/58 [00:01<00:00, 28.35it/s, loss=0.0018]
  Epoch  2/30:  86%|██████████████████████████████▏    | 50/58 [00:01<00:00, 28.35it/s, loss=0.0009]
  Epoch  2/30:  86%|██████████████████████████████▏    | 50/58 [00:01<00:00, 28.35it/s, loss=0.0038]
  Epoch  2/30:  91%|███████████████████████████████▉   | 53/58 [00:01<00:00, 28.07it/s, loss=0.0038]
  Epoch  2/30:  91%|███████████████████████████████▉   | 53/58 [00:01<00:00, 28.07it/s, loss=0.0027]
  Epoch  2/30:  91%|███████████████████████████████▉   | 53/58 [00:01<00:00, 28.07it/s, loss=0.0014]
  Epoch  2/30:  91%|███████████████████████████████▉   | 53/58 [00:01<00:00, 28.07it/s, loss=0.0006]
  Epoch  2/30:  91%|███████████████████████████████▉   | 53/58 [00:01<00:00, 28.07it/s, loss=0.0041]
  Epoch  2/30:  98%|██████████████████████████████████▍| 57/58 [00:01<00:00, 29.34it/s, loss=0.0041]
  Epoch  2/30:  98%|██████████████████████████████████▍| 57/58 [00:01<00:00, 29.34it/s, loss=0.0002]
                                                                                                    

  Epoch  3/30:   0%|                                                         | 0/58 [00:00<?, ?it/s]
  Epoch  3/30:   0%|                                            | 0/58 [00:00<?, ?it/s, loss=0.0022]
  Epoch  3/30:   0%|                                            | 0/58 [00:00<?, ?it/s, loss=0.0027]
  Epoch  3/30:   0%|                                            | 0/58 [00:00<?, ?it/s, loss=0.0026]
  Epoch  3/30:   0%|                                            | 0/58 [00:00<?, ?it/s, loss=0.0012]
  Epoch  3/30:   7%|██▍                                 | 4/58 [00:00<00:01, 32.81it/s, loss=0.0012]
  Epoch  3/30:   7%|██▍                                 | 4/58 [00:00<00:01, 32.81it/s, loss=0.0013]
  Epoch  3/30:   7%|██▍                                 | 4/58 [00:00<00:01, 32.81it/s, loss=0.0021]
  Epoch  3/30:   7%|██▍                                 | 4/58 [00:00<00:01, 32.81it/s, loss=0.0006]
  Epoch  3/30:   7%|██▍                                 | 4/58 [00:00<00:01, 32.81it/s, loss=0.0017]
  Epoch  3/30:   7%|██▍                                 | 4/58 [00:00<00:01, 32.81it/s, loss=0.0008]
  Epoch  3/30:  16%|█████▌                              | 9/58 [00:00<00:01, 37.52it/s, loss=0.0008]
  Epoch  3/30:  16%|█████▌                              | 9/58 [00:00<00:01, 37.52it/s, loss=0.0026]
  Epoch  3/30:  16%|█████▌                              | 9/58 [00:00<00:01, 37.52it/s, loss=0.0014]
  Epoch  3/30:  16%|█████▌                              | 9/58 [00:00<00:01, 37.52it/s, loss=0.0019]
  Epoch  3/30:  16%|█████▌                              | 9/58 [00:00<00:01, 37.52it/s, loss=0.0007]
  Epoch  3/30:  22%|███████▊                           | 13/58 [00:00<00:01, 35.14it/s, loss=0.0007]
  Epoch  3/30:  22%|███████▊                           | 13/58 [00:00<00:01, 35.14it/s, loss=0.0013]
  Epoch  3/30:  22%|███████▊                           | 13/58 [00:00<00:01, 35.14it/s, loss=0.0007]
  Epoch  3/30:  22%|███████▊                           | 13/58 [00:00<00:01, 35.14it/s, loss=0.0015]
  Epoch  3/30:  22%|███████▊                           | 13/58 [00:00<00:01, 35.14it/s, loss=0.0011]
  Epoch  3/30:  29%|██████████▎                        | 17/58 [00:00<00:01, 33.85it/s, loss=0.0011]
  Epoch  3/30:  29%|██████████▎                        | 17/58 [00:00<00:01, 33.85it/s, loss=0.0008]
  Epoch  3/30:  29%|██████████▎                        | 17/58 [00:00<00:01, 33.85it/s, loss=0.0013]
  Epoch  3/30:  29%|██████████▎                        | 17/58 [00:00<00:01, 33.85it/s, loss=0.0011]
  Epoch  3/30:  29%|██████████▎                        | 17/58 [00:00<00:01, 33.85it/s, loss=0.0044]
  Epoch  3/30:  36%|████████████▋                      | 21/58 [00:00<00:01, 30.97it/s, loss=0.0044]
  Epoch  3/30:  36%|████████████▋                      | 21/58 [00:00<00:01, 30.97it/s, loss=0.0028]
  Epoch  3/30:  36%|████████████▋                      | 21/58 [00:00<00:01, 30.97it/s, loss=0.0009]
  Epoch  3/30:  36%|████████████▋                      | 21/58 [00:00<00:01, 30.97it/s, loss=0.0018]
  Epoch  3/30:  36%|████████████▋                      | 21/58 [00:00<00:01, 30.97it/s, loss=0.0011]
  Epoch  3/30:  43%|███████████████                    | 25/58 [00:00<00:01, 30.39it/s, loss=0.0011]
  Epoch  3/30:  43%|███████████████                    | 25/58 [00:00<00:01, 30.39it/s, loss=0.0031]
  Epoch  3/30:  43%|███████████████                    | 25/58 [00:00<00:01, 30.39it/s, loss=0.0024]
  Epoch  3/30:  43%|███████████████                    | 25/58 [00:00<00:01, 30.39it/s, loss=0.0015]
  Epoch  3/30:  43%|███████████████                    | 25/58 [00:00<00:01, 30.39it/s, loss=0.0007]
  Epoch  3/30:  43%|███████████████                    | 25/58 [00:00<00:01, 30.39it/s, loss=0.0007]
  Epoch  3/30:  52%|██████████████████                 | 30/58 [00:00<00:00, 32.96it/s, loss=0.0007]
  Epoch  3/30:  52%|██████████████████                 | 30/58 [00:00<00:00, 32.96it/s, loss=0.0026]
  Epoch  3/30:  52%|██████████████████                 | 30/58 [00:00<00:00, 32.96it/s, loss=0.0007]
  Epoch  3/30:  52%|██████████████████                 | 30/58 [00:01<00:00, 32.96it/s, loss=0.0015]
  Epoch  3/30:  52%|██████████████████                 | 30/58 [00:01<00:00, 32.96it/s, loss=0.0026]
  Epoch  3/30:  59%|████████████████████▌              | 34/58 [00:01<00:00, 32.10it/s, loss=0.0026]
  Epoch  3/30:  59%|████████████████████▌              | 34/58 [00:01<00:00, 32.10it/s, loss=0.0008]
  Epoch  3/30:  59%|████████████████████▌              | 34/58 [00:01<00:00, 32.10it/s, loss=0.0009]
  Epoch  3/30:  59%|████████████████████▌              | 34/58 [00:01<00:00, 32.10it/s, loss=0.0009]
  Epoch  3/30:  59%|████████████████████▌              | 34/58 [00:01<00:00, 32.10it/s, loss=0.0007]
  Epoch  3/30:  66%|██████████████████████▉            | 38/58 [00:01<00:00, 33.56it/s, loss=0.0007]
  Epoch  3/30:  66%|██████████████████████▉            | 38/58 [00:01<00:00, 33.56it/s, loss=0.0015]
  Epoch  3/30:  66%|██████████████████████▉            | 38/58 [00:01<00:00, 33.56it/s, loss=0.0010]
  Epoch  3/30:  66%|██████████████████████▉            | 38/58 [00:01<00:00, 33.56it/s, loss=0.0007]
  Epoch  3/30:  66%|██████████████████████▉            | 38/58 [00:01<00:00, 33.56it/s, loss=0.0015]
  Epoch  3/30:  72%|█████████████████████████▎         | 42/58 [00:01<00:00, 34.60it/s, loss=0.0015]
  Epoch  3/30:  72%|█████████████████████████▎         | 42/58 [00:01<00:00, 34.60it/s, loss=0.0015]
  Epoch  3/30:  72%|█████████████████████████▎         | 42/58 [00:01<00:00, 34.60it/s, loss=0.0012]
  Epoch  3/30:  72%|█████████████████████████▎         | 42/58 [00:01<00:00, 34.60it/s, loss=0.0005]
  Epoch  3/30:  72%|█████████████████████████▎         | 42/58 [00:01<00:00, 34.60it/s, loss=0.0022]
  Epoch  3/30:  72%|█████████████████████████▎         | 42/58 [00:01<00:00, 34.60it/s, loss=0.0006]
  Epoch  3/30:  81%|████████████████████████████▎      | 47/58 [00:01<00:00, 35.07it/s, loss=0.0006]
  Epoch  3/30:  81%|████████████████████████████▎      | 47/58 [00:01<00:00, 35.07it/s, loss=0.0006]
  Epoch  3/30:  81%|████████████████████████████▎      | 47/58 [00:01<00:00, 35.07it/s, loss=0.0031]
  Epoch  3/30:  81%|████████████████████████████▎      | 47/58 [00:01<00:00, 35.07it/s, loss=0.0005]
  Epoch  3/30:  81%|████████████████████████████▎      | 47/58 [00:01<00:00, 35.07it/s, loss=0.0008]
  Epoch  3/30:  88%|██████████████████████████████▊    | 51/58 [00:01<00:00, 30.96it/s, loss=0.0008]
  Epoch  3/30:  88%|██████████████████████████████▊    | 51/58 [00:01<00:00, 30.96it/s, loss=0.0016]
  Epoch  3/30:  88%|██████████████████████████████▊    | 51/58 [00:01<00:00, 30.96it/s, loss=0.0013]
  Epoch  3/30:  88%|██████████████████████████████▊    | 51/58 [00:01<00:00, 30.96it/s, loss=0.0008]
  Epoch  3/30:  88%|██████████████████████████████▊    | 51/58 [00:01<00:00, 30.96it/s, loss=0.0014]
  Epoch  3/30:  95%|█████████████████████████████████▏ | 55/58 [00:01<00:00, 30.25it/s, loss=0.0014]
  Epoch  3/30:  95%|█████████████████████████████████▏ | 55/58 [00:01<00:00, 30.25it/s, loss=0.0014]
  Epoch  3/30:  95%|█████████████████████████████████▏ | 55/58 [00:01<00:00, 30.25it/s, loss=0.0022]
  Epoch  3/30:  95%|█████████████████████████████████▏ | 55/58 [00:01<00:00, 30.25it/s, loss=0.0001]
                                                                                                    

  Epoch  4/30:   0%|                                                         | 0/58 [00:00<?, ?it/s]
  Epoch  4/30:   0%|                                            | 0/58 [00:00<?, ?it/s, loss=0.0010]
  Epoch  4/30:   0%|                                            | 0/58 [00:00<?, ?it/s, loss=0.0010]
  Epoch  4/30:   0%|                                            | 0/58 [00:00<?, ?it/s, loss=0.0018]
  Epoch  4/30:   5%|█▊                                  | 3/58 [00:00<00:01, 28.02it/s, loss=0.0018]
  Epoch  4/30:   5%|█▊                                  | 3/58 [00:00<00:01, 28.02it/s, loss=0.0012]
  Epoch  4/30:   5%|█▊                                  | 3/58 [00:00<00:01, 28.02it/s, loss=0.0030]
  Epoch  4/30:   5%|█▊                                  | 3/58 [00:00<00:01, 28.02it/s, loss=0.0012]
  Epoch  4/30:  10%|███▋                                | 6/58 [00:00<00:01, 27.84it/s, loss=0.0012]
  Epoch  4/30:  10%|███▋                                | 6/58 [00:00<00:01, 27.84it/s, loss=0.0012]
  Epoch  4/30:  10%|███▋                                | 6/58 [00:00<00:01, 27.84it/s, loss=0.0006]
  Epoch  4/30:  10%|███▋                                | 6/58 [00:00<00:01, 27.84it/s, loss=0.0008]
  Epoch  4/30:  10%|███▋                                | 6/58 [00:00<00:01, 27.84it/s, loss=0.0022]
  Epoch  4/30:  17%|██████                             | 10/58 [00:00<00:01, 29.03it/s, loss=0.0022]
  Epoch  4/30:  17%|██████                             | 10/58 [00:00<00:01, 29.03it/s, loss=0.0009]
  Epoch  4/30:  17%|██████                             | 10/58 [00:00<00:01, 29.03it/s, loss=0.0019]
  Epoch  4/30:  17%|██████                             | 10/58 [00:00<00:01, 29.03it/s, loss=0.0005]
  Epoch  4/30:  22%|███████▊                           | 13/58 [00:00<00:01, 29.15it/s, loss=0.0005]
  Epoch  4/30:  22%|███████▊                           | 13/58 [00:00<00:01, 29.15it/s, loss=0.0012]
  Epoch  4/30:  22%|███████▊                           | 13/58 [00:00<00:01, 29.15it/s, loss=0.0021]
  Epoch  4/30:  22%|███████▊                           | 13/58 [00:00<00:01, 29.15it/s, loss=0.0023]
  Epoch  4/30:  22%|███████▊                           | 13/58 [00:00<00:01, 29.15it/s, loss=0.0007]
  Epoch  4/30:  29%|██████████▎                        | 17/58 [00:00<00:01, 29.07it/s, loss=0.0007]
  Epoch  4/30:  29%|██████████▎                        | 17/58 [00:00<00:01, 29.07it/s, loss=0.0010]
  Epoch  4/30:  29%|██████████▎                        | 17/58 [00:00<00:01, 29.07it/s, loss=0.0010]
  Epoch  4/30:  29%|██████████▎                        | 17/58 [00:00<00:01, 29.07it/s, loss=0.0010]
  Epoch  4/30:  29%|██████████▎                        | 17/58 [00:00<00:01, 29.07it/s, loss=0.0009]
  Epoch  4/30:  36%|████████████▋                      | 21/58 [00:00<00:01, 30.18it/s, loss=0.0009]
  Epoch  4/30:  36%|████████████▋                      | 21/58 [00:00<00:01, 30.18it/s, loss=0.0005]
  Epoch  4/30:  36%|████████████▋                      | 21/58 [00:00<00:01, 30.18it/s, loss=0.0023]
  Epoch  4/30:  36%|████████████▋                      | 21/58 [00:00<00:01, 30.18it/s, loss=0.0014]
  Epoch  4/30:  36%|████████████▋                      | 21/58 [00:00<00:01, 30.18it/s, loss=0.0016]
  Epoch  4/30:  43%|███████████████                    | 25/58 [00:00<00:01, 30.09it/s, loss=0.0016]
  Epoch  4/30:  43%|███████████████                    | 25/58 [00:00<00:01, 30.09it/s, loss=0.0009]
  Epoch  4/30:  43%|███████████████                    | 25/58 [00:00<00:01, 30.09it/s, loss=0.0005]
  Epoch  4/30:  43%|███████████████                    | 25/58 [00:00<00:01, 30.09it/s, loss=0.0012]
  Epoch  4/30:  43%|███████████████                    | 25/58 [00:00<00:01, 30.09it/s, loss=0.0006]
  Epoch  4/30:  50%|█████████████████▌                 | 29/58 [00:00<00:00, 29.47it/s, loss=0.0006]
  Epoch  4/30:  50%|█████████████████▌                 | 29/58 [00:01<00:00, 29.47it/s, loss=0.0005]
  Epoch  4/30:  50%|█████████████████▌                 | 29/58 [00:01<00:00, 29.47it/s, loss=0.0005]
  Epoch  4/30:  50%|█████████████████▌                 | 29/58 [00:01<00:00, 29.47it/s, loss=0.0019]
  Epoch  4/30:  50%|█████████████████▌                 | 29/58 [00:01<00:00, 29.47it/s, loss=0.0006]
  Epoch  4/30:  57%|███████████████████▉               | 33/58 [00:01<00:00, 30.17it/s, loss=0.0006]
  Epoch  4/30:  57%|███████████████████▉               | 33/58 [00:01<00:00, 30.17it/s, loss=0.0010]
  Epoch  4/30:  57%|███████████████████▉               | 33/58 [00:01<00:00, 30.17it/s, loss=0.0008]
  Epoch  4/30:  57%|███████████████████▉               | 33/58 [00:01<00:00, 30.17it/s, loss=0.0019]
  Epoch  4/30:  57%|███████████████████▉               | 33/58 [00:01<00:00, 30.17it/s, loss=0.0010]
  Epoch  4/30:  64%|██████████████████████▎            | 37/58 [00:01<00:00, 28.91it/s, loss=0.0010]
  Epoch  4/30:  64%|██████████████████████▎            | 37/58 [00:01<00:00, 28.91it/s, loss=0.0020]
  Epoch  4/30:  64%|██████████████████████▎            | 37/58 [00:01<00:00, 28.91it/s, loss=0.0008]
  Epoch  4/30:  64%|██████████████████████▎            | 37/58 [00:01<00:00, 28.91it/s, loss=0.0013]
  Epoch  4/30:  64%|██████████████████████▎            | 37/58 [00:01<00:00, 28.91it/s, loss=0.0006]
  Epoch  4/30:  71%|████████████████████████▋          | 41/58 [00:01<00:00, 29.13it/s, loss=0.0006]
  Epoch  4/30:  71%|████████████████████████▋          | 41/58 [00:01<00:00, 29.13it/s, loss=0.0007]
  Epoch  4/30:  71%|████████████████████████▋          | 41/58 [00:01<00:00, 29.13it/s, loss=0.0019]
  Epoch  4/30:  71%|████████████████████████▋          | 41/58 [00:01<00:00, 29.13it/s, loss=0.0008]
  Epoch  4/30:  76%|██████████████████████████▌        | 44/58 [00:01<00:00, 28.59it/s, loss=0.0008]
  Epoch  4/30:  76%|██████████████████████████▌        | 44/58 [00:01<00:00, 28.59it/s, loss=0.0012]
  Epoch  4/30:  76%|██████████████████████████▌        | 44/58 [00:01<00:00, 28.59it/s, loss=0.0009]
  Epoch  4/30:  76%|██████████████████████████▌        | 44/58 [00:01<00:00, 28.59it/s, loss=0.0014]
  Epoch  4/30:  76%|██████████████████████████▌        | 44/58 [00:01<00:00, 28.59it/s, loss=0.0010]
  Epoch  4/30:  83%|████████████████████████████▉      | 48/58 [00:01<00:00, 29.50it/s, loss=0.0010]
  Epoch  4/30:  83%|████████████████████████████▉      | 48/58 [00:01<00:00, 29.50it/s, loss=0.0005]
  Epoch  4/30:  83%|████████████████████████████▉      | 48/58 [00:01<00:00, 29.50it/s, loss=0.0016]
  Epoch  4/30:  83%|████████████████████████████▉      | 48/58 [00:01<00:00, 29.50it/s, loss=0.0007]
  Epoch  4/30:  83%|████████████████████████████▉      | 48/58 [00:01<00:00, 29.50it/s, loss=0.0011]
  Epoch  4/30:  90%|███████████████████████████████▍   | 52/58 [00:01<00:00, 30.11it/s, loss=0.0011]
  Epoch  4/30:  90%|███████████████████████████████▍   | 52/58 [00:01<00:00, 30.11it/s, loss=0.0012]
  Epoch  4/30:  90%|███████████████████████████████▍   | 52/58 [00:01<00:00, 30.11it/s, loss=0.0019]
  Epoch  4/30:  90%|███████████████████████████████▍   | 52/58 [00:01<00:00, 30.11it/s, loss=0.0007]
  Epoch  4/30:  90%|███████████████████████████████▍   | 52/58 [00:01<00:00, 30.11it/s, loss=0.0010]
  Epoch  4/30:  97%|█████████████████████████████████▊ | 56/58 [00:01<00:00, 28.45it/s, loss=0.0010]
  Epoch  4/30:  97%|█████████████████████████████████▊ | 56/58 [00:01<00:00, 28.45it/s, loss=0.0009]
  Epoch  4/30:  97%|█████████████████████████████████▊ | 56/58 [00:01<00:00, 28.45it/s, loss=0.0005]
                                                                                                    

  Epoch  5/30:   0%|                                                         | 0/58 [00:00<?, ?it/s]
  Epoch  5/30:   0%|                                            | 0/58 [00:00<?, ?it/s, loss=0.0009]
  Epoch  5/30:   0%|                                            | 0/58 [00:00<?, ?it/s, loss=0.0008]
  Epoch  5/30:   0%|                                            | 0/58 [00:00<?, ?it/s, loss=0.0009]
  Epoch  5/30:   5%|█▊                                  | 3/58 [00:00<00:01, 27.75it/s, loss=0.0009]
  Epoch  5/30:   5%|█▊                                  | 3/58 [00:00<00:01, 27.75it/s, loss=0.0005]
  Epoch  5/30:   5%|█▊                                  | 3/58 [00:00<00:01, 27.75it/s, loss=0.0013]
  Epoch  5/30:   5%|█▊                                  | 3/58 [00:00<00:01, 27.75it/s, loss=0.0020]
  Epoch  5/30:   5%|█▊                                  | 3/58 [00:00<00:01, 27.75it/s, loss=0.0007]
  Epoch  5/30:  12%|████▎                               | 7/58 [00:00<00:01, 33.75it/s, loss=0.0007]
  Epoch  5/30:  12%|████▎                               | 7/58 [00:00<00:01, 33.75it/s, loss=0.0007]
  Epoch  5/30:  12%|████▎                               | 7/58 [00:00<00:01, 33.75it/s, loss=0.0017]
  Epoch  5/30:  12%|████▎                               | 7/58 [00:00<00:01, 33.75it/s, loss=0.0006]
  Epoch  5/30:  12%|████▎                               | 7/58 [00:00<00:01, 33.75it/s, loss=0.0005]
  Epoch  5/30:  19%|██████▋                            | 11/58 [00:00<00:01, 34.24it/s, loss=0.0005]
  Epoch  5/30:  19%|██████▋                            | 11/58 [00:00<00:01, 34.24it/s, loss=0.0017]
  Epoch  5/30:  19%|██████▋                            | 11/58 [00:00<00:01, 34.24it/s, loss=0.0014]
  Epoch  5/30:  19%|██████▋                            | 11/58 [00:00<00:01, 34.24it/s, loss=0.0008]
  Epoch  5/30:  19%|██████▋                            | 11/58 [00:00<00:01, 34.24it/s, loss=0.0007]
  Epoch  5/30:  26%|█████████                          | 15/58 [00:00<00:01, 33.29it/s, loss=0.0007]
  Epoch  5/30:  26%|█████████                          | 15/58 [00:00<00:01, 33.29it/s, loss=0.0009]
  Epoch  5/30:  26%|█████████                          | 15/58 [00:00<00:01, 33.29it/s, loss=0.0022]
  Epoch  5/30:  26%|█████████                          | 15/58 [00:00<00:01, 33.29it/s, loss=0.0016]
  Epoch  5/30:  26%|█████████                          | 15/58 [00:00<00:01, 33.29it/s, loss=0.0014]
  Epoch  5/30:  33%|███████████▍                       | 19/58 [00:00<00:01, 32.04it/s, loss=0.0014]
  Epoch  5/30:  33%|███████████▍                       | 19/58 [00:00<00:01, 32.04it/s, loss=0.0011]
  Epoch  5/30:  33%|███████████▍                       | 19/58 [00:00<00:01, 32.04it/s, loss=0.0005]
  Epoch  5/30:  33%|███████████▍                       | 19/58 [00:00<00:01, 32.04it/s, loss=0.0009]
  Epoch  5/30:  33%|███████████▍                       | 19/58 [00:00<00:01, 32.04it/s, loss=0.0010]
  Epoch  5/30:  40%|█████████████▉                     | 23/58 [00:00<00:01, 33.03it/s, loss=0.0010]
  Epoch  5/30:  40%|█████████████▉                     | 23/58 [00:00<00:01, 33.03it/s, loss=0.0014]
  Epoch  5/30:  40%|█████████████▉                     | 23/58 [00:00<00:01, 33.03it/s, loss=0.0020]
  Epoch  5/30:  40%|█████████████▉                     | 23/58 [00:00<00:01, 33.03it/s, loss=0.0009]
  Epoch  5/30:  40%|█████████████▉                     | 23/58 [00:00<00:01, 33.03it/s, loss=0.0003]
  Epoch  5/30:  47%|████████████████▎                  | 27/58 [00:00<00:00, 33.16it/s, loss=0.0003]
  Epoch  5/30:  47%|████████████████▎                  | 27/58 [00:00<00:00, 33.16it/s, loss=0.0003]
  Epoch  5/30:  47%|████████████████▎                  | 27/58 [00:00<00:00, 33.16it/s, loss=0.0022]
  Epoch  5/30:  47%|████████████████▎                  | 27/58 [00:00<00:00, 33.16it/s, loss=0.0018]
  Epoch  5/30:  47%|████████████████▎                  | 27/58 [00:00<00:00, 33.16it/s, loss=0.0006]
  Epoch  5/30:  53%|██████████████████▋                | 31/58 [00:00<00:00, 31.56it/s, loss=0.0006]
  Epoch  5/30:  53%|██████████████████▋                | 31/58 [00:00<00:00, 31.56it/s, loss=0.0011]
  Epoch  5/30:  53%|██████████████████▋                | 31/58 [00:01<00:00, 31.56it/s, loss=0.0006]
  Epoch  5/30:  53%|██████████████████▋                | 31/58 [00:01<00:00, 31.56it/s, loss=0.0012]
  Epoch  5/30:  53%|██████████████████▋                | 31/58 [00:01<00:00, 31.56it/s, loss=0.0008]
  Epoch  5/30:  60%|█████████████████████              | 35/58 [00:01<00:00, 30.61it/s, loss=0.0008]
  Epoch  5/30:  60%|█████████████████████              | 35/58 [00:01<00:00, 30.61it/s, loss=0.0004]
  Epoch  5/30:  60%|█████████████████████              | 35/58 [00:01<00:00, 30.61it/s, loss=0.0009]
  Epoch  5/30:  60%|█████████████████████              | 35/58 [00:01<00:00, 30.61it/s, loss=0.0008]
  Epoch  5/30:  60%|█████████████████████              | 35/58 [00:01<00:00, 30.61it/s, loss=0.0028]
  Epoch  5/30:  67%|███████████████████████▌           | 39/58 [00:01<00:00, 29.67it/s, loss=0.0028]
  Epoch  5/30:  67%|███████████████████████▌           | 39/58 [00:01<00:00, 29.67it/s, loss=0.0008]
  Epoch  5/30:  67%|███████████████████████▌           | 39/58 [00:01<00:00, 29.67it/s, loss=0.0007]
  Epoch  5/30:  67%|███████████████████████▌           | 39/58 [00:01<00:00, 29.67it/s, loss=0.0016]
  Epoch  5/30:  67%|███████████████████████▌           | 39/58 [00:01<00:00, 29.67it/s, loss=0.0009]
  Epoch  5/30:  74%|█████████████████████████▉         | 43/58 [00:01<00:00, 31.84it/s, loss=0.0009]
  Epoch  5/30:  74%|█████████████████████████▉         | 43/58 [00:01<00:00, 31.84it/s, loss=0.0007]
  Epoch  5/30:  74%|█████████████████████████▉         | 43/58 [00:01<00:00, 31.84it/s, loss=0.0009]
  Epoch  5/30:  74%|█████████████████████████▉         | 43/58 [00:01<00:00, 31.84it/s, loss=0.0010]
  Epoch  5/30:  74%|█████████████████████████▉         | 43/58 [00:01<00:00, 31.84it/s, loss=0.0009]
  Epoch  5/30:  81%|████████████████████████████▎      | 47/58 [00:01<00:00, 33.85it/s, loss=0.0009]
  Epoch  5/30:  81%|████████████████████████████▎      | 47/58 [00:01<00:00, 33.85it/s, loss=0.0011]
  Epoch  5/30:  81%|████████████████████████████▎      | 47/58 [00:01<00:00, 33.85it/s, loss=0.0025]
  Epoch  5/30:  81%|████████████████████████████▎      | 47/58 [00:01<00:00, 33.85it/s, loss=0.0004]
  Epoch  5/30:  81%|████████████████████████████▎      | 47/58 [00:01<00:00, 33.85it/s, loss=0.0014]
  Epoch  5/30:  88%|██████████████████████████████▊    | 51/58 [00:01<00:00, 33.92it/s, loss=0.0014]
  Epoch  5/30:  88%|██████████████████████████████▊    | 51/58 [00:01<00:00, 33.92it/s, loss=0.0008]
  Epoch  5/30:  88%|██████████████████████████████▊    | 51/58 [00:01<00:00, 33.92it/s, loss=0.0015]
  Epoch  5/30:  88%|██████████████████████████████▊    | 51/58 [00:01<00:00, 33.92it/s, loss=0.0009]
  Epoch  5/30:  88%|██████████████████████████████▊    | 51/58 [00:01<00:00, 33.92it/s, loss=0.0009]
  Epoch  5/30:  95%|█████████████████████████████████▏ | 55/58 [00:01<00:00, 33.07it/s, loss=0.0009]
  Epoch  5/30:  95%|█████████████████████████████████▏ | 55/58 [00:01<00:00, 33.07it/s, loss=0.0007]
  Epoch  5/30:  95%|█████████████████████████████████▏ | 55/58 [00:01<00:00, 33.07it/s, loss=0.0021]
  Epoch  5/30:  95%|█████████████████████████████████▏ | 55/58 [00:01<00:00, 33.07it/s, loss=0.0035]
                                                                                                    
  Epoch  5/30 │ Loss: 0.0011 │ T+1: 0.7607 │ T+2: 0.4718 │ T+3: 0.2889 ★ NEW BEST

  Epoch  6/30:   0%|                                                         | 0/58 [00:00<?, ?it/s]
  Epoch  6/30:   0%|                                            | 0/58 [00:00<?, ?it/s, loss=0.0005]
  Epoch  6/30:   0%|                                            | 0/58 [00:00<?, ?it/s, loss=0.0004]
  Epoch  6/30:   0%|                                            | 0/58 [00:00<?, ?it/s, loss=0.0007]
  Epoch  6/30:   0%|                                            | 0/58 [00:00<?, ?it/s, loss=0.0013]
  Epoch  6/30:   7%|██▍                                 | 4/58 [00:00<00:01, 32.88it/s, loss=0.0013]
  Epoch  6/30:   7%|██▍                                 | 4/58 [00:00<00:01, 32.88it/s, loss=0.0026]
  Epoch  6/30:   7%|██▍                                 | 4/58 [00:00<00:01, 32.88it/s, loss=0.0019]
  Epoch  6/30:   7%|██▍                                 | 4/58 [00:00<00:01, 32.88it/s, loss=0.0004]
  Epoch  6/30:   7%|██▍                                 | 4/58 [00:00<00:01, 32.88it/s, loss=0.0013]
  Epoch  6/30:  14%|████▉                               | 8/58 [00:00<00:01, 36.31it/s, loss=0.0013]
  Epoch  6/30:  14%|████▉                               | 8/58 [00:00<00:01, 36.31it/s, loss=0.0003]
  Epoch  6/30:  14%|████▉                               | 8/58 [00:00<00:01, 36.31it/s, loss=0.0012]
  Epoch  6/30:  14%|████▉                               | 8/58 [00:00<00:01, 36.31it/s, loss=0.0004]
  Epoch  6/30:  14%|████▉                               | 8/58 [00:00<00:01, 36.31it/s, loss=0.0008]
  Epoch  6/30:  21%|███████▏                           | 12/58 [00:00<00:01, 37.23it/s, loss=0.0008]
  Epoch  6/30:  21%|███████▏                           | 12/58 [00:00<00:01, 37.23it/s, loss=0.0012]
  Epoch  6/30:  21%|███████▏                           | 12/58 [00:00<00:01, 37.23it/s, loss=0.0013]
  Epoch  6/30:  21%|███████▏                           | 12/58 [00:00<00:01, 37.23it/s, loss=0.0013]
  Epoch  6/30:  21%|███████▏                           | 12/58 [00:00<00:01, 37.23it/s, loss=0.0008]
  Epoch  6/30:  28%|█████████▋                         | 16/58 [00:00<00:01, 34.96it/s, loss=0.0008]
  Epoch  6/30:  28%|█████████▋                         | 16/58 [00:00<00:01, 34.96it/s, loss=0.0005]
  Epoch  6/30:  28%|█████████▋                         | 16/58 [00:00<00:01, 34.96it/s, loss=0.0011]
  Epoch  6/30:  28%|█████████▋                         | 16/58 [00:00<00:01, 34.96it/s, loss=0.0013]
  Epoch  6/30:  28%|█████████▋                         | 16/58 [00:00<00:01, 34.96it/s, loss=0.0016]
  Epoch  6/30:  34%|████████████                       | 20/58 [00:00<00:01, 35.68it/s, loss=0.0016]
  Epoch  6/30:  34%|████████████                       | 20/58 [00:00<00:01, 35.68it/s, loss=0.0008]
  Epoch  6/30:  34%|████████████                       | 20/58 [00:00<00:01, 35.68it/s, loss=0.0011]
  Epoch  6/30:  34%|████████████                       | 20/58 [00:00<00:01, 35.68it/s, loss=0.0006]
  Epoch  6/30:  34%|████████████                       | 20/58 [00:00<00:01, 35.68it/s, loss=0.0018]
  Epoch  6/30:  34%|████████████                       | 20/58 [00:00<00:01, 35.68it/s, loss=0.0004]
  Epoch  6/30:  43%|███████████████                    | 25/58 [00:00<00:00, 37.38it/s, loss=0.0004]
  Epoch  6/30:  43%|███████████████                    | 25/58 [00:00<00:00, 37.38it/s, loss=0.0015]
  Epoch  6/30:  43%|███████████████                    | 25/58 [00:00<00:00, 37.38it/s, loss=0.0004]
  Epoch  6/30:  43%|███████████████                    | 25/58 [00:00<00:00, 37.38it/s, loss=0.0011]
  Epoch  6/30:  43%|███████████████                    | 25/58 [00:00<00:00, 37.38it/s, loss=0.0008]
  Epoch  6/30:  50%|█████████████████▌                 | 29/58 [00:00<00:00, 36.90it/s, loss=0.0008]
  Epoch  6/30:  50%|█████████████████▌                 | 29/58 [00:00<00:00, 36.90it/s, loss=0.0014]
  Epoch  6/30:  50%|█████████████████▌                 | 29/58 [00:00<00:00, 36.90it/s, loss=0.0010]
  Epoch  6/30:  50%|█████████████████▌                 | 29/58 [00:00<00:00, 36.90it/s, loss=0.0020]
  Epoch  6/30:  50%|█████████████████▌                 | 29/58 [00:00<00:00, 36.90it/s, loss=0.0027]
  Epoch  6/30:  57%|███████████████████▉               | 33/58 [00:00<00:00, 35.41it/s, loss=0.0027]
  Epoch  6/30:  57%|███████████████████▉               | 33/58 [00:00<00:00, 35.41it/s, loss=0.0018]
  Epoch  6/30:  57%|███████████████████▉               | 33/58 [00:00<00:00, 35.41it/s, loss=0.0012]
  Epoch  6/30:  57%|███████████████████▉               | 33/58 [00:01<00:00, 35.41it/s, loss=0.0010]
  Epoch  6/30:  57%|███████████████████▉               | 33/58 [00:01<00:00, 35.41it/s, loss=0.0010]
  Epoch  6/30:  64%|██████████████████████▎            | 37/58 [00:01<00:00, 34.53it/s, loss=0.0010]
  Epoch  6/30:  64%|██████████████████████▎            | 37/58 [00:01<00:00, 34.53it/s, loss=0.0006]
  Epoch  6/30:  64%|██████████████████████▎            | 37/58 [00:01<00:00, 34.53it/s, loss=0.0007]
  Epoch  6/30:  64%|██████████████████████▎            | 37/58 [00:01<00:00, 34.53it/s, loss=0.0014]
  Epoch  6/30:  64%|██████████████████████▎            | 37/58 [00:01<00:00, 34.53it/s, loss=0.0012]
  Epoch  6/30:  71%|████████████████████████▋          | 41/58 [00:01<00:00, 33.28it/s, loss=0.0012]
  Epoch  6/30:  71%|████████████████████████▋          | 41/58 [00:01<00:00, 33.28it/s, loss=0.0005]
  Epoch  6/30:  71%|████████████████████████▋          | 41/58 [00:01<00:00, 33.28it/s, loss=0.0017]
  Epoch  6/30:  71%|████████████████████████▋          | 41/58 [00:01<00:00, 33.28it/s, loss=0.0015]
  Epoch  6/30:  71%|████████████████████████▋          | 41/58 [00:01<00:00, 33.28it/s, loss=0.0007]
  Epoch  6/30:  78%|███████████████████████████▏       | 45/58 [00:01<00:00, 32.54it/s, loss=0.0007]
  Epoch  6/30:  78%|███████████████████████████▏       | 45/58 [00:01<00:00, 32.54it/s, loss=0.0015]
  Epoch  6/30:  78%|███████████████████████████▏       | 45/58 [00:01<00:00, 32.54it/s, loss=0.0007]
  Epoch  6/30:  78%|███████████████████████████▏       | 45/58 [00:01<00:00, 32.54it/s, loss=0.0006]
  Epoch  6/30:  78%|███████████████████████████▏       | 45/58 [00:01<00:00, 32.54it/s, loss=0.0010]
  Epoch  6/30:  84%|█████████████████████████████▌     | 49/58 [00:01<00:00, 32.62it/s, loss=0.0010]
  Epoch  6/30:  84%|█████████████████████████████▌     | 49/58 [00:01<00:00, 32.62it/s, loss=0.0006]
  Epoch  6/30:  84%|█████████████████████████████▌     | 49/58 [00:01<00:00, 32.62it/s, loss=0.0006]
  Epoch  6/30:  84%|█████████████████████████████▌     | 49/58 [00:01<00:00, 32.62it/s, loss=0.0007]
  Epoch  6/30:  84%|█████████████████████████████▌     | 49/58 [00:01<00:00, 32.62it/s, loss=0.0008]
  Epoch  6/30:  91%|███████████████████████████████▉   | 53/58 [00:01<00:00, 26.07it/s, loss=0.0008]
  Epoch  6/30:  91%|███████████████████████████████▉   | 53/58 [00:01<00:00, 26.07it/s, loss=0.0007]
  Epoch  6/30:  91%|███████████████████████████████▉   | 53/58 [00:01<00:00, 26.07it/s, loss=0.0011]
  Epoch  6/30:  91%|███████████████████████████████▉   | 53/58 [00:01<00:00, 26.07it/s, loss=0.0007]
  Epoch  6/30:  91%|███████████████████████████████▉   | 53/58 [00:01<00:00, 26.07it/s, loss=0.0006]
  Epoch  6/30:  98%|██████████████████████████████████▍| 57/58 [00:01<00:00, 28.70it/s, loss=0.0006]
  Epoch  6/30:  98%|██████████████████████████████████▍| 57/58 [00:01<00:00, 28.70it/s, loss=0.0030]
                                                                                                    

  Epoch  7/30:   0%|                                                         | 0/58 [00:00<?, ?it/s]
  Epoch  7/30:   0%|                                            | 0/58 [00:00<?, ?it/s, loss=0.0015]
  Epoch  7/30:   0%|                                            | 0/58 [00:00<?, ?it/s, loss=0.0015]
  Epoch  7/30:   0%|                                            | 0/58 [00:00<?, ?it/s, loss=0.0005]
  Epoch  7/30:   0%|                                            | 0/58 [00:00<?, ?it/s, loss=0.0006]
  Epoch  7/30:   7%|██▍                                 | 4/58 [00:00<00:01, 33.77it/s, loss=0.0006]
  Epoch  7/30:   7%|██▍                                 | 4/58 [00:00<00:01, 33.77it/s, loss=0.0009]
  Epoch  7/30:   7%|██▍                                 | 4/58 [00:00<00:01, 33.77it/s, loss=0.0013]
  Epoch  7/30:   7%|██▍                                 | 4/58 [00:00<00:01, 33.77it/s, loss=0.0003]
  Epoch  7/30:   7%|██▍                                 | 4/58 [00:00<00:01, 33.77it/s, loss=0.0005]
  Epoch  7/30:  14%|████▉                               | 8/58 [00:00<00:01, 33.18it/s, loss=0.0005]
  Epoch  7/30:  14%|████▉                               | 8/58 [00:00<00:01, 33.18it/s, loss=0.0008]
  Epoch  7/30:  14%|████▉                               | 8/58 [00:00<00:01, 33.18it/s, loss=0.0010]
  Epoch  7/30:  14%|████▉                               | 8/58 [00:00<00:01, 33.18it/s, loss=0.0016]
  Epoch  7/30:  14%|████▉                               | 8/58 [00:00<00:01, 33.18it/s, loss=0.0010]
  Epoch  7/30:  21%|███████▏                           | 12/58 [00:00<00:01, 29.95it/s, loss=0.0010]
  Epoch  7/30:  21%|███████▏                           | 12/58 [00:00<00:01, 29.95it/s, loss=0.0007]
  Epoch  7/30:  21%|███████▏                           | 12/58 [00:00<00:01, 29.95it/s, loss=0.0010]
  Epoch  7/30:  21%|███████▏                           | 12/58 [00:00<00:01, 29.95it/s, loss=0.0026]
  Epoch  7/30:  21%|███████▏                           | 12/58 [00:00<00:01, 29.95it/s, loss=0.0008]
  Epoch  7/30:  28%|█████████▋                         | 16/58 [00:00<00:01, 31.03it/s, loss=0.0008]
  Epoch  7/30:  28%|█████████▋                         | 16/58 [00:00<00:01, 31.03it/s, loss=0.0006]
  Epoch  7/30:  28%|█████████▋                         | 16/58 [00:00<00:01, 31.03it/s, loss=0.0024]
  Epoch  7/30:  28%|█████████▋                         | 16/58 [00:00<00:01, 31.03it/s, loss=0.0007]
  Epoch  7/30:  28%|█████████▋                         | 16/58 [00:00<00:01, 31.03it/s, loss=0.0012]
  Epoch  7/30:  34%|████████████                       | 20/58 [00:00<00:01, 28.85it/s, loss=0.0012]
  Epoch  7/30:  34%|████████████                       | 20/58 [00:00<00:01, 28.85it/s, loss=0.0011]
  Epoch  7/30:  34%|████████████                       | 20/58 [00:00<00:01, 28.85it/s, loss=0.0008]
  Epoch  7/30:  34%|████████████                       | 20/58 [00:00<00:01, 28.85it/s, loss=0.0003]
  Epoch  7/30:  34%|████████████                       | 20/58 [00:00<00:01, 28.85it/s, loss=0.0014]
  Epoch  7/30:  41%|██████████████▍                    | 24/58 [00:00<00:01, 29.55it/s, loss=0.0014]
  Epoch  7/30:  41%|██████████████▍                    | 24/58 [00:00<00:01, 29.55it/s, loss=0.0006]
  Epoch  7/30:  41%|██████████████▍                    | 24/58 [00:00<00:01, 29.55it/s, loss=0.0006]
  Epoch  7/30:  41%|██████████████▍                    | 24/58 [00:00<00:01, 29.55it/s, loss=0.0006]
  Epoch  7/30:  41%|██████████████▍                    | 24/58 [00:00<00:01, 29.55it/s, loss=0.0004]
  Epoch  7/30:  48%|████████████████▉                  | 28/58 [00:00<00:00, 30.34it/s, loss=0.0004]
  Epoch  7/30:  48%|████████████████▉                  | 28/58 [00:00<00:00, 30.34it/s, loss=0.0009]
  Epoch  7/30:  48%|████████████████▉                  | 28/58 [00:00<00:00, 30.34it/s, loss=0.0011]
  Epoch  7/30:  48%|████████████████▉                  | 28/58 [00:01<00:00, 30.34it/s, loss=0.0037]
  Epoch  7/30:  48%|████████████████▉                  | 28/58 [00:01<00:00, 30.34it/s, loss=0.0012]
  Epoch  7/30:  55%|███████████████████▎               | 32/58 [00:01<00:00, 31.69it/s, loss=0.0012]
  Epoch  7/30:  55%|███████████████████▎               | 32/58 [00:01<00:00, 31.69it/s, loss=0.0006]
  Epoch  7/30:  55%|███████████████████▎               | 32/58 [00:01<00:00, 31.69it/s, loss=0.0008]
  Epoch  7/30:  55%|███████████████████▎               | 32/58 [00:01<00:00, 31.69it/s, loss=0.0009]
  Epoch  7/30:  55%|███████████████████▎               | 32/58 [00:01<00:00, 31.69it/s, loss=0.0006]
  Epoch  7/30:  62%|█████████████████████▋             | 36/58 [00:01<00:00, 29.75it/s, loss=0.0006]
  Epoch  7/30:  62%|█████████████████████▋             | 36/58 [00:01<00:00, 29.75it/s, loss=0.0004]
  Epoch  7/30:  62%|█████████████████████▋             | 36/58 [00:01<00:00, 29.75it/s, loss=0.0004]
  Epoch  7/30:  62%|█████████████████████▋             | 36/58 [00:01<00:00, 29.75it/s, loss=0.0008]
  Epoch  7/30:  62%|█████████████████████▋             | 36/58 [00:01<00:00, 29.75it/s, loss=0.0004]
  Epoch  7/30:  69%|████████████████████████▏          | 40/58 [00:01<00:00, 30.48it/s, loss=0.0004]
  Epoch  7/30:  69%|████████████████████████▏          | 40/58 [00:01<00:00, 30.48it/s, loss=0.0009]
  Epoch  7/30:  69%|████████████████████████▏          | 40/58 [00:01<00:00, 30.48it/s, loss=0.0005]
  Epoch  7/30:  69%|████████████████████████▏          | 40/58 [00:01<00:00, 30.48it/s, loss=0.0008]
  Epoch  7/30:  69%|████████████████████████▏          | 40/58 [00:01<00:00, 30.48it/s, loss=0.0006]
  Epoch  7/30:  76%|██████████████████████████▌        | 44/58 [00:01<00:00, 32.23it/s, loss=0.0006]
  Epoch  7/30:  76%|██████████████████████████▌        | 44/58 [00:01<00:00, 32.23it/s, loss=0.0007]
  Epoch  7/30:  76%|██████████████████████████▌        | 44/58 [00:01<00:00, 32.23it/s, loss=0.0018]
  Epoch  7/30:  76%|██████████████████████████▌        | 44/58 [00:01<00:00, 32.23it/s, loss=0.0005]
  Epoch  7/30:  76%|██████████████████████████▌        | 44/58 [00:01<00:00, 32.23it/s, loss=0.0012]
  Epoch  7/30:  83%|████████████████████████████▉      | 48/58 [00:01<00:00, 33.35it/s, loss=0.0012]
  Epoch  7/30:  83%|████████████████████████████▉      | 48/58 [00:01<00:00, 33.35it/s, loss=0.0008]
  Epoch  7/30:  83%|████████████████████████████▉      | 48/58 [00:01<00:00, 33.35it/s, loss=0.0019]
  Epoch  7/30:  83%|████████████████████████████▉      | 48/58 [00:01<00:00, 33.35it/s, loss=0.0006]
  Epoch  7/30:  83%|████████████████████████████▉      | 48/58 [00:01<00:00, 33.35it/s, loss=0.0014]
  Epoch  7/30:  90%|███████████████████████████████▍   | 52/58 [00:01<00:00, 33.28it/s, loss=0.0014]
  Epoch  7/30:  90%|███████████████████████████████▍   | 52/58 [00:01<00:00, 33.28it/s, loss=0.0010]
  Epoch  7/30:  90%|███████████████████████████████▍   | 52/58 [00:01<00:00, 33.28it/s, loss=0.0013]
  Epoch  7/30:  90%|███████████████████████████████▍   | 52/58 [00:01<00:00, 33.28it/s, loss=0.0010]
  Epoch  7/30:  90%|███████████████████████████████▍   | 52/58 [00:01<00:00, 33.28it/s, loss=0.0006]
  Epoch  7/30:  97%|█████████████████████████████████▊ | 56/58 [00:01<00:00, 34.38it/s, loss=0.0006]
  Epoch  7/30:  97%|█████████████████████████████████▊ | 56/58 [00:01<00:00, 34.38it/s, loss=0.0016]
  Epoch  7/30:  97%|█████████████████████████████████▊ | 56/58 [00:01<00:00, 34.38it/s, loss=0.0000]
                                                                                                    

  Epoch  8/30:   0%|                                                         | 0/58 [00:00<?, ?it/s]
  Epoch  8/30:   0%|                                            | 0/58 [00:00<?, ?it/s, loss=0.0012]
  Epoch  8/30:   0%|                                            | 0/58 [00:00<?, ?it/s, loss=0.0007]
  Epoch  8/30:   0%|                                            | 0/58 [00:00<?, ?it/s, loss=0.0005]
  Epoch  8/30:   0%|                                            | 0/58 [00:00<?, ?it/s, loss=0.0009]
  Epoch  8/30:   7%|██▍                                 | 4/58 [00:00<00:01, 30.33it/s, loss=0.0009]
  Epoch  8/30:   7%|██▍                                 | 4/58 [00:00<00:01, 30.33it/s, loss=0.0004]
  Epoch  8/30:   7%|██▍                                 | 4/58 [00:00<00:01, 30.33it/s, loss=0.0012]
  Epoch  8/30:   7%|██▍                                 | 4/58 [00:00<00:01, 30.33it/s, loss=0.0016]
  Epoch  8/30:   7%|██▍                                 | 4/58 [00:00<00:01, 30.33it/s, loss=0.0005]
  Epoch  8/30:  14%|████▉                               | 8/58 [00:00<00:01, 28.72it/s, loss=0.0005]
  Epoch  8/30:  14%|████▉                               | 8/58 [00:00<00:01, 28.72it/s, loss=0.0019]
  Epoch  8/30:  14%|████▉                               | 8/58 [00:00<00:01, 28.72it/s, loss=0.0006]
  Epoch  8/30:  14%|████▉                               | 8/58 [00:00<00:01, 28.72it/s, loss=0.0009]
  Epoch  8/30:  19%|██████▋                            | 11/58 [00:00<00:01, 28.55it/s, loss=0.0009]
  Epoch  8/30:  19%|██████▋                            | 11/58 [00:00<00:01, 28.55it/s, loss=0.0004]
  Epoch  8/30:  19%|██████▋                            | 11/58 [00:00<00:01, 28.55it/s, loss=0.0008]
  Epoch  8/30:  19%|██████▋                            | 11/58 [00:00<00:01, 28.55it/s, loss=0.0007]
  Epoch  8/30:  24%|████████▍                          | 14/58 [00:00<00:01, 27.82it/s, loss=0.0007]
  Epoch  8/30:  24%|████████▍                          | 14/58 [00:00<00:01, 27.82it/s, loss=0.0008]
  Epoch  8/30:  24%|████████▍                          | 14/58 [00:00<00:01, 27.82it/s, loss=0.0010]
  Epoch  8/30:  24%|████████▍                          | 14/58 [00:00<00:01, 27.82it/s, loss=0.0009]
  Epoch  8/30:  29%|██████████▎                        | 17/58 [00:00<00:01, 27.11it/s, loss=0.0009]
  Epoch  8/30:  29%|██████████▎                        | 17/58 [00:00<00:01, 27.11it/s, loss=0.0034]
  Epoch  8/30:  29%|██████████▎                        | 17/58 [00:00<00:01, 27.11it/s, loss=0.0020]
  Epoch  8/30:  29%|██████████▎                        | 17/58 [00:00<00:01, 27.11it/s, loss=0.0025]
  Epoch  8/30:  34%|████████████                       | 20/58 [00:00<00:01, 26.15it/s, loss=0.0025]
  Epoch  8/30:  34%|████████████                       | 20/58 [00:00<00:01, 26.15it/s, loss=0.0007]
  Epoch  8/30:  34%|████████████                       | 20/58 [00:00<00:01, 26.15it/s, loss=0.0011]
  Epoch  8/30:  34%|████████████                       | 20/58 [00:00<00:01, 26.15it/s, loss=0.0006]
  Epoch  8/30:  40%|█████████████▉                     | 23/58 [00:00<00:01, 25.04it/s, loss=0.0006]
  Epoch  8/30:  40%|█████████████▉                     | 23/58 [00:00<00:01, 25.04it/s, loss=0.0009]
  Epoch  8/30:  40%|█████████████▉                     | 23/58 [00:00<00:01, 25.04it/s, loss=0.0013]
  Epoch  8/30:  40%|█████████████▉                     | 23/58 [00:00<00:01, 25.04it/s, loss=0.0022]
  Epoch  8/30:  45%|███████████████▋                   | 26/58 [00:00<00:01, 25.47it/s, loss=0.0022]
  Epoch  8/30:  45%|███████████████▋                   | 26/58 [00:01<00:01, 25.47it/s, loss=0.0015]
  Epoch  8/30:  45%|███████████████▋                   | 26/58 [00:01<00:01, 25.47it/s, loss=0.0010]
  Epoch  8/30:  45%|███████████████▋                   | 26/58 [00:01<00:01, 25.47it/s, loss=0.0015]
  Epoch  8/30:  50%|█████████████████▌                 | 29/58 [00:01<00:01, 24.81it/s, loss=0.0015]
  Epoch  8/30:  50%|█████████████████▌                 | 29/58 [00:01<00:01, 24.81it/s, loss=0.0006]
  Epoch  8/30:  50%|█████████████████▌                 | 29/58 [00:01<00:01, 24.81it/s, loss=0.0011]
  Epoch  8/30:  50%|█████████████████▌                 | 29/58 [00:01<00:01, 24.81it/s, loss=0.0009]
  Epoch  8/30:  55%|███████████████████▎               | 32/58 [00:01<00:01, 25.50it/s, loss=0.0009]
  Epoch  8/30:  55%|███████████████████▎               | 32/58 [00:01<00:01, 25.50it/s, loss=0.0006]
  Epoch  8/30:  55%|███████████████████▎               | 32/58 [00:01<00:01, 25.50it/s, loss=0.0017]
  Epoch  8/30:  55%|███████████████████▎               | 32/58 [00:01<00:01, 25.50it/s, loss=0.0008]
  Epoch  8/30:  60%|█████████████████████              | 35/58 [00:01<00:00, 25.27it/s, loss=0.0008]
  Epoch  8/30:  60%|█████████████████████              | 35/58 [00:01<00:00, 25.27it/s, loss=0.0006]
  Epoch  8/30:  60%|█████████████████████              | 35/58 [00:01<00:00, 25.27it/s, loss=0.0007]
  Epoch  8/30:  60%|█████████████████████              | 35/58 [00:01<00:00, 25.27it/s, loss=0.0007]
  Epoch  8/30:  66%|██████████████████████▉            | 38/58 [00:01<00:00, 25.64it/s, loss=0.0007]
  Epoch  8/30:  66%|██████████████████████▉            | 38/58 [00:01<00:00, 25.64it/s, loss=0.0007]
  Epoch  8/30:  66%|██████████████████████▉            | 38/58 [00:01<00:00, 25.64it/s, loss=0.0004]
  Epoch  8/30:  66%|██████████████████████▉            | 38/58 [00:01<00:00, 25.64it/s, loss=0.0008]
  Epoch  8/30:  71%|████████████████████████▋          | 41/58 [00:01<00:00, 26.26it/s, loss=0.0008]
  Epoch  8/30:  71%|████████████████████████▋          | 41/58 [00:01<00:00, 26.26it/s, loss=0.0010]
  Epoch  8/30:  71%|████████████████████████▋          | 41/58 [00:01<00:00, 26.26it/s, loss=0.0014]
  Epoch  8/30:  71%|████████████████████████▋          | 41/58 [00:01<00:00, 26.26it/s, loss=0.0005]
  Epoch  8/30:  76%|██████████████████████████▌        | 44/58 [00:01<00:00, 26.45it/s, loss=0.0005]
  Epoch  8/30:  76%|██████████████████████████▌        | 44/58 [00:01<00:00, 26.45it/s, loss=0.0011]
  Epoch  8/30:  76%|██████████████████████████▌        | 44/58 [00:01<00:00, 26.45it/s, loss=0.0010]
  Epoch  8/30:  76%|██████████████████████████▌        | 44/58 [00:01<00:00, 26.45it/s, loss=0.0006]
  Epoch  8/30:  81%|████████████████████████████▎      | 47/58 [00:01<00:00, 26.96it/s, loss=0.0006]
  Epoch  8/30:  81%|████████████████████████████▎      | 47/58 [00:01<00:00, 26.96it/s, loss=0.0009]
  Epoch  8/30:  81%|████████████████████████████▎      | 47/58 [00:01<00:00, 26.96it/s, loss=0.0007]
  Epoch  8/30:  81%|████████████████████████████▎      | 47/58 [00:01<00:00, 26.96it/s, loss=0.0006]
  Epoch  8/30:  86%|██████████████████████████████▏    | 50/58 [00:01<00:00, 27.01it/s, loss=0.0006]
  Epoch  8/30:  86%|██████████████████████████████▏    | 50/58 [00:01<00:00, 27.01it/s, loss=0.0004]
  Epoch  8/30:  86%|██████████████████████████████▏    | 50/58 [00:01<00:00, 27.01it/s, loss=0.0005]
  Epoch  8/30:  86%|██████████████████████████████▏    | 50/58 [00:01<00:00, 27.01it/s, loss=0.0007]
  Epoch  8/30:  91%|███████████████████████████████▉   | 53/58 [00:01<00:00, 27.81it/s, loss=0.0007]
  Epoch  8/30:  91%|███████████████████████████████▉   | 53/58 [00:02<00:00, 27.81it/s, loss=0.0008]
  Epoch  8/30:  91%|███████████████████████████████▉   | 53/58 [00:02<00:00, 27.81it/s, loss=0.0007]
  Epoch  8/30:  91%|███████████████████████████████▉   | 53/58 [00:02<00:00, 27.81it/s, loss=0.0004]
  Epoch  8/30:  97%|█████████████████████████████████▊ | 56/58 [00:02<00:00, 28.17it/s, loss=0.0004]
  Epoch  8/30:  97%|█████████████████████████████████▊ | 56/58 [00:02<00:00, 28.17it/s, loss=0.0013]
  Epoch  8/30:  97%|█████████████████████████████████▊ | 56/58 [00:02<00:00, 28.17it/s, loss=0.0021]
                                                                                                    

  Epoch  9/30:   0%|                                                         | 0/58 [00:00<?, ?it/s]
  Epoch  9/30:   0%|                                            | 0/58 [00:00<?, ?it/s, loss=0.0008]
  Epoch  9/30:   0%|                                            | 0/58 [00:00<?, ?it/s, loss=0.0004]
  Epoch  9/30:   0%|                                            | 0/58 [00:00<?, ?it/s, loss=0.0002]
  Epoch  9/30:   5%|█▊                                  | 3/58 [00:00<00:01, 27.86it/s, loss=0.0002]
  Epoch  9/30:   5%|█▊                                  | 3/58 [00:00<00:01, 27.86it/s, loss=0.0008]
  Epoch  9/30:   5%|█▊                                  | 3/58 [00:00<00:01, 27.86it/s, loss=0.0015]
  Epoch  9/30:   5%|█▊                                  | 3/58 [00:00<00:01, 27.86it/s, loss=0.0012]
  Epoch  9/30:   5%|█▊                                  | 3/58 [00:00<00:01, 27.86it/s, loss=0.0005]
  Epoch  9/30:  12%|████▎                               | 7/58 [00:00<00:01, 30.79it/s, loss=0.0005]
  Epoch  9/30:  12%|████▎                               | 7/58 [00:00<00:01, 30.79it/s, loss=0.0019]
  Epoch  9/30:  12%|████▎                               | 7/58 [00:00<00:01, 30.79it/s, loss=0.0007]
  Epoch  9/30:  12%|████▎                               | 7/58 [00:00<00:01, 30.79it/s, loss=0.0008]
  Epoch  9/30:  12%|████▎                               | 7/58 [00:00<00:01, 30.79it/s, loss=0.0010]
  Epoch  9/30:  19%|██████▋                            | 11/58 [00:00<00:01, 28.53it/s, loss=0.0010]
  Epoch  9/30:  19%|██████▋                            | 11/58 [00:00<00:01, 28.53it/s, loss=0.0009]
  Epoch  9/30:  19%|██████▋                            | 11/58 [00:00<00:01, 28.53it/s, loss=0.0012]
  Epoch  9/30:  19%|██████▋                            | 11/58 [00:00<00:01, 28.53it/s, loss=0.0006]
  Epoch  9/30:  24%|████████▍                          | 14/58 [00:00<00:01, 28.44it/s, loss=0.0006]
  Epoch  9/30:  24%|████████▍                          | 14/58 [00:00<00:01, 28.44it/s, loss=0.0011]
  Epoch  9/30:  24%|████████▍                          | 14/58 [00:00<00:01, 28.44it/s, loss=0.0009]
  Epoch  9/30:  24%|████████▍                          | 14/58 [00:00<00:01, 28.44it/s, loss=0.0012]
  Epoch  9/30:  29%|██████████▎                        | 17/58 [00:00<00:01, 28.06it/s, loss=0.0012]
  Epoch  9/30:  29%|██████████▎                        | 17/58 [00:00<00:01, 28.06it/s, loss=0.0008]
  Epoch  9/30:  29%|██████████▎                        | 17/58 [00:00<00:01, 28.06it/s, loss=0.0012]
  Epoch  9/30:  29%|██████████▎                        | 17/58 [00:00<00:01, 28.06it/s, loss=0.0004]
  Epoch  9/30:  34%|████████████                       | 20/58 [00:00<00:01, 28.50it/s, loss=0.0004]
  Epoch  9/30:  34%|████████████                       | 20/58 [00:00<00:01, 28.50it/s, loss=0.0009]
  Epoch  9/30:  34%|████████████                       | 20/58 [00:00<00:01, 28.50it/s, loss=0.0027]
  Epoch  9/30:  34%|████████████                       | 20/58 [00:00<00:01, 28.50it/s, loss=0.0006]
  Epoch  9/30:  40%|█████████████▉                     | 23/58 [00:00<00:01, 27.09it/s, loss=0.0006]
  Epoch  9/30:  40%|█████████████▉                     | 23/58 [00:00<00:01, 27.09it/s, loss=0.0012]
  Epoch  9/30:  40%|█████████████▉                     | 23/58 [00:00<00:01, 27.09it/s, loss=0.0006]
  Epoch  9/30:  40%|█████████████▉                     | 23/58 [00:00<00:01, 27.09it/s, loss=0.0021]
  Epoch  9/30:  45%|███████████████▋                   | 26/58 [00:00<00:01, 27.40it/s, loss=0.0021]
  Epoch  9/30:  45%|███████████████▋                   | 26/58 [00:00<00:01, 27.40it/s, loss=0.0013]
  Epoch  9/30:  45%|███████████████▋                   | 26/58 [00:00<00:01, 27.40it/s, loss=0.0006]
  Epoch  9/30:  45%|███████████████▋                   | 26/58 [00:01<00:01, 27.40it/s, loss=0.0009]
  Epoch  9/30:  50%|█████████████████▌                 | 29/58 [00:01<00:01, 27.78it/s, loss=0.0009]
  Epoch  9/30:  50%|█████████████████▌                 | 29/58 [00:01<00:01, 27.78it/s, loss=0.0024]
  Epoch  9/30:  50%|█████████████████▌                 | 29/58 [00:01<00:01, 27.78it/s, loss=0.0015]
  Epoch  9/30:  50%|█████████████████▌                 | 29/58 [00:01<00:01, 27.78it/s, loss=0.0021]
  Epoch  9/30:  55%|███████████████████▎               | 32/58 [00:01<00:00, 28.08it/s, loss=0.0021]
  Epoch  9/30:  55%|███████████████████▎               | 32/58 [00:01<00:00, 28.08it/s, loss=0.0005]
  Epoch  9/30:  55%|███████████████████▎               | 32/58 [00:01<00:00, 28.08it/s, loss=0.0011]
  Epoch  9/30:  55%|███████████████████▎               | 32/58 [00:01<00:00, 28.08it/s, loss=0.0009]
  Epoch  9/30:  60%|█████████████████████              | 35/58 [00:01<00:00, 27.64it/s, loss=0.0009]
  Epoch  9/30:  60%|█████████████████████              | 35/58 [00:01<00:00, 27.64it/s, loss=0.0004]
  Epoch  9/30:  60%|█████████████████████              | 35/58 [00:01<00:00, 27.64it/s, loss=0.0013]
  Epoch  9/30:  60%|█████████████████████              | 35/58 [00:01<00:00, 27.64it/s, loss=0.0010]
  Epoch  9/30:  66%|██████████████████████▉            | 38/58 [00:01<00:00, 27.88it/s, loss=0.0010]
  Epoch  9/30:  66%|██████████████████████▉            | 38/58 [00:01<00:00, 27.88it/s, loss=0.0006]
  Epoch  9/30:  66%|██████████████████████▉            | 38/58 [00:01<00:00, 27.88it/s, loss=0.0009]
  Epoch  9/30:  66%|██████████████████████▉            | 38/58 [00:01<00:00, 27.88it/s, loss=0.0007]
  Epoch  9/30:  71%|████████████████████████▋          | 41/58 [00:01<00:00, 28.43it/s, loss=0.0007]
  Epoch  9/30:  71%|████████████████████████▋          | 41/58 [00:01<00:00, 28.43it/s, loss=0.0005]
  Epoch  9/30:  71%|████████████████████████▋          | 41/58 [00:01<00:00, 28.43it/s, loss=0.0011]
  Epoch  9/30:  71%|████████████████████████▋          | 41/58 [00:01<00:00, 28.43it/s, loss=0.0026]
  Epoch  9/30:  71%|████████████████████████▋          | 41/58 [00:01<00:00, 28.43it/s, loss=0.0008]
  Epoch  9/30:  78%|███████████████████████████▏       | 45/58 [00:01<00:00, 28.97it/s, loss=0.0008]
  Epoch  9/30:  78%|███████████████████████████▏       | 45/58 [00:01<00:00, 28.97it/s, loss=0.0009]
  Epoch  9/30:  78%|███████████████████████████▏       | 45/58 [00:01<00:00, 28.97it/s, loss=0.0008]
  Epoch  9/30:  78%|███████████████████████████▏       | 45/58 [00:01<00:00, 28.97it/s, loss=0.0010]
  Epoch  9/30:  83%|████████████████████████████▉      | 48/58 [00:01<00:00, 29.07it/s, loss=0.0010]
  Epoch  9/30:  83%|████████████████████████████▉      | 48/58 [00:01<00:00, 29.07it/s, loss=0.0005]
  Epoch  9/30:  83%|████████████████████████████▉      | 48/58 [00:01<00:00, 29.07it/s, loss=0.0006]
  Epoch  9/30:  83%|████████████████████████████▉      | 48/58 [00:01<00:00, 29.07it/s, loss=0.0008]
  Epoch  9/30:  83%|████████████████████████████▉      | 48/58 [00:01<00:00, 29.07it/s, loss=0.0005]
  Epoch  9/30:  90%|███████████████████████████████▍   | 52/58 [00:01<00:00, 30.03it/s, loss=0.0005]
  Epoch  9/30:  90%|███████████████████████████████▍   | 52/58 [00:01<00:00, 30.03it/s, loss=0.0026]
  Epoch  9/30:  90%|███████████████████████████████▍   | 52/58 [00:01<00:00, 30.03it/s, loss=0.0003]
  Epoch  9/30:  90%|███████████████████████████████▍   | 52/58 [00:01<00:00, 30.03it/s, loss=0.0004]
  Epoch  9/30:  90%|███████████████████████████████▍   | 52/58 [00:01<00:00, 30.03it/s, loss=0.0002]
  Epoch  9/30:  97%|█████████████████████████████████▊ | 56/58 [00:01<00:00, 30.22it/s, loss=0.0002]
  Epoch  9/30:  97%|█████████████████████████████████▊ | 56/58 [00:01<00:00, 30.22it/s, loss=0.0006]
  Epoch  9/30:  97%|█████████████████████████████████▊ | 56/58 [00:02<00:00, 30.22it/s, loss=0.0001]
                                                                                                    

  Epoch 10/30:   0%|                                                         | 0/58 [00:00<?, ?it/s]
  Epoch 10/30:   0%|                                            | 0/58 [00:00<?, ?it/s, loss=0.0004]
  Epoch 10/30:   0%|                                            | 0/58 [00:00<?, ?it/s, loss=0.0009]
  Epoch 10/30:   0%|                                            | 0/58 [00:00<?, ?it/s, loss=0.0005]
  Epoch 10/30:   5%|█▊                                  | 3/58 [00:00<00:02, 27.08it/s, loss=0.0005]
  Epoch 10/30:   5%|█▊                                  | 3/58 [00:00<00:02, 27.08it/s, loss=0.0013]
  Epoch 10/30:   5%|█▊                                  | 3/58 [00:00<00:02, 27.08it/s, loss=0.0002]
  Epoch 10/30:   5%|█▊                                  | 3/58 [00:00<00:02, 27.08it/s, loss=0.0007]
  Epoch 10/30:  10%|███▋                                | 6/58 [00:00<00:01, 28.09it/s, loss=0.0007]
  Epoch 10/30:  10%|███▋                                | 6/58 [00:00<00:01, 28.09it/s, loss=0.0009]
  Epoch 10/30:  10%|███▋                                | 6/58 [00:00<00:01, 28.09it/s, loss=0.0007]
  Epoch 10/30:  10%|███▋                                | 6/58 [00:00<00:01, 28.09it/s, loss=0.0008]
  Epoch 10/30:  16%|█████▌                              | 9/58 [00:00<00:01, 28.53it/s, loss=0.0008]
  Epoch 10/30:  16%|█████▌                              | 9/58 [00:00<00:01, 28.53it/s, loss=0.0010]
  Epoch 10/30:  16%|█████▌                              | 9/58 [00:00<00:01, 28.53it/s, loss=0.0006]
  Epoch 10/30:  16%|█████▌                              | 9/58 [00:00<00:01, 28.53it/s, loss=0.0006]
  Epoch 10/30:  21%|███████▏                           | 12/58 [00:00<00:01, 29.07it/s, loss=0.0006]
  Epoch 10/30:  21%|███████▏                           | 12/58 [00:00<00:01, 29.07it/s, loss=0.0005]
  Epoch 10/30:  21%|███████▏                           | 12/58 [00:00<00:01, 29.07it/s, loss=0.0006]
  Epoch 10/30:  21%|███████▏                           | 12/58 [00:00<00:01, 29.07it/s, loss=0.0010]
  Epoch 10/30:  26%|█████████                          | 15/58 [00:00<00:01, 27.86it/s, loss=0.0010]
  Epoch 10/30:  26%|█████████                          | 15/58 [00:00<00:01, 27.86it/s, loss=0.0009]
  Epoch 10/30:  26%|█████████                          | 15/58 [00:00<00:01, 27.86it/s, loss=0.0015]
  Epoch 10/30:  26%|█████████                          | 15/58 [00:00<00:01, 27.86it/s, loss=0.0005]
  Epoch 10/30:  31%|██████████▊                        | 18/58 [00:00<00:01, 27.36it/s, loss=0.0005]
  Epoch 10/30:  31%|██████████▊                        | 18/58 [00:00<00:01, 27.36it/s, loss=0.0009]
  Epoch 10/30:  31%|██████████▊                        | 18/58 [00:00<00:01, 27.36it/s, loss=0.0014]
  Epoch 10/30:  31%|██████████▊                        | 18/58 [00:00<00:01, 27.36it/s, loss=0.0010]
  Epoch 10/30:  36%|████████████▋                      | 21/58 [00:00<00:01, 26.61it/s, loss=0.0010]
  Epoch 10/30:  36%|████████████▋                      | 21/58 [00:00<00:01, 26.61it/s, loss=0.0006]
  Epoch 10/30:  36%|████████████▋                      | 21/58 [00:00<00:01, 26.61it/s, loss=0.0007]
  Epoch 10/30:  36%|████████████▋                      | 21/58 [00:00<00:01, 26.61it/s, loss=0.0011]
  Epoch 10/30:  41%|██████████████▍                    | 24/58 [00:00<00:01, 25.71it/s, loss=0.0011]
  Epoch 10/30:  41%|██████████████▍                    | 24/58 [00:00<00:01, 25.71it/s, loss=0.0004]
  Epoch 10/30:  41%|██████████████▍                    | 24/58 [00:00<00:01, 25.71it/s, loss=0.0013]
  Epoch 10/30:  41%|██████████████▍                    | 24/58 [00:01<00:01, 25.71it/s, loss=0.0003]
  Epoch 10/30:  47%|████████████████▎                  | 27/58 [00:01<00:01, 25.31it/s, loss=0.0003]
  Epoch 10/30:  47%|████████████████▎                  | 27/58 [00:01<00:01, 25.31it/s, loss=0.0024]
  Epoch 10/30:  47%|████████████████▎                  | 27/58 [00:01<00:01, 25.31it/s, loss=0.0015]
  Epoch 10/30:  47%|████████████████▎                  | 27/58 [00:01<00:01, 25.31it/s, loss=0.0014]
  Epoch 10/30:  52%|██████████████████                 | 30/58 [00:01<00:01, 25.96it/s, loss=0.0014]
  Epoch 10/30:  52%|██████████████████                 | 30/58 [00:01<00:01, 25.96it/s, loss=0.0003]
  Epoch 10/30:  52%|██████████████████                 | 30/58 [00:01<00:01, 25.96it/s, loss=0.0009]
  Epoch 10/30:  52%|██████████████████                 | 30/58 [00:01<00:01, 25.96it/s, loss=0.0011]
  Epoch 10/30:  57%|███████████████████▉               | 33/58 [00:01<00:00, 26.53it/s, loss=0.0011]
  Epoch 10/30:  57%|███████████████████▉               | 33/58 [00:01<00:00, 26.53it/s, loss=0.0003]
  Epoch 10/30:  57%|███████████████████▉               | 33/58 [00:01<00:00, 26.53it/s, loss=0.0012]
  Epoch 10/30:  57%|███████████████████▉               | 33/58 [00:01<00:00, 26.53it/s, loss=0.0024]
  Epoch 10/30:  62%|█████████████████████▋             | 36/58 [00:01<00:00, 26.41it/s, loss=0.0024]
  Epoch 10/30:  62%|█████████████████████▋             | 36/58 [00:01<00:00, 26.41it/s, loss=0.0012]
  Epoch 10/30:  62%|█████████████████████▋             | 36/58 [00:01<00:00, 26.41it/s, loss=0.0010]
  Epoch 10/30:  62%|█████████████████████▋             | 36/58 [00:01<00:00, 26.41it/s, loss=0.0013]
  Epoch 10/30:  67%|███████████████████████▌           | 39/58 [00:01<00:00, 27.06it/s, loss=0.0013]
  Epoch 10/30:  67%|███████████████████████▌           | 39/58 [00:01<00:00, 27.06it/s, loss=0.0012]
  Epoch 10/30:  67%|███████████████████████▌           | 39/58 [00:01<00:00, 27.06it/s, loss=0.0006]
  Epoch 10/30:  67%|███████████████████████▌           | 39/58 [00:01<00:00, 27.06it/s, loss=0.0022]
  Epoch 10/30:  72%|█████████████████████████▎         | 42/58 [00:01<00:00, 27.02it/s, loss=0.0022]
  Epoch 10/30:  72%|█████████████████████████▎         | 42/58 [00:01<00:00, 27.02it/s, loss=0.0005]
  Epoch 10/30:  72%|█████████████████████████▎         | 42/58 [00:01<00:00, 27.02it/s, loss=0.0004]
  Epoch 10/30:  72%|█████████████████████████▎         | 42/58 [00:01<00:00, 27.02it/s, loss=0.0019]
  Epoch 10/30:  78%|███████████████████████████▏       | 45/58 [00:01<00:00, 26.89it/s, loss=0.0019]
  Epoch 10/30:  78%|███████████████████████████▏       | 45/58 [00:01<00:00, 26.89it/s, loss=0.0008]
  Epoch 10/30:  78%|███████████████████████████▏       | 45/58 [00:01<00:00, 26.89it/s, loss=0.0005]
  Epoch 10/30:  78%|███████████████████████████▏       | 45/58 [00:01<00:00, 26.89it/s, loss=0.0009]
  Epoch 10/30:  78%|███████████████████████████▏       | 45/58 [00:01<00:00, 26.89it/s, loss=0.0018]
  Epoch 10/30:  84%|█████████████████████████████▌     | 49/58 [00:01<00:00, 27.68it/s, loss=0.0018]
  Epoch 10/30:  84%|█████████████████████████████▌     | 49/58 [00:01<00:00, 27.68it/s, loss=0.0009]
  Epoch 10/30:  84%|█████████████████████████████▌     | 49/58 [00:01<00:00, 27.68it/s, loss=0.0004]
  Epoch 10/30:  84%|█████████████████████████████▌     | 49/58 [00:01<00:00, 27.68it/s, loss=0.0007]
  Epoch 10/30:  90%|███████████████████████████████▍   | 52/58 [00:01<00:00, 27.18it/s, loss=0.0007]
  Epoch 10/30:  90%|███████████████████████████████▍   | 52/58 [00:01<00:00, 27.18it/s, loss=0.0005]
  Epoch 10/30:  90%|███████████████████████████████▍   | 52/58 [00:02<00:00, 27.18it/s, loss=0.0010]
  Epoch 10/30:  90%|███████████████████████████████▍   | 52/58 [00:02<00:00, 27.18it/s, loss=0.0006]
  Epoch 10/30:  95%|█████████████████████████████████▏ | 55/58 [00:02<00:00, 26.88it/s, loss=0.0006]
  Epoch 10/30:  95%|█████████████████████████████████▏ | 55/58 [00:02<00:00, 26.88it/s, loss=0.0009]
  Epoch 10/30:  95%|█████████████████████████████████▏ | 55/58 [00:02<00:00, 26.88it/s, loss=0.0004]
  Epoch 10/30:  95%|█████████████████████████████████▏ | 55/58 [00:02<00:00, 26.88it/s, loss=0.0001]
                                                                                                    
  Epoch 10/30 │ Loss: 0.0009 │ T+1: 0.8048 │ T+2: 0.5868 │ T+3: 0.3636 ★ NEW BEST

  Epoch 11/30:   0%|                                                         | 0/58 [00:00<?, ?it/s]
  Epoch 11/30:   0%|                                            | 0/58 [00:00<?, ?it/s, loss=0.0003]
  Epoch 11/30:   0%|                                            | 0/58 [00:00<?, ?it/s, loss=0.0009]
  Epoch 11/30:   0%|                                            | 0/58 [00:00<?, ?it/s, loss=0.0008]
  Epoch 11/30:   5%|█▊                                  | 3/58 [00:00<00:02, 26.88it/s, loss=0.0008]
  Epoch 11/30:   5%|█▊                                  | 3/58 [00:00<00:02, 26.88it/s, loss=0.0002]
  Epoch 11/30:   5%|█▊                                  | 3/58 [00:00<00:02, 26.88it/s, loss=0.0019]
  Epoch 11/30:   5%|█▊                                  | 3/58 [00:00<00:02, 26.88it/s, loss=0.0007]
  Epoch 11/30:  10%|███▋                                | 6/58 [00:00<00:01, 26.39it/s, loss=0.0007]
  Epoch 11/30:  10%|███▋                                | 6/58 [00:00<00:01, 26.39it/s, loss=0.0030]
  Epoch 11/30:  10%|███▋                                | 6/58 [00:00<00:01, 26.39it/s, loss=0.0018]
  Epoch 11/30:  10%|███▋                                | 6/58 [00:00<00:01, 26.39it/s, loss=0.0013]
  Epoch 11/30:  16%|█████▌                              | 9/58 [00:00<00:01, 26.70it/s, loss=0.0013]
  Epoch 11/30:  16%|█████▌                              | 9/58 [00:00<00:01, 26.70it/s, loss=0.0010]
  Epoch 11/30:  16%|█████▌                              | 9/58 [00:00<00:01, 26.70it/s, loss=0.0009]
  Epoch 11/30:  16%|█████▌                              | 9/58 [00:00<00:01, 26.70it/s, loss=0.0004]
  Epoch 11/30:  21%|███████▏                           | 12/58 [00:00<00:01, 26.69it/s, loss=0.0004]
  Epoch 11/30:  21%|███████▏                           | 12/58 [00:00<00:01, 26.69it/s, loss=0.0016]
  Epoch 11/30:  21%|███████▏                           | 12/58 [00:00<00:01, 26.69it/s, loss=0.0007]
  Epoch 11/30:  21%|███████▏                           | 12/58 [00:00<00:01, 26.69it/s, loss=0.0007]
  Epoch 11/30:  26%|█████████                          | 15/58 [00:00<00:01, 25.81it/s, loss=0.0007]
  Epoch 11/30:  26%|█████████                          | 15/58 [00:00<00:01, 25.81it/s, loss=0.0008]
  Epoch 11/30:  26%|█████████                          | 15/58 [00:00<00:01, 25.81it/s, loss=0.0011]
  Epoch 11/30:  26%|█████████                          | 15/58 [00:00<00:01, 25.81it/s, loss=0.0008]
  Epoch 11/30:  31%|██████████▊                        | 18/58 [00:00<00:01, 25.61it/s, loss=0.0008]
  Epoch 11/30:  31%|██████████▊                        | 18/58 [00:00<00:01, 25.61it/s, loss=0.0003]
  Epoch 11/30:  31%|██████████▊                        | 18/58 [00:00<00:01, 25.61it/s, loss=0.0005]
  Epoch 11/30:  31%|██████████▊                        | 18/58 [00:00<00:01, 25.61it/s, loss=0.0016]
  Epoch 11/30:  36%|████████████▋                      | 21/58 [00:00<00:01, 26.89it/s, loss=0.0016]
  Epoch 11/30:  36%|████████████▋                      | 21/58 [00:00<00:01, 26.89it/s, loss=0.0007]
  Epoch 11/30:  36%|████████████▋                      | 21/58 [00:00<00:01, 26.89it/s, loss=0.0006]
  Epoch 11/30:  36%|████████████▋                      | 21/58 [00:00<00:01, 26.89it/s, loss=0.0006]
  Epoch 11/30:  41%|██████████████▍                    | 24/58 [00:00<00:01, 27.28it/s, loss=0.0006]
  Epoch 11/30:  41%|██████████████▍                    | 24/58 [00:00<00:01, 27.28it/s, loss=0.0008]
  Epoch 11/30:  41%|██████████████▍                    | 24/58 [00:00<00:01, 27.28it/s, loss=0.0010]
  Epoch 11/30:  41%|██████████████▍                    | 24/58 [00:00<00:01, 27.28it/s, loss=0.0008]
  Epoch 11/30:  41%|██████████████▍                    | 24/58 [00:01<00:01, 27.28it/s, loss=0.0003]
  Epoch 11/30:  48%|████████████████▉                  | 28/58 [00:01<00:01, 28.97it/s, loss=0.0003]
  Epoch 11/30:  48%|████████████████▉                  | 28/58 [00:01<00:01, 28.97it/s, loss=0.0007]
  Epoch 11/30:  48%|████████████████▉                  | 28/58 [00:01<00:01, 28.97it/s, loss=0.0015]
  Epoch 11/30:  48%|████████████████▉                  | 28/58 [00:01<00:01, 28.97it/s, loss=0.0005]
  Epoch 11/30:  53%|██████████████████▋                | 31/58 [00:01<00:00, 28.12it/s, loss=0.0005]
  Epoch 11/30:  53%|██████████████████▋                | 31/58 [00:01<00:00, 28.12it/s, loss=0.0004]
  Epoch 11/30:  53%|██████████████████▋                | 31/58 [00:01<00:00, 28.12it/s, loss=0.0015]
  Epoch 11/30:  53%|██████████████████▋                | 31/58 [00:01<00:00, 28.12it/s, loss=0.0024]
  Epoch 11/30:  59%|████████████████████▌              | 34/58 [00:01<00:01, 20.86it/s, loss=0.0024]
  Epoch 11/30:  59%|████████████████████▌              | 34/58 [00:01<00:01, 20.86it/s, loss=0.0004]
  Epoch 11/30:  59%|████████████████████▌              | 34/58 [00:01<00:01, 20.86it/s, loss=0.0004]
  Epoch 11/30:  59%|████████████████████▌              | 34/58 [00:01<00:01, 20.86it/s, loss=0.0017]
  Epoch 11/30:  64%|██████████████████████▎            | 37/58 [00:01<00:00, 22.47it/s, loss=0.0017]
  Epoch 11/30:  64%|██████████████████████▎            | 37/58 [00:01<00:00, 22.47it/s, loss=0.0004]
  Epoch 11/30:  64%|██████████████████████▎            | 37/58 [00:01<00:00, 22.47it/s, loss=0.0007]
  Epoch 11/30:  64%|██████████████████████▎            | 37/58 [00:01<00:00, 22.47it/s, loss=0.0014]
  Epoch 11/30:  64%|██████████████████████▎            | 37/58 [00:01<00:00, 22.47it/s, loss=0.0010]
  Epoch 11/30:  71%|████████████████████████▋          | 41/58 [00:01<00:00, 24.96it/s, loss=0.0010]
  Epoch 11/30:  71%|████████████████████████▋          | 41/58 [00:01<00:00, 24.96it/s, loss=0.0004]
  Epoch 11/30:  71%|████████████████████████▋          | 41/58 [00:01<00:00, 24.96it/s, loss=0.0006]
  Epoch 11/30:  71%|████████████████████████▋          | 41/58 [00:01<00:00, 24.96it/s, loss=0.0017]
  Epoch 11/30:  76%|██████████████████████████▌        | 44/58 [00:01<00:00, 25.87it/s, loss=0.0017]
  Epoch 11/30:  76%|██████████████████████████▌        | 44/58 [00:01<00:00, 25.87it/s, loss=0.0007]
  Epoch 11/30:  76%|██████████████████████████▌        | 44/58 [00:01<00:00, 25.87it/s, loss=0.0003]
  Epoch 11/30:  76%|██████████████████████████▌        | 44/58 [00:01<00:00, 25.87it/s, loss=0.0016]
  Epoch 11/30:  81%|████████████████████████████▎      | 47/58 [00:01<00:00, 26.40it/s, loss=0.0016]
  Epoch 11/30:  81%|████████████████████████████▎      | 47/58 [00:01<00:00, 26.40it/s, loss=0.0005]
  Epoch 11/30:  81%|████████████████████████████▎      | 47/58 [00:01<00:00, 26.40it/s, loss=0.0007]
  Epoch 11/30:  81%|████████████████████████████▎      | 47/58 [00:01<00:00, 26.40it/s, loss=0.0008]
  Epoch 11/30:  81%|████████████████████████████▎      | 47/58 [00:01<00:00, 26.40it/s, loss=0.0010]
  Epoch 11/30:  88%|██████████████████████████████▊    | 51/58 [00:01<00:00, 27.56it/s, loss=0.0010]
  Epoch 11/30:  88%|██████████████████████████████▊    | 51/58 [00:01<00:00, 27.56it/s, loss=0.0005]
  Epoch 11/30:  88%|██████████████████████████████▊    | 51/58 [00:02<00:00, 27.56it/s, loss=0.0014]
  Epoch 11/30:  88%|██████████████████████████████▊    | 51/58 [00:02<00:00, 27.56it/s, loss=0.0005]
  Epoch 11/30:  88%|██████████████████████████████▊    | 51/58 [00:02<00:00, 27.56it/s, loss=0.0005]
  Epoch 11/30:  95%|█████████████████████████████████▏ | 55/58 [00:02<00:00, 28.25it/s, loss=0.0005]
  Epoch 11/30:  95%|█████████████████████████████████▏ | 55/58 [00:02<00:00, 28.25it/s, loss=0.0006]
  Epoch 11/30:  95%|█████████████████████████████████▏ | 55/58 [00:02<00:00, 28.25it/s, loss=0.0005]
  Epoch 11/30:  95%|█████████████████████████████████▏ | 55/58 [00:02<00:00, 28.25it/s, loss=0.0041]
                                                                                                    

  Epoch 12/30:   0%|                                                         | 0/58 [00:00<?, ?it/s]
  Epoch 12/30:   0%|                                            | 0/58 [00:00<?, ?it/s, loss=0.0011]
  Epoch 12/30:   0%|                                            | 0/58 [00:00<?, ?it/s, loss=0.0005]
  Epoch 12/30:   0%|                                            | 0/58 [00:00<?, ?it/s, loss=0.0005]
  Epoch 12/30:   5%|█▊                                  | 3/58 [00:00<00:01, 27.95it/s, loss=0.0005]
  Epoch 12/30:   5%|█▊                                  | 3/58 [00:00<00:01, 27.95it/s, loss=0.0007]
  Epoch 12/30:   5%|█▊                                  | 3/58 [00:00<00:01, 27.95it/s, loss=0.0023]
  Epoch 12/30:   5%|█▊                                  | 3/58 [00:00<00:01, 27.95it/s, loss=0.0004]
  Epoch 12/30:  10%|███▋                                | 6/58 [00:00<00:01, 26.80it/s, loss=0.0004]
  Epoch 12/30:  10%|███▋                                | 6/58 [00:00<00:01, 26.80it/s, loss=0.0005]
  Epoch 12/30:  10%|███▋                                | 6/58 [00:00<00:01, 26.80it/s, loss=0.0008]
  Epoch 12/30:  10%|███▋                                | 6/58 [00:00<00:01, 26.80it/s, loss=0.0002]
  Epoch 12/30:  16%|█████▌                              | 9/58 [00:00<00:01, 25.74it/s, loss=0.0002]
  Epoch 12/30:  16%|█████▌                              | 9/58 [00:00<00:01, 25.74it/s, loss=0.0018]
  Epoch 12/30:  16%|█████▌                              | 9/58 [00:00<00:01, 25.74it/s, loss=0.0006]
  Epoch 12/30:  16%|█████▌                              | 9/58 [00:00<00:01, 25.74it/s, loss=0.0008]
  Epoch 12/30:  21%|███████▏                           | 12/58 [00:00<00:01, 25.34it/s, loss=0.0008]
  Epoch 12/30:  21%|███████▏                           | 12/58 [00:00<00:01, 25.34it/s, loss=0.0009]
  Epoch 12/30:  21%|███████▏                           | 12/58 [00:00<00:01, 25.34it/s, loss=0.0014]
  Epoch 12/30:  21%|███████▏                           | 12/58 [00:00<00:01, 25.34it/s, loss=0.0009]
  Epoch 12/30:  26%|█████████                          | 15/58 [00:00<00:01, 25.25it/s, loss=0.0009]
  Epoch 12/30:  26%|█████████                          | 15/58 [00:00<00:01, 25.25it/s, loss=0.0007]
  Epoch 12/30:  26%|█████████                          | 15/58 [00:00<00:01, 25.25it/s, loss=0.0006]
  Epoch 12/30:  26%|█████████                          | 15/58 [00:00<00:01, 25.25it/s, loss=0.0012]
  Epoch 12/30:  31%|██████████▊                        | 18/58 [00:00<00:01, 25.10it/s, loss=0.0012]
  Epoch 12/30:  31%|██████████▊                        | 18/58 [00:00<00:01, 25.10it/s, loss=0.0017]
  Epoch 12/30:  31%|██████████▊                        | 18/58 [00:00<00:01, 25.10it/s, loss=0.0007]
  Epoch 12/30:  31%|██████████▊                        | 18/58 [00:00<00:01, 25.10it/s, loss=0.0007]
  Epoch 12/30:  36%|████████████▋                      | 21/58 [00:00<00:01, 25.82it/s, loss=0.0007]
  Epoch 12/30:  36%|████████████▋                      | 21/58 [00:00<00:01, 25.82it/s, loss=0.0008]
  Epoch 12/30:  36%|████████████▋                      | 21/58 [00:00<00:01, 25.82it/s, loss=0.0016]
  Epoch 12/30:  36%|████████████▋                      | 21/58 [00:00<00:01, 25.82it/s, loss=0.0004]
  Epoch 12/30:  41%|██████████████▍                    | 24/58 [00:00<00:01, 26.21it/s, loss=0.0004]
  Epoch 12/30:  41%|██████████████▍                    | 24/58 [00:00<00:01, 26.21it/s, loss=0.0004]
  Epoch 12/30:  41%|██████████████▍                    | 24/58 [00:00<00:01, 26.21it/s, loss=0.0007]
  Epoch 12/30:  41%|██████████████▍                    | 24/58 [00:01<00:01, 26.21it/s, loss=0.0009]
  Epoch 12/30:  47%|████████████████▎                  | 27/58 [00:01<00:01, 27.24it/s, loss=0.0009]
  Epoch 12/30:  47%|████████████████▎                  | 27/58 [00:01<00:01, 27.24it/s, loss=0.0015]
  Epoch 12/30:  47%|████████████████▎                  | 27/58 [00:01<00:01, 27.24it/s, loss=0.0010]
  Epoch 12/30:  47%|████████████████▎                  | 27/58 [00:01<00:01, 27.24it/s, loss=0.0010]
  Epoch 12/30:  52%|██████████████████                 | 30/58 [00:01<00:01, 27.38it/s, loss=0.0010]
  Epoch 12/30:  52%|██████████████████                 | 30/58 [00:01<00:01, 27.38it/s, loss=0.0007]
  Epoch 12/30:  52%|██████████████████                 | 30/58 [00:01<00:01, 27.38it/s, loss=0.0005]
  Epoch 12/30:  52%|██████████████████                 | 30/58 [00:01<00:01, 27.38it/s, loss=0.0009]
  Epoch 12/30:  57%|███████████████████▉               | 33/58 [00:01<00:00, 27.60it/s, loss=0.0009]
  Epoch 12/30:  57%|███████████████████▉               | 33/58 [00:01<00:00, 27.60it/s, loss=0.0021]
  Epoch 12/30:  57%|███████████████████▉               | 33/58 [00:01<00:00, 27.60it/s, loss=0.0027]
  Epoch 12/30:  57%|███████████████████▉               | 33/58 [00:01<00:00, 27.60it/s, loss=0.0008]
  Epoch 12/30:  62%|█████████████████████▋             | 36/58 [00:01<00:00, 27.65it/s, loss=0.0008]
  Epoch 12/30:  62%|█████████████████████▋             | 36/58 [00:01<00:00, 27.65it/s, loss=0.0009]
  Epoch 12/30:  62%|█████████████████████▋             | 36/58 [00:01<00:00, 27.65it/s, loss=0.0008]
  Epoch 12/30:  62%|█████████████████████▋             | 36/58 [00:01<00:00, 27.65it/s, loss=0.0006]
  Epoch 12/30:  67%|███████████████████████▌           | 39/58 [00:01<00:00, 28.01it/s, loss=0.0006]
  Epoch 12/30:  67%|███████████████████████▌           | 39/58 [00:01<00:00, 28.01it/s, loss=0.0007]
  Epoch 12/30:  67%|███████████████████████▌           | 39/58 [00:01<00:00, 28.01it/s, loss=0.0015]
  Epoch 12/30:  67%|███████████████████████▌           | 39/58 [00:01<00:00, 28.01it/s, loss=0.0018]
  Epoch 12/30:  72%|█████████████████████████▎         | 42/58 [00:01<00:00, 27.43it/s, loss=0.0018]
  Epoch 12/30:  72%|█████████████████████████▎         | 42/58 [00:01<00:00, 27.43it/s, loss=0.0008]
  Epoch 12/30:  72%|█████████████████████████▎         | 42/58 [00:01<00:00, 27.43it/s, loss=0.0008]
  Epoch 12/30:  72%|█████████████████████████▎         | 42/58 [00:01<00:00, 27.43it/s, loss=0.0009]
  Epoch 12/30:  72%|█████████████████████████▎         | 42/58 [00:01<00:00, 27.43it/s, loss=0.0009]
  Epoch 12/30:  79%|███████████████████████████▊       | 46/58 [00:01<00:00, 28.57it/s, loss=0.0009]
  Epoch 12/30:  79%|███████████████████████████▊       | 46/58 [00:01<00:00, 28.57it/s, loss=0.0007]
  Epoch 12/30:  79%|███████████████████████████▊       | 46/58 [00:01<00:00, 28.57it/s, loss=0.0006]
  Epoch 12/30:  79%|███████████████████████████▊       | 46/58 [00:01<00:00, 28.57it/s, loss=0.0009]
  Epoch 12/30:  84%|█████████████████████████████▌     | 49/58 [00:01<00:00, 26.91it/s, loss=0.0009]
  Epoch 12/30:  84%|█████████████████████████████▌     | 49/58 [00:01<00:00, 26.91it/s, loss=0.0005]
  Epoch 12/30:  84%|█████████████████████████████▌     | 49/58 [00:01<00:00, 26.91it/s, loss=0.0004]
  Epoch 12/30:  84%|█████████████████████████████▌     | 49/58 [00:01<00:00, 26.91it/s, loss=0.0004]
  Epoch 12/30:  90%|███████████████████████████████▍   | 52/58 [00:01<00:00, 26.93it/s, loss=0.0004]
  Epoch 12/30:  90%|███████████████████████████████▍   | 52/58 [00:01<00:00, 26.93it/s, loss=0.0005]
  Epoch 12/30:  90%|███████████████████████████████▍   | 52/58 [00:02<00:00, 26.93it/s, loss=0.0005]
  Epoch 12/30:  90%|███████████████████████████████▍   | 52/58 [00:02<00:00, 26.93it/s, loss=0.0006]
  Epoch 12/30:  90%|███████████████████████████████▍   | 52/58 [00:02<00:00, 26.93it/s, loss=0.0010]
  Epoch 12/30:  97%|█████████████████████████████████▊ | 56/58 [00:02<00:00, 28.11it/s, loss=0.0010]
  Epoch 12/30:  97%|█████████████████████████████████▊ | 56/58 [00:02<00:00, 28.11it/s, loss=0.0004]
  Epoch 12/30:  97%|█████████████████████████████████▊ | 56/58 [00:02<00:00, 28.11it/s, loss=0.0000]
                                                                                                    

  Epoch 13/30:   0%|                                                         | 0/58 [00:00<?, ?it/s]
  Epoch 13/30:   0%|                                            | 0/58 [00:00<?, ?it/s, loss=0.0005]
  Epoch 13/30:   0%|                                            | 0/58 [00:00<?, ?it/s, loss=0.0006]
  Epoch 13/30:   0%|                                            | 0/58 [00:00<?, ?it/s, loss=0.0015]
  Epoch 13/30:   0%|                                            | 0/58 [00:00<?, ?it/s, loss=0.0004]
  Epoch 13/30:   7%|██▍                                 | 4/58 [00:00<00:01, 30.33it/s, loss=0.0004]
  Epoch 13/30:   7%|██▍                                 | 4/58 [00:00<00:01, 30.33it/s, loss=0.0006]
  Epoch 13/30:   7%|██▍                                 | 4/58 [00:00<00:01, 30.33it/s, loss=0.0008]
  Epoch 13/30:   7%|██▍                                 | 4/58 [00:00<00:01, 30.33it/s, loss=0.0005]
  Epoch 13/30:   7%|██▍                                 | 4/58 [00:00<00:01, 30.33it/s, loss=0.0016]
  Epoch 13/30:  14%|████▉                               | 8/58 [00:00<00:01, 29.82it/s, loss=0.0016]
  Epoch 13/30:  14%|████▉                               | 8/58 [00:00<00:01, 29.82it/s, loss=0.0005]
  Epoch 13/30:  14%|████▉                               | 8/58 [00:00<00:01, 29.82it/s, loss=0.0008]
  Epoch 13/30:  14%|████▉                               | 8/58 [00:00<00:01, 29.82it/s, loss=0.0004]
  Epoch 13/30:  19%|██████▋                            | 11/58 [00:00<00:01, 28.78it/s, loss=0.0004]
  Epoch 13/30:  19%|██████▋                            | 11/58 [00:00<00:01, 28.78it/s, loss=0.0005]
  Epoch 13/30:  19%|██████▋                            | 11/58 [00:00<00:01, 28.78it/s, loss=0.0007]
  Epoch 13/30:  19%|██████▋                            | 11/58 [00:00<00:01, 28.78it/s, loss=0.0023]
  Epoch 13/30:  24%|████████▍                          | 14/58 [00:00<00:01, 29.20it/s, loss=0.0023]
  Epoch 13/30:  24%|████████▍                          | 14/58 [00:00<00:01, 29.20it/s, loss=0.0007]
  Epoch 13/30:  24%|████████▍                          | 14/58 [00:00<00:01, 29.20it/s, loss=0.0004]
  Epoch 13/30:  24%|████████▍                          | 14/58 [00:00<00:01, 29.20it/s, loss=0.0007]
  Epoch 13/30:  29%|██████████▎                        | 17/58 [00:00<00:01, 28.30it/s, loss=0.0007]
  Epoch 13/30:  29%|██████████▎                        | 17/58 [00:00<00:01, 28.30it/s, loss=0.0014]
  Epoch 13/30:  29%|██████████▎                        | 17/58 [00:00<00:01, 28.30it/s, loss=0.0006]
  Epoch 13/30:  29%|██████████▎                        | 17/58 [00:00<00:01, 28.30it/s, loss=0.0006]
  Epoch 13/30:  29%|██████████▎                        | 17/58 [00:00<00:01, 28.30it/s, loss=0.0011]
  Epoch 13/30:  36%|████████████▋                      | 21/58 [00:00<00:01, 30.21it/s, loss=0.0011]
  Epoch 13/30:  36%|████████████▋                      | 21/58 [00:00<00:01, 30.21it/s, loss=0.0003]
  Epoch 13/30:  36%|████████████▋                      | 21/58 [00:00<00:01, 30.21it/s, loss=0.0004]
  Epoch 13/30:  36%|████████████▋                      | 21/58 [00:00<00:01, 30.21it/s, loss=0.0008]
  Epoch 13/30:  36%|████████████▋                      | 21/58 [00:00<00:01, 30.21it/s, loss=0.0017]
  Epoch 13/30:  36%|████████████▋                      | 21/58 [00:00<00:01, 30.21it/s, loss=0.0011]
  Epoch 13/30:  45%|███████████████▋                   | 26/58 [00:00<00:00, 34.51it/s, loss=0.0011]
  Epoch 13/30:  45%|███████████████▋                   | 26/58 [00:00<00:00, 34.51it/s, loss=0.0014]
  Epoch 13/30:  45%|███████████████▋                   | 26/58 [00:00<00:00, 34.51it/s, loss=0.0019]
  Epoch 13/30:  45%|███████████████▋                   | 26/58 [00:00<00:00, 34.51it/s, loss=0.0005]
  Epoch 13/30:  45%|███████████████▋                   | 26/58 [00:00<00:00, 34.51it/s, loss=0.0010]
  Epoch 13/30:  52%|██████████████████                 | 30/58 [00:00<00:00, 35.30it/s, loss=0.0010]
  Epoch 13/30:  52%|██████████████████                 | 30/58 [00:00<00:00, 35.30it/s, loss=0.0010]
  Epoch 13/30:  52%|██████████████████                 | 30/58 [00:00<00:00, 35.30it/s, loss=0.0008]
  Epoch 13/30:  52%|██████████████████                 | 30/58 [00:01<00:00, 35.30it/s, loss=0.0003]
  Epoch 13/30:  52%|██████████████████                 | 30/58 [00:01<00:00, 35.30it/s, loss=0.0014]
  Epoch 13/30:  59%|████████████████████▌              | 34/58 [00:01<00:00, 36.21it/s, loss=0.0014]
  Epoch 13/30:  59%|████████████████████▌              | 34/58 [00:01<00:00, 36.21it/s, loss=0.0014]
  Epoch 13/30:  59%|████████████████████▌              | 34/58 [00:01<00:00, 36.21it/s, loss=0.0004]
  Epoch 13/30:  59%|████████████████████▌              | 34/58 [00:01<00:00, 36.21it/s, loss=0.0012]
  Epoch 13/30:  59%|████████████████████▌              | 34/58 [00:01<00:00, 36.21it/s, loss=0.0007]
  Epoch 13/30:  59%|████████████████████▌              | 34/58 [00:01<00:00, 36.21it/s, loss=0.0004]
  Epoch 13/30:  67%|███████████████████████▌           | 39/58 [00:01<00:00, 39.01it/s, loss=0.0004]
  Epoch 13/30:  67%|███████████████████████▌           | 39/58 [00:01<00:00, 39.01it/s, loss=0.0006]
  Epoch 13/30:  67%|███████████████████████▌           | 39/58 [00:01<00:00, 39.01it/s, loss=0.0004]
  Epoch 13/30:  67%|███████████████████████▌           | 39/58 [00:01<00:00, 39.01it/s, loss=0.0016]
  Epoch 13/30:  67%|███████████████████████▌           | 39/58 [00:01<00:00, 39.01it/s, loss=0.0008]
  Epoch 13/30:  74%|█████████████████████████▉         | 43/58 [00:01<00:00, 38.96it/s, loss=0.0008]
  Epoch 13/30:  74%|█████████████████████████▉         | 43/58 [00:01<00:00, 38.96it/s, loss=0.0009]
  Epoch 13/30:  74%|█████████████████████████▉         | 43/58 [00:01<00:00, 38.96it/s, loss=0.0005]
  Epoch 13/30:  74%|█████████████████████████▉         | 43/58 [00:01<00:00, 38.96it/s, loss=0.0004]
  Epoch 13/30:  74%|█████████████████████████▉         | 43/58 [00:01<00:00, 38.96it/s, loss=0.0008]
  Epoch 13/30:  81%|████████████████████████████▎      | 47/58 [00:01<00:00, 39.08it/s, loss=0.0008]
  Epoch 13/30:  81%|████████████████████████████▎      | 47/58 [00:01<00:00, 39.08it/s, loss=0.0014]
  Epoch 13/30:  81%|████████████████████████████▎      | 47/58 [00:01<00:00, 39.08it/s, loss=0.0006]
  Epoch 13/30:  81%|████████████████████████████▎      | 47/58 [00:01<00:00, 39.08it/s, loss=0.0005]
  Epoch 13/30:  81%|████████████████████████████▎      | 47/58 [00:01<00:00, 39.08it/s, loss=0.0010]
  Epoch 13/30:  88%|██████████████████████████████▊    | 51/58 [00:01<00:00, 35.12it/s, loss=0.0010]
  Epoch 13/30:  88%|██████████████████████████████▊    | 51/58 [00:01<00:00, 35.12it/s, loss=0.0007]
  Epoch 13/30:  88%|██████████████████████████████▊    | 51/58 [00:01<00:00, 35.12it/s, loss=0.0009]
  Epoch 13/30:  88%|██████████████████████████████▊    | 51/58 [00:01<00:00, 35.12it/s, loss=0.0009]
  Epoch 13/30:  88%|██████████████████████████████▊    | 51/58 [00:01<00:00, 35.12it/s, loss=0.0015]
  Epoch 13/30:  95%|█████████████████████████████████▏ | 55/58 [00:01<00:00, 32.64it/s, loss=0.0015]
  Epoch 13/30:  95%|█████████████████████████████████▏ | 55/58 [00:01<00:00, 32.64it/s, loss=0.0015]
  Epoch 13/30:  95%|█████████████████████████████████▏ | 55/58 [00:01<00:00, 32.64it/s, loss=0.0004]
  Epoch 13/30:  95%|█████████████████████████████████▏ | 55/58 [00:01<00:00, 32.64it/s, loss=0.0000]
                                                                                                    

  Epoch 14/30:   0%|                                                         | 0/58 [00:00<?, ?it/s]
  Epoch 14/30:   0%|                                            | 0/58 [00:00<?, ?it/s, loss=0.0008]
  Epoch 14/30:   0%|                                            | 0/58 [00:00<?, ?it/s, loss=0.0005]
  Epoch 14/30:   0%|                                            | 0/58 [00:00<?, ?it/s, loss=0.0005]
  Epoch 14/30:   0%|                                            | 0/58 [00:00<?, ?it/s, loss=0.0026]
  Epoch 14/30:   7%|██▍                                 | 4/58 [00:00<00:01, 30.46it/s, loss=0.0026]
  Epoch 14/30:   7%|██▍                                 | 4/58 [00:00<00:01, 30.46it/s, loss=0.0017]
  Epoch 14/30:   7%|██▍                                 | 4/58 [00:00<00:01, 30.46it/s, loss=0.0004]
  Epoch 14/30:   7%|██▍                                 | 4/58 [00:00<00:01, 30.46it/s, loss=0.0007]
  Epoch 14/30:   7%|██▍                                 | 4/58 [00:00<00:01, 30.46it/s, loss=0.0005]
  Epoch 14/30:  14%|████▉                               | 8/58 [00:00<00:01, 27.74it/s, loss=0.0005]
  Epoch 14/30:  14%|████▉                               | 8/58 [00:00<00:01, 27.74it/s, loss=0.0008]
  Epoch 14/30:  14%|████▉                               | 8/58 [00:00<00:01, 27.74it/s, loss=0.0006]
  Epoch 14/30:  14%|████▉                               | 8/58 [00:00<00:01, 27.74it/s, loss=0.0021]
  Epoch 14/30:  19%|██████▋                            | 11/58 [00:00<00:01, 27.71it/s, loss=0.0021]
  Epoch 14/30:  19%|██████▋                            | 11/58 [00:00<00:01, 27.71it/s, loss=0.0007]
  Epoch 14/30:  19%|██████▋                            | 11/58 [00:00<00:01, 27.71it/s, loss=0.0006]
  Epoch 14/30:  19%|██████▋                            | 11/58 [00:00<00:01, 27.71it/s, loss=0.0002]
  Epoch 14/30:  24%|████████▍                          | 14/58 [00:00<00:01, 28.11it/s, loss=0.0002]
  Epoch 14/30:  24%|████████▍                          | 14/58 [00:00<00:01, 28.11it/s, loss=0.0005]
  Epoch 14/30:  24%|████████▍                          | 14/58 [00:00<00:01, 28.11it/s, loss=0.0006]
  Epoch 14/30:  24%|████████▍                          | 14/58 [00:00<00:01, 28.11it/s, loss=0.0015]
  Epoch 14/30:  24%|████████▍                          | 14/58 [00:00<00:01, 28.11it/s, loss=0.0002]
  Epoch 14/30:  31%|██████████▊                        | 18/58 [00:00<00:01, 28.80it/s, loss=0.0002]
  Epoch 14/30:  31%|██████████▊                        | 18/58 [00:00<00:01, 28.80it/s, loss=0.0005]
  Epoch 14/30:  31%|██████████▊                        | 18/58 [00:00<00:01, 28.80it/s, loss=0.0003]
  Epoch 14/30:  31%|██████████▊                        | 18/58 [00:00<00:01, 28.80it/s, loss=0.0006]
  Epoch 14/30:  31%|██████████▊                        | 18/58 [00:00<00:01, 28.80it/s, loss=0.0004]
  Epoch 14/30:  31%|██████████▊                        | 18/58 [00:00<00:01, 28.80it/s, loss=0.0007]
  Epoch 14/30:  40%|█████████████▉                     | 23/58 [00:00<00:01, 31.72it/s, loss=0.0007]
  Epoch 14/30:  40%|█████████████▉                     | 23/58 [00:00<00:01, 31.72it/s, loss=0.0007]
  Epoch 14/30:  40%|█████████████▉                     | 23/58 [00:00<00:01, 31.72it/s, loss=0.0005]
  Epoch 14/30:  40%|█████████████▉                     | 23/58 [00:00<00:01, 31.72it/s, loss=0.0013]
  Epoch 14/30:  40%|█████████████▉                     | 23/58 [00:00<00:01, 31.72it/s, loss=0.0006]
  Epoch 14/30:  47%|████████████████▎                  | 27/58 [00:00<00:00, 32.71it/s, loss=0.0006]
  Epoch 14/30:  47%|████████████████▎                  | 27/58 [00:00<00:00, 32.71it/s, loss=0.0014]
  Epoch 14/30:  47%|████████████████▎                  | 27/58 [00:00<00:00, 32.71it/s, loss=0.0021]
  Epoch 14/30:  47%|████████████████▎                  | 27/58 [00:00<00:00, 32.71it/s, loss=0.0012]
  Epoch 14/30:  47%|████████████████▎                  | 27/58 [00:00<00:00, 32.71it/s, loss=0.0003]
  Epoch 14/30:  53%|██████████████████▋                | 31/58 [00:00<00:00, 33.32it/s, loss=0.0003]
  Epoch 14/30:  53%|██████████████████▋                | 31/58 [00:01<00:00, 33.32it/s, loss=0.0008]
  Epoch 14/30:  53%|██████████████████▋                | 31/58 [00:01<00:00, 33.32it/s, loss=0.0009]
  Epoch 14/30:  53%|██████████████████▋                | 31/58 [00:01<00:00, 33.32it/s, loss=0.0011]
  Epoch 14/30:  53%|██████████████████▋                | 31/58 [00:01<00:00, 33.32it/s, loss=0.0023]
  Epoch 14/30:  60%|█████████████████████              | 35/58 [00:01<00:00, 33.91it/s, loss=0.0023]
  Epoch 14/30:  60%|█████████████████████              | 35/58 [00:01<00:00, 33.91it/s, loss=0.0005]
  Epoch 14/30:  60%|█████████████████████              | 35/58 [00:01<00:00, 33.91it/s, loss=0.0010]
  Epoch 14/30:  60%|█████████████████████              | 35/58 [00:01<00:00, 33.91it/s, loss=0.0013]
  Epoch 14/30:  60%|█████████████████████              | 35/58 [00:01<00:00, 33.91it/s, loss=0.0002]
  Epoch 14/30:  67%|███████████████████████▌           | 39/58 [00:01<00:00, 34.93it/s, loss=0.0002]
  Epoch 14/30:  67%|███████████████████████▌           | 39/58 [00:01<00:00, 34.93it/s, loss=0.0016]
  Epoch 14/30:  67%|███████████████████████▌           | 39/58 [00:01<00:00, 34.93it/s, loss=0.0004]
  Epoch 14/30:  67%|███████████████████████▌           | 39/58 [00:01<00:00, 34.93it/s, loss=0.0011]
  Epoch 14/30:  67%|███████████████████████▌           | 39/58 [00:01<00:00, 34.93it/s, loss=0.0018]
  Epoch 14/30:  74%|█████████████████████████▉         | 43/58 [00:01<00:00, 34.30it/s, loss=0.0018]
  Epoch 14/30:  74%|█████████████████████████▉         | 43/58 [00:01<00:00, 34.30it/s, loss=0.0016]
  Epoch 14/30:  74%|█████████████████████████▉         | 43/58 [00:01<00:00, 34.30it/s, loss=0.0005]
  Epoch 14/30:  74%|█████████████████████████▉         | 43/58 [00:01<00:00, 34.30it/s, loss=0.0003]
  Epoch 14/30:  74%|█████████████████████████▉         | 43/58 [00:01<00:00, 34.30it/s, loss=0.0006]
  Epoch 14/30:  81%|████████████████████████████▎      | 47/58 [00:01<00:00, 32.54it/s, loss=0.0006]
  Epoch 14/30:  81%|████████████████████████████▎      | 47/58 [00:01<00:00, 32.54it/s, loss=0.0004]
  Epoch 14/30:  81%|████████████████████████████▎      | 47/58 [00:01<00:00, 32.54it/s, loss=0.0005]
  Epoch 14/30:  81%|████████████████████████████▎      | 47/58 [00:01<00:00, 32.54it/s, loss=0.0007]
  Epoch 14/30:  81%|████████████████████████████▎      | 47/58 [00:01<00:00, 32.54it/s, loss=0.0008]
  Epoch 14/30:  88%|██████████████████████████████▊    | 51/58 [00:01<00:00, 32.83it/s, loss=0.0008]
  Epoch 14/30:  88%|██████████████████████████████▊    | 51/58 [00:01<00:00, 32.83it/s, loss=0.0012]
  Epoch 14/30:  88%|██████████████████████████████▊    | 51/58 [00:01<00:00, 32.83it/s, loss=0.0004]
  Epoch 14/30:  88%|██████████████████████████████▊    | 51/58 [00:01<00:00, 32.83it/s, loss=0.0016]
  Epoch 14/30:  88%|██████████████████████████████▊    | 51/58 [00:01<00:00, 32.83it/s, loss=0.0004]
  Epoch 14/30:  88%|██████████████████████████████▊    | 51/58 [00:01<00:00, 32.83it/s, loss=0.0009]
  Epoch 14/30:  97%|█████████████████████████████████▊ | 56/58 [00:01<00:00, 34.60it/s, loss=0.0009]
  Epoch 14/30:  97%|█████████████████████████████████▊ | 56/58 [00:01<00:00, 34.60it/s, loss=0.0006]
  Epoch 14/30:  97%|█████████████████████████████████▊ | 56/58 [00:01<00:00, 34.60it/s, loss=0.0009]
                                                                                                    

  Epoch 15/30:   0%|                                                         | 0/58 [00:00<?, ?it/s]
  Epoch 15/30:   0%|                                            | 0/58 [00:00<?, ?it/s, loss=0.0009]
  Epoch 15/30:   0%|                                            | 0/58 [00:00<?, ?it/s, loss=0.0011]
  Epoch 15/30:   0%|                                            | 0/58 [00:00<?, ?it/s, loss=0.0005]
  Epoch 15/30:   5%|█▊                                  | 3/58 [00:00<00:02, 26.94it/s, loss=0.0005]
  Epoch 15/30:   5%|█▊                                  | 3/58 [00:00<00:02, 26.94it/s, loss=0.0015]
  Epoch 15/30:   5%|█▊                                  | 3/58 [00:00<00:02, 26.94it/s, loss=0.0029]
  Epoch 15/30:   5%|█▊                                  | 3/58 [00:00<00:02, 26.94it/s, loss=0.0017]
  Epoch 15/30:   5%|█▊                                  | 3/58 [00:00<00:02, 26.94it/s, loss=0.0012]
  Epoch 15/30:  12%|████▎                               | 7/58 [00:00<00:01, 31.39it/s, loss=0.0012]
  Epoch 15/30:  12%|████▎                               | 7/58 [00:00<00:01, 31.39it/s, loss=0.0017]
  Epoch 15/30:  12%|████▎                               | 7/58 [00:00<00:01, 31.39it/s, loss=0.0005]
  Epoch 15/30:  12%|████▎                               | 7/58 [00:00<00:01, 31.39it/s, loss=0.0006]
  Epoch 15/30:  12%|████▎                               | 7/58 [00:00<00:01, 31.39it/s, loss=0.0006]
  Epoch 15/30:  19%|██████▋                            | 11/58 [00:00<00:01, 33.43it/s, loss=0.0006]
  Epoch 15/30:  19%|██████▋                            | 11/58 [00:00<00:01, 33.43it/s, loss=0.0010]
  Epoch 15/30:  19%|██████▋                            | 11/58 [00:00<00:01, 33.43it/s, loss=0.0006]
  Epoch 15/30:  19%|██████▋                            | 11/58 [00:00<00:01, 33.43it/s, loss=0.0017]
  Epoch 15/30:  19%|██████▋                            | 11/58 [00:00<00:01, 33.43it/s, loss=0.0014]
  Epoch 15/30:  26%|█████████                          | 15/58 [00:00<00:01, 35.54it/s, loss=0.0014]
  Epoch 15/30:  26%|█████████                          | 15/58 [00:00<00:01, 35.54it/s, loss=0.0009]
  Epoch 15/30:  26%|█████████                          | 15/58 [00:00<00:01, 35.54it/s, loss=0.0006]
  Epoch 15/30:  26%|█████████                          | 15/58 [00:00<00:01, 35.54it/s, loss=0.0022]
  Epoch 15/30:  26%|█████████                          | 15/58 [00:00<00:01, 35.54it/s, loss=0.0014]
  Epoch 15/30:  33%|███████████▍                       | 19/58 [00:00<00:01, 36.28it/s, loss=0.0014]
  Epoch 15/30:  33%|███████████▍                       | 19/58 [00:00<00:01, 36.28it/s, loss=0.0003]
  Epoch 15/30:  33%|███████████▍                       | 19/58 [00:00<00:01, 36.28it/s, loss=0.0005]
  Epoch 15/30:  33%|███████████▍                       | 19/58 [00:00<00:01, 36.28it/s, loss=0.0012]
  Epoch 15/30:  33%|███████████▍                       | 19/58 [00:00<00:01, 36.28it/s, loss=0.0007]
  Epoch 15/30:  40%|█████████████▉                     | 23/58 [00:00<00:01, 33.59it/s, loss=0.0007]
  Epoch 15/30:  40%|█████████████▉                     | 23/58 [00:00<00:01, 33.59it/s, loss=0.0009]
  Epoch 15/30:  40%|█████████████▉                     | 23/58 [00:00<00:01, 33.59it/s, loss=0.0010]
  Epoch 15/30:  40%|█████████████▉                     | 23/58 [00:00<00:01, 33.59it/s, loss=0.0003]
  Epoch 15/30:  40%|█████████████▉                     | 23/58 [00:00<00:01, 33.59it/s, loss=0.0003]
  Epoch 15/30:  47%|████████████████▎                  | 27/58 [00:00<00:00, 35.35it/s, loss=0.0003]
  Epoch 15/30:  47%|████████████████▎                  | 27/58 [00:00<00:00, 35.35it/s, loss=0.0011]
  Epoch 15/30:  47%|████████████████▎                  | 27/58 [00:00<00:00, 35.35it/s, loss=0.0018]
  Epoch 15/30:  47%|████████████████▎                  | 27/58 [00:00<00:00, 35.35it/s, loss=0.0004]
  Epoch 15/30:  47%|████████████████▎                  | 27/58 [00:00<00:00, 35.35it/s, loss=0.0007]
  Epoch 15/30:  53%|██████████████████▋                | 31/58 [00:00<00:00, 36.70it/s, loss=0.0007]
  Epoch 15/30:  53%|██████████████████▋                | 31/58 [00:00<00:00, 36.70it/s, loss=0.0012]
  Epoch 15/30:  53%|██████████████████▋                | 31/58 [00:00<00:00, 36.70it/s, loss=0.0009]
  Epoch 15/30:  53%|██████████████████▋                | 31/58 [00:00<00:00, 36.70it/s, loss=0.0008]
  Epoch 15/30:  53%|██████████████████▋                | 31/58 [00:00<00:00, 36.70it/s, loss=0.0005]
  Epoch 15/30:  53%|██████████████████▋                | 31/58 [00:01<00:00, 36.70it/s, loss=0.0004]
  Epoch 15/30:  62%|█████████████████████▋             | 36/58 [00:01<00:00, 37.42it/s, loss=0.0004]
  Epoch 15/30:  62%|█████████████████████▋             | 36/58 [00:01<00:00, 37.42it/s, loss=0.0005]
  Epoch 15/30:  62%|█████████████████████▋             | 36/58 [00:01<00:00, 37.42it/s, loss=0.0007]
  Epoch 15/30:  62%|█████████████████████▋             | 36/58 [00:01<00:00, 37.42it/s, loss=0.0024]
  Epoch 15/30:  62%|█████████████████████▋             | 36/58 [00:01<00:00, 37.42it/s, loss=0.0008]
  Epoch 15/30:  69%|████████████████████████▏          | 40/58 [00:01<00:00, 34.49it/s, loss=0.0008]
  Epoch 15/30:  69%|████████████████████████▏          | 40/58 [00:01<00:00, 34.49it/s, loss=0.0005]
  Epoch 15/30:  69%|████████████████████████▏          | 40/58 [00:01<00:00, 34.49it/s, loss=0.0010]
  Epoch 15/30:  69%|████████████████████████▏          | 40/58 [00:01<00:00, 34.49it/s, loss=0.0003]
  Epoch 15/30:  69%|████████████████████████▏          | 40/58 [00:01<00:00, 34.49it/s, loss=0.0012]
  Epoch 15/30:  76%|██████████████████████████▌        | 44/58 [00:01<00:00, 33.06it/s, loss=0.0012]
  Epoch 15/30:  76%|██████████████████████████▌        | 44/58 [00:01<00:00, 33.06it/s, loss=0.0003]
  Epoch 15/30:  76%|██████████████████████████▌        | 44/58 [00:01<00:00, 33.06it/s, loss=0.0008]
  Epoch 15/30:  76%|██████████████████████████▌        | 44/58 [00:01<00:00, 33.06it/s, loss=0.0007]
  Epoch 15/30:  76%|██████████████████████████▌        | 44/58 [00:01<00:00, 33.06it/s, loss=0.0003]
  Epoch 15/30:  83%|████████████████████████████▉      | 48/58 [00:01<00:00, 32.22it/s, loss=0.0003]
  Epoch 15/30:  83%|████████████████████████████▉      | 48/58 [00:01<00:00, 32.22it/s, loss=0.0003]
  Epoch 15/30:  83%|████████████████████████████▉      | 48/58 [00:01<00:00, 32.22it/s, loss=0.0004]
  Epoch 15/30:  83%|████████████████████████████▉      | 48/58 [00:01<00:00, 32.22it/s, loss=0.0010]
  Epoch 15/30:  83%|████████████████████████████▉      | 48/58 [00:01<00:00, 32.22it/s, loss=0.0005]
  Epoch 15/30:  90%|███████████████████████████████▍   | 52/58 [00:01<00:00, 31.91it/s, loss=0.0005]
  Epoch 15/30:  90%|███████████████████████████████▍   | 52/58 [00:01<00:00, 31.91it/s, loss=0.0009]
  Epoch 15/30:  90%|███████████████████████████████▍   | 52/58 [00:01<00:00, 31.91it/s, loss=0.0006]
  Epoch 15/30:  90%|███████████████████████████████▍   | 52/58 [00:01<00:00, 31.91it/s, loss=0.0005]
  Epoch 15/30:  90%|███████████████████████████████▍   | 52/58 [00:01<00:00, 31.91it/s, loss=0.0008]
  Epoch 15/30:  97%|█████████████████████████████████▊ | 56/58 [00:01<00:00, 30.22it/s, loss=0.0008]
  Epoch 15/30:  97%|█████████████████████████████████▊ | 56/58 [00:01<00:00, 30.22it/s, loss=0.0009]
  Epoch 15/30:  97%|█████████████████████████████████▊ | 56/58 [00:01<00:00, 30.22it/s, loss=0.0002]
                                                                                                    
  Epoch 15/30 │ Loss: 0.0009 │ T+1: 0.7760 │ T+2: 0.6098 │ T+3: 0.4068

  Epoch 16/30:   0%|                                                         | 0/58 [00:00<?, ?it/s]
  Epoch 16/30:   0%|                                            | 0/58 [00:00<?, ?it/s, loss=0.0011]
  Epoch 16/30:   0%|                                            | 0/58 [00:00<?, ?it/s, loss=0.0004]
  Epoch 16/30:   0%|                                            | 0/58 [00:00<?, ?it/s, loss=0.0006]
  Epoch 16/30:   0%|                                            | 0/58 [00:00<?, ?it/s, loss=0.0006]
  Epoch 16/30:   7%|██▍                                 | 4/58 [00:00<00:01, 30.75it/s, loss=0.0006]
  Epoch 16/30:   7%|██▍                                 | 4/58 [00:00<00:01, 30.75it/s, loss=0.0016]
  Epoch 16/30:   7%|██▍                                 | 4/58 [00:00<00:01, 30.75it/s, loss=0.0011]
  Epoch 16/30:   7%|██▍                                 | 4/58 [00:00<00:01, 30.75it/s, loss=0.0006]
  Epoch 16/30:   7%|██▍                                 | 4/58 [00:00<00:01, 30.75it/s, loss=0.0006]
  Epoch 16/30:  14%|████▉                               | 8/58 [00:00<00:01, 30.20it/s, loss=0.0006]
  Epoch 16/30:  14%|████▉                               | 8/58 [00:00<00:01, 30.20it/s, loss=0.0004]
  Epoch 16/30:  14%|████▉                               | 8/58 [00:00<00:01, 30.20it/s, loss=0.0008]
  Epoch 16/30:  14%|████▉                               | 8/58 [00:00<00:01, 30.20it/s, loss=0.0010]
  Epoch 16/30:  14%|████▉                               | 8/58 [00:00<00:01, 30.20it/s, loss=0.0032]
  Epoch 16/30:  21%|███████▏                           | 12/58 [00:00<00:01, 31.68it/s, loss=0.0032]
  Epoch 16/30:  21%|███████▏                           | 12/58 [00:00<00:01, 31.68it/s, loss=0.0007]
  Epoch 16/30:  21%|███████▏                           | 12/58 [00:00<00:01, 31.68it/s, loss=0.0013]
  Epoch 16/30:  21%|███████▏                           | 12/58 [00:00<00:01, 31.68it/s, loss=0.0009]
  Epoch 16/30:  21%|███████▏                           | 12/58 [00:00<00:01, 31.68it/s, loss=0.0018]
  Epoch 16/30:  28%|█████████▋                         | 16/58 [00:00<00:01, 29.59it/s, loss=0.0018]
  Epoch 16/30:  28%|█████████▋                         | 16/58 [00:00<00:01, 29.59it/s, loss=0.0010]
  Epoch 16/30:  28%|█████████▋                         | 16/58 [00:00<00:01, 29.59it/s, loss=0.0006]
  Epoch 16/30:  28%|█████████▋                         | 16/58 [00:00<00:01, 29.59it/s, loss=0.0004]
  Epoch 16/30:  33%|███████████▍                       | 19/58 [00:00<00:01, 28.69it/s, loss=0.0004]
  Epoch 16/30:  33%|███████████▍                       | 19/58 [00:00<00:01, 28.69it/s, loss=0.0007]
  Epoch 16/30:  33%|███████████▍                       | 19/58 [00:00<00:01, 28.69it/s, loss=0.0004]
  Epoch 16/30:  33%|███████████▍                       | 19/58 [00:00<00:01, 28.69it/s, loss=0.0020]
  Epoch 16/30:  38%|█████████████▎                     | 22/58 [00:00<00:01, 29.01it/s, loss=0.0020]
  Epoch 16/30:  38%|█████████████▎                     | 22/58 [00:00<00:01, 29.01it/s, loss=0.0006]
  Epoch 16/30:  38%|█████████████▎                     | 22/58 [00:00<00:01, 29.01it/s, loss=0.0017]
  Epoch 16/30:  38%|█████████████▎                     | 22/58 [00:00<00:01, 29.01it/s, loss=0.0004]
  Epoch 16/30:  43%|███████████████                    | 25/58 [00:00<00:01, 28.22it/s, loss=0.0004]
  Epoch 16/30:  43%|███████████████                    | 25/58 [00:00<00:01, 28.22it/s, loss=0.0003]
  Epoch 16/30:  43%|███████████████                    | 25/58 [00:00<00:01, 28.22it/s, loss=0.0011]
  Epoch 16/30:  43%|███████████████                    | 25/58 [00:00<00:01, 28.22it/s, loss=0.0011]
  Epoch 16/30:  48%|████████████████▉                  | 28/58 [00:00<00:01, 26.89it/s, loss=0.0011]
  Epoch 16/30:  48%|████████████████▉                  | 28/58 [00:01<00:01, 26.89it/s, loss=0.0007]
  Epoch 16/30:  48%|████████████████▉                  | 28/58 [00:01<00:01, 26.89it/s, loss=0.0008]
  Epoch 16/30:  48%|████████████████▉                  | 28/58 [00:01<00:01, 26.89it/s, loss=0.0010]
  Epoch 16/30:  53%|██████████████████▋                | 31/58 [00:01<00:01, 26.87it/s, loss=0.0010]
  Epoch 16/30:  53%|██████████████████▋                | 31/58 [00:01<00:01, 26.87it/s, loss=0.0006]
  Epoch 16/30:  53%|██████████████████▋                | 31/58 [00:01<00:01, 26.87it/s, loss=0.0007]
  Epoch 16/30:  53%|██████████████████▋                | 31/58 [00:01<00:01, 26.87it/s, loss=0.0009]
  Epoch 16/30:  59%|████████████████████▌              | 34/58 [00:01<00:00, 27.58it/s, loss=0.0009]
  Epoch 16/30:  59%|████████████████████▌              | 34/58 [00:01<00:00, 27.58it/s, loss=0.0006]
  Epoch 16/30:  59%|████████████████████▌              | 34/58 [00:01<00:00, 27.58it/s, loss=0.0017]
  Epoch 16/30:  59%|████████████████████▌              | 34/58 [00:01<00:00, 27.58it/s, loss=0.0012]
  Epoch 16/30:  64%|██████████████████████▎            | 37/58 [00:01<00:00, 27.84it/s, loss=0.0012]
  Epoch 16/30:  64%|██████████████████████▎            | 37/58 [00:01<00:00, 27.84it/s, loss=0.0010]
  Epoch 16/30:  64%|██████████████████████▎            | 37/58 [00:01<00:00, 27.84it/s, loss=0.0003]
  Epoch 16/30:  64%|██████████████████████▎            | 37/58 [00:01<00:00, 27.84it/s, loss=0.0005]
  Epoch 16/30:  69%|████████████████████████▏          | 40/58 [00:01<00:00, 28.29it/s, loss=0.0005]
  Epoch 16/30:  69%|████████████████████████▏          | 40/58 [00:01<00:00, 28.29it/s, loss=0.0005]
  Epoch 16/30:  69%|████████████████████████▏          | 40/58 [00:01<00:00, 28.29it/s, loss=0.0009]
  Epoch 16/30:  69%|████████████████████████▏          | 40/58 [00:01<00:00, 28.29it/s, loss=0.0009]
  Epoch 16/30:  74%|█████████████████████████▉         | 43/58 [00:01<00:00, 27.91it/s, loss=0.0009]
  Epoch 16/30:  74%|█████████████████████████▉         | 43/58 [00:01<00:00, 27.91it/s, loss=0.0004]
  Epoch 16/30:  74%|█████████████████████████▉         | 43/58 [00:01<00:00, 27.91it/s, loss=0.0008]
  Epoch 16/30:  74%|█████████████████████████▉         | 43/58 [00:01<00:00, 27.91it/s, loss=0.0005]
  Epoch 16/30:  79%|███████████████████████████▊       | 46/58 [00:01<00:00, 27.78it/s, loss=0.0005]
  Epoch 16/30:  79%|███████████████████████████▊       | 46/58 [00:01<00:00, 27.78it/s, loss=0.0005]
  Epoch 16/30:  79%|███████████████████████████▊       | 46/58 [00:01<00:00, 27.78it/s, loss=0.0007]
  Epoch 16/30:  79%|███████████████████████████▊       | 46/58 [00:01<00:00, 27.78it/s, loss=0.0004]
  Epoch 16/30:  84%|█████████████████████████████▌     | 49/58 [00:01<00:00, 28.27it/s, loss=0.0004]
  Epoch 16/30:  84%|█████████████████████████████▌     | 49/58 [00:01<00:00, 28.27it/s, loss=0.0004]
  Epoch 16/30:  84%|█████████████████████████████▌     | 49/58 [00:01<00:00, 28.27it/s, loss=0.0008]
  Epoch 16/30:  84%|█████████████████████████████▌     | 49/58 [00:01<00:00, 28.27it/s, loss=0.0011]
  Epoch 16/30:  90%|███████████████████████████████▍   | 52/58 [00:01<00:00, 28.55it/s, loss=0.0011]
  Epoch 16/30:  90%|███████████████████████████████▍   | 52/58 [00:01<00:00, 28.55it/s, loss=0.0005]
  Epoch 16/30:  90%|███████████████████████████████▍   | 52/58 [00:01<00:00, 28.55it/s, loss=0.0007]
  Epoch 16/30:  90%|███████████████████████████████▍   | 52/58 [00:01<00:00, 28.55it/s, loss=0.0007]
  Epoch 16/30:  95%|█████████████████████████████████▏ | 55/58 [00:01<00:00, 28.50it/s, loss=0.0007]
  Epoch 16/30:  95%|█████████████████████████████████▏ | 55/58 [00:01<00:00, 28.50it/s, loss=0.0006]
  Epoch 16/30:  95%|█████████████████████████████████▏ | 55/58 [00:02<00:00, 28.50it/s, loss=0.0010]
  Epoch 16/30:  95%|█████████████████████████████████▏ | 55/58 [00:02<00:00, 28.50it/s, loss=0.0000]
                                                                                                    

  Epoch 17/30:   0%|                                                         | 0/58 [00:00<?, ?it/s]
  Epoch 17/30:   0%|                                            | 0/58 [00:00<?, ?it/s, loss=0.0004]
  Epoch 17/30:   0%|                                            | 0/58 [00:00<?, ?it/s, loss=0.0011]
  Epoch 17/30:   0%|                                            | 0/58 [00:00<?, ?it/s, loss=0.0011]
  Epoch 17/30:   0%|                                            | 0/58 [00:00<?, ?it/s, loss=0.0015]
  Epoch 17/30:   7%|██▍                                 | 4/58 [00:00<00:01, 30.47it/s, loss=0.0015]
  Epoch 17/30:   7%|██▍                                 | 4/58 [00:00<00:01, 30.47it/s, loss=0.0018]
  Epoch 17/30:   7%|██▍                                 | 4/58 [00:00<00:01, 30.47it/s, loss=0.0002]
  Epoch 17/30:   7%|██▍                                 | 4/58 [00:00<00:01, 30.47it/s, loss=0.0002]
  Epoch 17/30:   7%|██▍                                 | 4/58 [00:00<00:01, 30.47it/s, loss=0.0011]
  Epoch 17/30:  14%|████▉                               | 8/58 [00:00<00:01, 30.09it/s, loss=0.0011]
  Epoch 17/30:  14%|████▉                               | 8/58 [00:00<00:01, 30.09it/s, loss=0.0012]
  Epoch 17/30:  14%|████▉                               | 8/58 [00:00<00:01, 30.09it/s, loss=0.0004]
  Epoch 17/30:  14%|████▉                               | 8/58 [00:00<00:01, 30.09it/s, loss=0.0012]
  Epoch 17/30:  14%|████▉                               | 8/58 [00:00<00:01, 30.09it/s, loss=0.0009]
  Epoch 17/30:  21%|███████▏                           | 12/58 [00:00<00:01, 30.16it/s, loss=0.0009]
  Epoch 17/30:  21%|███████▏                           | 12/58 [00:00<00:01, 30.16it/s, loss=0.0003]
  Epoch 17/30:  21%|███████▏                           | 12/58 [00:00<00:01, 30.16it/s, loss=0.0004]
  Epoch 17/30:  21%|███████▏                           | 12/58 [00:00<00:01, 30.16it/s, loss=0.0003]
  Epoch 17/30:  21%|███████▏                           | 12/58 [00:00<00:01, 30.16it/s, loss=0.0012]
  Epoch 17/30:  28%|█████████▋                         | 16/58 [00:00<00:01, 29.34it/s, loss=0.0012]
  Epoch 17/30:  28%|█████████▋                         | 16/58 [00:00<00:01, 29.34it/s, loss=0.0004]
  Epoch 17/30:  28%|█████████▋                         | 16/58 [00:00<00:01, 29.34it/s, loss=0.0003]
  Epoch 17/30:  28%|█████████▋                         | 16/58 [00:00<00:01, 29.34it/s, loss=0.0001]
  Epoch 17/30:  33%|███████████▍                       | 19/58 [00:00<00:01, 28.65it/s, loss=0.0001]
  Epoch 17/30:  33%|███████████▍                       | 19/58 [00:00<00:01, 28.65it/s, loss=0.0006]
  Epoch 17/30:  33%|███████████▍                       | 19/58 [00:00<00:01, 28.65it/s, loss=0.0010]
  Epoch 17/30:  33%|███████████▍                       | 19/58 [00:00<00:01, 28.65it/s, loss=0.0005]
  Epoch 17/30:  38%|█████████████▎                     | 22/58 [00:00<00:01, 28.23it/s, loss=0.0005]
  Epoch 17/30:  38%|█████████████▎                     | 22/58 [00:00<00:01, 28.23it/s, loss=0.0005]
  Epoch 17/30:  38%|█████████████▎                     | 22/58 [00:00<00:01, 28.23it/s, loss=0.0004]
  Epoch 17/30:  38%|█████████████▎                     | 22/58 [00:00<00:01, 28.23it/s, loss=0.0004]
  Epoch 17/30:  43%|███████████████                    | 25/58 [00:00<00:01, 27.75it/s, loss=0.0004]
  Epoch 17/30:  43%|███████████████                    | 25/58 [00:00<00:01, 27.75it/s, loss=0.0008]
  Epoch 17/30:  43%|███████████████                    | 25/58 [00:00<00:01, 27.75it/s, loss=0.0004]
  Epoch 17/30:  43%|███████████████                    | 25/58 [00:00<00:01, 27.75it/s, loss=0.0016]
  Epoch 17/30:  48%|████████████████▉                  | 28/58 [00:00<00:01, 26.70it/s, loss=0.0016]
  Epoch 17/30:  48%|████████████████▉                  | 28/58 [00:01<00:01, 26.70it/s, loss=0.0007]
  Epoch 17/30:  48%|████████████████▉                  | 28/58 [00:01<00:01, 26.70it/s, loss=0.0004]
  Epoch 17/30:  48%|████████████████▉                  | 28/58 [00:01<00:01, 26.70it/s, loss=0.0009]
  Epoch 17/30:  48%|████████████████▉                  | 28/58 [00:01<00:01, 26.70it/s, loss=0.0015]
  Epoch 17/30:  55%|███████████████████▎               | 32/58 [00:01<00:00, 28.12it/s, loss=0.0015]
  Epoch 17/30:  55%|███████████████████▎               | 32/58 [00:01<00:00, 28.12it/s, loss=0.0003]
  Epoch 17/30:  55%|███████████████████▎               | 32/58 [00:01<00:00, 28.12it/s, loss=0.0007]
  Epoch 17/30:  55%|███████████████████▎               | 32/58 [00:01<00:00, 28.12it/s, loss=0.0007]
  Epoch 17/30:  60%|█████████████████████              | 35/58 [00:01<00:00, 28.45it/s, loss=0.0007]
  Epoch 17/30:  60%|█████████████████████              | 35/58 [00:01<00:00, 28.45it/s, loss=0.0005]
  Epoch 17/30:  60%|█████████████████████              | 35/58 [00:01<00:00, 28.45it/s, loss=0.0037]
  Epoch 17/30:  60%|█████████████████████              | 35/58 [00:01<00:00, 28.45it/s, loss=0.0014]
  Epoch 17/30:  66%|██████████████████████▉            | 38/58 [00:01<00:00, 28.64it/s, loss=0.0014]
  Epoch 17/30:  66%|██████████████████████▉            | 38/58 [00:01<00:00, 28.64it/s, loss=0.0011]
  Epoch 17/30:  66%|██████████████████████▉            | 38/58 [00:01<00:00, 28.64it/s, loss=0.0010]
  Epoch 17/30:  66%|██████████████████████▉            | 38/58 [00:01<00:00, 28.64it/s, loss=0.0014]
  Epoch 17/30:  66%|██████████████████████▉            | 38/58 [00:01<00:00, 28.64it/s, loss=0.0009]
  Epoch 17/30:  72%|█████████████████████████▎         | 42/58 [00:01<00:00, 30.07it/s, loss=0.0009]
  Epoch 17/30:  72%|█████████████████████████▎         | 42/58 [00:01<00:00, 30.07it/s, loss=0.0006]
  Epoch 17/30:  72%|█████████████████████████▎         | 42/58 [00:01<00:00, 30.07it/s, loss=0.0009]
  Epoch 17/30:  72%|█████████████████████████▎         | 42/58 [00:01<00:00, 30.07it/s, loss=0.0003]
  Epoch 17/30:  72%|█████████████████████████▎         | 42/58 [00:01<00:00, 30.07it/s, loss=0.0008]
  Epoch 17/30:  79%|███████████████████████████▊       | 46/58 [00:01<00:00, 29.22it/s, loss=0.0008]
  Epoch 17/30:  79%|███████████████████████████▊       | 46/58 [00:01<00:00, 29.22it/s, loss=0.0008]
  Epoch 17/30:  79%|███████████████████████████▊       | 46/58 [00:01<00:00, 29.22it/s, loss=0.0010]
  Epoch 17/30:  79%|███████████████████████████▊       | 46/58 [00:01<00:00, 29.22it/s, loss=0.0003]
  Epoch 17/30:  84%|█████████████████████████████▌     | 49/58 [00:01<00:00, 29.07it/s, loss=0.0003]
  Epoch 17/30:  84%|█████████████████████████████▌     | 49/58 [00:01<00:00, 29.07it/s, loss=0.0003]
  Epoch 17/30:  84%|█████████████████████████████▌     | 49/58 [00:01<00:00, 29.07it/s, loss=0.0007]
  Epoch 17/30:  84%|█████████████████████████████▌     | 49/58 [00:01<00:00, 29.07it/s, loss=0.0006]
  Epoch 17/30:  90%|███████████████████████████████▍   | 52/58 [00:01<00:00, 28.85it/s, loss=0.0006]
  Epoch 17/30:  90%|███████████████████████████████▍   | 52/58 [00:01<00:00, 28.85it/s, loss=0.0015]
  Epoch 17/30:  90%|███████████████████████████████▍   | 52/58 [00:01<00:00, 28.85it/s, loss=0.0003]
  Epoch 17/30:  90%|███████████████████████████████▍   | 52/58 [00:01<00:00, 28.85it/s, loss=0.0010]
  Epoch 17/30:  90%|███████████████████████████████▍   | 52/58 [00:01<00:00, 28.85it/s, loss=0.0014]
  Epoch 17/30:  97%|█████████████████████████████████▊ | 56/58 [00:01<00:00, 29.41it/s, loss=0.0014]
  Epoch 17/30:  97%|█████████████████████████████████▊ | 56/58 [00:01<00:00, 29.41it/s, loss=0.0008]
  Epoch 17/30:  97%|█████████████████████████████████▊ | 56/58 [00:01<00:00, 29.41it/s, loss=0.0001]
                                                                                                    

  Epoch 18/30:   0%|                                                         | 0/58 [00:00<?, ?it/s]
  Epoch 18/30:   0%|                                            | 0/58 [00:00<?, ?it/s, loss=0.0011]
  Epoch 18/30:   0%|                                            | 0/58 [00:00<?, ?it/s, loss=0.0014]
  Epoch 18/30:   0%|                                            | 0/58 [00:00<?, ?it/s, loss=0.0009]
  Epoch 18/30:   5%|█▊                                  | 3/58 [00:00<00:02, 25.29it/s, loss=0.0009]
  Epoch 18/30:   5%|█▊                                  | 3/58 [00:00<00:02, 25.29it/s, loss=0.0008]
  Epoch 18/30:   5%|█▊                                  | 3/58 [00:00<00:02, 25.29it/s, loss=0.0011]
  Epoch 18/30:   5%|█▊                                  | 3/58 [00:00<00:02, 25.29it/s, loss=0.0010]
  Epoch 18/30:   5%|█▊                                  | 3/58 [00:00<00:02, 25.29it/s, loss=0.0004]
  Epoch 18/30:  12%|████▎                               | 7/58 [00:00<00:01, 29.25it/s, loss=0.0004]
  Epoch 18/30:  12%|████▎                               | 7/58 [00:00<00:01, 29.25it/s, loss=0.0010]
  Epoch 18/30:  12%|████▎                               | 7/58 [00:00<00:01, 29.25it/s, loss=0.0010]
  Epoch 18/30:  12%|████▎                               | 7/58 [00:00<00:01, 29.25it/s, loss=0.0020]
  Epoch 18/30:  12%|████▎                               | 7/58 [00:00<00:01, 29.25it/s, loss=0.0002]
  Epoch 18/30:  19%|██████▋                            | 11/58 [00:00<00:01, 29.77it/s, loss=0.0002]
  Epoch 18/30:  19%|██████▋                            | 11/58 [00:00<00:01, 29.77it/s, loss=0.0004]
  Epoch 18/30:  19%|██████▋                            | 11/58 [00:00<00:01, 29.77it/s, loss=0.0005]
  Epoch 18/30:  19%|██████▋                            | 11/58 [00:00<00:01, 29.77it/s, loss=0.0005]
  Epoch 18/30:  19%|██████▋                            | 11/58 [00:00<00:01, 29.77it/s, loss=0.0005]
  Epoch 18/30:  26%|█████████                          | 15/58 [00:00<00:01, 31.04it/s, loss=0.0005]
  Epoch 18/30:  26%|█████████                          | 15/58 [00:00<00:01, 31.04it/s, loss=0.0006]
  Epoch 18/30:  26%|█████████                          | 15/58 [00:00<00:01, 31.04it/s, loss=0.0007]
  Epoch 18/30:  26%|█████████                          | 15/58 [00:00<00:01, 31.04it/s, loss=0.0005]
  Epoch 18/30:  26%|█████████                          | 15/58 [00:00<00:01, 31.04it/s, loss=0.0006]
  Epoch 18/30:  33%|███████████▍                       | 19/58 [00:00<00:01, 32.55it/s, loss=0.0006]
  Epoch 18/30:  33%|███████████▍                       | 19/58 [00:00<00:01, 32.55it/s, loss=0.0004]
  Epoch 18/30:  33%|███████████▍                       | 19/58 [00:00<00:01, 32.55it/s, loss=0.0003]
  Epoch 18/30:  33%|███████████▍                       | 19/58 [00:00<00:01, 32.55it/s, loss=0.0014]
  Epoch 18/30:  33%|███████████▍                       | 19/58 [00:00<00:01, 32.55it/s, loss=0.0008]
  Epoch 18/30:  40%|█████████████▉                     | 23/58 [00:00<00:01, 34.61it/s, loss=0.0008]
  Epoch 18/30:  40%|█████████████▉                     | 23/58 [00:00<00:01, 34.61it/s, loss=0.0010]
  Epoch 18/30:  40%|█████████████▉                     | 23/58 [00:00<00:01, 34.61it/s, loss=0.0008]
  Epoch 18/30:  40%|█████████████▉                     | 23/58 [00:00<00:01, 34.61it/s, loss=0.0009]
  Epoch 18/30:  40%|█████████████▉                     | 23/58 [00:00<00:01, 34.61it/s, loss=0.0011]
  Epoch 18/30:  47%|████████████████▎                  | 27/58 [00:00<00:00, 35.43it/s, loss=0.0011]
  Epoch 18/30:  47%|████████████████▎                  | 27/58 [00:00<00:00, 35.43it/s, loss=0.0003]
  Epoch 18/30:  47%|████████████████▎                  | 27/58 [00:00<00:00, 35.43it/s, loss=0.0007]
  Epoch 18/30:  47%|████████████████▎                  | 27/58 [00:00<00:00, 35.43it/s, loss=0.0005]
  Epoch 18/30:  47%|████████████████▎                  | 27/58 [00:00<00:00, 35.43it/s, loss=0.0025]
  Epoch 18/30:  53%|██████████████████▋                | 31/58 [00:00<00:00, 34.04it/s, loss=0.0025]
  Epoch 18/30:  53%|██████████████████▋                | 31/58 [00:00<00:00, 34.04it/s, loss=0.0013]
  Epoch 18/30:  53%|██████████████████▋                | 31/58 [00:01<00:00, 34.04it/s, loss=0.0011]
  Epoch 18/30:  53%|██████████████████▋                | 31/58 [00:01<00:00, 34.04it/s, loss=0.0008]
  Epoch 18/30:  53%|██████████████████▋                | 31/58 [00:01<00:00, 34.04it/s, loss=0.0004]
  Epoch 18/30:  60%|█████████████████████              | 35/58 [00:01<00:00, 33.45it/s, loss=0.0004]
  Epoch 18/30:  60%|█████████████████████              | 35/58 [00:01<00:00, 33.45it/s, loss=0.0003]
  Epoch 18/30:  60%|█████████████████████              | 35/58 [00:01<00:00, 33.45it/s, loss=0.0005]
  Epoch 18/30:  60%|█████████████████████              | 35/58 [00:01<00:00, 33.45it/s, loss=0.0018]
  Epoch 18/30:  60%|█████████████████████              | 35/58 [00:01<00:00, 33.45it/s, loss=0.0002]
  Epoch 18/30:  67%|███████████████████████▌           | 39/58 [00:01<00:00, 33.13it/s, loss=0.0002]
  Epoch 18/30:  67%|███████████████████████▌           | 39/58 [00:01<00:00, 33.13it/s, loss=0.0021]
  Epoch 18/30:  67%|███████████████████████▌           | 39/58 [00:01<00:00, 33.13it/s, loss=0.0009]
  Epoch 18/30:  67%|███████████████████████▌           | 39/58 [00:01<00:00, 33.13it/s, loss=0.0004]
  Epoch 18/30:  67%|███████████████████████▌           | 39/58 [00:01<00:00, 33.13it/s, loss=0.0009]
  Epoch 18/30:  74%|█████████████████████████▉         | 43/58 [00:01<00:00, 31.00it/s, loss=0.0009]
  Epoch 18/30:  74%|█████████████████████████▉         | 43/58 [00:01<00:00, 31.00it/s, loss=0.0014]
  Epoch 18/30:  74%|█████████████████████████▉         | 43/58 [00:01<00:00, 31.00it/s, loss=0.0005]
  Epoch 18/30:  74%|█████████████████████████▉         | 43/58 [00:01<00:00, 31.00it/s, loss=0.0021]
  Epoch 18/30:  74%|█████████████████████████▉         | 43/58 [00:01<00:00, 31.00it/s, loss=0.0005]
  Epoch 18/30:  81%|████████████████████████████▎      | 47/58 [00:01<00:00, 29.96it/s, loss=0.0005]
  Epoch 18/30:  81%|████████████████████████████▎      | 47/58 [00:01<00:00, 29.96it/s, loss=0.0010]
  Epoch 18/30:  81%|████████████████████████████▎      | 47/58 [00:01<00:00, 29.96it/s, loss=0.0014]
  Epoch 18/30:  81%|████████████████████████████▎      | 47/58 [00:01<00:00, 29.96it/s, loss=0.0003]
  Epoch 18/30:  81%|████████████████████████████▎      | 47/58 [00:01<00:00, 29.96it/s, loss=0.0010]
  Epoch 18/30:  88%|██████████████████████████████▊    | 51/58 [00:01<00:00, 29.33it/s, loss=0.0010]
  Epoch 18/30:  88%|██████████████████████████████▊    | 51/58 [00:01<00:00, 29.33it/s, loss=0.0004]
  Epoch 18/30:  88%|██████████████████████████████▊    | 51/58 [00:01<00:00, 29.33it/s, loss=0.0006]
  Epoch 18/30:  88%|██████████████████████████████▊    | 51/58 [00:01<00:00, 29.33it/s, loss=0.0003]
  Epoch 18/30:  93%|████████████████████████████████▌  | 54/58 [00:01<00:00, 27.54it/s, loss=0.0003]
  Epoch 18/30:  93%|████████████████████████████████▌  | 54/58 [00:01<00:00, 27.54it/s, loss=0.0003]
  Epoch 18/30:  93%|████████████████████████████████▌  | 54/58 [00:01<00:00, 27.54it/s, loss=0.0004]
  Epoch 18/30:  93%|████████████████████████████████▌  | 54/58 [00:01<00:00, 27.54it/s, loss=0.0005]
  Epoch 18/30:  98%|██████████████████████████████████▍| 57/58 [00:01<00:00, 27.91it/s, loss=0.0005]
  Epoch 18/30:  98%|██████████████████████████████████▍| 57/58 [00:01<00:00, 27.91it/s, loss=0.0003]
                                                                                                    

  Epoch 19/30:   0%|                                                         | 0/58 [00:00<?, ?it/s]
  Epoch 19/30:   0%|                                            | 0/58 [00:00<?, ?it/s, loss=0.0012]
  Epoch 19/30:   0%|                                            | 0/58 [00:00<?, ?it/s, loss=0.0005]
  Epoch 19/30:   0%|                                            | 0/58 [00:00<?, ?it/s, loss=0.0024]
  Epoch 19/30:   5%|█▊                                  | 3/58 [00:00<00:01, 29.13it/s, loss=0.0024]
  Epoch 19/30:   5%|█▊                                  | 3/58 [00:00<00:01, 29.13it/s, loss=0.0007]
  Epoch 19/30:   5%|█▊                                  | 3/58 [00:00<00:01, 29.13it/s, loss=0.0012]
  Epoch 19/30:   5%|█▊                                  | 3/58 [00:00<00:01, 29.13it/s, loss=0.0006]
  Epoch 19/30:   5%|█▊                                  | 3/58 [00:00<00:01, 29.13it/s, loss=0.0003]
  Epoch 19/30:  12%|████▎                               | 7/58 [00:00<00:01, 29.78it/s, loss=0.0003]
  Epoch 19/30:  12%|████▎                               | 7/58 [00:00<00:01, 29.78it/s, loss=0.0003]
  Epoch 19/30:  12%|████▎                               | 7/58 [00:00<00:01, 29.78it/s, loss=0.0007]
  Epoch 19/30:  12%|████▎                               | 7/58 [00:00<00:01, 29.78it/s, loss=0.0020]
  Epoch 19/30:  17%|██████                             | 10/58 [00:00<00:01, 29.64it/s, loss=0.0020]
  Epoch 19/30:  17%|██████                             | 10/58 [00:00<00:01, 29.64it/s, loss=0.0004]
  Epoch 19/30:  17%|██████                             | 10/58 [00:00<00:01, 29.64it/s, loss=0.0017]
  Epoch 19/30:  17%|██████                             | 10/58 [00:00<00:01, 29.64it/s, loss=0.0004]
  Epoch 19/30:  22%|███████▊                           | 13/58 [00:00<00:01, 29.56it/s, loss=0.0004]
  Epoch 19/30:  22%|███████▊                           | 13/58 [00:00<00:01, 29.56it/s, loss=0.0008]
  Epoch 19/30:  22%|███████▊                           | 13/58 [00:00<00:01, 29.56it/s, loss=0.0005]
  Epoch 19/30:  22%|███████▊                           | 13/58 [00:00<00:01, 29.56it/s, loss=0.0004]
  Epoch 19/30:  28%|█████████▋                         | 16/58 [00:00<00:01, 29.71it/s, loss=0.0004]
  Epoch 19/30:  28%|█████████▋                         | 16/58 [00:00<00:01, 29.71it/s, loss=0.0005]
  Epoch 19/30:  28%|█████████▋                         | 16/58 [00:00<00:01, 29.71it/s, loss=0.0010]
  Epoch 19/30:  28%|█████████▋                         | 16/58 [00:00<00:01, 29.71it/s, loss=0.0006]
  Epoch 19/30:  28%|█████████▋                         | 16/58 [00:00<00:01, 29.71it/s, loss=0.0020]
  Epoch 19/30:  34%|████████████                       | 20/58 [00:00<00:01, 31.73it/s, loss=0.0020]
  Epoch 19/30:  34%|████████████                       | 20/58 [00:00<00:01, 31.73it/s, loss=0.0007]
  Epoch 19/30:  34%|████████████                       | 20/58 [00:00<00:01, 31.73it/s, loss=0.0005]
  Epoch 19/30:  34%|████████████                       | 20/58 [00:00<00:01, 31.73it/s, loss=0.0003]
  Epoch 19/30:  34%|████████████                       | 20/58 [00:00<00:01, 31.73it/s, loss=0.0018]
  Epoch 19/30:  41%|██████████████▍                    | 24/58 [00:00<00:01, 32.73it/s, loss=0.0018]
  Epoch 19/30:  41%|██████████████▍                    | 24/58 [00:00<00:01, 32.73it/s, loss=0.0009]
  Epoch 19/30:  41%|██████████████▍                    | 24/58 [00:00<00:01, 32.73it/s, loss=0.0015]
  Epoch 19/30:  41%|██████████████▍                    | 24/58 [00:00<00:01, 32.73it/s, loss=0.0002]
  Epoch 19/30:  41%|██████████████▍                    | 24/58 [00:00<00:01, 32.73it/s, loss=0.0005]
  Epoch 19/30:  48%|████████████████▉                  | 28/58 [00:00<00:00, 34.87it/s, loss=0.0005]
  Epoch 19/30:  48%|████████████████▉                  | 28/58 [00:00<00:00, 34.87it/s, loss=0.0004]
  Epoch 19/30:  48%|████████████████▉                  | 28/58 [00:00<00:00, 34.87it/s, loss=0.0012]
  Epoch 19/30:  48%|████████████████▉                  | 28/58 [00:00<00:00, 34.87it/s, loss=0.0012]
  Epoch 19/30:  48%|████████████████▉                  | 28/58 [00:00<00:00, 34.87it/s, loss=0.0003]
  Epoch 19/30:  55%|███████████████████▎               | 32/58 [00:00<00:00, 36.01it/s, loss=0.0003]
  Epoch 19/30:  55%|███████████████████▎               | 32/58 [00:00<00:00, 36.01it/s, loss=0.0007]
  Epoch 19/30:  55%|███████████████████▎               | 32/58 [00:01<00:00, 36.01it/s, loss=0.0009]
  Epoch 19/30:  55%|███████████████████▎               | 32/58 [00:01<00:00, 36.01it/s, loss=0.0010]
  Epoch 19/30:  55%|███████████████████▎               | 32/58 [00:01<00:00, 36.01it/s, loss=0.0008]
  Epoch 19/30:  62%|█████████████████████▋             | 36/58 [00:01<00:00, 35.34it/s, loss=0.0008]
  Epoch 19/30:  62%|█████████████████████▋             | 36/58 [00:01<00:00, 35.34it/s, loss=0.0005]
  Epoch 19/30:  62%|█████████████████████▋             | 36/58 [00:01<00:00, 35.34it/s, loss=0.0011]
  Epoch 19/30:  62%|█████████████████████▋             | 36/58 [00:01<00:00, 35.34it/s, loss=0.0005]
  Epoch 19/30:  62%|█████████████████████▋             | 36/58 [00:01<00:00, 35.34it/s, loss=0.0007]
  Epoch 19/30:  69%|████████████████████████▏          | 40/58 [00:01<00:00, 35.92it/s, loss=0.0007]
  Epoch 19/30:  69%|████████████████████████▏          | 40/58 [00:01<00:00, 35.92it/s, loss=0.0003]
  Epoch 19/30:  69%|████████████████████████▏          | 40/58 [00:01<00:00, 35.92it/s, loss=0.0008]
  Epoch 19/30:  69%|████████████████████████▏          | 40/58 [00:01<00:00, 35.92it/s, loss=0.0009]
  Epoch 19/30:  69%|████████████████████████▏          | 40/58 [00:01<00:00, 35.92it/s, loss=0.0005]
  Epoch 19/30:  76%|██████████████████████████▌        | 44/58 [00:01<00:00, 36.05it/s, loss=0.0005]
  Epoch 19/30:  76%|██████████████████████████▌        | 44/58 [00:01<00:00, 36.05it/s, loss=0.0010]
  Epoch 19/30:  76%|██████████████████████████▌        | 44/58 [00:01<00:00, 36.05it/s, loss=0.0015]
  Epoch 19/30:  76%|██████████████████████████▌        | 44/58 [00:01<00:00, 36.05it/s, loss=0.0006]
  Epoch 19/30:  76%|██████████████████████████▌        | 44/58 [00:01<00:00, 36.05it/s, loss=0.0009]
  Epoch 19/30:  76%|██████████████████████████▌        | 44/58 [00:01<00:00, 36.05it/s, loss=0.0007]
  Epoch 19/30:  84%|█████████████████████████████▌     | 49/58 [00:01<00:00, 37.12it/s, loss=0.0007]
  Epoch 19/30:  84%|█████████████████████████████▌     | 49/58 [00:01<00:00, 37.12it/s, loss=0.0007]
  Epoch 19/30:  84%|█████████████████████████████▌     | 49/58 [00:01<00:00, 37.12it/s, loss=0.0005]
  Epoch 19/30:  84%|█████████████████████████████▌     | 49/58 [00:01<00:00, 37.12it/s, loss=0.0008]
  Epoch 19/30:  84%|█████████████████████████████▌     | 49/58 [00:01<00:00, 37.12it/s, loss=0.0004]
  Epoch 19/30:  91%|███████████████████████████████▉   | 53/58 [00:01<00:00, 36.28it/s, loss=0.0004]
  Epoch 19/30:  91%|███████████████████████████████▉   | 53/58 [00:01<00:00, 36.28it/s, loss=0.0011]
  Epoch 19/30:  91%|███████████████████████████████▉   | 53/58 [00:01<00:00, 36.28it/s, loss=0.0010]
  Epoch 19/30:  91%|███████████████████████████████▉   | 53/58 [00:01<00:00, 36.28it/s, loss=0.0006]
  Epoch 19/30:  91%|███████████████████████████████▉   | 53/58 [00:01<00:00, 36.28it/s, loss=0.0005]
  Epoch 19/30:  98%|██████████████████████████████████▍| 57/58 [00:01<00:00, 34.76it/s, loss=0.0005]
  Epoch 19/30:  98%|██████████████████████████████████▍| 57/58 [00:01<00:00, 34.76it/s, loss=0.0019]
                                                                                                    

  Epoch 20/30:   0%|                                                         | 0/58 [00:00<?, ?it/s]
  Epoch 20/30:   0%|                                            | 0/58 [00:00<?, ?it/s, loss=0.0004]
  Epoch 20/30:   0%|                                            | 0/58 [00:00<?, ?it/s, loss=0.0021]
  Epoch 20/30:   0%|                                            | 0/58 [00:00<?, ?it/s, loss=0.0010]
  Epoch 20/30:   0%|                                            | 0/58 [00:00<?, ?it/s, loss=0.0010]
  Epoch 20/30:   7%|██▍                                 | 4/58 [00:00<00:01, 38.90it/s, loss=0.0010]
  Epoch 20/30:   7%|██▍                                 | 4/58 [00:00<00:01, 38.90it/s, loss=0.0005]
  Epoch 20/30:   7%|██▍                                 | 4/58 [00:00<00:01, 38.90it/s, loss=0.0009]
  Epoch 20/30:   7%|██▍                                 | 4/58 [00:00<00:01, 38.90it/s, loss=0.0018]
  Epoch 20/30:   7%|██▍                                 | 4/58 [00:00<00:01, 38.90it/s, loss=0.0012]
  Epoch 20/30:  14%|████▉                               | 8/58 [00:00<00:01, 35.88it/s, loss=0.0012]
  Epoch 20/30:  14%|████▉                               | 8/58 [00:00<00:01, 35.88it/s, loss=0.0010]
  Epoch 20/30:  14%|████▉                               | 8/58 [00:00<00:01, 35.88it/s, loss=0.0004]
  Epoch 20/30:  14%|████▉                               | 8/58 [00:00<00:01, 35.88it/s, loss=0.0012]
  Epoch 20/30:  14%|████▉                               | 8/58 [00:00<00:01, 35.88it/s, loss=0.0006]
  Epoch 20/30:  21%|███████▏                           | 12/58 [00:00<00:01, 37.11it/s, loss=0.0006]
  Epoch 20/30:  21%|███████▏                           | 12/58 [00:00<00:01, 37.11it/s, loss=0.0006]
  Epoch 20/30:  21%|███████▏                           | 12/58 [00:00<00:01, 37.11it/s, loss=0.0008]
  Epoch 20/30:  21%|███████▏                           | 12/58 [00:00<00:01, 37.11it/s, loss=0.0005]
  Epoch 20/30:  21%|███████▏                           | 12/58 [00:00<00:01, 37.11it/s, loss=0.0006]
  Epoch 20/30:  28%|█████████▋                         | 16/58 [00:00<00:01, 34.41it/s, loss=0.0006]
  Epoch 20/30:  28%|█████████▋                         | 16/58 [00:00<00:01, 34.41it/s, loss=0.0003]
  Epoch 20/30:  28%|█████████▋                         | 16/58 [00:00<00:01, 34.41it/s, loss=0.0017]
  Epoch 20/30:  28%|█████████▋                         | 16/58 [00:00<00:01, 34.41it/s, loss=0.0015]
  Epoch 20/30:  28%|█████████▋                         | 16/58 [00:00<00:01, 34.41it/s, loss=0.0007]
  Epoch 20/30:  28%|█████████▋                         | 16/58 [00:00<00:01, 34.41it/s, loss=0.0002]
  Epoch 20/30:  36%|████████████▋                      | 21/58 [00:00<00:01, 35.98it/s, loss=0.0002]
  Epoch 20/30:  36%|████████████▋                      | 21/58 [00:00<00:01, 35.98it/s, loss=0.0008]
  Epoch 20/30:  36%|████████████▋                      | 21/58 [00:00<00:01, 35.98it/s, loss=0.0011]
  Epoch 20/30:  36%|████████████▋                      | 21/58 [00:00<00:01, 35.98it/s, loss=0.0004]
  Epoch 20/30:  36%|████████████▋                      | 21/58 [00:00<00:01, 35.98it/s, loss=0.0004]
  Epoch 20/30:  43%|███████████████                    | 25/58 [00:00<00:00, 35.98it/s, loss=0.0004]
  Epoch 20/30:  43%|███████████████                    | 25/58 [00:00<00:00, 35.98it/s, loss=0.0007]
  Epoch 20/30:  43%|███████████████                    | 25/58 [00:00<00:00, 35.98it/s, loss=0.0012]
  Epoch 20/30:  43%|███████████████                    | 25/58 [00:00<00:00, 35.98it/s, loss=0.0008]
  Epoch 20/30:  43%|███████████████                    | 25/58 [00:00<00:00, 35.98it/s, loss=0.0004]
  Epoch 20/30:  50%|█████████████████▌                 | 29/58 [00:00<00:00, 37.07it/s, loss=0.0004]
  Epoch 20/30:  50%|█████████████████▌                 | 29/58 [00:00<00:00, 37.07it/s, loss=0.0003]
  Epoch 20/30:  50%|█████████████████▌                 | 29/58 [00:00<00:00, 37.07it/s, loss=0.0006]
  Epoch 20/30:  50%|█████████████████▌                 | 29/58 [00:00<00:00, 37.07it/s, loss=0.0004]
  Epoch 20/30:  50%|█████████████████▌                 | 29/58 [00:01<00:00, 37.07it/s, loss=0.0006]
  Epoch 20/30:  57%|███████████████████▉               | 33/58 [00:01<00:00, 26.55it/s, loss=0.0006]
  Epoch 20/30:  57%|███████████████████▉               | 33/58 [00:01<00:00, 26.55it/s, loss=0.0007]
  Epoch 20/30:  57%|███████████████████▉               | 33/58 [00:01<00:00, 26.55it/s, loss=0.0016]
  Epoch 20/30:  57%|███████████████████▉               | 33/58 [00:01<00:00, 26.55it/s, loss=0.0011]
  Epoch 20/30:  57%|███████████████████▉               | 33/58 [00:01<00:00, 26.55it/s, loss=0.0007]
  Epoch 20/30:  64%|██████████████████████▎            | 37/58 [00:01<00:00, 27.11it/s, loss=0.0007]
  Epoch 20/30:  64%|██████████████████████▎            | 37/58 [00:01<00:00, 27.11it/s, loss=0.0024]
  Epoch 20/30:  64%|██████████████████████▎            | 37/58 [00:01<00:00, 27.11it/s, loss=0.0007]
  Epoch 20/30:  64%|██████████████████████▎            | 37/58 [00:01<00:00, 27.11it/s, loss=0.0014]
  Epoch 20/30:  64%|██████████████████████▎            | 37/58 [00:01<00:00, 27.11it/s, loss=0.0011]
  Epoch 20/30:  71%|████████████████████████▋          | 41/58 [00:01<00:00, 29.00it/s, loss=0.0011]
  Epoch 20/30:  71%|████████████████████████▋          | 41/58 [00:01<00:00, 29.00it/s, loss=0.0006]
  Epoch 20/30:  71%|████████████████████████▋          | 41/58 [00:01<00:00, 29.00it/s, loss=0.0008]
  Epoch 20/30:  71%|████████████████████████▋          | 41/58 [00:01<00:00, 29.00it/s, loss=0.0005]
  Epoch 20/30:  71%|████████████████████████▋          | 41/58 [00:01<00:00, 29.00it/s, loss=0.0006]
  Epoch 20/30:  78%|███████████████████████████▏       | 45/58 [00:01<00:00, 31.28it/s, loss=0.0006]
  Epoch 20/30:  78%|███████████████████████████▏       | 45/58 [00:01<00:00, 31.28it/s, loss=0.0009]
  Epoch 20/30:  78%|███████████████████████████▏       | 45/58 [00:01<00:00, 31.28it/s, loss=0.0004]
  Epoch 20/30:  78%|███████████████████████████▏       | 45/58 [00:01<00:00, 31.28it/s, loss=0.0004]
  Epoch 20/30:  78%|███████████████████████████▏       | 45/58 [00:01<00:00, 31.28it/s, loss=0.0008]
  Epoch 20/30:  84%|█████████████████████████████▌     | 49/58 [00:01<00:00, 32.58it/s, loss=0.0008]
  Epoch 20/30:  84%|█████████████████████████████▌     | 49/58 [00:01<00:00, 32.58it/s, loss=0.0006]
  Epoch 20/30:  84%|█████████████████████████████▌     | 49/58 [00:01<00:00, 32.58it/s, loss=0.0018]
  Epoch 20/30:  84%|█████████████████████████████▌     | 49/58 [00:01<00:00, 32.58it/s, loss=0.0009]
  Epoch 20/30:  84%|█████████████████████████████▌     | 49/58 [00:01<00:00, 32.58it/s, loss=0.0007]
  Epoch 20/30:  91%|███████████████████████████████▉   | 53/58 [00:01<00:00, 33.24it/s, loss=0.0007]
  Epoch 20/30:  91%|███████████████████████████████▉   | 53/58 [00:01<00:00, 33.24it/s, loss=0.0005]
  Epoch 20/30:  91%|███████████████████████████████▉   | 53/58 [00:01<00:00, 33.24it/s, loss=0.0014]
  Epoch 20/30:  91%|███████████████████████████████▉   | 53/58 [00:01<00:00, 33.24it/s, loss=0.0005]
  Epoch 20/30:  91%|███████████████████████████████▉   | 53/58 [00:01<00:00, 33.24it/s, loss=0.0007]
  Epoch 20/30:  98%|██████████████████████████████████▍| 57/58 [00:01<00:00, 33.47it/s, loss=0.0007]
  Epoch 20/30:  98%|██████████████████████████████████▍| 57/58 [00:01<00:00, 33.47it/s, loss=0.0000]
                                                                                                    
  Epoch 20/30 │ Loss: 0.0008 │ T+1: 0.8369 │ T+2: 0.5973 │ T+3: 0.4215

  Epoch 21/30:   0%|                                                         | 0/58 [00:00<?, ?it/s]
  Epoch 21/30:   0%|                                            | 0/58 [00:00<?, ?it/s, loss=0.0016]
  Epoch 21/30:   0%|                                            | 0/58 [00:00<?, ?it/s, loss=0.0008]
  Epoch 21/30:   0%|                                            | 0/58 [00:00<?, ?it/s, loss=0.0005]
  Epoch 21/30:   0%|                                            | 0/58 [00:00<?, ?it/s, loss=0.0008]
  Epoch 21/30:   7%|██▍                                 | 4/58 [00:00<00:01, 34.55it/s, loss=0.0008]
  Epoch 21/30:   7%|██▍                                 | 4/58 [00:00<00:01, 34.55it/s, loss=0.0005]
  Epoch 21/30:   7%|██▍                                 | 4/58 [00:00<00:01, 34.55it/s, loss=0.0002]
  Epoch 21/30:   7%|██▍                                 | 4/58 [00:00<00:01, 34.55it/s, loss=0.0001]
  Epoch 21/30:   7%|██▍                                 | 4/58 [00:00<00:01, 34.55it/s, loss=0.0007]
  Epoch 21/30:  14%|████▉                               | 8/58 [00:00<00:01, 33.10it/s, loss=0.0007]
  Epoch 21/30:  14%|████▉                               | 8/58 [00:00<00:01, 33.10it/s, loss=0.0008]
  Epoch 21/30:  14%|████▉                               | 8/58 [00:00<00:01, 33.10it/s, loss=0.0010]
  Epoch 21/30:  14%|████▉                               | 8/58 [00:00<00:01, 33.10it/s, loss=0.0008]
  Epoch 21/30:  14%|████▉                               | 8/58 [00:00<00:01, 33.10it/s, loss=0.0008]
  Epoch 21/30:  21%|███████▏                           | 12/58 [00:00<00:01, 33.35it/s, loss=0.0008]
  Epoch 21/30:  21%|███████▏                           | 12/58 [00:00<00:01, 33.35it/s, loss=0.0013]
  Epoch 21/30:  21%|███████▏                           | 12/58 [00:00<00:01, 33.35it/s, loss=0.0001]
  Epoch 21/30:  21%|███████▏                           | 12/58 [00:00<00:01, 33.35it/s, loss=0.0022]
  Epoch 21/30:  21%|███████▏                           | 12/58 [00:00<00:01, 33.35it/s, loss=0.0003]
  Epoch 21/30:  28%|█████████▋                         | 16/58 [00:00<00:01, 30.84it/s, loss=0.0003]
  Epoch 21/30:  28%|█████████▋                         | 16/58 [00:00<00:01, 30.84it/s, loss=0.0006]
  Epoch 21/30:  28%|█████████▋                         | 16/58 [00:00<00:01, 30.84it/s, loss=0.0006]
  Epoch 21/30:  28%|█████████▋                         | 16/58 [00:00<00:01, 30.84it/s, loss=0.0004]
  Epoch 21/30:  28%|█████████▋                         | 16/58 [00:00<00:01, 30.84it/s, loss=0.0011]
  Epoch 21/30:  34%|████████████                       | 20/58 [00:00<00:01, 29.90it/s, loss=0.0011]
  Epoch 21/30:  34%|████████████                       | 20/58 [00:00<00:01, 29.90it/s, loss=0.0006]
  Epoch 21/30:  34%|████████████                       | 20/58 [00:00<00:01, 29.90it/s, loss=0.0009]
  Epoch 21/30:  34%|████████████                       | 20/58 [00:00<00:01, 29.90it/s, loss=0.0005]
  Epoch 21/30:  34%|████████████                       | 20/58 [00:00<00:01, 29.90it/s, loss=0.0006]
  Epoch 21/30:  41%|██████████████▍                    | 24/58 [00:00<00:01, 29.10it/s, loss=0.0006]
  Epoch 21/30:  41%|██████████████▍                    | 24/58 [00:00<00:01, 29.10it/s, loss=0.0011]
  Epoch 21/30:  41%|██████████████▍                    | 24/58 [00:00<00:01, 29.10it/s, loss=0.0009]
  Epoch 21/30:  41%|██████████████▍                    | 24/58 [00:00<00:01, 29.10it/s, loss=0.0008]
  Epoch 21/30:  41%|██████████████▍                    | 24/58 [00:00<00:01, 29.10it/s, loss=0.0004]
  Epoch 21/30:  48%|████████████████▉                  | 28/58 [00:00<00:01, 28.98it/s, loss=0.0004]
  Epoch 21/30:  48%|████████████████▉                  | 28/58 [00:00<00:01, 28.98it/s, loss=0.0006]
  Epoch 21/30:  48%|████████████████▉                  | 28/58 [00:00<00:01, 28.98it/s, loss=0.0010]
  Epoch 21/30:  48%|████████████████▉                  | 28/58 [00:01<00:01, 28.98it/s, loss=0.0003]
  Epoch 21/30:  48%|████████████████▉                  | 28/58 [00:01<00:01, 28.98it/s, loss=0.0006]
  Epoch 21/30:  55%|███████████████████▎               | 32/58 [00:01<00:00, 30.59it/s, loss=0.0006]
  Epoch 21/30:  55%|███████████████████▎               | 32/58 [00:01<00:00, 30.59it/s, loss=0.0008]
  Epoch 21/30:  55%|███████████████████▎               | 32/58 [00:01<00:00, 30.59it/s, loss=0.0006]
  Epoch 21/30:  55%|███████████████████▎               | 32/58 [00:01<00:00, 30.59it/s, loss=0.0012]
  Epoch 21/30:  55%|███████████████████▎               | 32/58 [00:01<00:00, 30.59it/s, loss=0.0018]
  Epoch 21/30:  62%|█████████████████████▋             | 36/58 [00:01<00:00, 32.63it/s, loss=0.0018]
  Epoch 21/30:  62%|█████████████████████▋             | 36/58 [00:01<00:00, 32.63it/s, loss=0.0008]
  Epoch 21/30:  62%|█████████████████████▋             | 36/58 [00:01<00:00, 32.63it/s, loss=0.0006]
  Epoch 21/30:  62%|█████████████████████▋             | 36/58 [00:01<00:00, 32.63it/s, loss=0.0003]
  Epoch 21/30:  62%|█████████████████████▋             | 36/58 [00:01<00:00, 32.63it/s, loss=0.0007]
  Epoch 21/30:  69%|████████████████████████▏          | 40/58 [00:01<00:00, 32.06it/s, loss=0.0007]
  Epoch 21/30:  69%|████████████████████████▏          | 40/58 [00:01<00:00, 32.06it/s, loss=0.0009]
  Epoch 21/30:  69%|████████████████████████▏          | 40/58 [00:01<00:00, 32.06it/s, loss=0.0014]
  Epoch 21/30:  69%|████████████████████████▏          | 40/58 [00:01<00:00, 32.06it/s, loss=0.0013]
  Epoch 21/30:  69%|████████████████████████▏          | 40/58 [00:01<00:00, 32.06it/s, loss=0.0018]
  Epoch 21/30:  69%|████████████████████████▏          | 40/58 [00:01<00:00, 32.06it/s, loss=0.0016]
  Epoch 21/30:  78%|███████████████████████████▏       | 45/58 [00:01<00:00, 34.37it/s, loss=0.0016]
  Epoch 21/30:  78%|███████████████████████████▏       | 45/58 [00:01<00:00, 34.37it/s, loss=0.0005]
  Epoch 21/30:  78%|███████████████████████████▏       | 45/58 [00:01<00:00, 34.37it/s, loss=0.0010]
  Epoch 21/30:  78%|███████████████████████████▏       | 45/58 [00:01<00:00, 34.37it/s, loss=0.0017]
  Epoch 21/30:  78%|███████████████████████████▏       | 45/58 [00:01<00:00, 34.37it/s, loss=0.0008]
  Epoch 21/30:  78%|███████████████████████████▏       | 45/58 [00:01<00:00, 34.37it/s, loss=0.0008]
  Epoch 21/30:  86%|██████████████████████████████▏    | 50/58 [00:01<00:00, 36.16it/s, loss=0.0008]
  Epoch 21/30:  86%|██████████████████████████████▏    | 50/58 [00:01<00:00, 36.16it/s, loss=0.0007]
  Epoch 21/30:  86%|██████████████████████████████▏    | 50/58 [00:01<00:00, 36.16it/s, loss=0.0010]
  Epoch 21/30:  86%|██████████████████████████████▏    | 50/58 [00:01<00:00, 36.16it/s, loss=0.0010]
  Epoch 21/30:  86%|██████████████████████████████▏    | 50/58 [00:01<00:00, 36.16it/s, loss=0.0004]
  Epoch 21/30:  93%|████████████████████████████████▌  | 54/58 [00:01<00:00, 35.57it/s, loss=0.0004]
  Epoch 21/30:  93%|████████████████████████████████▌  | 54/58 [00:01<00:00, 35.57it/s, loss=0.0003]
  Epoch 21/30:  93%|████████████████████████████████▌  | 54/58 [00:01<00:00, 35.57it/s, loss=0.0007]
  Epoch 21/30:  93%|████████████████████████████████▌  | 54/58 [00:01<00:00, 35.57it/s, loss=0.0006]
  Epoch 21/30:  93%|████████████████████████████████▌  | 54/58 [00:01<00:00, 35.57it/s, loss=0.0003]
  Epoch 21/30: 100%|███████████████████████████████████| 58/58 [00:01<00:00, 34.47it/s, loss=0.0003]
                                                                                                    

  Epoch 22/30:   0%|                                                         | 0/58 [00:00<?, ?it/s]
  Epoch 22/30:   0%|                                            | 0/58 [00:00<?, ?it/s, loss=0.0006]
  Epoch 22/30:   0%|                                            | 0/58 [00:00<?, ?it/s, loss=0.0010]
  Epoch 22/30:   0%|                                            | 0/58 [00:00<?, ?it/s, loss=0.0011]
  Epoch 22/30:   5%|█▊                                  | 3/58 [00:00<00:01, 29.58it/s, loss=0.0011]
  Epoch 22/30:   5%|█▊                                  | 3/58 [00:00<00:01, 29.58it/s, loss=0.0005]
  Epoch 22/30:   5%|█▊                                  | 3/58 [00:00<00:01, 29.58it/s, loss=0.0006]
  Epoch 22/30:   5%|█▊                                  | 3/58 [00:00<00:01, 29.58it/s, loss=0.0004]
  Epoch 22/30:   5%|█▊                                  | 3/58 [00:00<00:01, 29.58it/s, loss=0.0004]
  Epoch 22/30:  12%|████▎                               | 7/58 [00:00<00:01, 33.70it/s, loss=0.0004]
  Epoch 22/30:  12%|████▎                               | 7/58 [00:00<00:01, 33.70it/s, loss=0.0006]
  Epoch 22/30:  12%|████▎                               | 7/58 [00:00<00:01, 33.70it/s, loss=0.0011]
  Epoch 22/30:  12%|████▎                               | 7/58 [00:00<00:01, 33.70it/s, loss=0.0005]
  Epoch 22/30:  12%|████▎                               | 7/58 [00:00<00:01, 33.70it/s, loss=0.0004]
  Epoch 22/30:  19%|██████▋                            | 11/58 [00:00<00:01, 32.95it/s, loss=0.0004]
  Epoch 22/30:  19%|██████▋                            | 11/58 [00:00<00:01, 32.95it/s, loss=0.0008]
  Epoch 22/30:  19%|██████▋                            | 11/58 [00:00<00:01, 32.95it/s, loss=0.0007]
  Epoch 22/30:  19%|██████▋                            | 11/58 [00:00<00:01, 32.95it/s, loss=0.0002]
  Epoch 22/30:  19%|██████▋                            | 11/58 [00:00<00:01, 32.95it/s, loss=0.0008]
  Epoch 22/30:  26%|█████████                          | 15/58 [00:00<00:01, 30.87it/s, loss=0.0008]
  Epoch 22/30:  26%|█████████                          | 15/58 [00:00<00:01, 30.87it/s, loss=0.0006]
  Epoch 22/30:  26%|█████████                          | 15/58 [00:00<00:01, 30.87it/s, loss=0.0009]
  Epoch 22/30:  26%|█████████                          | 15/58 [00:00<00:01, 30.87it/s, loss=0.0006]
  Epoch 22/30:  26%|█████████                          | 15/58 [00:00<00:01, 30.87it/s, loss=0.0005]
  Epoch 22/30:  33%|███████████▍                       | 19/58 [00:00<00:01, 32.99it/s, loss=0.0005]
  Epoch 22/30:  33%|███████████▍                       | 19/58 [00:00<00:01, 32.99it/s, loss=0.0012]
  Epoch 22/30:  33%|███████████▍                       | 19/58 [00:00<00:01, 32.99it/s, loss=0.0023]
  Epoch 22/30:  33%|███████████▍                       | 19/58 [00:00<00:01, 32.99it/s, loss=0.0006]
  Epoch 22/30:  33%|███████████▍                       | 19/58 [00:00<00:01, 32.99it/s, loss=0.0005]
  Epoch 22/30:  40%|█████████████▉                     | 23/58 [00:00<00:01, 33.58it/s, loss=0.0005]
  Epoch 22/30:  40%|█████████████▉                     | 23/58 [00:00<00:01, 33.58it/s, loss=0.0007]
  Epoch 22/30:  40%|█████████████▉                     | 23/58 [00:00<00:01, 33.58it/s, loss=0.0009]
  Epoch 22/30:  40%|█████████████▉                     | 23/58 [00:00<00:01, 33.58it/s, loss=0.0003]
  Epoch 22/30:  40%|█████████████▉                     | 23/58 [00:00<00:01, 33.58it/s, loss=0.0007]
  Epoch 22/30:  47%|████████████████▎                  | 27/58 [00:00<00:00, 34.56it/s, loss=0.0007]
  Epoch 22/30:  47%|████████████████▎                  | 27/58 [00:00<00:00, 34.56it/s, loss=0.0011]
  Epoch 22/30:  47%|████████████████▎                  | 27/58 [00:00<00:00, 34.56it/s, loss=0.0009]
  Epoch 22/30:  47%|████████████████▎                  | 27/58 [00:00<00:00, 34.56it/s, loss=0.0008]
  Epoch 22/30:  47%|████████████████▎                  | 27/58 [00:00<00:00, 34.56it/s, loss=0.0012]
  Epoch 22/30:  47%|████████████████▎                  | 27/58 [00:00<00:00, 34.56it/s, loss=0.0004]
  Epoch 22/30:  55%|███████████████████▎               | 32/58 [00:00<00:00, 36.64it/s, loss=0.0004]
  Epoch 22/30:  55%|███████████████████▎               | 32/58 [00:00<00:00, 36.64it/s, loss=0.0006]
  Epoch 22/30:  55%|███████████████████▎               | 32/58 [00:01<00:00, 36.64it/s, loss=0.0005]
  Epoch 22/30:  55%|███████████████████▎               | 32/58 [00:01<00:00, 36.64it/s, loss=0.0011]
  Epoch 22/30:  55%|███████████████████▎               | 32/58 [00:01<00:00, 36.64it/s, loss=0.0007]
  Epoch 22/30:  62%|█████████████████████▋             | 36/58 [00:01<00:00, 34.79it/s, loss=0.0007]
  Epoch 22/30:  62%|█████████████████████▋             | 36/58 [00:01<00:00, 34.79it/s, loss=0.0006]
  Epoch 22/30:  62%|█████████████████████▋             | 36/58 [00:01<00:00, 34.79it/s, loss=0.0008]
  Epoch 22/30:  62%|█████████████████████▋             | 36/58 [00:01<00:00, 34.79it/s, loss=0.0006]
  Epoch 22/30:  62%|█████████████████████▋             | 36/58 [00:01<00:00, 34.79it/s, loss=0.0012]
  Epoch 22/30:  62%|█████████████████████▋             | 36/58 [00:01<00:00, 34.79it/s, loss=0.0004]
  Epoch 22/30:  71%|████████████████████████▋          | 41/58 [00:01<00:00, 35.96it/s, loss=0.0004]
  Epoch 22/30:  71%|████████████████████████▋          | 41/58 [00:01<00:00, 35.96it/s, loss=0.0011]
  Epoch 22/30:  71%|████████████████████████▋          | 41/58 [00:01<00:00, 35.96it/s, loss=0.0007]
  Epoch 22/30:  71%|████████████████████████▋          | 41/58 [00:01<00:00, 35.96it/s, loss=0.0009]
  Epoch 22/30:  71%|████████████████████████▋          | 41/58 [00:01<00:00, 35.96it/s, loss=0.0011]
  Epoch 22/30:  78%|███████████████████████████▏       | 45/58 [00:01<00:00, 35.22it/s, loss=0.0011]
  Epoch 22/30:  78%|███████████████████████████▏       | 45/58 [00:01<00:00, 35.22it/s, loss=0.0006]
  Epoch 22/30:  78%|███████████████████████████▏       | 45/58 [00:01<00:00, 35.22it/s, loss=0.0008]
  Epoch 22/30:  78%|███████████████████████████▏       | 45/58 [00:01<00:00, 35.22it/s, loss=0.0017]
  Epoch 22/30:  78%|███████████████████████████▏       | 45/58 [00:01<00:00, 35.22it/s, loss=0.0010]
  Epoch 22/30:  84%|█████████████████████████████▌     | 49/58 [00:01<00:00, 32.57it/s, loss=0.0010]
  Epoch 22/30:  84%|█████████████████████████████▌     | 49/58 [00:01<00:00, 32.57it/s, loss=0.0002]
  Epoch 22/30:  84%|█████████████████████████████▌     | 49/58 [00:01<00:00, 32.57it/s, loss=0.0014]
  Epoch 22/30:  84%|█████████████████████████████▌     | 49/58 [00:01<00:00, 32.57it/s, loss=0.0005]
  Epoch 22/30:  84%|█████████████████████████████▌     | 49/58 [00:01<00:00, 32.57it/s, loss=0.0013]
  Epoch 22/30:  91%|███████████████████████████████▉   | 53/58 [00:01<00:00, 31.34it/s, loss=0.0013]
  Epoch 22/30:  91%|███████████████████████████████▉   | 53/58 [00:01<00:00, 31.34it/s, loss=0.0005]
  Epoch 22/30:  91%|███████████████████████████████▉   | 53/58 [00:01<00:00, 31.34it/s, loss=0.0008]
  Epoch 22/30:  91%|███████████████████████████████▉   | 53/58 [00:01<00:00, 31.34it/s, loss=0.0008]
  Epoch 22/30:  91%|███████████████████████████████▉   | 53/58 [00:01<00:00, 31.34it/s, loss=0.0018]
  Epoch 22/30:  91%|███████████████████████████████▉   | 53/58 [00:01<00:00, 31.34it/s, loss=0.0005]
  Epoch 22/30: 100%|███████████████████████████████████| 58/58 [00:01<00:00, 34.69it/s, loss=0.0005]
                                                                                                    

  Epoch 23/30:   0%|                                                         | 0/58 [00:00<?, ?it/s]
  Epoch 23/30:   0%|                                            | 0/58 [00:00<?, ?it/s, loss=0.0006]
  Epoch 23/30:   0%|                                            | 0/58 [00:00<?, ?it/s, loss=0.0008]
  Epoch 23/30:   0%|                                            | 0/58 [00:00<?, ?it/s, loss=0.0006]
  Epoch 23/30:   0%|                                            | 0/58 [00:00<?, ?it/s, loss=0.0012]
  Epoch 23/30:   7%|██▍                                 | 4/58 [00:00<00:01, 30.84it/s, loss=0.0012]
  Epoch 23/30:   7%|██▍                                 | 4/58 [00:00<00:01, 30.84it/s, loss=0.0006]
  Epoch 23/30:   7%|██▍                                 | 4/58 [00:00<00:01, 30.84it/s, loss=0.0010]
  Epoch 23/30:   7%|██▍                                 | 4/58 [00:00<00:01, 30.84it/s, loss=0.0008]
  Epoch 23/30:   7%|██▍                                 | 4/58 [00:00<00:01, 30.84it/s, loss=0.0008]
  Epoch 23/30:  14%|████▉                               | 8/58 [00:00<00:01, 29.41it/s, loss=0.0008]
  Epoch 23/30:  14%|████▉                               | 8/58 [00:00<00:01, 29.41it/s, loss=0.0007]
  Epoch 23/30:  14%|████▉                               | 8/58 [00:00<00:01, 29.41it/s, loss=0.0006]
  Epoch 23/30:  14%|████▉                               | 8/58 [00:00<00:01, 29.41it/s, loss=0.0009]
  Epoch 23/30:  19%|██████▋                            | 11/58 [00:00<00:01, 29.57it/s, loss=0.0009]
  Epoch 23/30:  19%|██████▋                            | 11/58 [00:00<00:01, 29.57it/s, loss=0.0012]
  Epoch 23/30:  19%|██████▋                            | 11/58 [00:00<00:01, 29.57it/s, loss=0.0002]
  Epoch 23/30:  19%|██████▋                            | 11/58 [00:00<00:01, 29.57it/s, loss=0.0008]
  Epoch 23/30:  19%|██████▋                            | 11/58 [00:00<00:01, 29.57it/s, loss=0.0010]
  Epoch 23/30:  26%|█████████                          | 15/58 [00:00<00:01, 31.46it/s, loss=0.0010]
  Epoch 23/30:  26%|█████████                          | 15/58 [00:00<00:01, 31.46it/s, loss=0.0005]
  Epoch 23/30:  26%|█████████                          | 15/58 [00:00<00:01, 31.46it/s, loss=0.0006]
  Epoch 23/30:  26%|█████████                          | 15/58 [00:00<00:01, 31.46it/s, loss=0.0003]
  Epoch 23/30:  26%|█████████                          | 15/58 [00:00<00:01, 31.46it/s, loss=0.0025]
  Epoch 23/30:  33%|███████████▍                       | 19/58 [00:00<00:01, 32.90it/s, loss=0.0025]
  Epoch 23/30:  33%|███████████▍                       | 19/58 [00:00<00:01, 32.90it/s, loss=0.0002]
  Epoch 23/30:  33%|███████████▍                       | 19/58 [00:00<00:01, 32.90it/s, loss=0.0004]
  Epoch 23/30:  33%|███████████▍                       | 19/58 [00:00<00:01, 32.90it/s, loss=0.0004]
  Epoch 23/30:  33%|███████████▍                       | 19/58 [00:00<00:01, 32.90it/s, loss=0.0006]
  Epoch 23/30:  40%|█████████████▉                     | 23/58 [00:00<00:01, 33.28it/s, loss=0.0006]
  Epoch 23/30:  40%|█████████████▉                     | 23/58 [00:00<00:01, 33.28it/s, loss=0.0003]
  Epoch 23/30:  40%|█████████████▉                     | 23/58 [00:00<00:01, 33.28it/s, loss=0.0013]
  Epoch 23/30:  40%|█████████████▉                     | 23/58 [00:00<00:01, 33.28it/s, loss=0.0012]
  Epoch 23/30:  40%|█████████████▉                     | 23/58 [00:00<00:01, 33.28it/s, loss=0.0006]
  Epoch 23/30:  47%|████████████████▎                  | 27/58 [00:00<00:00, 33.82it/s, loss=0.0006]
  Epoch 23/30:  47%|████████████████▎                  | 27/58 [00:00<00:00, 33.82it/s, loss=0.0013]
  Epoch 23/30:  47%|████████████████▎                  | 27/58 [00:00<00:00, 33.82it/s, loss=0.0009]
  Epoch 23/30:  47%|████████████████▎                  | 27/58 [00:00<00:00, 33.82it/s, loss=0.0006]
  Epoch 23/30:  47%|████████████████▎                  | 27/58 [00:00<00:00, 33.82it/s, loss=0.0008]
  Epoch 23/30:  53%|██████████████████▋                | 31/58 [00:00<00:00, 35.10it/s, loss=0.0008]
  Epoch 23/30:  53%|██████████████████▋                | 31/58 [00:00<00:00, 35.10it/s, loss=0.0005]
  Epoch 23/30:  53%|██████████████████▋                | 31/58 [00:01<00:00, 35.10it/s, loss=0.0003]
  Epoch 23/30:  53%|██████████████████▋                | 31/58 [00:01<00:00, 35.10it/s, loss=0.0003]
  Epoch 23/30:  53%|██████████████████▋                | 31/58 [00:01<00:00, 35.10it/s, loss=0.0011]
  Epoch 23/30:  60%|█████████████████████              | 35/58 [00:01<00:00, 33.11it/s, loss=0.0011]
  Epoch 23/30:  60%|█████████████████████              | 35/58 [00:01<00:00, 33.11it/s, loss=0.0005]
  Epoch 23/30:  60%|█████████████████████              | 35/58 [00:01<00:00, 33.11it/s, loss=0.0012]
  Epoch 23/30:  60%|█████████████████████              | 35/58 [00:01<00:00, 33.11it/s, loss=0.0001]
  Epoch 23/30:  60%|█████████████████████              | 35/58 [00:01<00:00, 33.11it/s, loss=0.0008]
  Epoch 23/30:  67%|███████████████████████▌           | 39/58 [00:01<00:00, 34.03it/s, loss=0.0008]
  Epoch 23/30:  67%|███████████████████████▌           | 39/58 [00:01<00:00, 34.03it/s, loss=0.0017]
  Epoch 23/30:  67%|███████████████████████▌           | 39/58 [00:01<00:00, 34.03it/s, loss=0.0009]
  Epoch 23/30:  67%|███████████████████████▌           | 39/58 [00:01<00:00, 34.03it/s, loss=0.0014]
  Epoch 23/30:  67%|███████████████████████▌           | 39/58 [00:01<00:00, 34.03it/s, loss=0.0004]
  Epoch 23/30:  74%|█████████████████████████▉         | 43/58 [00:01<00:00, 32.98it/s, loss=0.0004]
  Epoch 23/30:  74%|█████████████████████████▉         | 43/58 [00:01<00:00, 32.98it/s, loss=0.0006]
  Epoch 23/30:  74%|█████████████████████████▉         | 43/58 [00:01<00:00, 32.98it/s, loss=0.0009]
  Epoch 23/30:  74%|█████████████████████████▉         | 43/58 [00:01<00:00, 32.98it/s, loss=0.0008]
  Epoch 23/30:  74%|█████████████████████████▉         | 43/58 [00:01<00:00, 32.98it/s, loss=0.0002]
  Epoch 23/30:  81%|████████████████████████████▎      | 47/58 [00:01<00:00, 31.34it/s, loss=0.0002]
  Epoch 23/30:  81%|████████████████████████████▎      | 47/58 [00:01<00:00, 31.34it/s, loss=0.0020]
  Epoch 23/30:  81%|████████████████████████████▎      | 47/58 [00:01<00:00, 31.34it/s, loss=0.0018]
  Epoch 23/30:  81%|████████████████████████████▎      | 47/58 [00:01<00:00, 31.34it/s, loss=0.0003]
  Epoch 23/30:  81%|████████████████████████████▎      | 47/58 [00:01<00:00, 31.34it/s, loss=0.0014]
  Epoch 23/30:  88%|██████████████████████████████▊    | 51/58 [00:01<00:00, 30.23it/s, loss=0.0014]
  Epoch 23/30:  88%|██████████████████████████████▊    | 51/58 [00:01<00:00, 30.23it/s, loss=0.0007]
  Epoch 23/30:  88%|██████████████████████████████▊    | 51/58 [00:01<00:00, 30.23it/s, loss=0.0006]
  Epoch 23/30:  88%|██████████████████████████████▊    | 51/58 [00:01<00:00, 30.23it/s, loss=0.0007]
  Epoch 23/30:  88%|██████████████████████████████▊    | 51/58 [00:01<00:00, 30.23it/s, loss=0.0008]
  Epoch 23/30:  95%|█████████████████████████████████▏ | 55/58 [00:01<00:00, 29.96it/s, loss=0.0008]
  Epoch 23/30:  95%|█████████████████████████████████▏ | 55/58 [00:01<00:00, 29.96it/s, loss=0.0007]
  Epoch 23/30:  95%|█████████████████████████████████▏ | 55/58 [00:01<00:00, 29.96it/s, loss=0.0008]
  Epoch 23/30:  95%|█████████████████████████████████▏ | 55/58 [00:01<00:00, 29.96it/s, loss=0.0001]
                                                                                                    

  Epoch 24/30:   0%|                                                         | 0/58 [00:00<?, ?it/s]
  Epoch 24/30:   0%|                                            | 0/58 [00:00<?, ?it/s, loss=0.0003]
  Epoch 24/30:   0%|                                            | 0/58 [00:00<?, ?it/s, loss=0.0004]
  Epoch 24/30:   0%|                                            | 0/58 [00:00<?, ?it/s, loss=0.0002]
  Epoch 24/30:   5%|█▊                                  | 3/58 [00:00<00:01, 27.84it/s, loss=0.0002]
  Epoch 24/30:   5%|█▊                                  | 3/58 [00:00<00:01, 27.84it/s, loss=0.0005]
  Epoch 24/30:   5%|█▊                                  | 3/58 [00:00<00:01, 27.84it/s, loss=0.0006]
  Epoch 24/30:   5%|█▊                                  | 3/58 [00:00<00:01, 27.84it/s, loss=0.0026]
  Epoch 24/30:   5%|█▊                                  | 3/58 [00:00<00:01, 27.84it/s, loss=0.0003]
  Epoch 24/30:  12%|████▎                               | 7/58 [00:00<00:01, 32.72it/s, loss=0.0003]
  Epoch 24/30:  12%|████▎                               | 7/58 [00:00<00:01, 32.72it/s, loss=0.0007]
  Epoch 24/30:  12%|████▎                               | 7/58 [00:00<00:01, 32.72it/s, loss=0.0007]
  Epoch 24/30:  12%|████▎                               | 7/58 [00:00<00:01, 32.72it/s, loss=0.0008]
  Epoch 24/30:  12%|████▎                               | 7/58 [00:00<00:01, 32.72it/s, loss=0.0011]
  Epoch 24/30:  19%|██████▋                            | 11/58 [00:00<00:01, 35.32it/s, loss=0.0011]
  Epoch 24/30:  19%|██████▋                            | 11/58 [00:00<00:01, 35.32it/s, loss=0.0021]
  Epoch 24/30:  19%|██████▋                            | 11/58 [00:00<00:01, 35.32it/s, loss=0.0003]
  Epoch 24/30:  19%|██████▋                            | 11/58 [00:00<00:01, 35.32it/s, loss=0.0005]
  Epoch 24/30:  19%|██████▋                            | 11/58 [00:00<00:01, 35.32it/s, loss=0.0005]
  Epoch 24/30:  26%|█████████                          | 15/58 [00:00<00:01, 31.31it/s, loss=0.0005]
  Epoch 24/30:  26%|█████████                          | 15/58 [00:00<00:01, 31.31it/s, loss=0.0006]
  Epoch 24/30:  26%|█████████                          | 15/58 [00:00<00:01, 31.31it/s, loss=0.0007]
  Epoch 24/30:  26%|█████████                          | 15/58 [00:00<00:01, 31.31it/s, loss=0.0006]
  Epoch 24/30:  26%|█████████                          | 15/58 [00:00<00:01, 31.31it/s, loss=0.0004]
  Epoch 24/30:  33%|███████████▍                       | 19/58 [00:00<00:01, 29.56it/s, loss=0.0004]
  Epoch 24/30:  33%|███████████▍                       | 19/58 [00:00<00:01, 29.56it/s, loss=0.0009]
  Epoch 24/30:  33%|███████████▍                       | 19/58 [00:00<00:01, 29.56it/s, loss=0.0008]
  Epoch 24/30:  33%|███████████▍                       | 19/58 [00:00<00:01, 29.56it/s, loss=0.0007]
  Epoch 24/30:  33%|███████████▍                       | 19/58 [00:00<00:01, 29.56it/s, loss=0.0005]
  Epoch 24/30:  40%|█████████████▉                     | 23/58 [00:00<00:01, 30.99it/s, loss=0.0005]
  Epoch 24/30:  40%|█████████████▉                     | 23/58 [00:00<00:01, 30.99it/s, loss=0.0011]
  Epoch 24/30:  40%|█████████████▉                     | 23/58 [00:00<00:01, 30.99it/s, loss=0.0006]
  Epoch 24/30:  40%|█████████████▉                     | 23/58 [00:00<00:01, 30.99it/s, loss=0.0002]
  Epoch 24/30:  40%|█████████████▉                     | 23/58 [00:00<00:01, 30.99it/s, loss=0.0010]
  Epoch 24/30:  47%|████████████████▎                  | 27/58 [00:00<00:00, 33.29it/s, loss=0.0010]
  Epoch 24/30:  47%|████████████████▎                  | 27/58 [00:00<00:00, 33.29it/s, loss=0.0028]
  Epoch 24/30:  47%|████████████████▎                  | 27/58 [00:00<00:00, 33.29it/s, loss=0.0007]
  Epoch 24/30:  47%|████████████████▎                  | 27/58 [00:00<00:00, 33.29it/s, loss=0.0003]
  Epoch 24/30:  47%|████████████████▎                  | 27/58 [00:00<00:00, 33.29it/s, loss=0.0013]
  Epoch 24/30:  53%|██████████████████▋                | 31/58 [00:00<00:00, 33.42it/s, loss=0.0013]
  Epoch 24/30:  53%|██████████████████▋                | 31/58 [00:00<00:00, 33.42it/s, loss=0.0004]
  Epoch 24/30:  53%|██████████████████▋                | 31/58 [00:01<00:00, 33.42it/s, loss=0.0013]
  Epoch 24/30:  53%|██████████████████▋                | 31/58 [00:01<00:00, 33.42it/s, loss=0.0012]
  Epoch 24/30:  53%|██████████████████▋                | 31/58 [00:01<00:00, 33.42it/s, loss=0.0004]
  Epoch 24/30:  60%|█████████████████████              | 35/58 [00:01<00:00, 33.45it/s, loss=0.0004]
  Epoch 24/30:  60%|█████████████████████              | 35/58 [00:01<00:00, 33.45it/s, loss=0.0006]
  Epoch 24/30:  60%|█████████████████████              | 35/58 [00:01<00:00, 33.45it/s, loss=0.0004]
  Epoch 24/30:  60%|█████████████████████              | 35/58 [00:01<00:00, 33.45it/s, loss=0.0008]
  Epoch 24/30:  60%|█████████████████████              | 35/58 [00:01<00:00, 33.45it/s, loss=0.0008]
  Epoch 24/30:  67%|███████████████████████▌           | 39/58 [00:01<00:00, 30.80it/s, loss=0.0008]
  Epoch 24/30:  67%|███████████████████████▌           | 39/58 [00:01<00:00, 30.80it/s, loss=0.0020]
  Epoch 24/30:  67%|███████████████████████▌           | 39/58 [00:01<00:00, 30.80it/s, loss=0.0004]
  Epoch 24/30:  67%|███████████████████████▌           | 39/58 [00:01<00:00, 30.80it/s, loss=0.0011]
  Epoch 24/30:  67%|███████████████████████▌           | 39/58 [00:01<00:00, 30.80it/s, loss=0.0016]
  Epoch 24/30:  74%|█████████████████████████▉         | 43/58 [00:01<00:00, 29.01it/s, loss=0.0016]
  Epoch 24/30:  74%|█████████████████████████▉         | 43/58 [00:01<00:00, 29.01it/s, loss=0.0005]
  Epoch 24/30:  74%|█████████████████████████▉         | 43/58 [00:01<00:00, 29.01it/s, loss=0.0002]
  Epoch 24/30:  74%|█████████████████████████▉         | 43/58 [00:01<00:00, 29.01it/s, loss=0.0007]
  Epoch 24/30:  79%|███████████████████████████▊       | 46/58 [00:01<00:00, 28.60it/s, loss=0.0007]
  Epoch 24/30:  79%|███████████████████████████▊       | 46/58 [00:01<00:00, 28.60it/s, loss=0.0007]
  Epoch 24/30:  79%|███████████████████████████▊       | 46/58 [00:01<00:00, 28.60it/s, loss=0.0008]
  Epoch 24/30:  79%|███████████████████████████▊       | 46/58 [00:01<00:00, 28.60it/s, loss=0.0015]
  Epoch 24/30:  84%|█████████████████████████████▌     | 49/58 [00:01<00:00, 28.90it/s, loss=0.0015]
  Epoch 24/30:  84%|█████████████████████████████▌     | 49/58 [00:01<00:00, 28.90it/s, loss=0.0006]
  Epoch 24/30:  84%|█████████████████████████████▌     | 49/58 [00:01<00:00, 28.90it/s, loss=0.0005]
  Epoch 24/30:  84%|█████████████████████████████▌     | 49/58 [00:01<00:00, 28.90it/s, loss=0.0005]
  Epoch 24/30:  90%|███████████████████████████████▍   | 52/58 [00:01<00:00, 28.92it/s, loss=0.0005]
  Epoch 24/30:  90%|███████████████████████████████▍   | 52/58 [00:01<00:00, 28.92it/s, loss=0.0008]
  Epoch 24/30:  90%|███████████████████████████████▍   | 52/58 [00:01<00:00, 28.92it/s, loss=0.0008]
  Epoch 24/30:  90%|███████████████████████████████▍   | 52/58 [00:01<00:00, 28.92it/s, loss=0.0009]
  Epoch 24/30:  95%|█████████████████████████████████▏ | 55/58 [00:01<00:00, 28.98it/s, loss=0.0009]
  Epoch 24/30:  95%|█████████████████████████████████▏ | 55/58 [00:01<00:00, 28.98it/s, loss=0.0005]
  Epoch 24/30:  95%|█████████████████████████████████▏ | 55/58 [00:01<00:00, 28.98it/s, loss=0.0015]
  Epoch 24/30:  95%|█████████████████████████████████▏ | 55/58 [00:01<00:00, 28.98it/s, loss=0.0008]
                                                                                                    

  Epoch 25/30:   0%|                                                         | 0/58 [00:00<?, ?it/s]
  Epoch 25/30:   0%|                                            | 0/58 [00:00<?, ?it/s, loss=0.0012]
  Epoch 25/30:   0%|                                            | 0/58 [00:00<?, ?it/s, loss=0.0011]
  Epoch 25/30:   0%|                                            | 0/58 [00:00<?, ?it/s, loss=0.0005]
  Epoch 25/30:   0%|                                            | 0/58 [00:00<?, ?it/s, loss=0.0008]
  Epoch 25/30:   7%|██▍                                 | 4/58 [00:00<00:01, 32.24it/s, loss=0.0008]
  Epoch 25/30:   7%|██▍                                 | 4/58 [00:00<00:01, 32.24it/s, loss=0.0004]
  Epoch 25/30:   7%|██▍                                 | 4/58 [00:00<00:01, 32.24it/s, loss=0.0016]
  Epoch 25/30:   7%|██▍                                 | 4/58 [00:00<00:01, 32.24it/s, loss=0.0007]
  Epoch 25/30:   7%|██▍                                 | 4/58 [00:00<00:01, 32.24it/s, loss=0.0008]
  Epoch 25/30:  14%|████▉                               | 8/58 [00:00<00:01, 34.04it/s, loss=0.0008]
  Epoch 25/30:  14%|████▉                               | 8/58 [00:00<00:01, 34.04it/s, loss=0.0004]
  Epoch 25/30:  14%|████▉                               | 8/58 [00:00<00:01, 34.04it/s, loss=0.0009]
  Epoch 25/30:  14%|████▉                               | 8/58 [00:00<00:01, 34.04it/s, loss=0.0006]
  Epoch 25/30:  14%|████▉                               | 8/58 [00:00<00:01, 34.04it/s, loss=0.0009]
  Epoch 25/30:  21%|███████▏                           | 12/58 [00:00<00:01, 25.69it/s, loss=0.0009]
  Epoch 25/30:  21%|███████▏                           | 12/58 [00:00<00:01, 25.69it/s, loss=0.0004]
  Epoch 25/30:  21%|███████▏                           | 12/58 [00:00<00:01, 25.69it/s, loss=0.0009]
  Epoch 25/30:  21%|███████▏                           | 12/58 [00:00<00:01, 25.69it/s, loss=0.0008]
  Epoch 25/30:  21%|███████▏                           | 12/58 [00:00<00:01, 25.69it/s, loss=0.0009]
  Epoch 25/30:  21%|███████▏                           | 12/58 [00:00<00:01, 25.69it/s, loss=0.0012]
  Epoch 25/30:  29%|██████████▎                        | 17/58 [00:00<00:01, 30.39it/s, loss=0.0012]
  Epoch 25/30:  29%|██████████▎                        | 17/58 [00:00<00:01, 30.39it/s, loss=0.0011]
  Epoch 25/30:  29%|██████████▎                        | 17/58 [00:00<00:01, 30.39it/s, loss=0.0005]
  Epoch 25/30:  29%|██████████▎                        | 17/58 [00:00<00:01, 30.39it/s, loss=0.0002]
  Epoch 25/30:  29%|██████████▎                        | 17/58 [00:00<00:01, 30.39it/s, loss=0.0007]
  Epoch 25/30:  36%|████████████▋                      | 21/58 [00:00<00:01, 28.11it/s, loss=0.0007]
  Epoch 25/30:  36%|████████████▋                      | 21/58 [00:00<00:01, 28.11it/s, loss=0.0007]
  Epoch 25/30:  36%|████████████▋                      | 21/58 [00:00<00:01, 28.11it/s, loss=0.0019]
  Epoch 25/30:  36%|████████████▋                      | 21/58 [00:00<00:01, 28.11it/s, loss=0.0011]
  Epoch 25/30:  41%|██████████████▍                    | 24/58 [00:00<00:01, 28.20it/s, loss=0.0011]
  Epoch 25/30:  41%|██████████████▍                    | 24/58 [00:00<00:01, 28.20it/s, loss=0.0006]
  Epoch 25/30:  41%|██████████████▍                    | 24/58 [00:00<00:01, 28.20it/s, loss=0.0004]
  Epoch 25/30:  41%|██████████████▍                    | 24/58 [00:00<00:01, 28.20it/s, loss=0.0005]
  Epoch 25/30:  41%|██████████████▍                    | 24/58 [00:00<00:01, 28.20it/s, loss=0.0004]
  Epoch 25/30:  48%|████████████████▉                  | 28/58 [00:00<00:01, 29.82it/s, loss=0.0004]
  Epoch 25/30:  48%|████████████████▉                  | 28/58 [00:00<00:01, 29.82it/s, loss=0.0003]
  Epoch 25/30:  48%|████████████████▉                  | 28/58 [00:01<00:01, 29.82it/s, loss=0.0003]
  Epoch 25/30:  48%|████████████████▉                  | 28/58 [00:01<00:01, 29.82it/s, loss=0.0004]
  Epoch 25/30:  48%|████████████████▉                  | 28/58 [00:01<00:01, 29.82it/s, loss=0.0017]
  Epoch 25/30:  55%|███████████████████▎               | 32/58 [00:01<00:00, 31.18it/s, loss=0.0017]
  Epoch 25/30:  55%|███████████████████▎               | 32/58 [00:01<00:00, 31.18it/s, loss=0.0007]
  Epoch 25/30:  55%|███████████████████▎               | 32/58 [00:01<00:00, 31.18it/s, loss=0.0002]
  Epoch 25/30:  55%|███████████████████▎               | 32/58 [00:01<00:00, 31.18it/s, loss=0.0011]
  Epoch 25/30:  55%|███████████████████▎               | 32/58 [00:01<00:00, 31.18it/s, loss=0.0017]
  Epoch 25/30:  55%|███████████████████▎               | 32/58 [00:01<00:00, 31.18it/s, loss=0.0004]
  Epoch 25/30:  64%|██████████████████████▎            | 37/58 [00:01<00:00, 33.93it/s, loss=0.0004]
  Epoch 25/30:  64%|██████████████████████▎            | 37/58 [00:01<00:00, 33.93it/s, loss=0.0003]
  Epoch 25/30:  64%|██████████████████████▎            | 37/58 [00:01<00:00, 33.93it/s, loss=0.0010]
  Epoch 25/30:  64%|██████████████████████▎            | 37/58 [00:01<00:00, 33.93it/s, loss=0.0003]
  Epoch 25/30:  64%|██████████████████████▎            | 37/58 [00:01<00:00, 33.93it/s, loss=0.0015]
  Epoch 25/30:  71%|████████████████████████▋          | 41/58 [00:01<00:00, 34.34it/s, loss=0.0015]
  Epoch 25/30:  71%|████████████████████████▋          | 41/58 [00:01<00:00, 34.34it/s, loss=0.0007]
  Epoch 25/30:  71%|████████████████████████▋          | 41/58 [00:01<00:00, 34.34it/s, loss=0.0003]
  Epoch 25/30:  71%|████████████████████████▋          | 41/58 [00:01<00:00, 34.34it/s, loss=0.0004]
  Epoch 25/30:  71%|████████████████████████▋          | 41/58 [00:01<00:00, 34.34it/s, loss=0.0003]
  Epoch 25/30:  78%|███████████████████████████▏       | 45/58 [00:01<00:00, 35.69it/s, loss=0.0003]
  Epoch 25/30:  78%|███████████████████████████▏       | 45/58 [00:01<00:00, 35.69it/s, loss=0.0007]
  Epoch 25/30:  78%|███████████████████████████▏       | 45/58 [00:01<00:00, 35.69it/s, loss=0.0010]
  Epoch 25/30:  78%|███████████████████████████▏       | 45/58 [00:01<00:00, 35.69it/s, loss=0.0010]
  Epoch 25/30:  78%|███████████████████████████▏       | 45/58 [00:01<00:00, 35.69it/s, loss=0.0006]
  Epoch 25/30:  78%|███████████████████████████▏       | 45/58 [00:01<00:00, 35.69it/s, loss=0.0014]
  Epoch 25/30:  86%|██████████████████████████████▏    | 50/58 [00:01<00:00, 37.76it/s, loss=0.0014]
  Epoch 25/30:  86%|██████████████████████████████▏    | 50/58 [00:01<00:00, 37.76it/s, loss=0.0007]
  Epoch 25/30:  86%|██████████████████████████████▏    | 50/58 [00:01<00:00, 37.76it/s, loss=0.0007]
  Epoch 25/30:  86%|██████████████████████████████▏    | 50/58 [00:01<00:00, 37.76it/s, loss=0.0009]
  Epoch 25/30:  86%|██████████████████████████████▏    | 50/58 [00:01<00:00, 37.76it/s, loss=0.0007]
  Epoch 25/30:  93%|████████████████████████████████▌  | 54/58 [00:01<00:00, 37.85it/s, loss=0.0007]
  Epoch 25/30:  93%|████████████████████████████████▌  | 54/58 [00:01<00:00, 37.85it/s, loss=0.0008]
  Epoch 25/30:  93%|████████████████████████████████▌  | 54/58 [00:01<00:00, 37.85it/s, loss=0.0010]
  Epoch 25/30:  93%|████████████████████████████████▌  | 54/58 [00:01<00:00, 37.85it/s, loss=0.0010]
  Epoch 25/30:  93%|████████████████████████████████▌  | 54/58 [00:01<00:00, 37.85it/s, loss=0.0003]
  Epoch 25/30: 100%|███████████████████████████████████| 58/58 [00:01<00:00, 36.99it/s, loss=0.0003]
                                                                                                    
  Epoch 25/30 │ Loss: 0.0008 │ T+1: 0.8516 │ T+2: 0.6496 │ T+3: 0.4555 ★ NEW BEST

  Epoch 26/30:   0%|                                                         | 0/58 [00:00<?, ?it/s]
  Epoch 26/30:   0%|                                            | 0/58 [00:00<?, ?it/s, loss=0.0010]
  Epoch 26/30:   0%|                                            | 0/58 [00:00<?, ?it/s, loss=0.0004]
  Epoch 26/30:   0%|                                            | 0/58 [00:00<?, ?it/s, loss=0.0017]
  Epoch 26/30:   0%|                                            | 0/58 [00:00<?, ?it/s, loss=0.0008]
  Epoch 26/30:   7%|██▍                                 | 4/58 [00:00<00:01, 32.98it/s, loss=0.0008]
  Epoch 26/30:   7%|██▍                                 | 4/58 [00:00<00:01, 32.98it/s, loss=0.0005]
  Epoch 26/30:   7%|██▍                                 | 4/58 [00:00<00:01, 32.98it/s, loss=0.0009]
  Epoch 26/30:   7%|██▍                                 | 4/58 [00:00<00:01, 32.98it/s, loss=0.0005]
  Epoch 26/30:   7%|██▍                                 | 4/58 [00:00<00:01, 32.98it/s, loss=0.0003]
  Epoch 26/30:  14%|████▉                               | 8/58 [00:00<00:01, 35.01it/s, loss=0.0003]
  Epoch 26/30:  14%|████▉                               | 8/58 [00:00<00:01, 35.01it/s, loss=0.0004]
  Epoch 26/30:  14%|████▉                               | 8/58 [00:00<00:01, 35.01it/s, loss=0.0014]
  Epoch 26/30:  14%|████▉                               | 8/58 [00:00<00:01, 35.01it/s, loss=0.0003]
  Epoch 26/30:  14%|████▉                               | 8/58 [00:00<00:01, 35.01it/s, loss=0.0010]
  Epoch 26/30:  21%|███████▏                           | 12/58 [00:00<00:01, 32.87it/s, loss=0.0010]
  Epoch 26/30:  21%|███████▏                           | 12/58 [00:00<00:01, 32.87it/s, loss=0.0008]
  Epoch 26/30:  21%|███████▏                           | 12/58 [00:00<00:01, 32.87it/s, loss=0.0005]
  Epoch 26/30:  21%|███████▏                           | 12/58 [00:00<00:01, 32.87it/s, loss=0.0007]
  Epoch 26/30:  21%|███████▏                           | 12/58 [00:00<00:01, 32.87it/s, loss=0.0004]
  Epoch 26/30:  28%|█████████▋                         | 16/58 [00:00<00:01, 34.46it/s, loss=0.0004]
  Epoch 26/30:  28%|█████████▋                         | 16/58 [00:00<00:01, 34.46it/s, loss=0.0005]
  Epoch 26/30:  28%|█████████▋                         | 16/58 [00:00<00:01, 34.46it/s, loss=0.0003]
  Epoch 26/30:  28%|█████████▋                         | 16/58 [00:00<00:01, 34.46it/s, loss=0.0011]
  Epoch 26/30:  28%|█████████▋                         | 16/58 [00:00<00:01, 34.46it/s, loss=0.0006]
  Epoch 26/30:  28%|█████████▋                         | 16/58 [00:00<00:01, 34.46it/s, loss=0.0006]
  Epoch 26/30:  36%|████████████▋                      | 21/58 [00:00<00:00, 37.87it/s, loss=0.0006]
  Epoch 26/30:  36%|████████████▋                      | 21/58 [00:00<00:00, 37.87it/s, loss=0.0017]
  Epoch 26/30:  36%|████████████▋                      | 21/58 [00:00<00:00, 37.87it/s, loss=0.0013]
  Epoch 26/30:  36%|████████████▋                      | 21/58 [00:00<00:00, 37.87it/s, loss=0.0006]
  Epoch 26/30:  36%|████████████▋                      | 21/58 [00:00<00:00, 37.87it/s, loss=0.0006]
  Epoch 26/30:  36%|████████████▋                      | 21/58 [00:00<00:00, 37.87it/s, loss=0.0004]
  Epoch 26/30:  45%|███████████████▋                   | 26/58 [00:00<00:00, 39.27it/s, loss=0.0004]
  Epoch 26/30:  45%|███████████████▋                   | 26/58 [00:00<00:00, 39.27it/s, loss=0.0006]
  Epoch 26/30:  45%|███████████████▋                   | 26/58 [00:00<00:00, 39.27it/s, loss=0.0007]
  Epoch 26/30:  45%|███████████████▋                   | 26/58 [00:00<00:00, 39.27it/s, loss=0.0002]
  Epoch 26/30:  45%|███████████████▋                   | 26/58 [00:00<00:00, 39.27it/s, loss=0.0009]
  Epoch 26/30:  52%|██████████████████                 | 30/58 [00:00<00:00, 37.50it/s, loss=0.0009]
  Epoch 26/30:  52%|██████████████████                 | 30/58 [00:00<00:00, 37.50it/s, loss=0.0004]
  Epoch 26/30:  52%|██████████████████                 | 30/58 [00:00<00:00, 37.50it/s, loss=0.0002]
  Epoch 26/30:  52%|██████████████████                 | 30/58 [00:00<00:00, 37.50it/s, loss=0.0004]
  Epoch 26/30:  52%|██████████████████                 | 30/58 [00:00<00:00, 37.50it/s, loss=0.0013]
  Epoch 26/30:  59%|████████████████████▌              | 34/58 [00:00<00:00, 33.18it/s, loss=0.0013]
  Epoch 26/30:  59%|████████████████████▌              | 34/58 [00:00<00:00, 33.18it/s, loss=0.0012]
  Epoch 26/30:  59%|████████████████████▌              | 34/58 [00:01<00:00, 33.18it/s, loss=0.0005]
  Epoch 26/30:  59%|████████████████████▌              | 34/58 [00:01<00:00, 33.18it/s, loss=0.0012]
  Epoch 26/30:  59%|████████████████████▌              | 34/58 [00:01<00:00, 33.18it/s, loss=0.0008]
  Epoch 26/30:  59%|████████████████████▌              | 34/58 [00:01<00:00, 33.18it/s, loss=0.0011]
  Epoch 26/30:  67%|███████████████████████▌           | 39/58 [00:01<00:00, 34.85it/s, loss=0.0011]
  Epoch 26/30:  67%|███████████████████████▌           | 39/58 [00:01<00:00, 34.85it/s, loss=0.0003]
  Epoch 26/30:  67%|███████████████████████▌           | 39/58 [00:01<00:00, 34.85it/s, loss=0.0015]
  Epoch 26/30:  67%|███████████████████████▌           | 39/58 [00:01<00:00, 34.85it/s, loss=0.0006]
  Epoch 26/30:  67%|███████████████████████▌           | 39/58 [00:01<00:00, 34.85it/s, loss=0.0012]
  Epoch 26/30:  74%|█████████████████████████▉         | 43/58 [00:01<00:00, 34.90it/s, loss=0.0012]
  Epoch 26/30:  74%|█████████████████████████▉         | 43/58 [00:01<00:00, 34.90it/s, loss=0.0005]
  Epoch 26/30:  74%|█████████████████████████▉         | 43/58 [00:01<00:00, 34.90it/s, loss=0.0007]
  Epoch 26/30:  74%|█████████████████████████▉         | 43/58 [00:01<00:00, 34.90it/s, loss=0.0015]
  Epoch 26/30:  74%|█████████████████████████▉         | 43/58 [00:01<00:00, 34.90it/s, loss=0.0004]
  Epoch 26/30:  81%|████████████████████████████▎      | 47/58 [00:01<00:00, 35.52it/s, loss=0.0004]
  Epoch 26/30:  81%|████████████████████████████▎      | 47/58 [00:01<00:00, 35.52it/s, loss=0.0018]
  Epoch 26/30:  81%|████████████████████████████▎      | 47/58 [00:01<00:00, 35.52it/s, loss=0.0015]
  Epoch 26/30:  81%|████████████████████████████▎      | 47/58 [00:01<00:00, 35.52it/s, loss=0.0003]
  Epoch 26/30:  81%|████████████████████████████▎      | 47/58 [00:01<00:00, 35.52it/s, loss=0.0008]
  Epoch 26/30:  81%|████████████████████████████▎      | 47/58 [00:01<00:00, 35.52it/s, loss=0.0007]
  Epoch 26/30:  90%|███████████████████████████████▍   | 52/58 [00:01<00:00, 37.90it/s, loss=0.0007]
  Epoch 26/30:  90%|███████████████████████████████▍   | 52/58 [00:01<00:00, 37.90it/s, loss=0.0004]
  Epoch 26/30:  90%|███████████████████████████████▍   | 52/58 [00:01<00:00, 37.90it/s, loss=0.0005]
  Epoch 26/30:  90%|███████████████████████████████▍   | 52/58 [00:01<00:00, 37.90it/s, loss=0.0009]
  Epoch 26/30:  90%|███████████████████████████████▍   | 52/58 [00:01<00:00, 37.90it/s, loss=0.0008]
  Epoch 26/30:  97%|█████████████████████████████████▊ | 56/58 [00:01<00:00, 37.88it/s, loss=0.0008]
  Epoch 26/30:  97%|█████████████████████████████████▊ | 56/58 [00:01<00:00, 37.88it/s, loss=0.0015]
  Epoch 26/30:  97%|█████████████████████████████████▊ | 56/58 [00:01<00:00, 37.88it/s, loss=0.0005]
                                                                                                    

  Epoch 27/30:   0%|                                                         | 0/58 [00:00<?, ?it/s]
  Epoch 27/30:   0%|                                            | 0/58 [00:00<?, ?it/s, loss=0.0021]
  Epoch 27/30:   0%|                                            | 0/58 [00:00<?, ?it/s, loss=0.0010]
  Epoch 27/30:   0%|                                            | 0/58 [00:00<?, ?it/s, loss=0.0004]
  Epoch 27/30:   0%|                                            | 0/58 [00:00<?, ?it/s, loss=0.0009]
  Epoch 27/30:   0%|                                            | 0/58 [00:00<?, ?it/s, loss=0.0010]
  Epoch 27/30:   9%|███                                 | 5/58 [00:00<00:01, 40.62it/s, loss=0.0010]
  Epoch 27/30:   9%|███                                 | 5/58 [00:00<00:01, 40.62it/s, loss=0.0002]
  Epoch 27/30:   9%|███                                 | 5/58 [00:00<00:01, 40.62it/s, loss=0.0002]
  Epoch 27/30:   9%|███                                 | 5/58 [00:00<00:01, 40.62it/s, loss=0.0006]
  Epoch 27/30:   9%|███                                 | 5/58 [00:00<00:01, 40.62it/s, loss=0.0003]
  Epoch 27/30:   9%|███                                 | 5/58 [00:00<00:01, 40.62it/s, loss=0.0006]
  Epoch 27/30:  17%|██████                             | 10/58 [00:00<00:01, 35.81it/s, loss=0.0006]
  Epoch 27/30:  17%|██████                             | 10/58 [00:00<00:01, 35.81it/s, loss=0.0006]
  Epoch 27/30:  17%|██████                             | 10/58 [00:00<00:01, 35.81it/s, loss=0.0007]
  Epoch 27/30:  17%|██████                             | 10/58 [00:00<00:01, 35.81it/s, loss=0.0009]
  Epoch 27/30:  17%|██████                             | 10/58 [00:00<00:01, 35.81it/s, loss=0.0015]
  Epoch 27/30:  24%|████████▍                          | 14/58 [00:00<00:01, 36.84it/s, loss=0.0015]
  Epoch 27/30:  24%|████████▍                          | 14/58 [00:00<00:01, 36.84it/s, loss=0.0004]
  Epoch 27/30:  24%|████████▍                          | 14/58 [00:00<00:01, 36.84it/s, loss=0.0006]
  Epoch 27/30:  24%|████████▍                          | 14/58 [00:00<00:01, 36.84it/s, loss=0.0015]
  Epoch 27/30:  24%|████████▍                          | 14/58 [00:00<00:01, 36.84it/s, loss=0.0010]
  Epoch 27/30:  24%|████████▍                          | 14/58 [00:00<00:01, 36.84it/s, loss=0.0018]
  Epoch 27/30:  33%|███████████▍                       | 19/58 [00:00<00:01, 37.98it/s, loss=0.0018]
  Epoch 27/30:  33%|███████████▍                       | 19/58 [00:00<00:01, 37.98it/s, loss=0.0007]
  Epoch 27/30:  33%|███████████▍                       | 19/58 [00:00<00:01, 37.98it/s, loss=0.0014]
  Epoch 27/30:  33%|███████████▍                       | 19/58 [00:00<00:01, 37.98it/s, loss=0.0006]
  Epoch 27/30:  33%|███████████▍                       | 19/58 [00:00<00:01, 37.98it/s, loss=0.0017]
  Epoch 27/30:  40%|█████████████▉                     | 23/58 [00:00<00:01, 34.21it/s, loss=0.0017]
  Epoch 27/30:  40%|█████████████▉                     | 23/58 [00:00<00:01, 34.21it/s, loss=0.0003]
  Epoch 27/30:  40%|█████████████▉                     | 23/58 [00:00<00:01, 34.21it/s, loss=0.0005]
  Epoch 27/30:  40%|█████████████▉                     | 23/58 [00:00<00:01, 34.21it/s, loss=0.0011]
  Epoch 27/30:  40%|█████████████▉                     | 23/58 [00:00<00:01, 34.21it/s, loss=0.0009]
  Epoch 27/30:  47%|████████████████▎                  | 27/58 [00:00<00:00, 31.13it/s, loss=0.0009]
  Epoch 27/30:  47%|████████████████▎                  | 27/58 [00:00<00:00, 31.13it/s, loss=0.0010]
  Epoch 27/30:  47%|████████████████▎                  | 27/58 [00:00<00:00, 31.13it/s, loss=0.0006]
  Epoch 27/30:  47%|████████████████▎                  | 27/58 [00:00<00:00, 31.13it/s, loss=0.0012]
  Epoch 27/30:  47%|████████████████▎                  | 27/58 [00:00<00:00, 31.13it/s, loss=0.0002]
  Epoch 27/30:  47%|████████████████▎                  | 27/58 [00:00<00:00, 31.13it/s, loss=0.0012]
  Epoch 27/30:  55%|███████████████████▎               | 32/58 [00:00<00:00, 35.08it/s, loss=0.0012]
  Epoch 27/30:  55%|███████████████████▎               | 32/58 [00:00<00:00, 35.08it/s, loss=0.0011]
  Epoch 27/30:  55%|███████████████████▎               | 32/58 [00:00<00:00, 35.08it/s, loss=0.0005]
  Epoch 27/30:  55%|███████████████████▎               | 32/58 [00:01<00:00, 35.08it/s, loss=0.0009]
  Epoch 27/30:  55%|███████████████████▎               | 32/58 [00:01<00:00, 35.08it/s, loss=0.0007]
  Epoch 27/30:  62%|█████████████████████▋             | 36/58 [00:01<00:00, 34.56it/s, loss=0.0007]
  Epoch 27/30:  62%|█████████████████████▋             | 36/58 [00:01<00:00, 34.56it/s, loss=0.0007]
  Epoch 27/30:  62%|█████████████████████▋             | 36/58 [00:01<00:00, 34.56it/s, loss=0.0007]
  Epoch 27/30:  62%|█████████████████████▋             | 36/58 [00:01<00:00, 34.56it/s, loss=0.0011]
  Epoch 27/30:  62%|█████████████████████▋             | 36/58 [00:01<00:00, 34.56it/s, loss=0.0004]
  Epoch 27/30:  62%|█████████████████████▋             | 36/58 [00:01<00:00, 34.56it/s, loss=0.0011]
  Epoch 27/30:  71%|████████████████████████▋          | 41/58 [00:01<00:00, 36.66it/s, loss=0.0011]
  Epoch 27/30:  71%|████████████████████████▋          | 41/58 [00:01<00:00, 36.66it/s, loss=0.0006]
  Epoch 27/30:  71%|████████████████████████▋          | 41/58 [00:01<00:00, 36.66it/s, loss=0.0005]
  Epoch 27/30:  71%|████████████████████████▋          | 41/58 [00:01<00:00, 36.66it/s, loss=0.0011]
  Epoch 27/30:  71%|████████████████████████▋          | 41/58 [00:01<00:00, 36.66it/s, loss=0.0014]
  Epoch 27/30:  71%|████████████████████████▋          | 41/58 [00:01<00:00, 36.66it/s, loss=0.0006]
  Epoch 27/30:  79%|███████████████████████████▊       | 46/58 [00:01<00:00, 38.78it/s, loss=0.0006]
  Epoch 27/30:  79%|███████████████████████████▊       | 46/58 [00:01<00:00, 38.78it/s, loss=0.0005]
  Epoch 27/30:  79%|███████████████████████████▊       | 46/58 [00:01<00:00, 38.78it/s, loss=0.0008]
  Epoch 27/30:  79%|███████████████████████████▊       | 46/58 [00:01<00:00, 38.78it/s, loss=0.0003]
  Epoch 27/30:  79%|███████████████████████████▊       | 46/58 [00:01<00:00, 38.78it/s, loss=0.0016]
  Epoch 27/30:  86%|██████████████████████████████▏    | 50/58 [00:01<00:00, 38.83it/s, loss=0.0016]
  Epoch 27/30:  86%|██████████████████████████████▏    | 50/58 [00:01<00:00, 38.83it/s, loss=0.0006]
  Epoch 27/30:  86%|██████████████████████████████▏    | 50/58 [00:01<00:00, 38.83it/s, loss=0.0006]
  Epoch 27/30:  86%|██████████████████████████████▏    | 50/58 [00:01<00:00, 38.83it/s, loss=0.0002]
  Epoch 27/30:  86%|██████████████████████████████▏    | 50/58 [00:01<00:00, 38.83it/s, loss=0.0004]
  Epoch 27/30:  93%|████████████████████████████████▌  | 54/58 [00:01<00:00, 39.11it/s, loss=0.0004]
  Epoch 27/30:  93%|████████████████████████████████▌  | 54/58 [00:01<00:00, 39.11it/s, loss=0.0006]
  Epoch 27/30:  93%|████████████████████████████████▌  | 54/58 [00:01<00:00, 39.11it/s, loss=0.0004]
  Epoch 27/30:  93%|████████████████████████████████▌  | 54/58 [00:01<00:00, 39.11it/s, loss=0.0004]
  Epoch 27/30:  93%|████████████████████████████████▌  | 54/58 [00:01<00:00, 39.11it/s, loss=0.0000]
                                                                                                    

  Epoch 28/30:   0%|                                                         | 0/58 [00:00<?, ?it/s]
  Epoch 28/30:   0%|                                            | 0/58 [00:00<?, ?it/s, loss=0.0026]
  Epoch 28/30:   0%|                                            | 0/58 [00:00<?, ?it/s, loss=0.0005]
  Epoch 28/30:   0%|                                            | 0/58 [00:00<?, ?it/s, loss=0.0008]
  Epoch 28/30:   0%|                                            | 0/58 [00:00<?, ?it/s, loss=0.0007]
  Epoch 28/30:   7%|██▍                                 | 4/58 [00:00<00:01, 37.01it/s, loss=0.0007]
  Epoch 28/30:   7%|██▍                                 | 4/58 [00:00<00:01, 37.01it/s, loss=0.0005]
  Epoch 28/30:   7%|██▍                                 | 4/58 [00:00<00:01, 37.01it/s, loss=0.0004]
  Epoch 28/30:   7%|██▍                                 | 4/58 [00:00<00:01, 37.01it/s, loss=0.0003]
  Epoch 28/30:   7%|██▍                                 | 4/58 [00:00<00:01, 37.01it/s, loss=0.0007]
  Epoch 28/30:  14%|████▉                               | 8/58 [00:00<00:01, 29.89it/s, loss=0.0007]
  Epoch 28/30:  14%|████▉                               | 8/58 [00:00<00:01, 29.89it/s, loss=0.0020]
  Epoch 28/30:  14%|████▉                               | 8/58 [00:00<00:01, 29.89it/s, loss=0.0003]
  Epoch 28/30:  14%|████▉                               | 8/58 [00:00<00:01, 29.89it/s, loss=0.0005]
  Epoch 28/30:  14%|████▉                               | 8/58 [00:00<00:01, 29.89it/s, loss=0.0007]
  Epoch 28/30:  21%|███████▏                           | 12/58 [00:00<00:01, 32.12it/s, loss=0.0007]
  Epoch 28/30:  21%|███████▏                           | 12/58 [00:00<00:01, 32.12it/s, loss=0.0009]
  Epoch 28/30:  21%|███████▏                           | 12/58 [00:00<00:01, 32.12it/s, loss=0.0007]
  Epoch 28/30:  21%|███████▏                           | 12/58 [00:00<00:01, 32.12it/s, loss=0.0011]
  Epoch 28/30:  21%|███████▏                           | 12/58 [00:00<00:01, 32.12it/s, loss=0.0002]
  Epoch 28/30:  28%|█████████▋                         | 16/58 [00:00<00:01, 32.63it/s, loss=0.0002]
  Epoch 28/30:  28%|█████████▋                         | 16/58 [00:00<00:01, 32.63it/s, loss=0.0008]
  Epoch 28/30:  28%|█████████▋                         | 16/58 [00:00<00:01, 32.63it/s, loss=0.0006]
  Epoch 28/30:  28%|█████████▋                         | 16/58 [00:00<00:01, 32.63it/s, loss=0.0002]
  Epoch 28/30:  28%|█████████▋                         | 16/58 [00:00<00:01, 32.63it/s, loss=0.0008]
  Epoch 28/30:  34%|████████████                       | 20/58 [00:00<00:01, 34.57it/s, loss=0.0008]
  Epoch 28/30:  34%|████████████                       | 20/58 [00:00<00:01, 34.57it/s, loss=0.0005]
  Epoch 28/30:  34%|████████████                       | 20/58 [00:00<00:01, 34.57it/s, loss=0.0014]
  Epoch 28/30:  34%|████████████                       | 20/58 [00:00<00:01, 34.57it/s, loss=0.0010]
  Epoch 28/30:  34%|████████████                       | 20/58 [00:00<00:01, 34.57it/s, loss=0.0005]
  Epoch 28/30:  34%|████████████                       | 20/58 [00:00<00:01, 34.57it/s, loss=0.0004]
  Epoch 28/30:  43%|███████████████                    | 25/58 [00:00<00:00, 37.77it/s, loss=0.0004]
  Epoch 28/30:  43%|███████████████                    | 25/58 [00:00<00:00, 37.77it/s, loss=0.0010]
  Epoch 28/30:  43%|███████████████                    | 25/58 [00:00<00:00, 37.77it/s, loss=0.0010]
  Epoch 28/30:  43%|███████████████                    | 25/58 [00:00<00:00, 37.77it/s, loss=0.0002]
  Epoch 28/30:  43%|███████████████                    | 25/58 [00:00<00:00, 37.77it/s, loss=0.0023]
  Epoch 28/30:  43%|███████████████                    | 25/58 [00:00<00:00, 37.77it/s, loss=0.0005]
  Epoch 28/30:  52%|██████████████████                 | 30/58 [00:00<00:00, 39.73it/s, loss=0.0005]
  Epoch 28/30:  52%|██████████████████                 | 30/58 [00:00<00:00, 39.73it/s, loss=0.0007]
  Epoch 28/30:  52%|██████████████████                 | 30/58 [00:00<00:00, 39.73it/s, loss=0.0010]
  Epoch 28/30:  52%|██████████████████                 | 30/58 [00:00<00:00, 39.73it/s, loss=0.0008]
  Epoch 28/30:  52%|██████████████████                 | 30/58 [00:00<00:00, 39.73it/s, loss=0.0006]
  Epoch 28/30:  52%|██████████████████                 | 30/58 [00:00<00:00, 39.73it/s, loss=0.0003]
  Epoch 28/30:  60%|█████████████████████              | 35/58 [00:00<00:00, 41.17it/s, loss=0.0003]
  Epoch 28/30:  60%|█████████████████████              | 35/58 [00:00<00:00, 41.17it/s, loss=0.0003]
  Epoch 28/30:  60%|█████████████████████              | 35/58 [00:01<00:00, 41.17it/s, loss=0.0011]
  Epoch 28/30:  60%|█████████████████████              | 35/58 [00:01<00:00, 41.17it/s, loss=0.0008]
  Epoch 28/30:  60%|█████████████████████              | 35/58 [00:01<00:00, 41.17it/s, loss=0.0004]
  Epoch 28/30:  60%|█████████████████████              | 35/58 [00:01<00:00, 41.17it/s, loss=0.0007]
  Epoch 28/30:  69%|████████████████████████▏          | 40/58 [00:01<00:00, 39.69it/s, loss=0.0007]
  Epoch 28/30:  69%|████████████████████████▏          | 40/58 [00:01<00:00, 39.69it/s, loss=0.0003]
  Epoch 28/30:  69%|████████████████████████▏          | 40/58 [00:01<00:00, 39.69it/s, loss=0.0004]
  Epoch 28/30:  69%|████████████████████████▏          | 40/58 [00:01<00:00, 39.69it/s, loss=0.0021]
  Epoch 28/30:  69%|████████████████████████▏          | 40/58 [00:01<00:00, 39.69it/s, loss=0.0010]
  Epoch 28/30:  76%|██████████████████████████▌        | 44/58 [00:01<00:00, 36.50it/s, loss=0.0010]
  Epoch 28/30:  76%|██████████████████████████▌        | 44/58 [00:01<00:00, 36.50it/s, loss=0.0008]
  Epoch 28/30:  76%|██████████████████████████▌        | 44/58 [00:01<00:00, 36.50it/s, loss=0.0010]
  Epoch 28/30:  76%|██████████████████████████▌        | 44/58 [00:01<00:00, 36.50it/s, loss=0.0010]
  Epoch 28/30:  76%|██████████████████████████▌        | 44/58 [00:01<00:00, 36.50it/s, loss=0.0008]
  Epoch 28/30:  83%|████████████████████████████▉      | 48/58 [00:01<00:00, 34.58it/s, loss=0.0008]
  Epoch 28/30:  83%|████████████████████████████▉      | 48/58 [00:01<00:00, 34.58it/s, loss=0.0006]
  Epoch 28/30:  83%|████████████████████████████▉      | 48/58 [00:01<00:00, 34.58it/s, loss=0.0002]
  Epoch 28/30:  83%|████████████████████████████▉      | 48/58 [00:01<00:00, 34.58it/s, loss=0.0009]
  Epoch 28/30:  83%|████████████████████████████▉      | 48/58 [00:01<00:00, 34.58it/s, loss=0.0003]
  Epoch 28/30:  90%|███████████████████████████████▍   | 52/58 [00:01<00:00, 35.34it/s, loss=0.0003]
  Epoch 28/30:  90%|███████████████████████████████▍   | 52/58 [00:01<00:00, 35.34it/s, loss=0.0007]
  Epoch 28/30:  90%|███████████████████████████████▍   | 52/58 [00:01<00:00, 35.34it/s, loss=0.0010]
  Epoch 28/30:  90%|███████████████████████████████▍   | 52/58 [00:01<00:00, 35.34it/s, loss=0.0010]
  Epoch 28/30:  90%|███████████████████████████████▍   | 52/58 [00:01<00:00, 35.34it/s, loss=0.0004]
  Epoch 28/30:  90%|███████████████████████████████▍   | 52/58 [00:01<00:00, 35.34it/s, loss=0.0016]
  Epoch 28/30:  98%|██████████████████████████████████▍| 57/58 [00:01<00:00, 37.11it/s, loss=0.0016]
  Epoch 28/30:  98%|██████████████████████████████████▍| 57/58 [00:01<00:00, 37.11it/s, loss=0.0010]
                                                                                                    

  Epoch 29/30:   0%|                                                         | 0/58 [00:00<?, ?it/s]
  Epoch 29/30:   0%|                                            | 0/58 [00:00<?, ?it/s, loss=0.0008]
  Epoch 29/30:   0%|                                            | 0/58 [00:00<?, ?it/s, loss=0.0005]
  Epoch 29/30:   0%|                                            | 0/58 [00:00<?, ?it/s, loss=0.0010]
  Epoch 29/30:   0%|                                            | 0/58 [00:00<?, ?it/s, loss=0.0011]
  Epoch 29/30:   7%|██▍                                 | 4/58 [00:00<00:01, 39.23it/s, loss=0.0011]
  Epoch 29/30:   7%|██▍                                 | 4/58 [00:00<00:01, 39.23it/s, loss=0.0011]
  Epoch 29/30:   7%|██▍                                 | 4/58 [00:00<00:01, 39.23it/s, loss=0.0008]
  Epoch 29/30:   7%|██▍                                 | 4/58 [00:00<00:01, 39.23it/s, loss=0.0013]
  Epoch 29/30:   7%|██▍                                 | 4/58 [00:00<00:01, 39.23it/s, loss=0.0005]
  Epoch 29/30:   7%|██▍                                 | 4/58 [00:00<00:01, 39.23it/s, loss=0.0005]
  Epoch 29/30:  16%|█████▌                              | 9/58 [00:00<00:01, 37.95it/s, loss=0.0005]
  Epoch 29/30:  16%|█████▌                              | 9/58 [00:00<00:01, 37.95it/s, loss=0.0006]
  Epoch 29/30:  16%|█████▌                              | 9/58 [00:00<00:01, 37.95it/s, loss=0.0008]
  Epoch 29/30:  16%|█████▌                              | 9/58 [00:00<00:01, 37.95it/s, loss=0.0003]
  Epoch 29/30:  16%|█████▌                              | 9/58 [00:00<00:01, 37.95it/s, loss=0.0009]
  Epoch 29/30:  22%|███████▊                           | 13/58 [00:00<00:01, 32.75it/s, loss=0.0009]
  Epoch 29/30:  22%|███████▊                           | 13/58 [00:00<00:01, 32.75it/s, loss=0.0004]
  Epoch 29/30:  22%|███████▊                           | 13/58 [00:00<00:01, 32.75it/s, loss=0.0007]
  Epoch 29/30:  22%|███████▊                           | 13/58 [00:00<00:01, 32.75it/s, loss=0.0004]
  Epoch 29/30:  22%|███████▊                           | 13/58 [00:00<00:01, 32.75it/s, loss=0.0006]
  Epoch 29/30:  29%|██████████▎                        | 17/58 [00:00<00:01, 30.71it/s, loss=0.0006]
  Epoch 29/30:  29%|██████████▎                        | 17/58 [00:00<00:01, 30.71it/s, loss=0.0009]
  Epoch 29/30:  29%|██████████▎                        | 17/58 [00:00<00:01, 30.71it/s, loss=0.0004]
  Epoch 29/30:  29%|██████████▎                        | 17/58 [00:00<00:01, 30.71it/s, loss=0.0005]
  Epoch 29/30:  29%|██████████▎                        | 17/58 [00:00<00:01, 30.71it/s, loss=0.0002]
  Epoch 29/30:  36%|████████████▋                      | 21/58 [00:00<00:01, 30.32it/s, loss=0.0002]
  Epoch 29/30:  36%|████████████▋                      | 21/58 [00:00<00:01, 30.32it/s, loss=0.0009]
  Epoch 29/30:  36%|████████████▋                      | 21/58 [00:00<00:01, 30.32it/s, loss=0.0006]
  Epoch 29/30:  36%|████████████▋                      | 21/58 [00:00<00:01, 30.32it/s, loss=0.0004]
  Epoch 29/30:  36%|████████████▋                      | 21/58 [00:00<00:01, 30.32it/s, loss=0.0012]
  Epoch 29/30:  43%|███████████████                    | 25/58 [00:00<00:01, 32.92it/s, loss=0.0012]
  Epoch 29/30:  43%|███████████████                    | 25/58 [00:00<00:01, 32.92it/s, loss=0.0005]
  Epoch 29/30:  43%|███████████████                    | 25/58 [00:00<00:01, 32.92it/s, loss=0.0005]
  Epoch 29/30:  43%|███████████████                    | 25/58 [00:00<00:01, 32.92it/s, loss=0.0021]
  Epoch 29/30:  43%|███████████████                    | 25/58 [00:00<00:01, 32.92it/s, loss=0.0013]
  Epoch 29/30:  50%|█████████████████▌                 | 29/58 [00:00<00:00, 32.24it/s, loss=0.0013]
  Epoch 29/30:  50%|█████████████████▌                 | 29/58 [00:00<00:00, 32.24it/s, loss=0.0005]
  Epoch 29/30:  50%|█████████████████▌                 | 29/58 [00:00<00:00, 32.24it/s, loss=0.0004]
  Epoch 29/30:  50%|█████████████████▌                 | 29/58 [00:00<00:00, 32.24it/s, loss=0.0022]
  Epoch 29/30:  50%|█████████████████▌                 | 29/58 [00:00<00:00, 32.24it/s, loss=0.0006]
  Epoch 29/30:  50%|█████████████████▌                 | 29/58 [00:01<00:00, 32.24it/s, loss=0.0005]
  Epoch 29/30:  59%|████████████████████▌              | 34/58 [00:01<00:00, 34.24it/s, loss=0.0005]
  Epoch 29/30:  59%|████████████████████▌              | 34/58 [00:01<00:00, 34.24it/s, loss=0.0005]
  Epoch 29/30:  59%|████████████████████▌              | 34/58 [00:01<00:00, 34.24it/s, loss=0.0004]
  Epoch 29/30:  59%|████████████████████▌              | 34/58 [00:01<00:00, 34.24it/s, loss=0.0015]
  Epoch 29/30:  59%|████████████████████▌              | 34/58 [00:01<00:00, 34.24it/s, loss=0.0011]
  Epoch 29/30:  66%|██████████████████████▉            | 38/58 [00:01<00:00, 35.66it/s, loss=0.0011]
  Epoch 29/30:  66%|██████████████████████▉            | 38/58 [00:01<00:00, 35.66it/s, loss=0.0010]
  Epoch 29/30:  66%|██████████████████████▉            | 38/58 [00:01<00:00, 35.66it/s, loss=0.0004]
  Epoch 29/30:  66%|██████████████████████▉            | 38/58 [00:01<00:00, 35.66it/s, loss=0.0012]
  Epoch 29/30:  66%|██████████████████████▉            | 38/58 [00:01<00:00, 35.66it/s, loss=0.0003]
  Epoch 29/30:  66%|██████████████████████▉            | 38/58 [00:01<00:00, 35.66it/s, loss=0.0009]
  Epoch 29/30:  74%|█████████████████████████▉         | 43/58 [00:01<00:00, 37.72it/s, loss=0.0009]
  Epoch 29/30:  74%|█████████████████████████▉         | 43/58 [00:01<00:00, 37.72it/s, loss=0.0015]
  Epoch 29/30:  74%|█████████████████████████▉         | 43/58 [00:01<00:00, 37.72it/s, loss=0.0014]
  Epoch 29/30:  74%|█████████████████████████▉         | 43/58 [00:01<00:00, 37.72it/s, loss=0.0007]
  Epoch 29/30:  74%|█████████████████████████▉         | 43/58 [00:01<00:00, 37.72it/s, loss=0.0011]
  Epoch 29/30:  81%|████████████████████████████▎      | 47/58 [00:01<00:00, 37.52it/s, loss=0.0011]
  Epoch 29/30:  81%|████████████████████████████▎      | 47/58 [00:01<00:00, 37.52it/s, loss=0.0007]
  Epoch 29/30:  81%|████████████████████████████▎      | 47/58 [00:01<00:00, 37.52it/s, loss=0.0011]
  Epoch 29/30:  81%|████████████████████████████▎      | 47/58 [00:01<00:00, 37.52it/s, loss=0.0024]
  Epoch 29/30:  81%|████████████████████████████▎      | 47/58 [00:01<00:00, 37.52it/s, loss=0.0005]
  Epoch 29/30:  88%|██████████████████████████████▊    | 51/58 [00:01<00:00, 37.96it/s, loss=0.0005]
  Epoch 29/30:  88%|██████████████████████████████▊    | 51/58 [00:01<00:00, 37.96it/s, loss=0.0009]
  Epoch 29/30:  88%|██████████████████████████████▊    | 51/58 [00:01<00:00, 37.96it/s, loss=0.0006]
  Epoch 29/30:  88%|██████████████████████████████▊    | 51/58 [00:01<00:00, 37.96it/s, loss=0.0002]
  Epoch 29/30:  88%|██████████████████████████████▊    | 51/58 [00:01<00:00, 37.96it/s, loss=0.0003]
  Epoch 29/30:  95%|█████████████████████████████████▏ | 55/58 [00:01<00:00, 37.52it/s, loss=0.0003]
  Epoch 29/30:  95%|█████████████████████████████████▏ | 55/58 [00:01<00:00, 37.52it/s, loss=0.0011]
  Epoch 29/30:  95%|█████████████████████████████████▏ | 55/58 [00:01<00:00, 37.52it/s, loss=0.0003]
  Epoch 29/30:  95%|█████████████████████████████████▏ | 55/58 [00:01<00:00, 37.52it/s, loss=0.0000]
                                                                                                    

  Epoch 30/30:   0%|                                                         | 0/58 [00:00<?, ?it/s]
  Epoch 30/30:   0%|                                            | 0/58 [00:00<?, ?it/s, loss=0.0003]
  Epoch 30/30:   0%|                                            | 0/58 [00:00<?, ?it/s, loss=0.0005]
  Epoch 30/30:   0%|                                            | 0/58 [00:00<?, ?it/s, loss=0.0006]
  Epoch 30/30:   0%|                                            | 0/58 [00:00<?, ?it/s, loss=0.0015]
  Epoch 30/30:   7%|██▍                                 | 4/58 [00:00<00:01, 32.91it/s, loss=0.0015]
  Epoch 30/30:   7%|██▍                                 | 4/58 [00:00<00:01, 32.91it/s, loss=0.0009]
  Epoch 30/30:   7%|██▍                                 | 4/58 [00:00<00:01, 32.91it/s, loss=0.0005]
  Epoch 30/30:   7%|██▍                                 | 4/58 [00:00<00:01, 32.91it/s, loss=0.0004]
  Epoch 30/30:   7%|██▍                                 | 4/58 [00:00<00:01, 32.91it/s, loss=0.0004]
  Epoch 30/30:  14%|████▉                               | 8/58 [00:00<00:01, 32.33it/s, loss=0.0004]
  Epoch 30/30:  14%|████▉                               | 8/58 [00:00<00:01, 32.33it/s, loss=0.0003]
  Epoch 30/30:  14%|████▉                               | 8/58 [00:00<00:01, 32.33it/s, loss=0.0017]
  Epoch 30/30:  14%|████▉                               | 8/58 [00:00<00:01, 32.33it/s, loss=0.0002]
  Epoch 30/30:  14%|████▉                               | 8/58 [00:00<00:01, 32.33it/s, loss=0.0004]
  Epoch 30/30:  21%|███████▏                           | 12/58 [00:00<00:01, 35.00it/s, loss=0.0004]
  Epoch 30/30:  21%|███████▏                           | 12/58 [00:00<00:01, 35.00it/s, loss=0.0002]
  Epoch 30/30:  21%|███████▏                           | 12/58 [00:00<00:01, 35.00it/s, loss=0.0031]
  Epoch 30/30:  21%|███████▏                           | 12/58 [00:00<00:01, 35.00it/s, loss=0.0004]
  Epoch 30/30:  21%|███████▏                           | 12/58 [00:00<00:01, 35.00it/s, loss=0.0009]
  Epoch 30/30:  28%|█████████▋                         | 16/58 [00:00<00:01, 36.07it/s, loss=0.0009]
  Epoch 30/30:  28%|█████████▋                         | 16/58 [00:00<00:01, 36.07it/s, loss=0.0006]
  Epoch 30/30:  28%|█████████▋                         | 16/58 [00:00<00:01, 36.07it/s, loss=0.0005]
  Epoch 30/30:  28%|█████████▋                         | 16/58 [00:00<00:01, 36.07it/s, loss=0.0003]
  Epoch 30/30:  28%|█████████▋                         | 16/58 [00:00<00:01, 36.07it/s, loss=0.0007]
  Epoch 30/30:  34%|████████████                       | 20/58 [00:00<00:01, 35.43it/s, loss=0.0007]
  Epoch 30/30:  34%|████████████                       | 20/58 [00:00<00:01, 35.43it/s, loss=0.0004]
  Epoch 30/30:  34%|████████████                       | 20/58 [00:00<00:01, 35.43it/s, loss=0.0009]
  Epoch 30/30:  34%|████████████                       | 20/58 [00:00<00:01, 35.43it/s, loss=0.0007]
  Epoch 30/30:  34%|████████████                       | 20/58 [00:00<00:01, 35.43it/s, loss=0.0006]
  Epoch 30/30:  41%|██████████████▍                    | 24/58 [00:00<00:01, 33.69it/s, loss=0.0006]
  Epoch 30/30:  41%|██████████████▍                    | 24/58 [00:00<00:01, 33.69it/s, loss=0.0006]
  Epoch 30/30:  41%|██████████████▍                    | 24/58 [00:00<00:01, 33.69it/s, loss=0.0006]
  Epoch 30/30:  41%|██████████████▍                    | 24/58 [00:00<00:01, 33.69it/s, loss=0.0004]
  Epoch 30/30:  41%|██████████████▍                    | 24/58 [00:00<00:01, 33.69it/s, loss=0.0015]
  Epoch 30/30:  48%|████████████████▉                  | 28/58 [00:00<00:00, 32.69it/s, loss=0.0015]
  Epoch 30/30:  48%|████████████████▉                  | 28/58 [00:00<00:00, 32.69it/s, loss=0.0009]
  Epoch 30/30:  48%|████████████████▉                  | 28/58 [00:00<00:00, 32.69it/s, loss=0.0003]
  Epoch 30/30:  48%|████████████████▉                  | 28/58 [00:00<00:00, 32.69it/s, loss=0.0002]
  Epoch 30/30:  48%|████████████████▉                  | 28/58 [00:00<00:00, 32.69it/s, loss=0.0009]
  Epoch 30/30:  55%|███████████████████▎               | 32/58 [00:00<00:00, 33.76it/s, loss=0.0009]
  Epoch 30/30:  55%|███████████████████▎               | 32/58 [00:00<00:00, 33.76it/s, loss=0.0007]
  Epoch 30/30:  55%|███████████████████▎               | 32/58 [00:01<00:00, 33.76it/s, loss=0.0007]
  Epoch 30/30:  55%|███████████████████▎               | 32/58 [00:01<00:00, 33.76it/s, loss=0.0007]
  Epoch 30/30:  55%|███████████████████▎               | 32/58 [00:01<00:00, 33.76it/s, loss=0.0003]
  Epoch 30/30:  62%|█████████████████████▋             | 36/58 [00:01<00:00, 34.42it/s, loss=0.0003]
  Epoch 30/30:  62%|█████████████████████▋             | 36/58 [00:01<00:00, 34.42it/s, loss=0.0004]
  Epoch 30/30:  62%|█████████████████████▋             | 36/58 [00:01<00:00, 34.42it/s, loss=0.0013]
  Epoch 30/30:  62%|█████████████████████▋             | 36/58 [00:01<00:00, 34.42it/s, loss=0.0006]
  Epoch 30/30:  62%|█████████████████████▋             | 36/58 [00:01<00:00, 34.42it/s, loss=0.0007]
  Epoch 30/30:  69%|████████████████████████▏          | 40/58 [00:01<00:00, 34.17it/s, loss=0.0007]
  Epoch 30/30:  69%|████████████████████████▏          | 40/58 [00:01<00:00, 34.17it/s, loss=0.0004]
  Epoch 30/30:  69%|████████████████████████▏          | 40/58 [00:01<00:00, 34.17it/s, loss=0.0011]
  Epoch 30/30:  69%|████████████████████████▏          | 40/58 [00:01<00:00, 34.17it/s, loss=0.0004]
  Epoch 30/30:  69%|████████████████████████▏          | 40/58 [00:01<00:00, 34.17it/s, loss=0.0002]
  Epoch 30/30:  76%|██████████████████████████▌        | 44/58 [00:01<00:00, 33.26it/s, loss=0.0002]
  Epoch 30/30:  76%|██████████████████████████▌        | 44/58 [00:01<00:00, 33.26it/s, loss=0.0011]
  Epoch 30/30:  76%|██████████████████████████▌        | 44/58 [00:01<00:00, 33.26it/s, loss=0.0003]
  Epoch 30/30:  76%|██████████████████████████▌        | 44/58 [00:01<00:00, 33.26it/s, loss=0.0013]
  Epoch 30/30:  76%|██████████████████████████▌        | 44/58 [00:01<00:00, 33.26it/s, loss=0.0006]
  Epoch 30/30:  83%|████████████████████████████▉      | 48/58 [00:01<00:00, 34.32it/s, loss=0.0006]
  Epoch 30/30:  83%|████████████████████████████▉      | 48/58 [00:01<00:00, 34.32it/s, loss=0.0015]
  Epoch 30/30:  83%|████████████████████████████▉      | 48/58 [00:01<00:00, 34.32it/s, loss=0.0014]
  Epoch 30/30:  83%|████████████████████████████▉      | 48/58 [00:01<00:00, 34.32it/s, loss=0.0008]
  Epoch 30/30:  83%|████████████████████████████▉      | 48/58 [00:01<00:00, 34.32it/s, loss=0.0008]
  Epoch 30/30:  90%|███████████████████████████████▍   | 52/58 [00:01<00:00, 34.31it/s, loss=0.0008]
  Epoch 30/30:  90%|███████████████████████████████▍   | 52/58 [00:01<00:00, 34.31it/s, loss=0.0013]
  Epoch 30/30:  90%|███████████████████████████████▍   | 52/58 [00:01<00:00, 34.31it/s, loss=0.0005]
  Epoch 30/30:  90%|███████████████████████████████▍   | 52/58 [00:01<00:00, 34.31it/s, loss=0.0004]
  Epoch 30/30:  90%|███████████████████████████████▍   | 52/58 [00:01<00:00, 34.31it/s, loss=0.0016]
  Epoch 30/30:  97%|█████████████████████████████████▊ | 56/58 [00:01<00:00, 35.46it/s, loss=0.0016]
  Epoch 30/30:  97%|█████████████████████████████████▊ | 56/58 [00:01<00:00, 35.46it/s, loss=0.0018]
  Epoch 30/30:  97%|█████████████████████████████████▊ | 56/58 [00:01<00:00, 35.46it/s, loss=0.0000]
                                                                                                    
  Epoch 30/30 │ Loss: 0.0008 │ T+1: 0.8510 │ T+2: 0.6490 │ T+3: 0.4688

  → Loading best model checkpoint
    Best T+1 NSE: 0.8563

  → Saving model
    Model saved: E:\SRIP 2025\Streamflow and Water-level Prediction\Final Stuff\srip-transformer\runs\seq_20260304_203831\model.pt

============================================================
  STEP 7: EVALUATING MODEL
============================================================

  → Evaluating on Test Set 1961-1970

  Testing 1961-1970:   0%|                                                   | 0/15 [00:00<?, ?it/s]
  Testing 1961-1970:  53%|██████████████████████▉                    | 8/15 [00:00<00:00, 78.55it/s]
                                                                                                    

    Results (1961-1970):
    Horizon       NSE       R²      PBIAS │      P90      P95 │    Peak%
    ----------------------------------------------------------------------
    T1         0.8753   0.8753     -2.03% │   0.6574   0.5616 │    79.2%
    T2         0.8188   0.8188     16.49% │   0.5001   0.3703 │    79.1%
    T3         0.6301   0.6301     37.08% │  -0.0379  -0.3948 │    64.7%

  → Evaluating on Test Set 2011-2020

  Testing 2011-2020:   0%|                                                   | 0/15 [00:00<?, ?it/s]
  Testing 2011-2020:  47%|████████████████████                       | 7/15 [00:00<00:00, 61.18it/s]
                                                                                                    

    Results (2011-2020):
    Horizon       NSE       R²      PBIAS │      P90      P95 │    Peak%
    ----------------------------------------------------------------------
    T1         0.7277   0.7277     11.96% │   0.3938   0.1101 │    44.7%
    T2         0.5689   0.5689     26.27% │   0.0247  -0.4613 │    45.5%
    T3         0.4251   0.4251     43.19% │  -0.2828  -0.9455 │    39.4%

============================================================
  STEP 8: SAVING RESULTS
============================================================

  → Saving results.json

  → Saving train_history.json

  → Computing feature saliency (gradient × input)
    Features: ['rainfall', 'tmax', 'tmin', 'waterlevel_upstream', 'streamflow_upstream', 'waterlevel_final', 'streamflow_final']
Traceback (most recent call last):
  File "E:\SRIP 2025\Streamflow and Water-level Prediction\Final Stuff\srip-transformer\src\train.py", line 895, in <module>
    main()
  File "E:\SRIP 2025\Streamflow and Water-level Prediction\Final Stuff\srip-transformer\src\train.py", line 850, in main
    saliency_results = compute_feature_saliency(
                       ^^^^^^^^^^^^^^^^^^^^^^^^^
  File "E:\SRIP 2025\Streamflow and Water-level Prediction\Final Stuff\srip-transformer\src\train.py", line 398, in compute_feature_saliency
    predictions[horizon].sum().backward(retain_graph=True)
  File "C:\Users\HP\AppData\Local\Programs\Python\Python312\Lib\site-packages\torch\_tensor.py", line 630, in backward
    torch.autograd.backward(
  File "C:\Users\HP\AppData\Local\Programs\Python\Python312\Lib\site-packages\torch\autograd\__init__.py", line 364, in backward
    _engine_run_backward(
  File "C:\Users\HP\AppData\Local\Programs\Python\Python312\Lib\site-packages\torch\autograd\graph.py", line 865, in _engine_run_backward
    return Variable._execution_engine.run_backward(  # Calls into the C++ engine to run the backward pass
           ^^^^^^^^^^^^^^^^^^^^^^^^^^^^^^^^^^^^^^^^^^^^^^^^^^^^^^^^^^^^^^^^^^^^^^^^^^^^^^^^^^^^^^^^^^^^^^
RuntimeError: cudnn RNN backward can only be called in training mode
