
============================================================
  SeqLSTM TRAINING PIPELINE
  Modular Ablation Framework
============================================================

============================================================
  STEP 1: LOADING CONFIGURATION
============================================================
  Config file: E:\SRIP 2025\Streamflow and Water-level Prediction\Final Stuff\srip-transformer\src\configs\seq_hier.yaml
  Config name: seq_hier

  Configuration:
    • Sequential:    ✓ ON  (3 LSTM blocks)
    • Bidirectional: ✗ OFF
    • Attention:     ✗ OFF
    • Rating Curve:  ✗ OFF
    • Hierarchical:  ✓ ON

  LSTM Settings:
    • Hidden dim:    64
    • Num layers:    1
    • Dropout:       0.1

  Hard Constraints (enforced globally):
    • Lookback:      7 days
    • Batch size:    256
    • Learning rate: 0.001
    • Epochs:        30
    • Optimizer:     Adam
    • Loss:          MSE
    • Random seed:   74

  → Setting random seed: 74

  → Using device: cuda
    GPU: NVIDIA GeForce RTX 3050 4GB Laptop GPU

============================================================
  STEP 2: LOADING AND PREPARING DATA
============================================================

  → Loading station data: E:\SRIP 2025\Streamflow and Water-level Prediction\Final Stuff\srip-transformer\hierarchial\new_Barmanghat_with_hierarchical_quantiles.csv
    Raw data shape: (22279, 23)
    Date range: 1961-01-02 to 2021-12-31

  → Detected pre-computed hierarchical features in CSV
    • hierarchical_feature_quantile_0.1
    • hierarchical_feature_quantile_0.5
    • hierarchical_feature_quantile_0.9
    • hierarchical_feature_quantile_0.95
    ✓ Will be INCLUDED (use_hierarchical=True)

  → Determining feature set
    ✓ Including 4 hierarchical features
    Using auto-detected features
    Total features: 11
       1. rainfall
       2. tmax
       3. tmin
       4. waterlevel_upstream
       5. streamflow_upstream
       6. waterlevel_final
       7. streamflow_final
       8. hierarchical_feature_quantile_0.1
       9. hierarchical_feature_quantile_0.5
      10. hierarchical_feature_quantile_0.9
      11. hierarchical_feature_quantile_0.95
    Target: streamflow_final

  → Loading processed data
    Station: Barmanghat
    Processed shape: (22279, 23)

  → Splitting data by year
    Train (1971-2010):        14,610 samples
    Test (1961-1970):         3,651 samples
    Test (2011-2020):         3,653 samples

  → Scaling features (MinMaxScaler)
    Scaler fitted on 11 features

  → Creating PyTorch datasets
    Lookback window: 7 days (t-7 to t-1)
    Train dataset:   14,600 sequences
    Test 61-70:      3,641 sequences
    Test 11-20:      3,643 sequences

  → Creating DataLoaders
    Batch size: 256
    Train batches: 58

============================================================
  STEP 3: SETTING UP OUTPUT DIRECTORY
============================================================
  Run directory: E:\SRIP 2025\Streamflow and Water-level Prediction\Final Stuff\srip-transformer\runs\seq_hier_20260304_204604

============================================================
  STEP 4: RATING CURVE (SKIPPED)
============================================================
  Fitter disabled in config

============================================================
  STEP 5: CREATING MODEL
============================================================

  → Initializing SeqLSTMModel
    Input dimension: 11
    Model variant:   Sequential_Hier

  → Counting parameters & FLOPs
    Total parameters: 65,497
      • lstm_block1: 19,712
      • lstm_block2: 19,712
      • lstm_block3: 19,712
      • projection: 22
      • heads: 6,339
    FLOPs (per forward pass): 806.400K  [manual estimate]

============================================================
  STEP 6: TRAINING MODEL
============================================================

  → Setting up optimizer and loss function
    Optimizer: Adam (lr=0.001)
    Loss: MSELoss

  → Starting training loop (30 epochs)
    Progress will be shown every 5 epochs


  Epoch  1/30:   0%|                                                         | 0/58 [00:00<?, ?it/s]
  Epoch  1/30:   0%|                                            | 0/58 [00:00<?, ?it/s, loss=0.0163]
  Epoch  1/30:   2%|▌                                   | 1/58 [00:00<00:21,  2.63it/s, loss=0.0163]
  Epoch  1/30:   2%|▌                                   | 1/58 [00:00<00:21,  2.63it/s, loss=0.0131]
  Epoch  1/30:   2%|▌                                   | 1/58 [00:00<00:21,  2.63it/s, loss=0.0098]
  Epoch  1/30:   2%|▌                                   | 1/58 [00:00<00:21,  2.63it/s, loss=0.0123]
  Epoch  1/30:   7%|██▍                                 | 4/58 [00:00<00:05,  9.80it/s, loss=0.0123]
  Epoch  1/30:   7%|██▍                                 | 4/58 [00:00<00:05,  9.80it/s, loss=0.0061]
  Epoch  1/30:   7%|██▍                                 | 4/58 [00:00<00:05,  9.80it/s, loss=0.0043]
  Epoch  1/30:   7%|██▍                                 | 4/58 [00:00<00:05,  9.80it/s, loss=0.0037]
  Epoch  1/30:  12%|████▎                               | 7/58 [00:00<00:03, 14.42it/s, loss=0.0037]
  Epoch  1/30:  12%|████▎                               | 7/58 [00:00<00:03, 14.42it/s, loss=0.0038]
  Epoch  1/30:  12%|████▎                               | 7/58 [00:00<00:03, 14.42it/s, loss=0.0020]
  Epoch  1/30:  12%|████▎                               | 7/58 [00:00<00:03, 14.42it/s, loss=0.0014]
  Epoch  1/30:  17%|██████                             | 10/58 [00:00<00:02, 18.11it/s, loss=0.0014]
  Epoch  1/30:  17%|██████                             | 10/58 [00:00<00:02, 18.11it/s, loss=0.0017]
  Epoch  1/30:  17%|██████                             | 10/58 [00:00<00:02, 18.11it/s, loss=0.0033]
  Epoch  1/30:  17%|██████                             | 10/58 [00:00<00:02, 18.11it/s, loss=0.0016]
  Epoch  1/30:  22%|███████▊                           | 13/58 [00:00<00:02, 21.07it/s, loss=0.0016]
  Epoch  1/30:  22%|███████▊                           | 13/58 [00:00<00:02, 21.07it/s, loss=0.0032]
  Epoch  1/30:  22%|███████▊                           | 13/58 [00:00<00:02, 21.07it/s, loss=0.0033]
  Epoch  1/30:  22%|███████▊                           | 13/58 [00:00<00:02, 21.07it/s, loss=0.0039]
  Epoch  1/30:  22%|███████▊                           | 13/58 [00:00<00:02, 21.07it/s, loss=0.0033]
  Epoch  1/30:  29%|██████████▎                        | 17/58 [00:00<00:01, 24.25it/s, loss=0.0033]
  Epoch  1/30:  29%|██████████▎                        | 17/58 [00:00<00:01, 24.25it/s, loss=0.0021]
  Epoch  1/30:  29%|██████████▎                        | 17/58 [00:01<00:01, 24.25it/s, loss=0.0023]
  Epoch  1/30:  29%|██████████▎                        | 17/58 [00:01<00:01, 24.25it/s, loss=0.0041]
  Epoch  1/30:  34%|████████████                       | 20/58 [00:01<00:01, 25.21it/s, loss=0.0041]
  Epoch  1/30:  34%|████████████                       | 20/58 [00:01<00:01, 25.21it/s, loss=0.0021]
  Epoch  1/30:  34%|████████████                       | 20/58 [00:01<00:01, 25.21it/s, loss=0.0021]
  Epoch  1/30:  34%|████████████                       | 20/58 [00:01<00:01, 25.21it/s, loss=0.0039]
  Epoch  1/30:  34%|████████████                       | 20/58 [00:01<00:01, 25.21it/s, loss=0.0025]
  Epoch  1/30:  41%|██████████████▍                    | 24/58 [00:01<00:01, 27.03it/s, loss=0.0025]
  Epoch  1/30:  41%|██████████████▍                    | 24/58 [00:01<00:01, 27.03it/s, loss=0.0022]
  Epoch  1/30:  41%|██████████████▍                    | 24/58 [00:01<00:01, 27.03it/s, loss=0.0028]
  Epoch  1/30:  41%|██████████████▍                    | 24/58 [00:01<00:01, 27.03it/s, loss=0.0026]
  Epoch  1/30:  41%|██████████████▍                    | 24/58 [00:01<00:01, 27.03it/s, loss=0.0022]
  Epoch  1/30:  48%|████████████████▉                  | 28/58 [00:01<00:01, 27.90it/s, loss=0.0022]
  Epoch  1/30:  48%|████████████████▉                  | 28/58 [00:01<00:01, 27.90it/s, loss=0.0079]
  Epoch  1/30:  48%|████████████████▉                  | 28/58 [00:01<00:01, 27.90it/s, loss=0.0024]
  Epoch  1/30:  48%|████████████████▉                  | 28/58 [00:01<00:01, 27.90it/s, loss=0.0012]
  Epoch  1/30:  48%|████████████████▉                  | 28/58 [00:01<00:01, 27.90it/s, loss=0.0023]
  Epoch  1/30:  55%|███████████████████▎               | 32/58 [00:01<00:00, 29.63it/s, loss=0.0023]
  Epoch  1/30:  55%|███████████████████▎               | 32/58 [00:01<00:00, 29.63it/s, loss=0.0024]
  Epoch  1/30:  55%|███████████████████▎               | 32/58 [00:01<00:00, 29.63it/s, loss=0.0014]
  Epoch  1/30:  55%|███████████████████▎               | 32/58 [00:01<00:00, 29.63it/s, loss=0.0019]
  Epoch  1/30:  55%|███████████████████▎               | 32/58 [00:01<00:00, 29.63it/s, loss=0.0035]
  Epoch  1/30:  62%|█████████████████████▋             | 36/58 [00:01<00:00, 29.14it/s, loss=0.0035]
  Epoch  1/30:  62%|█████████████████████▋             | 36/58 [00:01<00:00, 29.14it/s, loss=0.0010]
  Epoch  1/30:  62%|█████████████████████▋             | 36/58 [00:01<00:00, 29.14it/s, loss=0.0019]
  Epoch  1/30:  62%|█████████████████████▋             | 36/58 [00:01<00:00, 29.14it/s, loss=0.0027]
  Epoch  1/30:  67%|███████████████████████▌           | 39/58 [00:01<00:00, 29.16it/s, loss=0.0027]
  Epoch  1/30:  67%|███████████████████████▌           | 39/58 [00:01<00:00, 29.16it/s, loss=0.0010]
  Epoch  1/30:  67%|███████████████████████▌           | 39/58 [00:01<00:00, 29.16it/s, loss=0.0033]
  Epoch  1/30:  67%|███████████████████████▌           | 39/58 [00:01<00:00, 29.16it/s, loss=0.0015]
  Epoch  1/30:  67%|███████████████████████▌           | 39/58 [00:01<00:00, 29.16it/s, loss=0.0017]
  Epoch  1/30:  74%|█████████████████████████▉         | 43/58 [00:01<00:00, 29.68it/s, loss=0.0017]
  Epoch  1/30:  74%|█████████████████████████▉         | 43/58 [00:01<00:00, 29.68it/s, loss=0.0027]
  Epoch  1/30:  74%|█████████████████████████▉         | 43/58 [00:01<00:00, 29.68it/s, loss=0.0019]
  Epoch  1/30:  74%|█████████████████████████▉         | 43/58 [00:01<00:00, 29.68it/s, loss=0.0015]
  Epoch  1/30:  74%|█████████████████████████▉         | 43/58 [00:01<00:00, 29.68it/s, loss=0.0014]
  Epoch  1/30:  81%|████████████████████████████▎      | 47/58 [00:01<00:00, 29.73it/s, loss=0.0014]
  Epoch  1/30:  81%|████████████████████████████▎      | 47/58 [00:01<00:00, 29.73it/s, loss=0.0018]
  Epoch  1/30:  81%|████████████████████████████▎      | 47/58 [00:02<00:00, 29.73it/s, loss=0.0033]
  Epoch  1/30:  81%|████████████████████████████▎      | 47/58 [00:02<00:00, 29.73it/s, loss=0.0007]
  Epoch  1/30:  86%|██████████████████████████████▏    | 50/58 [00:02<00:00, 29.31it/s, loss=0.0007]
  Epoch  1/30:  86%|██████████████████████████████▏    | 50/58 [00:02<00:00, 29.31it/s, loss=0.0012]
  Epoch  1/30:  86%|██████████████████████████████▏    | 50/58 [00:02<00:00, 29.31it/s, loss=0.0017]
  Epoch  1/30:  86%|██████████████████████████████▏    | 50/58 [00:02<00:00, 29.31it/s, loss=0.0017]
  Epoch  1/30:  91%|███████████████████████████████▉   | 53/58 [00:02<00:00, 28.34it/s, loss=0.0017]
  Epoch  1/30:  91%|███████████████████████████████▉   | 53/58 [00:02<00:00, 28.34it/s, loss=0.0011]
  Epoch  1/30:  91%|███████████████████████████████▉   | 53/58 [00:02<00:00, 28.34it/s, loss=0.0010]
  Epoch  1/30:  91%|███████████████████████████████▉   | 53/58 [00:02<00:00, 28.34it/s, loss=0.0015]
  Epoch  1/30:  97%|█████████████████████████████████▊ | 56/58 [00:02<00:00, 28.07it/s, loss=0.0015]
  Epoch  1/30:  97%|█████████████████████████████████▊ | 56/58 [00:02<00:00, 28.07it/s, loss=0.0021]
  Epoch  1/30:  97%|█████████████████████████████████▊ | 56/58 [00:02<00:00, 28.07it/s, loss=0.0005]
                                                                                                    

  Epoch  2/30:   0%|                                                         | 0/58 [00:00<?, ?it/s]
  Epoch  2/30:   0%|                                            | 0/58 [00:00<?, ?it/s, loss=0.0014]
  Epoch  2/30:   0%|                                            | 0/58 [00:00<?, ?it/s, loss=0.0016]
  Epoch  2/30:   0%|                                            | 0/58 [00:00<?, ?it/s, loss=0.0029]
  Epoch  2/30:   5%|█▊                                  | 3/58 [00:00<00:01, 27.74it/s, loss=0.0029]
  Epoch  2/30:   5%|█▊                                  | 3/58 [00:00<00:01, 27.74it/s, loss=0.0040]
  Epoch  2/30:   5%|█▊                                  | 3/58 [00:00<00:01, 27.74it/s, loss=0.0008]
  Epoch  2/30:   5%|█▊                                  | 3/58 [00:00<00:01, 27.74it/s, loss=0.0024]
  Epoch  2/30:  10%|███▋                                | 6/58 [00:00<00:01, 26.60it/s, loss=0.0024]
  Epoch  2/30:  10%|███▋                                | 6/58 [00:00<00:01, 26.60it/s, loss=0.0019]
  Epoch  2/30:  10%|███▋                                | 6/58 [00:00<00:01, 26.60it/s, loss=0.0040]
  Epoch  2/30:  10%|███▋                                | 6/58 [00:00<00:01, 26.60it/s, loss=0.0012]
  Epoch  2/30:  16%|█████▌                              | 9/58 [00:00<00:01, 25.56it/s, loss=0.0012]
  Epoch  2/30:  16%|█████▌                              | 9/58 [00:00<00:01, 25.56it/s, loss=0.0016]
  Epoch  2/30:  16%|█████▌                              | 9/58 [00:00<00:01, 25.56it/s, loss=0.0007]
  Epoch  2/30:  16%|█████▌                              | 9/58 [00:00<00:01, 25.56it/s, loss=0.0022]
  Epoch  2/30:  21%|███████▏                           | 12/58 [00:00<00:01, 25.57it/s, loss=0.0022]
  Epoch  2/30:  21%|███████▏                           | 12/58 [00:00<00:01, 25.57it/s, loss=0.0007]
  Epoch  2/30:  21%|███████▏                           | 12/58 [00:00<00:01, 25.57it/s, loss=0.0012]
  Epoch  2/30:  21%|███████▏                           | 12/58 [00:00<00:01, 25.57it/s, loss=0.0028]
  Epoch  2/30:  26%|█████████                          | 15/58 [00:00<00:01, 26.95it/s, loss=0.0028]
  Epoch  2/30:  26%|█████████                          | 15/58 [00:00<00:01, 26.95it/s, loss=0.0008]
  Epoch  2/30:  26%|█████████                          | 15/58 [00:00<00:01, 26.95it/s, loss=0.0015]
  Epoch  2/30:  26%|█████████                          | 15/58 [00:00<00:01, 26.95it/s, loss=0.0019]
  Epoch  2/30:  26%|█████████                          | 15/58 [00:00<00:01, 26.95it/s, loss=0.0011]
  Epoch  2/30:  33%|███████████▍                       | 19/58 [00:00<00:01, 29.04it/s, loss=0.0011]
  Epoch  2/30:  33%|███████████▍                       | 19/58 [00:00<00:01, 29.04it/s, loss=0.0029]
  Epoch  2/30:  33%|███████████▍                       | 19/58 [00:00<00:01, 29.04it/s, loss=0.0017]
  Epoch  2/30:  33%|███████████▍                       | 19/58 [00:00<00:01, 29.04it/s, loss=0.0010]
  Epoch  2/30:  38%|█████████████▎                     | 22/58 [00:00<00:01, 28.96it/s, loss=0.0010]
  Epoch  2/30:  38%|█████████████▎                     | 22/58 [00:00<00:01, 28.96it/s, loss=0.0014]
  Epoch  2/30:  38%|█████████████▎                     | 22/58 [00:00<00:01, 28.96it/s, loss=0.0020]
  Epoch  2/30:  38%|█████████████▎                     | 22/58 [00:00<00:01, 28.96it/s, loss=0.0015]
  Epoch  2/30:  43%|███████████████                    | 25/58 [00:00<00:01, 28.25it/s, loss=0.0015]
  Epoch  2/30:  43%|███████████████                    | 25/58 [00:00<00:01, 28.25it/s, loss=0.0016]
  Epoch  2/30:  43%|███████████████                    | 25/58 [00:00<00:01, 28.25it/s, loss=0.0006]
  Epoch  2/30:  43%|███████████████                    | 25/58 [00:01<00:01, 28.25it/s, loss=0.0014]
  Epoch  2/30:  48%|████████████████▉                  | 28/58 [00:01<00:01, 28.70it/s, loss=0.0014]
  Epoch  2/30:  48%|████████████████▉                  | 28/58 [00:01<00:01, 28.70it/s, loss=0.0024]
  Epoch  2/30:  48%|████████████████▉                  | 28/58 [00:01<00:01, 28.70it/s, loss=0.0020]
  Epoch  2/30:  48%|████████████████▉                  | 28/58 [00:01<00:01, 28.70it/s, loss=0.0024]
  Epoch  2/30:  53%|██████████████████▋                | 31/58 [00:01<00:00, 28.35it/s, loss=0.0024]
  Epoch  2/30:  53%|██████████████████▋                | 31/58 [00:01<00:00, 28.35it/s, loss=0.0008]
  Epoch  2/30:  53%|██████████████████▋                | 31/58 [00:01<00:00, 28.35it/s, loss=0.0007]
  Epoch  2/30:  53%|██████████████████▋                | 31/58 [00:01<00:00, 28.35it/s, loss=0.0012]
  Epoch  2/30:  59%|████████████████████▌              | 34/58 [00:01<00:00, 27.52it/s, loss=0.0012]
  Epoch  2/30:  59%|████████████████████▌              | 34/58 [00:01<00:00, 27.52it/s, loss=0.0014]
  Epoch  2/30:  59%|████████████████████▌              | 34/58 [00:01<00:00, 27.52it/s, loss=0.0018]
  Epoch  2/30:  59%|████████████████████▌              | 34/58 [00:01<00:00, 27.52it/s, loss=0.0027]
  Epoch  2/30:  64%|██████████████████████▎            | 37/58 [00:01<00:00, 27.94it/s, loss=0.0027]
  Epoch  2/30:  64%|██████████████████████▎            | 37/58 [00:01<00:00, 27.94it/s, loss=0.0011]
  Epoch  2/30:  64%|██████████████████████▎            | 37/58 [00:01<00:00, 27.94it/s, loss=0.0012]
  Epoch  2/30:  64%|██████████████████████▎            | 37/58 [00:01<00:00, 27.94it/s, loss=0.0028]
  Epoch  2/30:  69%|████████████████████████▏          | 40/58 [00:01<00:00, 28.20it/s, loss=0.0028]
  Epoch  2/30:  69%|████████████████████████▏          | 40/58 [00:01<00:00, 28.20it/s, loss=0.0038]
  Epoch  2/30:  69%|████████████████████████▏          | 40/58 [00:01<00:00, 28.20it/s, loss=0.0021]
  Epoch  2/30:  69%|████████████████████████▏          | 40/58 [00:01<00:00, 28.20it/s, loss=0.0013]
  Epoch  2/30:  74%|█████████████████████████▉         | 43/58 [00:01<00:00, 28.28it/s, loss=0.0013]
  Epoch  2/30:  74%|█████████████████████████▉         | 43/58 [00:01<00:00, 28.28it/s, loss=0.0005]
  Epoch  2/30:  74%|█████████████████████████▉         | 43/58 [00:01<00:00, 28.28it/s, loss=0.0026]
  Epoch  2/30:  74%|█████████████████████████▉         | 43/58 [00:01<00:00, 28.28it/s, loss=0.0012]
  Epoch  2/30:  79%|███████████████████████████▊       | 46/58 [00:01<00:00, 27.84it/s, loss=0.0012]
  Epoch  2/30:  79%|███████████████████████████▊       | 46/58 [00:01<00:00, 27.84it/s, loss=0.0011]
  Epoch  2/30:  79%|███████████████████████████▊       | 46/58 [00:01<00:00, 27.84it/s, loss=0.0011]
  Epoch  2/30:  79%|███████████████████████████▊       | 46/58 [00:01<00:00, 27.84it/s, loss=0.0025]
  Epoch  2/30:  84%|█████████████████████████████▌     | 49/58 [00:01<00:00, 27.30it/s, loss=0.0025]
  Epoch  2/30:  84%|█████████████████████████████▌     | 49/58 [00:01<00:00, 27.30it/s, loss=0.0029]
  Epoch  2/30:  84%|█████████████████████████████▌     | 49/58 [00:01<00:00, 27.30it/s, loss=0.0026]
  Epoch  2/30:  84%|█████████████████████████████▌     | 49/58 [00:01<00:00, 27.30it/s, loss=0.0009]
  Epoch  2/30:  90%|███████████████████████████████▍   | 52/58 [00:01<00:00, 26.42it/s, loss=0.0009]
  Epoch  2/30:  90%|███████████████████████████████▍   | 52/58 [00:01<00:00, 26.42it/s, loss=0.0012]
  Epoch  2/30:  90%|███████████████████████████████▍   | 52/58 [00:01<00:00, 26.42it/s, loss=0.0014]
  Epoch  2/30:  90%|███████████████████████████████▍   | 52/58 [00:01<00:00, 26.42it/s, loss=0.0012]
  Epoch  2/30:  95%|█████████████████████████████████▏ | 55/58 [00:01<00:00, 26.96it/s, loss=0.0012]
  Epoch  2/30:  95%|█████████████████████████████████▏ | 55/58 [00:02<00:00, 26.96it/s, loss=0.0019]
  Epoch  2/30:  95%|█████████████████████████████████▏ | 55/58 [00:02<00:00, 26.96it/s, loss=0.0017]
  Epoch  2/30:  95%|█████████████████████████████████▏ | 55/58 [00:02<00:00, 26.96it/s, loss=0.0004]
                                                                                                    

  Epoch  3/30:   0%|                                                         | 0/58 [00:00<?, ?it/s]
  Epoch  3/30:   0%|                                            | 0/58 [00:00<?, ?it/s, loss=0.0030]
  Epoch  3/30:   0%|                                            | 0/58 [00:00<?, ?it/s, loss=0.0012]
  Epoch  3/30:   0%|                                            | 0/58 [00:00<?, ?it/s, loss=0.0009]
  Epoch  3/30:   0%|                                            | 0/58 [00:00<?, ?it/s, loss=0.0016]
  Epoch  3/30:   7%|██▍                                 | 4/58 [00:00<00:01, 39.98it/s, loss=0.0016]
  Epoch  3/30:   7%|██▍                                 | 4/58 [00:00<00:01, 39.98it/s, loss=0.0009]
  Epoch  3/30:   7%|██▍                                 | 4/58 [00:00<00:01, 39.98it/s, loss=0.0011]
  Epoch  3/30:   7%|██▍                                 | 4/58 [00:00<00:01, 39.98it/s, loss=0.0012]
  Epoch  3/30:   7%|██▍                                 | 4/58 [00:00<00:01, 39.98it/s, loss=0.0030]
  Epoch  3/30:   7%|██▍                                 | 4/58 [00:00<00:01, 39.98it/s, loss=0.0010]
  Epoch  3/30:  16%|█████▌                              | 9/58 [00:00<00:01, 40.61it/s, loss=0.0010]
  Epoch  3/30:  16%|█████▌                              | 9/58 [00:00<00:01, 40.61it/s, loss=0.0012]
  Epoch  3/30:  16%|█████▌                              | 9/58 [00:00<00:01, 40.61it/s, loss=0.0013]
  Epoch  3/30:  16%|█████▌                              | 9/58 [00:00<00:01, 40.61it/s, loss=0.0025]
  Epoch  3/30:  16%|█████▌                              | 9/58 [00:00<00:01, 40.61it/s, loss=0.0010]
  Epoch  3/30:  16%|█████▌                              | 9/58 [00:00<00:01, 40.61it/s, loss=0.0009]
  Epoch  3/30:  24%|████████▍                          | 14/58 [00:00<00:01, 36.91it/s, loss=0.0009]
  Epoch  3/30:  24%|████████▍                          | 14/58 [00:00<00:01, 36.91it/s, loss=0.0012]
  Epoch  3/30:  24%|████████▍                          | 14/58 [00:00<00:01, 36.91it/s, loss=0.0033]
  Epoch  3/30:  24%|████████▍                          | 14/58 [00:00<00:01, 36.91it/s, loss=0.0018]
  Epoch  3/30:  24%|████████▍                          | 14/58 [00:00<00:01, 36.91it/s, loss=0.0008]
  Epoch  3/30:  31%|██████████▊                        | 18/58 [00:00<00:01, 37.36it/s, loss=0.0008]
  Epoch  3/30:  31%|██████████▊                        | 18/58 [00:00<00:01, 37.36it/s, loss=0.0017]
  Epoch  3/30:  31%|██████████▊                        | 18/58 [00:00<00:01, 37.36it/s, loss=0.0014]
  Epoch  3/30:  31%|██████████▊                        | 18/58 [00:00<00:01, 37.36it/s, loss=0.0007]
  Epoch  3/30:  31%|██████████▊                        | 18/58 [00:00<00:01, 37.36it/s, loss=0.0009]
  Epoch  3/30:  38%|█████████████▎                     | 22/58 [00:00<00:00, 36.23it/s, loss=0.0009]
  Epoch  3/30:  38%|█████████████▎                     | 22/58 [00:00<00:00, 36.23it/s, loss=0.0016]
  Epoch  3/30:  38%|█████████████▎                     | 22/58 [00:00<00:00, 36.23it/s, loss=0.0008]
  Epoch  3/30:  38%|█████████████▎                     | 22/58 [00:00<00:00, 36.23it/s, loss=0.0009]
  Epoch  3/30:  38%|█████████████▎                     | 22/58 [00:00<00:00, 36.23it/s, loss=0.0015]
  Epoch  3/30:  45%|███████████████▋                   | 26/58 [00:00<00:00, 37.14it/s, loss=0.0015]
  Epoch  3/30:  45%|███████████████▋                   | 26/58 [00:00<00:00, 37.14it/s, loss=0.0034]
  Epoch  3/30:  45%|███████████████▋                   | 26/58 [00:00<00:00, 37.14it/s, loss=0.0013]
  Epoch  3/30:  45%|███████████████▋                   | 26/58 [00:00<00:00, 37.14it/s, loss=0.0009]
  Epoch  3/30:  45%|███████████████▋                   | 26/58 [00:00<00:00, 37.14it/s, loss=0.0014]
  Epoch  3/30:  52%|██████████████████                 | 30/58 [00:00<00:00, 35.55it/s, loss=0.0014]
  Epoch  3/30:  52%|██████████████████                 | 30/58 [00:00<00:00, 35.55it/s, loss=0.0020]
  Epoch  3/30:  52%|██████████████████                 | 30/58 [00:00<00:00, 35.55it/s, loss=0.0014]
  Epoch  3/30:  52%|██████████████████                 | 30/58 [00:00<00:00, 35.55it/s, loss=0.0007]
  Epoch  3/30:  52%|██████████████████                 | 30/58 [00:00<00:00, 35.55it/s, loss=0.0006]
  Epoch  3/30:  52%|██████████████████                 | 30/58 [00:00<00:00, 35.55it/s, loss=0.0011]
  Epoch  3/30:  60%|█████████████████████              | 35/58 [00:00<00:00, 38.32it/s, loss=0.0011]
  Epoch  3/30:  60%|█████████████████████              | 35/58 [00:00<00:00, 38.32it/s, loss=0.0008]
  Epoch  3/30:  60%|█████████████████████              | 35/58 [00:00<00:00, 38.32it/s, loss=0.0008]
  Epoch  3/30:  60%|█████████████████████              | 35/58 [00:01<00:00, 38.32it/s, loss=0.0007]
  Epoch  3/30:  60%|█████████████████████              | 35/58 [00:01<00:00, 38.32it/s, loss=0.0011]
  Epoch  3/30:  60%|█████████████████████              | 35/58 [00:01<00:00, 38.32it/s, loss=0.0021]
  Epoch  3/30:  69%|████████████████████████▏          | 40/58 [00:01<00:00, 39.53it/s, loss=0.0021]
  Epoch  3/30:  69%|████████████████████████▏          | 40/58 [00:01<00:00, 39.53it/s, loss=0.0019]
  Epoch  3/30:  69%|████████████████████████▏          | 40/58 [00:01<00:00, 39.53it/s, loss=0.0007]
  Epoch  3/30:  69%|████████████████████████▏          | 40/58 [00:01<00:00, 39.53it/s, loss=0.0006]
  Epoch  3/30:  69%|████████████████████████▏          | 40/58 [00:01<00:00, 39.53it/s, loss=0.0009]
  Epoch  3/30:  76%|██████████████████████████▌        | 44/58 [00:01<00:00, 37.18it/s, loss=0.0009]
  Epoch  3/30:  76%|██████████████████████████▌        | 44/58 [00:01<00:00, 37.18it/s, loss=0.0022]
  Epoch  3/30:  76%|██████████████████████████▌        | 44/58 [00:01<00:00, 37.18it/s, loss=0.0009]
  Epoch  3/30:  76%|██████████████████████████▌        | 44/58 [00:01<00:00, 37.18it/s, loss=0.0010]
  Epoch  3/30:  76%|██████████████████████████▌        | 44/58 [00:01<00:00, 37.18it/s, loss=0.0007]
  Epoch  3/30:  83%|████████████████████████████▉      | 48/58 [00:01<00:00, 36.68it/s, loss=0.0007]
  Epoch  3/30:  83%|████████████████████████████▉      | 48/58 [00:01<00:00, 36.68it/s, loss=0.0010]
  Epoch  3/30:  83%|████████████████████████████▉      | 48/58 [00:01<00:00, 36.68it/s, loss=0.0006]
  Epoch  3/30:  83%|████████████████████████████▉      | 48/58 [00:01<00:00, 36.68it/s, loss=0.0016]
  Epoch  3/30:  83%|████████████████████████████▉      | 48/58 [00:01<00:00, 36.68it/s, loss=0.0016]
  Epoch  3/30:  83%|████████████████████████████▉      | 48/58 [00:01<00:00, 36.68it/s, loss=0.0021]
  Epoch  3/30:  91%|███████████████████████████████▉   | 53/58 [00:01<00:00, 39.19it/s, loss=0.0021]
  Epoch  3/30:  91%|███████████████████████████████▉   | 53/58 [00:01<00:00, 39.19it/s, loss=0.0007]
  Epoch  3/30:  91%|███████████████████████████████▉   | 53/58 [00:01<00:00, 39.19it/s, loss=0.0013]
  Epoch  3/30:  91%|███████████████████████████████▉   | 53/58 [00:01<00:00, 39.19it/s, loss=0.0028]
  Epoch  3/30:  91%|███████████████████████████████▉   | 53/58 [00:01<00:00, 39.19it/s, loss=0.0014]
  Epoch  3/30:  98%|██████████████████████████████████▍| 57/58 [00:01<00:00, 36.62it/s, loss=0.0014]
  Epoch  3/30:  98%|██████████████████████████████████▍| 57/58 [00:01<00:00, 36.62it/s, loss=0.0005]
                                                                                                    

  Epoch  4/30:   0%|                                                         | 0/58 [00:00<?, ?it/s]
  Epoch  4/30:   0%|                                            | 0/58 [00:00<?, ?it/s, loss=0.0024]
  Epoch  4/30:   0%|                                            | 0/58 [00:00<?, ?it/s, loss=0.0025]
  Epoch  4/30:   0%|                                            | 0/58 [00:00<?, ?it/s, loss=0.0022]
  Epoch  4/30:   0%|                                            | 0/58 [00:00<?, ?it/s, loss=0.0007]
  Epoch  4/30:   7%|██▍                                 | 4/58 [00:00<00:01, 35.52it/s, loss=0.0007]
  Epoch  4/30:   7%|██▍                                 | 4/58 [00:00<00:01, 35.52it/s, loss=0.0012]
  Epoch  4/30:   7%|██▍                                 | 4/58 [00:00<00:01, 35.52it/s, loss=0.0008]
  Epoch  4/30:   7%|██▍                                 | 4/58 [00:00<00:01, 35.52it/s, loss=0.0006]
  Epoch  4/30:   7%|██▍                                 | 4/58 [00:00<00:01, 35.52it/s, loss=0.0015]
  Epoch  4/30:  14%|████▉                               | 8/58 [00:00<00:01, 33.21it/s, loss=0.0015]
  Epoch  4/30:  14%|████▉                               | 8/58 [00:00<00:01, 33.21it/s, loss=0.0008]
  Epoch  4/30:  14%|████▉                               | 8/58 [00:00<00:01, 33.21it/s, loss=0.0008]
  Epoch  4/30:  14%|████▉                               | 8/58 [00:00<00:01, 33.21it/s, loss=0.0015]
  Epoch  4/30:  14%|████▉                               | 8/58 [00:00<00:01, 33.21it/s, loss=0.0024]
  Epoch  4/30:  21%|███████▏                           | 12/58 [00:00<00:01, 33.68it/s, loss=0.0024]
  Epoch  4/30:  21%|███████▏                           | 12/58 [00:00<00:01, 33.68it/s, loss=0.0006]
  Epoch  4/30:  21%|███████▏                           | 12/58 [00:00<00:01, 33.68it/s, loss=0.0016]
  Epoch  4/30:  21%|███████▏                           | 12/58 [00:00<00:01, 33.68it/s, loss=0.0010]
  Epoch  4/30:  21%|███████▏                           | 12/58 [00:00<00:01, 33.68it/s, loss=0.0013]
  Epoch  4/30:  21%|███████▏                           | 12/58 [00:00<00:01, 33.68it/s, loss=0.0011]
  Epoch  4/30:  29%|██████████▎                        | 17/58 [00:00<00:01, 34.69it/s, loss=0.0011]
  Epoch  4/30:  29%|██████████▎                        | 17/58 [00:00<00:01, 34.69it/s, loss=0.0021]
  Epoch  4/30:  29%|██████████▎                        | 17/58 [00:00<00:01, 34.69it/s, loss=0.0009]
  Epoch  4/30:  29%|██████████▎                        | 17/58 [00:00<00:01, 34.69it/s, loss=0.0016]
  Epoch  4/30:  29%|██████████▎                        | 17/58 [00:00<00:01, 34.69it/s, loss=0.0014]
  Epoch  4/30:  36%|████████████▋                      | 21/58 [00:00<00:01, 34.57it/s, loss=0.0014]
  Epoch  4/30:  36%|████████████▋                      | 21/58 [00:00<00:01, 34.57it/s, loss=0.0025]
  Epoch  4/30:  36%|████████████▋                      | 21/58 [00:00<00:01, 34.57it/s, loss=0.0022]
  Epoch  4/30:  36%|████████████▋                      | 21/58 [00:00<00:01, 34.57it/s, loss=0.0010]
  Epoch  4/30:  36%|████████████▋                      | 21/58 [00:00<00:01, 34.57it/s, loss=0.0007]
  Epoch  4/30:  36%|████████████▋                      | 21/58 [00:00<00:01, 34.57it/s, loss=0.0010]
  Epoch  4/30:  45%|███████████████▋                   | 26/58 [00:00<00:00, 37.01it/s, loss=0.0010]
  Epoch  4/30:  45%|███████████████▋                   | 26/58 [00:00<00:00, 37.01it/s, loss=0.0007]
  Epoch  4/30:  45%|███████████████▋                   | 26/58 [00:00<00:00, 37.01it/s, loss=0.0010]
  Epoch  4/30:  45%|███████████████▋                   | 26/58 [00:00<00:00, 37.01it/s, loss=0.0008]
  Epoch  4/30:  45%|███████████████▋                   | 26/58 [00:00<00:00, 37.01it/s, loss=0.0011]
  Epoch  4/30:  52%|██████████████████                 | 30/58 [00:00<00:00, 33.24it/s, loss=0.0011]
  Epoch  4/30:  52%|██████████████████                 | 30/58 [00:00<00:00, 33.24it/s, loss=0.0008]
  Epoch  4/30:  52%|██████████████████                 | 30/58 [00:00<00:00, 33.24it/s, loss=0.0009]
  Epoch  4/30:  52%|██████████████████                 | 30/58 [00:00<00:00, 33.24it/s, loss=0.0019]
  Epoch  4/30:  52%|██████████████████                 | 30/58 [00:01<00:00, 33.24it/s, loss=0.0012]
  Epoch  4/30:  59%|████████████████████▌              | 34/58 [00:01<00:00, 32.44it/s, loss=0.0012]
  Epoch  4/30:  59%|████████████████████▌              | 34/58 [00:01<00:00, 32.44it/s, loss=0.0019]
  Epoch  4/30:  59%|████████████████████▌              | 34/58 [00:01<00:00, 32.44it/s, loss=0.0005]
  Epoch  4/30:  59%|████████████████████▌              | 34/58 [00:01<00:00, 32.44it/s, loss=0.0007]
  Epoch  4/30:  59%|████████████████████▌              | 34/58 [00:01<00:00, 32.44it/s, loss=0.0022]
  Epoch  4/30:  66%|██████████████████████▉            | 38/58 [00:01<00:00, 31.44it/s, loss=0.0022]
  Epoch  4/30:  66%|██████████████████████▉            | 38/58 [00:01<00:00, 31.44it/s, loss=0.0021]
  Epoch  4/30:  66%|██████████████████████▉            | 38/58 [00:01<00:00, 31.44it/s, loss=0.0013]
  Epoch  4/30:  66%|██████████████████████▉            | 38/58 [00:01<00:00, 31.44it/s, loss=0.0006]
  Epoch  4/30:  66%|██████████████████████▉            | 38/58 [00:01<00:00, 31.44it/s, loss=0.0009]
  Epoch  4/30:  72%|█████████████████████████▎         | 42/58 [00:01<00:00, 30.24it/s, loss=0.0009]
  Epoch  4/30:  72%|█████████████████████████▎         | 42/58 [00:01<00:00, 30.24it/s, loss=0.0006]
  Epoch  4/30:  72%|█████████████████████████▎         | 42/58 [00:01<00:00, 30.24it/s, loss=0.0011]
  Epoch  4/30:  72%|█████████████████████████▎         | 42/58 [00:01<00:00, 30.24it/s, loss=0.0023]
  Epoch  4/30:  72%|█████████████████████████▎         | 42/58 [00:01<00:00, 30.24it/s, loss=0.0005]
  Epoch  4/30:  79%|███████████████████████████▊       | 46/58 [00:01<00:00, 29.68it/s, loss=0.0005]
  Epoch  4/30:  79%|███████████████████████████▊       | 46/58 [00:01<00:00, 29.68it/s, loss=0.0009]
  Epoch  4/30:  79%|███████████████████████████▊       | 46/58 [00:01<00:00, 29.68it/s, loss=0.0018]
  Epoch  4/30:  79%|███████████████████████████▊       | 46/58 [00:01<00:00, 29.68it/s, loss=0.0010]
  Epoch  4/30:  84%|█████████████████████████████▌     | 49/58 [00:01<00:00, 28.84it/s, loss=0.0010]
  Epoch  4/30:  84%|█████████████████████████████▌     | 49/58 [00:01<00:00, 28.84it/s, loss=0.0008]
  Epoch  4/30:  84%|█████████████████████████████▌     | 49/58 [00:01<00:00, 28.84it/s, loss=0.0007]
  Epoch  4/30:  84%|█████████████████████████████▌     | 49/58 [00:01<00:00, 28.84it/s, loss=0.0009]
  Epoch  4/30:  90%|███████████████████████████████▍   | 52/58 [00:01<00:00, 28.84it/s, loss=0.0009]
  Epoch  4/30:  90%|███████████████████████████████▍   | 52/58 [00:01<00:00, 28.84it/s, loss=0.0007]
  Epoch  4/30:  90%|███████████████████████████████▍   | 52/58 [00:01<00:00, 28.84it/s, loss=0.0005]
  Epoch  4/30:  90%|███████████████████████████████▍   | 52/58 [00:01<00:00, 28.84it/s, loss=0.0007]
  Epoch  4/30:  95%|█████████████████████████████████▏ | 55/58 [00:01<00:00, 28.46it/s, loss=0.0007]
  Epoch  4/30:  95%|█████████████████████████████████▏ | 55/58 [00:01<00:00, 28.46it/s, loss=0.0008]
  Epoch  4/30:  95%|█████████████████████████████████▏ | 55/58 [00:01<00:00, 28.46it/s, loss=0.0015]
  Epoch  4/30:  95%|█████████████████████████████████▏ | 55/58 [00:01<00:00, 28.46it/s, loss=0.0002]
  Epoch  4/30: 100%|███████████████████████████████████| 58/58 [00:01<00:00, 28.45it/s, loss=0.0002]
                                                                                                    

  Epoch  5/30:   0%|                                                         | 0/58 [00:00<?, ?it/s]
  Epoch  5/30:   0%|                                            | 0/58 [00:00<?, ?it/s, loss=0.0011]
  Epoch  5/30:   0%|                                            | 0/58 [00:00<?, ?it/s, loss=0.0008]
  Epoch  5/30:   0%|                                            | 0/58 [00:00<?, ?it/s, loss=0.0010]
  Epoch  5/30:   5%|█▊                                  | 3/58 [00:00<00:01, 29.55it/s, loss=0.0010]
  Epoch  5/30:   5%|█▊                                  | 3/58 [00:00<00:01, 29.55it/s, loss=0.0015]
  Epoch  5/30:   5%|█▊                                  | 3/58 [00:00<00:01, 29.55it/s, loss=0.0007]
  Epoch  5/30:   5%|█▊                                  | 3/58 [00:00<00:01, 29.55it/s, loss=0.0006]
  Epoch  5/30:  10%|███▋                                | 6/58 [00:00<00:01, 28.09it/s, loss=0.0006]
  Epoch  5/30:  10%|███▋                                | 6/58 [00:00<00:01, 28.09it/s, loss=0.0023]
  Epoch  5/30:  10%|███▋                                | 6/58 [00:00<00:01, 28.09it/s, loss=0.0011]
  Epoch  5/30:  10%|███▋                                | 6/58 [00:00<00:01, 28.09it/s, loss=0.0005]
  Epoch  5/30:  16%|█████▌                              | 9/58 [00:00<00:01, 28.41it/s, loss=0.0005]
  Epoch  5/30:  16%|█████▌                              | 9/58 [00:00<00:01, 28.41it/s, loss=0.0014]
  Epoch  5/30:  16%|█████▌                              | 9/58 [00:00<00:01, 28.41it/s, loss=0.0017]
  Epoch  5/30:  16%|█████▌                              | 9/58 [00:00<00:01, 28.41it/s, loss=0.0006]
  Epoch  5/30:  21%|███████▏                           | 12/58 [00:00<00:01, 28.92it/s, loss=0.0006]
  Epoch  5/30:  21%|███████▏                           | 12/58 [00:00<00:01, 28.92it/s, loss=0.0008]
  Epoch  5/30:  21%|███████▏                           | 12/58 [00:00<00:01, 28.92it/s, loss=0.0010]
  Epoch  5/30:  21%|███████▏                           | 12/58 [00:00<00:01, 28.92it/s, loss=0.0009]
  Epoch  5/30:  21%|███████▏                           | 12/58 [00:00<00:01, 28.92it/s, loss=0.0014]
  Epoch  5/30:  28%|█████████▋                         | 16/58 [00:00<00:01, 29.39it/s, loss=0.0014]
  Epoch  5/30:  28%|█████████▋                         | 16/58 [00:00<00:01, 29.39it/s, loss=0.0004]
  Epoch  5/30:  28%|█████████▋                         | 16/58 [00:00<00:01, 29.39it/s, loss=0.0006]
  Epoch  5/30:  28%|█████████▋                         | 16/58 [00:00<00:01, 29.39it/s, loss=0.0029]
  Epoch  5/30:  33%|███████████▍                       | 19/58 [00:00<00:01, 28.00it/s, loss=0.0029]
  Epoch  5/30:  33%|███████████▍                       | 19/58 [00:00<00:01, 28.00it/s, loss=0.0006]
  Epoch  5/30:  33%|███████████▍                       | 19/58 [00:00<00:01, 28.00it/s, loss=0.0007]
  Epoch  5/30:  33%|███████████▍                       | 19/58 [00:00<00:01, 28.00it/s, loss=0.0009]
  Epoch  5/30:  38%|█████████████▎                     | 22/58 [00:00<00:01, 25.26it/s, loss=0.0009]
  Epoch  5/30:  38%|█████████████▎                     | 22/58 [00:00<00:01, 25.26it/s, loss=0.0012]
  Epoch  5/30:  38%|█████████████▎                     | 22/58 [00:00<00:01, 25.26it/s, loss=0.0015]
  Epoch  5/30:  38%|█████████████▎                     | 22/58 [00:00<00:01, 25.26it/s, loss=0.0028]
  Epoch  5/30:  43%|███████████████                    | 25/58 [00:00<00:01, 26.30it/s, loss=0.0028]
  Epoch  5/30:  43%|███████████████                    | 25/58 [00:00<00:01, 26.30it/s, loss=0.0030]
  Epoch  5/30:  43%|███████████████                    | 25/58 [00:00<00:01, 26.30it/s, loss=0.0006]
  Epoch  5/30:  43%|███████████████                    | 25/58 [00:01<00:01, 26.30it/s, loss=0.0017]
  Epoch  5/30:  43%|███████████████                    | 25/58 [00:01<00:01, 26.30it/s, loss=0.0017]
  Epoch  5/30:  50%|█████████████████▌                 | 29/58 [00:01<00:00, 29.18it/s, loss=0.0017]
  Epoch  5/30:  50%|█████████████████▌                 | 29/58 [00:01<00:00, 29.18it/s, loss=0.0014]
  Epoch  5/30:  50%|█████████████████▌                 | 29/58 [00:01<00:00, 29.18it/s, loss=0.0011]
  Epoch  5/30:  50%|█████████████████▌                 | 29/58 [00:01<00:00, 29.18it/s, loss=0.0006]
  Epoch  5/30:  55%|███████████████████▎               | 32/58 [00:01<00:00, 28.90it/s, loss=0.0006]
  Epoch  5/30:  55%|███████████████████▎               | 32/58 [00:01<00:00, 28.90it/s, loss=0.0004]
  Epoch  5/30:  55%|███████████████████▎               | 32/58 [00:01<00:00, 28.90it/s, loss=0.0011]
  Epoch  5/30:  55%|███████████████████▎               | 32/58 [00:01<00:00, 28.90it/s, loss=0.0010]
  Epoch  5/30:  60%|█████████████████████              | 35/58 [00:01<00:00, 27.79it/s, loss=0.0010]
  Epoch  5/30:  60%|█████████████████████              | 35/58 [00:01<00:00, 27.79it/s, loss=0.0018]
  Epoch  5/30:  60%|█████████████████████              | 35/58 [00:01<00:00, 27.79it/s, loss=0.0010]
  Epoch  5/30:  60%|█████████████████████              | 35/58 [00:01<00:00, 27.79it/s, loss=0.0005]
  Epoch  5/30:  66%|██████████████████████▉            | 38/58 [00:01<00:00, 27.68it/s, loss=0.0005]
  Epoch  5/30:  66%|██████████████████████▉            | 38/58 [00:01<00:00, 27.68it/s, loss=0.0011]
  Epoch  5/30:  66%|██████████████████████▉            | 38/58 [00:01<00:00, 27.68it/s, loss=0.0007]
  Epoch  5/30:  66%|██████████████████████▉            | 38/58 [00:01<00:00, 27.68it/s, loss=0.0012]
  Epoch  5/30:  66%|██████████████████████▉            | 38/58 [00:01<00:00, 27.68it/s, loss=0.0017]
  Epoch  5/30:  72%|█████████████████████████▎         | 42/58 [00:01<00:00, 29.40it/s, loss=0.0017]
  Epoch  5/30:  72%|█████████████████████████▎         | 42/58 [00:01<00:00, 29.40it/s, loss=0.0006]
  Epoch  5/30:  72%|█████████████████████████▎         | 42/58 [00:01<00:00, 29.40it/s, loss=0.0008]
  Epoch  5/30:  72%|█████████████████████████▎         | 42/58 [00:01<00:00, 29.40it/s, loss=0.0005]
  Epoch  5/30:  72%|█████████████████████████▎         | 42/58 [00:01<00:00, 29.40it/s, loss=0.0004]
  Epoch  5/30:  79%|███████████████████████████▊       | 46/58 [00:01<00:00, 30.36it/s, loss=0.0004]
  Epoch  5/30:  79%|███████████████████████████▊       | 46/58 [00:01<00:00, 30.36it/s, loss=0.0016]
  Epoch  5/30:  79%|███████████████████████████▊       | 46/58 [00:01<00:00, 30.36it/s, loss=0.0009]
  Epoch  5/30:  79%|███████████████████████████▊       | 46/58 [00:01<00:00, 30.36it/s, loss=0.0008]
  Epoch  5/30:  79%|███████████████████████████▊       | 46/58 [00:01<00:00, 30.36it/s, loss=0.0013]
  Epoch  5/30:  86%|██████████████████████████████▏    | 50/58 [00:01<00:00, 31.49it/s, loss=0.0013]
  Epoch  5/30:  86%|██████████████████████████████▏    | 50/58 [00:01<00:00, 31.49it/s, loss=0.0007]
  Epoch  5/30:  86%|██████████████████████████████▏    | 50/58 [00:01<00:00, 31.49it/s, loss=0.0012]
  Epoch  5/30:  86%|██████████████████████████████▏    | 50/58 [00:01<00:00, 31.49it/s, loss=0.0021]
  Epoch  5/30:  86%|██████████████████████████████▏    | 50/58 [00:01<00:00, 31.49it/s, loss=0.0007]
  Epoch  5/30:  93%|████████████████████████████████▌  | 54/58 [00:01<00:00, 33.48it/s, loss=0.0007]
  Epoch  5/30:  93%|████████████████████████████████▌  | 54/58 [00:01<00:00, 33.48it/s, loss=0.0008]
  Epoch  5/30:  93%|████████████████████████████████▌  | 54/58 [00:01<00:00, 33.48it/s, loss=0.0007]
  Epoch  5/30:  93%|████████████████████████████████▌  | 54/58 [00:01<00:00, 33.48it/s, loss=0.0010]
  Epoch  5/30:  93%|████████████████████████████████▌  | 54/58 [00:01<00:00, 33.48it/s, loss=0.0005]
                                                                                                    
  Epoch  5/30 │ Loss: 0.0011 │ T+1: 0.7953 │ T+2: 0.4057 │ T+3: 0.2885 ★ NEW BEST

  Epoch  6/30:   0%|                                                         | 0/58 [00:00<?, ?it/s]
  Epoch  6/30:   0%|                                            | 0/58 [00:00<?, ?it/s, loss=0.0012]
  Epoch  6/30:   0%|                                            | 0/58 [00:00<?, ?it/s, loss=0.0003]
  Epoch  6/30:   0%|                                            | 0/58 [00:00<?, ?it/s, loss=0.0003]
  Epoch  6/30:   0%|                                            | 0/58 [00:00<?, ?it/s, loss=0.0006]
  Epoch  6/30:   7%|██▍                                 | 4/58 [00:00<00:01, 34.20it/s, loss=0.0006]
  Epoch  6/30:   7%|██▍                                 | 4/58 [00:00<00:01, 34.20it/s, loss=0.0021]
  Epoch  6/30:   7%|██▍                                 | 4/58 [00:00<00:01, 34.20it/s, loss=0.0016]
  Epoch  6/30:   7%|██▍                                 | 4/58 [00:00<00:01, 34.20it/s, loss=0.0012]
  Epoch  6/30:   7%|██▍                                 | 4/58 [00:00<00:01, 34.20it/s, loss=0.0008]
  Epoch  6/30:  14%|████▉                               | 8/58 [00:00<00:01, 34.15it/s, loss=0.0008]
  Epoch  6/30:  14%|████▉                               | 8/58 [00:00<00:01, 34.15it/s, loss=0.0007]
  Epoch  6/30:  14%|████▉                               | 8/58 [00:00<00:01, 34.15it/s, loss=0.0018]
  Epoch  6/30:  14%|████▉                               | 8/58 [00:00<00:01, 34.15it/s, loss=0.0005]
  Epoch  6/30:  14%|████▉                               | 8/58 [00:00<00:01, 34.15it/s, loss=0.0012]
  Epoch  6/30:  21%|███████▏                           | 12/58 [00:00<00:01, 31.74it/s, loss=0.0012]
  Epoch  6/30:  21%|███████▏                           | 12/58 [00:00<00:01, 31.74it/s, loss=0.0008]
  Epoch  6/30:  21%|███████▏                           | 12/58 [00:00<00:01, 31.74it/s, loss=0.0024]
  Epoch  6/30:  21%|███████▏                           | 12/58 [00:00<00:01, 31.74it/s, loss=0.0022]
  Epoch  6/30:  21%|███████▏                           | 12/58 [00:00<00:01, 31.74it/s, loss=0.0005]
  Epoch  6/30:  28%|█████████▋                         | 16/58 [00:00<00:01, 29.52it/s, loss=0.0005]
  Epoch  6/30:  28%|█████████▋                         | 16/58 [00:00<00:01, 29.52it/s, loss=0.0004]
  Epoch  6/30:  28%|█████████▋                         | 16/58 [00:00<00:01, 29.52it/s, loss=0.0016]
  Epoch  6/30:  28%|█████████▋                         | 16/58 [00:00<00:01, 29.52it/s, loss=0.0007]
  Epoch  6/30:  33%|███████████▍                       | 19/58 [00:00<00:01, 28.35it/s, loss=0.0007]
  Epoch  6/30:  33%|███████████▍                       | 19/58 [00:00<00:01, 28.35it/s, loss=0.0009]
  Epoch  6/30:  33%|███████████▍                       | 19/58 [00:00<00:01, 28.35it/s, loss=0.0006]
  Epoch  6/30:  33%|███████████▍                       | 19/58 [00:00<00:01, 28.35it/s, loss=0.0005]
  Epoch  6/30:  38%|█████████████▎                     | 22/58 [00:00<00:01, 28.27it/s, loss=0.0005]
  Epoch  6/30:  38%|█████████████▎                     | 22/58 [00:00<00:01, 28.27it/s, loss=0.0027]
  Epoch  6/30:  38%|█████████████▎                     | 22/58 [00:00<00:01, 28.27it/s, loss=0.0028]
  Epoch  6/30:  38%|█████████████▎                     | 22/58 [00:00<00:01, 28.27it/s, loss=0.0005]
  Epoch  6/30:  43%|███████████████                    | 25/58 [00:00<00:01, 27.81it/s, loss=0.0005]
  Epoch  6/30:  43%|███████████████                    | 25/58 [00:00<00:01, 27.81it/s, loss=0.0022]
  Epoch  6/30:  43%|███████████████                    | 25/58 [00:00<00:01, 27.81it/s, loss=0.0005]
  Epoch  6/30:  43%|███████████████                    | 25/58 [00:00<00:01, 27.81it/s, loss=0.0007]
  Epoch  6/30:  43%|███████████████                    | 25/58 [00:00<00:01, 27.81it/s, loss=0.0019]
  Epoch  6/30:  50%|█████████████████▌                 | 29/58 [00:00<00:00, 29.50it/s, loss=0.0019]
  Epoch  6/30:  50%|█████████████████▌                 | 29/58 [00:01<00:00, 29.50it/s, loss=0.0010]
  Epoch  6/30:  50%|█████████████████▌                 | 29/58 [00:01<00:00, 29.50it/s, loss=0.0011]
  Epoch  6/30:  50%|█████████████████▌                 | 29/58 [00:01<00:00, 29.50it/s, loss=0.0012]
  Epoch  6/30:  55%|███████████████████▎               | 32/58 [00:01<00:00, 29.21it/s, loss=0.0012]
  Epoch  6/30:  55%|███████████████████▎               | 32/58 [00:01<00:00, 29.21it/s, loss=0.0010]
  Epoch  6/30:  55%|███████████████████▎               | 32/58 [00:01<00:00, 29.21it/s, loss=0.0008]
  Epoch  6/30:  55%|███████████████████▎               | 32/58 [00:01<00:00, 29.21it/s, loss=0.0018]
  Epoch  6/30:  60%|█████████████████████              | 35/58 [00:01<00:00, 29.33it/s, loss=0.0018]
  Epoch  6/30:  60%|█████████████████████              | 35/58 [00:01<00:00, 29.33it/s, loss=0.0006]
  Epoch  6/30:  60%|█████████████████████              | 35/58 [00:01<00:00, 29.33it/s, loss=0.0006]
  Epoch  6/30:  60%|█████████████████████              | 35/58 [00:01<00:00, 29.33it/s, loss=0.0012]
  Epoch  6/30:  66%|██████████████████████▉            | 38/58 [00:01<00:00, 29.43it/s, loss=0.0012]
  Epoch  6/30:  66%|██████████████████████▉            | 38/58 [00:01<00:00, 29.43it/s, loss=0.0024]
  Epoch  6/30:  66%|██████████████████████▉            | 38/58 [00:01<00:00, 29.43it/s, loss=0.0005]
  Epoch  6/30:  66%|██████████████████████▉            | 38/58 [00:01<00:00, 29.43it/s, loss=0.0014]
  Epoch  6/30:  66%|██████████████████████▉            | 38/58 [00:01<00:00, 29.43it/s, loss=0.0007]
  Epoch  6/30:  72%|█████████████████████████▎         | 42/58 [00:01<00:00, 29.93it/s, loss=0.0007]
  Epoch  6/30:  72%|█████████████████████████▎         | 42/58 [00:01<00:00, 29.93it/s, loss=0.0007]
  Epoch  6/30:  72%|█████████████████████████▎         | 42/58 [00:01<00:00, 29.93it/s, loss=0.0013]
  Epoch  6/30:  72%|█████████████████████████▎         | 42/58 [00:01<00:00, 29.93it/s, loss=0.0008]
  Epoch  6/30:  78%|███████████████████████████▏       | 45/58 [00:01<00:00, 28.13it/s, loss=0.0008]
  Epoch  6/30:  78%|███████████████████████████▏       | 45/58 [00:01<00:00, 28.13it/s, loss=0.0005]
  Epoch  6/30:  78%|███████████████████████████▏       | 45/58 [00:01<00:00, 28.13it/s, loss=0.0006]
  Epoch  6/30:  78%|███████████████████████████▏       | 45/58 [00:01<00:00, 28.13it/s, loss=0.0011]
  Epoch  6/30:  83%|████████████████████████████▉      | 48/58 [00:01<00:00, 28.61it/s, loss=0.0011]
  Epoch  6/30:  83%|████████████████████████████▉      | 48/58 [00:01<00:00, 28.61it/s, loss=0.0008]
  Epoch  6/30:  83%|████████████████████████████▉      | 48/58 [00:01<00:00, 28.61it/s, loss=0.0007]
  Epoch  6/30:  83%|████████████████████████████▉      | 48/58 [00:01<00:00, 28.61it/s, loss=0.0014]
  Epoch  6/30:  83%|████████████████████████████▉      | 48/58 [00:01<00:00, 28.61it/s, loss=0.0004]
  Epoch  6/30:  90%|███████████████████████████████▍   | 52/58 [00:01<00:00, 30.36it/s, loss=0.0004]
  Epoch  6/30:  90%|███████████████████████████████▍   | 52/58 [00:01<00:00, 30.36it/s, loss=0.0006]
  Epoch  6/30:  90%|███████████████████████████████▍   | 52/58 [00:01<00:00, 30.36it/s, loss=0.0011]
  Epoch  6/30:  90%|███████████████████████████████▍   | 52/58 [00:01<00:00, 30.36it/s, loss=0.0011]
  Epoch  6/30:  90%|███████████████████████████████▍   | 52/58 [00:01<00:00, 30.36it/s, loss=0.0006]
  Epoch  6/30:  97%|█████████████████████████████████▊ | 56/58 [00:01<00:00, 24.99it/s, loss=0.0006]
  Epoch  6/30:  97%|█████████████████████████████████▊ | 56/58 [00:02<00:00, 24.99it/s, loss=0.0010]
  Epoch  6/30:  97%|█████████████████████████████████▊ | 56/58 [00:02<00:00, 24.99it/s, loss=0.0287]
                                                                                                    

  Epoch  7/30:   0%|                                                         | 0/58 [00:00<?, ?it/s]
  Epoch  7/30:   0%|                                            | 0/58 [00:00<?, ?it/s, loss=0.0012]
  Epoch  7/30:   0%|                                            | 0/58 [00:00<?, ?it/s, loss=0.0017]
  Epoch  7/30:   0%|                                            | 0/58 [00:00<?, ?it/s, loss=0.0013]
  Epoch  7/30:   0%|                                            | 0/58 [00:00<?, ?it/s, loss=0.0010]
  Epoch  7/30:   0%|                                            | 0/58 [00:00<?, ?it/s, loss=0.0010]
  Epoch  7/30:   9%|███                                 | 5/58 [00:00<00:01, 39.13it/s, loss=0.0010]
  Epoch  7/30:   9%|███                                 | 5/58 [00:00<00:01, 39.13it/s, loss=0.0006]
  Epoch  7/30:   9%|███                                 | 5/58 [00:00<00:01, 39.13it/s, loss=0.0008]
  Epoch  7/30:   9%|███                                 | 5/58 [00:00<00:01, 39.13it/s, loss=0.0012]
  Epoch  7/30:   9%|███                                 | 5/58 [00:00<00:01, 39.13it/s, loss=0.0028]
  Epoch  7/30:  16%|█████▌                              | 9/58 [00:00<00:01, 39.43it/s, loss=0.0028]
  Epoch  7/30:  16%|█████▌                              | 9/58 [00:00<00:01, 39.43it/s, loss=0.0012]
  Epoch  7/30:  16%|█████▌                              | 9/58 [00:00<00:01, 39.43it/s, loss=0.0009]
  Epoch  7/30:  16%|█████▌                              | 9/58 [00:00<00:01, 39.43it/s, loss=0.0010]
  Epoch  7/30:  16%|█████▌                              | 9/58 [00:00<00:01, 39.43it/s, loss=0.0024]
  Epoch  7/30:  22%|███████▊                           | 13/58 [00:00<00:01, 34.75it/s, loss=0.0024]
  Epoch  7/30:  22%|███████▊                           | 13/58 [00:00<00:01, 34.75it/s, loss=0.0013]
  Epoch  7/30:  22%|███████▊                           | 13/58 [00:00<00:01, 34.75it/s, loss=0.0014]
  Epoch  7/30:  22%|███████▊                           | 13/58 [00:00<00:01, 34.75it/s, loss=0.0013]
  Epoch  7/30:  22%|███████▊                           | 13/58 [00:00<00:01, 34.75it/s, loss=0.0009]
  Epoch  7/30:  29%|██████████▎                        | 17/58 [00:00<00:01, 34.65it/s, loss=0.0009]
  Epoch  7/30:  29%|██████████▎                        | 17/58 [00:00<00:01, 34.65it/s, loss=0.0007]
  Epoch  7/30:  29%|██████████▎                        | 17/58 [00:00<00:01, 34.65it/s, loss=0.0011]
  Epoch  7/30:  29%|██████████▎                        | 17/58 [00:00<00:01, 34.65it/s, loss=0.0007]
  Epoch  7/30:  29%|██████████▎                        | 17/58 [00:00<00:01, 34.65it/s, loss=0.0010]
  Epoch  7/30:  36%|████████████▋                      | 21/58 [00:00<00:01, 35.80it/s, loss=0.0010]
  Epoch  7/30:  36%|████████████▋                      | 21/58 [00:00<00:01, 35.80it/s, loss=0.0008]
  Epoch  7/30:  36%|████████████▋                      | 21/58 [00:00<00:01, 35.80it/s, loss=0.0011]
  Epoch  7/30:  36%|████████████▋                      | 21/58 [00:00<00:01, 35.80it/s, loss=0.0014]
  Epoch  7/30:  36%|████████████▋                      | 21/58 [00:00<00:01, 35.80it/s, loss=0.0015]
  Epoch  7/30:  43%|███████████████                    | 25/58 [00:00<00:00, 34.43it/s, loss=0.0015]
  Epoch  7/30:  43%|███████████████                    | 25/58 [00:00<00:00, 34.43it/s, loss=0.0010]
  Epoch  7/30:  43%|███████████████                    | 25/58 [00:00<00:00, 34.43it/s, loss=0.0008]
  Epoch  7/30:  43%|███████████████                    | 25/58 [00:00<00:00, 34.43it/s, loss=0.0005]
  Epoch  7/30:  43%|███████████████                    | 25/58 [00:00<00:00, 34.43it/s, loss=0.0007]
  Epoch  7/30:  50%|█████████████████▌                 | 29/58 [00:00<00:00, 34.75it/s, loss=0.0007]
  Epoch  7/30:  50%|█████████████████▌                 | 29/58 [00:00<00:00, 34.75it/s, loss=0.0006]
  Epoch  7/30:  50%|█████████████████▌                 | 29/58 [00:00<00:00, 34.75it/s, loss=0.0011]
  Epoch  7/30:  50%|█████████████████▌                 | 29/58 [00:00<00:00, 34.75it/s, loss=0.0012]
  Epoch  7/30:  50%|█████████████████▌                 | 29/58 [00:00<00:00, 34.75it/s, loss=0.0015]
  Epoch  7/30:  57%|███████████████████▉               | 33/58 [00:00<00:00, 34.27it/s, loss=0.0015]
  Epoch  7/30:  57%|███████████████████▉               | 33/58 [00:00<00:00, 34.27it/s, loss=0.0005]
  Epoch  7/30:  57%|███████████████████▉               | 33/58 [00:01<00:00, 34.27it/s, loss=0.0006]
  Epoch  7/30:  57%|███████████████████▉               | 33/58 [00:01<00:00, 34.27it/s, loss=0.0015]
  Epoch  7/30:  57%|███████████████████▉               | 33/58 [00:01<00:00, 34.27it/s, loss=0.0009]
  Epoch  7/30:  64%|██████████████████████▎            | 37/58 [00:01<00:00, 32.69it/s, loss=0.0009]
  Epoch  7/30:  64%|██████████████████████▎            | 37/58 [00:01<00:00, 32.69it/s, loss=0.0009]
  Epoch  7/30:  64%|██████████████████████▎            | 37/58 [00:01<00:00, 32.69it/s, loss=0.0023]
  Epoch  7/30:  64%|██████████████████████▎            | 37/58 [00:01<00:00, 32.69it/s, loss=0.0009]
  Epoch  7/30:  64%|██████████████████████▎            | 37/58 [00:01<00:00, 32.69it/s, loss=0.0007]
  Epoch  7/30:  71%|████████████████████████▋          | 41/58 [00:01<00:00, 30.97it/s, loss=0.0007]
  Epoch  7/30:  71%|████████████████████████▋          | 41/58 [00:01<00:00, 30.97it/s, loss=0.0013]
  Epoch  7/30:  71%|████████████████████████▋          | 41/58 [00:01<00:00, 30.97it/s, loss=0.0007]
  Epoch  7/30:  71%|████████████████████████▋          | 41/58 [00:01<00:00, 30.97it/s, loss=0.0009]
  Epoch  7/30:  71%|████████████████████████▋          | 41/58 [00:01<00:00, 30.97it/s, loss=0.0006]
  Epoch  7/30:  78%|███████████████████████████▏       | 45/58 [00:01<00:00, 30.30it/s, loss=0.0006]
  Epoch  7/30:  78%|███████████████████████████▏       | 45/58 [00:01<00:00, 30.30it/s, loss=0.0005]
  Epoch  7/30:  78%|███████████████████████████▏       | 45/58 [00:01<00:00, 30.30it/s, loss=0.0006]
  Epoch  7/30:  78%|███████████████████████████▏       | 45/58 [00:01<00:00, 30.30it/s, loss=0.0021]
  Epoch  7/30:  78%|███████████████████████████▏       | 45/58 [00:01<00:00, 30.30it/s, loss=0.0020]
  Epoch  7/30:  84%|█████████████████████████████▌     | 49/58 [00:01<00:00, 29.46it/s, loss=0.0020]
  Epoch  7/30:  84%|█████████████████████████████▌     | 49/58 [00:01<00:00, 29.46it/s, loss=0.0007]
  Epoch  7/30:  84%|█████████████████████████████▌     | 49/58 [00:01<00:00, 29.46it/s, loss=0.0018]
  Epoch  7/30:  84%|█████████████████████████████▌     | 49/58 [00:01<00:00, 29.46it/s, loss=0.0005]
  Epoch  7/30:  84%|█████████████████████████████▌     | 49/58 [00:01<00:00, 29.46it/s, loss=0.0005]
  Epoch  7/30:  91%|███████████████████████████████▉   | 53/58 [00:01<00:00, 31.23it/s, loss=0.0005]
  Epoch  7/30:  91%|███████████████████████████████▉   | 53/58 [00:01<00:00, 31.23it/s, loss=0.0019]
  Epoch  7/30:  91%|███████████████████████████████▉   | 53/58 [00:01<00:00, 31.23it/s, loss=0.0015]
  Epoch  7/30:  91%|███████████████████████████████▉   | 53/58 [00:01<00:00, 31.23it/s, loss=0.0020]
  Epoch  7/30:  91%|███████████████████████████████▉   | 53/58 [00:01<00:00, 31.23it/s, loss=0.0004]
  Epoch  7/30:  98%|██████████████████████████████████▍| 57/58 [00:01<00:00, 32.00it/s, loss=0.0004]
  Epoch  7/30:  98%|██████████████████████████████████▍| 57/58 [00:01<00:00, 32.00it/s, loss=0.0002]
                                                                                                    

  Epoch  8/30:   0%|                                                         | 0/58 [00:00<?, ?it/s]
  Epoch  8/30:   0%|                                            | 0/58 [00:00<?, ?it/s, loss=0.0008]
  Epoch  8/30:   0%|                                            | 0/58 [00:00<?, ?it/s, loss=0.0009]
  Epoch  8/30:   0%|                                            | 0/58 [00:00<?, ?it/s, loss=0.0009]
  Epoch  8/30:   0%|                                            | 0/58 [00:00<?, ?it/s, loss=0.0007]
  Epoch  8/30:   7%|██▍                                 | 4/58 [00:00<00:01, 32.24it/s, loss=0.0007]
  Epoch  8/30:   7%|██▍                                 | 4/58 [00:00<00:01, 32.24it/s, loss=0.0007]
  Epoch  8/30:   7%|██▍                                 | 4/58 [00:00<00:01, 32.24it/s, loss=0.0005]
  Epoch  8/30:   7%|██▍                                 | 4/58 [00:00<00:01, 32.24it/s, loss=0.0010]
  Epoch  8/30:   7%|██▍                                 | 4/58 [00:00<00:01, 32.24it/s, loss=0.0005]
  Epoch  8/30:  14%|████▉                               | 8/58 [00:00<00:01, 34.74it/s, loss=0.0005]
  Epoch  8/30:  14%|████▉                               | 8/58 [00:00<00:01, 34.74it/s, loss=0.0014]
  Epoch  8/30:  14%|████▉                               | 8/58 [00:00<00:01, 34.74it/s, loss=0.0016]
  Epoch  8/30:  14%|████▉                               | 8/58 [00:00<00:01, 34.74it/s, loss=0.0004]
  Epoch  8/30:  14%|████▉                               | 8/58 [00:00<00:01, 34.74it/s, loss=0.0014]
  Epoch  8/30:  21%|███████▏                           | 12/58 [00:00<00:01, 36.04it/s, loss=0.0014]
  Epoch  8/30:  21%|███████▏                           | 12/58 [00:00<00:01, 36.04it/s, loss=0.0018]
  Epoch  8/30:  21%|███████▏                           | 12/58 [00:00<00:01, 36.04it/s, loss=0.0016]
  Epoch  8/30:  21%|███████▏                           | 12/58 [00:00<00:01, 36.04it/s, loss=0.0006]
  Epoch  8/30:  21%|███████▏                           | 12/58 [00:00<00:01, 36.04it/s, loss=0.0006]
  Epoch  8/30:  28%|█████████▋                         | 16/58 [00:00<00:01, 34.14it/s, loss=0.0006]
  Epoch  8/30:  28%|█████████▋                         | 16/58 [00:00<00:01, 34.14it/s, loss=0.0003]
  Epoch  8/30:  28%|█████████▋                         | 16/58 [00:00<00:01, 34.14it/s, loss=0.0005]
  Epoch  8/30:  28%|█████████▋                         | 16/58 [00:00<00:01, 34.14it/s, loss=0.0009]
  Epoch  8/30:  28%|█████████▋                         | 16/58 [00:00<00:01, 34.14it/s, loss=0.0005]
  Epoch  8/30:  34%|████████████                       | 20/58 [00:00<00:01, 33.84it/s, loss=0.0005]
  Epoch  8/30:  34%|████████████                       | 20/58 [00:00<00:01, 33.84it/s, loss=0.0012]
  Epoch  8/30:  34%|████████████                       | 20/58 [00:00<00:01, 33.84it/s, loss=0.0017]
  Epoch  8/30:  34%|████████████                       | 20/58 [00:00<00:01, 33.84it/s, loss=0.0017]
  Epoch  8/30:  34%|████████████                       | 20/58 [00:00<00:01, 33.84it/s, loss=0.0009]
  Epoch  8/30:  34%|████████████                       | 20/58 [00:00<00:01, 33.84it/s, loss=0.0004]
  Epoch  8/30:  43%|███████████████                    | 25/58 [00:00<00:00, 35.35it/s, loss=0.0004]
  Epoch  8/30:  43%|███████████████                    | 25/58 [00:00<00:00, 35.35it/s, loss=0.0005]
  Epoch  8/30:  43%|███████████████                    | 25/58 [00:00<00:00, 35.35it/s, loss=0.0007]
  Epoch  8/30:  43%|███████████████                    | 25/58 [00:00<00:00, 35.35it/s, loss=0.0019]
  Epoch  8/30:  43%|███████████████                    | 25/58 [00:00<00:00, 35.35it/s, loss=0.0009]
  Epoch  8/30:  50%|█████████████████▌                 | 29/58 [00:00<00:00, 34.89it/s, loss=0.0009]
  Epoch  8/30:  50%|█████████████████▌                 | 29/58 [00:00<00:00, 34.89it/s, loss=0.0012]
  Epoch  8/30:  50%|█████████████████▌                 | 29/58 [00:00<00:00, 34.89it/s, loss=0.0010]
  Epoch  8/30:  50%|█████████████████▌                 | 29/58 [00:00<00:00, 34.89it/s, loss=0.0005]
  Epoch  8/30:  50%|█████████████████▌                 | 29/58 [00:00<00:00, 34.89it/s, loss=0.0007]
  Epoch  8/30:  57%|███████████████████▉               | 33/58 [00:00<00:00, 31.81it/s, loss=0.0007]
  Epoch  8/30:  57%|███████████████████▉               | 33/58 [00:01<00:00, 31.81it/s, loss=0.0008]
  Epoch  8/30:  57%|███████████████████▉               | 33/58 [00:01<00:00, 31.81it/s, loss=0.0007]
  Epoch  8/30:  57%|███████████████████▉               | 33/58 [00:01<00:00, 31.81it/s, loss=0.0022]
  Epoch  8/30:  57%|███████████████████▉               | 33/58 [00:01<00:00, 31.81it/s, loss=0.0004]
  Epoch  8/30:  64%|██████████████████████▎            | 37/58 [00:01<00:00, 31.68it/s, loss=0.0004]
  Epoch  8/30:  64%|██████████████████████▎            | 37/58 [00:01<00:00, 31.68it/s, loss=0.0011]
  Epoch  8/30:  64%|██████████████████████▎            | 37/58 [00:01<00:00, 31.68it/s, loss=0.0004]
  Epoch  8/30:  64%|██████████████████████▎            | 37/58 [00:01<00:00, 31.68it/s, loss=0.0005]
  Epoch  8/30:  64%|██████████████████████▎            | 37/58 [00:01<00:00, 31.68it/s, loss=0.0009]
  Epoch  8/30:  64%|██████████████████████▎            | 37/58 [00:01<00:00, 31.68it/s, loss=0.0007]
  Epoch  8/30:  72%|█████████████████████████▎         | 42/58 [00:01<00:00, 34.06it/s, loss=0.0007]
  Epoch  8/30:  72%|█████████████████████████▎         | 42/58 [00:01<00:00, 34.06it/s, loss=0.0016]
  Epoch  8/30:  72%|█████████████████████████▎         | 42/58 [00:01<00:00, 34.06it/s, loss=0.0005]
  Epoch  8/30:  72%|█████████████████████████▎         | 42/58 [00:01<00:00, 34.06it/s, loss=0.0018]
  Epoch  8/30:  72%|█████████████████████████▎         | 42/58 [00:01<00:00, 34.06it/s, loss=0.0004]
  Epoch  8/30:  79%|███████████████████████████▊       | 46/58 [00:01<00:00, 33.68it/s, loss=0.0004]
  Epoch  8/30:  79%|███████████████████████████▊       | 46/58 [00:01<00:00, 33.68it/s, loss=0.0004]
  Epoch  8/30:  79%|███████████████████████████▊       | 46/58 [00:01<00:00, 33.68it/s, loss=0.0011]
  Epoch  8/30:  79%|███████████████████████████▊       | 46/58 [00:01<00:00, 33.68it/s, loss=0.0021]
  Epoch  8/30:  79%|███████████████████████████▊       | 46/58 [00:01<00:00, 33.68it/s, loss=0.0014]
  Epoch  8/30:  86%|██████████████████████████████▏    | 50/58 [00:01<00:00, 34.11it/s, loss=0.0014]
  Epoch  8/30:  86%|██████████████████████████████▏    | 50/58 [00:01<00:00, 34.11it/s, loss=0.0017]
  Epoch  8/30:  86%|██████████████████████████████▏    | 50/58 [00:01<00:00, 34.11it/s, loss=0.0010]
  Epoch  8/30:  86%|██████████████████████████████▏    | 50/58 [00:01<00:00, 34.11it/s, loss=0.0005]
  Epoch  8/30:  86%|██████████████████████████████▏    | 50/58 [00:01<00:00, 34.11it/s, loss=0.0007]
  Epoch  8/30:  93%|████████████████████████████████▌  | 54/58 [00:01<00:00, 33.95it/s, loss=0.0007]
  Epoch  8/30:  93%|████████████████████████████████▌  | 54/58 [00:01<00:00, 33.95it/s, loss=0.0010]
  Epoch  8/30:  93%|████████████████████████████████▌  | 54/58 [00:01<00:00, 33.95it/s, loss=0.0034]
  Epoch  8/30:  93%|████████████████████████████████▌  | 54/58 [00:01<00:00, 33.95it/s, loss=0.0013]
  Epoch  8/30:  93%|████████████████████████████████▌  | 54/58 [00:01<00:00, 33.95it/s, loss=0.0003]
  Epoch  8/30: 100%|███████████████████████████████████| 58/58 [00:01<00:00, 33.23it/s, loss=0.0003]
                                                                                                    

  Epoch  9/30:   0%|                                                         | 0/58 [00:00<?, ?it/s]
  Epoch  9/30:   0%|                                            | 0/58 [00:00<?, ?it/s, loss=0.0007]
  Epoch  9/30:   0%|                                            | 0/58 [00:00<?, ?it/s, loss=0.0006]
  Epoch  9/30:   0%|                                            | 0/58 [00:00<?, ?it/s, loss=0.0006]
  Epoch  9/30:   0%|                                            | 0/58 [00:00<?, ?it/s, loss=0.0009]
  Epoch  9/30:   7%|██▍                                 | 4/58 [00:00<00:01, 39.28it/s, loss=0.0009]
  Epoch  9/30:   7%|██▍                                 | 4/58 [00:00<00:01, 39.28it/s, loss=0.0009]
  Epoch  9/30:   7%|██▍                                 | 4/58 [00:00<00:01, 39.28it/s, loss=0.0006]
  Epoch  9/30:   7%|██▍                                 | 4/58 [00:00<00:01, 39.28it/s, loss=0.0005]
  Epoch  9/30:   7%|██▍                                 | 4/58 [00:00<00:01, 39.28it/s, loss=0.0005]
  Epoch  9/30:  14%|████▉                               | 8/58 [00:00<00:01, 36.49it/s, loss=0.0005]
  Epoch  9/30:  14%|████▉                               | 8/58 [00:00<00:01, 36.49it/s, loss=0.0012]
  Epoch  9/30:  14%|████▉                               | 8/58 [00:00<00:01, 36.49it/s, loss=0.0007]
  Epoch  9/30:  14%|████▉                               | 8/58 [00:00<00:01, 36.49it/s, loss=0.0010]
  Epoch  9/30:  14%|████▉                               | 8/58 [00:00<00:01, 36.49it/s, loss=0.0009]
  Epoch  9/30:  21%|███████▏                           | 12/58 [00:00<00:01, 32.78it/s, loss=0.0009]
  Epoch  9/30:  21%|███████▏                           | 12/58 [00:00<00:01, 32.78it/s, loss=0.0005]
  Epoch  9/30:  21%|███████▏                           | 12/58 [00:00<00:01, 32.78it/s, loss=0.0014]
  Epoch  9/30:  21%|███████▏                           | 12/58 [00:00<00:01, 32.78it/s, loss=0.0008]
  Epoch  9/30:  21%|███████▏                           | 12/58 [00:00<00:01, 32.78it/s, loss=0.0013]
  Epoch  9/30:  28%|█████████▋                         | 16/58 [00:00<00:01, 33.23it/s, loss=0.0013]
  Epoch  9/30:  28%|█████████▋                         | 16/58 [00:00<00:01, 33.23it/s, loss=0.0023]
  Epoch  9/30:  28%|█████████▋                         | 16/58 [00:00<00:01, 33.23it/s, loss=0.0011]
  Epoch  9/30:  28%|█████████▋                         | 16/58 [00:00<00:01, 33.23it/s, loss=0.0013]
  Epoch  9/30:  28%|█████████▋                         | 16/58 [00:00<00:01, 33.23it/s, loss=0.0006]
  Epoch  9/30:  34%|████████████                       | 20/58 [00:00<00:01, 32.84it/s, loss=0.0006]
  Epoch  9/30:  34%|████████████                       | 20/58 [00:00<00:01, 32.84it/s, loss=0.0014]
  Epoch  9/30:  34%|████████████                       | 20/58 [00:00<00:01, 32.84it/s, loss=0.0011]
  Epoch  9/30:  34%|████████████                       | 20/58 [00:00<00:01, 32.84it/s, loss=0.0007]
  Epoch  9/30:  34%|████████████                       | 20/58 [00:00<00:01, 32.84it/s, loss=0.0010]
  Epoch  9/30:  41%|██████████████▍                    | 24/58 [00:00<00:01, 32.59it/s, loss=0.0010]
  Epoch  9/30:  41%|██████████████▍                    | 24/58 [00:00<00:01, 32.59it/s, loss=0.0003]
  Epoch  9/30:  41%|██████████████▍                    | 24/58 [00:00<00:01, 32.59it/s, loss=0.0018]
  Epoch  9/30:  41%|██████████████▍                    | 24/58 [00:00<00:01, 32.59it/s, loss=0.0008]
  Epoch  9/30:  41%|██████████████▍                    | 24/58 [00:00<00:01, 32.59it/s, loss=0.0016]
  Epoch  9/30:  48%|████████████████▉                  | 28/58 [00:00<00:00, 32.56it/s, loss=0.0016]
  Epoch  9/30:  48%|████████████████▉                  | 28/58 [00:00<00:00, 32.56it/s, loss=0.0010]
  Epoch  9/30:  48%|████████████████▉                  | 28/58 [00:00<00:00, 32.56it/s, loss=0.0009]
  Epoch  9/30:  48%|████████████████▉                  | 28/58 [00:00<00:00, 32.56it/s, loss=0.0010]
  Epoch  9/30:  48%|████████████████▉                  | 28/58 [00:00<00:00, 32.56it/s, loss=0.0005]
  Epoch  9/30:  55%|███████████████████▎               | 32/58 [00:00<00:00, 31.29it/s, loss=0.0005]
  Epoch  9/30:  55%|███████████████████▎               | 32/58 [00:01<00:00, 31.29it/s, loss=0.0011]
  Epoch  9/30:  55%|███████████████████▎               | 32/58 [00:01<00:00, 31.29it/s, loss=0.0004]
  Epoch  9/30:  55%|███████████████████▎               | 32/58 [00:01<00:00, 31.29it/s, loss=0.0016]
  Epoch  9/30:  55%|███████████████████▎               | 32/58 [00:01<00:00, 31.29it/s, loss=0.0005]
  Epoch  9/30:  62%|█████████████████████▋             | 36/58 [00:01<00:00, 31.46it/s, loss=0.0005]
  Epoch  9/30:  62%|█████████████████████▋             | 36/58 [00:01<00:00, 31.46it/s, loss=0.0022]
  Epoch  9/30:  62%|█████████████████████▋             | 36/58 [00:01<00:00, 31.46it/s, loss=0.0013]
  Epoch  9/30:  62%|█████████████████████▋             | 36/58 [00:01<00:00, 31.46it/s, loss=0.0010]
  Epoch  9/30:  62%|█████████████████████▋             | 36/58 [00:01<00:00, 31.46it/s, loss=0.0008]
  Epoch  9/30:  69%|████████████████████████▏          | 40/58 [00:01<00:00, 32.64it/s, loss=0.0008]
  Epoch  9/30:  69%|████████████████████████▏          | 40/58 [00:01<00:00, 32.64it/s, loss=0.0006]
  Epoch  9/30:  69%|████████████████████████▏          | 40/58 [00:01<00:00, 32.64it/s, loss=0.0017]
  Epoch  9/30:  69%|████████████████████████▏          | 40/58 [00:01<00:00, 32.64it/s, loss=0.0005]
  Epoch  9/30:  69%|████████████████████████▏          | 40/58 [00:01<00:00, 32.64it/s, loss=0.0008]
  Epoch  9/30:  76%|██████████████████████████▌        | 44/58 [00:01<00:00, 33.43it/s, loss=0.0008]
  Epoch  9/30:  76%|██████████████████████████▌        | 44/58 [00:01<00:00, 33.43it/s, loss=0.0006]
  Epoch  9/30:  76%|██████████████████████████▌        | 44/58 [00:01<00:00, 33.43it/s, loss=0.0006]
  Epoch  9/30:  76%|██████████████████████████▌        | 44/58 [00:01<00:00, 33.43it/s, loss=0.0004]
  Epoch  9/30:  76%|██████████████████████████▌        | 44/58 [00:01<00:00, 33.43it/s, loss=0.0018]
  Epoch  9/30:  83%|████████████████████████████▉      | 48/58 [00:01<00:00, 34.34it/s, loss=0.0018]
  Epoch  9/30:  83%|████████████████████████████▉      | 48/58 [00:01<00:00, 34.34it/s, loss=0.0012]
  Epoch  9/30:  83%|████████████████████████████▉      | 48/58 [00:01<00:00, 34.34it/s, loss=0.0004]
  Epoch  9/30:  83%|████████████████████████████▉      | 48/58 [00:01<00:00, 34.34it/s, loss=0.0016]
  Epoch  9/30:  83%|████████████████████████████▉      | 48/58 [00:01<00:00, 34.34it/s, loss=0.0004]
  Epoch  9/30:  90%|███████████████████████████████▍   | 52/58 [00:01<00:00, 33.45it/s, loss=0.0004]
  Epoch  9/30:  90%|███████████████████████████████▍   | 52/58 [00:01<00:00, 33.45it/s, loss=0.0005]
  Epoch  9/30:  90%|███████████████████████████████▍   | 52/58 [00:01<00:00, 33.45it/s, loss=0.0007]
  Epoch  9/30:  90%|███████████████████████████████▍   | 52/58 [00:01<00:00, 33.45it/s, loss=0.0011]
  Epoch  9/30:  90%|███████████████████████████████▍   | 52/58 [00:01<00:00, 33.45it/s, loss=0.0016]
  Epoch  9/30:  97%|█████████████████████████████████▊ | 56/58 [00:01<00:00, 33.00it/s, loss=0.0016]
  Epoch  9/30:  97%|█████████████████████████████████▊ | 56/58 [00:01<00:00, 33.00it/s, loss=0.0010]
  Epoch  9/30:  97%|█████████████████████████████████▊ | 56/58 [00:01<00:00, 33.00it/s, loss=0.0011]
                                                                                                    

  Epoch 10/30:   0%|                                                         | 0/58 [00:00<?, ?it/s]
  Epoch 10/30:   0%|                                            | 0/58 [00:00<?, ?it/s, loss=0.0004]
  Epoch 10/30:   0%|                                            | 0/58 [00:00<?, ?it/s, loss=0.0006]
  Epoch 10/30:   0%|                                            | 0/58 [00:00<?, ?it/s, loss=0.0012]
  Epoch 10/30:   0%|                                            | 0/58 [00:00<?, ?it/s, loss=0.0010]
  Epoch 10/30:   7%|██▍                                 | 4/58 [00:00<00:01, 29.77it/s, loss=0.0010]
  Epoch 10/30:   7%|██▍                                 | 4/58 [00:00<00:01, 29.77it/s, loss=0.0006]
  Epoch 10/30:   7%|██▍                                 | 4/58 [00:00<00:01, 29.77it/s, loss=0.0004]
  Epoch 10/30:   7%|██▍                                 | 4/58 [00:00<00:01, 29.77it/s, loss=0.0009]
  Epoch 10/30:   7%|██▍                                 | 4/58 [00:00<00:01, 29.77it/s, loss=0.0005]
  Epoch 10/30:   7%|██▍                                 | 4/58 [00:00<00:01, 29.77it/s, loss=0.0005]
  Epoch 10/30:  16%|█████▌                              | 9/58 [00:00<00:01, 34.45it/s, loss=0.0005]
  Epoch 10/30:  16%|█████▌                              | 9/58 [00:00<00:01, 34.45it/s, loss=0.0015]
  Epoch 10/30:  16%|█████▌                              | 9/58 [00:00<00:01, 34.45it/s, loss=0.0011]
  Epoch 10/30:  16%|█████▌                              | 9/58 [00:00<00:01, 34.45it/s, loss=0.0010]
  Epoch 10/30:  16%|█████▌                              | 9/58 [00:00<00:01, 34.45it/s, loss=0.0021]
  Epoch 10/30:  22%|███████▊                           | 13/58 [00:00<00:01, 34.27it/s, loss=0.0021]
  Epoch 10/30:  22%|███████▊                           | 13/58 [00:00<00:01, 34.27it/s, loss=0.0007]
  Epoch 10/30:  22%|███████▊                           | 13/58 [00:00<00:01, 34.27it/s, loss=0.0004]
  Epoch 10/30:  22%|███████▊                           | 13/58 [00:00<00:01, 34.27it/s, loss=0.0007]
  Epoch 10/30:  22%|███████▊                           | 13/58 [00:00<00:01, 34.27it/s, loss=0.0008]
  Epoch 10/30:  29%|██████████▎                        | 17/58 [00:00<00:01, 34.89it/s, loss=0.0008]
  Epoch 10/30:  29%|██████████▎                        | 17/58 [00:00<00:01, 34.89it/s, loss=0.0003]
  Epoch 10/30:  29%|██████████▎                        | 17/58 [00:00<00:01, 34.89it/s, loss=0.0017]
  Epoch 10/30:  29%|██████████▎                        | 17/58 [00:00<00:01, 34.89it/s, loss=0.0005]
  Epoch 10/30:  29%|██████████▎                        | 17/58 [00:00<00:01, 34.89it/s, loss=0.0004]
  Epoch 10/30:  36%|████████████▋                      | 21/58 [00:00<00:01, 34.66it/s, loss=0.0004]
  Epoch 10/30:  36%|████████████▋                      | 21/58 [00:00<00:01, 34.66it/s, loss=0.0008]
  Epoch 10/30:  36%|████████████▋                      | 21/58 [00:00<00:01, 34.66it/s, loss=0.0013]
  Epoch 10/30:  36%|████████████▋                      | 21/58 [00:00<00:01, 34.66it/s, loss=0.0008]
  Epoch 10/30:  36%|████████████▋                      | 21/58 [00:00<00:01, 34.66it/s, loss=0.0007]
  Epoch 10/30:  43%|███████████████                    | 25/58 [00:00<00:00, 33.93it/s, loss=0.0007]
  Epoch 10/30:  43%|███████████████                    | 25/58 [00:00<00:00, 33.93it/s, loss=0.0004]
  Epoch 10/30:  43%|███████████████                    | 25/58 [00:00<00:00, 33.93it/s, loss=0.0015]
  Epoch 10/30:  43%|███████████████                    | 25/58 [00:00<00:00, 33.93it/s, loss=0.0004]
  Epoch 10/30:  43%|███████████████                    | 25/58 [00:00<00:00, 33.93it/s, loss=0.0012]
  Epoch 10/30:  50%|█████████████████▌                 | 29/58 [00:00<00:00, 34.21it/s, loss=0.0012]
  Epoch 10/30:  50%|█████████████████▌                 | 29/58 [00:00<00:00, 34.21it/s, loss=0.0022]
  Epoch 10/30:  50%|█████████████████▌                 | 29/58 [00:00<00:00, 34.21it/s, loss=0.0007]
  Epoch 10/30:  50%|█████████████████▌                 | 29/58 [00:00<00:00, 34.21it/s, loss=0.0007]
  Epoch 10/30:  50%|█████████████████▌                 | 29/58 [00:00<00:00, 34.21it/s, loss=0.0012]
  Epoch 10/30:  57%|███████████████████▉               | 33/58 [00:00<00:00, 35.58it/s, loss=0.0012]
  Epoch 10/30:  57%|███████████████████▉               | 33/58 [00:00<00:00, 35.58it/s, loss=0.0014]
  Epoch 10/30:  57%|███████████████████▉               | 33/58 [00:01<00:00, 35.58it/s, loss=0.0022]
  Epoch 10/30:  57%|███████████████████▉               | 33/58 [00:01<00:00, 35.58it/s, loss=0.0008]
  Epoch 10/30:  57%|███████████████████▉               | 33/58 [00:01<00:00, 35.58it/s, loss=0.0004]
  Epoch 10/30:  64%|██████████████████████▎            | 37/58 [00:01<00:00, 34.89it/s, loss=0.0004]
  Epoch 10/30:  64%|██████████████████████▎            | 37/58 [00:01<00:00, 34.89it/s, loss=0.0014]
  Epoch 10/30:  64%|██████████████████████▎            | 37/58 [00:01<00:00, 34.89it/s, loss=0.0009]
  Epoch 10/30:  64%|██████████████████████▎            | 37/58 [00:01<00:00, 34.89it/s, loss=0.0010]
  Epoch 10/30:  64%|██████████████████████▎            | 37/58 [00:01<00:00, 34.89it/s, loss=0.0013]
  Epoch 10/30:  71%|████████████████████████▋          | 41/58 [00:01<00:00, 34.40it/s, loss=0.0013]
  Epoch 10/30:  71%|████████████████████████▋          | 41/58 [00:01<00:00, 34.40it/s, loss=0.0007]
  Epoch 10/30:  71%|████████████████████████▋          | 41/58 [00:01<00:00, 34.40it/s, loss=0.0002]
  Epoch 10/30:  71%|████████████████████████▋          | 41/58 [00:01<00:00, 34.40it/s, loss=0.0006]
  Epoch 10/30:  71%|████████████████████████▋          | 41/58 [00:01<00:00, 34.40it/s, loss=0.0017]
  Epoch 10/30:  78%|███████████████████████████▏       | 45/58 [00:01<00:00, 31.83it/s, loss=0.0017]
  Epoch 10/30:  78%|███████████████████████████▏       | 45/58 [00:01<00:00, 31.83it/s, loss=0.0009]
  Epoch 10/30:  78%|███████████████████████████▏       | 45/58 [00:01<00:00, 31.83it/s, loss=0.0004]
  Epoch 10/30:  78%|███████████████████████████▏       | 45/58 [00:01<00:00, 31.83it/s, loss=0.0007]
  Epoch 10/30:  78%|███████████████████████████▏       | 45/58 [00:01<00:00, 31.83it/s, loss=0.0011]
  Epoch 10/30:  84%|█████████████████████████████▌     | 49/58 [00:01<00:00, 32.84it/s, loss=0.0011]
  Epoch 10/30:  84%|█████████████████████████████▌     | 49/58 [00:01<00:00, 32.84it/s, loss=0.0011]
  Epoch 10/30:  84%|█████████████████████████████▌     | 49/58 [00:01<00:00, 32.84it/s, loss=0.0023]
  Epoch 10/30:  84%|█████████████████████████████▌     | 49/58 [00:01<00:00, 32.84it/s, loss=0.0006]
  Epoch 10/30:  84%|█████████████████████████████▌     | 49/58 [00:01<00:00, 32.84it/s, loss=0.0012]
  Epoch 10/30:  91%|███████████████████████████████▉   | 53/58 [00:01<00:00, 30.51it/s, loss=0.0012]
  Epoch 10/30:  91%|███████████████████████████████▉   | 53/58 [00:01<00:00, 30.51it/s, loss=0.0009]
  Epoch 10/30:  91%|███████████████████████████████▉   | 53/58 [00:01<00:00, 30.51it/s, loss=0.0017]
  Epoch 10/30:  91%|███████████████████████████████▉   | 53/58 [00:01<00:00, 30.51it/s, loss=0.0007]
  Epoch 10/30:  91%|███████████████████████████████▉   | 53/58 [00:01<00:00, 30.51it/s, loss=0.0005]
  Epoch 10/30:  98%|██████████████████████████████████▍| 57/58 [00:01<00:00, 30.02it/s, loss=0.0005]
  Epoch 10/30:  98%|██████████████████████████████████▍| 57/58 [00:01<00:00, 30.02it/s, loss=0.0001]
                                                                                                    
  Epoch 10/30 │ Loss: 0.0009 │ T+1: 0.8277 │ T+2: 0.5587 │ T+3: 0.3497 ★ NEW BEST

  Epoch 11/30:   0%|                                                         | 0/58 [00:00<?, ?it/s]
  Epoch 11/30:   0%|                                            | 0/58 [00:00<?, ?it/s, loss=0.0004]
  Epoch 11/30:   0%|                                            | 0/58 [00:00<?, ?it/s, loss=0.0011]
  Epoch 11/30:   0%|                                            | 0/58 [00:00<?, ?it/s, loss=0.0008]
  Epoch 11/30:   5%|█▊                                  | 3/58 [00:00<00:02, 26.43it/s, loss=0.0008]
  Epoch 11/30:   5%|█▊                                  | 3/58 [00:00<00:02, 26.43it/s, loss=0.0014]
  Epoch 11/30:   5%|█▊                                  | 3/58 [00:00<00:02, 26.43it/s, loss=0.0007]
  Epoch 11/30:   5%|█▊                                  | 3/58 [00:00<00:02, 26.43it/s, loss=0.0005]
  Epoch 11/30:  10%|███▋                                | 6/58 [00:00<00:01, 28.10it/s, loss=0.0005]
  Epoch 11/30:  10%|███▋                                | 6/58 [00:00<00:01, 28.10it/s, loss=0.0010]
  Epoch 11/30:  10%|███▋                                | 6/58 [00:00<00:01, 28.10it/s, loss=0.0025]
  Epoch 11/30:  10%|███▋                                | 6/58 [00:00<00:01, 28.10it/s, loss=0.0006]
  Epoch 11/30:  10%|███▋                                | 6/58 [00:00<00:01, 28.10it/s, loss=0.0010]
  Epoch 11/30:  17%|██████                             | 10/58 [00:00<00:01, 31.25it/s, loss=0.0010]
  Epoch 11/30:  17%|██████                             | 10/58 [00:00<00:01, 31.25it/s, loss=0.0011]
  Epoch 11/30:  17%|██████                             | 10/58 [00:00<00:01, 31.25it/s, loss=0.0004]
  Epoch 11/30:  17%|██████                             | 10/58 [00:00<00:01, 31.25it/s, loss=0.0006]
  Epoch 11/30:  17%|██████                             | 10/58 [00:00<00:01, 31.25it/s, loss=0.0013]
  Epoch 11/30:  24%|████████▍                          | 14/58 [00:00<00:01, 29.89it/s, loss=0.0013]
  Epoch 11/30:  24%|████████▍                          | 14/58 [00:00<00:01, 29.89it/s, loss=0.0010]
  Epoch 11/30:  24%|████████▍                          | 14/58 [00:00<00:01, 29.89it/s, loss=0.0008]
  Epoch 11/30:  24%|████████▍                          | 14/58 [00:00<00:01, 29.89it/s, loss=0.0014]
  Epoch 11/30:  24%|████████▍                          | 14/58 [00:00<00:01, 29.89it/s, loss=0.0012]
  Epoch 11/30:  24%|████████▍                          | 14/58 [00:00<00:01, 29.89it/s, loss=0.0008]
  Epoch 11/30:  33%|███████████▍                       | 19/58 [00:00<00:01, 34.34it/s, loss=0.0008]
  Epoch 11/30:  33%|███████████▍                       | 19/58 [00:00<00:01, 34.34it/s, loss=0.0005]
  Epoch 11/30:  33%|███████████▍                       | 19/58 [00:00<00:01, 34.34it/s, loss=0.0014]
  Epoch 11/30:  33%|███████████▍                       | 19/58 [00:00<00:01, 34.34it/s, loss=0.0005]
  Epoch 11/30:  33%|███████████▍                       | 19/58 [00:00<00:01, 34.34it/s, loss=0.0012]
  Epoch 11/30:  40%|█████████████▉                     | 23/58 [00:00<00:01, 33.64it/s, loss=0.0012]
  Epoch 11/30:  40%|█████████████▉                     | 23/58 [00:00<00:01, 33.64it/s, loss=0.0008]
  Epoch 11/30:  40%|█████████████▉                     | 23/58 [00:00<00:01, 33.64it/s, loss=0.0011]
  Epoch 11/30:  40%|█████████████▉                     | 23/58 [00:00<00:01, 33.64it/s, loss=0.0011]
  Epoch 11/30:  40%|█████████████▉                     | 23/58 [00:00<00:01, 33.64it/s, loss=0.0008]
  Epoch 11/30:  47%|████████████████▎                  | 27/58 [00:00<00:00, 34.08it/s, loss=0.0008]
  Epoch 11/30:  47%|████████████████▎                  | 27/58 [00:00<00:00, 34.08it/s, loss=0.0014]
  Epoch 11/30:  47%|████████████████▎                  | 27/58 [00:00<00:00, 34.08it/s, loss=0.0016]
  Epoch 11/30:  47%|████████████████▎                  | 27/58 [00:00<00:00, 34.08it/s, loss=0.0005]
  Epoch 11/30:  47%|████████████████▎                  | 27/58 [00:00<00:00, 34.08it/s, loss=0.0014]
  Epoch 11/30:  53%|██████████████████▋                | 31/58 [00:00<00:00, 35.26it/s, loss=0.0014]
  Epoch 11/30:  53%|██████████████████▋                | 31/58 [00:00<00:00, 35.26it/s, loss=0.0010]
  Epoch 11/30:  53%|██████████████████▋                | 31/58 [00:01<00:00, 35.26it/s, loss=0.0005]
  Epoch 11/30:  53%|██████████████████▋                | 31/58 [00:01<00:00, 35.26it/s, loss=0.0006]
  Epoch 11/30:  53%|██████████████████▋                | 31/58 [00:01<00:00, 35.26it/s, loss=0.0005]
  Epoch 11/30:  60%|█████████████████████              | 35/58 [00:01<00:00, 27.64it/s, loss=0.0005]
  Epoch 11/30:  60%|█████████████████████              | 35/58 [00:01<00:00, 27.64it/s, loss=0.0006]
  Epoch 11/30:  60%|█████████████████████              | 35/58 [00:01<00:00, 27.64it/s, loss=0.0007]
  Epoch 11/30:  60%|█████████████████████              | 35/58 [00:01<00:00, 27.64it/s, loss=0.0020]
  Epoch 11/30:  60%|█████████████████████              | 35/58 [00:01<00:00, 27.64it/s, loss=0.0008]
  Epoch 11/30:  67%|███████████████████████▌           | 39/58 [00:01<00:00, 29.08it/s, loss=0.0008]
  Epoch 11/30:  67%|███████████████████████▌           | 39/58 [00:01<00:00, 29.08it/s, loss=0.0007]
  Epoch 11/30:  67%|███████████████████████▌           | 39/58 [00:01<00:00, 29.08it/s, loss=0.0004]
  Epoch 11/30:  67%|███████████████████████▌           | 39/58 [00:01<00:00, 29.08it/s, loss=0.0009]
  Epoch 11/30:  67%|███████████████████████▌           | 39/58 [00:01<00:00, 29.08it/s, loss=0.0005]
  Epoch 11/30:  74%|█████████████████████████▉         | 43/58 [00:01<00:00, 29.29it/s, loss=0.0005]
  Epoch 11/30:  74%|█████████████████████████▉         | 43/58 [00:01<00:00, 29.29it/s, loss=0.0004]
  Epoch 11/30:  74%|█████████████████████████▉         | 43/58 [00:01<00:00, 29.29it/s, loss=0.0013]
  Epoch 11/30:  74%|█████████████████████████▉         | 43/58 [00:01<00:00, 29.29it/s, loss=0.0017]
  Epoch 11/30:  74%|█████████████████████████▉         | 43/58 [00:01<00:00, 29.29it/s, loss=0.0006]
  Epoch 11/30:  81%|████████████████████████████▎      | 47/58 [00:01<00:00, 29.67it/s, loss=0.0006]
  Epoch 11/30:  81%|████████████████████████████▎      | 47/58 [00:01<00:00, 29.67it/s, loss=0.0004]
  Epoch 11/30:  81%|████████████████████████████▎      | 47/58 [00:01<00:00, 29.67it/s, loss=0.0016]
  Epoch 11/30:  81%|████████████████████████████▎      | 47/58 [00:01<00:00, 29.67it/s, loss=0.0022]
  Epoch 11/30:  81%|████████████████████████████▎      | 47/58 [00:01<00:00, 29.67it/s, loss=0.0005]
  Epoch 11/30:  88%|██████████████████████████████▊    | 51/58 [00:01<00:00, 30.39it/s, loss=0.0005]
  Epoch 11/30:  88%|██████████████████████████████▊    | 51/58 [00:01<00:00, 30.39it/s, loss=0.0004]
  Epoch 11/30:  88%|██████████████████████████████▊    | 51/58 [00:01<00:00, 30.39it/s, loss=0.0007]
  Epoch 11/30:  88%|██████████████████████████████▊    | 51/58 [00:01<00:00, 30.39it/s, loss=0.0007]
  Epoch 11/30:  88%|██████████████████████████████▊    | 51/58 [00:01<00:00, 30.39it/s, loss=0.0010]
  Epoch 11/30:  95%|█████████████████████████████████▏ | 55/58 [00:01<00:00, 31.22it/s, loss=0.0010]
  Epoch 11/30:  95%|█████████████████████████████████▏ | 55/58 [00:01<00:00, 31.22it/s, loss=0.0005]
  Epoch 11/30:  95%|█████████████████████████████████▏ | 55/58 [00:01<00:00, 31.22it/s, loss=0.0011]
  Epoch 11/30:  95%|█████████████████████████████████▏ | 55/58 [00:01<00:00, 31.22it/s, loss=0.0002]
                                                                                                    

  Epoch 12/30:   0%|                                                         | 0/58 [00:00<?, ?it/s]
  Epoch 12/30:   0%|                                            | 0/58 [00:00<?, ?it/s, loss=0.0020]
  Epoch 12/30:   0%|                                            | 0/58 [00:00<?, ?it/s, loss=0.0012]
  Epoch 12/30:   0%|                                            | 0/58 [00:00<?, ?it/s, loss=0.0018]
  Epoch 12/30:   0%|                                            | 0/58 [00:00<?, ?it/s, loss=0.0010]
  Epoch 12/30:   7%|██▍                                 | 4/58 [00:00<00:01, 33.39it/s, loss=0.0010]
  Epoch 12/30:   7%|██▍                                 | 4/58 [00:00<00:01, 33.39it/s, loss=0.0009]
  Epoch 12/30:   7%|██▍                                 | 4/58 [00:00<00:01, 33.39it/s, loss=0.0010]
  Epoch 12/30:   7%|██▍                                 | 4/58 [00:00<00:01, 33.39it/s, loss=0.0007]
  Epoch 12/30:   7%|██▍                                 | 4/58 [00:00<00:01, 33.39it/s, loss=0.0007]
  Epoch 12/30:  14%|████▉                               | 8/58 [00:00<00:01, 32.82it/s, loss=0.0007]
  Epoch 12/30:  14%|████▉                               | 8/58 [00:00<00:01, 32.82it/s, loss=0.0011]
  Epoch 12/30:  14%|████▉                               | 8/58 [00:00<00:01, 32.82it/s, loss=0.0006]
  Epoch 12/30:  14%|████▉                               | 8/58 [00:00<00:01, 32.82it/s, loss=0.0002]
  Epoch 12/30:  14%|████▉                               | 8/58 [00:00<00:01, 32.82it/s, loss=0.0011]
  Epoch 12/30:  21%|███████▏                           | 12/58 [00:00<00:01, 35.17it/s, loss=0.0011]
  Epoch 12/30:  21%|███████▏                           | 12/58 [00:00<00:01, 35.17it/s, loss=0.0008]
  Epoch 12/30:  21%|███████▏                           | 12/58 [00:00<00:01, 35.17it/s, loss=0.0012]
  Epoch 12/30:  21%|███████▏                           | 12/58 [00:00<00:01, 35.17it/s, loss=0.0008]
  Epoch 12/30:  21%|███████▏                           | 12/58 [00:00<00:01, 35.17it/s, loss=0.0004]
  Epoch 12/30:  28%|█████████▋                         | 16/58 [00:00<00:01, 36.43it/s, loss=0.0004]
  Epoch 12/30:  28%|█████████▋                         | 16/58 [00:00<00:01, 36.43it/s, loss=0.0014]
  Epoch 12/30:  28%|█████████▋                         | 16/58 [00:00<00:01, 36.43it/s, loss=0.0026]
  Epoch 12/30:  28%|█████████▋                         | 16/58 [00:00<00:01, 36.43it/s, loss=0.0005]
  Epoch 12/30:  28%|█████████▋                         | 16/58 [00:00<00:01, 36.43it/s, loss=0.0007]
  Epoch 12/30:  34%|████████████                       | 20/58 [00:00<00:01, 35.78it/s, loss=0.0007]
  Epoch 12/30:  34%|████████████                       | 20/58 [00:00<00:01, 35.78it/s, loss=0.0007]
  Epoch 12/30:  34%|████████████                       | 20/58 [00:00<00:01, 35.78it/s, loss=0.0007]
  Epoch 12/30:  34%|████████████                       | 20/58 [00:00<00:01, 35.78it/s, loss=0.0003]
  Epoch 12/30:  34%|████████████                       | 20/58 [00:00<00:01, 35.78it/s, loss=0.0026]
  Epoch 12/30:  34%|████████████                       | 20/58 [00:00<00:01, 35.78it/s, loss=0.0012]
  Epoch 12/30:  43%|███████████████                    | 25/58 [00:00<00:00, 38.14it/s, loss=0.0012]
  Epoch 12/30:  43%|███████████████                    | 25/58 [00:00<00:00, 38.14it/s, loss=0.0006]
  Epoch 12/30:  43%|███████████████                    | 25/58 [00:00<00:00, 38.14it/s, loss=0.0009]
  Epoch 12/30:  43%|███████████████                    | 25/58 [00:00<00:00, 38.14it/s, loss=0.0006]
  Epoch 12/30:  43%|███████████████                    | 25/58 [00:00<00:00, 38.14it/s, loss=0.0005]
  Epoch 12/30:  50%|█████████████████▌                 | 29/58 [00:00<00:00, 36.62it/s, loss=0.0005]
  Epoch 12/30:  50%|█████████████████▌                 | 29/58 [00:00<00:00, 36.62it/s, loss=0.0003]
  Epoch 12/30:  50%|█████████████████▌                 | 29/58 [00:00<00:00, 36.62it/s, loss=0.0005]
  Epoch 12/30:  50%|█████████████████▌                 | 29/58 [00:00<00:00, 36.62it/s, loss=0.0015]
  Epoch 12/30:  50%|█████████████████▌                 | 29/58 [00:00<00:00, 36.62it/s, loss=0.0006]
  Epoch 12/30:  57%|███████████████████▉               | 33/58 [00:00<00:00, 37.57it/s, loss=0.0006]
  Epoch 12/30:  57%|███████████████████▉               | 33/58 [00:00<00:00, 37.57it/s, loss=0.0011]
  Epoch 12/30:  57%|███████████████████▉               | 33/58 [00:00<00:00, 37.57it/s, loss=0.0008]
  Epoch 12/30:  57%|███████████████████▉               | 33/58 [00:00<00:00, 37.57it/s, loss=0.0008]
  Epoch 12/30:  57%|███████████████████▉               | 33/58 [00:01<00:00, 37.57it/s, loss=0.0003]
  Epoch 12/30:  64%|██████████████████████▎            | 37/58 [00:01<00:00, 34.91it/s, loss=0.0003]
  Epoch 12/30:  64%|██████████████████████▎            | 37/58 [00:01<00:00, 34.91it/s, loss=0.0010]
  Epoch 12/30:  64%|██████████████████████▎            | 37/58 [00:01<00:00, 34.91it/s, loss=0.0005]
  Epoch 12/30:  64%|██████████████████████▎            | 37/58 [00:01<00:00, 34.91it/s, loss=0.0007]
  Epoch 12/30:  64%|██████████████████████▎            | 37/58 [00:01<00:00, 34.91it/s, loss=0.0016]
  Epoch 12/30:  71%|████████████████████████▋          | 41/58 [00:01<00:00, 32.72it/s, loss=0.0016]
  Epoch 12/30:  71%|████████████████████████▋          | 41/58 [00:01<00:00, 32.72it/s, loss=0.0006]
  Epoch 12/30:  71%|████████████████████████▋          | 41/58 [00:01<00:00, 32.72it/s, loss=0.0006]
  Epoch 12/30:  71%|████████████████████████▋          | 41/58 [00:01<00:00, 32.72it/s, loss=0.0010]
  Epoch 12/30:  71%|████████████████████████▋          | 41/58 [00:01<00:00, 32.72it/s, loss=0.0004]
  Epoch 12/30:  78%|███████████████████████████▏       | 45/58 [00:01<00:00, 31.16it/s, loss=0.0004]
  Epoch 12/30:  78%|███████████████████████████▏       | 45/58 [00:01<00:00, 31.16it/s, loss=0.0006]
  Epoch 12/30:  78%|███████████████████████████▏       | 45/58 [00:01<00:00, 31.16it/s, loss=0.0017]
  Epoch 12/30:  78%|███████████████████████████▏       | 45/58 [00:01<00:00, 31.16it/s, loss=0.0007]
  Epoch 12/30:  78%|███████████████████████████▏       | 45/58 [00:01<00:00, 31.16it/s, loss=0.0006]
  Epoch 12/30:  84%|█████████████████████████████▌     | 49/58 [00:01<00:00, 30.45it/s, loss=0.0006]
  Epoch 12/30:  84%|█████████████████████████████▌     | 49/58 [00:01<00:00, 30.45it/s, loss=0.0006]
  Epoch 12/30:  84%|█████████████████████████████▌     | 49/58 [00:01<00:00, 30.45it/s, loss=0.0021]
  Epoch 12/30:  84%|█████████████████████████████▌     | 49/58 [00:01<00:00, 30.45it/s, loss=0.0004]
  Epoch 12/30:  84%|█████████████████████████████▌     | 49/58 [00:01<00:00, 30.45it/s, loss=0.0004]
  Epoch 12/30:  91%|███████████████████████████████▉   | 53/58 [00:01<00:00, 29.45it/s, loss=0.0004]
  Epoch 12/30:  91%|███████████████████████████████▉   | 53/58 [00:01<00:00, 29.45it/s, loss=0.0014]
  Epoch 12/30:  91%|███████████████████████████████▉   | 53/58 [00:01<00:00, 29.45it/s, loss=0.0005]
  Epoch 12/30:  91%|███████████████████████████████▉   | 53/58 [00:01<00:00, 29.45it/s, loss=0.0008]
  Epoch 12/30:  97%|█████████████████████████████████▊ | 56/58 [00:01<00:00, 28.66it/s, loss=0.0008]
  Epoch 12/30:  97%|█████████████████████████████████▊ | 56/58 [00:01<00:00, 28.66it/s, loss=0.0010]
  Epoch 12/30:  97%|█████████████████████████████████▊ | 56/58 [00:01<00:00, 28.66it/s, loss=0.0001]
                                                                                                    

  Epoch 13/30:   0%|                                                         | 0/58 [00:00<?, ?it/s]
  Epoch 13/30:   0%|                                            | 0/58 [00:00<?, ?it/s, loss=0.0004]
  Epoch 13/30:   0%|                                            | 0/58 [00:00<?, ?it/s, loss=0.0007]
  Epoch 13/30:   0%|                                            | 0/58 [00:00<?, ?it/s, loss=0.0007]
  Epoch 13/30:   5%|█▊                                  | 3/58 [00:00<00:02, 25.39it/s, loss=0.0007]
  Epoch 13/30:   5%|█▊                                  | 3/58 [00:00<00:02, 25.39it/s, loss=0.0005]
  Epoch 13/30:   5%|█▊                                  | 3/58 [00:00<00:02, 25.39it/s, loss=0.0008]
  Epoch 13/30:   5%|█▊                                  | 3/58 [00:00<00:02, 25.39it/s, loss=0.0004]
  Epoch 13/30:  10%|███▋                                | 6/58 [00:00<00:01, 26.45it/s, loss=0.0004]
  Epoch 13/30:  10%|███▋                                | 6/58 [00:00<00:01, 26.45it/s, loss=0.0006]
  Epoch 13/30:  10%|███▋                                | 6/58 [00:00<00:01, 26.45it/s, loss=0.0021]
  Epoch 13/30:  10%|███▋                                | 6/58 [00:00<00:01, 26.45it/s, loss=0.0003]
  Epoch 13/30:  16%|█████▌                              | 9/58 [00:00<00:01, 26.63it/s, loss=0.0003]
  Epoch 13/30:  16%|█████▌                              | 9/58 [00:00<00:01, 26.63it/s, loss=0.0006]
  Epoch 13/30:  16%|█████▌                              | 9/58 [00:00<00:01, 26.63it/s, loss=0.0012]
  Epoch 13/30:  16%|█████▌                              | 9/58 [00:00<00:01, 26.63it/s, loss=0.0008]
  Epoch 13/30:  21%|███████▏                           | 12/58 [00:00<00:01, 26.82it/s, loss=0.0008]
  Epoch 13/30:  21%|███████▏                           | 12/58 [00:00<00:01, 26.82it/s, loss=0.0003]
  Epoch 13/30:  21%|███████▏                           | 12/58 [00:00<00:01, 26.82it/s, loss=0.0005]
  Epoch 13/30:  21%|███████▏                           | 12/58 [00:00<00:01, 26.82it/s, loss=0.0002]
  Epoch 13/30:  21%|███████▏                           | 12/58 [00:00<00:01, 26.82it/s, loss=0.0010]
  Epoch 13/30:  28%|█████████▋                         | 16/58 [00:00<00:01, 29.26it/s, loss=0.0010]
  Epoch 13/30:  28%|█████████▋                         | 16/58 [00:00<00:01, 29.26it/s, loss=0.0014]
  Epoch 13/30:  28%|█████████▋                         | 16/58 [00:00<00:01, 29.26it/s, loss=0.0005]
  Epoch 13/30:  28%|█████████▋                         | 16/58 [00:00<00:01, 29.26it/s, loss=0.0006]
  Epoch 13/30:  33%|███████████▍                       | 19/58 [00:00<00:01, 28.86it/s, loss=0.0006]
  Epoch 13/30:  33%|███████████▍                       | 19/58 [00:00<00:01, 28.86it/s, loss=0.0013]
  Epoch 13/30:  33%|███████████▍                       | 19/58 [00:00<00:01, 28.86it/s, loss=0.0012]
  Epoch 13/30:  33%|███████████▍                       | 19/58 [00:00<00:01, 28.86it/s, loss=0.0004]
  Epoch 13/30:  38%|█████████████▎                     | 22/58 [00:00<00:01, 29.10it/s, loss=0.0004]
  Epoch 13/30:  38%|█████████████▎                     | 22/58 [00:00<00:01, 29.10it/s, loss=0.0004]
  Epoch 13/30:  38%|█████████████▎                     | 22/58 [00:00<00:01, 29.10it/s, loss=0.0010]
  Epoch 13/30:  38%|█████████████▎                     | 22/58 [00:00<00:01, 29.10it/s, loss=0.0008]
  Epoch 13/30:  43%|███████████████                    | 25/58 [00:00<00:01, 29.19it/s, loss=0.0008]
  Epoch 13/30:  43%|███████████████                    | 25/58 [00:00<00:01, 29.19it/s, loss=0.0006]
  Epoch 13/30:  43%|███████████████                    | 25/58 [00:00<00:01, 29.19it/s, loss=0.0005]
  Epoch 13/30:  43%|███████████████                    | 25/58 [00:00<00:01, 29.19it/s, loss=0.0005]
  Epoch 13/30:  48%|████████████████▉                  | 28/58 [00:00<00:01, 29.40it/s, loss=0.0005]
  Epoch 13/30:  48%|████████████████▉                  | 28/58 [00:01<00:01, 29.40it/s, loss=0.0007]
  Epoch 13/30:  48%|████████████████▉                  | 28/58 [00:01<00:01, 29.40it/s, loss=0.0010]
  Epoch 13/30:  48%|████████████████▉                  | 28/58 [00:01<00:01, 29.40it/s, loss=0.0021]
  Epoch 13/30:  53%|██████████████████▋                | 31/58 [00:01<00:00, 29.17it/s, loss=0.0021]
  Epoch 13/30:  53%|██████████████████▋                | 31/58 [00:01<00:00, 29.17it/s, loss=0.0011]
  Epoch 13/30:  53%|██████████████████▋                | 31/58 [00:01<00:00, 29.17it/s, loss=0.0007]
  Epoch 13/30:  53%|██████████████████▋                | 31/58 [00:01<00:00, 29.17it/s, loss=0.0004]
  Epoch 13/30:  53%|██████████████████▋                | 31/58 [00:01<00:00, 29.17it/s, loss=0.0024]
  Epoch 13/30:  60%|█████████████████████              | 35/58 [00:01<00:00, 29.97it/s, loss=0.0024]
  Epoch 13/30:  60%|█████████████████████              | 35/58 [00:01<00:00, 29.97it/s, loss=0.0004]
  Epoch 13/30:  60%|█████████████████████              | 35/58 [00:01<00:00, 29.97it/s, loss=0.0010]
  Epoch 13/30:  60%|█████████████████████              | 35/58 [00:01<00:00, 29.97it/s, loss=0.0019]
  Epoch 13/30:  66%|██████████████████████▉            | 38/58 [00:01<00:00, 29.30it/s, loss=0.0019]
  Epoch 13/30:  66%|██████████████████████▉            | 38/58 [00:01<00:00, 29.30it/s, loss=0.0015]
  Epoch 13/30:  66%|██████████████████████▉            | 38/58 [00:01<00:00, 29.30it/s, loss=0.0007]
  Epoch 13/30:  66%|██████████████████████▉            | 38/58 [00:01<00:00, 29.30it/s, loss=0.0005]
  Epoch 13/30:  71%|████████████████████████▋          | 41/58 [00:01<00:00, 28.97it/s, loss=0.0005]
  Epoch 13/30:  71%|████████████████████████▋          | 41/58 [00:01<00:00, 28.97it/s, loss=0.0009]
  Epoch 13/30:  71%|████████████████████████▋          | 41/58 [00:01<00:00, 28.97it/s, loss=0.0011]
  Epoch 13/30:  71%|████████████████████████▋          | 41/58 [00:01<00:00, 28.97it/s, loss=0.0019]
  Epoch 13/30:  71%|████████████████████████▋          | 41/58 [00:01<00:00, 28.97it/s, loss=0.0003]
  Epoch 13/30:  78%|███████████████████████████▏       | 45/58 [00:01<00:00, 29.94it/s, loss=0.0003]
  Epoch 13/30:  78%|███████████████████████████▏       | 45/58 [00:01<00:00, 29.94it/s, loss=0.0005]
  Epoch 13/30:  78%|███████████████████████████▏       | 45/58 [00:01<00:00, 29.94it/s, loss=0.0016]
  Epoch 13/30:  78%|███████████████████████████▏       | 45/58 [00:01<00:00, 29.94it/s, loss=0.0008]
  Epoch 13/30:  83%|████████████████████████████▉      | 48/58 [00:01<00:00, 29.37it/s, loss=0.0008]
  Epoch 13/30:  83%|████████████████████████████▉      | 48/58 [00:01<00:00, 29.37it/s, loss=0.0007]
  Epoch 13/30:  83%|████████████████████████████▉      | 48/58 [00:01<00:00, 29.37it/s, loss=0.0011]
  Epoch 13/30:  83%|████████████████████████████▉      | 48/58 [00:01<00:00, 29.37it/s, loss=0.0008]
  Epoch 13/30:  88%|██████████████████████████████▊    | 51/58 [00:01<00:00, 28.40it/s, loss=0.0008]
  Epoch 13/30:  88%|██████████████████████████████▊    | 51/58 [00:01<00:00, 28.40it/s, loss=0.0011]
  Epoch 13/30:  88%|██████████████████████████████▊    | 51/58 [00:01<00:00, 28.40it/s, loss=0.0015]
  Epoch 13/30:  88%|██████████████████████████████▊    | 51/58 [00:01<00:00, 28.40it/s, loss=0.0014]
  Epoch 13/30:  93%|████████████████████████████████▌  | 54/58 [00:01<00:00, 28.46it/s, loss=0.0014]
  Epoch 13/30:  93%|████████████████████████████████▌  | 54/58 [00:01<00:00, 28.46it/s, loss=0.0015]
  Epoch 13/30:  93%|████████████████████████████████▌  | 54/58 [00:01<00:00, 28.46it/s, loss=0.0007]
  Epoch 13/30:  93%|████████████████████████████████▌  | 54/58 [00:02<00:00, 28.46it/s, loss=0.0005]
  Epoch 13/30:  98%|██████████████████████████████████▍| 57/58 [00:02<00:00, 27.19it/s, loss=0.0005]
  Epoch 13/30:  98%|██████████████████████████████████▍| 57/58 [00:02<00:00, 27.19it/s, loss=0.0001]
                                                                                                    

  Epoch 14/30:   0%|                                                         | 0/58 [00:00<?, ?it/s]
  Epoch 14/30:   0%|                                            | 0/58 [00:00<?, ?it/s, loss=0.0008]
  Epoch 14/30:   0%|                                            | 0/58 [00:00<?, ?it/s, loss=0.0016]
  Epoch 14/30:   0%|                                            | 0/58 [00:00<?, ?it/s, loss=0.0004]
  Epoch 14/30:   5%|█▊                                  | 3/58 [00:00<00:02, 24.99it/s, loss=0.0004]
  Epoch 14/30:   5%|█▊                                  | 3/58 [00:00<00:02, 24.99it/s, loss=0.0011]
  Epoch 14/30:   5%|█▊                                  | 3/58 [00:00<00:02, 24.99it/s, loss=0.0006]
  Epoch 14/30:   5%|█▊                                  | 3/58 [00:00<00:02, 24.99it/s, loss=0.0009]
  Epoch 14/30:  10%|███▋                                | 6/58 [00:00<00:02, 24.49it/s, loss=0.0009]
  Epoch 14/30:  10%|███▋                                | 6/58 [00:00<00:02, 24.49it/s, loss=0.0004]
  Epoch 14/30:  10%|███▋                                | 6/58 [00:00<00:02, 24.49it/s, loss=0.0005]
  Epoch 14/30:  10%|███▋                                | 6/58 [00:00<00:02, 24.49it/s, loss=0.0005]
  Epoch 14/30:  16%|█████▌                              | 9/58 [00:00<00:02, 24.44it/s, loss=0.0005]
  Epoch 14/30:  16%|█████▌                              | 9/58 [00:00<00:02, 24.44it/s, loss=0.0004]
  Epoch 14/30:  16%|█████▌                              | 9/58 [00:00<00:02, 24.44it/s, loss=0.0005]
  Epoch 14/30:  16%|█████▌                              | 9/58 [00:00<00:02, 24.44it/s, loss=0.0004]
  Epoch 14/30:  16%|█████▌                              | 9/58 [00:00<00:02, 24.44it/s, loss=0.0004]
  Epoch 14/30:  22%|███████▊                           | 13/58 [00:00<00:01, 28.21it/s, loss=0.0004]
  Epoch 14/30:  22%|███████▊                           | 13/58 [00:00<00:01, 28.21it/s, loss=0.0011]
  Epoch 14/30:  22%|███████▊                           | 13/58 [00:00<00:01, 28.21it/s, loss=0.0007]
  Epoch 14/30:  22%|███████▊                           | 13/58 [00:00<00:01, 28.21it/s, loss=0.0003]
  Epoch 14/30:  28%|█████████▋                         | 16/58 [00:00<00:01, 28.24it/s, loss=0.0003]
  Epoch 14/30:  28%|█████████▋                         | 16/58 [00:00<00:01, 28.24it/s, loss=0.0004]
  Epoch 14/30:  28%|█████████▋                         | 16/58 [00:00<00:01, 28.24it/s, loss=0.0017]
  Epoch 14/30:  28%|█████████▋                         | 16/58 [00:00<00:01, 28.24it/s, loss=0.0006]
  Epoch 14/30:  33%|███████████▍                       | 19/58 [00:00<00:01, 27.86it/s, loss=0.0006]
  Epoch 14/30:  33%|███████████▍                       | 19/58 [00:00<00:01, 27.86it/s, loss=0.0003]
  Epoch 14/30:  33%|███████████▍                       | 19/58 [00:00<00:01, 27.86it/s, loss=0.0003]
  Epoch 14/30:  33%|███████████▍                       | 19/58 [00:00<00:01, 27.86it/s, loss=0.0017]
  Epoch 14/30:  38%|█████████████▎                     | 22/58 [00:00<00:01, 27.69it/s, loss=0.0017]
  Epoch 14/30:  38%|█████████████▎                     | 22/58 [00:00<00:01, 27.69it/s, loss=0.0006]
  Epoch 14/30:  38%|█████████████▎                     | 22/58 [00:00<00:01, 27.69it/s, loss=0.0005]
  Epoch 14/30:  38%|█████████████▎                     | 22/58 [00:00<00:01, 27.69it/s, loss=0.0006]
  Epoch 14/30:  43%|███████████████                    | 25/58 [00:00<00:01, 27.69it/s, loss=0.0006]
  Epoch 14/30:  43%|███████████████                    | 25/58 [00:00<00:01, 27.69it/s, loss=0.0009]
  Epoch 14/30:  43%|███████████████                    | 25/58 [00:00<00:01, 27.69it/s, loss=0.0013]
  Epoch 14/30:  43%|███████████████                    | 25/58 [00:01<00:01, 27.69it/s, loss=0.0024]
  Epoch 14/30:  43%|███████████████                    | 25/58 [00:01<00:01, 27.69it/s, loss=0.0008]
  Epoch 14/30:  50%|█████████████████▌                 | 29/58 [00:01<00:01, 28.27it/s, loss=0.0008]
  Epoch 14/30:  50%|█████████████████▌                 | 29/58 [00:01<00:01, 28.27it/s, loss=0.0015]
  Epoch 14/30:  50%|█████████████████▌                 | 29/58 [00:01<00:01, 28.27it/s, loss=0.0009]
  Epoch 14/30:  50%|█████████████████▌                 | 29/58 [00:01<00:01, 28.27it/s, loss=0.0007]
  Epoch 14/30:  55%|███████████████████▎               | 32/58 [00:01<00:00, 27.90it/s, loss=0.0007]
  Epoch 14/30:  55%|███████████████████▎               | 32/58 [00:01<00:00, 27.90it/s, loss=0.0021]
  Epoch 14/30:  55%|███████████████████▎               | 32/58 [00:01<00:00, 27.90it/s, loss=0.0005]
  Epoch 14/30:  55%|███████████████████▎               | 32/58 [00:01<00:00, 27.90it/s, loss=0.0006]
  Epoch 14/30:  60%|█████████████████████              | 35/58 [00:01<00:00, 28.18it/s, loss=0.0006]
  Epoch 14/30:  60%|█████████████████████              | 35/58 [00:01<00:00, 28.18it/s, loss=0.0011]
  Epoch 14/30:  60%|█████████████████████              | 35/58 [00:01<00:00, 28.18it/s, loss=0.0015]
  Epoch 14/30:  60%|█████████████████████              | 35/58 [00:01<00:00, 28.18it/s, loss=0.0004]
  Epoch 14/30:  66%|██████████████████████▉            | 38/58 [00:01<00:00, 28.00it/s, loss=0.0004]
  Epoch 14/30:  66%|██████████████████████▉            | 38/58 [00:01<00:00, 28.00it/s, loss=0.0003]
  Epoch 14/30:  66%|██████████████████████▉            | 38/58 [00:01<00:00, 28.00it/s, loss=0.0007]
  Epoch 14/30:  66%|██████████████████████▉            | 38/58 [00:01<00:00, 28.00it/s, loss=0.0007]
  Epoch 14/30:  66%|██████████████████████▉            | 38/58 [00:01<00:00, 28.00it/s, loss=0.0007]
  Epoch 14/30:  72%|█████████████████████████▎         | 42/58 [00:01<00:00, 28.32it/s, loss=0.0007]
  Epoch 14/30:  72%|█████████████████████████▎         | 42/58 [00:01<00:00, 28.32it/s, loss=0.0010]
  Epoch 14/30:  72%|█████████████████████████▎         | 42/58 [00:01<00:00, 28.32it/s, loss=0.0010]
  Epoch 14/30:  72%|█████████████████████████▎         | 42/58 [00:01<00:00, 28.32it/s, loss=0.0006]
  Epoch 14/30:  78%|███████████████████████████▏       | 45/58 [00:01<00:00, 27.89it/s, loss=0.0006]
  Epoch 14/30:  78%|███████████████████████████▏       | 45/58 [00:01<00:00, 27.89it/s, loss=0.0016]
  Epoch 14/30:  78%|███████████████████████████▏       | 45/58 [00:01<00:00, 27.89it/s, loss=0.0005]
  Epoch 14/30:  78%|███████████████████████████▏       | 45/58 [00:01<00:00, 27.89it/s, loss=0.0012]
  Epoch 14/30:  83%|████████████████████████████▉      | 48/58 [00:01<00:00, 27.05it/s, loss=0.0012]
  Epoch 14/30:  83%|████████████████████████████▉      | 48/58 [00:01<00:00, 27.05it/s, loss=0.0005]
  Epoch 14/30:  83%|████████████████████████████▉      | 48/58 [00:01<00:00, 27.05it/s, loss=0.0013]
  Epoch 14/30:  83%|████████████████████████████▉      | 48/58 [00:01<00:00, 27.05it/s, loss=0.0013]
  Epoch 14/30:  88%|██████████████████████████████▊    | 51/58 [00:01<00:00, 26.89it/s, loss=0.0013]
  Epoch 14/30:  88%|██████████████████████████████▊    | 51/58 [00:01<00:00, 26.89it/s, loss=0.0011]
  Epoch 14/30:  88%|██████████████████████████████▊    | 51/58 [00:01<00:00, 26.89it/s, loss=0.0013]
  Epoch 14/30:  88%|██████████████████████████████▊    | 51/58 [00:01<00:00, 26.89it/s, loss=0.0009]
  Epoch 14/30:  93%|████████████████████████████████▌  | 54/58 [00:01<00:00, 26.87it/s, loss=0.0009]
  Epoch 14/30:  93%|████████████████████████████████▌  | 54/58 [00:02<00:00, 26.87it/s, loss=0.0015]
  Epoch 14/30:  93%|████████████████████████████████▌  | 54/58 [00:02<00:00, 26.87it/s, loss=0.0009]
  Epoch 14/30:  93%|████████████████████████████████▌  | 54/58 [00:02<00:00, 26.87it/s, loss=0.0004]
  Epoch 14/30:  98%|██████████████████████████████████▍| 57/58 [00:02<00:00, 26.71it/s, loss=0.0004]
  Epoch 14/30:  98%|██████████████████████████████████▍| 57/58 [00:02<00:00, 26.71it/s, loss=0.0002]
                                                                                                    

  Epoch 15/30:   0%|                                                         | 0/58 [00:00<?, ?it/s]
  Epoch 15/30:   0%|                                            | 0/58 [00:00<?, ?it/s, loss=0.0005]
  Epoch 15/30:   0%|                                            | 0/58 [00:00<?, ?it/s, loss=0.0017]
  Epoch 15/30:   0%|                                            | 0/58 [00:00<?, ?it/s, loss=0.0014]
  Epoch 15/30:   5%|█▊                                  | 3/58 [00:00<00:02, 25.06it/s, loss=0.0014]
  Epoch 15/30:   5%|█▊                                  | 3/58 [00:00<00:02, 25.06it/s, loss=0.0002]
  Epoch 15/30:   5%|█▊                                  | 3/58 [00:00<00:02, 25.06it/s, loss=0.0004]
  Epoch 15/30:   5%|█▊                                  | 3/58 [00:00<00:02, 25.06it/s, loss=0.0010]
  Epoch 15/30:  10%|███▋                                | 6/58 [00:00<00:02, 24.24it/s, loss=0.0010]
  Epoch 15/30:  10%|███▋                                | 6/58 [00:00<00:02, 24.24it/s, loss=0.0009]
  Epoch 15/30:  10%|███▋                                | 6/58 [00:00<00:02, 24.24it/s, loss=0.0008]
  Epoch 15/30:  10%|███▋                                | 6/58 [00:00<00:02, 24.24it/s, loss=0.0008]
  Epoch 15/30:  16%|█████▌                              | 9/58 [00:00<00:01, 26.52it/s, loss=0.0008]
  Epoch 15/30:  16%|█████▌                              | 9/58 [00:00<00:01, 26.52it/s, loss=0.0004]
  Epoch 15/30:  16%|█████▌                              | 9/58 [00:00<00:01, 26.52it/s, loss=0.0009]
  Epoch 15/30:  16%|█████▌                              | 9/58 [00:00<00:01, 26.52it/s, loss=0.0010]
  Epoch 15/30:  21%|███████▏                           | 12/58 [00:00<00:01, 26.97it/s, loss=0.0010]
  Epoch 15/30:  21%|███████▏                           | 12/58 [00:00<00:01, 26.97it/s, loss=0.0003]
  Epoch 15/30:  21%|███████▏                           | 12/58 [00:00<00:01, 26.97it/s, loss=0.0003]
  Epoch 15/30:  21%|███████▏                           | 12/58 [00:00<00:01, 26.97it/s, loss=0.0010]
  Epoch 15/30:  26%|█████████                          | 15/58 [00:00<00:01, 26.68it/s, loss=0.0010]
  Epoch 15/30:  26%|█████████                          | 15/58 [00:00<00:01, 26.68it/s, loss=0.0004]
  Epoch 15/30:  26%|█████████                          | 15/58 [00:00<00:01, 26.68it/s, loss=0.0008]
  Epoch 15/30:  26%|█████████                          | 15/58 [00:00<00:01, 26.68it/s, loss=0.0013]
  Epoch 15/30:  31%|██████████▊                        | 18/58 [00:00<00:01, 27.22it/s, loss=0.0013]
  Epoch 15/30:  31%|██████████▊                        | 18/58 [00:00<00:01, 27.22it/s, loss=0.0007]
  Epoch 15/30:  31%|██████████▊                        | 18/58 [00:00<00:01, 27.22it/s, loss=0.0005]
  Epoch 15/30:  31%|██████████▊                        | 18/58 [00:00<00:01, 27.22it/s, loss=0.0028]
  Epoch 15/30:  31%|██████████▊                        | 18/58 [00:00<00:01, 27.22it/s, loss=0.0006]
  Epoch 15/30:  38%|█████████████▎                     | 22/58 [00:00<00:01, 28.33it/s, loss=0.0006]
  Epoch 15/30:  38%|█████████████▎                     | 22/58 [00:00<00:01, 28.33it/s, loss=0.0005]
  Epoch 15/30:  38%|█████████████▎                     | 22/58 [00:00<00:01, 28.33it/s, loss=0.0010]
  Epoch 15/30:  38%|█████████████▎                     | 22/58 [00:00<00:01, 28.33it/s, loss=0.0012]
  Epoch 15/30:  43%|███████████████                    | 25/58 [00:00<00:01, 28.60it/s, loss=0.0012]
  Epoch 15/30:  43%|███████████████                    | 25/58 [00:00<00:01, 28.60it/s, loss=0.0006]
  Epoch 15/30:  43%|███████████████                    | 25/58 [00:00<00:01, 28.60it/s, loss=0.0006]
  Epoch 15/30:  43%|███████████████                    | 25/58 [00:01<00:01, 28.60it/s, loss=0.0007]
  Epoch 15/30:  48%|████████████████▉                  | 28/58 [00:01<00:01, 28.16it/s, loss=0.0007]
  Epoch 15/30:  48%|████████████████▉                  | 28/58 [00:01<00:01, 28.16it/s, loss=0.0004]
  Epoch 15/30:  48%|████████████████▉                  | 28/58 [00:01<00:01, 28.16it/s, loss=0.0011]
  Epoch 15/30:  48%|████████████████▉                  | 28/58 [00:01<00:01, 28.16it/s, loss=0.0015]
  Epoch 15/30:  53%|██████████████████▋                | 31/58 [00:01<00:00, 27.17it/s, loss=0.0015]
  Epoch 15/30:  53%|██████████████████▋                | 31/58 [00:01<00:00, 27.17it/s, loss=0.0007]
  Epoch 15/30:  53%|██████████████████▋                | 31/58 [00:01<00:00, 27.17it/s, loss=0.0006]
  Epoch 15/30:  53%|██████████████████▋                | 31/58 [00:01<00:00, 27.17it/s, loss=0.0007]
  Epoch 15/30:  59%|████████████████████▌              | 34/58 [00:01<00:00, 27.58it/s, loss=0.0007]
  Epoch 15/30:  59%|████████████████████▌              | 34/58 [00:01<00:00, 27.58it/s, loss=0.0005]
  Epoch 15/30:  59%|████████████████████▌              | 34/58 [00:01<00:00, 27.58it/s, loss=0.0009]
  Epoch 15/30:  59%|████████████████████▌              | 34/58 [00:01<00:00, 27.58it/s, loss=0.0002]
  Epoch 15/30:  64%|██████████████████████▎            | 37/58 [00:01<00:00, 28.21it/s, loss=0.0002]
  Epoch 15/30:  64%|██████████████████████▎            | 37/58 [00:01<00:00, 28.21it/s, loss=0.0005]
  Epoch 15/30:  64%|██████████████████████▎            | 37/58 [00:01<00:00, 28.21it/s, loss=0.0026]
  Epoch 15/30:  64%|██████████████████████▎            | 37/58 [00:01<00:00, 28.21it/s, loss=0.0004]
  Epoch 15/30:  64%|██████████████████████▎            | 37/58 [00:01<00:00, 28.21it/s, loss=0.0009]
  Epoch 15/30:  71%|████████████████████████▋          | 41/58 [00:01<00:00, 28.89it/s, loss=0.0009]
  Epoch 15/30:  71%|████████████████████████▋          | 41/58 [00:01<00:00, 28.89it/s, loss=0.0004]
  Epoch 15/30:  71%|████████████████████████▋          | 41/58 [00:01<00:00, 28.89it/s, loss=0.0014]
  Epoch 15/30:  71%|████████████████████████▋          | 41/58 [00:01<00:00, 28.89it/s, loss=0.0017]
  Epoch 15/30:  76%|██████████████████████████▌        | 44/58 [00:01<00:00, 28.82it/s, loss=0.0017]
  Epoch 15/30:  76%|██████████████████████████▌        | 44/58 [00:01<00:00, 28.82it/s, loss=0.0014]
  Epoch 15/30:  76%|██████████████████████████▌        | 44/58 [00:01<00:00, 28.82it/s, loss=0.0008]
  Epoch 15/30:  76%|██████████████████████████▌        | 44/58 [00:01<00:00, 28.82it/s, loss=0.0013]
  Epoch 15/30:  81%|████████████████████████████▎      | 47/58 [00:01<00:00, 27.95it/s, loss=0.0013]
  Epoch 15/30:  81%|████████████████████████████▎      | 47/58 [00:01<00:00, 27.95it/s, loss=0.0007]
  Epoch 15/30:  81%|████████████████████████████▎      | 47/58 [00:01<00:00, 27.95it/s, loss=0.0011]
  Epoch 15/30:  81%|████████████████████████████▎      | 47/58 [00:01<00:00, 27.95it/s, loss=0.0008]
  Epoch 15/30:  86%|██████████████████████████████▏    | 50/58 [00:01<00:00, 28.45it/s, loss=0.0008]
  Epoch 15/30:  86%|██████████████████████████████▏    | 50/58 [00:01<00:00, 28.45it/s, loss=0.0017]
  Epoch 15/30:  86%|██████████████████████████████▏    | 50/58 [00:01<00:00, 28.45it/s, loss=0.0005]
  Epoch 15/30:  86%|██████████████████████████████▏    | 50/58 [00:01<00:00, 28.45it/s, loss=0.0014]
  Epoch 15/30:  86%|██████████████████████████████▏    | 50/58 [00:01<00:00, 28.45it/s, loss=0.0003]
  Epoch 15/30:  93%|████████████████████████████████▌  | 54/58 [00:01<00:00, 28.85it/s, loss=0.0003]
  Epoch 15/30:  93%|████████████████████████████████▌  | 54/58 [00:01<00:00, 28.85it/s, loss=0.0004]
  Epoch 15/30:  93%|████████████████████████████████▌  | 54/58 [00:01<00:00, 28.85it/s, loss=0.0004]
  Epoch 15/30:  93%|████████████████████████████████▌  | 54/58 [00:02<00:00, 28.85it/s, loss=0.0011]
  Epoch 15/30:  93%|████████████████████████████████▌  | 54/58 [00:02<00:00, 28.85it/s, loss=0.0001]
  Epoch 15/30: 100%|███████████████████████████████████| 58/58 [00:02<00:00, 30.44it/s, loss=0.0001]
                                                                                                    
  Epoch 15/30 │ Loss: 0.0009 │ T+1: 0.8443 │ T+2: 0.5815 │ T+3: 0.3989 ★ NEW BEST

  Epoch 16/30:   0%|                                                         | 0/58 [00:00<?, ?it/s]
  Epoch 16/30:   0%|                                            | 0/58 [00:00<?, ?it/s, loss=0.0004]
  Epoch 16/30:   0%|                                            | 0/58 [00:00<?, ?it/s, loss=0.0006]
  Epoch 16/30:   0%|                                            | 0/58 [00:00<?, ?it/s, loss=0.0007]
  Epoch 16/30:   5%|█▊                                  | 3/58 [00:00<00:02, 23.43it/s, loss=0.0007]
  Epoch 16/30:   5%|█▊                                  | 3/58 [00:00<00:02, 23.43it/s, loss=0.0006]
  Epoch 16/30:   5%|█▊                                  | 3/58 [00:00<00:02, 23.43it/s, loss=0.0017]
  Epoch 16/30:   5%|█▊                                  | 3/58 [00:00<00:02, 23.43it/s, loss=0.0004]
  Epoch 16/30:  10%|███▋                                | 6/58 [00:00<00:02, 22.91it/s, loss=0.0004]
  Epoch 16/30:  10%|███▋                                | 6/58 [00:00<00:02, 22.91it/s, loss=0.0013]
  Epoch 16/30:  10%|███▋                                | 6/58 [00:00<00:02, 22.91it/s, loss=0.0009]
  Epoch 16/30:  10%|███▋                                | 6/58 [00:00<00:02, 22.91it/s, loss=0.0007]
  Epoch 16/30:  16%|█████▌                              | 9/58 [00:00<00:02, 24.13it/s, loss=0.0007]
  Epoch 16/30:  16%|█████▌                              | 9/58 [00:00<00:02, 24.13it/s, loss=0.0010]
  Epoch 16/30:  16%|█████▌                              | 9/58 [00:00<00:02, 24.13it/s, loss=0.0007]
  Epoch 16/30:  16%|█████▌                              | 9/58 [00:00<00:02, 24.13it/s, loss=0.0005]
  Epoch 16/30:  21%|███████▏                           | 12/58 [00:00<00:01, 25.69it/s, loss=0.0005]
  Epoch 16/30:  21%|███████▏                           | 12/58 [00:00<00:01, 25.69it/s, loss=0.0005]
  Epoch 16/30:  21%|███████▏                           | 12/58 [00:00<00:01, 25.69it/s, loss=0.0004]
  Epoch 16/30:  21%|███████▏                           | 12/58 [00:00<00:01, 25.69it/s, loss=0.0009]
  Epoch 16/30:  26%|█████████                          | 15/58 [00:00<00:01, 26.07it/s, loss=0.0009]
  Epoch 16/30:  26%|█████████                          | 15/58 [00:00<00:01, 26.07it/s, loss=0.0008]
  Epoch 16/30:  26%|█████████                          | 15/58 [00:00<00:01, 26.07it/s, loss=0.0009]
  Epoch 16/30:  26%|█████████                          | 15/58 [00:00<00:01, 26.07it/s, loss=0.0011]
  Epoch 16/30:  31%|██████████▊                        | 18/58 [00:00<00:01, 27.27it/s, loss=0.0011]
  Epoch 16/30:  31%|██████████▊                        | 18/58 [00:00<00:01, 27.27it/s, loss=0.0004]
  Epoch 16/30:  31%|██████████▊                        | 18/58 [00:00<00:01, 27.27it/s, loss=0.0014]
  Epoch 16/30:  31%|██████████▊                        | 18/58 [00:00<00:01, 27.27it/s, loss=0.0029]
  Epoch 16/30:  36%|████████████▋                      | 21/58 [00:00<00:01, 27.15it/s, loss=0.0029]
  Epoch 16/30:  36%|████████████▋                      | 21/58 [00:00<00:01, 27.15it/s, loss=0.0004]
  Epoch 16/30:  36%|████████████▋                      | 21/58 [00:00<00:01, 27.15it/s, loss=0.0004]
  Epoch 16/30:  36%|████████████▋                      | 21/58 [00:00<00:01, 27.15it/s, loss=0.0003]
  Epoch 16/30:  41%|██████████████▍                    | 24/58 [00:00<00:01, 27.44it/s, loss=0.0003]
  Epoch 16/30:  41%|██████████████▍                    | 24/58 [00:00<00:01, 27.44it/s, loss=0.0009]
  Epoch 16/30:  41%|██████████████▍                    | 24/58 [00:00<00:01, 27.44it/s, loss=0.0010]
  Epoch 16/30:  41%|██████████████▍                    | 24/58 [00:01<00:01, 27.44it/s, loss=0.0009]
  Epoch 16/30:  47%|████████████████▎                  | 27/58 [00:01<00:01, 27.32it/s, loss=0.0009]
  Epoch 16/30:  47%|████████████████▎                  | 27/58 [00:01<00:01, 27.32it/s, loss=0.0012]
  Epoch 16/30:  47%|████████████████▎                  | 27/58 [00:01<00:01, 27.32it/s, loss=0.0007]
  Epoch 16/30:  47%|████████████████▎                  | 27/58 [00:01<00:01, 27.32it/s, loss=0.0004]
  Epoch 16/30:  47%|████████████████▎                  | 27/58 [00:01<00:01, 27.32it/s, loss=0.0009]
  Epoch 16/30:  53%|██████████████████▋                | 31/58 [00:01<00:00, 28.96it/s, loss=0.0009]
  Epoch 16/30:  53%|██████████████████▋                | 31/58 [00:01<00:00, 28.96it/s, loss=0.0009]
  Epoch 16/30:  53%|██████████████████▋                | 31/58 [00:01<00:00, 28.96it/s, loss=0.0014]
  Epoch 16/30:  53%|██████████████████▋                | 31/58 [00:01<00:00, 28.96it/s, loss=0.0015]
  Epoch 16/30:  53%|██████████████████▋                | 31/58 [00:01<00:00, 28.96it/s, loss=0.0015]
  Epoch 16/30:  60%|█████████████████████              | 35/58 [00:01<00:00, 30.07it/s, loss=0.0015]
  Epoch 16/30:  60%|█████████████████████              | 35/58 [00:01<00:00, 30.07it/s, loss=0.0007]
  Epoch 16/30:  60%|█████████████████████              | 35/58 [00:01<00:00, 30.07it/s, loss=0.0004]
  Epoch 16/30:  60%|█████████████████████              | 35/58 [00:01<00:00, 30.07it/s, loss=0.0017]
  Epoch 16/30:  66%|██████████████████████▉            | 38/58 [00:01<00:00, 29.74it/s, loss=0.0017]
  Epoch 16/30:  66%|██████████████████████▉            | 38/58 [00:01<00:00, 29.74it/s, loss=0.0004]
  Epoch 16/30:  66%|██████████████████████▉            | 38/58 [00:01<00:00, 29.74it/s, loss=0.0012]
  Epoch 16/30:  66%|██████████████████████▉            | 38/58 [00:01<00:00, 29.74it/s, loss=0.0006]
  Epoch 16/30:  71%|████████████████████████▋          | 41/58 [00:01<00:00, 29.38it/s, loss=0.0006]
  Epoch 16/30:  71%|████████████████████████▋          | 41/58 [00:01<00:00, 29.38it/s, loss=0.0007]
  Epoch 16/30:  71%|████████████████████████▋          | 41/58 [00:01<00:00, 29.38it/s, loss=0.0007]
  Epoch 16/30:  71%|████████████████████████▋          | 41/58 [00:01<00:00, 29.38it/s, loss=0.0019]
  Epoch 16/30:  76%|██████████████████████████▌        | 44/58 [00:01<00:00, 28.81it/s, loss=0.0019]
  Epoch 16/30:  76%|██████████████████████████▌        | 44/58 [00:01<00:00, 28.81it/s, loss=0.0017]
  Epoch 16/30:  76%|██████████████████████████▌        | 44/58 [00:01<00:00, 28.81it/s, loss=0.0004]
  Epoch 16/30:  76%|██████████████████████████▌        | 44/58 [00:01<00:00, 28.81it/s, loss=0.0005]
  Epoch 16/30:  76%|██████████████████████████▌        | 44/58 [00:01<00:00, 28.81it/s, loss=0.0004]
  Epoch 16/30:  83%|████████████████████████████▉      | 48/58 [00:01<00:00, 29.47it/s, loss=0.0004]
  Epoch 16/30:  83%|████████████████████████████▉      | 48/58 [00:01<00:00, 29.47it/s, loss=0.0007]
  Epoch 16/30:  83%|████████████████████████████▉      | 48/58 [00:01<00:00, 29.47it/s, loss=0.0008]
  Epoch 16/30:  83%|████████████████████████████▉      | 48/58 [00:01<00:00, 29.47it/s, loss=0.0007]
  Epoch 16/30:  83%|████████████████████████████▉      | 48/58 [00:01<00:00, 29.47it/s, loss=0.0010]
  Epoch 16/30:  90%|███████████████████████████████▍   | 52/58 [00:01<00:00, 30.06it/s, loss=0.0010]
  Epoch 16/30:  90%|███████████████████████████████▍   | 52/58 [00:01<00:00, 30.06it/s, loss=0.0005]
  Epoch 16/30:  90%|███████████████████████████████▍   | 52/58 [00:01<00:00, 30.06it/s, loss=0.0010]
  Epoch 16/30:  90%|███████████████████████████████▍   | 52/58 [00:01<00:00, 30.06it/s, loss=0.0003]
  Epoch 16/30:  95%|█████████████████████████████████▏ | 55/58 [00:01<00:00, 29.64it/s, loss=0.0003]
  Epoch 16/30:  95%|█████████████████████████████████▏ | 55/58 [00:01<00:00, 29.64it/s, loss=0.0011]
  Epoch 16/30:  95%|█████████████████████████████████▏ | 55/58 [00:02<00:00, 29.64it/s, loss=0.0007]
  Epoch 16/30:  95%|█████████████████████████████████▏ | 55/58 [00:02<00:00, 29.64it/s, loss=0.0000]
                                                                                                    

  Epoch 17/30:   0%|                                                         | 0/58 [00:00<?, ?it/s]
  Epoch 17/30:   0%|                                            | 0/58 [00:00<?, ?it/s, loss=0.0008]
  Epoch 17/30:   0%|                                            | 0/58 [00:00<?, ?it/s, loss=0.0004]
  Epoch 17/30:   0%|                                            | 0/58 [00:00<?, ?it/s, loss=0.0007]
  Epoch 17/30:   5%|█▊                                  | 3/58 [00:00<00:02, 26.21it/s, loss=0.0007]
  Epoch 17/30:   5%|█▊                                  | 3/58 [00:00<00:02, 26.21it/s, loss=0.0005]
  Epoch 17/30:   5%|█▊                                  | 3/58 [00:00<00:02, 26.21it/s, loss=0.0004]
  Epoch 17/30:   5%|█▊                                  | 3/58 [00:00<00:02, 26.21it/s, loss=0.0002]
  Epoch 17/30:  10%|███▋                                | 6/58 [00:00<00:02, 25.65it/s, loss=0.0002]
  Epoch 17/30:  10%|███▋                                | 6/58 [00:00<00:02, 25.65it/s, loss=0.0003]
  Epoch 17/30:  10%|███▋                                | 6/58 [00:00<00:02, 25.65it/s, loss=0.0009]
  Epoch 17/30:  10%|███▋                                | 6/58 [00:00<00:02, 25.65it/s, loss=0.0020]
  Epoch 17/30:  16%|█████▌                              | 9/58 [00:00<00:01, 27.22it/s, loss=0.0020]
  Epoch 17/30:  16%|█████▌                              | 9/58 [00:00<00:01, 27.22it/s, loss=0.0007]
  Epoch 17/30:  16%|█████▌                              | 9/58 [00:00<00:01, 27.22it/s, loss=0.0011]
  Epoch 17/30:  16%|█████▌                              | 9/58 [00:00<00:01, 27.22it/s, loss=0.0009]
  Epoch 17/30:  21%|███████▏                           | 12/58 [00:00<00:01, 27.74it/s, loss=0.0009]
  Epoch 17/30:  21%|███████▏                           | 12/58 [00:00<00:01, 27.74it/s, loss=0.0009]
  Epoch 17/30:  21%|███████▏                           | 12/58 [00:00<00:01, 27.74it/s, loss=0.0012]
  Epoch 17/30:  21%|███████▏                           | 12/58 [00:00<00:01, 27.74it/s, loss=0.0026]
  Epoch 17/30:  26%|█████████                          | 15/58 [00:00<00:01, 28.00it/s, loss=0.0026]
  Epoch 17/30:  26%|█████████                          | 15/58 [00:00<00:01, 28.00it/s, loss=0.0011]
  Epoch 17/30:  26%|█████████                          | 15/58 [00:00<00:01, 28.00it/s, loss=0.0010]
  Epoch 17/30:  26%|█████████                          | 15/58 [00:00<00:01, 28.00it/s, loss=0.0003]
  Epoch 17/30:  26%|█████████                          | 15/58 [00:00<00:01, 28.00it/s, loss=0.0008]
  Epoch 17/30:  33%|███████████▍                       | 19/58 [00:00<00:01, 29.14it/s, loss=0.0008]
  Epoch 17/30:  33%|███████████▍                       | 19/58 [00:00<00:01, 29.14it/s, loss=0.0006]
  Epoch 17/30:  33%|███████████▍                       | 19/58 [00:00<00:01, 29.14it/s, loss=0.0016]
  Epoch 17/30:  33%|███████████▍                       | 19/58 [00:00<00:01, 29.14it/s, loss=0.0007]
  Epoch 17/30:  33%|███████████▍                       | 19/58 [00:00<00:01, 29.14it/s, loss=0.0003]
  Epoch 17/30:  40%|█████████████▉                     | 23/58 [00:00<00:01, 29.12it/s, loss=0.0003]
  Epoch 17/30:  40%|█████████████▉                     | 23/58 [00:00<00:01, 29.12it/s, loss=0.0006]
  Epoch 17/30:  40%|█████████████▉                     | 23/58 [00:00<00:01, 29.12it/s, loss=0.0010]
  Epoch 17/30:  40%|█████████████▉                     | 23/58 [00:00<00:01, 29.12it/s, loss=0.0010]
  Epoch 17/30:  45%|███████████████▋                   | 26/58 [00:00<00:01, 28.71it/s, loss=0.0010]
  Epoch 17/30:  45%|███████████████▋                   | 26/58 [00:00<00:01, 28.71it/s, loss=0.0008]
  Epoch 17/30:  45%|███████████████▋                   | 26/58 [00:00<00:01, 28.71it/s, loss=0.0006]
  Epoch 17/30:  45%|███████████████▋                   | 26/58 [00:01<00:01, 28.71it/s, loss=0.0007]
  Epoch 17/30:  50%|█████████████████▌                 | 29/58 [00:01<00:01, 28.86it/s, loss=0.0007]
  Epoch 17/30:  50%|█████████████████▌                 | 29/58 [00:01<00:01, 28.86it/s, loss=0.0008]
  Epoch 17/30:  50%|█████████████████▌                 | 29/58 [00:01<00:01, 28.86it/s, loss=0.0007]
  Epoch 17/30:  50%|█████████████████▌                 | 29/58 [00:01<00:01, 28.86it/s, loss=0.0008]
  Epoch 17/30:  50%|█████████████████▌                 | 29/58 [00:01<00:01, 28.86it/s, loss=0.0005]
  Epoch 17/30:  57%|███████████████████▉               | 33/58 [00:01<00:00, 29.25it/s, loss=0.0005]
  Epoch 17/30:  57%|███████████████████▉               | 33/58 [00:01<00:00, 29.25it/s, loss=0.0007]
  Epoch 17/30:  57%|███████████████████▉               | 33/58 [00:01<00:00, 29.25it/s, loss=0.0006]
  Epoch 17/30:  57%|███████████████████▉               | 33/58 [00:01<00:00, 29.25it/s, loss=0.0006]
  Epoch 17/30:  62%|█████████████████████▋             | 36/58 [00:01<00:00, 29.35it/s, loss=0.0006]
  Epoch 17/30:  62%|█████████████████████▋             | 36/58 [00:01<00:00, 29.35it/s, loss=0.0006]
  Epoch 17/30:  62%|█████████████████████▋             | 36/58 [00:01<00:00, 29.35it/s, loss=0.0004]
  Epoch 17/30:  62%|█████████████████████▋             | 36/58 [00:01<00:00, 29.35it/s, loss=0.0010]
  Epoch 17/30:  62%|█████████████████████▋             | 36/58 [00:01<00:00, 29.35it/s, loss=0.0010]
  Epoch 17/30:  69%|████████████████████████▏          | 40/58 [00:01<00:00, 30.43it/s, loss=0.0010]
  Epoch 17/30:  69%|████████████████████████▏          | 40/58 [00:01<00:00, 30.43it/s, loss=0.0006]
  Epoch 17/30:  69%|████████████████████████▏          | 40/58 [00:01<00:00, 30.43it/s, loss=0.0005]
  Epoch 17/30:  69%|████████████████████████▏          | 40/58 [00:01<00:00, 30.43it/s, loss=0.0006]
  Epoch 17/30:  69%|████████████████████████▏          | 40/58 [00:01<00:00, 30.43it/s, loss=0.0013]
  Epoch 17/30:  76%|██████████████████████████▌        | 44/58 [00:01<00:00, 29.06it/s, loss=0.0013]
  Epoch 17/30:  76%|██████████████████████████▌        | 44/58 [00:01<00:00, 29.06it/s, loss=0.0005]
  Epoch 17/30:  76%|██████████████████████████▌        | 44/58 [00:01<00:00, 29.06it/s, loss=0.0010]
  Epoch 17/30:  76%|██████████████████████████▌        | 44/58 [00:01<00:00, 29.06it/s, loss=0.0032]
  Epoch 17/30:  81%|████████████████████████████▎      | 47/58 [00:01<00:00, 29.19it/s, loss=0.0032]
  Epoch 17/30:  81%|████████████████████████████▎      | 47/58 [00:01<00:00, 29.19it/s, loss=0.0018]
  Epoch 17/30:  81%|████████████████████████████▎      | 47/58 [00:01<00:00, 29.19it/s, loss=0.0008]
  Epoch 17/30:  81%|████████████████████████████▎      | 47/58 [00:01<00:00, 29.19it/s, loss=0.0007]
  Epoch 17/30:  81%|████████████████████████████▎      | 47/58 [00:01<00:00, 29.19it/s, loss=0.0005]
  Epoch 17/30:  88%|██████████████████████████████▊    | 51/58 [00:01<00:00, 29.70it/s, loss=0.0005]
  Epoch 17/30:  88%|██████████████████████████████▊    | 51/58 [00:01<00:00, 29.70it/s, loss=0.0020]
  Epoch 17/30:  88%|██████████████████████████████▊    | 51/58 [00:01<00:00, 29.70it/s, loss=0.0014]
  Epoch 17/30:  88%|██████████████████████████████▊    | 51/58 [00:01<00:00, 29.70it/s, loss=0.0003]
  Epoch 17/30:  93%|████████████████████████████████▌  | 54/58 [00:01<00:00, 29.02it/s, loss=0.0003]
  Epoch 17/30:  93%|████████████████████████████████▌  | 54/58 [00:01<00:00, 29.02it/s, loss=0.0012]
  Epoch 17/30:  93%|████████████████████████████████▌  | 54/58 [00:01<00:00, 29.02it/s, loss=0.0005]
  Epoch 17/30:  93%|████████████████████████████████▌  | 54/58 [00:02<00:00, 29.02it/s, loss=0.0005]
  Epoch 17/30:  98%|██████████████████████████████████▍| 57/58 [00:02<00:00, 26.88it/s, loss=0.0005]
  Epoch 17/30:  98%|██████████████████████████████████▍| 57/58 [00:02<00:00, 26.88it/s, loss=0.0006]
                                                                                                    

  Epoch 18/30:   0%|                                                         | 0/58 [00:00<?, ?it/s]
  Epoch 18/30:   0%|                                            | 0/58 [00:00<?, ?it/s, loss=0.0018]
  Epoch 18/30:   0%|                                            | 0/58 [00:00<?, ?it/s, loss=0.0003]
  Epoch 18/30:   0%|                                            | 0/58 [00:00<?, ?it/s, loss=0.0007]
  Epoch 18/30:   5%|█▊                                  | 3/58 [00:00<00:01, 28.63it/s, loss=0.0007]
  Epoch 18/30:   5%|█▊                                  | 3/58 [00:00<00:01, 28.63it/s, loss=0.0004]
  Epoch 18/30:   5%|█▊                                  | 3/58 [00:00<00:01, 28.63it/s, loss=0.0006]
  Epoch 18/30:   5%|█▊                                  | 3/58 [00:00<00:01, 28.63it/s, loss=0.0021]
  Epoch 18/30:  10%|███▋                                | 6/58 [00:00<00:02, 25.50it/s, loss=0.0021]
  Epoch 18/30:  10%|███▋                                | 6/58 [00:00<00:02, 25.50it/s, loss=0.0005]
  Epoch 18/30:  10%|███▋                                | 6/58 [00:00<00:02, 25.50it/s, loss=0.0012]
  Epoch 18/30:  10%|███▋                                | 6/58 [00:00<00:02, 25.50it/s, loss=0.0011]
  Epoch 18/30:  16%|█████▌                              | 9/58 [00:00<00:01, 24.70it/s, loss=0.0011]
  Epoch 18/30:  16%|█████▌                              | 9/58 [00:00<00:01, 24.70it/s, loss=0.0028]
  Epoch 18/30:  16%|█████▌                              | 9/58 [00:00<00:01, 24.70it/s, loss=0.0006]
  Epoch 18/30:  16%|█████▌                              | 9/58 [00:00<00:01, 24.70it/s, loss=0.0007]
  Epoch 18/30:  21%|███████▏                           | 12/58 [00:00<00:01, 26.28it/s, loss=0.0007]
  Epoch 18/30:  21%|███████▏                           | 12/58 [00:00<00:01, 26.28it/s, loss=0.0006]
  Epoch 18/30:  21%|███████▏                           | 12/58 [00:00<00:01, 26.28it/s, loss=0.0003]
  Epoch 18/30:  21%|███████▏                           | 12/58 [00:00<00:01, 26.28it/s, loss=0.0006]
  Epoch 18/30:  21%|███████▏                           | 12/58 [00:00<00:01, 26.28it/s, loss=0.0003]
  Epoch 18/30:  21%|███████▏                           | 12/58 [00:00<00:01, 26.28it/s, loss=0.0011]
  Epoch 18/30:  29%|██████████▎                        | 17/58 [00:00<00:01, 31.08it/s, loss=0.0011]
  Epoch 18/30:  29%|██████████▎                        | 17/58 [00:00<00:01, 31.08it/s, loss=0.0009]
  Epoch 18/30:  29%|██████████▎                        | 17/58 [00:00<00:01, 31.08it/s, loss=0.0013]
  Epoch 18/30:  29%|██████████▎                        | 17/58 [00:00<00:01, 31.08it/s, loss=0.0005]
  Epoch 18/30:  29%|██████████▎                        | 17/58 [00:00<00:01, 31.08it/s, loss=0.0005]
  Epoch 18/30:  36%|████████████▋                      | 21/58 [00:00<00:01, 33.70it/s, loss=0.0005]
  Epoch 18/30:  36%|████████████▋                      | 21/58 [00:00<00:01, 33.70it/s, loss=0.0003]
  Epoch 18/30:  36%|████████████▋                      | 21/58 [00:00<00:01, 33.70it/s, loss=0.0010]
  Epoch 18/30:  36%|████████████▋                      | 21/58 [00:00<00:01, 33.70it/s, loss=0.0015]
  Epoch 18/30:  36%|████████████▋                      | 21/58 [00:00<00:01, 33.70it/s, loss=0.0003]
  Epoch 18/30:  43%|███████████████                    | 25/58 [00:00<00:00, 33.36it/s, loss=0.0003]
  Epoch 18/30:  43%|███████████████                    | 25/58 [00:00<00:00, 33.36it/s, loss=0.0011]
  Epoch 18/30:  43%|███████████████                    | 25/58 [00:00<00:00, 33.36it/s, loss=0.0010]
  Epoch 18/30:  43%|███████████████                    | 25/58 [00:00<00:00, 33.36it/s, loss=0.0005]
  Epoch 18/30:  43%|███████████████                    | 25/58 [00:00<00:00, 33.36it/s, loss=0.0006]
  Epoch 18/30:  43%|███████████████                    | 25/58 [00:00<00:00, 33.36it/s, loss=0.0011]
  Epoch 18/30:  52%|██████████████████                 | 30/58 [00:00<00:00, 35.48it/s, loss=0.0011]
  Epoch 18/30:  52%|██████████████████                 | 30/58 [00:00<00:00, 35.48it/s, loss=0.0004]
  Epoch 18/30:  52%|██████████████████                 | 30/58 [00:00<00:00, 35.48it/s, loss=0.0012]
  Epoch 18/30:  52%|██████████████████                 | 30/58 [00:01<00:00, 35.48it/s, loss=0.0008]
  Epoch 18/30:  52%|██████████████████                 | 30/58 [00:01<00:00, 35.48it/s, loss=0.0004]
  Epoch 18/30:  59%|████████████████████▌              | 34/58 [00:01<00:00, 35.28it/s, loss=0.0004]
  Epoch 18/30:  59%|████████████████████▌              | 34/58 [00:01<00:00, 35.28it/s, loss=0.0002]
  Epoch 18/30:  59%|████████████████████▌              | 34/58 [00:01<00:00, 35.28it/s, loss=0.0012]
  Epoch 18/30:  59%|████████████████████▌              | 34/58 [00:01<00:00, 35.28it/s, loss=0.0003]
  Epoch 18/30:  59%|████████████████████▌              | 34/58 [00:01<00:00, 35.28it/s, loss=0.0008]
  Epoch 18/30:  66%|██████████████████████▉            | 38/58 [00:01<00:00, 32.76it/s, loss=0.0008]
  Epoch 18/30:  66%|██████████████████████▉            | 38/58 [00:01<00:00, 32.76it/s, loss=0.0007]
  Epoch 18/30:  66%|██████████████████████▉            | 38/58 [00:01<00:00, 32.76it/s, loss=0.0005]
  Epoch 18/30:  66%|██████████████████████▉            | 38/58 [00:01<00:00, 32.76it/s, loss=0.0007]
  Epoch 18/30:  66%|██████████████████████▉            | 38/58 [00:01<00:00, 32.76it/s, loss=0.0016]
  Epoch 18/30:  72%|█████████████████████████▎         | 42/58 [00:01<00:00, 30.96it/s, loss=0.0016]
  Epoch 18/30:  72%|█████████████████████████▎         | 42/58 [00:01<00:00, 30.96it/s, loss=0.0005]
  Epoch 18/30:  72%|█████████████████████████▎         | 42/58 [00:01<00:00, 30.96it/s, loss=0.0005]
  Epoch 18/30:  72%|█████████████████████████▎         | 42/58 [00:01<00:00, 30.96it/s, loss=0.0006]
  Epoch 18/30:  72%|█████████████████████████▎         | 42/58 [00:01<00:00, 30.96it/s, loss=0.0011]
  Epoch 18/30:  79%|███████████████████████████▊       | 46/58 [00:01<00:00, 31.40it/s, loss=0.0011]
  Epoch 18/30:  79%|███████████████████████████▊       | 46/58 [00:01<00:00, 31.40it/s, loss=0.0011]
  Epoch 18/30:  79%|███████████████████████████▊       | 46/58 [00:01<00:00, 31.40it/s, loss=0.0004]
  Epoch 18/30:  79%|███████████████████████████▊       | 46/58 [00:01<00:00, 31.40it/s, loss=0.0005]
  Epoch 18/30:  79%|███████████████████████████▊       | 46/58 [00:01<00:00, 31.40it/s, loss=0.0008]
  Epoch 18/30:  86%|██████████████████████████████▏    | 50/58 [00:01<00:00, 29.47it/s, loss=0.0008]
  Epoch 18/30:  86%|██████████████████████████████▏    | 50/58 [00:01<00:00, 29.47it/s, loss=0.0022]
  Epoch 18/30:  86%|██████████████████████████████▏    | 50/58 [00:01<00:00, 29.47it/s, loss=0.0008]
  Epoch 18/30:  86%|██████████████████████████████▏    | 50/58 [00:01<00:00, 29.47it/s, loss=0.0010]
  Epoch 18/30:  86%|██████████████████████████████▏    | 50/58 [00:01<00:00, 29.47it/s, loss=0.0004]
  Epoch 18/30:  93%|████████████████████████████████▌  | 54/58 [00:01<00:00, 30.99it/s, loss=0.0004]
  Epoch 18/30:  93%|████████████████████████████████▌  | 54/58 [00:01<00:00, 30.99it/s, loss=0.0011]
  Epoch 18/30:  93%|████████████████████████████████▌  | 54/58 [00:01<00:00, 30.99it/s, loss=0.0007]
  Epoch 18/30:  93%|████████████████████████████████▌  | 54/58 [00:01<00:00, 30.99it/s, loss=0.0009]
  Epoch 18/30:  93%|████████████████████████████████▌  | 54/58 [00:01<00:00, 30.99it/s, loss=0.0000]
  Epoch 18/30: 100%|███████████████████████████████████| 58/58 [00:01<00:00, 32.15it/s, loss=0.0000]
                                                                                                    

  Epoch 19/30:   0%|                                                         | 0/58 [00:00<?, ?it/s]
  Epoch 19/30:   0%|                                            | 0/58 [00:00<?, ?it/s, loss=0.0029]
  Epoch 19/30:   0%|                                            | 0/58 [00:00<?, ?it/s, loss=0.0008]
  Epoch 19/30:   0%|                                            | 0/58 [00:00<?, ?it/s, loss=0.0019]
  Epoch 19/30:   5%|█▊                                  | 3/58 [00:00<00:02, 27.15it/s, loss=0.0019]
  Epoch 19/30:   5%|█▊                                  | 3/58 [00:00<00:02, 27.15it/s, loss=0.0016]
  Epoch 19/30:   5%|█▊                                  | 3/58 [00:00<00:02, 27.15it/s, loss=0.0004]
  Epoch 19/30:   5%|█▊                                  | 3/58 [00:00<00:02, 27.15it/s, loss=0.0008]
  Epoch 19/30:  10%|███▋                                | 6/58 [00:00<00:02, 25.34it/s, loss=0.0008]
  Epoch 19/30:  10%|███▋                                | 6/58 [00:00<00:02, 25.34it/s, loss=0.0011]
  Epoch 19/30:  10%|███▋                                | 6/58 [00:00<00:02, 25.34it/s, loss=0.0004]
  Epoch 19/30:  10%|███▋                                | 6/58 [00:00<00:02, 25.34it/s, loss=0.0004]
  Epoch 19/30:  16%|█████▌                              | 9/58 [00:00<00:01, 25.24it/s, loss=0.0004]
  Epoch 19/30:  16%|█████▌                              | 9/58 [00:00<00:01, 25.24it/s, loss=0.0007]
  Epoch 19/30:  16%|█████▌                              | 9/58 [00:00<00:01, 25.24it/s, loss=0.0005]
  Epoch 19/30:  16%|█████▌                              | 9/58 [00:00<00:01, 25.24it/s, loss=0.0009]
  Epoch 19/30:  21%|███████▏                           | 12/58 [00:00<00:01, 26.73it/s, loss=0.0009]
  Epoch 19/30:  21%|███████▏                           | 12/58 [00:00<00:01, 26.73it/s, loss=0.0009]
  Epoch 19/30:  21%|███████▏                           | 12/58 [00:00<00:01, 26.73it/s, loss=0.0007]
  Epoch 19/30:  21%|███████▏                           | 12/58 [00:00<00:01, 26.73it/s, loss=0.0004]
  Epoch 19/30:  21%|███████▏                           | 12/58 [00:00<00:01, 26.73it/s, loss=0.0006]
  Epoch 19/30:  28%|█████████▋                         | 16/58 [00:00<00:01, 28.29it/s, loss=0.0006]
  Epoch 19/30:  28%|█████████▋                         | 16/58 [00:00<00:01, 28.29it/s, loss=0.0005]
  Epoch 19/30:  28%|█████████▋                         | 16/58 [00:00<00:01, 28.29it/s, loss=0.0004]
  Epoch 19/30:  28%|█████████▋                         | 16/58 [00:00<00:01, 28.29it/s, loss=0.0004]
  Epoch 19/30:  33%|███████████▍                       | 19/58 [00:00<00:01, 27.96it/s, loss=0.0004]
  Epoch 19/30:  33%|███████████▍                       | 19/58 [00:00<00:01, 27.96it/s, loss=0.0006]
  Epoch 19/30:  33%|███████████▍                       | 19/58 [00:00<00:01, 27.96it/s, loss=0.0008]
  Epoch 19/30:  33%|███████████▍                       | 19/58 [00:00<00:01, 27.96it/s, loss=0.0009]
  Epoch 19/30:  38%|█████████████▎                     | 22/58 [00:00<00:01, 28.13it/s, loss=0.0009]
  Epoch 19/30:  38%|█████████████▎                     | 22/58 [00:00<00:01, 28.13it/s, loss=0.0012]
  Epoch 19/30:  38%|█████████████▎                     | 22/58 [00:00<00:01, 28.13it/s, loss=0.0005]
  Epoch 19/30:  38%|█████████████▎                     | 22/58 [00:00<00:01, 28.13it/s, loss=0.0003]
  Epoch 19/30:  43%|███████████████                    | 25/58 [00:00<00:01, 27.66it/s, loss=0.0003]
  Epoch 19/30:  43%|███████████████                    | 25/58 [00:00<00:01, 27.66it/s, loss=0.0013]
  Epoch 19/30:  43%|███████████████                    | 25/58 [00:00<00:01, 27.66it/s, loss=0.0009]
  Epoch 19/30:  43%|███████████████                    | 25/58 [00:01<00:01, 27.66it/s, loss=0.0004]
  Epoch 19/30:  48%|████████████████▉                  | 28/58 [00:01<00:01, 27.61it/s, loss=0.0004]
  Epoch 19/30:  48%|████████████████▉                  | 28/58 [00:01<00:01, 27.61it/s, loss=0.0010]
  Epoch 19/30:  48%|████████████████▉                  | 28/58 [00:01<00:01, 27.61it/s, loss=0.0007]
  Epoch 19/30:  48%|████████████████▉                  | 28/58 [00:01<00:01, 27.61it/s, loss=0.0021]
  Epoch 19/30:  48%|████████████████▉                  | 28/58 [00:01<00:01, 27.61it/s, loss=0.0005]
  Epoch 19/30:  55%|███████████████████▎               | 32/58 [00:01<00:00, 29.95it/s, loss=0.0005]
  Epoch 19/30:  55%|███████████████████▎               | 32/58 [00:01<00:00, 29.95it/s, loss=0.0005]
  Epoch 19/30:  55%|███████████████████▎               | 32/58 [00:01<00:00, 29.95it/s, loss=0.0006]
  Epoch 19/30:  55%|███████████████████▎               | 32/58 [00:01<00:00, 29.95it/s, loss=0.0013]
  Epoch 19/30:  55%|███████████████████▎               | 32/58 [00:01<00:00, 29.95it/s, loss=0.0007]
  Epoch 19/30:  62%|█████████████████████▋             | 36/58 [00:01<00:00, 29.54it/s, loss=0.0007]
  Epoch 19/30:  62%|█████████████████████▋             | 36/58 [00:01<00:00, 29.54it/s, loss=0.0002]
  Epoch 19/30:  62%|█████████████████████▋             | 36/58 [00:01<00:00, 29.54it/s, loss=0.0012]
  Epoch 19/30:  62%|█████████████████████▋             | 36/58 [00:01<00:00, 29.54it/s, loss=0.0018]
  Epoch 19/30:  67%|███████████████████████▌           | 39/58 [00:01<00:00, 28.89it/s, loss=0.0018]
  Epoch 19/30:  67%|███████████████████████▌           | 39/58 [00:01<00:00, 28.89it/s, loss=0.0008]
  Epoch 19/30:  67%|███████████████████████▌           | 39/58 [00:01<00:00, 28.89it/s, loss=0.0017]
  Epoch 19/30:  67%|███████████████████████▌           | 39/58 [00:01<00:00, 28.89it/s, loss=0.0019]
  Epoch 19/30:  67%|███████████████████████▌           | 39/58 [00:01<00:00, 28.89it/s, loss=0.0007]
  Epoch 19/30:  74%|█████████████████████████▉         | 43/58 [00:01<00:00, 31.23it/s, loss=0.0007]
  Epoch 19/30:  74%|█████████████████████████▉         | 43/58 [00:01<00:00, 31.23it/s, loss=0.0007]
  Epoch 19/30:  74%|█████████████████████████▉         | 43/58 [00:01<00:00, 31.23it/s, loss=0.0004]
  Epoch 19/30:  74%|█████████████████████████▉         | 43/58 [00:01<00:00, 31.23it/s, loss=0.0005]
  Epoch 19/30:  74%|█████████████████████████▉         | 43/58 [00:01<00:00, 31.23it/s, loss=0.0004]
  Epoch 19/30:  81%|████████████████████████████▎      | 47/58 [00:01<00:00, 32.03it/s, loss=0.0004]
  Epoch 19/30:  81%|████████████████████████████▎      | 47/58 [00:01<00:00, 32.03it/s, loss=0.0004]
  Epoch 19/30:  81%|████████████████████████████▎      | 47/58 [00:01<00:00, 32.03it/s, loss=0.0010]
  Epoch 19/30:  81%|████████████████████████████▎      | 47/58 [00:01<00:00, 32.03it/s, loss=0.0015]
  Epoch 19/30:  81%|████████████████████████████▎      | 47/58 [00:01<00:00, 32.03it/s, loss=0.0003]
  Epoch 19/30:  88%|██████████████████████████████▊    | 51/58 [00:01<00:00, 33.62it/s, loss=0.0003]
  Epoch 19/30:  88%|██████████████████████████████▊    | 51/58 [00:01<00:00, 33.62it/s, loss=0.0004]
  Epoch 19/30:  88%|██████████████████████████████▊    | 51/58 [00:01<00:00, 33.62it/s, loss=0.0004]
  Epoch 19/30:  88%|██████████████████████████████▊    | 51/58 [00:01<00:00, 33.62it/s, loss=0.0009]
  Epoch 19/30:  88%|██████████████████████████████▊    | 51/58 [00:01<00:00, 33.62it/s, loss=0.0003]
  Epoch 19/30:  95%|█████████████████████████████████▏ | 55/58 [00:01<00:00, 30.67it/s, loss=0.0003]
  Epoch 19/30:  95%|█████████████████████████████████▏ | 55/58 [00:01<00:00, 30.67it/s, loss=0.0008]
  Epoch 19/30:  95%|█████████████████████████████████▏ | 55/58 [00:01<00:00, 30.67it/s, loss=0.0016]
  Epoch 19/30:  95%|█████████████████████████████████▏ | 55/58 [00:01<00:00, 30.67it/s, loss=0.0002]
                                                                                                    

  Epoch 20/30:   0%|                                                         | 0/58 [00:00<?, ?it/s]
  Epoch 20/30:   0%|                                            | 0/58 [00:00<?, ?it/s, loss=0.0006]
  Epoch 20/30:   0%|                                            | 0/58 [00:00<?, ?it/s, loss=0.0005]
  Epoch 20/30:   0%|                                            | 0/58 [00:00<?, ?it/s, loss=0.0004]
  Epoch 20/30:   5%|█▊                                  | 3/58 [00:00<00:02, 25.05it/s, loss=0.0004]
  Epoch 20/30:   5%|█▊                                  | 3/58 [00:00<00:02, 25.05it/s, loss=0.0007]
  Epoch 20/30:   5%|█▊                                  | 3/58 [00:00<00:02, 25.05it/s, loss=0.0010]
  Epoch 20/30:   5%|█▊                                  | 3/58 [00:00<00:02, 25.05it/s, loss=0.0018]
  Epoch 20/30:   5%|█▊                                  | 3/58 [00:00<00:02, 25.05it/s, loss=0.0016]
  Epoch 20/30:  12%|████▎                               | 7/58 [00:00<00:01, 28.32it/s, loss=0.0016]
  Epoch 20/30:  12%|████▎                               | 7/58 [00:00<00:01, 28.32it/s, loss=0.0010]
  Epoch 20/30:  12%|████▎                               | 7/58 [00:00<00:01, 28.32it/s, loss=0.0010]
  Epoch 20/30:  12%|████▎                               | 7/58 [00:00<00:01, 28.32it/s, loss=0.0005]
  Epoch 20/30:  12%|████▎                               | 7/58 [00:00<00:01, 28.32it/s, loss=0.0009]
  Epoch 20/30:  19%|██████▋                            | 11/58 [00:00<00:01, 29.66it/s, loss=0.0009]
  Epoch 20/30:  19%|██████▋                            | 11/58 [00:00<00:01, 29.66it/s, loss=0.0007]
  Epoch 20/30:  19%|██████▋                            | 11/58 [00:00<00:01, 29.66it/s, loss=0.0004]
  Epoch 20/30:  19%|██████▋                            | 11/58 [00:00<00:01, 29.66it/s, loss=0.0006]
  Epoch 20/30:  24%|████████▍                          | 14/58 [00:00<00:01, 29.68it/s, loss=0.0006]
  Epoch 20/30:  24%|████████▍                          | 14/58 [00:00<00:01, 29.68it/s, loss=0.0008]
  Epoch 20/30:  24%|████████▍                          | 14/58 [00:00<00:01, 29.68it/s, loss=0.0008]
  Epoch 20/30:  24%|████████▍                          | 14/58 [00:00<00:01, 29.68it/s, loss=0.0012]
  Epoch 20/30:  29%|██████████▎                        | 17/58 [00:00<00:01, 28.76it/s, loss=0.0012]
  Epoch 20/30:  29%|██████████▎                        | 17/58 [00:00<00:01, 28.76it/s, loss=0.0004]
  Epoch 20/30:  29%|██████████▎                        | 17/58 [00:00<00:01, 28.76it/s, loss=0.0009]
  Epoch 20/30:  29%|██████████▎                        | 17/58 [00:00<00:01, 28.76it/s, loss=0.0003]
  Epoch 20/30:  34%|████████████                       | 20/58 [00:00<00:01, 28.12it/s, loss=0.0003]
  Epoch 20/30:  34%|████████████                       | 20/58 [00:00<00:01, 28.12it/s, loss=0.0008]
  Epoch 20/30:  34%|████████████                       | 20/58 [00:00<00:01, 28.12it/s, loss=0.0012]
  Epoch 20/30:  34%|████████████                       | 20/58 [00:00<00:01, 28.12it/s, loss=0.0005]
  Epoch 20/30:  40%|█████████████▉                     | 23/58 [00:00<00:01, 28.05it/s, loss=0.0005]
  Epoch 20/30:  40%|█████████████▉                     | 23/58 [00:00<00:01, 28.05it/s, loss=0.0009]
  Epoch 20/30:  40%|█████████████▉                     | 23/58 [00:00<00:01, 28.05it/s, loss=0.0021]
  Epoch 20/30:  40%|█████████████▉                     | 23/58 [00:00<00:01, 28.05it/s, loss=0.0008]
  Epoch 20/30:  45%|███████████████▋                   | 26/58 [00:00<00:01, 25.72it/s, loss=0.0008]
  Epoch 20/30:  45%|███████████████▋                   | 26/58 [00:00<00:01, 25.72it/s, loss=0.0006]
  Epoch 20/30:  45%|███████████████▋                   | 26/58 [00:01<00:01, 25.72it/s, loss=0.0015]
  Epoch 20/30:  45%|███████████████▋                   | 26/58 [00:01<00:01, 25.72it/s, loss=0.0012]
  Epoch 20/30:  50%|█████████████████▌                 | 29/58 [00:01<00:01, 24.48it/s, loss=0.0012]
  Epoch 20/30:  50%|█████████████████▌                 | 29/58 [00:01<00:01, 24.48it/s, loss=0.0014]
  Epoch 20/30:  50%|█████████████████▌                 | 29/58 [00:01<00:01, 24.48it/s, loss=0.0005]
  Epoch 20/30:  50%|█████████████████▌                 | 29/58 [00:01<00:01, 24.48it/s, loss=0.0018]
  Epoch 20/30:  55%|███████████████████▎               | 32/58 [00:01<00:01, 18.32it/s, loss=0.0018]
  Epoch 20/30:  55%|███████████████████▎               | 32/58 [00:01<00:01, 18.32it/s, loss=0.0004]
  Epoch 20/30:  55%|███████████████████▎               | 32/58 [00:01<00:01, 18.32it/s, loss=0.0005]
  Epoch 20/30:  55%|███████████████████▎               | 32/58 [00:01<00:01, 18.32it/s, loss=0.0006]
  Epoch 20/30:  60%|█████████████████████              | 35/58 [00:01<00:01, 19.83it/s, loss=0.0006]
  Epoch 20/30:  60%|█████████████████████              | 35/58 [00:01<00:01, 19.83it/s, loss=0.0003]
  Epoch 20/30:  60%|█████████████████████              | 35/58 [00:01<00:01, 19.83it/s, loss=0.0003]
  Epoch 20/30:  60%|█████████████████████              | 35/58 [00:01<00:01, 19.83it/s, loss=0.0005]
  Epoch 20/30:  66%|██████████████████████▉            | 38/58 [00:01<00:00, 20.53it/s, loss=0.0005]
  Epoch 20/30:  66%|██████████████████████▉            | 38/58 [00:01<00:00, 20.53it/s, loss=0.0005]
  Epoch 20/30:  66%|██████████████████████▉            | 38/58 [00:01<00:00, 20.53it/s, loss=0.0009]
  Epoch 20/30:  66%|██████████████████████▉            | 38/58 [00:01<00:00, 20.53it/s, loss=0.0013]
  Epoch 20/30:  71%|████████████████████████▋          | 41/58 [00:01<00:00, 22.53it/s, loss=0.0013]
  Epoch 20/30:  71%|████████████████████████▋          | 41/58 [00:01<00:00, 22.53it/s, loss=0.0006]
  Epoch 20/30:  71%|████████████████████████▋          | 41/58 [00:01<00:00, 22.53it/s, loss=0.0004]
  Epoch 20/30:  71%|████████████████████████▋          | 41/58 [00:01<00:00, 22.53it/s, loss=0.0008]
  Epoch 20/30:  76%|██████████████████████████▌        | 44/58 [00:01<00:00, 24.25it/s, loss=0.0008]
  Epoch 20/30:  76%|██████████████████████████▌        | 44/58 [00:01<00:00, 24.25it/s, loss=0.0009]
  Epoch 20/30:  76%|██████████████████████████▌        | 44/58 [00:01<00:00, 24.25it/s, loss=0.0008]
  Epoch 20/30:  76%|██████████████████████████▌        | 44/58 [00:01<00:00, 24.25it/s, loss=0.0020]
  Epoch 20/30:  81%|████████████████████████████▎      | 47/58 [00:01<00:00, 25.73it/s, loss=0.0020]
  Epoch 20/30:  81%|████████████████████████████▎      | 47/58 [00:01<00:00, 25.73it/s, loss=0.0012]
  Epoch 20/30:  81%|████████████████████████████▎      | 47/58 [00:01<00:00, 25.73it/s, loss=0.0008]
  Epoch 20/30:  81%|████████████████████████████▎      | 47/58 [00:02<00:00, 25.73it/s, loss=0.0015]
  Epoch 20/30:  86%|██████████████████████████████▏    | 50/58 [00:02<00:00, 26.74it/s, loss=0.0015]
  Epoch 20/30:  86%|██████████████████████████████▏    | 50/58 [00:02<00:00, 26.74it/s, loss=0.0005]
  Epoch 20/30:  86%|██████████████████████████████▏    | 50/58 [00:02<00:00, 26.74it/s, loss=0.0006]
  Epoch 20/30:  86%|██████████████████████████████▏    | 50/58 [00:02<00:00, 26.74it/s, loss=0.0003]
  Epoch 20/30:  91%|███████████████████████████████▉   | 53/58 [00:02<00:00, 27.56it/s, loss=0.0003]
  Epoch 20/30:  91%|███████████████████████████████▉   | 53/58 [00:02<00:00, 27.56it/s, loss=0.0004]
  Epoch 20/30:  91%|███████████████████████████████▉   | 53/58 [00:02<00:00, 27.56it/s, loss=0.0008]
  Epoch 20/30:  91%|███████████████████████████████▉   | 53/58 [00:02<00:00, 27.56it/s, loss=0.0015]
  Epoch 20/30:  91%|███████████████████████████████▉   | 53/58 [00:02<00:00, 27.56it/s, loss=0.0005]
  Epoch 20/30:  98%|██████████████████████████████████▍| 57/58 [00:02<00:00, 28.22it/s, loss=0.0005]
  Epoch 20/30:  98%|██████████████████████████████████▍| 57/58 [00:02<00:00, 28.22it/s, loss=0.0000]
                                                                                                    
  Epoch 20/30 │ Loss: 0.0008 │ T+1: 0.8398 │ T+2: 0.6020 │ T+3: 0.4175

  Epoch 21/30:   0%|                                                         | 0/58 [00:00<?, ?it/s]
  Epoch 21/30:   0%|                                            | 0/58 [00:00<?, ?it/s, loss=0.0022]
  Epoch 21/30:   0%|                                            | 0/58 [00:00<?, ?it/s, loss=0.0006]
  Epoch 21/30:   0%|                                            | 0/58 [00:00<?, ?it/s, loss=0.0009]
  Epoch 21/30:   0%|                                            | 0/58 [00:00<?, ?it/s, loss=0.0026]
  Epoch 21/30:   7%|██▍                                 | 4/58 [00:00<00:01, 30.16it/s, loss=0.0026]
  Epoch 21/30:   7%|██▍                                 | 4/58 [00:00<00:01, 30.16it/s, loss=0.0005]
  Epoch 21/30:   7%|██▍                                 | 4/58 [00:00<00:01, 30.16it/s, loss=0.0009]
  Epoch 21/30:   7%|██▍                                 | 4/58 [00:00<00:01, 30.16it/s, loss=0.0003]
  Epoch 21/30:   7%|██▍                                 | 4/58 [00:00<00:01, 30.16it/s, loss=0.0004]
  Epoch 21/30:  14%|████▉                               | 8/58 [00:00<00:01, 30.63it/s, loss=0.0004]
  Epoch 21/30:  14%|████▉                               | 8/58 [00:00<00:01, 30.63it/s, loss=0.0005]
  Epoch 21/30:  14%|████▉                               | 8/58 [00:00<00:01, 30.63it/s, loss=0.0006]
  Epoch 21/30:  14%|████▉                               | 8/58 [00:00<00:01, 30.63it/s, loss=0.0006]
  Epoch 21/30:  14%|████▉                               | 8/58 [00:00<00:01, 30.63it/s, loss=0.0005]
  Epoch 21/30:  21%|███████▏                           | 12/58 [00:00<00:01, 30.58it/s, loss=0.0005]
  Epoch 21/30:  21%|███████▏                           | 12/58 [00:00<00:01, 30.58it/s, loss=0.0004]
  Epoch 21/30:  21%|███████▏                           | 12/58 [00:00<00:01, 30.58it/s, loss=0.0003]
  Epoch 21/30:  21%|███████▏                           | 12/58 [00:00<00:01, 30.58it/s, loss=0.0005]
  Epoch 21/30:  21%|███████▏                           | 12/58 [00:00<00:01, 30.58it/s, loss=0.0006]
  Epoch 21/30:  28%|█████████▋                         | 16/58 [00:00<00:01, 29.43it/s, loss=0.0006]
  Epoch 21/30:  28%|█████████▋                         | 16/58 [00:00<00:01, 29.43it/s, loss=0.0007]
  Epoch 21/30:  28%|█████████▋                         | 16/58 [00:00<00:01, 29.43it/s, loss=0.0010]
  Epoch 21/30:  28%|█████████▋                         | 16/58 [00:00<00:01, 29.43it/s, loss=0.0011]
  Epoch 21/30:  28%|█████████▋                         | 16/58 [00:00<00:01, 29.43it/s, loss=0.0006]
  Epoch 21/30:  34%|████████████                       | 20/58 [00:00<00:01, 31.05it/s, loss=0.0006]
  Epoch 21/30:  34%|████████████                       | 20/58 [00:00<00:01, 31.05it/s, loss=0.0003]
  Epoch 21/30:  34%|████████████                       | 20/58 [00:00<00:01, 31.05it/s, loss=0.0004]
  Epoch 21/30:  34%|████████████                       | 20/58 [00:00<00:01, 31.05it/s, loss=0.0005]
  Epoch 21/30:  34%|████████████                       | 20/58 [00:00<00:01, 31.05it/s, loss=0.0007]
  Epoch 21/30:  41%|██████████████▍                    | 24/58 [00:00<00:01, 30.32it/s, loss=0.0007]
  Epoch 21/30:  41%|██████████████▍                    | 24/58 [00:00<00:01, 30.32it/s, loss=0.0002]
  Epoch 21/30:  41%|██████████████▍                    | 24/58 [00:00<00:01, 30.32it/s, loss=0.0005]
  Epoch 21/30:  41%|██████████████▍                    | 24/58 [00:00<00:01, 30.32it/s, loss=0.0006]
  Epoch 21/30:  41%|██████████████▍                    | 24/58 [00:00<00:01, 30.32it/s, loss=0.0012]
  Epoch 21/30:  48%|████████████████▉                  | 28/58 [00:00<00:00, 31.44it/s, loss=0.0012]
  Epoch 21/30:  48%|████████████████▉                  | 28/58 [00:00<00:00, 31.44it/s, loss=0.0005]
  Epoch 21/30:  48%|████████████████▉                  | 28/58 [00:00<00:00, 31.44it/s, loss=0.0003]
  Epoch 21/30:  48%|████████████████▉                  | 28/58 [00:00<00:00, 31.44it/s, loss=0.0005]
  Epoch 21/30:  48%|████████████████▉                  | 28/58 [00:01<00:00, 31.44it/s, loss=0.0012]
  Epoch 21/30:  55%|███████████████████▎               | 32/58 [00:01<00:00, 32.12it/s, loss=0.0012]
  Epoch 21/30:  55%|███████████████████▎               | 32/58 [00:01<00:00, 32.12it/s, loss=0.0008]
  Epoch 21/30:  55%|███████████████████▎               | 32/58 [00:01<00:00, 32.12it/s, loss=0.0003]
  Epoch 21/30:  55%|███████████████████▎               | 32/58 [00:01<00:00, 32.12it/s, loss=0.0009]
  Epoch 21/30:  55%|███████████████████▎               | 32/58 [00:01<00:00, 32.12it/s, loss=0.0010]
  Epoch 21/30:  62%|█████████████████████▋             | 36/58 [00:01<00:00, 30.53it/s, loss=0.0010]
  Epoch 21/30:  62%|█████████████████████▋             | 36/58 [00:01<00:00, 30.53it/s, loss=0.0028]
  Epoch 21/30:  62%|█████████████████████▋             | 36/58 [00:01<00:00, 30.53it/s, loss=0.0011]
  Epoch 21/30:  62%|█████████████████████▋             | 36/58 [00:01<00:00, 30.53it/s, loss=0.0005]
  Epoch 21/30:  62%|█████████████████████▋             | 36/58 [00:01<00:00, 30.53it/s, loss=0.0007]
  Epoch 21/30:  69%|████████████████████████▏          | 40/58 [00:01<00:00, 28.83it/s, loss=0.0007]
  Epoch 21/30:  69%|████████████████████████▏          | 40/58 [00:01<00:00, 28.83it/s, loss=0.0011]
  Epoch 21/30:  69%|████████████████████████▏          | 40/58 [00:01<00:00, 28.83it/s, loss=0.0009]
  Epoch 21/30:  69%|████████████████████████▏          | 40/58 [00:01<00:00, 28.83it/s, loss=0.0013]
  Epoch 21/30:  69%|████████████████████████▏          | 40/58 [00:01<00:00, 28.83it/s, loss=0.0017]
  Epoch 21/30:  76%|██████████████████████████▌        | 44/58 [00:01<00:00, 30.96it/s, loss=0.0017]
  Epoch 21/30:  76%|██████████████████████████▌        | 44/58 [00:01<00:00, 30.96it/s, loss=0.0005]
  Epoch 21/30:  76%|██████████████████████████▌        | 44/58 [00:01<00:00, 30.96it/s, loss=0.0010]
  Epoch 21/30:  76%|██████████████████████████▌        | 44/58 [00:01<00:00, 30.96it/s, loss=0.0014]
  Epoch 21/30:  76%|██████████████████████████▌        | 44/58 [00:01<00:00, 30.96it/s, loss=0.0007]
  Epoch 21/30:  83%|████████████████████████████▉      | 48/58 [00:01<00:00, 32.52it/s, loss=0.0007]
  Epoch 21/30:  83%|████████████████████████████▉      | 48/58 [00:01<00:00, 32.52it/s, loss=0.0011]
  Epoch 21/30:  83%|████████████████████████████▉      | 48/58 [00:01<00:00, 32.52it/s, loss=0.0004]
  Epoch 21/30:  83%|████████████████████████████▉      | 48/58 [00:01<00:00, 32.52it/s, loss=0.0017]
  Epoch 21/30:  83%|████████████████████████████▉      | 48/58 [00:01<00:00, 32.52it/s, loss=0.0004]
  Epoch 21/30:  90%|███████████████████████████████▍   | 52/58 [00:01<00:00, 33.48it/s, loss=0.0004]
  Epoch 21/30:  90%|███████████████████████████████▍   | 52/58 [00:01<00:00, 33.48it/s, loss=0.0008]
  Epoch 21/30:  90%|███████████████████████████████▍   | 52/58 [00:01<00:00, 33.48it/s, loss=0.0007]
  Epoch 21/30:  90%|███████████████████████████████▍   | 52/58 [00:01<00:00, 33.48it/s, loss=0.0016]
  Epoch 21/30:  90%|███████████████████████████████▍   | 52/58 [00:01<00:00, 33.48it/s, loss=0.0005]
  Epoch 21/30:  97%|█████████████████████████████████▊ | 56/58 [00:01<00:00, 33.84it/s, loss=0.0005]
  Epoch 21/30:  97%|█████████████████████████████████▊ | 56/58 [00:01<00:00, 33.84it/s, loss=0.0014]
  Epoch 21/30:  97%|█████████████████████████████████▊ | 56/58 [00:01<00:00, 33.84it/s, loss=0.0002]
                                                                                                    

  Epoch 22/30:   0%|                                                         | 0/58 [00:00<?, ?it/s]
  Epoch 22/30:   0%|                                            | 0/58 [00:00<?, ?it/s, loss=0.0007]
  Epoch 22/30:   0%|                                            | 0/58 [00:00<?, ?it/s, loss=0.0017]
  Epoch 22/30:   0%|                                            | 0/58 [00:00<?, ?it/s, loss=0.0009]
  Epoch 22/30:   5%|█▊                                  | 3/58 [00:00<00:02, 25.31it/s, loss=0.0009]
  Epoch 22/30:   5%|█▊                                  | 3/58 [00:00<00:02, 25.31it/s, loss=0.0016]
  Epoch 22/30:   5%|█▊                                  | 3/58 [00:00<00:02, 25.31it/s, loss=0.0010]
  Epoch 22/30:   5%|█▊                                  | 3/58 [00:00<00:02, 25.31it/s, loss=0.0011]
  Epoch 22/30:   5%|█▊                                  | 3/58 [00:00<00:02, 25.31it/s, loss=0.0004]
  Epoch 22/30:  12%|████▎                               | 7/58 [00:00<00:01, 31.74it/s, loss=0.0004]
  Epoch 22/30:  12%|████▎                               | 7/58 [00:00<00:01, 31.74it/s, loss=0.0005]
  Epoch 22/30:  12%|████▎                               | 7/58 [00:00<00:01, 31.74it/s, loss=0.0005]
  Epoch 22/30:  12%|████▎                               | 7/58 [00:00<00:01, 31.74it/s, loss=0.0014]
  Epoch 22/30:  12%|████▎                               | 7/58 [00:00<00:01, 31.74it/s, loss=0.0008]
  Epoch 22/30:  19%|██████▋                            | 11/58 [00:00<00:01, 28.93it/s, loss=0.0008]
  Epoch 22/30:  19%|██████▋                            | 11/58 [00:00<00:01, 28.93it/s, loss=0.0009]
  Epoch 22/30:  19%|██████▋                            | 11/58 [00:00<00:01, 28.93it/s, loss=0.0004]
  Epoch 22/30:  19%|██████▋                            | 11/58 [00:00<00:01, 28.93it/s, loss=0.0005]
  Epoch 22/30:  19%|██████▋                            | 11/58 [00:00<00:01, 28.93it/s, loss=0.0003]
  Epoch 22/30:  26%|█████████                          | 15/58 [00:00<00:01, 30.16it/s, loss=0.0003]
  Epoch 22/30:  26%|█████████                          | 15/58 [00:00<00:01, 30.16it/s, loss=0.0004]
  Epoch 22/30:  26%|█████████                          | 15/58 [00:00<00:01, 30.16it/s, loss=0.0005]
  Epoch 22/30:  26%|█████████                          | 15/58 [00:00<00:01, 30.16it/s, loss=0.0007]
  Epoch 22/30:  26%|█████████                          | 15/58 [00:00<00:01, 30.16it/s, loss=0.0005]
  Epoch 22/30:  33%|███████████▍                       | 19/58 [00:00<00:01, 30.71it/s, loss=0.0005]
  Epoch 22/30:  33%|███████████▍                       | 19/58 [00:00<00:01, 30.71it/s, loss=0.0012]
  Epoch 22/30:  33%|███████████▍                       | 19/58 [00:00<00:01, 30.71it/s, loss=0.0006]
  Epoch 22/30:  33%|███████████▍                       | 19/58 [00:00<00:01, 30.71it/s, loss=0.0019]
  Epoch 22/30:  33%|███████████▍                       | 19/58 [00:00<00:01, 30.71it/s, loss=0.0010]
  Epoch 22/30:  40%|█████████████▉                     | 23/58 [00:00<00:01, 31.83it/s, loss=0.0010]
  Epoch 22/30:  40%|█████████████▉                     | 23/58 [00:00<00:01, 31.83it/s, loss=0.0011]
  Epoch 22/30:  40%|█████████████▉                     | 23/58 [00:00<00:01, 31.83it/s, loss=0.0006]
  Epoch 22/30:  40%|█████████████▉                     | 23/58 [00:00<00:01, 31.83it/s, loss=0.0010]
  Epoch 22/30:  40%|█████████████▉                     | 23/58 [00:00<00:01, 31.83it/s, loss=0.0009]
  Epoch 22/30:  47%|████████████████▎                  | 27/58 [00:00<00:00, 32.71it/s, loss=0.0009]
  Epoch 22/30:  47%|████████████████▎                  | 27/58 [00:00<00:00, 32.71it/s, loss=0.0006]
  Epoch 22/30:  47%|████████████████▎                  | 27/58 [00:00<00:00, 32.71it/s, loss=0.0005]
  Epoch 22/30:  47%|████████████████▎                  | 27/58 [00:00<00:00, 32.71it/s, loss=0.0005]
  Epoch 22/30:  47%|████████████████▎                  | 27/58 [00:00<00:00, 32.71it/s, loss=0.0011]
  Epoch 22/30:  53%|██████████████████▋                | 31/58 [00:00<00:00, 32.77it/s, loss=0.0011]
  Epoch 22/30:  53%|██████████████████▋                | 31/58 [00:01<00:00, 32.77it/s, loss=0.0012]
  Epoch 22/30:  53%|██████████████████▋                | 31/58 [00:01<00:00, 32.77it/s, loss=0.0006]
  Epoch 22/30:  53%|██████████████████▋                | 31/58 [00:01<00:00, 32.77it/s, loss=0.0014]
  Epoch 22/30:  53%|██████████████████▋                | 31/58 [00:01<00:00, 32.77it/s, loss=0.0004]
  Epoch 22/30:  60%|█████████████████████              | 35/58 [00:01<00:00, 33.69it/s, loss=0.0004]
  Epoch 22/30:  60%|█████████████████████              | 35/58 [00:01<00:00, 33.69it/s, loss=0.0003]
  Epoch 22/30:  60%|█████████████████████              | 35/58 [00:01<00:00, 33.69it/s, loss=0.0005]
  Epoch 22/30:  60%|█████████████████████              | 35/58 [00:01<00:00, 33.69it/s, loss=0.0004]
  Epoch 22/30:  60%|█████████████████████              | 35/58 [00:01<00:00, 33.69it/s, loss=0.0007]
  Epoch 22/30:  67%|███████████████████████▌           | 39/58 [00:01<00:00, 34.06it/s, loss=0.0007]
  Epoch 22/30:  67%|███████████████████████▌           | 39/58 [00:01<00:00, 34.06it/s, loss=0.0010]
  Epoch 22/30:  67%|███████████████████████▌           | 39/58 [00:01<00:00, 34.06it/s, loss=0.0011]
  Epoch 22/30:  67%|███████████████████████▌           | 39/58 [00:01<00:00, 34.06it/s, loss=0.0005]
  Epoch 22/30:  67%|███████████████████████▌           | 39/58 [00:01<00:00, 34.06it/s, loss=0.0002]
  Epoch 22/30:  74%|█████████████████████████▉         | 43/58 [00:01<00:00, 33.74it/s, loss=0.0002]
  Epoch 22/30:  74%|█████████████████████████▉         | 43/58 [00:01<00:00, 33.74it/s, loss=0.0005]
  Epoch 22/30:  74%|█████████████████████████▉         | 43/58 [00:01<00:00, 33.74it/s, loss=0.0004]
  Epoch 22/30:  74%|█████████████████████████▉         | 43/58 [00:01<00:00, 33.74it/s, loss=0.0010]
  Epoch 22/30:  74%|█████████████████████████▉         | 43/58 [00:01<00:00, 33.74it/s, loss=0.0023]
  Epoch 22/30:  81%|████████████████████████████▎      | 47/58 [00:01<00:00, 33.71it/s, loss=0.0023]
  Epoch 22/30:  81%|████████████████████████████▎      | 47/58 [00:01<00:00, 33.71it/s, loss=0.0010]
  Epoch 22/30:  81%|████████████████████████████▎      | 47/58 [00:01<00:00, 33.71it/s, loss=0.0003]
  Epoch 22/30:  81%|████████████████████████████▎      | 47/58 [00:01<00:00, 33.71it/s, loss=0.0012]
  Epoch 22/30:  81%|████████████████████████████▎      | 47/58 [00:01<00:00, 33.71it/s, loss=0.0004]
  Epoch 22/30:  88%|██████████████████████████████▊    | 51/58 [00:01<00:00, 33.12it/s, loss=0.0004]
  Epoch 22/30:  88%|██████████████████████████████▊    | 51/58 [00:01<00:00, 33.12it/s, loss=0.0010]
  Epoch 22/30:  88%|██████████████████████████████▊    | 51/58 [00:01<00:00, 33.12it/s, loss=0.0003]
  Epoch 22/30:  88%|██████████████████████████████▊    | 51/58 [00:01<00:00, 33.12it/s, loss=0.0011]
  Epoch 22/30:  88%|██████████████████████████████▊    | 51/58 [00:01<00:00, 33.12it/s, loss=0.0010]
  Epoch 22/30:  95%|█████████████████████████████████▏ | 55/58 [00:01<00:00, 34.73it/s, loss=0.0010]
  Epoch 22/30:  95%|█████████████████████████████████▏ | 55/58 [00:01<00:00, 34.73it/s, loss=0.0009]
  Epoch 22/30:  95%|█████████████████████████████████▏ | 55/58 [00:01<00:00, 34.73it/s, loss=0.0012]
  Epoch 22/30:  95%|█████████████████████████████████▏ | 55/58 [00:01<00:00, 34.73it/s, loss=0.0004]
                                                                                                    

  Epoch 23/30:   0%|                                                         | 0/58 [00:00<?, ?it/s]
  Epoch 23/30:   0%|                                            | 0/58 [00:00<?, ?it/s, loss=0.0007]
  Epoch 23/30:   0%|                                            | 0/58 [00:00<?, ?it/s, loss=0.0005]
  Epoch 23/30:   0%|                                            | 0/58 [00:00<?, ?it/s, loss=0.0006]
  Epoch 23/30:   5%|█▊                                  | 3/58 [00:00<00:02, 27.38it/s, loss=0.0006]
  Epoch 23/30:   5%|█▊                                  | 3/58 [00:00<00:02, 27.38it/s, loss=0.0005]
  Epoch 23/30:   5%|█▊                                  | 3/58 [00:00<00:02, 27.38it/s, loss=0.0011]
  Epoch 23/30:   5%|█▊                                  | 3/58 [00:00<00:02, 27.38it/s, loss=0.0016]
  Epoch 23/30:   5%|█▊                                  | 3/58 [00:00<00:02, 27.38it/s, loss=0.0007]
  Epoch 23/30:  12%|████▎                               | 7/58 [00:00<00:01, 32.00it/s, loss=0.0007]
  Epoch 23/30:  12%|████▎                               | 7/58 [00:00<00:01, 32.00it/s, loss=0.0005]
  Epoch 23/30:  12%|████▎                               | 7/58 [00:00<00:01, 32.00it/s, loss=0.0005]
  Epoch 23/30:  12%|████▎                               | 7/58 [00:00<00:01, 32.00it/s, loss=0.0004]
  Epoch 23/30:  12%|████▎                               | 7/58 [00:00<00:01, 32.00it/s, loss=0.0009]
  Epoch 23/30:  19%|██████▋                            | 11/58 [00:00<00:01, 31.29it/s, loss=0.0009]
  Epoch 23/30:  19%|██████▋                            | 11/58 [00:00<00:01, 31.29it/s, loss=0.0005]
  Epoch 23/30:  19%|██████▋                            | 11/58 [00:00<00:01, 31.29it/s, loss=0.0006]
  Epoch 23/30:  19%|██████▋                            | 11/58 [00:00<00:01, 31.29it/s, loss=0.0004]
  Epoch 23/30:  19%|██████▋                            | 11/58 [00:00<00:01, 31.29it/s, loss=0.0007]
  Epoch 23/30:  26%|█████████                          | 15/58 [00:00<00:01, 29.89it/s, loss=0.0007]
  Epoch 23/30:  26%|█████████                          | 15/58 [00:00<00:01, 29.89it/s, loss=0.0014]
  Epoch 23/30:  26%|█████████                          | 15/58 [00:00<00:01, 29.89it/s, loss=0.0010]
  Epoch 23/30:  26%|█████████                          | 15/58 [00:00<00:01, 29.89it/s, loss=0.0005]
  Epoch 23/30:  26%|█████████                          | 15/58 [00:00<00:01, 29.89it/s, loss=0.0010]
  Epoch 23/30:  33%|███████████▍                       | 19/58 [00:00<00:01, 30.21it/s, loss=0.0010]
  Epoch 23/30:  33%|███████████▍                       | 19/58 [00:00<00:01, 30.21it/s, loss=0.0008]
  Epoch 23/30:  33%|███████████▍                       | 19/58 [00:00<00:01, 30.21it/s, loss=0.0009]
  Epoch 23/30:  33%|███████████▍                       | 19/58 [00:00<00:01, 30.21it/s, loss=0.0005]
  Epoch 23/30:  33%|███████████▍                       | 19/58 [00:00<00:01, 30.21it/s, loss=0.0008]
  Epoch 23/30:  40%|█████████████▉                     | 23/58 [00:00<00:01, 31.17it/s, loss=0.0008]
  Epoch 23/30:  40%|█████████████▉                     | 23/58 [00:00<00:01, 31.17it/s, loss=0.0006]
  Epoch 23/30:  40%|█████████████▉                     | 23/58 [00:00<00:01, 31.17it/s, loss=0.0012]
  Epoch 23/30:  40%|█████████████▉                     | 23/58 [00:00<00:01, 31.17it/s, loss=0.0006]
  Epoch 23/30:  40%|█████████████▉                     | 23/58 [00:00<00:01, 31.17it/s, loss=0.0016]
  Epoch 23/30:  47%|████████████████▎                  | 27/58 [00:00<00:00, 33.35it/s, loss=0.0016]
  Epoch 23/30:  47%|████████████████▎                  | 27/58 [00:00<00:00, 33.35it/s, loss=0.0007]
  Epoch 23/30:  47%|████████████████▎                  | 27/58 [00:00<00:00, 33.35it/s, loss=0.0016]
  Epoch 23/30:  47%|████████████████▎                  | 27/58 [00:00<00:00, 33.35it/s, loss=0.0003]
  Epoch 23/30:  47%|████████████████▎                  | 27/58 [00:00<00:00, 33.35it/s, loss=0.0011]
  Epoch 23/30:  47%|████████████████▎                  | 27/58 [00:00<00:00, 33.35it/s, loss=0.0004]
  Epoch 23/30:  55%|███████████████████▎               | 32/58 [00:00<00:00, 36.30it/s, loss=0.0004]
  Epoch 23/30:  55%|███████████████████▎               | 32/58 [00:01<00:00, 36.30it/s, loss=0.0011]
  Epoch 23/30:  55%|███████████████████▎               | 32/58 [00:01<00:00, 36.30it/s, loss=0.0003]
  Epoch 23/30:  55%|███████████████████▎               | 32/58 [00:01<00:00, 36.30it/s, loss=0.0007]
  Epoch 23/30:  55%|███████████████████▎               | 32/58 [00:01<00:00, 36.30it/s, loss=0.0004]
  Epoch 23/30:  62%|█████████████████████▋             | 36/58 [00:01<00:00, 35.27it/s, loss=0.0004]
  Epoch 23/30:  62%|█████████████████████▋             | 36/58 [00:01<00:00, 35.27it/s, loss=0.0019]
  Epoch 23/30:  62%|█████████████████████▋             | 36/58 [00:01<00:00, 35.27it/s, loss=0.0002]
  Epoch 23/30:  62%|█████████████████████▋             | 36/58 [00:01<00:00, 35.27it/s, loss=0.0003]
  Epoch 23/30:  62%|█████████████████████▋             | 36/58 [00:01<00:00, 35.27it/s, loss=0.0005]
  Epoch 23/30:  62%|█████████████████████▋             | 36/58 [00:01<00:00, 35.27it/s, loss=0.0006]
  Epoch 23/30:  71%|████████████████████████▋          | 41/58 [00:01<00:00, 37.23it/s, loss=0.0006]
  Epoch 23/30:  71%|████████████████████████▋          | 41/58 [00:01<00:00, 37.23it/s, loss=0.0010]
  Epoch 23/30:  71%|████████████████████████▋          | 41/58 [00:01<00:00, 37.23it/s, loss=0.0018]
  Epoch 23/30:  71%|████████████████████████▋          | 41/58 [00:01<00:00, 37.23it/s, loss=0.0013]
  Epoch 23/30:  71%|████████████████████████▋          | 41/58 [00:01<00:00, 37.23it/s, loss=0.0010]
  Epoch 23/30:  71%|████████████████████████▋          | 41/58 [00:01<00:00, 37.23it/s, loss=0.0005]
  Epoch 23/30:  79%|███████████████████████████▊       | 46/58 [00:01<00:00, 38.85it/s, loss=0.0005]
  Epoch 23/30:  79%|███████████████████████████▊       | 46/58 [00:01<00:00, 38.85it/s, loss=0.0010]
  Epoch 23/30:  79%|███████████████████████████▊       | 46/58 [00:01<00:00, 38.85it/s, loss=0.0008]
  Epoch 23/30:  79%|███████████████████████████▊       | 46/58 [00:01<00:00, 38.85it/s, loss=0.0007]
  Epoch 23/30:  79%|███████████████████████████▊       | 46/58 [00:01<00:00, 38.85it/s, loss=0.0012]
  Epoch 23/30:  86%|██████████████████████████████▏    | 50/58 [00:01<00:00, 37.25it/s, loss=0.0012]
  Epoch 23/30:  86%|██████████████████████████████▏    | 50/58 [00:01<00:00, 37.25it/s, loss=0.0011]
  Epoch 23/30:  86%|██████████████████████████████▏    | 50/58 [00:01<00:00, 37.25it/s, loss=0.0014]
  Epoch 23/30:  86%|██████████████████████████████▏    | 50/58 [00:01<00:00, 37.25it/s, loss=0.0004]
  Epoch 23/30:  86%|██████████████████████████████▏    | 50/58 [00:01<00:00, 37.25it/s, loss=0.0006]
  Epoch 23/30:  93%|████████████████████████████████▌  | 54/58 [00:01<00:00, 36.72it/s, loss=0.0006]
  Epoch 23/30:  93%|████████████████████████████████▌  | 54/58 [00:01<00:00, 36.72it/s, loss=0.0009]
  Epoch 23/30:  93%|████████████████████████████████▌  | 54/58 [00:01<00:00, 36.72it/s, loss=0.0014]
  Epoch 23/30:  93%|████████████████████████████████▌  | 54/58 [00:01<00:00, 36.72it/s, loss=0.0006]
  Epoch 23/30:  93%|████████████████████████████████▌  | 54/58 [00:01<00:00, 36.72it/s, loss=0.0007]
                                                                                                    

  Epoch 24/30:   0%|                                                         | 0/58 [00:00<?, ?it/s]
  Epoch 24/30:   0%|                                            | 0/58 [00:00<?, ?it/s, loss=0.0006]
  Epoch 24/30:   0%|                                            | 0/58 [00:00<?, ?it/s, loss=0.0005]
  Epoch 24/30:   0%|                                            | 0/58 [00:00<?, ?it/s, loss=0.0007]
  Epoch 24/30:   0%|                                            | 0/58 [00:00<?, ?it/s, loss=0.0005]
  Epoch 24/30:   7%|██▍                                 | 4/58 [00:00<00:01, 39.40it/s, loss=0.0005]
  Epoch 24/30:   7%|██▍                                 | 4/58 [00:00<00:01, 39.40it/s, loss=0.0013]
  Epoch 24/30:   7%|██▍                                 | 4/58 [00:00<00:01, 39.40it/s, loss=0.0010]
  Epoch 24/30:   7%|██▍                                 | 4/58 [00:00<00:01, 39.40it/s, loss=0.0009]
  Epoch 24/30:   7%|██▍                                 | 4/58 [00:00<00:01, 39.40it/s, loss=0.0005]
  Epoch 24/30:   7%|██▍                                 | 4/58 [00:00<00:01, 39.40it/s, loss=0.0018]
  Epoch 24/30:  16%|█████▌                              | 9/58 [00:00<00:01, 42.59it/s, loss=0.0018]
  Epoch 24/30:  16%|█████▌                              | 9/58 [00:00<00:01, 42.59it/s, loss=0.0003]
  Epoch 24/30:  16%|█████▌                              | 9/58 [00:00<00:01, 42.59it/s, loss=0.0019]
  Epoch 24/30:  16%|█████▌                              | 9/58 [00:00<00:01, 42.59it/s, loss=0.0016]
  Epoch 24/30:  16%|█████▌                              | 9/58 [00:00<00:01, 42.59it/s, loss=0.0005]
  Epoch 24/30:  16%|█████▌                              | 9/58 [00:00<00:01, 42.59it/s, loss=0.0011]
  Epoch 24/30:  24%|████████▍                          | 14/58 [00:00<00:01, 33.34it/s, loss=0.0011]
  Epoch 24/30:  24%|████████▍                          | 14/58 [00:00<00:01, 33.34it/s, loss=0.0003]
  Epoch 24/30:  24%|████████▍                          | 14/58 [00:00<00:01, 33.34it/s, loss=0.0003]
  Epoch 24/30:  24%|████████▍                          | 14/58 [00:00<00:01, 33.34it/s, loss=0.0010]
  Epoch 24/30:  24%|████████▍                          | 14/58 [00:00<00:01, 33.34it/s, loss=0.0014]
  Epoch 24/30:  31%|██████████▊                        | 18/58 [00:00<00:01, 32.65it/s, loss=0.0014]
  Epoch 24/30:  31%|██████████▊                        | 18/58 [00:00<00:01, 32.65it/s, loss=0.0006]
  Epoch 24/30:  31%|██████████▊                        | 18/58 [00:00<00:01, 32.65it/s, loss=0.0007]
  Epoch 24/30:  31%|██████████▊                        | 18/58 [00:00<00:01, 32.65it/s, loss=0.0005]
  Epoch 24/30:  31%|██████████▊                        | 18/58 [00:00<00:01, 32.65it/s, loss=0.0010]
  Epoch 24/30:  38%|█████████████▎                     | 22/58 [00:00<00:01, 34.52it/s, loss=0.0010]
  Epoch 24/30:  38%|█████████████▎                     | 22/58 [00:00<00:01, 34.52it/s, loss=0.0013]
  Epoch 24/30:  38%|█████████████▎                     | 22/58 [00:00<00:01, 34.52it/s, loss=0.0006]
  Epoch 24/30:  38%|█████████████▎                     | 22/58 [00:00<00:01, 34.52it/s, loss=0.0014]
  Epoch 24/30:  38%|█████████████▎                     | 22/58 [00:00<00:01, 34.52it/s, loss=0.0012]
  Epoch 24/30:  45%|███████████████▋                   | 26/58 [00:00<00:00, 34.85it/s, loss=0.0012]
  Epoch 24/30:  45%|███████████████▋                   | 26/58 [00:00<00:00, 34.85it/s, loss=0.0011]
  Epoch 24/30:  45%|███████████████▋                   | 26/58 [00:00<00:00, 34.85it/s, loss=0.0005]
  Epoch 24/30:  45%|███████████████▋                   | 26/58 [00:00<00:00, 34.85it/s, loss=0.0005]
  Epoch 24/30:  45%|███████████████▋                   | 26/58 [00:00<00:00, 34.85it/s, loss=0.0002]
  Epoch 24/30:  52%|██████████████████                 | 30/58 [00:00<00:00, 34.56it/s, loss=0.0002]
  Epoch 24/30:  52%|██████████████████                 | 30/58 [00:00<00:00, 34.56it/s, loss=0.0010]
  Epoch 24/30:  52%|██████████████████                 | 30/58 [00:00<00:00, 34.56it/s, loss=0.0008]
  Epoch 24/30:  52%|██████████████████                 | 30/58 [00:00<00:00, 34.56it/s, loss=0.0003]
  Epoch 24/30:  52%|██████████████████                 | 30/58 [00:00<00:00, 34.56it/s, loss=0.0005]
  Epoch 24/30:  52%|██████████████████                 | 30/58 [00:00<00:00, 34.56it/s, loss=0.0009]
  Epoch 24/30:  60%|█████████████████████              | 35/58 [00:00<00:00, 36.74it/s, loss=0.0009]
  Epoch 24/30:  60%|█████████████████████              | 35/58 [00:01<00:00, 36.74it/s, loss=0.0018]
  Epoch 24/30:  60%|█████████████████████              | 35/58 [00:01<00:00, 36.74it/s, loss=0.0008]
  Epoch 24/30:  60%|█████████████████████              | 35/58 [00:01<00:00, 36.74it/s, loss=0.0009]
  Epoch 24/30:  60%|█████████████████████              | 35/58 [00:01<00:00, 36.74it/s, loss=0.0004]
  Epoch 24/30:  60%|█████████████████████              | 35/58 [00:01<00:00, 36.74it/s, loss=0.0015]
  Epoch 24/30:  69%|████████████████████████▏          | 40/58 [00:01<00:00, 38.79it/s, loss=0.0015]
  Epoch 24/30:  69%|████████████████████████▏          | 40/58 [00:01<00:00, 38.79it/s, loss=0.0012]
  Epoch 24/30:  69%|████████████████████████▏          | 40/58 [00:01<00:00, 38.79it/s, loss=0.0006]
  Epoch 24/30:  69%|████████████████████████▏          | 40/58 [00:01<00:00, 38.79it/s, loss=0.0008]
  Epoch 24/30:  69%|████████████████████████▏          | 40/58 [00:01<00:00, 38.79it/s, loss=0.0004]
  Epoch 24/30:  76%|██████████████████████████▌        | 44/58 [00:01<00:00, 38.82it/s, loss=0.0004]
  Epoch 24/30:  76%|██████████████████████████▌        | 44/58 [00:01<00:00, 38.82it/s, loss=0.0004]
  Epoch 24/30:  76%|██████████████████████████▌        | 44/58 [00:01<00:00, 38.82it/s, loss=0.0005]
  Epoch 24/30:  76%|██████████████████████████▌        | 44/58 [00:01<00:00, 38.82it/s, loss=0.0005]
  Epoch 24/30:  76%|██████████████████████████▌        | 44/58 [00:01<00:00, 38.82it/s, loss=0.0010]
  Epoch 24/30:  83%|████████████████████████████▉      | 48/58 [00:01<00:00, 37.91it/s, loss=0.0010]
  Epoch 24/30:  83%|████████████████████████████▉      | 48/58 [00:01<00:00, 37.91it/s, loss=0.0010]
  Epoch 24/30:  83%|████████████████████████████▉      | 48/58 [00:01<00:00, 37.91it/s, loss=0.0007]
  Epoch 24/30:  83%|████████████████████████████▉      | 48/58 [00:01<00:00, 37.91it/s, loss=0.0022]
  Epoch 24/30:  83%|████████████████████████████▉      | 48/58 [00:01<00:00, 37.91it/s, loss=0.0009]
  Epoch 24/30:  90%|███████████████████████████████▍   | 52/58 [00:01<00:00, 36.83it/s, loss=0.0009]
  Epoch 24/30:  90%|███████████████████████████████▍   | 52/58 [00:01<00:00, 36.83it/s, loss=0.0007]
  Epoch 24/30:  90%|███████████████████████████████▍   | 52/58 [00:01<00:00, 36.83it/s, loss=0.0007]
  Epoch 24/30:  90%|███████████████████████████████▍   | 52/58 [00:01<00:00, 36.83it/s, loss=0.0015]
  Epoch 24/30:  90%|███████████████████████████████▍   | 52/58 [00:01<00:00, 36.83it/s, loss=0.0008]
  Epoch 24/30:  90%|███████████████████████████████▍   | 52/58 [00:01<00:00, 36.83it/s, loss=0.0005]
  Epoch 24/30:  98%|██████████████████████████████████▍| 57/58 [00:01<00:00, 39.27it/s, loss=0.0005]
  Epoch 24/30:  98%|██████████████████████████████████▍| 57/58 [00:01<00:00, 39.27it/s, loss=0.0001]
                                                                                                    

  Epoch 25/30:   0%|                                                         | 0/58 [00:00<?, ?it/s]
  Epoch 25/30:   0%|                                            | 0/58 [00:00<?, ?it/s, loss=0.0008]
  Epoch 25/30:   0%|                                            | 0/58 [00:00<?, ?it/s, loss=0.0005]
  Epoch 25/30:   0%|                                            | 0/58 [00:00<?, ?it/s, loss=0.0012]
  Epoch 25/30:   0%|                                            | 0/58 [00:00<?, ?it/s, loss=0.0014]
  Epoch 25/30:   7%|██▍                                 | 4/58 [00:00<00:01, 34.96it/s, loss=0.0014]
  Epoch 25/30:   7%|██▍                                 | 4/58 [00:00<00:01, 34.96it/s, loss=0.0004]
  Epoch 25/30:   7%|██▍                                 | 4/58 [00:00<00:01, 34.96it/s, loss=0.0020]
  Epoch 25/30:   7%|██▍                                 | 4/58 [00:00<00:01, 34.96it/s, loss=0.0004]
  Epoch 25/30:   7%|██▍                                 | 4/58 [00:00<00:01, 34.96it/s, loss=0.0006]
  Epoch 25/30:  14%|████▉                               | 8/58 [00:00<00:01, 37.22it/s, loss=0.0006]
  Epoch 25/30:  14%|████▉                               | 8/58 [00:00<00:01, 37.22it/s, loss=0.0009]
  Epoch 25/30:  14%|████▉                               | 8/58 [00:00<00:01, 37.22it/s, loss=0.0003]
  Epoch 25/30:  14%|████▉                               | 8/58 [00:00<00:01, 37.22it/s, loss=0.0017]
  Epoch 25/30:  14%|████▉                               | 8/58 [00:00<00:01, 37.22it/s, loss=0.0008]
  Epoch 25/30:  21%|███████▏                           | 12/58 [00:00<00:01, 26.82it/s, loss=0.0008]
  Epoch 25/30:  21%|███████▏                           | 12/58 [00:00<00:01, 26.82it/s, loss=0.0018]
  Epoch 25/30:  21%|███████▏                           | 12/58 [00:00<00:01, 26.82it/s, loss=0.0004]
  Epoch 25/30:  21%|███████▏                           | 12/58 [00:00<00:01, 26.82it/s, loss=0.0004]
  Epoch 25/30:  21%|███████▏                           | 12/58 [00:00<00:01, 26.82it/s, loss=0.0010]
  Epoch 25/30:  28%|█████████▋                         | 16/58 [00:00<00:01, 29.04it/s, loss=0.0010]
  Epoch 25/30:  28%|█████████▋                         | 16/58 [00:00<00:01, 29.04it/s, loss=0.0009]
  Epoch 25/30:  28%|█████████▋                         | 16/58 [00:00<00:01, 29.04it/s, loss=0.0005]
  Epoch 25/30:  28%|█████████▋                         | 16/58 [00:00<00:01, 29.04it/s, loss=0.0008]
  Epoch 25/30:  28%|█████████▋                         | 16/58 [00:00<00:01, 29.04it/s, loss=0.0003]
  Epoch 25/30:  34%|████████████                       | 20/58 [00:00<00:01, 31.94it/s, loss=0.0003]
  Epoch 25/30:  34%|████████████                       | 20/58 [00:00<00:01, 31.94it/s, loss=0.0006]
  Epoch 25/30:  34%|████████████                       | 20/58 [00:00<00:01, 31.94it/s, loss=0.0014]
  Epoch 25/30:  34%|████████████                       | 20/58 [00:00<00:01, 31.94it/s, loss=0.0017]
  Epoch 25/30:  34%|████████████                       | 20/58 [00:00<00:01, 31.94it/s, loss=0.0007]
  Epoch 25/30:  41%|██████████████▍                    | 24/58 [00:00<00:01, 31.90it/s, loss=0.0007]
  Epoch 25/30:  41%|██████████████▍                    | 24/58 [00:00<00:01, 31.90it/s, loss=0.0011]
  Epoch 25/30:  41%|██████████████▍                    | 24/58 [00:00<00:01, 31.90it/s, loss=0.0004]
  Epoch 25/30:  41%|██████████████▍                    | 24/58 [00:00<00:01, 31.90it/s, loss=0.0006]
  Epoch 25/30:  41%|██████████████▍                    | 24/58 [00:00<00:01, 31.90it/s, loss=0.0008]
  Epoch 25/30:  48%|████████████████▉                  | 28/58 [00:00<00:00, 32.50it/s, loss=0.0008]
  Epoch 25/30:  48%|████████████████▉                  | 28/58 [00:00<00:00, 32.50it/s, loss=0.0007]
  Epoch 25/30:  48%|████████████████▉                  | 28/58 [00:00<00:00, 32.50it/s, loss=0.0007]
  Epoch 25/30:  48%|████████████████▉                  | 28/58 [00:00<00:00, 32.50it/s, loss=0.0009]
  Epoch 25/30:  48%|████████████████▉                  | 28/58 [00:00<00:00, 32.50it/s, loss=0.0017]
  Epoch 25/30:  55%|███████████████████▎               | 32/58 [00:00<00:00, 33.34it/s, loss=0.0017]
  Epoch 25/30:  55%|███████████████████▎               | 32/58 [00:01<00:00, 33.34it/s, loss=0.0009]
  Epoch 25/30:  55%|███████████████████▎               | 32/58 [00:01<00:00, 33.34it/s, loss=0.0020]
  Epoch 25/30:  55%|███████████████████▎               | 32/58 [00:01<00:00, 33.34it/s, loss=0.0012]
  Epoch 25/30:  55%|███████████████████▎               | 32/58 [00:01<00:00, 33.34it/s, loss=0.0005]
  Epoch 25/30:  55%|███████████████████▎               | 32/58 [00:01<00:00, 33.34it/s, loss=0.0006]
  Epoch 25/30:  64%|██████████████████████▎            | 37/58 [00:01<00:00, 34.95it/s, loss=0.0006]
  Epoch 25/30:  64%|██████████████████████▎            | 37/58 [00:01<00:00, 34.95it/s, loss=0.0007]
  Epoch 25/30:  64%|██████████████████████▎            | 37/58 [00:01<00:00, 34.95it/s, loss=0.0009]
  Epoch 25/30:  64%|██████████████████████▎            | 37/58 [00:01<00:00, 34.95it/s, loss=0.0012]
  Epoch 25/30:  64%|██████████████████████▎            | 37/58 [00:01<00:00, 34.95it/s, loss=0.0004]
  Epoch 25/30:  71%|████████████████████████▋          | 41/58 [00:01<00:00, 33.21it/s, loss=0.0004]
  Epoch 25/30:  71%|████████████████████████▋          | 41/58 [00:01<00:00, 33.21it/s, loss=0.0013]
  Epoch 25/30:  71%|████████████████████████▋          | 41/58 [00:01<00:00, 33.21it/s, loss=0.0008]
  Epoch 25/30:  71%|████████████████████████▋          | 41/58 [00:01<00:00, 33.21it/s, loss=0.0003]
  Epoch 25/30:  71%|████████████████████████▋          | 41/58 [00:01<00:00, 33.21it/s, loss=0.0004]
  Epoch 25/30:  78%|███████████████████████████▏       | 45/58 [00:01<00:00, 32.22it/s, loss=0.0004]
  Epoch 25/30:  78%|███████████████████████████▏       | 45/58 [00:01<00:00, 32.22it/s, loss=0.0006]
  Epoch 25/30:  78%|███████████████████████████▏       | 45/58 [00:01<00:00, 32.22it/s, loss=0.0003]
  Epoch 25/30:  78%|███████████████████████████▏       | 45/58 [00:01<00:00, 32.22it/s, loss=0.0013]
  Epoch 25/30:  78%|███████████████████████████▏       | 45/58 [00:01<00:00, 32.22it/s, loss=0.0002]
  Epoch 25/30:  84%|█████████████████████████████▌     | 49/58 [00:01<00:00, 33.74it/s, loss=0.0002]
  Epoch 25/30:  84%|█████████████████████████████▌     | 49/58 [00:01<00:00, 33.74it/s, loss=0.0008]
  Epoch 25/30:  84%|█████████████████████████████▌     | 49/58 [00:01<00:00, 33.74it/s, loss=0.0002]
  Epoch 25/30:  84%|█████████████████████████████▌     | 49/58 [00:01<00:00, 33.74it/s, loss=0.0009]
  Epoch 25/30:  84%|█████████████████████████████▌     | 49/58 [00:01<00:00, 33.74it/s, loss=0.0008]
  Epoch 25/30:  91%|███████████████████████████████▉   | 53/58 [00:01<00:00, 35.09it/s, loss=0.0008]
  Epoch 25/30:  91%|███████████████████████████████▉   | 53/58 [00:01<00:00, 35.09it/s, loss=0.0003]
  Epoch 25/30:  91%|███████████████████████████████▉   | 53/58 [00:01<00:00, 35.09it/s, loss=0.0008]
  Epoch 25/30:  91%|███████████████████████████████▉   | 53/58 [00:01<00:00, 35.09it/s, loss=0.0005]
  Epoch 25/30:  91%|███████████████████████████████▉   | 53/58 [00:01<00:00, 35.09it/s, loss=0.0005]
  Epoch 25/30:  98%|██████████████████████████████████▍| 57/58 [00:01<00:00, 33.61it/s, loss=0.0005]
  Epoch 25/30:  98%|██████████████████████████████████▍| 57/58 [00:01<00:00, 33.61it/s, loss=0.0001]
                                                                                                    
  Epoch 25/30 │ Loss: 0.0008 │ T+1: 0.8508 │ T+2: 0.6276 │ T+3: 0.4250

  Epoch 26/30:   0%|                                                         | 0/58 [00:00<?, ?it/s]
  Epoch 26/30:   0%|                                            | 0/58 [00:00<?, ?it/s, loss=0.0019]
  Epoch 26/30:   0%|                                            | 0/58 [00:00<?, ?it/s, loss=0.0007]
  Epoch 26/30:   0%|                                            | 0/58 [00:00<?, ?it/s, loss=0.0009]
  Epoch 26/30:   0%|                                            | 0/58 [00:00<?, ?it/s, loss=0.0009]
  Epoch 26/30:   0%|                                            | 0/58 [00:00<?, ?it/s, loss=0.0017]
  Epoch 26/30:   9%|███                                 | 5/58 [00:00<00:01, 39.29it/s, loss=0.0017]
  Epoch 26/30:   9%|███                                 | 5/58 [00:00<00:01, 39.29it/s, loss=0.0009]
  Epoch 26/30:   9%|███                                 | 5/58 [00:00<00:01, 39.29it/s, loss=0.0006]
  Epoch 26/30:   9%|███                                 | 5/58 [00:00<00:01, 39.29it/s, loss=0.0004]
  Epoch 26/30:   9%|███                                 | 5/58 [00:00<00:01, 39.29it/s, loss=0.0007]
  Epoch 26/30:  16%|█████▌                              | 9/58 [00:00<00:01, 37.17it/s, loss=0.0007]
  Epoch 26/30:  16%|█████▌                              | 9/58 [00:00<00:01, 37.17it/s, loss=0.0011]
  Epoch 26/30:  16%|█████▌                              | 9/58 [00:00<00:01, 37.17it/s, loss=0.0003]
  Epoch 26/30:  16%|█████▌                              | 9/58 [00:00<00:01, 37.17it/s, loss=0.0007]
  Epoch 26/30:  16%|█████▌                              | 9/58 [00:00<00:01, 37.17it/s, loss=0.0016]
  Epoch 26/30:  22%|███████▊                           | 13/58 [00:00<00:01, 35.89it/s, loss=0.0016]
  Epoch 26/30:  22%|███████▊                           | 13/58 [00:00<00:01, 35.89it/s, loss=0.0010]
  Epoch 26/30:  22%|███████▊                           | 13/58 [00:00<00:01, 35.89it/s, loss=0.0005]
  Epoch 26/30:  22%|███████▊                           | 13/58 [00:00<00:01, 35.89it/s, loss=0.0005]
  Epoch 26/30:  22%|███████▊                           | 13/58 [00:00<00:01, 35.89it/s, loss=0.0009]
  Epoch 26/30:  29%|██████████▎                        | 17/58 [00:00<00:01, 32.35it/s, loss=0.0009]
  Epoch 26/30:  29%|██████████▎                        | 17/58 [00:00<00:01, 32.35it/s, loss=0.0005]
  Epoch 26/30:  29%|██████████▎                        | 17/58 [00:00<00:01, 32.35it/s, loss=0.0014]
  Epoch 26/30:  29%|██████████▎                        | 17/58 [00:00<00:01, 32.35it/s, loss=0.0005]
  Epoch 26/30:  29%|██████████▎                        | 17/58 [00:00<00:01, 32.35it/s, loss=0.0002]
  Epoch 26/30:  36%|████████████▋                      | 21/58 [00:00<00:01, 30.54it/s, loss=0.0002]
  Epoch 26/30:  36%|████████████▋                      | 21/58 [00:00<00:01, 30.54it/s, loss=0.0013]
  Epoch 26/30:  36%|████████████▋                      | 21/58 [00:00<00:01, 30.54it/s, loss=0.0009]
  Epoch 26/30:  36%|████████████▋                      | 21/58 [00:00<00:01, 30.54it/s, loss=0.0004]
  Epoch 26/30:  36%|████████████▋                      | 21/58 [00:00<00:01, 30.54it/s, loss=0.0005]
  Epoch 26/30:  43%|███████████████                    | 25/58 [00:00<00:01, 29.78it/s, loss=0.0005]
  Epoch 26/30:  43%|███████████████                    | 25/58 [00:00<00:01, 29.78it/s, loss=0.0003]
  Epoch 26/30:  43%|███████████████                    | 25/58 [00:00<00:01, 29.78it/s, loss=0.0004]
  Epoch 26/30:  43%|███████████████                    | 25/58 [00:00<00:01, 29.78it/s, loss=0.0007]
  Epoch 26/30:  43%|███████████████                    | 25/58 [00:00<00:01, 29.78it/s, loss=0.0006]
  Epoch 26/30:  50%|█████████████████▌                 | 29/58 [00:00<00:01, 28.87it/s, loss=0.0006]
  Epoch 26/30:  50%|█████████████████▌                 | 29/58 [00:00<00:01, 28.87it/s, loss=0.0005]
  Epoch 26/30:  50%|█████████████████▌                 | 29/58 [00:00<00:01, 28.87it/s, loss=0.0016]
  Epoch 26/30:  50%|█████████████████▌                 | 29/58 [00:01<00:01, 28.87it/s, loss=0.0010]
  Epoch 26/30:  50%|█████████████████▌                 | 29/58 [00:01<00:01, 28.87it/s, loss=0.0012]
  Epoch 26/30:  57%|███████████████████▉               | 33/58 [00:01<00:00, 31.56it/s, loss=0.0012]
  Epoch 26/30:  57%|███████████████████▉               | 33/58 [00:01<00:00, 31.56it/s, loss=0.0006]
  Epoch 26/30:  57%|███████████████████▉               | 33/58 [00:01<00:00, 31.56it/s, loss=0.0002]
  Epoch 26/30:  57%|███████████████████▉               | 33/58 [00:01<00:00, 31.56it/s, loss=0.0007]
  Epoch 26/30:  57%|███████████████████▉               | 33/58 [00:01<00:00, 31.56it/s, loss=0.0003]
  Epoch 26/30:  64%|██████████████████████▎            | 37/58 [00:01<00:00, 32.12it/s, loss=0.0003]
  Epoch 26/30:  64%|██████████████████████▎            | 37/58 [00:01<00:00, 32.12it/s, loss=0.0003]
  Epoch 26/30:  64%|██████████████████████▎            | 37/58 [00:01<00:00, 32.12it/s, loss=0.0008]
  Epoch 26/30:  64%|██████████████████████▎            | 37/58 [00:01<00:00, 32.12it/s, loss=0.0007]
  Epoch 26/30:  64%|██████████████████████▎            | 37/58 [00:01<00:00, 32.12it/s, loss=0.0006]
  Epoch 26/30:  64%|██████████████████████▎            | 37/58 [00:01<00:00, 32.12it/s, loss=0.0013]
  Epoch 26/30:  72%|█████████████████████████▎         | 42/58 [00:01<00:00, 34.17it/s, loss=0.0013]
  Epoch 26/30:  72%|█████████████████████████▎         | 42/58 [00:01<00:00, 34.17it/s, loss=0.0016]
  Epoch 26/30:  72%|█████████████████████████▎         | 42/58 [00:01<00:00, 34.17it/s, loss=0.0010]
  Epoch 26/30:  72%|█████████████████████████▎         | 42/58 [00:01<00:00, 34.17it/s, loss=0.0008]
  Epoch 26/30:  72%|█████████████████████████▎         | 42/58 [00:01<00:00, 34.17it/s, loss=0.0019]
  Epoch 26/30:  79%|███████████████████████████▊       | 46/58 [00:01<00:00, 34.47it/s, loss=0.0019]
  Epoch 26/30:  79%|███████████████████████████▊       | 46/58 [00:01<00:00, 34.47it/s, loss=0.0003]
  Epoch 26/30:  79%|███████████████████████████▊       | 46/58 [00:01<00:00, 34.47it/s, loss=0.0015]
  Epoch 26/30:  79%|███████████████████████████▊       | 46/58 [00:01<00:00, 34.47it/s, loss=0.0002]
  Epoch 26/30:  79%|███████████████████████████▊       | 46/58 [00:01<00:00, 34.47it/s, loss=0.0005]
  Epoch 26/30:  86%|██████████████████████████████▏    | 50/58 [00:01<00:00, 33.18it/s, loss=0.0005]
  Epoch 26/30:  86%|██████████████████████████████▏    | 50/58 [00:01<00:00, 33.18it/s, loss=0.0009]
  Epoch 26/30:  86%|██████████████████████████████▏    | 50/58 [00:01<00:00, 33.18it/s, loss=0.0006]
  Epoch 26/30:  86%|██████████████████████████████▏    | 50/58 [00:01<00:00, 33.18it/s, loss=0.0026]
  Epoch 26/30:  86%|██████████████████████████████▏    | 50/58 [00:01<00:00, 33.18it/s, loss=0.0002]
  Epoch 26/30:  93%|████████████████████████████████▌  | 54/58 [00:01<00:00, 30.94it/s, loss=0.0002]
  Epoch 26/30:  93%|████████████████████████████████▌  | 54/58 [00:01<00:00, 30.94it/s, loss=0.0004]
  Epoch 26/30:  93%|████████████████████████████████▌  | 54/58 [00:01<00:00, 30.94it/s, loss=0.0004]
  Epoch 26/30:  93%|████████████████████████████████▌  | 54/58 [00:01<00:00, 30.94it/s, loss=0.0006]
  Epoch 26/30:  93%|████████████████████████████████▌  | 54/58 [00:01<00:00, 30.94it/s, loss=0.0010]
                                                                                                    

  Epoch 27/30:   0%|                                                         | 0/58 [00:00<?, ?it/s]
  Epoch 27/30:   0%|                                            | 0/58 [00:00<?, ?it/s, loss=0.0003]
  Epoch 27/30:   0%|                                            | 0/58 [00:00<?, ?it/s, loss=0.0005]
  Epoch 27/30:   0%|                                            | 0/58 [00:00<?, ?it/s, loss=0.0007]
  Epoch 27/30:   0%|                                            | 0/58 [00:00<?, ?it/s, loss=0.0007]
  Epoch 27/30:   7%|██▍                                 | 4/58 [00:00<00:01, 36.34it/s, loss=0.0007]
  Epoch 27/30:   7%|██▍                                 | 4/58 [00:00<00:01, 36.34it/s, loss=0.0004]
  Epoch 27/30:   7%|██▍                                 | 4/58 [00:00<00:01, 36.34it/s, loss=0.0003]
  Epoch 27/30:   7%|██▍                                 | 4/58 [00:00<00:01, 36.34it/s, loss=0.0003]
  Epoch 27/30:   7%|██▍                                 | 4/58 [00:00<00:01, 36.34it/s, loss=0.0011]
  Epoch 27/30:  14%|████▉                               | 8/58 [00:00<00:01, 36.89it/s, loss=0.0011]
  Epoch 27/30:  14%|████▉                               | 8/58 [00:00<00:01, 36.89it/s, loss=0.0011]
  Epoch 27/30:  14%|████▉                               | 8/58 [00:00<00:01, 36.89it/s, loss=0.0003]
  Epoch 27/30:  14%|████▉                               | 8/58 [00:00<00:01, 36.89it/s, loss=0.0009]
  Epoch 27/30:  14%|████▉                               | 8/58 [00:00<00:01, 36.89it/s, loss=0.0011]
  Epoch 27/30:  21%|███████▏                           | 12/58 [00:00<00:01, 38.13it/s, loss=0.0011]
  Epoch 27/30:  21%|███████▏                           | 12/58 [00:00<00:01, 38.13it/s, loss=0.0007]
  Epoch 27/30:  21%|███████▏                           | 12/58 [00:00<00:01, 38.13it/s, loss=0.0014]
  Epoch 27/30:  21%|███████▏                           | 12/58 [00:00<00:01, 38.13it/s, loss=0.0009]
  Epoch 27/30:  21%|███████▏                           | 12/58 [00:00<00:01, 38.13it/s, loss=0.0008]
  Epoch 27/30:  28%|█████████▋                         | 16/58 [00:00<00:01, 36.06it/s, loss=0.0008]
  Epoch 27/30:  28%|█████████▋                         | 16/58 [00:00<00:01, 36.06it/s, loss=0.0003]
  Epoch 27/30:  28%|█████████▋                         | 16/58 [00:00<00:01, 36.06it/s, loss=0.0009]
  Epoch 27/30:  28%|█████████▋                         | 16/58 [00:00<00:01, 36.06it/s, loss=0.0007]
  Epoch 27/30:  28%|█████████▋                         | 16/58 [00:00<00:01, 36.06it/s, loss=0.0004]
  Epoch 27/30:  34%|████████████                       | 20/58 [00:00<00:01, 35.11it/s, loss=0.0004]
  Epoch 27/30:  34%|████████████                       | 20/58 [00:00<00:01, 35.11it/s, loss=0.0004]
  Epoch 27/30:  34%|████████████                       | 20/58 [00:00<00:01, 35.11it/s, loss=0.0011]
  Epoch 27/30:  34%|████████████                       | 20/58 [00:00<00:01, 35.11it/s, loss=0.0004]
  Epoch 27/30:  34%|████████████                       | 20/58 [00:00<00:01, 35.11it/s, loss=0.0024]
  Epoch 27/30:  34%|████████████                       | 20/58 [00:00<00:01, 35.11it/s, loss=0.0006]
  Epoch 27/30:  43%|███████████████                    | 25/58 [00:00<00:00, 38.17it/s, loss=0.0006]
  Epoch 27/30:  43%|███████████████                    | 25/58 [00:00<00:00, 38.17it/s, loss=0.0006]
  Epoch 27/30:  43%|███████████████                    | 25/58 [00:00<00:00, 38.17it/s, loss=0.0002]
  Epoch 27/30:  43%|███████████████                    | 25/58 [00:00<00:00, 38.17it/s, loss=0.0005]
  Epoch 27/30:  43%|███████████████                    | 25/58 [00:00<00:00, 38.17it/s, loss=0.0005]
  Epoch 27/30:  50%|█████████████████▌                 | 29/58 [00:00<00:00, 36.82it/s, loss=0.0005]
  Epoch 27/30:  50%|█████████████████▌                 | 29/58 [00:00<00:00, 36.82it/s, loss=0.0010]
  Epoch 27/30:  50%|█████████████████▌                 | 29/58 [00:00<00:00, 36.82it/s, loss=0.0006]
  Epoch 27/30:  50%|█████████████████▌                 | 29/58 [00:00<00:00, 36.82it/s, loss=0.0005]
  Epoch 27/30:  50%|█████████████████▌                 | 29/58 [00:00<00:00, 36.82it/s, loss=0.0004]
  Epoch 27/30:  57%|███████████████████▉               | 33/58 [00:00<00:00, 37.35it/s, loss=0.0004]
  Epoch 27/30:  57%|███████████████████▉               | 33/58 [00:00<00:00, 37.35it/s, loss=0.0005]
  Epoch 27/30:  57%|███████████████████▉               | 33/58 [00:00<00:00, 37.35it/s, loss=0.0003]
  Epoch 27/30:  57%|███████████████████▉               | 33/58 [00:00<00:00, 37.35it/s, loss=0.0007]
  Epoch 27/30:  57%|███████████████████▉               | 33/58 [00:00<00:00, 37.35it/s, loss=0.0006]
  Epoch 27/30:  64%|██████████████████████▎            | 37/58 [00:00<00:00, 37.69it/s, loss=0.0006]
  Epoch 27/30:  64%|██████████████████████▎            | 37/58 [00:01<00:00, 37.69it/s, loss=0.0004]
  Epoch 27/30:  64%|██████████████████████▎            | 37/58 [00:01<00:00, 37.69it/s, loss=0.0004]
  Epoch 27/30:  64%|██████████████████████▎            | 37/58 [00:01<00:00, 37.69it/s, loss=0.0008]
  Epoch 27/30:  64%|██████████████████████▎            | 37/58 [00:01<00:00, 37.69it/s, loss=0.0003]
  Epoch 27/30:  71%|████████████████████████▋          | 41/58 [00:01<00:00, 35.59it/s, loss=0.0003]
  Epoch 27/30:  71%|████████████████████████▋          | 41/58 [00:01<00:00, 35.59it/s, loss=0.0011]
  Epoch 27/30:  71%|████████████████████████▋          | 41/58 [00:01<00:00, 35.59it/s, loss=0.0004]
  Epoch 27/30:  71%|████████████████████████▋          | 41/58 [00:01<00:00, 35.59it/s, loss=0.0020]
  Epoch 27/30:  71%|████████████████████████▋          | 41/58 [00:01<00:00, 35.59it/s, loss=0.0023]
  Epoch 27/30:  78%|███████████████████████████▏       | 45/58 [00:01<00:00, 34.06it/s, loss=0.0023]
  Epoch 27/30:  78%|███████████████████████████▏       | 45/58 [00:01<00:00, 34.06it/s, loss=0.0008]
  Epoch 27/30:  78%|███████████████████████████▏       | 45/58 [00:01<00:00, 34.06it/s, loss=0.0013]
  Epoch 27/30:  78%|███████████████████████████▏       | 45/58 [00:01<00:00, 34.06it/s, loss=0.0010]
  Epoch 27/30:  78%|███████████████████████████▏       | 45/58 [00:01<00:00, 34.06it/s, loss=0.0012]
  Epoch 27/30:  84%|█████████████████████████████▌     | 49/58 [00:01<00:00, 32.96it/s, loss=0.0012]
  Epoch 27/30:  84%|█████████████████████████████▌     | 49/58 [00:01<00:00, 32.96it/s, loss=0.0007]
  Epoch 27/30:  84%|█████████████████████████████▌     | 49/58 [00:01<00:00, 32.96it/s, loss=0.0018]
  Epoch 27/30:  84%|█████████████████████████████▌     | 49/58 [00:01<00:00, 32.96it/s, loss=0.0007]
  Epoch 27/30:  84%|█████████████████████████████▌     | 49/58 [00:01<00:00, 32.96it/s, loss=0.0013]
  Epoch 27/30:  91%|███████████████████████████████▉   | 53/58 [00:01<00:00, 34.27it/s, loss=0.0013]
  Epoch 27/30:  91%|███████████████████████████████▉   | 53/58 [00:01<00:00, 34.27it/s, loss=0.0008]
  Epoch 27/30:  91%|███████████████████████████████▉   | 53/58 [00:01<00:00, 34.27it/s, loss=0.0021]
  Epoch 27/30:  91%|███████████████████████████████▉   | 53/58 [00:01<00:00, 34.27it/s, loss=0.0004]
  Epoch 27/30:  91%|███████████████████████████████▉   | 53/58 [00:01<00:00, 34.27it/s, loss=0.0003]
  Epoch 27/30:  98%|██████████████████████████████████▍| 57/58 [00:01<00:00, 34.82it/s, loss=0.0003]
  Epoch 27/30:  98%|██████████████████████████████████▍| 57/58 [00:01<00:00, 34.82it/s, loss=0.0001]
                                                                                                    

  Epoch 28/30:   0%|                                                         | 0/58 [00:00<?, ?it/s]
  Epoch 28/30:   0%|                                            | 0/58 [00:00<?, ?it/s, loss=0.0009]
  Epoch 28/30:   0%|                                            | 0/58 [00:00<?, ?it/s, loss=0.0010]
  Epoch 28/30:   0%|                                            | 0/58 [00:00<?, ?it/s, loss=0.0009]
  Epoch 28/30:   0%|                                            | 0/58 [00:00<?, ?it/s, loss=0.0006]
  Epoch 28/30:   7%|██▍                                 | 4/58 [00:00<00:01, 30.14it/s, loss=0.0006]
  Epoch 28/30:   7%|██▍                                 | 4/58 [00:00<00:01, 30.14it/s, loss=0.0005]
  Epoch 28/30:   7%|██▍                                 | 4/58 [00:00<00:01, 30.14it/s, loss=0.0002]
  Epoch 28/30:   7%|██▍                                 | 4/58 [00:00<00:01, 30.14it/s, loss=0.0007]
  Epoch 28/30:   7%|██▍                                 | 4/58 [00:00<00:01, 30.14it/s, loss=0.0003]
  Epoch 28/30:  14%|████▉                               | 8/58 [00:00<00:01, 29.35it/s, loss=0.0003]
  Epoch 28/30:  14%|████▉                               | 8/58 [00:00<00:01, 29.35it/s, loss=0.0005]
  Epoch 28/30:  14%|████▉                               | 8/58 [00:00<00:01, 29.35it/s, loss=0.0004]
  Epoch 28/30:  14%|████▉                               | 8/58 [00:00<00:01, 29.35it/s, loss=0.0011]
  Epoch 28/30:  14%|████▉                               | 8/58 [00:00<00:01, 29.35it/s, loss=0.0017]
  Epoch 28/30:  21%|███████▏                           | 12/58 [00:00<00:01, 30.42it/s, loss=0.0017]
  Epoch 28/30:  21%|███████▏                           | 12/58 [00:00<00:01, 30.42it/s, loss=0.0007]
  Epoch 28/30:  21%|███████▏                           | 12/58 [00:00<00:01, 30.42it/s, loss=0.0015]
  Epoch 28/30:  21%|███████▏                           | 12/58 [00:00<00:01, 30.42it/s, loss=0.0004]
  Epoch 28/30:  21%|███████▏                           | 12/58 [00:00<00:01, 30.42it/s, loss=0.0013]
  Epoch 28/30:  28%|█████████▋                         | 16/58 [00:00<00:01, 30.84it/s, loss=0.0013]
  Epoch 28/30:  28%|█████████▋                         | 16/58 [00:00<00:01, 30.84it/s, loss=0.0004]
  Epoch 28/30:  28%|█████████▋                         | 16/58 [00:00<00:01, 30.84it/s, loss=0.0009]
  Epoch 28/30:  28%|█████████▋                         | 16/58 [00:00<00:01, 30.84it/s, loss=0.0011]
  Epoch 28/30:  28%|█████████▋                         | 16/58 [00:00<00:01, 30.84it/s, loss=0.0003]
  Epoch 28/30:  34%|████████████                       | 20/58 [00:00<00:01, 29.87it/s, loss=0.0003]
  Epoch 28/30:  34%|████████████                       | 20/58 [00:00<00:01, 29.87it/s, loss=0.0008]
  Epoch 28/30:  34%|████████████                       | 20/58 [00:00<00:01, 29.87it/s, loss=0.0010]
  Epoch 28/30:  34%|████████████                       | 20/58 [00:00<00:01, 29.87it/s, loss=0.0005]
  Epoch 28/30:  40%|█████████████▉                     | 23/58 [00:00<00:01, 29.36it/s, loss=0.0005]
  Epoch 28/30:  40%|█████████████▉                     | 23/58 [00:00<00:01, 29.36it/s, loss=0.0014]
  Epoch 28/30:  40%|█████████████▉                     | 23/58 [00:00<00:01, 29.36it/s, loss=0.0015]
  Epoch 28/30:  40%|█████████████▉                     | 23/58 [00:00<00:01, 29.36it/s, loss=0.0004]
  Epoch 28/30:  45%|███████████████▋                   | 26/58 [00:00<00:01, 28.61it/s, loss=0.0004]
  Epoch 28/30:  45%|███████████████▋                   | 26/58 [00:00<00:01, 28.61it/s, loss=0.0015]
  Epoch 28/30:  45%|███████████████▋                   | 26/58 [00:00<00:01, 28.61it/s, loss=0.0003]
  Epoch 28/30:  45%|███████████████▋                   | 26/58 [00:01<00:01, 28.61it/s, loss=0.0007]
  Epoch 28/30:  50%|█████████████████▌                 | 29/58 [00:01<00:01, 27.02it/s, loss=0.0007]
  Epoch 28/30:  50%|█████████████████▌                 | 29/58 [00:01<00:01, 27.02it/s, loss=0.0007]
  Epoch 28/30:  50%|█████████████████▌                 | 29/58 [00:01<00:01, 27.02it/s, loss=0.0008]
  Epoch 28/30:  50%|█████████████████▌                 | 29/58 [00:01<00:01, 27.02it/s, loss=0.0015]
  Epoch 28/30:  55%|███████████████████▎               | 32/58 [00:01<00:00, 26.62it/s, loss=0.0015]
  Epoch 28/30:  55%|███████████████████▎               | 32/58 [00:01<00:00, 26.62it/s, loss=0.0015]
  Epoch 28/30:  55%|███████████████████▎               | 32/58 [00:01<00:00, 26.62it/s, loss=0.0005]
  Epoch 28/30:  55%|███████████████████▎               | 32/58 [00:01<00:00, 26.62it/s, loss=0.0003]
  Epoch 28/30:  60%|█████████████████████              | 35/58 [00:01<00:00, 25.41it/s, loss=0.0003]
  Epoch 28/30:  60%|█████████████████████              | 35/58 [00:01<00:00, 25.41it/s, loss=0.0010]
  Epoch 28/30:  60%|█████████████████████              | 35/58 [00:01<00:00, 25.41it/s, loss=0.0005]
  Epoch 28/30:  60%|█████████████████████              | 35/58 [00:01<00:00, 25.41it/s, loss=0.0011]
  Epoch 28/30:  66%|██████████████████████▉            | 38/58 [00:01<00:00, 25.60it/s, loss=0.0011]
  Epoch 28/30:  66%|██████████████████████▉            | 38/58 [00:01<00:00, 25.60it/s, loss=0.0022]
  Epoch 28/30:  66%|██████████████████████▉            | 38/58 [00:01<00:00, 25.60it/s, loss=0.0003]
  Epoch 28/30:  66%|██████████████████████▉            | 38/58 [00:01<00:00, 25.60it/s, loss=0.0006]
  Epoch 28/30:  71%|████████████████████████▋          | 41/58 [00:01<00:00, 26.39it/s, loss=0.0006]
  Epoch 28/30:  71%|████████████████████████▋          | 41/58 [00:01<00:00, 26.39it/s, loss=0.0002]
  Epoch 28/30:  71%|████████████████████████▋          | 41/58 [00:01<00:00, 26.39it/s, loss=0.0005]
  Epoch 28/30:  71%|████████████████████████▋          | 41/58 [00:01<00:00, 26.39it/s, loss=0.0010]
  Epoch 28/30:  76%|██████████████████████████▌        | 44/58 [00:01<00:00, 27.12it/s, loss=0.0010]
  Epoch 28/30:  76%|██████████████████████████▌        | 44/58 [00:01<00:00, 27.12it/s, loss=0.0002]
  Epoch 28/30:  76%|██████████████████████████▌        | 44/58 [00:01<00:00, 27.12it/s, loss=0.0005]
  Epoch 28/30:  76%|██████████████████████████▌        | 44/58 [00:01<00:00, 27.12it/s, loss=0.0004]
  Epoch 28/30:  81%|████████████████████████████▎      | 47/58 [00:01<00:00, 27.53it/s, loss=0.0004]
  Epoch 28/30:  81%|████████████████████████████▎      | 47/58 [00:01<00:00, 27.53it/s, loss=0.0005]
  Epoch 28/30:  81%|████████████████████████████▎      | 47/58 [00:01<00:00, 27.53it/s, loss=0.0010]
  Epoch 28/30:  81%|████████████████████████████▎      | 47/58 [00:01<00:00, 27.53it/s, loss=0.0008]
  Epoch 28/30:  86%|██████████████████████████████▏    | 50/58 [00:01<00:00, 27.87it/s, loss=0.0008]
  Epoch 28/30:  86%|██████████████████████████████▏    | 50/58 [00:01<00:00, 27.87it/s, loss=0.0004]
  Epoch 28/30:  86%|██████████████████████████████▏    | 50/58 [00:01<00:00, 27.87it/s, loss=0.0008]
  Epoch 28/30:  86%|██████████████████████████████▏    | 50/58 [00:01<00:00, 27.87it/s, loss=0.0010]
  Epoch 28/30:  91%|███████████████████████████████▉   | 53/58 [00:01<00:00, 28.27it/s, loss=0.0010]
  Epoch 28/30:  91%|███████████████████████████████▉   | 53/58 [00:01<00:00, 28.27it/s, loss=0.0012]
  Epoch 28/30:  91%|███████████████████████████████▉   | 53/58 [00:01<00:00, 28.27it/s, loss=0.0006]
  Epoch 28/30:  91%|███████████████████████████████▉   | 53/58 [00:01<00:00, 28.27it/s, loss=0.0017]
  Epoch 28/30:  91%|███████████████████████████████▉   | 53/58 [00:02<00:00, 28.27it/s, loss=0.0006]
  Epoch 28/30:  98%|██████████████████████████████████▍| 57/58 [00:02<00:00, 28.50it/s, loss=0.0006]
  Epoch 28/30:  98%|██████████████████████████████████▍| 57/58 [00:02<00:00, 28.50it/s, loss=0.0007]
                                                                                                    

  Epoch 29/30:   0%|                                                         | 0/58 [00:00<?, ?it/s]
  Epoch 29/30:   0%|                                            | 0/58 [00:00<?, ?it/s, loss=0.0002]
  Epoch 29/30:   0%|                                            | 0/58 [00:00<?, ?it/s, loss=0.0010]
  Epoch 29/30:   0%|                                            | 0/58 [00:00<?, ?it/s, loss=0.0012]
  Epoch 29/30:   0%|                                            | 0/58 [00:00<?, ?it/s, loss=0.0005]
  Epoch 29/30:   7%|██▍                                 | 4/58 [00:00<00:01, 29.16it/s, loss=0.0005]
  Epoch 29/30:   7%|██▍                                 | 4/58 [00:00<00:01, 29.16it/s, loss=0.0002]
  Epoch 29/30:   7%|██▍                                 | 4/58 [00:00<00:01, 29.16it/s, loss=0.0015]
  Epoch 29/30:   7%|██▍                                 | 4/58 [00:00<00:01, 29.16it/s, loss=0.0012]
  Epoch 29/30:   7%|██▍                                 | 4/58 [00:00<00:01, 29.16it/s, loss=0.0010]
  Epoch 29/30:  14%|████▉                               | 8/58 [00:00<00:01, 29.61it/s, loss=0.0010]
  Epoch 29/30:  14%|████▉                               | 8/58 [00:00<00:01, 29.61it/s, loss=0.0006]
  Epoch 29/30:  14%|████▉                               | 8/58 [00:00<00:01, 29.61it/s, loss=0.0004]
  Epoch 29/30:  14%|████▉                               | 8/58 [00:00<00:01, 29.61it/s, loss=0.0018]
  Epoch 29/30:  19%|██████▋                            | 11/58 [00:00<00:01, 29.10it/s, loss=0.0018]
  Epoch 29/30:  19%|██████▋                            | 11/58 [00:00<00:01, 29.10it/s, loss=0.0014]
  Epoch 29/30:  19%|██████▋                            | 11/58 [00:00<00:01, 29.10it/s, loss=0.0005]
  Epoch 29/30:  19%|██████▋                            | 11/58 [00:00<00:01, 29.10it/s, loss=0.0008]
  Epoch 29/30:  24%|████████▍                          | 14/58 [00:00<00:01, 25.53it/s, loss=0.0008]
  Epoch 29/30:  24%|████████▍                          | 14/58 [00:00<00:01, 25.53it/s, loss=0.0009]
  Epoch 29/30:  24%|████████▍                          | 14/58 [00:00<00:01, 25.53it/s, loss=0.0006]
  Epoch 29/30:  24%|████████▍                          | 14/58 [00:00<00:01, 25.53it/s, loss=0.0006]
  Epoch 29/30:  24%|████████▍                          | 14/58 [00:00<00:01, 25.53it/s, loss=0.0005]
  Epoch 29/30:  31%|██████████▊                        | 18/58 [00:00<00:01, 27.47it/s, loss=0.0005]
  Epoch 29/30:  31%|██████████▊                        | 18/58 [00:00<00:01, 27.47it/s, loss=0.0013]
  Epoch 29/30:  31%|██████████▊                        | 18/58 [00:00<00:01, 27.47it/s, loss=0.0004]
  Epoch 29/30:  31%|██████████▊                        | 18/58 [00:00<00:01, 27.47it/s, loss=0.0008]
  Epoch 29/30:  36%|████████████▋                      | 21/58 [00:00<00:01, 26.14it/s, loss=0.0008]
  Epoch 29/30:  36%|████████████▋                      | 21/58 [00:00<00:01, 26.14it/s, loss=0.0009]
  Epoch 29/30:  36%|████████████▋                      | 21/58 [00:00<00:01, 26.14it/s, loss=0.0004]
  Epoch 29/30:  36%|████████████▋                      | 21/58 [00:00<00:01, 26.14it/s, loss=0.0007]
  Epoch 29/30:  41%|██████████████▍                    | 24/58 [00:00<00:01, 25.56it/s, loss=0.0007]
  Epoch 29/30:  41%|██████████████▍                    | 24/58 [00:00<00:01, 25.56it/s, loss=0.0008]
  Epoch 29/30:  41%|██████████████▍                    | 24/58 [00:00<00:01, 25.56it/s, loss=0.0007]
  Epoch 29/30:  41%|██████████████▍                    | 24/58 [00:01<00:01, 25.56it/s, loss=0.0009]
  Epoch 29/30:  47%|████████████████▎                  | 27/58 [00:01<00:01, 23.83it/s, loss=0.0009]
  Epoch 29/30:  47%|████████████████▎                  | 27/58 [00:01<00:01, 23.83it/s, loss=0.0006]
  Epoch 29/30:  47%|████████████████▎                  | 27/58 [00:01<00:01, 23.83it/s, loss=0.0016]
  Epoch 29/30:  47%|████████████████▎                  | 27/58 [00:01<00:01, 23.83it/s, loss=0.0011]
  Epoch 29/30:  52%|██████████████████                 | 30/58 [00:01<00:01, 23.71it/s, loss=0.0011]
  Epoch 29/30:  52%|██████████████████                 | 30/58 [00:01<00:01, 23.71it/s, loss=0.0008]
  Epoch 29/30:  52%|██████████████████                 | 30/58 [00:01<00:01, 23.71it/s, loss=0.0005]
  Epoch 29/30:  52%|██████████████████                 | 30/58 [00:01<00:01, 23.71it/s, loss=0.0013]
  Epoch 29/30:  57%|███████████████████▉               | 33/58 [00:01<00:01, 24.02it/s, loss=0.0013]
  Epoch 29/30:  57%|███████████████████▉               | 33/58 [00:01<00:01, 24.02it/s, loss=0.0008]
  Epoch 29/30:  57%|███████████████████▉               | 33/58 [00:01<00:01, 24.02it/s, loss=0.0004]
  Epoch 29/30:  57%|███████████████████▉               | 33/58 [00:01<00:01, 24.02it/s, loss=0.0005]
  Epoch 29/30:  62%|█████████████████████▋             | 36/58 [00:01<00:00, 25.10it/s, loss=0.0005]
  Epoch 29/30:  62%|█████████████████████▋             | 36/58 [00:01<00:00, 25.10it/s, loss=0.0023]
  Epoch 29/30:  62%|█████████████████████▋             | 36/58 [00:01<00:00, 25.10it/s, loss=0.0005]
  Epoch 29/30:  62%|█████████████████████▋             | 36/58 [00:01<00:00, 25.10it/s, loss=0.0006]
  Epoch 29/30:  67%|███████████████████████▌           | 39/58 [00:01<00:00, 25.20it/s, loss=0.0006]
  Epoch 29/30:  67%|███████████████████████▌           | 39/58 [00:01<00:00, 25.20it/s, loss=0.0006]
  Epoch 29/30:  67%|███████████████████████▌           | 39/58 [00:01<00:00, 25.20it/s, loss=0.0009]
  Epoch 29/30:  67%|███████████████████████▌           | 39/58 [00:01<00:00, 25.20it/s, loss=0.0008]
  Epoch 29/30:  67%|███████████████████████▌           | 39/58 [00:01<00:00, 25.20it/s, loss=0.0002]
  Epoch 29/30:  74%|█████████████████████████▉         | 43/58 [00:01<00:00, 26.72it/s, loss=0.0002]
  Epoch 29/30:  74%|█████████████████████████▉         | 43/58 [00:01<00:00, 26.72it/s, loss=0.0008]
  Epoch 29/30:  74%|█████████████████████████▉         | 43/58 [00:01<00:00, 26.72it/s, loss=0.0006]
  Epoch 29/30:  74%|█████████████████████████▉         | 43/58 [00:01<00:00, 26.72it/s, loss=0.0002]
  Epoch 29/30:  79%|███████████████████████████▊       | 46/58 [00:01<00:00, 24.92it/s, loss=0.0002]
  Epoch 29/30:  79%|███████████████████████████▊       | 46/58 [00:01<00:00, 24.92it/s, loss=0.0002]
  Epoch 29/30:  79%|███████████████████████████▊       | 46/58 [00:01<00:00, 24.92it/s, loss=0.0005]
  Epoch 29/30:  79%|███████████████████████████▊       | 46/58 [00:01<00:00, 24.92it/s, loss=0.0012]
  Epoch 29/30:  84%|█████████████████████████████▌     | 49/58 [00:01<00:00, 23.81it/s, loss=0.0012]
  Epoch 29/30:  84%|█████████████████████████████▌     | 49/58 [00:01<00:00, 23.81it/s, loss=0.0024]
  Epoch 29/30:  84%|█████████████████████████████▌     | 49/58 [00:02<00:00, 23.81it/s, loss=0.0007]
  Epoch 29/30:  84%|█████████████████████████████▌     | 49/58 [00:02<00:00, 23.81it/s, loss=0.0007]
  Epoch 29/30:  90%|███████████████████████████████▍   | 52/58 [00:02<00:00, 22.87it/s, loss=0.0007]
  Epoch 29/30:  90%|███████████████████████████████▍   | 52/58 [00:02<00:00, 22.87it/s, loss=0.0003]
  Epoch 29/30:  90%|███████████████████████████████▍   | 52/58 [00:02<00:00, 22.87it/s, loss=0.0008]
  Epoch 29/30:  90%|███████████████████████████████▍   | 52/58 [00:02<00:00, 22.87it/s, loss=0.0007]
  Epoch 29/30:  95%|█████████████████████████████████▏ | 55/58 [00:02<00:00, 22.65it/s, loss=0.0007]
  Epoch 29/30:  95%|█████████████████████████████████▏ | 55/58 [00:02<00:00, 22.65it/s, loss=0.0004]
  Epoch 29/30:  95%|█████████████████████████████████▏ | 55/58 [00:02<00:00, 22.65it/s, loss=0.0014]
  Epoch 29/30:  95%|█████████████████████████████████▏ | 55/58 [00:02<00:00, 22.65it/s, loss=0.0120]
  Epoch 29/30: 100%|███████████████████████████████████| 58/58 [00:02<00:00, 24.40it/s, loss=0.0120]
                                                                                                    

  Epoch 30/30:   0%|                                                         | 0/58 [00:00<?, ?it/s]
  Epoch 30/30:   0%|                                            | 0/58 [00:00<?, ?it/s, loss=0.0005]
  Epoch 30/30:   0%|                                            | 0/58 [00:00<?, ?it/s, loss=0.0012]
  Epoch 30/30:   0%|                                            | 0/58 [00:00<?, ?it/s, loss=0.0017]
  Epoch 30/30:   5%|█▊                                  | 3/58 [00:00<00:01, 28.87it/s, loss=0.0017]
  Epoch 30/30:   5%|█▊                                  | 3/58 [00:00<00:01, 28.87it/s, loss=0.0008]
  Epoch 30/30:   5%|█▊                                  | 3/58 [00:00<00:01, 28.87it/s, loss=0.0010]
  Epoch 30/30:   5%|█▊                                  | 3/58 [00:00<00:01, 28.87it/s, loss=0.0005]
  Epoch 30/30:  10%|███▋                                | 6/58 [00:00<00:01, 27.03it/s, loss=0.0005]
  Epoch 30/30:  10%|███▋                                | 6/58 [00:00<00:01, 27.03it/s, loss=0.0003]
  Epoch 30/30:  10%|███▋                                | 6/58 [00:00<00:01, 27.03it/s, loss=0.0011]
  Epoch 30/30:  10%|███▋                                | 6/58 [00:00<00:01, 27.03it/s, loss=0.0005]
  Epoch 30/30:  16%|█████▌                              | 9/58 [00:00<00:01, 26.45it/s, loss=0.0005]
  Epoch 30/30:  16%|█████▌                              | 9/58 [00:00<00:01, 26.45it/s, loss=0.0006]
  Epoch 30/30:  16%|█████▌                              | 9/58 [00:00<00:01, 26.45it/s, loss=0.0011]
  Epoch 30/30:  16%|█████▌                              | 9/58 [00:00<00:01, 26.45it/s, loss=0.0006]
  Epoch 30/30:  16%|█████▌                              | 9/58 [00:00<00:01, 26.45it/s, loss=0.0019]
  Epoch 30/30:  22%|███████▊                           | 13/58 [00:00<00:01, 30.11it/s, loss=0.0019]
  Epoch 30/30:  22%|███████▊                           | 13/58 [00:00<00:01, 30.11it/s, loss=0.0009]
  Epoch 30/30:  22%|███████▊                           | 13/58 [00:00<00:01, 30.11it/s, loss=0.0006]
  Epoch 30/30:  22%|███████▊                           | 13/58 [00:00<00:01, 30.11it/s, loss=0.0004]
  Epoch 30/30:  22%|███████▊                           | 13/58 [00:00<00:01, 30.11it/s, loss=0.0004]
  Epoch 30/30:  29%|██████████▎                        | 17/58 [00:00<00:01, 31.24it/s, loss=0.0004]
  Epoch 30/30:  29%|██████████▎                        | 17/58 [00:00<00:01, 31.24it/s, loss=0.0005]
  Epoch 30/30:  29%|██████████▎                        | 17/58 [00:00<00:01, 31.24it/s, loss=0.0004]
  Epoch 30/30:  29%|██████████▎                        | 17/58 [00:00<00:01, 31.24it/s, loss=0.0011]
  Epoch 30/30:  29%|██████████▎                        | 17/58 [00:00<00:01, 31.24it/s, loss=0.0009]
  Epoch 30/30:  36%|████████████▋                      | 21/58 [00:00<00:01, 32.17it/s, loss=0.0009]
  Epoch 30/30:  36%|████████████▋                      | 21/58 [00:00<00:01, 32.17it/s, loss=0.0008]
  Epoch 30/30:  36%|████████████▋                      | 21/58 [00:00<00:01, 32.17it/s, loss=0.0004]
  Epoch 30/30:  36%|████████████▋                      | 21/58 [00:00<00:01, 32.17it/s, loss=0.0004]
  Epoch 30/30:  36%|████████████▋                      | 21/58 [00:00<00:01, 32.17it/s, loss=0.0005]
  Epoch 30/30:  43%|███████████████                    | 25/58 [00:00<00:01, 30.92it/s, loss=0.0005]
  Epoch 30/30:  43%|███████████████                    | 25/58 [00:00<00:01, 30.92it/s, loss=0.0008]
  Epoch 30/30:  43%|███████████████                    | 25/58 [00:00<00:01, 30.92it/s, loss=0.0013]
  Epoch 30/30:  43%|███████████████                    | 25/58 [00:00<00:01, 30.92it/s, loss=0.0004]
  Epoch 30/30:  43%|███████████████                    | 25/58 [00:00<00:01, 30.92it/s, loss=0.0004]
  Epoch 30/30:  50%|█████████████████▌                 | 29/58 [00:00<00:00, 30.38it/s, loss=0.0004]
  Epoch 30/30:  50%|█████████████████▌                 | 29/58 [00:00<00:00, 30.38it/s, loss=0.0011]
  Epoch 30/30:  50%|█████████████████▌                 | 29/58 [00:01<00:00, 30.38it/s, loss=0.0007]
  Epoch 30/30:  50%|█████████████████▌                 | 29/58 [00:01<00:00, 30.38it/s, loss=0.0004]
  Epoch 30/30:  50%|█████████████████▌                 | 29/58 [00:01<00:00, 30.38it/s, loss=0.0016]
  Epoch 30/30:  57%|███████████████████▉               | 33/58 [00:01<00:00, 32.11it/s, loss=0.0016]
  Epoch 30/30:  57%|███████████████████▉               | 33/58 [00:01<00:00, 32.11it/s, loss=0.0005]
  Epoch 30/30:  57%|███████████████████▉               | 33/58 [00:01<00:00, 32.11it/s, loss=0.0007]
  Epoch 30/30:  57%|███████████████████▉               | 33/58 [00:01<00:00, 32.11it/s, loss=0.0009]
  Epoch 30/30:  57%|███████████████████▉               | 33/58 [00:01<00:00, 32.11it/s, loss=0.0004]
  Epoch 30/30:  64%|██████████████████████▎            | 37/58 [00:01<00:00, 31.69it/s, loss=0.0004]
  Epoch 30/30:  64%|██████████████████████▎            | 37/58 [00:01<00:00, 31.69it/s, loss=0.0008]
  Epoch 30/30:  64%|██████████████████████▎            | 37/58 [00:01<00:00, 31.69it/s, loss=0.0004]
  Epoch 30/30:  64%|██████████████████████▎            | 37/58 [00:01<00:00, 31.69it/s, loss=0.0006]
  Epoch 30/30:  64%|██████████████████████▎            | 37/58 [00:01<00:00, 31.69it/s, loss=0.0002]
  Epoch 30/30:  71%|████████████████████████▋          | 41/58 [00:01<00:00, 33.40it/s, loss=0.0002]
  Epoch 30/30:  71%|████████████████████████▋          | 41/58 [00:01<00:00, 33.40it/s, loss=0.0009]
  Epoch 30/30:  71%|████████████████████████▋          | 41/58 [00:01<00:00, 33.40it/s, loss=0.0002]
  Epoch 30/30:  71%|████████████████████████▋          | 41/58 [00:01<00:00, 33.40it/s, loss=0.0006]
  Epoch 30/30:  71%|████████████████████████▋          | 41/58 [00:01<00:00, 33.40it/s, loss=0.0013]
  Epoch 30/30:  78%|███████████████████████████▏       | 45/58 [00:01<00:00, 35.08it/s, loss=0.0013]
  Epoch 30/30:  78%|███████████████████████████▏       | 45/58 [00:01<00:00, 35.08it/s, loss=0.0004]
  Epoch 30/30:  78%|███████████████████████████▏       | 45/58 [00:01<00:00, 35.08it/s, loss=0.0023]
  Epoch 30/30:  78%|███████████████████████████▏       | 45/58 [00:01<00:00, 35.08it/s, loss=0.0007]
  Epoch 30/30:  78%|███████████████████████████▏       | 45/58 [00:01<00:00, 35.08it/s, loss=0.0013]
  Epoch 30/30:  84%|█████████████████████████████▌     | 49/58 [00:01<00:00, 35.05it/s, loss=0.0013]
  Epoch 30/30:  84%|█████████████████████████████▌     | 49/58 [00:01<00:00, 35.05it/s, loss=0.0008]
  Epoch 30/30:  84%|█████████████████████████████▌     | 49/58 [00:01<00:00, 35.05it/s, loss=0.0010]
  Epoch 30/30:  84%|█████████████████████████████▌     | 49/58 [00:01<00:00, 35.05it/s, loss=0.0013]
  Epoch 30/30:  84%|█████████████████████████████▌     | 49/58 [00:01<00:00, 35.05it/s, loss=0.0016]
  Epoch 30/30:  91%|███████████████████████████████▉   | 53/58 [00:01<00:00, 35.11it/s, loss=0.0016]
  Epoch 30/30:  91%|███████████████████████████████▉   | 53/58 [00:01<00:00, 35.11it/s, loss=0.0015]
  Epoch 30/30:  91%|███████████████████████████████▉   | 53/58 [00:01<00:00, 35.11it/s, loss=0.0008]
  Epoch 30/30:  91%|███████████████████████████████▉   | 53/58 [00:01<00:00, 35.11it/s, loss=0.0018]
  Epoch 30/30:  91%|███████████████████████████████▉   | 53/58 [00:01<00:00, 35.11it/s, loss=0.0020]
  Epoch 30/30:  91%|███████████████████████████████▉   | 53/58 [00:01<00:00, 35.11it/s, loss=0.0004]
  Epoch 30/30: 100%|███████████████████████████████████| 58/58 [00:01<00:00, 37.38it/s, loss=0.0004]
                                                                                                    
  Epoch 30/30 │ Loss: 0.0008 │ T+1: 0.8442 │ T+2: 0.6132 │ T+3: 0.3931

  → Loading best model checkpoint
    Best T+1 NSE: 0.8550

  → Saving model
    Model saved: E:\SRIP 2025\Streamflow and Water-level Prediction\Final Stuff\srip-transformer\runs\seq_hier_20260304_204604\model.pt

============================================================
  STEP 7: EVALUATING MODEL
============================================================

  → Evaluating on Test Set 1961-1970

  Testing 1961-1970:   0%|                                                   | 0/15 [00:00<?, ?it/s]
  Testing 1961-1970:  60%|█████████████████████████▊                 | 9/15 [00:00<00:00, 85.15it/s]
                                                                                                    

    Results (1961-1970):
    Horizon       NSE       R²      PBIAS │      P90      P95 │    Peak%
    ----------------------------------------------------------------------
    T1         0.8751   0.8751      1.94% │   0.6524   0.5478 │    83.1%
    T2         0.8337   0.8337      2.95% │   0.5637   0.4386 │    80.3%
    T3         0.7286   0.7286      1.69% │   0.2930   0.0558 │    78.9%

  → Evaluating on Test Set 2011-2020

  Testing 2011-2020:   0%|                                                   | 0/15 [00:00<?, ?it/s]
  Testing 2011-2020:  60%|█████████████████████████▊                 | 9/15 [00:00<00:00, 87.67it/s]
                                                                                                    

    Results (2011-2020):
    Horizon       NSE       R²      PBIAS │      P90      P95 │    Peak%
    ----------------------------------------------------------------------
    T1         0.7326   0.7326     14.93% │   0.4007   0.1116 │    53.8%
    T2         0.5576   0.5576     13.90% │   0.0498  -0.4142 │    59.2%
    T3         0.4745   0.4745      9.98% │  -0.1157  -0.6224 │    56.9%

============================================================
  STEP 8: SAVING RESULTS
============================================================

  → Saving results.json

  → Saving train_history.json

  → Computing feature saliency (gradient × input)
    Features: ['rainfall', 'tmax', 'tmin', 'waterlevel_upstream', 'streamflow_upstream', 'waterlevel_final', 'streamflow_final', 'hierarchical_feature_quantile_0.1', 'hierarchical_feature_quantile_0.5', 'hierarchical_feature_quantile_0.9', 'hierarchical_feature_quantile_0.95']
Traceback (most recent call last):
  File "E:\SRIP 2025\Streamflow and Water-level Prediction\Final Stuff\srip-transformer\src\train.py", line 895, in <module>
    main()
  File "E:\SRIP 2025\Streamflow and Water-level Prediction\Final Stuff\srip-transformer\src\train.py", line 850, in main
    saliency_results = compute_feature_saliency(
                       ^^^^^^^^^^^^^^^^^^^^^^^^^
  File "E:\SRIP 2025\Streamflow and Water-level Prediction\Final Stuff\srip-transformer\src\train.py", line 398, in compute_feature_saliency
    predictions[horizon].sum().backward(retain_graph=True)
  File "C:\Users\HP\AppData\Local\Programs\Python\Python312\Lib\site-packages\torch\_tensor.py", line 630, in backward
    torch.autograd.backward(
  File "C:\Users\HP\AppData\Local\Programs\Python\Python312\Lib\site-packages\torch\autograd\__init__.py", line 364, in backward
    _engine_run_backward(
  File "C:\Users\HP\AppData\Local\Programs\Python\Python312\Lib\site-packages\torch\autograd\graph.py", line 865, in _engine_run_backward
    return Variable._execution_engine.run_backward(  # Calls into the C++ engine to run the backward pass
           ^^^^^^^^^^^^^^^^^^^^^^^^^^^^^^^^^^^^^^^^^^^^^^^^^^^^^^^^^^^^^^^^^^^^^^^^^^^^^^^^^^^^^^^^^^^^^^
RuntimeError: cudnn RNN backward can only be called in training mode
