
============================================================
  SeqLSTM TRAINING PIPELINE
  Modular Ablation Framework
============================================================

============================================================
  STEP 1: LOADING CONFIGURATION
============================================================
  Config file: E:\SRIP 2025\Streamflow and Water-level Prediction\Final Stuff\srip-transformer\src\configs\seq_hier.yaml
  Config name: seq_hier

  Configuration:
    • Sequential:    ✓ ON  (3 LSTM blocks)
    • Bidirectional: ✗ OFF
    • Attention:     ✗ OFF
    • Rating Curve:  ✗ OFF
    • Hierarchical:  ✓ ON

  LSTM Settings:
    • Hidden dim:    64
    • Num layers:    1
    • Dropout:       0.1

  Hard Constraints (enforced globally):
    • Lookback:      7 days
    • Batch size:    256
    • Learning rate: 0.001
    • Epochs:        30
    • Optimizer:     Adam
    • Loss:          MSE
    • Random seed:   74

  → Setting random seed: 74

  → Using device: cuda
    GPU: NVIDIA GeForce RTX 3050 4GB Laptop GPU

============================================================
  STEP 2: LOADING AND PREPARING DATA
============================================================

  → Loading station data: E:\SRIP 2025\Streamflow and Water-level Prediction\Final Stuff\srip-transformer\hierarchial\new_Garudeshwar_with_hierarchical_quantiles.csv
    Raw data shape: (22279, 23)
    Date range: 1961-01-02 to 2021-12-31

  → Detected pre-computed hierarchical features in CSV
    • hierarchical_feature_quantile_0.1
    • hierarchical_feature_quantile_0.5
    • hierarchical_feature_quantile_0.9
    • hierarchical_feature_quantile_0.95
    ✓ Will be INCLUDED (use_hierarchical=True)

  → Determining feature set
    ✓ Including 4 hierarchical features
    Using auto-detected features
    Total features: 11
       1. rainfall
       2. tmax
       3. tmin
       4. waterlevel_upstream
       5. streamflow_upstream
       6. waterlevel_final
       7. streamflow_final
       8. hierarchical_feature_quantile_0.1
       9. hierarchical_feature_quantile_0.5
      10. hierarchical_feature_quantile_0.9
      11. hierarchical_feature_quantile_0.95
    Target: streamflow_final

  → Loading processed data
    Station: Garudeshwar
    Processed shape: (22279, 23)

  → Splitting data by year
    Train (1971-2010):        14,610 samples
    Test (1961-1970):         3,651 samples
    Test (2011-2020):         3,653 samples

  → Scaling features (MinMaxScaler)
    Scaler fitted on 11 features

  → Creating PyTorch datasets
    Lookback window: 7 days (t-7 to t-1)
    Train dataset:   14,600 sequences
    Test 61-70:      3,641 sequences
    Test 11-20:      3,643 sequences

  → Creating DataLoaders
    Batch size: 256
    Train batches: 58

============================================================
  STEP 3: SETTING UP OUTPUT DIRECTORY
============================================================
  Run directory: E:\SRIP 2025\Streamflow and Water-level Prediction\Final Stuff\srip-transformer\runs\seq_hier_20260304_204710

============================================================
  STEP 4: RATING CURVE (SKIPPED)
============================================================
  Fitter disabled in config

============================================================
  STEP 5: CREATING MODEL
============================================================

  → Initializing SeqLSTMModel
    Input dimension: 11
    Model variant:   Sequential_Hier

  → Counting parameters & FLOPs
    Total parameters: 65,497
      • lstm_block1: 19,712
      • lstm_block2: 19,712
      • lstm_block3: 19,712
      • projection: 22
      • heads: 6,339
    FLOPs (per forward pass): 806.400K  [manual estimate]

============================================================
  STEP 6: TRAINING MODEL
============================================================

  → Setting up optimizer and loss function
    Optimizer: Adam (lr=0.001)
    Loss: MSELoss

  → Starting training loop (30 epochs)
    Progress will be shown every 5 epochs


  Epoch  1/30:   0%|                                                         | 0/58 [00:00<?, ?it/s]
  Epoch  1/30:   0%|                                            | 0/58 [00:00<?, ?it/s, loss=0.0171]
  Epoch  1/30:   2%|▌                                   | 1/58 [00:00<00:24,  2.34it/s, loss=0.0171]
  Epoch  1/30:   2%|▌                                   | 1/58 [00:00<00:24,  2.34it/s, loss=0.0133]
  Epoch  1/30:   2%|▌                                   | 1/58 [00:00<00:24,  2.34it/s, loss=0.0099]
  Epoch  1/30:   2%|▌                                   | 1/58 [00:00<00:24,  2.34it/s, loss=0.0082]
  Epoch  1/30:   2%|▌                                   | 1/58 [00:00<00:24,  2.34it/s, loss=0.0061]
  Epoch  1/30:   9%|███                                 | 5/58 [00:00<00:04, 11.00it/s, loss=0.0061]
  Epoch  1/30:   9%|███                                 | 5/58 [00:00<00:04, 11.00it/s, loss=0.0039]
  Epoch  1/30:   9%|███                                 | 5/58 [00:00<00:04, 11.00it/s, loss=0.0055]
  Epoch  1/30:   9%|███                                 | 5/58 [00:00<00:04, 11.00it/s, loss=0.0025]
  Epoch  1/30:  14%|████▉                               | 8/58 [00:00<00:03, 15.33it/s, loss=0.0025]
  Epoch  1/30:  14%|████▉                               | 8/58 [00:00<00:03, 15.33it/s, loss=0.0018]
  Epoch  1/30:  14%|████▉                               | 8/58 [00:00<00:03, 15.33it/s, loss=0.0021]
  Epoch  1/30:  14%|████▉                               | 8/58 [00:00<00:03, 15.33it/s, loss=0.0020]
  Epoch  1/30:  19%|██████▋                            | 11/58 [00:00<00:02, 17.56it/s, loss=0.0020]
  Epoch  1/30:  19%|██████▋                            | 11/58 [00:00<00:02, 17.56it/s, loss=0.0029]
  Epoch  1/30:  19%|██████▋                            | 11/58 [00:00<00:02, 17.56it/s, loss=0.0016]
  Epoch  1/30:  19%|██████▋                            | 11/58 [00:00<00:02, 17.56it/s, loss=0.0038]
  Epoch  1/30:  24%|████████▍                          | 14/58 [00:00<00:02, 20.70it/s, loss=0.0038]
  Epoch  1/30:  24%|████████▍                          | 14/58 [00:00<00:02, 20.70it/s, loss=0.0025]
  Epoch  1/30:  24%|████████▍                          | 14/58 [00:00<00:02, 20.70it/s, loss=0.0026]
  Epoch  1/30:  24%|████████▍                          | 14/58 [00:01<00:02, 20.70it/s, loss=0.0019]
  Epoch  1/30:  29%|██████████▎                        | 17/58 [00:01<00:01, 22.50it/s, loss=0.0019]
  Epoch  1/30:  29%|██████████▎                        | 17/58 [00:01<00:01, 22.50it/s, loss=0.0021]
  Epoch  1/30:  29%|██████████▎                        | 17/58 [00:01<00:01, 22.50it/s, loss=0.0026]
  Epoch  1/30:  29%|██████████▎                        | 17/58 [00:01<00:01, 22.50it/s, loss=0.0018]
  Epoch  1/30:  34%|████████████                       | 20/58 [00:01<00:01, 23.24it/s, loss=0.0018]
  Epoch  1/30:  34%|████████████                       | 20/58 [00:01<00:01, 23.24it/s, loss=0.0012]
  Epoch  1/30:  34%|████████████                       | 20/58 [00:01<00:01, 23.24it/s, loss=0.0015]
  Epoch  1/30:  34%|████████████                       | 20/58 [00:01<00:01, 23.24it/s, loss=0.0022]
  Epoch  1/30:  40%|█████████████▉                     | 23/58 [00:01<00:01, 24.80it/s, loss=0.0022]
  Epoch  1/30:  40%|█████████████▉                     | 23/58 [00:01<00:01, 24.80it/s, loss=0.0035]
  Epoch  1/30:  40%|█████████████▉                     | 23/58 [00:01<00:01, 24.80it/s, loss=0.0018]
  Epoch  1/30:  40%|█████████████▉                     | 23/58 [00:01<00:01, 24.80it/s, loss=0.0012]
  Epoch  1/30:  45%|███████████████▋                   | 26/58 [00:01<00:01, 25.93it/s, loss=0.0012]
  Epoch  1/30:  45%|███████████████▋                   | 26/58 [00:01<00:01, 25.93it/s, loss=0.0016]
  Epoch  1/30:  45%|███████████████▋                   | 26/58 [00:01<00:01, 25.93it/s, loss=0.0011]
  Epoch  1/30:  45%|███████████████▋                   | 26/58 [00:01<00:01, 25.93it/s, loss=0.0027]
  Epoch  1/30:  45%|███████████████▋                   | 26/58 [00:01<00:01, 25.93it/s, loss=0.0024]
  Epoch  1/30:  52%|██████████████████                 | 30/58 [00:01<00:01, 26.18it/s, loss=0.0024]
  Epoch  1/30:  52%|██████████████████                 | 30/58 [00:01<00:01, 26.18it/s, loss=0.0033]
  Epoch  1/30:  52%|██████████████████                 | 30/58 [00:01<00:01, 26.18it/s, loss=0.0010]
  Epoch  1/30:  52%|██████████████████                 | 30/58 [00:01<00:01, 26.18it/s, loss=0.0025]
  Epoch  1/30:  57%|███████████████████▉               | 33/58 [00:01<00:00, 25.54it/s, loss=0.0025]
  Epoch  1/30:  57%|███████████████████▉               | 33/58 [00:01<00:00, 25.54it/s, loss=0.0031]
  Epoch  1/30:  57%|███████████████████▉               | 33/58 [00:01<00:00, 25.54it/s, loss=0.0023]
  Epoch  1/30:  57%|███████████████████▉               | 33/58 [00:01<00:00, 25.54it/s, loss=0.0022]
  Epoch  1/30:  62%|█████████████████████▋             | 36/58 [00:01<00:00, 25.77it/s, loss=0.0022]
  Epoch  1/30:  62%|█████████████████████▋             | 36/58 [00:01<00:00, 25.77it/s, loss=0.0026]
  Epoch  1/30:  62%|█████████████████████▋             | 36/58 [00:01<00:00, 25.77it/s, loss=0.0017]
  Epoch  1/30:  62%|█████████████████████▋             | 36/58 [00:01<00:00, 25.77it/s, loss=0.0019]
  Epoch  1/30:  67%|███████████████████████▌           | 39/58 [00:01<00:00, 25.49it/s, loss=0.0019]
  Epoch  1/30:  67%|███████████████████████▌           | 39/58 [00:01<00:00, 25.49it/s, loss=0.0020]
  Epoch  1/30:  67%|███████████████████████▌           | 39/58 [00:01<00:00, 25.49it/s, loss=0.0014]
  Epoch  1/30:  67%|███████████████████████▌           | 39/58 [00:01<00:00, 25.49it/s, loss=0.0025]
  Epoch  1/30:  72%|█████████████████████████▎         | 42/58 [00:01<00:00, 25.69it/s, loss=0.0025]
  Epoch  1/30:  72%|█████████████████████████▎         | 42/58 [00:01<00:00, 25.69it/s, loss=0.0024]
  Epoch  1/30:  72%|█████████████████████████▎         | 42/58 [00:02<00:00, 25.69it/s, loss=0.0014]
  Epoch  1/30:  72%|█████████████████████████▎         | 42/58 [00:02<00:00, 25.69it/s, loss=0.0015]
  Epoch  1/30:  72%|█████████████████████████▎         | 42/58 [00:02<00:00, 25.69it/s, loss=0.0017]
  Epoch  1/30:  79%|███████████████████████████▊       | 46/58 [00:02<00:00, 26.25it/s, loss=0.0017]
  Epoch  1/30:  79%|███████████████████████████▊       | 46/58 [00:02<00:00, 26.25it/s, loss=0.0015]
  Epoch  1/30:  79%|███████████████████████████▊       | 46/58 [00:02<00:00, 26.25it/s, loss=0.0010]
  Epoch  1/30:  79%|███████████████████████████▊       | 46/58 [00:02<00:00, 26.25it/s, loss=0.0012]
  Epoch  1/30:  84%|█████████████████████████████▌     | 49/58 [00:02<00:00, 27.12it/s, loss=0.0012]
  Epoch  1/30:  84%|█████████████████████████████▌     | 49/58 [00:02<00:00, 27.12it/s, loss=0.0008]
  Epoch  1/30:  84%|█████████████████████████████▌     | 49/58 [00:02<00:00, 27.12it/s, loss=0.0009]
  Epoch  1/30:  84%|█████████████████████████████▌     | 49/58 [00:02<00:00, 27.12it/s, loss=0.0016]
  Epoch  1/30:  90%|███████████████████████████████▍   | 52/58 [00:02<00:00, 26.57it/s, loss=0.0016]
  Epoch  1/30:  90%|███████████████████████████████▍   | 52/58 [00:02<00:00, 26.57it/s, loss=0.0011]
  Epoch  1/30:  90%|███████████████████████████████▍   | 52/58 [00:02<00:00, 26.57it/s, loss=0.0016]
  Epoch  1/30:  90%|███████████████████████████████▍   | 52/58 [00:02<00:00, 26.57it/s, loss=0.0005]
  Epoch  1/30:  95%|█████████████████████████████████▏ | 55/58 [00:02<00:00, 26.48it/s, loss=0.0005]
  Epoch  1/30:  95%|█████████████████████████████████▏ | 55/58 [00:02<00:00, 26.48it/s, loss=0.0020]
  Epoch  1/30:  95%|█████████████████████████████████▏ | 55/58 [00:02<00:00, 26.48it/s, loss=0.0037]
  Epoch  1/30:  95%|█████████████████████████████████▏ | 55/58 [00:02<00:00, 26.48it/s, loss=0.0006]
                                                                                                    

  Epoch  2/30:   0%|                                                         | 0/58 [00:00<?, ?it/s]
  Epoch  2/30:   0%|                                            | 0/58 [00:00<?, ?it/s, loss=0.0009]
  Epoch  2/30:   0%|                                            | 0/58 [00:00<?, ?it/s, loss=0.0006]
  Epoch  2/30:   0%|                                            | 0/58 [00:00<?, ?it/s, loss=0.0022]
  Epoch  2/30:   0%|                                            | 0/58 [00:00<?, ?it/s, loss=0.0022]
  Epoch  2/30:   7%|██▍                                 | 4/58 [00:00<00:01, 37.87it/s, loss=0.0022]
  Epoch  2/30:   7%|██▍                                 | 4/58 [00:00<00:01, 37.87it/s, loss=0.0012]
  Epoch  2/30:   7%|██▍                                 | 4/58 [00:00<00:01, 37.87it/s, loss=0.0011]
  Epoch  2/30:   7%|██▍                                 | 4/58 [00:00<00:01, 37.87it/s, loss=0.0011]
  Epoch  2/30:   7%|██▍                                 | 4/58 [00:00<00:01, 37.87it/s, loss=0.0016]
  Epoch  2/30:  14%|████▉                               | 8/58 [00:00<00:01, 29.60it/s, loss=0.0016]
  Epoch  2/30:  14%|████▉                               | 8/58 [00:00<00:01, 29.60it/s, loss=0.0018]
  Epoch  2/30:  14%|████▉                               | 8/58 [00:00<00:01, 29.60it/s, loss=0.0020]
  Epoch  2/30:  14%|████▉                               | 8/58 [00:00<00:01, 29.60it/s, loss=0.0007]
  Epoch  2/30:  14%|████▉                               | 8/58 [00:00<00:01, 29.60it/s, loss=0.0022]
  Epoch  2/30:  21%|███████▏                           | 12/58 [00:00<00:01, 28.87it/s, loss=0.0022]
  Epoch  2/30:  21%|███████▏                           | 12/58 [00:00<00:01, 28.87it/s, loss=0.0013]
  Epoch  2/30:  21%|███████▏                           | 12/58 [00:00<00:01, 28.87it/s, loss=0.0009]
  Epoch  2/30:  21%|███████▏                           | 12/58 [00:00<00:01, 28.87it/s, loss=0.0011]
  Epoch  2/30:  26%|█████████                          | 15/58 [00:00<00:01, 26.76it/s, loss=0.0011]
  Epoch  2/30:  26%|█████████                          | 15/58 [00:00<00:01, 26.76it/s, loss=0.0007]
  Epoch  2/30:  26%|█████████                          | 15/58 [00:00<00:01, 26.76it/s, loss=0.0009]
  Epoch  2/30:  26%|█████████                          | 15/58 [00:00<00:01, 26.76it/s, loss=0.0024]
  Epoch  2/30:  31%|██████████▊                        | 18/58 [00:00<00:01, 26.04it/s, loss=0.0024]
  Epoch  2/30:  31%|██████████▊                        | 18/58 [00:00<00:01, 26.04it/s, loss=0.0009]
  Epoch  2/30:  31%|██████████▊                        | 18/58 [00:00<00:01, 26.04it/s, loss=0.0026]
  Epoch  2/30:  31%|██████████▊                        | 18/58 [00:00<00:01, 26.04it/s, loss=0.0024]
  Epoch  2/30:  36%|████████████▋                      | 21/58 [00:00<00:01, 26.30it/s, loss=0.0024]
  Epoch  2/30:  36%|████████████▋                      | 21/58 [00:00<00:01, 26.30it/s, loss=0.0023]
  Epoch  2/30:  36%|████████████▋                      | 21/58 [00:00<00:01, 26.30it/s, loss=0.0010]
  Epoch  2/30:  36%|████████████▋                      | 21/58 [00:00<00:01, 26.30it/s, loss=0.0012]
  Epoch  2/30:  41%|██████████████▍                    | 24/58 [00:00<00:01, 25.63it/s, loss=0.0012]
  Epoch  2/30:  41%|██████████████▍                    | 24/58 [00:00<00:01, 25.63it/s, loss=0.0026]
  Epoch  2/30:  41%|██████████████▍                    | 24/58 [00:00<00:01, 25.63it/s, loss=0.0010]
  Epoch  2/30:  41%|██████████████▍                    | 24/58 [00:01<00:01, 25.63it/s, loss=0.0006]
  Epoch  2/30:  47%|████████████████▎                  | 27/58 [00:01<00:01, 25.47it/s, loss=0.0006]
  Epoch  2/30:  47%|████████████████▎                  | 27/58 [00:01<00:01, 25.47it/s, loss=0.0006]
  Epoch  2/30:  47%|████████████████▎                  | 27/58 [00:01<00:01, 25.47it/s, loss=0.0024]
  Epoch  2/30:  47%|████████████████▎                  | 27/58 [00:01<00:01, 25.47it/s, loss=0.0016]
  Epoch  2/30:  52%|██████████████████                 | 30/58 [00:01<00:01, 24.42it/s, loss=0.0016]
  Epoch  2/30:  52%|██████████████████                 | 30/58 [00:01<00:01, 24.42it/s, loss=0.0019]
  Epoch  2/30:  52%|██████████████████                 | 30/58 [00:01<00:01, 24.42it/s, loss=0.0010]
  Epoch  2/30:  52%|██████████████████                 | 30/58 [00:01<00:01, 24.42it/s, loss=0.0008]
  Epoch  2/30:  57%|███████████████████▉               | 33/58 [00:01<00:01, 24.85it/s, loss=0.0008]
  Epoch  2/30:  57%|███████████████████▉               | 33/58 [00:01<00:01, 24.85it/s, loss=0.0008]
  Epoch  2/30:  57%|███████████████████▉               | 33/58 [00:01<00:01, 24.85it/s, loss=0.0017]
  Epoch  2/30:  57%|███████████████████▉               | 33/58 [00:01<00:01, 24.85it/s, loss=0.0009]
  Epoch  2/30:  62%|█████████████████████▋             | 36/58 [00:01<00:00, 25.04it/s, loss=0.0009]
  Epoch  2/30:  62%|█████████████████████▋             | 36/58 [00:01<00:00, 25.04it/s, loss=0.0014]
  Epoch  2/30:  62%|█████████████████████▋             | 36/58 [00:01<00:00, 25.04it/s, loss=0.0010]
  Epoch  2/30:  62%|█████████████████████▋             | 36/58 [00:01<00:00, 25.04it/s, loss=0.0011]
  Epoch  2/30:  67%|███████████████████████▌           | 39/58 [00:01<00:00, 25.25it/s, loss=0.0011]
  Epoch  2/30:  67%|███████████████████████▌           | 39/58 [00:01<00:00, 25.25it/s, loss=0.0032]
  Epoch  2/30:  67%|███████████████████████▌           | 39/58 [00:01<00:00, 25.25it/s, loss=0.0013]
  Epoch  2/30:  67%|███████████████████████▌           | 39/58 [00:01<00:00, 25.25it/s, loss=0.0014]
  Epoch  2/30:  67%|███████████████████████▌           | 39/58 [00:01<00:00, 25.25it/s, loss=0.0011]
  Epoch  2/30:  74%|█████████████████████████▉         | 43/58 [00:01<00:00, 27.00it/s, loss=0.0011]
  Epoch  2/30:  74%|█████████████████████████▉         | 43/58 [00:01<00:00, 27.00it/s, loss=0.0011]
  Epoch  2/30:  74%|█████████████████████████▉         | 43/58 [00:01<00:00, 27.00it/s, loss=0.0012]
  Epoch  2/30:  74%|█████████████████████████▉         | 43/58 [00:01<00:00, 27.00it/s, loss=0.0017]
  Epoch  2/30:  79%|███████████████████████████▊       | 46/58 [00:01<00:00, 26.25it/s, loss=0.0017]
  Epoch  2/30:  79%|███████████████████████████▊       | 46/58 [00:01<00:00, 26.25it/s, loss=0.0011]
  Epoch  2/30:  79%|███████████████████████████▊       | 46/58 [00:01<00:00, 26.25it/s, loss=0.0009]
  Epoch  2/30:  79%|███████████████████████████▊       | 46/58 [00:01<00:00, 26.25it/s, loss=0.0019]
  Epoch  2/30:  84%|█████████████████████████████▌     | 49/58 [00:01<00:00, 26.09it/s, loss=0.0019]
  Epoch  2/30:  84%|█████████████████████████████▌     | 49/58 [00:01<00:00, 26.09it/s, loss=0.0013]
  Epoch  2/30:  84%|█████████████████████████████▌     | 49/58 [00:01<00:00, 26.09it/s, loss=0.0014]
  Epoch  2/30:  84%|█████████████████████████████▌     | 49/58 [00:01<00:00, 26.09it/s, loss=0.0005]
  Epoch  2/30:  90%|███████████████████████████████▍   | 52/58 [00:01<00:00, 25.63it/s, loss=0.0005]
  Epoch  2/30:  90%|███████████████████████████████▍   | 52/58 [00:02<00:00, 25.63it/s, loss=0.0021]
  Epoch  2/30:  90%|███████████████████████████████▍   | 52/58 [00:02<00:00, 25.63it/s, loss=0.0013]
  Epoch  2/30:  90%|███████████████████████████████▍   | 52/58 [00:02<00:00, 25.63it/s, loss=0.0015]
  Epoch  2/30:  95%|█████████████████████████████████▏ | 55/58 [00:02<00:00, 24.34it/s, loss=0.0015]
  Epoch  2/30:  95%|█████████████████████████████████▏ | 55/58 [00:02<00:00, 24.34it/s, loss=0.0008]
  Epoch  2/30:  95%|█████████████████████████████████▏ | 55/58 [00:02<00:00, 24.34it/s, loss=0.0007]
  Epoch  2/30:  95%|█████████████████████████████████▏ | 55/58 [00:02<00:00, 24.34it/s, loss=0.0006]
  Epoch  2/30: 100%|███████████████████████████████████| 58/58 [00:02<00:00, 25.05it/s, loss=0.0006]
                                                                                                    

  Epoch  3/30:   0%|                                                         | 0/58 [00:00<?, ?it/s]
  Epoch  3/30:   0%|                                            | 0/58 [00:00<?, ?it/s, loss=0.0015]
  Epoch  3/30:   0%|                                            | 0/58 [00:00<?, ?it/s, loss=0.0017]
  Epoch  3/30:   0%|                                            | 0/58 [00:00<?, ?it/s, loss=0.0006]
  Epoch  3/30:   5%|█▊                                  | 3/58 [00:00<00:02, 26.50it/s, loss=0.0006]
  Epoch  3/30:   5%|█▊                                  | 3/58 [00:00<00:02, 26.50it/s, loss=0.0011]
  Epoch  3/30:   5%|█▊                                  | 3/58 [00:00<00:02, 26.50it/s, loss=0.0018]
  Epoch  3/30:   5%|█▊                                  | 3/58 [00:00<00:02, 26.50it/s, loss=0.0006]
  Epoch  3/30:   5%|█▊                                  | 3/58 [00:00<00:02, 26.50it/s, loss=0.0015]
  Epoch  3/30:  12%|████▎                               | 7/58 [00:00<00:01, 29.52it/s, loss=0.0015]
  Epoch  3/30:  12%|████▎                               | 7/58 [00:00<00:01, 29.52it/s, loss=0.0015]
  Epoch  3/30:  12%|████▎                               | 7/58 [00:00<00:01, 29.52it/s, loss=0.0009]
  Epoch  3/30:  12%|████▎                               | 7/58 [00:00<00:01, 29.52it/s, loss=0.0006]
  Epoch  3/30:  12%|████▎                               | 7/58 [00:00<00:01, 29.52it/s, loss=0.0006]
  Epoch  3/30:  19%|██████▋                            | 11/58 [00:00<00:01, 32.27it/s, loss=0.0006]
  Epoch  3/30:  19%|██████▋                            | 11/58 [00:00<00:01, 32.27it/s, loss=0.0010]
  Epoch  3/30:  19%|██████▋                            | 11/58 [00:00<00:01, 32.27it/s, loss=0.0027]
  Epoch  3/30:  19%|██████▋                            | 11/58 [00:00<00:01, 32.27it/s, loss=0.0005]
  Epoch  3/30:  19%|██████▋                            | 11/58 [00:00<00:01, 32.27it/s, loss=0.0005]
  Epoch  3/30:  26%|█████████                          | 15/58 [00:00<00:01, 33.35it/s, loss=0.0005]
  Epoch  3/30:  26%|█████████                          | 15/58 [00:00<00:01, 33.35it/s, loss=0.0011]
  Epoch  3/30:  26%|█████████                          | 15/58 [00:00<00:01, 33.35it/s, loss=0.0010]
  Epoch  3/30:  26%|█████████                          | 15/58 [00:00<00:01, 33.35it/s, loss=0.0012]
  Epoch  3/30:  26%|█████████                          | 15/58 [00:00<00:01, 33.35it/s, loss=0.0009]
  Epoch  3/30:  26%|█████████                          | 15/58 [00:00<00:01, 33.35it/s, loss=0.0022]
  Epoch  3/30:  34%|████████████                       | 20/58 [00:00<00:01, 37.68it/s, loss=0.0022]
  Epoch  3/30:  34%|████████████                       | 20/58 [00:00<00:01, 37.68it/s, loss=0.0007]
  Epoch  3/30:  34%|████████████                       | 20/58 [00:00<00:01, 37.68it/s, loss=0.0023]
  Epoch  3/30:  34%|████████████                       | 20/58 [00:00<00:01, 37.68it/s, loss=0.0014]
  Epoch  3/30:  34%|████████████                       | 20/58 [00:00<00:01, 37.68it/s, loss=0.0019]
  Epoch  3/30:  34%|████████████                       | 20/58 [00:00<00:01, 37.68it/s, loss=0.0007]
  Epoch  3/30:  43%|███████████████                    | 25/58 [00:00<00:00, 37.94it/s, loss=0.0007]
  Epoch  3/30:  43%|███████████████                    | 25/58 [00:00<00:00, 37.94it/s, loss=0.0006]
  Epoch  3/30:  43%|███████████████                    | 25/58 [00:00<00:00, 37.94it/s, loss=0.0016]
  Epoch  3/30:  43%|███████████████                    | 25/58 [00:00<00:00, 37.94it/s, loss=0.0010]
  Epoch  3/30:  43%|███████████████                    | 25/58 [00:00<00:00, 37.94it/s, loss=0.0012]
  Epoch  3/30:  50%|█████████████████▌                 | 29/58 [00:00<00:00, 35.37it/s, loss=0.0012]
  Epoch  3/30:  50%|█████████████████▌                 | 29/58 [00:00<00:00, 35.37it/s, loss=0.0011]
  Epoch  3/30:  50%|█████████████████▌                 | 29/58 [00:00<00:00, 35.37it/s, loss=0.0007]
  Epoch  3/30:  50%|█████████████████▌                 | 29/58 [00:00<00:00, 35.37it/s, loss=0.0009]
  Epoch  3/30:  50%|█████████████████▌                 | 29/58 [00:00<00:00, 35.37it/s, loss=0.0008]
  Epoch  3/30:  57%|███████████████████▉               | 33/58 [00:00<00:00, 33.25it/s, loss=0.0008]
  Epoch  3/30:  57%|███████████████████▉               | 33/58 [00:01<00:00, 33.25it/s, loss=0.0006]
  Epoch  3/30:  57%|███████████████████▉               | 33/58 [00:01<00:00, 33.25it/s, loss=0.0009]
  Epoch  3/30:  57%|███████████████████▉               | 33/58 [00:01<00:00, 33.25it/s, loss=0.0006]
  Epoch  3/30:  57%|███████████████████▉               | 33/58 [00:01<00:00, 33.25it/s, loss=0.0014]
  Epoch  3/30:  64%|██████████████████████▎            | 37/58 [00:01<00:00, 31.24it/s, loss=0.0014]
  Epoch  3/30:  64%|██████████████████████▎            | 37/58 [00:01<00:00, 31.24it/s, loss=0.0004]
  Epoch  3/30:  64%|██████████████████████▎            | 37/58 [00:01<00:00, 31.24it/s, loss=0.0010]
  Epoch  3/30:  64%|██████████████████████▎            | 37/58 [00:01<00:00, 31.24it/s, loss=0.0022]
  Epoch  3/30:  64%|██████████████████████▎            | 37/58 [00:01<00:00, 31.24it/s, loss=0.0008]
  Epoch  3/30:  71%|████████████████████████▋          | 41/58 [00:01<00:00, 30.14it/s, loss=0.0008]
  Epoch  3/30:  71%|████████████████████████▋          | 41/58 [00:01<00:00, 30.14it/s, loss=0.0009]
  Epoch  3/30:  71%|████████████████████████▋          | 41/58 [00:01<00:00, 30.14it/s, loss=0.0008]
  Epoch  3/30:  71%|████████████████████████▋          | 41/58 [00:01<00:00, 30.14it/s, loss=0.0006]
  Epoch  3/30:  71%|████████████████████████▋          | 41/58 [00:01<00:00, 30.14it/s, loss=0.0008]
  Epoch  3/30:  78%|███████████████████████████▏       | 45/58 [00:01<00:00, 31.35it/s, loss=0.0008]
  Epoch  3/30:  78%|███████████████████████████▏       | 45/58 [00:01<00:00, 31.35it/s, loss=0.0007]
  Epoch  3/30:  78%|███████████████████████████▏       | 45/58 [00:01<00:00, 31.35it/s, loss=0.0005]
  Epoch  3/30:  78%|███████████████████████████▏       | 45/58 [00:01<00:00, 31.35it/s, loss=0.0012]
  Epoch  3/30:  78%|███████████████████████████▏       | 45/58 [00:01<00:00, 31.35it/s, loss=0.0008]
  Epoch  3/30:  84%|█████████████████████████████▌     | 49/58 [00:01<00:00, 32.68it/s, loss=0.0008]
  Epoch  3/30:  84%|█████████████████████████████▌     | 49/58 [00:01<00:00, 32.68it/s, loss=0.0005]
  Epoch  3/30:  84%|█████████████████████████████▌     | 49/58 [00:01<00:00, 32.68it/s, loss=0.0003]
  Epoch  3/30:  84%|█████████████████████████████▌     | 49/58 [00:01<00:00, 32.68it/s, loss=0.0017]
  Epoch  3/30:  84%|█████████████████████████████▌     | 49/58 [00:01<00:00, 32.68it/s, loss=0.0013]
  Epoch  3/30:  91%|███████████████████████████████▉   | 53/58 [00:01<00:00, 33.69it/s, loss=0.0013]
  Epoch  3/30:  91%|███████████████████████████████▉   | 53/58 [00:01<00:00, 33.69it/s, loss=0.0004]
  Epoch  3/30:  91%|███████████████████████████████▉   | 53/58 [00:01<00:00, 33.69it/s, loss=0.0005]
  Epoch  3/30:  91%|███████████████████████████████▉   | 53/58 [00:01<00:00, 33.69it/s, loss=0.0008]
  Epoch  3/30:  91%|███████████████████████████████▉   | 53/58 [00:01<00:00, 33.69it/s, loss=0.0008]
  Epoch  3/30:  98%|██████████████████████████████████▍| 57/58 [00:01<00:00, 34.72it/s, loss=0.0008]
  Epoch  3/30:  98%|██████████████████████████████████▍| 57/58 [00:01<00:00, 34.72it/s, loss=0.0003]
                                                                                                    

  Epoch  4/30:   0%|                                                         | 0/58 [00:00<?, ?it/s]
  Epoch  4/30:   0%|                                            | 0/58 [00:00<?, ?it/s, loss=0.0009]
  Epoch  4/30:   0%|                                            | 0/58 [00:00<?, ?it/s, loss=0.0017]
  Epoch  4/30:   0%|                                            | 0/58 [00:00<?, ?it/s, loss=0.0010]
  Epoch  4/30:   0%|                                            | 0/58 [00:00<?, ?it/s, loss=0.0005]
  Epoch  4/30:   7%|██▍                                 | 4/58 [00:00<00:01, 31.35it/s, loss=0.0005]
  Epoch  4/30:   7%|██▍                                 | 4/58 [00:00<00:01, 31.35it/s, loss=0.0011]
  Epoch  4/30:   7%|██▍                                 | 4/58 [00:00<00:01, 31.35it/s, loss=0.0005]
  Epoch  4/30:   7%|██▍                                 | 4/58 [00:00<00:01, 31.35it/s, loss=0.0009]
  Epoch  4/30:   7%|██▍                                 | 4/58 [00:00<00:01, 31.35it/s, loss=0.0006]
  Epoch  4/30:  14%|████▉                               | 8/58 [00:00<00:01, 33.25it/s, loss=0.0006]
  Epoch  4/30:  14%|████▉                               | 8/58 [00:00<00:01, 33.25it/s, loss=0.0004]
  Epoch  4/30:  14%|████▉                               | 8/58 [00:00<00:01, 33.25it/s, loss=0.0011]
  Epoch  4/30:  14%|████▉                               | 8/58 [00:00<00:01, 33.25it/s, loss=0.0016]
  Epoch  4/30:  14%|████▉                               | 8/58 [00:00<00:01, 33.25it/s, loss=0.0010]
  Epoch  4/30:  21%|███████▏                           | 12/58 [00:00<00:01, 35.88it/s, loss=0.0010]
  Epoch  4/30:  21%|███████▏                           | 12/58 [00:00<00:01, 35.88it/s, loss=0.0004]
  Epoch  4/30:  21%|███████▏                           | 12/58 [00:00<00:01, 35.88it/s, loss=0.0005]
  Epoch  4/30:  21%|███████▏                           | 12/58 [00:00<00:01, 35.88it/s, loss=0.0005]
  Epoch  4/30:  21%|███████▏                           | 12/58 [00:00<00:01, 35.88it/s, loss=0.0004]
  Epoch  4/30:  21%|███████▏                           | 12/58 [00:00<00:01, 35.88it/s, loss=0.0006]
  Epoch  4/30:  29%|██████████▎                        | 17/58 [00:00<00:01, 38.85it/s, loss=0.0006]
  Epoch  4/30:  29%|██████████▎                        | 17/58 [00:00<00:01, 38.85it/s, loss=0.0007]
  Epoch  4/30:  29%|██████████▎                        | 17/58 [00:00<00:01, 38.85it/s, loss=0.0006]
  Epoch  4/30:  29%|██████████▎                        | 17/58 [00:00<00:01, 38.85it/s, loss=0.0007]
  Epoch  4/30:  29%|██████████▎                        | 17/58 [00:00<00:01, 38.85it/s, loss=0.0008]
  Epoch  4/30:  36%|████████████▋                      | 21/58 [00:00<00:00, 38.17it/s, loss=0.0008]
  Epoch  4/30:  36%|████████████▋                      | 21/58 [00:00<00:00, 38.17it/s, loss=0.0007]
  Epoch  4/30:  36%|████████████▋                      | 21/58 [00:00<00:00, 38.17it/s, loss=0.0008]
  Epoch  4/30:  36%|████████████▋                      | 21/58 [00:00<00:00, 38.17it/s, loss=0.0008]
  Epoch  4/30:  36%|████████████▋                      | 21/58 [00:00<00:00, 38.17it/s, loss=0.0010]
  Epoch  4/30:  36%|████████████▋                      | 21/58 [00:00<00:00, 38.17it/s, loss=0.0007]
  Epoch  4/30:  45%|███████████████▋                   | 26/58 [00:00<00:00, 38.98it/s, loss=0.0007]
  Epoch  4/30:  45%|███████████████▋                   | 26/58 [00:00<00:00, 38.98it/s, loss=0.0009]
  Epoch  4/30:  45%|███████████████▋                   | 26/58 [00:00<00:00, 38.98it/s, loss=0.0005]
  Epoch  4/30:  45%|███████████████▋                   | 26/58 [00:00<00:00, 38.98it/s, loss=0.0018]
  Epoch  4/30:  45%|███████████████▋                   | 26/58 [00:00<00:00, 38.98it/s, loss=0.0026]
  Epoch  4/30:  45%|███████████████▋                   | 26/58 [00:00<00:00, 38.98it/s, loss=0.0006]
  Epoch  4/30:  45%|███████████████▋                   | 26/58 [00:00<00:00, 38.98it/s, loss=0.0005]
  Epoch  4/30:  55%|███████████████████▎               | 32/58 [00:00<00:00, 42.76it/s, loss=0.0005]
  Epoch  4/30:  55%|███████████████████▎               | 32/58 [00:00<00:00, 42.76it/s, loss=0.0013]
  Epoch  4/30:  55%|███████████████████▎               | 32/58 [00:00<00:00, 42.76it/s, loss=0.0007]
  Epoch  4/30:  55%|███████████████████▎               | 32/58 [00:00<00:00, 42.76it/s, loss=0.0009]
  Epoch  4/30:  55%|███████████████████▎               | 32/58 [00:00<00:00, 42.76it/s, loss=0.0005]
  Epoch  4/30:  55%|███████████████████▎               | 32/58 [00:00<00:00, 42.76it/s, loss=0.0005]
  Epoch  4/30:  64%|██████████████████████▎            | 37/58 [00:00<00:00, 41.22it/s, loss=0.0005]
  Epoch  4/30:  64%|██████████████████████▎            | 37/58 [00:00<00:00, 41.22it/s, loss=0.0011]
  Epoch  4/30:  64%|██████████████████████▎            | 37/58 [00:00<00:00, 41.22it/s, loss=0.0006]
  Epoch  4/30:  64%|██████████████████████▎            | 37/58 [00:01<00:00, 41.22it/s, loss=0.0009]
  Epoch  4/30:  64%|██████████████████████▎            | 37/58 [00:01<00:00, 41.22it/s, loss=0.0012]
  Epoch  4/30:  64%|██████████████████████▎            | 37/58 [00:01<00:00, 41.22it/s, loss=0.0013]
  Epoch  4/30:  72%|█████████████████████████▎         | 42/58 [00:01<00:00, 42.23it/s, loss=0.0013]
  Epoch  4/30:  72%|█████████████████████████▎         | 42/58 [00:01<00:00, 42.23it/s, loss=0.0004]
  Epoch  4/30:  72%|█████████████████████████▎         | 42/58 [00:01<00:00, 42.23it/s, loss=0.0007]
  Epoch  4/30:  72%|█████████████████████████▎         | 42/58 [00:01<00:00, 42.23it/s, loss=0.0010]
  Epoch  4/30:  72%|█████████████████████████▎         | 42/58 [00:01<00:00, 42.23it/s, loss=0.0004]
  Epoch  4/30:  72%|█████████████████████████▎         | 42/58 [00:01<00:00, 42.23it/s, loss=0.0006]
  Epoch  4/30:  81%|████████████████████████████▎      | 47/58 [00:01<00:00, 40.63it/s, loss=0.0006]
  Epoch  4/30:  81%|████████████████████████████▎      | 47/58 [00:01<00:00, 40.63it/s, loss=0.0024]
  Epoch  4/30:  81%|████████████████████████████▎      | 47/58 [00:01<00:00, 40.63it/s, loss=0.0027]
  Epoch  4/30:  81%|████████████████████████████▎      | 47/58 [00:01<00:00, 40.63it/s, loss=0.0007]
  Epoch  4/30:  81%|████████████████████████████▎      | 47/58 [00:01<00:00, 40.63it/s, loss=0.0012]
  Epoch  4/30:  81%|████████████████████████████▎      | 47/58 [00:01<00:00, 40.63it/s, loss=0.0004]
  Epoch  4/30:  90%|███████████████████████████████▍   | 52/58 [00:01<00:00, 40.03it/s, loss=0.0004]
  Epoch  4/30:  90%|███████████████████████████████▍   | 52/58 [00:01<00:00, 40.03it/s, loss=0.0011]
  Epoch  4/30:  90%|███████████████████████████████▍   | 52/58 [00:01<00:00, 40.03it/s, loss=0.0007]
  Epoch  4/30:  90%|███████████████████████████████▍   | 52/58 [00:01<00:00, 40.03it/s, loss=0.0019]
  Epoch  4/30:  90%|███████████████████████████████▍   | 52/58 [00:01<00:00, 40.03it/s, loss=0.0004]
  Epoch  4/30:  90%|███████████████████████████████▍   | 52/58 [00:01<00:00, 40.03it/s, loss=0.0007]
  Epoch  4/30:  98%|██████████████████████████████████▍| 57/58 [00:01<00:00, 38.65it/s, loss=0.0007]
  Epoch  4/30:  98%|██████████████████████████████████▍| 57/58 [00:01<00:00, 38.65it/s, loss=0.0003]
                                                                                                    

  Epoch  5/30:   0%|                                                         | 0/58 [00:00<?, ?it/s]
  Epoch  5/30:   0%|                                            | 0/58 [00:00<?, ?it/s, loss=0.0003]
  Epoch  5/30:   0%|                                            | 0/58 [00:00<?, ?it/s, loss=0.0008]
  Epoch  5/30:   0%|                                            | 0/58 [00:00<?, ?it/s, loss=0.0008]
  Epoch  5/30:   0%|                                            | 0/58 [00:00<?, ?it/s, loss=0.0006]
  Epoch  5/30:   7%|██▍                                 | 4/58 [00:00<00:01, 30.40it/s, loss=0.0006]
  Epoch  5/30:   7%|██▍                                 | 4/58 [00:00<00:01, 30.40it/s, loss=0.0006]
  Epoch  5/30:   7%|██▍                                 | 4/58 [00:00<00:01, 30.40it/s, loss=0.0009]
  Epoch  5/30:   7%|██▍                                 | 4/58 [00:00<00:01, 30.40it/s, loss=0.0011]
  Epoch  5/30:   7%|██▍                                 | 4/58 [00:00<00:01, 30.40it/s, loss=0.0006]
  Epoch  5/30:  14%|████▉                               | 8/58 [00:00<00:01, 31.69it/s, loss=0.0006]
  Epoch  5/30:  14%|████▉                               | 8/58 [00:00<00:01, 31.69it/s, loss=0.0006]
  Epoch  5/30:  14%|████▉                               | 8/58 [00:00<00:01, 31.69it/s, loss=0.0009]
  Epoch  5/30:  14%|████▉                               | 8/58 [00:00<00:01, 31.69it/s, loss=0.0009]
  Epoch  5/30:  14%|████▉                               | 8/58 [00:00<00:01, 31.69it/s, loss=0.0005]
  Epoch  5/30:  21%|███████▏                           | 12/58 [00:00<00:01, 32.30it/s, loss=0.0005]
  Epoch  5/30:  21%|███████▏                           | 12/58 [00:00<00:01, 32.30it/s, loss=0.0009]
  Epoch  5/30:  21%|███████▏                           | 12/58 [00:00<00:01, 32.30it/s, loss=0.0003]
  Epoch  5/30:  21%|███████▏                           | 12/58 [00:00<00:01, 32.30it/s, loss=0.0013]
  Epoch  5/30:  21%|███████▏                           | 12/58 [00:00<00:01, 32.30it/s, loss=0.0005]
  Epoch  5/30:  28%|█████████▋                         | 16/58 [00:00<00:01, 33.29it/s, loss=0.0005]
  Epoch  5/30:  28%|█████████▋                         | 16/58 [00:00<00:01, 33.29it/s, loss=0.0015]
  Epoch  5/30:  28%|█████████▋                         | 16/58 [00:00<00:01, 33.29it/s, loss=0.0016]
  Epoch  5/30:  28%|█████████▋                         | 16/58 [00:00<00:01, 33.29it/s, loss=0.0008]
  Epoch  5/30:  28%|█████████▋                         | 16/58 [00:00<00:01, 33.29it/s, loss=0.0006]
  Epoch  5/30:  28%|█████████▋                         | 16/58 [00:00<00:01, 33.29it/s, loss=0.0009]
  Epoch  5/30:  36%|████████████▋                      | 21/58 [00:00<00:01, 35.50it/s, loss=0.0009]
  Epoch  5/30:  36%|████████████▋                      | 21/58 [00:00<00:01, 35.50it/s, loss=0.0023]
  Epoch  5/30:  36%|████████████▋                      | 21/58 [00:00<00:01, 35.50it/s, loss=0.0006]
  Epoch  5/30:  36%|████████████▋                      | 21/58 [00:00<00:01, 35.50it/s, loss=0.0011]
  Epoch  5/30:  36%|████████████▋                      | 21/58 [00:00<00:01, 35.50it/s, loss=0.0008]
  Epoch  5/30:  43%|███████████████                    | 25/58 [00:00<00:00, 35.46it/s, loss=0.0008]
  Epoch  5/30:  43%|███████████████                    | 25/58 [00:00<00:00, 35.46it/s, loss=0.0005]
  Epoch  5/30:  43%|███████████████                    | 25/58 [00:00<00:00, 35.46it/s, loss=0.0004]
  Epoch  5/30:  43%|███████████████                    | 25/58 [00:00<00:00, 35.46it/s, loss=0.0018]
  Epoch  5/30:  43%|███████████████                    | 25/58 [00:00<00:00, 35.46it/s, loss=0.0006]
  Epoch  5/30:  50%|█████████████████▌                 | 29/58 [00:00<00:00, 35.88it/s, loss=0.0006]
  Epoch  5/30:  50%|█████████████████▌                 | 29/58 [00:00<00:00, 35.88it/s, loss=0.0009]
  Epoch  5/30:  50%|█████████████████▌                 | 29/58 [00:00<00:00, 35.88it/s, loss=0.0005]
  Epoch  5/30:  50%|█████████████████▌                 | 29/58 [00:00<00:00, 35.88it/s, loss=0.0011]
  Epoch  5/30:  50%|█████████████████▌                 | 29/58 [00:00<00:00, 35.88it/s, loss=0.0008]
  Epoch  5/30:  50%|█████████████████▌                 | 29/58 [00:00<00:00, 35.88it/s, loss=0.0009]
  Epoch  5/30:  59%|████████████████████▌              | 34/58 [00:00<00:00, 38.18it/s, loss=0.0009]
  Epoch  5/30:  59%|████████████████████▌              | 34/58 [00:00<00:00, 38.18it/s, loss=0.0004]
  Epoch  5/30:  59%|████████████████████▌              | 34/58 [00:01<00:00, 38.18it/s, loss=0.0006]
  Epoch  5/30:  59%|████████████████████▌              | 34/58 [00:01<00:00, 38.18it/s, loss=0.0009]
  Epoch  5/30:  59%|████████████████████▌              | 34/58 [00:01<00:00, 38.18it/s, loss=0.0007]
  Epoch  5/30:  66%|██████████████████████▉            | 38/58 [00:01<00:00, 36.61it/s, loss=0.0007]
  Epoch  5/30:  66%|██████████████████████▉            | 38/58 [00:01<00:00, 36.61it/s, loss=0.0010]
  Epoch  5/30:  66%|██████████████████████▉            | 38/58 [00:01<00:00, 36.61it/s, loss=0.0007]
  Epoch  5/30:  66%|██████████████████████▉            | 38/58 [00:01<00:00, 36.61it/s, loss=0.0009]
  Epoch  5/30:  66%|██████████████████████▉            | 38/58 [00:01<00:00, 36.61it/s, loss=0.0006]
  Epoch  5/30:  66%|██████████████████████▉            | 38/58 [00:01<00:00, 36.61it/s, loss=0.0006]
  Epoch  5/30:  74%|█████████████████████████▉         | 43/58 [00:01<00:00, 38.51it/s, loss=0.0006]
  Epoch  5/30:  74%|█████████████████████████▉         | 43/58 [00:01<00:00, 38.51it/s, loss=0.0016]
  Epoch  5/30:  74%|█████████████████████████▉         | 43/58 [00:01<00:00, 38.51it/s, loss=0.0018]
  Epoch  5/30:  74%|█████████████████████████▉         | 43/58 [00:01<00:00, 38.51it/s, loss=0.0005]
  Epoch  5/30:  74%|█████████████████████████▉         | 43/58 [00:01<00:00, 38.51it/s, loss=0.0010]
  Epoch  5/30:  74%|█████████████████████████▉         | 43/58 [00:01<00:00, 38.51it/s, loss=0.0005]
  Epoch  5/30:  83%|████████████████████████████▉      | 48/58 [00:01<00:00, 39.25it/s, loss=0.0005]
  Epoch  5/30:  83%|████████████████████████████▉      | 48/58 [00:01<00:00, 39.25it/s, loss=0.0004]
  Epoch  5/30:  83%|████████████████████████████▉      | 48/58 [00:01<00:00, 39.25it/s, loss=0.0009]
  Epoch  5/30:  83%|████████████████████████████▉      | 48/58 [00:01<00:00, 39.25it/s, loss=0.0007]
  Epoch  5/30:  83%|████████████████████████████▉      | 48/58 [00:01<00:00, 39.25it/s, loss=0.0005]
  Epoch  5/30:  90%|███████████████████████████████▍   | 52/58 [00:01<00:00, 38.87it/s, loss=0.0005]
  Epoch  5/30:  90%|███████████████████████████████▍   | 52/58 [00:01<00:00, 38.87it/s, loss=0.0013]
  Epoch  5/30:  90%|███████████████████████████████▍   | 52/58 [00:01<00:00, 38.87it/s, loss=0.0008]
  Epoch  5/30:  90%|███████████████████████████████▍   | 52/58 [00:01<00:00, 38.87it/s, loss=0.0005]
  Epoch  5/30:  90%|███████████████████████████████▍   | 52/58 [00:01<00:00, 38.87it/s, loss=0.0006]
  Epoch  5/30:  97%|█████████████████████████████████▊ | 56/58 [00:01<00:00, 38.92it/s, loss=0.0006]
  Epoch  5/30:  97%|█████████████████████████████████▊ | 56/58 [00:01<00:00, 38.92it/s, loss=0.0006]
  Epoch  5/30:  97%|█████████████████████████████████▊ | 56/58 [00:01<00:00, 38.92it/s, loss=0.0007]
                                                                                                    
  Epoch  5/30 │ Loss: 0.0008 │ T+1: 0.7978 │ T+2: 0.4694 │ T+3: 0.3669 ★ NEW BEST

  Epoch  6/30:   0%|                                                         | 0/58 [00:00<?, ?it/s]
  Epoch  6/30:   0%|                                            | 0/58 [00:00<?, ?it/s, loss=0.0013]
  Epoch  6/30:   0%|                                            | 0/58 [00:00<?, ?it/s, loss=0.0005]
  Epoch  6/30:   0%|                                            | 0/58 [00:00<?, ?it/s, loss=0.0003]
  Epoch  6/30:   0%|                                            | 0/58 [00:00<?, ?it/s, loss=0.0009]
  Epoch  6/30:   0%|                                            | 0/58 [00:00<?, ?it/s, loss=0.0009]
  Epoch  6/30:   9%|███                                 | 5/58 [00:00<00:01, 34.42it/s, loss=0.0009]
  Epoch  6/30:   9%|███                                 | 5/58 [00:00<00:01, 34.42it/s, loss=0.0003]
  Epoch  6/30:   9%|███                                 | 5/58 [00:00<00:01, 34.42it/s, loss=0.0004]
  Epoch  6/30:   9%|███                                 | 5/58 [00:00<00:01, 34.42it/s, loss=0.0006]
  Epoch  6/30:   9%|███                                 | 5/58 [00:00<00:01, 34.42it/s, loss=0.0007]
  Epoch  6/30:  16%|█████▌                              | 9/58 [00:00<00:01, 33.31it/s, loss=0.0007]
  Epoch  6/30:  16%|█████▌                              | 9/58 [00:00<00:01, 33.31it/s, loss=0.0008]
  Epoch  6/30:  16%|█████▌                              | 9/58 [00:00<00:01, 33.31it/s, loss=0.0007]
  Epoch  6/30:  16%|█████▌                              | 9/58 [00:00<00:01, 33.31it/s, loss=0.0008]
  Epoch  6/30:  16%|█████▌                              | 9/58 [00:00<00:01, 33.31it/s, loss=0.0006]
  Epoch  6/30:  22%|███████▊                           | 13/58 [00:00<00:01, 34.40it/s, loss=0.0006]
  Epoch  6/30:  22%|███████▊                           | 13/58 [00:00<00:01, 34.40it/s, loss=0.0007]
  Epoch  6/30:  22%|███████▊                           | 13/58 [00:00<00:01, 34.40it/s, loss=0.0006]
  Epoch  6/30:  22%|███████▊                           | 13/58 [00:00<00:01, 34.40it/s, loss=0.0006]
  Epoch  6/30:  22%|███████▊                           | 13/58 [00:00<00:01, 34.40it/s, loss=0.0005]
  Epoch  6/30:  29%|██████████▎                        | 17/58 [00:00<00:01, 32.75it/s, loss=0.0005]
  Epoch  6/30:  29%|██████████▎                        | 17/58 [00:00<00:01, 32.75it/s, loss=0.0020]
  Epoch  6/30:  29%|██████████▎                        | 17/58 [00:00<00:01, 32.75it/s, loss=0.0006]
  Epoch  6/30:  29%|██████████▎                        | 17/58 [00:00<00:01, 32.75it/s, loss=0.0007]
  Epoch  6/30:  29%|██████████▎                        | 17/58 [00:00<00:01, 32.75it/s, loss=0.0003]
  Epoch  6/30:  36%|████████████▋                      | 21/58 [00:00<00:01, 32.71it/s, loss=0.0003]
  Epoch  6/30:  36%|████████████▋                      | 21/58 [00:00<00:01, 32.71it/s, loss=0.0003]
  Epoch  6/30:  36%|████████████▋                      | 21/58 [00:00<00:01, 32.71it/s, loss=0.0009]
  Epoch  6/30:  36%|████████████▋                      | 21/58 [00:00<00:01, 32.71it/s, loss=0.0013]
  Epoch  6/30:  36%|████████████▋                      | 21/58 [00:00<00:01, 32.71it/s, loss=0.0003]
  Epoch  6/30:  43%|███████████████                    | 25/58 [00:00<00:00, 34.23it/s, loss=0.0003]
  Epoch  6/30:  43%|███████████████                    | 25/58 [00:00<00:00, 34.23it/s, loss=0.0009]
  Epoch  6/30:  43%|███████████████                    | 25/58 [00:00<00:00, 34.23it/s, loss=0.0004]
  Epoch  6/30:  43%|███████████████                    | 25/58 [00:00<00:00, 34.23it/s, loss=0.0005]
  Epoch  6/30:  43%|███████████████                    | 25/58 [00:00<00:00, 34.23it/s, loss=0.0004]
  Epoch  6/30:  50%|█████████████████▌                 | 29/58 [00:00<00:00, 35.54it/s, loss=0.0004]
  Epoch  6/30:  50%|█████████████████▌                 | 29/58 [00:00<00:00, 35.54it/s, loss=0.0004]
  Epoch  6/30:  50%|█████████████████▌                 | 29/58 [00:00<00:00, 35.54it/s, loss=0.0008]
  Epoch  6/30:  50%|█████████████████▌                 | 29/58 [00:00<00:00, 35.54it/s, loss=0.0005]
  Epoch  6/30:  50%|█████████████████▌                 | 29/58 [00:00<00:00, 35.54it/s, loss=0.0006]
  Epoch  6/30:  57%|███████████████████▉               | 33/58 [00:00<00:00, 35.65it/s, loss=0.0006]
  Epoch  6/30:  57%|███████████████████▉               | 33/58 [00:00<00:00, 35.65it/s, loss=0.0007]
  Epoch  6/30:  57%|███████████████████▉               | 33/58 [00:01<00:00, 35.65it/s, loss=0.0006]
  Epoch  6/30:  57%|███████████████████▉               | 33/58 [00:01<00:00, 35.65it/s, loss=0.0009]
  Epoch  6/30:  57%|███████████████████▉               | 33/58 [00:01<00:00, 35.65it/s, loss=0.0012]
  Epoch  6/30:  64%|██████████████████████▎            | 37/58 [00:01<00:00, 34.43it/s, loss=0.0012]
  Epoch  6/30:  64%|██████████████████████▎            | 37/58 [00:01<00:00, 34.43it/s, loss=0.0006]
  Epoch  6/30:  64%|██████████████████████▎            | 37/58 [00:01<00:00, 34.43it/s, loss=0.0005]
  Epoch  6/30:  64%|██████████████████████▎            | 37/58 [00:01<00:00, 34.43it/s, loss=0.0006]
  Epoch  6/30:  64%|██████████████████████▎            | 37/58 [00:01<00:00, 34.43it/s, loss=0.0007]
  Epoch  6/30:  71%|████████████████████████▋          | 41/58 [00:01<00:00, 35.49it/s, loss=0.0007]
  Epoch  6/30:  71%|████████████████████████▋          | 41/58 [00:01<00:00, 35.49it/s, loss=0.0008]
  Epoch  6/30:  71%|████████████████████████▋          | 41/58 [00:01<00:00, 35.49it/s, loss=0.0023]
  Epoch  6/30:  71%|████████████████████████▋          | 41/58 [00:01<00:00, 35.49it/s, loss=0.0009]
  Epoch  6/30:  71%|████████████████████████▋          | 41/58 [00:01<00:00, 35.49it/s, loss=0.0008]
  Epoch  6/30:  78%|███████████████████████████▏       | 45/58 [00:01<00:00, 36.13it/s, loss=0.0008]
  Epoch  6/30:  78%|███████████████████████████▏       | 45/58 [00:01<00:00, 36.13it/s, loss=0.0004]
  Epoch  6/30:  78%|███████████████████████████▏       | 45/58 [00:01<00:00, 36.13it/s, loss=0.0007]
  Epoch  6/30:  78%|███████████████████████████▏       | 45/58 [00:01<00:00, 36.13it/s, loss=0.0006]
  Epoch  6/30:  78%|███████████████████████████▏       | 45/58 [00:01<00:00, 36.13it/s, loss=0.0008]
  Epoch  6/30:  84%|█████████████████████████████▌     | 49/58 [00:01<00:00, 36.30it/s, loss=0.0008]
  Epoch  6/30:  84%|█████████████████████████████▌     | 49/58 [00:01<00:00, 36.30it/s, loss=0.0003]
  Epoch  6/30:  84%|█████████████████████████████▌     | 49/58 [00:01<00:00, 36.30it/s, loss=0.0009]
  Epoch  6/30:  84%|█████████████████████████████▌     | 49/58 [00:01<00:00, 36.30it/s, loss=0.0016]
  Epoch  6/30:  84%|█████████████████████████████▌     | 49/58 [00:01<00:00, 36.30it/s, loss=0.0003]
  Epoch  6/30:  91%|███████████████████████████████▉   | 53/58 [00:01<00:00, 25.04it/s, loss=0.0003]
  Epoch  6/30:  91%|███████████████████████████████▉   | 53/58 [00:01<00:00, 25.04it/s, loss=0.0012]
  Epoch  6/30:  91%|███████████████████████████████▉   | 53/58 [00:01<00:00, 25.04it/s, loss=0.0007]
  Epoch  6/30:  91%|███████████████████████████████▉   | 53/58 [00:01<00:00, 25.04it/s, loss=0.0012]
  Epoch  6/30:  97%|█████████████████████████████████▊ | 56/58 [00:01<00:00, 25.78it/s, loss=0.0012]
  Epoch  6/30:  97%|█████████████████████████████████▊ | 56/58 [00:01<00:00, 25.78it/s, loss=0.0022]
  Epoch  6/30:  97%|█████████████████████████████████▊ | 56/58 [00:01<00:00, 25.78it/s, loss=0.0007]
                                                                                                    

  Epoch  7/30:   0%|                                                         | 0/58 [00:00<?, ?it/s]
  Epoch  7/30:   0%|                                            | 0/58 [00:00<?, ?it/s, loss=0.0014]
  Epoch  7/30:   0%|                                            | 0/58 [00:00<?, ?it/s, loss=0.0011]
  Epoch  7/30:   0%|                                            | 0/58 [00:00<?, ?it/s, loss=0.0007]
  Epoch  7/30:   5%|█▊                                  | 3/58 [00:00<00:01, 28.40it/s, loss=0.0007]
  Epoch  7/30:   5%|█▊                                  | 3/58 [00:00<00:01, 28.40it/s, loss=0.0004]
  Epoch  7/30:   5%|█▊                                  | 3/58 [00:00<00:01, 28.40it/s, loss=0.0008]
  Epoch  7/30:   5%|█▊                                  | 3/58 [00:00<00:01, 28.40it/s, loss=0.0016]
  Epoch  7/30:  10%|███▋                                | 6/58 [00:00<00:01, 29.01it/s, loss=0.0016]
  Epoch  7/30:  10%|███▋                                | 6/58 [00:00<00:01, 29.01it/s, loss=0.0003]
  Epoch  7/30:  10%|███▋                                | 6/58 [00:00<00:01, 29.01it/s, loss=0.0007]
  Epoch  7/30:  10%|███▋                                | 6/58 [00:00<00:01, 29.01it/s, loss=0.0005]
  Epoch  7/30:  16%|█████▌                              | 9/58 [00:00<00:01, 28.84it/s, loss=0.0005]
  Epoch  7/30:  16%|█████▌                              | 9/58 [00:00<00:01, 28.84it/s, loss=0.0014]
  Epoch  7/30:  16%|█████▌                              | 9/58 [00:00<00:01, 28.84it/s, loss=0.0007]
  Epoch  7/30:  16%|█████▌                              | 9/58 [00:00<00:01, 28.84it/s, loss=0.0004]
  Epoch  7/30:  21%|███████▏                           | 12/58 [00:00<00:01, 28.45it/s, loss=0.0004]
  Epoch  7/30:  21%|███████▏                           | 12/58 [00:00<00:01, 28.45it/s, loss=0.0010]
  Epoch  7/30:  21%|███████▏                           | 12/58 [00:00<00:01, 28.45it/s, loss=0.0004]
  Epoch  7/30:  21%|███████▏                           | 12/58 [00:00<00:01, 28.45it/s, loss=0.0007]
  Epoch  7/30:  26%|█████████                          | 15/58 [00:00<00:01, 27.19it/s, loss=0.0007]
  Epoch  7/30:  26%|█████████                          | 15/58 [00:00<00:01, 27.19it/s, loss=0.0013]
  Epoch  7/30:  26%|█████████                          | 15/58 [00:00<00:01, 27.19it/s, loss=0.0008]
  Epoch  7/30:  26%|█████████                          | 15/58 [00:00<00:01, 27.19it/s, loss=0.0007]
  Epoch  7/30:  26%|█████████                          | 15/58 [00:00<00:01, 27.19it/s, loss=0.0003]
  Epoch  7/30:  33%|███████████▍                       | 19/58 [00:00<00:01, 28.92it/s, loss=0.0003]
  Epoch  7/30:  33%|███████████▍                       | 19/58 [00:00<00:01, 28.92it/s, loss=0.0004]
  Epoch  7/30:  33%|███████████▍                       | 19/58 [00:00<00:01, 28.92it/s, loss=0.0010]
  Epoch  7/30:  33%|███████████▍                       | 19/58 [00:00<00:01, 28.92it/s, loss=0.0011]
  Epoch  7/30:  38%|█████████████▎                     | 22/58 [00:00<00:01, 28.75it/s, loss=0.0011]
  Epoch  7/30:  38%|█████████████▎                     | 22/58 [00:00<00:01, 28.75it/s, loss=0.0004]
  Epoch  7/30:  38%|█████████████▎                     | 22/58 [00:00<00:01, 28.75it/s, loss=0.0003]
  Epoch  7/30:  38%|█████████████▎                     | 22/58 [00:00<00:01, 28.75it/s, loss=0.0008]
  Epoch  7/30:  43%|███████████████                    | 25/58 [00:00<00:01, 28.59it/s, loss=0.0008]
  Epoch  7/30:  43%|███████████████                    | 25/58 [00:00<00:01, 28.59it/s, loss=0.0007]
  Epoch  7/30:  43%|███████████████                    | 25/58 [00:00<00:01, 28.59it/s, loss=0.0004]
  Epoch  7/30:  43%|███████████████                    | 25/58 [00:00<00:01, 28.59it/s, loss=0.0004]
  Epoch  7/30:  43%|███████████████                    | 25/58 [00:00<00:01, 28.59it/s, loss=0.0005]
  Epoch  7/30:  50%|█████████████████▌                 | 29/58 [00:00<00:00, 31.20it/s, loss=0.0005]
  Epoch  7/30:  50%|█████████████████▌                 | 29/58 [00:01<00:00, 31.20it/s, loss=0.0008]
  Epoch  7/30:  50%|█████████████████▌                 | 29/58 [00:01<00:00, 31.20it/s, loss=0.0005]
  Epoch  7/30:  50%|█████████████████▌                 | 29/58 [00:01<00:00, 31.20it/s, loss=0.0008]
  Epoch  7/30:  50%|█████████████████▌                 | 29/58 [00:01<00:00, 31.20it/s, loss=0.0003]
  Epoch  7/30:  50%|█████████████████▌                 | 29/58 [00:01<00:00, 31.20it/s, loss=0.0004]
  Epoch  7/30:  59%|████████████████████▌              | 34/58 [00:01<00:00, 33.29it/s, loss=0.0004]
  Epoch  7/30:  59%|████████████████████▌              | 34/58 [00:01<00:00, 33.29it/s, loss=0.0007]
  Epoch  7/30:  59%|████████████████████▌              | 34/58 [00:01<00:00, 33.29it/s, loss=0.0006]
  Epoch  7/30:  59%|████████████████████▌              | 34/58 [00:01<00:00, 33.29it/s, loss=0.0004]
  Epoch  7/30:  59%|████████████████████▌              | 34/58 [00:01<00:00, 33.29it/s, loss=0.0017]
  Epoch  7/30:  66%|██████████████████████▉            | 38/58 [00:01<00:00, 33.12it/s, loss=0.0017]
  Epoch  7/30:  66%|██████████████████████▉            | 38/58 [00:01<00:00, 33.12it/s, loss=0.0006]
  Epoch  7/30:  66%|██████████████████████▉            | 38/58 [00:01<00:00, 33.12it/s, loss=0.0005]
  Epoch  7/30:  66%|██████████████████████▉            | 38/58 [00:01<00:00, 33.12it/s, loss=0.0006]
  Epoch  7/30:  66%|██████████████████████▉            | 38/58 [00:01<00:00, 33.12it/s, loss=0.0006]
  Epoch  7/30:  72%|█████████████████████████▎         | 42/58 [00:01<00:00, 33.81it/s, loss=0.0006]
  Epoch  7/30:  72%|█████████████████████████▎         | 42/58 [00:01<00:00, 33.81it/s, loss=0.0003]
  Epoch  7/30:  72%|█████████████████████████▎         | 42/58 [00:01<00:00, 33.81it/s, loss=0.0005]
  Epoch  7/30:  72%|█████████████████████████▎         | 42/58 [00:01<00:00, 33.81it/s, loss=0.0012]
  Epoch  7/30:  72%|█████████████████████████▎         | 42/58 [00:01<00:00, 33.81it/s, loss=0.0020]
  Epoch  7/30:  79%|███████████████████████████▊       | 46/58 [00:01<00:00, 34.38it/s, loss=0.0020]
  Epoch  7/30:  79%|███████████████████████████▊       | 46/58 [00:01<00:00, 34.38it/s, loss=0.0004]
  Epoch  7/30:  79%|███████████████████████████▊       | 46/58 [00:01<00:00, 34.38it/s, loss=0.0009]
  Epoch  7/30:  79%|███████████████████████████▊       | 46/58 [00:01<00:00, 34.38it/s, loss=0.0006]
  Epoch  7/30:  79%|███████████████████████████▊       | 46/58 [00:01<00:00, 34.38it/s, loss=0.0007]
  Epoch  7/30:  86%|██████████████████████████████▏    | 50/58 [00:01<00:00, 35.53it/s, loss=0.0007]
  Epoch  7/30:  86%|██████████████████████████████▏    | 50/58 [00:01<00:00, 35.53it/s, loss=0.0005]
  Epoch  7/30:  86%|██████████████████████████████▏    | 50/58 [00:01<00:00, 35.53it/s, loss=0.0004]
  Epoch  7/30:  86%|██████████████████████████████▏    | 50/58 [00:01<00:00, 35.53it/s, loss=0.0006]
  Epoch  7/30:  86%|██████████████████████████████▏    | 50/58 [00:01<00:00, 35.53it/s, loss=0.0008]
  Epoch  7/30:  93%|████████████████████████████████▌  | 54/58 [00:01<00:00, 35.12it/s, loss=0.0008]
  Epoch  7/30:  93%|████████████████████████████████▌  | 54/58 [00:01<00:00, 35.12it/s, loss=0.0007]
  Epoch  7/30:  93%|████████████████████████████████▌  | 54/58 [00:01<00:00, 35.12it/s, loss=0.0011]
  Epoch  7/30:  93%|████████████████████████████████▌  | 54/58 [00:01<00:00, 35.12it/s, loss=0.0013]
  Epoch  7/30:  93%|████████████████████████████████▌  | 54/58 [00:01<00:00, 35.12it/s, loss=0.0003]
  Epoch  7/30: 100%|███████████████████████████████████| 58/58 [00:01<00:00, 36.38it/s, loss=0.0003]
                                                                                                    

  Epoch  8/30:   0%|                                                         | 0/58 [00:00<?, ?it/s]
  Epoch  8/30:   0%|                                            | 0/58 [00:00<?, ?it/s, loss=0.0004]
  Epoch  8/30:   0%|                                            | 0/58 [00:00<?, ?it/s, loss=0.0009]
  Epoch  8/30:   0%|                                            | 0/58 [00:00<?, ?it/s, loss=0.0006]
  Epoch  8/30:   5%|█▊                                  | 3/58 [00:00<00:02, 27.11it/s, loss=0.0006]
  Epoch  8/30:   5%|█▊                                  | 3/58 [00:00<00:02, 27.11it/s, loss=0.0005]
  Epoch  8/30:   5%|█▊                                  | 3/58 [00:00<00:02, 27.11it/s, loss=0.0005]
  Epoch  8/30:   5%|█▊                                  | 3/58 [00:00<00:02, 27.11it/s, loss=0.0003]
  Epoch  8/30:   5%|█▊                                  | 3/58 [00:00<00:02, 27.11it/s, loss=0.0017]
  Epoch  8/30:   5%|█▊                                  | 3/58 [00:00<00:02, 27.11it/s, loss=0.0004]
  Epoch  8/30:  14%|████▉                               | 8/58 [00:00<00:01, 36.93it/s, loss=0.0004]
  Epoch  8/30:  14%|████▉                               | 8/58 [00:00<00:01, 36.93it/s, loss=0.0010]
  Epoch  8/30:  14%|████▉                               | 8/58 [00:00<00:01, 36.93it/s, loss=0.0013]
  Epoch  8/30:  14%|████▉                               | 8/58 [00:00<00:01, 36.93it/s, loss=0.0003]
  Epoch  8/30:  14%|████▉                               | 8/58 [00:00<00:01, 36.93it/s, loss=0.0018]
  Epoch  8/30:  21%|███████▏                           | 12/58 [00:00<00:01, 37.32it/s, loss=0.0018]
  Epoch  8/30:  21%|███████▏                           | 12/58 [00:00<00:01, 37.32it/s, loss=0.0008]
  Epoch  8/30:  21%|███████▏                           | 12/58 [00:00<00:01, 37.32it/s, loss=0.0006]
  Epoch  8/30:  21%|███████▏                           | 12/58 [00:00<00:01, 37.32it/s, loss=0.0003]
  Epoch  8/30:  21%|███████▏                           | 12/58 [00:00<00:01, 37.32it/s, loss=0.0008]
  Epoch  8/30:  28%|█████████▋                         | 16/58 [00:00<00:01, 35.15it/s, loss=0.0008]
  Epoch  8/30:  28%|█████████▋                         | 16/58 [00:00<00:01, 35.15it/s, loss=0.0012]
  Epoch  8/30:  28%|█████████▋                         | 16/58 [00:00<00:01, 35.15it/s, loss=0.0004]
  Epoch  8/30:  28%|█████████▋                         | 16/58 [00:00<00:01, 35.15it/s, loss=0.0007]
  Epoch  8/30:  28%|█████████▋                         | 16/58 [00:00<00:01, 35.15it/s, loss=0.0007]
  Epoch  8/30:  28%|█████████▋                         | 16/58 [00:00<00:01, 35.15it/s, loss=0.0003]
  Epoch  8/30:  36%|████████████▋                      | 21/58 [00:00<00:00, 37.50it/s, loss=0.0003]
  Epoch  8/30:  36%|████████████▋                      | 21/58 [00:00<00:00, 37.50it/s, loss=0.0005]
  Epoch  8/30:  36%|████████████▋                      | 21/58 [00:00<00:00, 37.50it/s, loss=0.0005]
  Epoch  8/30:  36%|████████████▋                      | 21/58 [00:00<00:00, 37.50it/s, loss=0.0003]
  Epoch  8/30:  36%|████████████▋                      | 21/58 [00:00<00:00, 37.50it/s, loss=0.0003]
  Epoch  8/30:  43%|███████████████                    | 25/58 [00:00<00:00, 36.44it/s, loss=0.0003]
  Epoch  8/30:  43%|███████████████                    | 25/58 [00:00<00:00, 36.44it/s, loss=0.0005]
  Epoch  8/30:  43%|███████████████                    | 25/58 [00:00<00:00, 36.44it/s, loss=0.0008]
  Epoch  8/30:  43%|███████████████                    | 25/58 [00:00<00:00, 36.44it/s, loss=0.0008]
  Epoch  8/30:  43%|███████████████                    | 25/58 [00:00<00:00, 36.44it/s, loss=0.0003]
  Epoch  8/30:  43%|███████████████                    | 25/58 [00:00<00:00, 36.44it/s, loss=0.0012]
  Epoch  8/30:  52%|██████████████████                 | 30/58 [00:00<00:00, 38.02it/s, loss=0.0012]
  Epoch  8/30:  52%|██████████████████                 | 30/58 [00:00<00:00, 38.02it/s, loss=0.0003]
  Epoch  8/30:  52%|██████████████████                 | 30/58 [00:00<00:00, 38.02it/s, loss=0.0005]
  Epoch  8/30:  52%|██████████████████                 | 30/58 [00:00<00:00, 38.02it/s, loss=0.0009]
  Epoch  8/30:  52%|██████████████████                 | 30/58 [00:00<00:00, 38.02it/s, loss=0.0007]
  Epoch  8/30:  59%|████████████████████▌              | 34/58 [00:00<00:00, 38.36it/s, loss=0.0007]
  Epoch  8/30:  59%|████████████████████▌              | 34/58 [00:00<00:00, 38.36it/s, loss=0.0013]
  Epoch  8/30:  59%|████████████████████▌              | 34/58 [00:00<00:00, 38.36it/s, loss=0.0005]
  Epoch  8/30:  59%|████████████████████▌              | 34/58 [00:00<00:00, 38.36it/s, loss=0.0006]
  Epoch  8/30:  59%|████████████████████▌              | 34/58 [00:01<00:00, 38.36it/s, loss=0.0013]
  Epoch  8/30:  66%|██████████████████████▉            | 38/58 [00:01<00:00, 38.08it/s, loss=0.0013]
  Epoch  8/30:  66%|██████████████████████▉            | 38/58 [00:01<00:00, 38.08it/s, loss=0.0003]
  Epoch  8/30:  66%|██████████████████████▉            | 38/58 [00:01<00:00, 38.08it/s, loss=0.0003]
  Epoch  8/30:  66%|██████████████████████▉            | 38/58 [00:01<00:00, 38.08it/s, loss=0.0011]
  Epoch  8/30:  66%|██████████████████████▉            | 38/58 [00:01<00:00, 38.08it/s, loss=0.0003]
  Epoch  8/30:  72%|█████████████████████████▎         | 42/58 [00:01<00:00, 34.87it/s, loss=0.0003]
  Epoch  8/30:  72%|█████████████████████████▎         | 42/58 [00:01<00:00, 34.87it/s, loss=0.0006]
  Epoch  8/30:  72%|█████████████████████████▎         | 42/58 [00:01<00:00, 34.87it/s, loss=0.0006]
  Epoch  8/30:  72%|█████████████████████████▎         | 42/58 [00:01<00:00, 34.87it/s, loss=0.0010]
  Epoch  8/30:  72%|█████████████████████████▎         | 42/58 [00:01<00:00, 34.87it/s, loss=0.0011]
  Epoch  8/30:  79%|███████████████████████████▊       | 46/58 [00:01<00:00, 35.42it/s, loss=0.0011]
  Epoch  8/30:  79%|███████████████████████████▊       | 46/58 [00:01<00:00, 35.42it/s, loss=0.0008]
  Epoch  8/30:  79%|███████████████████████████▊       | 46/58 [00:01<00:00, 35.42it/s, loss=0.0004]
  Epoch  8/30:  79%|███████████████████████████▊       | 46/58 [00:01<00:00, 35.42it/s, loss=0.0005]
  Epoch  8/30:  79%|███████████████████████████▊       | 46/58 [00:01<00:00, 35.42it/s, loss=0.0005]
  Epoch  8/30:  86%|██████████████████████████████▏    | 50/58 [00:01<00:00, 36.02it/s, loss=0.0005]
  Epoch  8/30:  86%|██████████████████████████████▏    | 50/58 [00:01<00:00, 36.02it/s, loss=0.0009]
  Epoch  8/30:  86%|██████████████████████████████▏    | 50/58 [00:01<00:00, 36.02it/s, loss=0.0003]
  Epoch  8/30:  86%|██████████████████████████████▏    | 50/58 [00:01<00:00, 36.02it/s, loss=0.0004]
  Epoch  8/30:  86%|██████████████████████████████▏    | 50/58 [00:01<00:00, 36.02it/s, loss=0.0004]
  Epoch  8/30:  86%|██████████████████████████████▏    | 50/58 [00:01<00:00, 36.02it/s, loss=0.0013]
  Epoch  8/30:  95%|█████████████████████████████████▏ | 55/58 [00:01<00:00, 36.78it/s, loss=0.0013]
  Epoch  8/30:  95%|█████████████████████████████████▏ | 55/58 [00:01<00:00, 36.78it/s, loss=0.0006]
  Epoch  8/30:  95%|█████████████████████████████████▏ | 55/58 [00:01<00:00, 36.78it/s, loss=0.0005]
  Epoch  8/30:  95%|█████████████████████████████████▏ | 55/58 [00:01<00:00, 36.78it/s, loss=0.0001]
                                                                                                    

  Epoch  9/30:   0%|                                                         | 0/58 [00:00<?, ?it/s]
  Epoch  9/30:   0%|                                            | 0/58 [00:00<?, ?it/s, loss=0.0006]
  Epoch  9/30:   0%|                                            | 0/58 [00:00<?, ?it/s, loss=0.0018]
  Epoch  9/30:   0%|                                            | 0/58 [00:00<?, ?it/s, loss=0.0003]
  Epoch  9/30:   5%|█▊                                  | 3/58 [00:00<00:01, 28.25it/s, loss=0.0003]
  Epoch  9/30:   5%|█▊                                  | 3/58 [00:00<00:01, 28.25it/s, loss=0.0010]
  Epoch  9/30:   5%|█▊                                  | 3/58 [00:00<00:01, 28.25it/s, loss=0.0004]
  Epoch  9/30:   5%|█▊                                  | 3/58 [00:00<00:01, 28.25it/s, loss=0.0005]
  Epoch  9/30:  10%|███▋                                | 6/58 [00:00<00:01, 28.55it/s, loss=0.0005]
  Epoch  9/30:  10%|███▋                                | 6/58 [00:00<00:01, 28.55it/s, loss=0.0004]
  Epoch  9/30:  10%|███▋                                | 6/58 [00:00<00:01, 28.55it/s, loss=0.0003]
  Epoch  9/30:  10%|███▋                                | 6/58 [00:00<00:01, 28.55it/s, loss=0.0005]
  Epoch  9/30:  16%|█████▌                              | 9/58 [00:00<00:01, 28.71it/s, loss=0.0005]
  Epoch  9/30:  16%|█████▌                              | 9/58 [00:00<00:01, 28.71it/s, loss=0.0023]
  Epoch  9/30:  16%|█████▌                              | 9/58 [00:00<00:01, 28.71it/s, loss=0.0007]
  Epoch  9/30:  16%|█████▌                              | 9/58 [00:00<00:01, 28.71it/s, loss=0.0005]
  Epoch  9/30:  16%|█████▌                              | 9/58 [00:00<00:01, 28.71it/s, loss=0.0008]
  Epoch  9/30:  22%|███████▊                           | 13/58 [00:00<00:01, 29.63it/s, loss=0.0008]
  Epoch  9/30:  22%|███████▊                           | 13/58 [00:00<00:01, 29.63it/s, loss=0.0006]
  Epoch  9/30:  22%|███████▊                           | 13/58 [00:00<00:01, 29.63it/s, loss=0.0005]
  Epoch  9/30:  22%|███████▊                           | 13/58 [00:00<00:01, 29.63it/s, loss=0.0007]
  Epoch  9/30:  28%|█████████▋                         | 16/58 [00:00<00:01, 29.59it/s, loss=0.0007]
  Epoch  9/30:  28%|█████████▋                         | 16/58 [00:00<00:01, 29.59it/s, loss=0.0006]
  Epoch  9/30:  28%|█████████▋                         | 16/58 [00:00<00:01, 29.59it/s, loss=0.0018]
  Epoch  9/30:  28%|█████████▋                         | 16/58 [00:00<00:01, 29.59it/s, loss=0.0006]
  Epoch  9/30:  28%|█████████▋                         | 16/58 [00:00<00:01, 29.59it/s, loss=0.0005]
  Epoch  9/30:  34%|████████████                       | 20/58 [00:00<00:01, 32.34it/s, loss=0.0005]
  Epoch  9/30:  34%|████████████                       | 20/58 [00:00<00:01, 32.34it/s, loss=0.0005]
  Epoch  9/30:  34%|████████████                       | 20/58 [00:00<00:01, 32.34it/s, loss=0.0006]
  Epoch  9/30:  34%|████████████                       | 20/58 [00:00<00:01, 32.34it/s, loss=0.0007]
  Epoch  9/30:  34%|████████████                       | 20/58 [00:00<00:01, 32.34it/s, loss=0.0003]
  Epoch  9/30:  41%|██████████████▍                    | 24/58 [00:00<00:00, 34.29it/s, loss=0.0003]
  Epoch  9/30:  41%|██████████████▍                    | 24/58 [00:00<00:00, 34.29it/s, loss=0.0004]
  Epoch  9/30:  41%|██████████████▍                    | 24/58 [00:00<00:00, 34.29it/s, loss=0.0010]
  Epoch  9/30:  41%|██████████████▍                    | 24/58 [00:00<00:00, 34.29it/s, loss=0.0024]
  Epoch  9/30:  41%|██████████████▍                    | 24/58 [00:00<00:00, 34.29it/s, loss=0.0004]
  Epoch  9/30:  41%|██████████████▍                    | 24/58 [00:00<00:00, 34.29it/s, loss=0.0008]
  Epoch  9/30:  50%|█████████████████▌                 | 29/58 [00:00<00:00, 37.03it/s, loss=0.0008]
  Epoch  9/30:  50%|█████████████████▌                 | 29/58 [00:00<00:00, 37.03it/s, loss=0.0003]
  Epoch  9/30:  50%|█████████████████▌                 | 29/58 [00:00<00:00, 37.03it/s, loss=0.0005]
  Epoch  9/30:  50%|█████████████████▌                 | 29/58 [00:00<00:00, 37.03it/s, loss=0.0005]
  Epoch  9/30:  50%|█████████████████▌                 | 29/58 [00:01<00:00, 37.03it/s, loss=0.0015]
  Epoch  9/30:  57%|███████████████████▉               | 33/58 [00:01<00:00, 32.53it/s, loss=0.0015]
  Epoch  9/30:  57%|███████████████████▉               | 33/58 [00:01<00:00, 32.53it/s, loss=0.0007]
  Epoch  9/30:  57%|███████████████████▉               | 33/58 [00:01<00:00, 32.53it/s, loss=0.0007]
  Epoch  9/30:  57%|███████████████████▉               | 33/58 [00:01<00:00, 32.53it/s, loss=0.0004]
  Epoch  9/30:  57%|███████████████████▉               | 33/58 [00:01<00:00, 32.53it/s, loss=0.0013]
  Epoch  9/30:  57%|███████████████████▉               | 33/58 [00:01<00:00, 32.53it/s, loss=0.0008]
  Epoch  9/30:  66%|██████████████████████▉            | 38/58 [00:01<00:00, 35.67it/s, loss=0.0008]
  Epoch  9/30:  66%|██████████████████████▉            | 38/58 [00:01<00:00, 35.67it/s, loss=0.0007]
  Epoch  9/30:  66%|██████████████████████▉            | 38/58 [00:01<00:00, 35.67it/s, loss=0.0005]
  Epoch  9/30:  66%|██████████████████████▉            | 38/58 [00:01<00:00, 35.67it/s, loss=0.0005]
  Epoch  9/30:  66%|██████████████████████▉            | 38/58 [00:01<00:00, 35.67it/s, loss=0.0003]
  Epoch  9/30:  72%|█████████████████████████▎         | 42/58 [00:01<00:00, 35.06it/s, loss=0.0003]
  Epoch  9/30:  72%|█████████████████████████▎         | 42/58 [00:01<00:00, 35.06it/s, loss=0.0003]
  Epoch  9/30:  72%|█████████████████████████▎         | 42/58 [00:01<00:00, 35.06it/s, loss=0.0004]
  Epoch  9/30:  72%|█████████████████████████▎         | 42/58 [00:01<00:00, 35.06it/s, loss=0.0003]
  Epoch  9/30:  72%|█████████████████████████▎         | 42/58 [00:01<00:00, 35.06it/s, loss=0.0005]
  Epoch  9/30:  79%|███████████████████████████▊       | 46/58 [00:01<00:00, 35.11it/s, loss=0.0005]
  Epoch  9/30:  79%|███████████████████████████▊       | 46/58 [00:01<00:00, 35.11it/s, loss=0.0002]
  Epoch  9/30:  79%|███████████████████████████▊       | 46/58 [00:01<00:00, 35.11it/s, loss=0.0008]
  Epoch  9/30:  79%|███████████████████████████▊       | 46/58 [00:01<00:00, 35.11it/s, loss=0.0004]
  Epoch  9/30:  79%|███████████████████████████▊       | 46/58 [00:01<00:00, 35.11it/s, loss=0.0005]
  Epoch  9/30:  79%|███████████████████████████▊       | 46/58 [00:01<00:00, 35.11it/s, loss=0.0003]
  Epoch  9/30:  88%|██████████████████████████████▊    | 51/58 [00:01<00:00, 36.99it/s, loss=0.0003]
  Epoch  9/30:  88%|██████████████████████████████▊    | 51/58 [00:01<00:00, 36.99it/s, loss=0.0002]
  Epoch  9/30:  88%|██████████████████████████████▊    | 51/58 [00:01<00:00, 36.99it/s, loss=0.0004]
  Epoch  9/30:  88%|██████████████████████████████▊    | 51/58 [00:01<00:00, 36.99it/s, loss=0.0003]
  Epoch  9/30:  88%|██████████████████████████████▊    | 51/58 [00:01<00:00, 36.99it/s, loss=0.0003]
  Epoch  9/30:  95%|█████████████████████████████████▏ | 55/58 [00:01<00:00, 36.85it/s, loss=0.0003]
  Epoch  9/30:  95%|█████████████████████████████████▏ | 55/58 [00:01<00:00, 36.85it/s, loss=0.0007]
  Epoch  9/30:  95%|█████████████████████████████████▏ | 55/58 [00:01<00:00, 36.85it/s, loss=0.0003]
  Epoch  9/30:  95%|█████████████████████████████████▏ | 55/58 [00:01<00:00, 36.85it/s, loss=0.0005]
                                                                                                    

  Epoch 10/30:   0%|                                                         | 0/58 [00:00<?, ?it/s]
  Epoch 10/30:   0%|                                            | 0/58 [00:00<?, ?it/s, loss=0.0004]
  Epoch 10/30:   0%|                                            | 0/58 [00:00<?, ?it/s, loss=0.0015]
  Epoch 10/30:   0%|                                            | 0/58 [00:00<?, ?it/s, loss=0.0005]
  Epoch 10/30:   5%|█▊                                  | 3/58 [00:00<00:02, 27.26it/s, loss=0.0005]
  Epoch 10/30:   5%|█▊                                  | 3/58 [00:00<00:02, 27.26it/s, loss=0.0003]
  Epoch 10/30:   5%|█▊                                  | 3/58 [00:00<00:02, 27.26it/s, loss=0.0011]
  Epoch 10/30:   5%|█▊                                  | 3/58 [00:00<00:02, 27.26it/s, loss=0.0006]
  Epoch 10/30:  10%|███▋                                | 6/58 [00:00<00:01, 27.22it/s, loss=0.0006]
  Epoch 10/30:  10%|███▋                                | 6/58 [00:00<00:01, 27.22it/s, loss=0.0011]
  Epoch 10/30:  10%|███▋                                | 6/58 [00:00<00:01, 27.22it/s, loss=0.0004]
  Epoch 10/30:  10%|███▋                                | 6/58 [00:00<00:01, 27.22it/s, loss=0.0005]
  Epoch 10/30:  10%|███▋                                | 6/58 [00:00<00:01, 27.22it/s, loss=0.0010]
  Epoch 10/30:  17%|██████                             | 10/58 [00:00<00:01, 30.23it/s, loss=0.0010]
  Epoch 10/30:  17%|██████                             | 10/58 [00:00<00:01, 30.23it/s, loss=0.0009]
  Epoch 10/30:  17%|██████                             | 10/58 [00:00<00:01, 30.23it/s, loss=0.0009]
  Epoch 10/30:  17%|██████                             | 10/58 [00:00<00:01, 30.23it/s, loss=0.0005]
  Epoch 10/30:  17%|██████                             | 10/58 [00:00<00:01, 30.23it/s, loss=0.0004]
  Epoch 10/30:  24%|████████▍                          | 14/58 [00:00<00:01, 32.54it/s, loss=0.0004]
  Epoch 10/30:  24%|████████▍                          | 14/58 [00:00<00:01, 32.54it/s, loss=0.0002]
  Epoch 10/30:  24%|████████▍                          | 14/58 [00:00<00:01, 32.54it/s, loss=0.0009]
  Epoch 10/30:  24%|████████▍                          | 14/58 [00:00<00:01, 32.54it/s, loss=0.0003]
  Epoch 10/30:  24%|████████▍                          | 14/58 [00:00<00:01, 32.54it/s, loss=0.0004]
  Epoch 10/30:  24%|████████▍                          | 14/58 [00:00<00:01, 32.54it/s, loss=0.0005]
  Epoch 10/30:  33%|███████████▍                       | 19/58 [00:00<00:01, 36.52it/s, loss=0.0005]
  Epoch 10/30:  33%|███████████▍                       | 19/58 [00:00<00:01, 36.52it/s, loss=0.0023]
  Epoch 10/30:  33%|███████████▍                       | 19/58 [00:00<00:01, 36.52it/s, loss=0.0008]
  Epoch 10/30:  33%|███████████▍                       | 19/58 [00:00<00:01, 36.52it/s, loss=0.0004]
  Epoch 10/30:  33%|███████████▍                       | 19/58 [00:00<00:01, 36.52it/s, loss=0.0005]
  Epoch 10/30:  40%|█████████████▉                     | 23/58 [00:00<00:00, 35.67it/s, loss=0.0005]
  Epoch 10/30:  40%|█████████████▉                     | 23/58 [00:00<00:00, 35.67it/s, loss=0.0006]
  Epoch 10/30:  40%|█████████████▉                     | 23/58 [00:00<00:00, 35.67it/s, loss=0.0003]
  Epoch 10/30:  40%|█████████████▉                     | 23/58 [00:00<00:00, 35.67it/s, loss=0.0006]
  Epoch 10/30:  40%|█████████████▉                     | 23/58 [00:00<00:00, 35.67it/s, loss=0.0005]
  Epoch 10/30:  40%|█████████████▉                     | 23/58 [00:00<00:00, 35.67it/s, loss=0.0010]
  Epoch 10/30:  48%|████████████████▉                  | 28/58 [00:00<00:00, 38.42it/s, loss=0.0010]
  Epoch 10/30:  48%|████████████████▉                  | 28/58 [00:00<00:00, 38.42it/s, loss=0.0007]
  Epoch 10/30:  48%|████████████████▉                  | 28/58 [00:00<00:00, 38.42it/s, loss=0.0006]
  Epoch 10/30:  48%|████████████████▉                  | 28/58 [00:00<00:00, 38.42it/s, loss=0.0011]
  Epoch 10/30:  48%|████████████████▉                  | 28/58 [00:00<00:00, 38.42it/s, loss=0.0005]
  Epoch 10/30:  55%|███████████████████▎               | 32/58 [00:00<00:00, 38.41it/s, loss=0.0005]
  Epoch 10/30:  55%|███████████████████▎               | 32/58 [00:00<00:00, 38.41it/s, loss=0.0004]
  Epoch 10/30:  55%|███████████████████▎               | 32/58 [00:00<00:00, 38.41it/s, loss=0.0008]
  Epoch 10/30:  55%|███████████████████▎               | 32/58 [00:00<00:00, 38.41it/s, loss=0.0005]
  Epoch 10/30:  55%|███████████████████▎               | 32/58 [00:00<00:00, 38.41it/s, loss=0.0011]
  Epoch 10/30:  55%|███████████████████▎               | 32/58 [00:01<00:00, 38.41it/s, loss=0.0005]
  Epoch 10/30:  64%|██████████████████████▎            | 37/58 [00:01<00:00, 40.24it/s, loss=0.0005]
  Epoch 10/30:  64%|██████████████████████▎            | 37/58 [00:01<00:00, 40.24it/s, loss=0.0009]
  Epoch 10/30:  64%|██████████████████████▎            | 37/58 [00:01<00:00, 40.24it/s, loss=0.0012]
  Epoch 10/30:  64%|██████████████████████▎            | 37/58 [00:01<00:00, 40.24it/s, loss=0.0003]
  Epoch 10/30:  64%|██████████████████████▎            | 37/58 [00:01<00:00, 40.24it/s, loss=0.0007]
  Epoch 10/30:  64%|██████████████████████▎            | 37/58 [00:01<00:00, 40.24it/s, loss=0.0004]
  Epoch 10/30:  72%|█████████████████████████▎         | 42/58 [00:01<00:00, 38.20it/s, loss=0.0004]
  Epoch 10/30:  72%|█████████████████████████▎         | 42/58 [00:01<00:00, 38.20it/s, loss=0.0005]
  Epoch 10/30:  72%|█████████████████████████▎         | 42/58 [00:01<00:00, 38.20it/s, loss=0.0004]
  Epoch 10/30:  72%|█████████████████████████▎         | 42/58 [00:01<00:00, 38.20it/s, loss=0.0006]
  Epoch 10/30:  72%|█████████████████████████▎         | 42/58 [00:01<00:00, 38.20it/s, loss=0.0008]
  Epoch 10/30:  79%|███████████████████████████▊       | 46/58 [00:01<00:00, 38.05it/s, loss=0.0008]
  Epoch 10/30:  79%|███████████████████████████▊       | 46/58 [00:01<00:00, 38.05it/s, loss=0.0005]
  Epoch 10/30:  79%|███████████████████████████▊       | 46/58 [00:01<00:00, 38.05it/s, loss=0.0009]
  Epoch 10/30:  79%|███████████████████████████▊       | 46/58 [00:01<00:00, 38.05it/s, loss=0.0007]
  Epoch 10/30:  79%|███████████████████████████▊       | 46/58 [00:01<00:00, 38.05it/s, loss=0.0003]
  Epoch 10/30:  86%|██████████████████████████████▏    | 50/58 [00:01<00:00, 37.54it/s, loss=0.0003]
  Epoch 10/30:  86%|██████████████████████████████▏    | 50/58 [00:01<00:00, 37.54it/s, loss=0.0004]
  Epoch 10/30:  86%|██████████████████████████████▏    | 50/58 [00:01<00:00, 37.54it/s, loss=0.0006]
  Epoch 10/30:  86%|██████████████████████████████▏    | 50/58 [00:01<00:00, 37.54it/s, loss=0.0010]
  Epoch 10/30:  86%|██████████████████████████████▏    | 50/58 [00:01<00:00, 37.54it/s, loss=0.0014]
  Epoch 10/30:  93%|████████████████████████████████▌  | 54/58 [00:01<00:00, 35.94it/s, loss=0.0014]
  Epoch 10/30:  93%|████████████████████████████████▌  | 54/58 [00:01<00:00, 35.94it/s, loss=0.0004]
  Epoch 10/30:  93%|████████████████████████████████▌  | 54/58 [00:01<00:00, 35.94it/s, loss=0.0004]
  Epoch 10/30:  93%|████████████████████████████████▌  | 54/58 [00:01<00:00, 35.94it/s, loss=0.0002]
  Epoch 10/30:  93%|████████████████████████████████▌  | 54/58 [00:01<00:00, 35.94it/s, loss=0.0001]
  Epoch 10/30: 100%|███████████████████████████████████| 58/58 [00:01<00:00, 36.75it/s, loss=0.0001]
                                                                                                    
  Epoch 10/30 │ Loss: 0.0007 │ T+1: 0.8607 │ T+2: 0.5545 │ T+3: 0.4871

  Epoch 11/30:   0%|                                                         | 0/58 [00:00<?, ?it/s]
  Epoch 11/30:   0%|                                            | 0/58 [00:00<?, ?it/s, loss=0.0015]
  Epoch 11/30:   0%|                                            | 0/58 [00:00<?, ?it/s, loss=0.0005]
  Epoch 11/30:   0%|                                            | 0/58 [00:00<?, ?it/s, loss=0.0006]
  Epoch 11/30:   0%|                                            | 0/58 [00:00<?, ?it/s, loss=0.0012]
  Epoch 11/30:   7%|██▍                                 | 4/58 [00:00<00:01, 31.39it/s, loss=0.0012]
  Epoch 11/30:   7%|██▍                                 | 4/58 [00:00<00:01, 31.39it/s, loss=0.0005]
  Epoch 11/30:   7%|██▍                                 | 4/58 [00:00<00:01, 31.39it/s, loss=0.0003]
  Epoch 11/30:   7%|██▍                                 | 4/58 [00:00<00:01, 31.39it/s, loss=0.0003]
  Epoch 11/30:   7%|██▍                                 | 4/58 [00:00<00:01, 31.39it/s, loss=0.0010]
  Epoch 11/30:  14%|████▉                               | 8/58 [00:00<00:01, 30.61it/s, loss=0.0010]
  Epoch 11/30:  14%|████▉                               | 8/58 [00:00<00:01, 30.61it/s, loss=0.0004]
  Epoch 11/30:  14%|████▉                               | 8/58 [00:00<00:01, 30.61it/s, loss=0.0004]
  Epoch 11/30:  14%|████▉                               | 8/58 [00:00<00:01, 30.61it/s, loss=0.0005]
  Epoch 11/30:  14%|████▉                               | 8/58 [00:00<00:01, 30.61it/s, loss=0.0010]
  Epoch 11/30:  21%|███████▏                           | 12/58 [00:00<00:01, 29.33it/s, loss=0.0010]
  Epoch 11/30:  21%|███████▏                           | 12/58 [00:00<00:01, 29.33it/s, loss=0.0003]
  Epoch 11/30:  21%|███████▏                           | 12/58 [00:00<00:01, 29.33it/s, loss=0.0005]
  Epoch 11/30:  21%|███████▏                           | 12/58 [00:00<00:01, 29.33it/s, loss=0.0010]
  Epoch 11/30:  26%|█████████                          | 15/58 [00:00<00:01, 28.46it/s, loss=0.0010]
  Epoch 11/30:  26%|█████████                          | 15/58 [00:00<00:01, 28.46it/s, loss=0.0004]
  Epoch 11/30:  26%|█████████                          | 15/58 [00:00<00:01, 28.46it/s, loss=0.0004]
  Epoch 11/30:  26%|█████████                          | 15/58 [00:00<00:01, 28.46it/s, loss=0.0010]
  Epoch 11/30:  31%|██████████▊                        | 18/58 [00:00<00:01, 27.86it/s, loss=0.0010]
  Epoch 11/30:  31%|██████████▊                        | 18/58 [00:00<00:01, 27.86it/s, loss=0.0015]
  Epoch 11/30:  31%|██████████▊                        | 18/58 [00:00<00:01, 27.86it/s, loss=0.0008]
  Epoch 11/30:  31%|██████████▊                        | 18/58 [00:00<00:01, 27.86it/s, loss=0.0004]
  Epoch 11/30:  31%|██████████▊                        | 18/58 [00:00<00:01, 27.86it/s, loss=0.0005]
  Epoch 11/30:  38%|█████████████▎                     | 22/58 [00:00<00:01, 28.94it/s, loss=0.0005]
  Epoch 11/30:  38%|█████████████▎                     | 22/58 [00:00<00:01, 28.94it/s, loss=0.0013]
  Epoch 11/30:  38%|█████████████▎                     | 22/58 [00:00<00:01, 28.94it/s, loss=0.0008]
  Epoch 11/30:  38%|█████████████▎                     | 22/58 [00:00<00:01, 28.94it/s, loss=0.0003]
  Epoch 11/30:  38%|█████████████▎                     | 22/58 [00:00<00:01, 28.94it/s, loss=0.0004]
  Epoch 11/30:  45%|███████████████▋                   | 26/58 [00:00<00:01, 30.75it/s, loss=0.0004]
  Epoch 11/30:  45%|███████████████▋                   | 26/58 [00:00<00:01, 30.75it/s, loss=0.0004]
  Epoch 11/30:  45%|███████████████▋                   | 26/58 [00:00<00:01, 30.75it/s, loss=0.0010]
  Epoch 11/30:  45%|███████████████▋                   | 26/58 [00:00<00:01, 30.75it/s, loss=0.0004]
  Epoch 11/30:  45%|███████████████▋                   | 26/58 [00:00<00:01, 30.75it/s, loss=0.0002]
  Epoch 11/30:  52%|██████████████████                 | 30/58 [00:00<00:00, 32.99it/s, loss=0.0002]
  Epoch 11/30:  52%|██████████████████                 | 30/58 [00:01<00:00, 32.99it/s, loss=0.0004]
  Epoch 11/30:  52%|██████████████████                 | 30/58 [00:01<00:00, 32.99it/s, loss=0.0005]
  Epoch 11/30:  52%|██████████████████                 | 30/58 [00:01<00:00, 32.99it/s, loss=0.0002]
  Epoch 11/30:  52%|██████████████████                 | 30/58 [00:01<00:00, 32.99it/s, loss=0.0004]
  Epoch 11/30:  59%|████████████████████▌              | 34/58 [00:01<00:00, 25.71it/s, loss=0.0004]
  Epoch 11/30:  59%|████████████████████▌              | 34/58 [00:01<00:00, 25.71it/s, loss=0.0002]
  Epoch 11/30:  59%|████████████████████▌              | 34/58 [00:01<00:00, 25.71it/s, loss=0.0002]
  Epoch 11/30:  59%|████████████████████▌              | 34/58 [00:01<00:00, 25.71it/s, loss=0.0005]
  Epoch 11/30:  59%|████████████████████▌              | 34/58 [00:01<00:00, 25.71it/s, loss=0.0008]
  Epoch 11/30:  66%|██████████████████████▉            | 38/58 [00:01<00:00, 27.75it/s, loss=0.0008]
  Epoch 11/30:  66%|██████████████████████▉            | 38/58 [00:01<00:00, 27.75it/s, loss=0.0008]
  Epoch 11/30:  66%|██████████████████████▉            | 38/58 [00:01<00:00, 27.75it/s, loss=0.0007]
  Epoch 11/30:  66%|██████████████████████▉            | 38/58 [00:01<00:00, 27.75it/s, loss=0.0004]
  Epoch 11/30:  66%|██████████████████████▉            | 38/58 [00:01<00:00, 27.75it/s, loss=0.0009]
  Epoch 11/30:  72%|█████████████████████████▎         | 42/58 [00:01<00:00, 28.40it/s, loss=0.0009]
  Epoch 11/30:  72%|█████████████████████████▎         | 42/58 [00:01<00:00, 28.40it/s, loss=0.0007]
  Epoch 11/30:  72%|█████████████████████████▎         | 42/58 [00:01<00:00, 28.40it/s, loss=0.0004]
  Epoch 11/30:  72%|█████████████████████████▎         | 42/58 [00:01<00:00, 28.40it/s, loss=0.0004]
  Epoch 11/30:  72%|█████████████████████████▎         | 42/58 [00:01<00:00, 28.40it/s, loss=0.0003]
  Epoch 11/30:  79%|███████████████████████████▊       | 46/58 [00:01<00:00, 29.34it/s, loss=0.0003]
  Epoch 11/30:  79%|███████████████████████████▊       | 46/58 [00:01<00:00, 29.34it/s, loss=0.0003]
  Epoch 11/30:  79%|███████████████████████████▊       | 46/58 [00:01<00:00, 29.34it/s, loss=0.0013]
  Epoch 11/30:  79%|███████████████████████████▊       | 46/58 [00:01<00:00, 29.34it/s, loss=0.0010]
  Epoch 11/30:  79%|███████████████████████████▊       | 46/58 [00:01<00:00, 29.34it/s, loss=0.0008]
  Epoch 11/30:  86%|██████████████████████████████▏    | 50/58 [00:01<00:00, 29.28it/s, loss=0.0008]
  Epoch 11/30:  86%|██████████████████████████████▏    | 50/58 [00:01<00:00, 29.28it/s, loss=0.0016]
  Epoch 11/30:  86%|██████████████████████████████▏    | 50/58 [00:01<00:00, 29.28it/s, loss=0.0006]
  Epoch 11/30:  86%|██████████████████████████████▏    | 50/58 [00:01<00:00, 29.28it/s, loss=0.0005]
  Epoch 11/30:  86%|██████████████████████████████▏    | 50/58 [00:01<00:00, 29.28it/s, loss=0.0003]
  Epoch 11/30:  93%|████████████████████████████████▌  | 54/58 [00:01<00:00, 28.96it/s, loss=0.0003]
  Epoch 11/30:  93%|████████████████████████████████▌  | 54/58 [00:01<00:00, 28.96it/s, loss=0.0009]
  Epoch 11/30:  93%|████████████████████████████████▌  | 54/58 [00:01<00:00, 28.96it/s, loss=0.0006]
  Epoch 11/30:  93%|████████████████████████████████▌  | 54/58 [00:01<00:00, 28.96it/s, loss=0.0005]
  Epoch 11/30:  98%|██████████████████████████████████▍| 57/58 [00:01<00:00, 28.78it/s, loss=0.0005]
  Epoch 11/30:  98%|██████████████████████████████████▍| 57/58 [00:01<00:00, 28.78it/s, loss=0.0003]
                                                                                                    

  Epoch 12/30:   0%|                                                         | 0/58 [00:00<?, ?it/s]
  Epoch 12/30:   0%|                                            | 0/58 [00:00<?, ?it/s, loss=0.0007]
  Epoch 12/30:   0%|                                            | 0/58 [00:00<?, ?it/s, loss=0.0006]
  Epoch 12/30:   0%|                                            | 0/58 [00:00<?, ?it/s, loss=0.0007]
  Epoch 12/30:   5%|█▊                                  | 3/58 [00:00<00:02, 26.78it/s, loss=0.0007]
  Epoch 12/30:   5%|█▊                                  | 3/58 [00:00<00:02, 26.78it/s, loss=0.0002]
  Epoch 12/30:   5%|█▊                                  | 3/58 [00:00<00:02, 26.78it/s, loss=0.0011]
  Epoch 12/30:   5%|█▊                                  | 3/58 [00:00<00:02, 26.78it/s, loss=0.0005]
  Epoch 12/30:  10%|███▋                                | 6/58 [00:00<00:02, 25.52it/s, loss=0.0005]
  Epoch 12/30:  10%|███▋                                | 6/58 [00:00<00:02, 25.52it/s, loss=0.0012]
  Epoch 12/30:  10%|███▋                                | 6/58 [00:00<00:02, 25.52it/s, loss=0.0006]
  Epoch 12/30:  10%|███▋                                | 6/58 [00:00<00:02, 25.52it/s, loss=0.0004]
  Epoch 12/30:  16%|█████▌                              | 9/58 [00:00<00:01, 27.01it/s, loss=0.0004]
  Epoch 12/30:  16%|█████▌                              | 9/58 [00:00<00:01, 27.01it/s, loss=0.0010]
  Epoch 12/30:  16%|█████▌                              | 9/58 [00:00<00:01, 27.01it/s, loss=0.0007]
  Epoch 12/30:  16%|█████▌                              | 9/58 [00:00<00:01, 27.01it/s, loss=0.0005]
  Epoch 12/30:  21%|███████▏                           | 12/58 [00:00<00:01, 27.02it/s, loss=0.0005]
  Epoch 12/30:  21%|███████▏                           | 12/58 [00:00<00:01, 27.02it/s, loss=0.0005]
  Epoch 12/30:  21%|███████▏                           | 12/58 [00:00<00:01, 27.02it/s, loss=0.0008]
  Epoch 12/30:  21%|███████▏                           | 12/58 [00:00<00:01, 27.02it/s, loss=0.0002]
  Epoch 12/30:  26%|█████████                          | 15/58 [00:00<00:01, 27.14it/s, loss=0.0002]
  Epoch 12/30:  26%|█████████                          | 15/58 [00:00<00:01, 27.14it/s, loss=0.0005]
  Epoch 12/30:  26%|█████████                          | 15/58 [00:00<00:01, 27.14it/s, loss=0.0013]
  Epoch 12/30:  26%|█████████                          | 15/58 [00:00<00:01, 27.14it/s, loss=0.0004]
  Epoch 12/30:  31%|██████████▊                        | 18/58 [00:00<00:01, 26.85it/s, loss=0.0004]
  Epoch 12/30:  31%|██████████▊                        | 18/58 [00:00<00:01, 26.85it/s, loss=0.0002]
  Epoch 12/30:  31%|██████████▊                        | 18/58 [00:00<00:01, 26.85it/s, loss=0.0007]
  Epoch 12/30:  31%|██████████▊                        | 18/58 [00:00<00:01, 26.85it/s, loss=0.0004]
  Epoch 12/30:  36%|████████████▋                      | 21/58 [00:00<00:01, 27.38it/s, loss=0.0004]
  Epoch 12/30:  36%|████████████▋                      | 21/58 [00:00<00:01, 27.38it/s, loss=0.0003]
  Epoch 12/30:  36%|████████████▋                      | 21/58 [00:00<00:01, 27.38it/s, loss=0.0005]
  Epoch 12/30:  36%|████████████▋                      | 21/58 [00:00<00:01, 27.38it/s, loss=0.0007]
  Epoch 12/30:  36%|████████████▋                      | 21/58 [00:00<00:01, 27.38it/s, loss=0.0003]
  Epoch 12/30:  43%|███████████████                    | 25/58 [00:00<00:01, 28.38it/s, loss=0.0003]
  Epoch 12/30:  43%|███████████████                    | 25/58 [00:00<00:01, 28.38it/s, loss=0.0001]
  Epoch 12/30:  43%|███████████████                    | 25/58 [00:00<00:01, 28.38it/s, loss=0.0005]
  Epoch 12/30:  43%|███████████████                    | 25/58 [00:01<00:01, 28.38it/s, loss=0.0011]
  Epoch 12/30:  43%|███████████████                    | 25/58 [00:01<00:01, 28.38it/s, loss=0.0004]
  Epoch 12/30:  50%|█████████████████▌                 | 29/58 [00:01<00:00, 29.02it/s, loss=0.0004]
  Epoch 12/30:  50%|█████████████████▌                 | 29/58 [00:01<00:00, 29.02it/s, loss=0.0005]
  Epoch 12/30:  50%|█████████████████▌                 | 29/58 [00:01<00:00, 29.02it/s, loss=0.0003]
  Epoch 12/30:  50%|█████████████████▌                 | 29/58 [00:01<00:00, 29.02it/s, loss=0.0013]
  Epoch 12/30:  50%|█████████████████▌                 | 29/58 [00:01<00:00, 29.02it/s, loss=0.0008]
  Epoch 12/30:  57%|███████████████████▉               | 33/58 [00:01<00:00, 29.57it/s, loss=0.0008]
  Epoch 12/30:  57%|███████████████████▉               | 33/58 [00:01<00:00, 29.57it/s, loss=0.0004]
  Epoch 12/30:  57%|███████████████████▉               | 33/58 [00:01<00:00, 29.57it/s, loss=0.0003]
  Epoch 12/30:  57%|███████████████████▉               | 33/58 [00:01<00:00, 29.57it/s, loss=0.0004]
  Epoch 12/30:  57%|███████████████████▉               | 33/58 [00:01<00:00, 29.57it/s, loss=0.0005]
  Epoch 12/30:  64%|██████████████████████▎            | 37/58 [00:01<00:00, 30.22it/s, loss=0.0005]
  Epoch 12/30:  64%|██████████████████████▎            | 37/58 [00:01<00:00, 30.22it/s, loss=0.0007]
  Epoch 12/30:  64%|██████████████████████▎            | 37/58 [00:01<00:00, 30.22it/s, loss=0.0007]
  Epoch 12/30:  64%|██████████████████████▎            | 37/58 [00:01<00:00, 30.22it/s, loss=0.0010]
  Epoch 12/30:  64%|██████████████████████▎            | 37/58 [00:01<00:00, 30.22it/s, loss=0.0016]
  Epoch 12/30:  71%|████████████████████████▋          | 41/58 [00:01<00:00, 30.38it/s, loss=0.0016]
  Epoch 12/30:  71%|████████████████████████▋          | 41/58 [00:01<00:00, 30.38it/s, loss=0.0004]
  Epoch 12/30:  71%|████████████████████████▋          | 41/58 [00:01<00:00, 30.38it/s, loss=0.0007]
  Epoch 12/30:  71%|████████████████████████▋          | 41/58 [00:01<00:00, 30.38it/s, loss=0.0003]
  Epoch 12/30:  71%|████████████████████████▋          | 41/58 [00:01<00:00, 30.38it/s, loss=0.0003]
  Epoch 12/30:  78%|███████████████████████████▏       | 45/58 [00:01<00:00, 29.36it/s, loss=0.0003]
  Epoch 12/30:  78%|███████████████████████████▏       | 45/58 [00:01<00:00, 29.36it/s, loss=0.0019]
  Epoch 12/30:  78%|███████████████████████████▏       | 45/58 [00:01<00:00, 29.36it/s, loss=0.0019]
  Epoch 12/30:  78%|███████████████████████████▏       | 45/58 [00:01<00:00, 29.36it/s, loss=0.0004]
  Epoch 12/30:  83%|████████████████████████████▉      | 48/58 [00:01<00:00, 28.84it/s, loss=0.0004]
  Epoch 12/30:  83%|████████████████████████████▉      | 48/58 [00:01<00:00, 28.84it/s, loss=0.0004]
  Epoch 12/30:  83%|████████████████████████████▉      | 48/58 [00:01<00:00, 28.84it/s, loss=0.0004]
  Epoch 12/30:  83%|████████████████████████████▉      | 48/58 [00:01<00:00, 28.84it/s, loss=0.0008]
  Epoch 12/30:  88%|██████████████████████████████▊    | 51/58 [00:01<00:00, 28.75it/s, loss=0.0008]
  Epoch 12/30:  88%|██████████████████████████████▊    | 51/58 [00:01<00:00, 28.75it/s, loss=0.0002]
  Epoch 12/30:  88%|██████████████████████████████▊    | 51/58 [00:01<00:00, 28.75it/s, loss=0.0004]
  Epoch 12/30:  88%|██████████████████████████████▊    | 51/58 [00:01<00:00, 28.75it/s, loss=0.0005]
  Epoch 12/30:  93%|████████████████████████████████▌  | 54/58 [00:01<00:00, 27.98it/s, loss=0.0005]
  Epoch 12/30:  93%|████████████████████████████████▌  | 54/58 [00:01<00:00, 27.98it/s, loss=0.0002]
  Epoch 12/30:  93%|████████████████████████████████▌  | 54/58 [00:01<00:00, 27.98it/s, loss=0.0005]
  Epoch 12/30:  93%|████████████████████████████████▌  | 54/58 [00:02<00:00, 27.98it/s, loss=0.0002]
  Epoch 12/30:  93%|████████████████████████████████▌  | 54/58 [00:02<00:00, 27.98it/s, loss=0.0001]
  Epoch 12/30: 100%|███████████████████████████████████| 58/58 [00:02<00:00, 29.80it/s, loss=0.0001]
                                                                                                    

  Epoch 13/30:   0%|                                                         | 0/58 [00:00<?, ?it/s]
  Epoch 13/30:   0%|                                            | 0/58 [00:00<?, ?it/s, loss=0.0003]
  Epoch 13/30:   0%|                                            | 0/58 [00:00<?, ?it/s, loss=0.0011]
  Epoch 13/30:   0%|                                            | 0/58 [00:00<?, ?it/s, loss=0.0010]
  Epoch 13/30:   5%|█▊                                  | 3/58 [00:00<00:02, 24.55it/s, loss=0.0010]
  Epoch 13/30:   5%|█▊                                  | 3/58 [00:00<00:02, 24.55it/s, loss=0.0002]
  Epoch 13/30:   5%|█▊                                  | 3/58 [00:00<00:02, 24.55it/s, loss=0.0004]
  Epoch 13/30:   5%|█▊                                  | 3/58 [00:00<00:02, 24.55it/s, loss=0.0002]
  Epoch 13/30:  10%|███▋                                | 6/58 [00:00<00:02, 23.68it/s, loss=0.0002]
  Epoch 13/30:  10%|███▋                                | 6/58 [00:00<00:02, 23.68it/s, loss=0.0003]
  Epoch 13/30:  10%|███▋                                | 6/58 [00:00<00:02, 23.68it/s, loss=0.0005]
  Epoch 13/30:  10%|███▋                                | 6/58 [00:00<00:02, 23.68it/s, loss=0.0003]
  Epoch 13/30:  10%|███▋                                | 6/58 [00:00<00:02, 23.68it/s, loss=0.0005]
  Epoch 13/30:  17%|██████                             | 10/58 [00:00<00:01, 27.40it/s, loss=0.0005]
  Epoch 13/30:  17%|██████                             | 10/58 [00:00<00:01, 27.40it/s, loss=0.0008]
  Epoch 13/30:  17%|██████                             | 10/58 [00:00<00:01, 27.40it/s, loss=0.0014]
  Epoch 13/30:  17%|██████                             | 10/58 [00:00<00:01, 27.40it/s, loss=0.0001]
  Epoch 13/30:  22%|███████▊                           | 13/58 [00:00<00:01, 28.08it/s, loss=0.0001]
  Epoch 13/30:  22%|███████▊                           | 13/58 [00:00<00:01, 28.08it/s, loss=0.0004]
  Epoch 13/30:  22%|███████▊                           | 13/58 [00:00<00:01, 28.08it/s, loss=0.0007]
  Epoch 13/30:  22%|███████▊                           | 13/58 [00:00<00:01, 28.08it/s, loss=0.0004]
  Epoch 13/30:  22%|███████▊                           | 13/58 [00:00<00:01, 28.08it/s, loss=0.0009]
  Epoch 13/30:  29%|██████████▎                        | 17/58 [00:00<00:01, 29.63it/s, loss=0.0009]
  Epoch 13/30:  29%|██████████▎                        | 17/58 [00:00<00:01, 29.63it/s, loss=0.0007]
  Epoch 13/30:  29%|██████████▎                        | 17/58 [00:00<00:01, 29.63it/s, loss=0.0004]
  Epoch 13/30:  29%|██████████▎                        | 17/58 [00:00<00:01, 29.63it/s, loss=0.0009]
  Epoch 13/30:  34%|████████████                       | 20/58 [00:00<00:01, 28.82it/s, loss=0.0009]
  Epoch 13/30:  34%|████████████                       | 20/58 [00:00<00:01, 28.82it/s, loss=0.0005]
  Epoch 13/30:  34%|████████████                       | 20/58 [00:00<00:01, 28.82it/s, loss=0.0006]
  Epoch 13/30:  34%|████████████                       | 20/58 [00:00<00:01, 28.82it/s, loss=0.0002]
  Epoch 13/30:  40%|█████████████▉                     | 23/58 [00:00<00:01, 28.80it/s, loss=0.0002]
  Epoch 13/30:  40%|█████████████▉                     | 23/58 [00:00<00:01, 28.80it/s, loss=0.0004]
  Epoch 13/30:  40%|█████████████▉                     | 23/58 [00:00<00:01, 28.80it/s, loss=0.0010]
  Epoch 13/30:  40%|█████████████▉                     | 23/58 [00:00<00:01, 28.80it/s, loss=0.0003]
  Epoch 13/30:  45%|███████████████▋                   | 26/58 [00:00<00:01, 28.35it/s, loss=0.0003]
  Epoch 13/30:  45%|███████████████▋                   | 26/58 [00:00<00:01, 28.35it/s, loss=0.0007]
  Epoch 13/30:  45%|███████████████▋                   | 26/58 [00:00<00:01, 28.35it/s, loss=0.0005]
  Epoch 13/30:  45%|███████████████▋                   | 26/58 [00:01<00:01, 28.35it/s, loss=0.0008]
  Epoch 13/30:  50%|█████████████████▌                 | 29/58 [00:01<00:01, 28.24it/s, loss=0.0008]
  Epoch 13/30:  50%|█████████████████▌                 | 29/58 [00:01<00:01, 28.24it/s, loss=0.0007]
  Epoch 13/30:  50%|█████████████████▌                 | 29/58 [00:01<00:01, 28.24it/s, loss=0.0003]
  Epoch 13/30:  50%|█████████████████▌                 | 29/58 [00:01<00:01, 28.24it/s, loss=0.0004]
  Epoch 13/30:  55%|███████████████████▎               | 32/58 [00:01<00:00, 28.64it/s, loss=0.0004]
  Epoch 13/30:  55%|███████████████████▎               | 32/58 [00:01<00:00, 28.64it/s, loss=0.0009]
  Epoch 13/30:  55%|███████████████████▎               | 32/58 [00:01<00:00, 28.64it/s, loss=0.0005]
  Epoch 13/30:  55%|███████████████████▎               | 32/58 [00:01<00:00, 28.64it/s, loss=0.0008]
  Epoch 13/30:  60%|█████████████████████              | 35/58 [00:01<00:00, 28.44it/s, loss=0.0008]
  Epoch 13/30:  60%|█████████████████████              | 35/58 [00:01<00:00, 28.44it/s, loss=0.0005]
  Epoch 13/30:  60%|█████████████████████              | 35/58 [00:01<00:00, 28.44it/s, loss=0.0003]
  Epoch 13/30:  60%|█████████████████████              | 35/58 [00:01<00:00, 28.44it/s, loss=0.0008]
  Epoch 13/30:  66%|██████████████████████▉            | 38/58 [00:01<00:00, 28.30it/s, loss=0.0008]
  Epoch 13/30:  66%|██████████████████████▉            | 38/58 [00:01<00:00, 28.30it/s, loss=0.0017]
  Epoch 13/30:  66%|██████████████████████▉            | 38/58 [00:01<00:00, 28.30it/s, loss=0.0004]
  Epoch 13/30:  66%|██████████████████████▉            | 38/58 [00:01<00:00, 28.30it/s, loss=0.0004]
  Epoch 13/30:  71%|████████████████████████▋          | 41/58 [00:01<00:00, 27.45it/s, loss=0.0004]
  Epoch 13/30:  71%|████████████████████████▋          | 41/58 [00:01<00:00, 27.45it/s, loss=0.0013]
  Epoch 13/30:  71%|████████████████████████▋          | 41/58 [00:01<00:00, 27.45it/s, loss=0.0003]
  Epoch 13/30:  71%|████████████████████████▋          | 41/58 [00:01<00:00, 27.45it/s, loss=0.0003]
  Epoch 13/30:  76%|██████████████████████████▌        | 44/58 [00:01<00:00, 27.71it/s, loss=0.0003]
  Epoch 13/30:  76%|██████████████████████████▌        | 44/58 [00:01<00:00, 27.71it/s, loss=0.0007]
  Epoch 13/30:  76%|██████████████████████████▌        | 44/58 [00:01<00:00, 27.71it/s, loss=0.0006]
  Epoch 13/30:  76%|██████████████████████████▌        | 44/58 [00:01<00:00, 27.71it/s, loss=0.0004]
  Epoch 13/30:  81%|████████████████████████████▎      | 47/58 [00:01<00:00, 27.14it/s, loss=0.0004]
  Epoch 13/30:  81%|████████████████████████████▎      | 47/58 [00:01<00:00, 27.14it/s, loss=0.0008]
  Epoch 13/30:  81%|████████████████████████████▎      | 47/58 [00:01<00:00, 27.14it/s, loss=0.0004]
  Epoch 13/30:  81%|████████████████████████████▎      | 47/58 [00:01<00:00, 27.14it/s, loss=0.0006]
  Epoch 13/30:  86%|██████████████████████████████▏    | 50/58 [00:01<00:00, 26.98it/s, loss=0.0006]
  Epoch 13/30:  86%|██████████████████████████████▏    | 50/58 [00:01<00:00, 26.98it/s, loss=0.0003]
  Epoch 13/30:  86%|██████████████████████████████▏    | 50/58 [00:01<00:00, 26.98it/s, loss=0.0004]
  Epoch 13/30:  86%|██████████████████████████████▏    | 50/58 [00:01<00:00, 26.98it/s, loss=0.0005]
  Epoch 13/30:  91%|███████████████████████████████▉   | 53/58 [00:01<00:00, 26.92it/s, loss=0.0005]
  Epoch 13/30:  91%|███████████████████████████████▉   | 53/58 [00:01<00:00, 26.92it/s, loss=0.0006]
  Epoch 13/30:  91%|███████████████████████████████▉   | 53/58 [00:01<00:00, 26.92it/s, loss=0.0004]
  Epoch 13/30:  91%|███████████████████████████████▉   | 53/58 [00:02<00:00, 26.92it/s, loss=0.0017]
  Epoch 13/30:  97%|█████████████████████████████████▊ | 56/58 [00:02<00:00, 26.80it/s, loss=0.0017]
  Epoch 13/30:  97%|█████████████████████████████████▊ | 56/58 [00:02<00:00, 26.80it/s, loss=0.0005]
  Epoch 13/30:  97%|█████████████████████████████████▊ | 56/58 [00:02<00:00, 26.80it/s, loss=0.0001]
                                                                                                    

  Epoch 14/30:   0%|                                                         | 0/58 [00:00<?, ?it/s]
  Epoch 14/30:   0%|                                            | 0/58 [00:00<?, ?it/s, loss=0.0004]
  Epoch 14/30:   0%|                                            | 0/58 [00:00<?, ?it/s, loss=0.0003]
  Epoch 14/30:   0%|                                            | 0/58 [00:00<?, ?it/s, loss=0.0004]
  Epoch 14/30:   5%|█▊                                  | 3/58 [00:00<00:02, 23.11it/s, loss=0.0004]
  Epoch 14/30:   5%|█▊                                  | 3/58 [00:00<00:02, 23.11it/s, loss=0.0006]
  Epoch 14/30:   5%|█▊                                  | 3/58 [00:00<00:02, 23.11it/s, loss=0.0004]
  Epoch 14/30:   5%|█▊                                  | 3/58 [00:00<00:02, 23.11it/s, loss=0.0004]
  Epoch 14/30:  10%|███▋                                | 6/58 [00:00<00:02, 23.82it/s, loss=0.0004]
  Epoch 14/30:  10%|███▋                                | 6/58 [00:00<00:02, 23.82it/s, loss=0.0003]
  Epoch 14/30:  10%|███▋                                | 6/58 [00:00<00:02, 23.82it/s, loss=0.0013]
  Epoch 14/30:  10%|███▋                                | 6/58 [00:00<00:02, 23.82it/s, loss=0.0003]
  Epoch 14/30:  16%|█████▌                              | 9/58 [00:00<00:01, 24.88it/s, loss=0.0003]
  Epoch 14/30:  16%|█████▌                              | 9/58 [00:00<00:01, 24.88it/s, loss=0.0008]
  Epoch 14/30:  16%|█████▌                              | 9/58 [00:00<00:01, 24.88it/s, loss=0.0006]
  Epoch 14/30:  16%|█████▌                              | 9/58 [00:00<00:01, 24.88it/s, loss=0.0002]
  Epoch 14/30:  21%|███████▏                           | 12/58 [00:00<00:01, 25.70it/s, loss=0.0002]
  Epoch 14/30:  21%|███████▏                           | 12/58 [00:00<00:01, 25.70it/s, loss=0.0003]
  Epoch 14/30:  21%|███████▏                           | 12/58 [00:00<00:01, 25.70it/s, loss=0.0007]
  Epoch 14/30:  21%|███████▏                           | 12/58 [00:00<00:01, 25.70it/s, loss=0.0004]
  Epoch 14/30:  21%|███████▏                           | 12/58 [00:00<00:01, 25.70it/s, loss=0.0003]
  Epoch 14/30:  28%|█████████▋                         | 16/58 [00:00<00:01, 26.87it/s, loss=0.0003]
  Epoch 14/30:  28%|█████████▋                         | 16/58 [00:00<00:01, 26.87it/s, loss=0.0003]
  Epoch 14/30:  28%|█████████▋                         | 16/58 [00:00<00:01, 26.87it/s, loss=0.0004]
  Epoch 14/30:  28%|█████████▋                         | 16/58 [00:00<00:01, 26.87it/s, loss=0.0007]
  Epoch 14/30:  28%|█████████▋                         | 16/58 [00:00<00:01, 26.87it/s, loss=0.0004]
  Epoch 14/30:  34%|████████████                       | 20/58 [00:00<00:01, 28.33it/s, loss=0.0004]
  Epoch 14/30:  34%|████████████                       | 20/58 [00:00<00:01, 28.33it/s, loss=0.0011]
  Epoch 14/30:  34%|████████████                       | 20/58 [00:00<00:01, 28.33it/s, loss=0.0009]
  Epoch 14/30:  34%|████████████                       | 20/58 [00:00<00:01, 28.33it/s, loss=0.0016]
  Epoch 14/30:  40%|█████████████▉                     | 23/58 [00:00<00:01, 28.15it/s, loss=0.0016]
  Epoch 14/30:  40%|█████████████▉                     | 23/58 [00:00<00:01, 28.15it/s, loss=0.0004]
  Epoch 14/30:  40%|█████████████▉                     | 23/58 [00:00<00:01, 28.15it/s, loss=0.0011]
  Epoch 14/30:  40%|█████████████▉                     | 23/58 [00:00<00:01, 28.15it/s, loss=0.0006]
  Epoch 14/30:  45%|███████████████▋                   | 26/58 [00:00<00:01, 27.90it/s, loss=0.0006]
  Epoch 14/30:  45%|███████████████▋                   | 26/58 [00:01<00:01, 27.90it/s, loss=0.0003]
  Epoch 14/30:  45%|███████████████▋                   | 26/58 [00:01<00:01, 27.90it/s, loss=0.0008]
  Epoch 14/30:  45%|███████████████▋                   | 26/58 [00:01<00:01, 27.90it/s, loss=0.0010]
  Epoch 14/30:  50%|█████████████████▌                 | 29/58 [00:01<00:01, 27.50it/s, loss=0.0010]
  Epoch 14/30:  50%|█████████████████▌                 | 29/58 [00:01<00:01, 27.50it/s, loss=0.0008]
  Epoch 14/30:  50%|█████████████████▌                 | 29/58 [00:01<00:01, 27.50it/s, loss=0.0005]
  Epoch 14/30:  50%|█████████████████▌                 | 29/58 [00:01<00:01, 27.50it/s, loss=0.0012]
  Epoch 14/30:  50%|█████████████████▌                 | 29/58 [00:01<00:01, 27.50it/s, loss=0.0009]
  Epoch 14/30:  57%|███████████████████▉               | 33/58 [00:01<00:00, 28.70it/s, loss=0.0009]
  Epoch 14/30:  57%|███████████████████▉               | 33/58 [00:01<00:00, 28.70it/s, loss=0.0006]
  Epoch 14/30:  57%|███████████████████▉               | 33/58 [00:01<00:00, 28.70it/s, loss=0.0002]
  Epoch 14/30:  57%|███████████████████▉               | 33/58 [00:01<00:00, 28.70it/s, loss=0.0004]
  Epoch 14/30:  57%|███████████████████▉               | 33/58 [00:01<00:00, 28.70it/s, loss=0.0003]
  Epoch 14/30:  64%|██████████████████████▎            | 37/58 [00:01<00:00, 29.30it/s, loss=0.0003]
  Epoch 14/30:  64%|██████████████████████▎            | 37/58 [00:01<00:00, 29.30it/s, loss=0.0004]
  Epoch 14/30:  64%|██████████████████████▎            | 37/58 [00:01<00:00, 29.30it/s, loss=0.0005]
  Epoch 14/30:  64%|██████████████████████▎            | 37/58 [00:01<00:00, 29.30it/s, loss=0.0009]
  Epoch 14/30:  64%|██████████████████████▎            | 37/58 [00:01<00:00, 29.30it/s, loss=0.0008]
  Epoch 14/30:  71%|████████████████████████▋          | 41/58 [00:01<00:00, 30.49it/s, loss=0.0008]
  Epoch 14/30:  71%|████████████████████████▋          | 41/58 [00:01<00:00, 30.49it/s, loss=0.0003]
  Epoch 14/30:  71%|████████████████████████▋          | 41/58 [00:01<00:00, 30.49it/s, loss=0.0003]
  Epoch 14/30:  71%|████████████████████████▋          | 41/58 [00:01<00:00, 30.49it/s, loss=0.0005]
  Epoch 14/30:  71%|████████████████████████▋          | 41/58 [00:01<00:00, 30.49it/s, loss=0.0005]
  Epoch 14/30:  78%|███████████████████████████▏       | 45/58 [00:01<00:00, 30.24it/s, loss=0.0005]
  Epoch 14/30:  78%|███████████████████████████▏       | 45/58 [00:01<00:00, 30.24it/s, loss=0.0004]
  Epoch 14/30:  78%|███████████████████████████▏       | 45/58 [00:01<00:00, 30.24it/s, loss=0.0005]
  Epoch 14/30:  78%|███████████████████████████▏       | 45/58 [00:01<00:00, 30.24it/s, loss=0.0005]
  Epoch 14/30:  78%|███████████████████████████▏       | 45/58 [00:01<00:00, 30.24it/s, loss=0.0004]
  Epoch 14/30:  84%|█████████████████████████████▌     | 49/58 [00:01<00:00, 30.18it/s, loss=0.0004]
  Epoch 14/30:  84%|█████████████████████████████▌     | 49/58 [00:01<00:00, 30.18it/s, loss=0.0012]
  Epoch 14/30:  84%|█████████████████████████████▌     | 49/58 [00:01<00:00, 30.18it/s, loss=0.0004]
  Epoch 14/30:  84%|█████████████████████████████▌     | 49/58 [00:01<00:00, 30.18it/s, loss=0.0003]
  Epoch 14/30:  84%|█████████████████████████████▌     | 49/58 [00:01<00:00, 30.18it/s, loss=0.0008]
  Epoch 14/30:  91%|███████████████████████████████▉   | 53/58 [00:01<00:00, 30.59it/s, loss=0.0008]
  Epoch 14/30:  91%|███████████████████████████████▉   | 53/58 [00:01<00:00, 30.59it/s, loss=0.0011]
  Epoch 14/30:  91%|███████████████████████████████▉   | 53/58 [00:01<00:00, 30.59it/s, loss=0.0010]
  Epoch 14/30:  91%|███████████████████████████████▉   | 53/58 [00:01<00:00, 30.59it/s, loss=0.0004]
  Epoch 14/30:  91%|███████████████████████████████▉   | 53/58 [00:01<00:00, 30.59it/s, loss=0.0004]
  Epoch 14/30:  98%|██████████████████████████████████▍| 57/58 [00:01<00:00, 29.88it/s, loss=0.0004]
  Epoch 14/30:  98%|██████████████████████████████████▍| 57/58 [00:02<00:00, 29.88it/s, loss=0.0002]
                                                                                                    

  Epoch 15/30:   0%|                                                         | 0/58 [00:00<?, ?it/s]
  Epoch 15/30:   0%|                                            | 0/58 [00:00<?, ?it/s, loss=0.0005]
  Epoch 15/30:   0%|                                            | 0/58 [00:00<?, ?it/s, loss=0.0024]
  Epoch 15/30:   0%|                                            | 0/58 [00:00<?, ?it/s, loss=0.0005]
  Epoch 15/30:   0%|                                            | 0/58 [00:00<?, ?it/s, loss=0.0008]
  Epoch 15/30:   7%|██▍                                 | 4/58 [00:00<00:01, 32.61it/s, loss=0.0008]
  Epoch 15/30:   7%|██▍                                 | 4/58 [00:00<00:01, 32.61it/s, loss=0.0003]
  Epoch 15/30:   7%|██▍                                 | 4/58 [00:00<00:01, 32.61it/s, loss=0.0003]
  Epoch 15/30:   7%|██▍                                 | 4/58 [00:00<00:01, 32.61it/s, loss=0.0005]
  Epoch 15/30:   7%|██▍                                 | 4/58 [00:00<00:01, 32.61it/s, loss=0.0005]
  Epoch 15/30:  14%|████▉                               | 8/58 [00:00<00:01, 26.92it/s, loss=0.0005]
  Epoch 15/30:  14%|████▉                               | 8/58 [00:00<00:01, 26.92it/s, loss=0.0004]
  Epoch 15/30:  14%|████▉                               | 8/58 [00:00<00:01, 26.92it/s, loss=0.0002]
  Epoch 15/30:  14%|████▉                               | 8/58 [00:00<00:01, 26.92it/s, loss=0.0006]
  Epoch 15/30:  19%|██████▋                            | 11/58 [00:00<00:01, 26.83it/s, loss=0.0006]
  Epoch 15/30:  19%|██████▋                            | 11/58 [00:00<00:01, 26.83it/s, loss=0.0008]
  Epoch 15/30:  19%|██████▋                            | 11/58 [00:00<00:01, 26.83it/s, loss=0.0008]
  Epoch 15/30:  19%|██████▋                            | 11/58 [00:00<00:01, 26.83it/s, loss=0.0004]
  Epoch 15/30:  24%|████████▍                          | 14/58 [00:00<00:01, 26.48it/s, loss=0.0004]
  Epoch 15/30:  24%|████████▍                          | 14/58 [00:00<00:01, 26.48it/s, loss=0.0004]
  Epoch 15/30:  24%|████████▍                          | 14/58 [00:00<00:01, 26.48it/s, loss=0.0004]
  Epoch 15/30:  24%|████████▍                          | 14/58 [00:00<00:01, 26.48it/s, loss=0.0007]
  Epoch 15/30:  29%|██████████▎                        | 17/58 [00:00<00:01, 26.90it/s, loss=0.0007]
  Epoch 15/30:  29%|██████████▎                        | 17/58 [00:00<00:01, 26.90it/s, loss=0.0003]
  Epoch 15/30:  29%|██████████▎                        | 17/58 [00:00<00:01, 26.90it/s, loss=0.0008]
  Epoch 15/30:  29%|██████████▎                        | 17/58 [00:00<00:01, 26.90it/s, loss=0.0002]
  Epoch 15/30:  34%|████████████                       | 20/58 [00:00<00:01, 27.27it/s, loss=0.0002]
  Epoch 15/30:  34%|████████████                       | 20/58 [00:00<00:01, 27.27it/s, loss=0.0007]
  Epoch 15/30:  34%|████████████                       | 20/58 [00:00<00:01, 27.27it/s, loss=0.0001]
  Epoch 15/30:  34%|████████████                       | 20/58 [00:00<00:01, 27.27it/s, loss=0.0005]
  Epoch 15/30:  34%|████████████                       | 20/58 [00:00<00:01, 27.27it/s, loss=0.0007]
  Epoch 15/30:  41%|██████████████▍                    | 24/58 [00:00<00:01, 28.03it/s, loss=0.0007]
  Epoch 15/30:  41%|██████████████▍                    | 24/58 [00:00<00:01, 28.03it/s, loss=0.0005]
  Epoch 15/30:  41%|██████████████▍                    | 24/58 [00:00<00:01, 28.03it/s, loss=0.0006]
  Epoch 15/30:  41%|██████████████▍                    | 24/58 [00:00<00:01, 28.03it/s, loss=0.0003]
  Epoch 15/30:  47%|████████████████▎                  | 27/58 [00:00<00:01, 28.05it/s, loss=0.0003]
  Epoch 15/30:  47%|████████████████▎                  | 27/58 [00:01<00:01, 28.05it/s, loss=0.0003]
  Epoch 15/30:  47%|████████████████▎                  | 27/58 [00:01<00:01, 28.05it/s, loss=0.0003]
  Epoch 15/30:  47%|████████████████▎                  | 27/58 [00:01<00:01, 28.05it/s, loss=0.0007]
  Epoch 15/30:  47%|████████████████▎                  | 27/58 [00:01<00:01, 28.05it/s, loss=0.0006]
  Epoch 15/30:  53%|██████████████████▋                | 31/58 [00:01<00:00, 29.63it/s, loss=0.0006]
  Epoch 15/30:  53%|██████████████████▋                | 31/58 [00:01<00:00, 29.63it/s, loss=0.0006]
  Epoch 15/30:  53%|██████████████████▋                | 31/58 [00:01<00:00, 29.63it/s, loss=0.0005]
  Epoch 15/30:  53%|██████████████████▋                | 31/58 [00:01<00:00, 29.63it/s, loss=0.0004]
  Epoch 15/30:  53%|██████████████████▋                | 31/58 [00:01<00:00, 29.63it/s, loss=0.0016]
  Epoch 15/30:  60%|█████████████████████              | 35/58 [00:01<00:00, 30.58it/s, loss=0.0016]
  Epoch 15/30:  60%|█████████████████████              | 35/58 [00:01<00:00, 30.58it/s, loss=0.0006]
  Epoch 15/30:  60%|█████████████████████              | 35/58 [00:01<00:00, 30.58it/s, loss=0.0002]
  Epoch 15/30:  60%|█████████████████████              | 35/58 [00:01<00:00, 30.58it/s, loss=0.0008]
  Epoch 15/30:  60%|█████████████████████              | 35/58 [00:01<00:00, 30.58it/s, loss=0.0006]
  Epoch 15/30:  60%|█████████████████████              | 35/58 [00:01<00:00, 30.58it/s, loss=0.0003]
  Epoch 15/30:  69%|████████████████████████▏          | 40/58 [00:01<00:00, 34.14it/s, loss=0.0003]
  Epoch 15/30:  69%|████████████████████████▏          | 40/58 [00:01<00:00, 34.14it/s, loss=0.0006]
  Epoch 15/30:  69%|████████████████████████▏          | 40/58 [00:01<00:00, 34.14it/s, loss=0.0004]
  Epoch 15/30:  69%|████████████████████████▏          | 40/58 [00:01<00:00, 34.14it/s, loss=0.0003]
  Epoch 15/30:  69%|████████████████████████▏          | 40/58 [00:01<00:00, 34.14it/s, loss=0.0021]
  Epoch 15/30:  76%|██████████████████████████▌        | 44/58 [00:01<00:00, 34.55it/s, loss=0.0021]
  Epoch 15/30:  76%|██████████████████████████▌        | 44/58 [00:01<00:00, 34.55it/s, loss=0.0003]
  Epoch 15/30:  76%|██████████████████████████▌        | 44/58 [00:01<00:00, 34.55it/s, loss=0.0013]
  Epoch 15/30:  76%|██████████████████████████▌        | 44/58 [00:01<00:00, 34.55it/s, loss=0.0005]
  Epoch 15/30:  76%|██████████████████████████▌        | 44/58 [00:01<00:00, 34.55it/s, loss=0.0006]
  Epoch 15/30:  83%|████████████████████████████▉      | 48/58 [00:01<00:00, 33.93it/s, loss=0.0006]
  Epoch 15/30:  83%|████████████████████████████▉      | 48/58 [00:01<00:00, 33.93it/s, loss=0.0004]
  Epoch 15/30:  83%|████████████████████████████▉      | 48/58 [00:01<00:00, 33.93it/s, loss=0.0004]
  Epoch 15/30:  83%|████████████████████████████▉      | 48/58 [00:01<00:00, 33.93it/s, loss=0.0006]
  Epoch 15/30:  83%|████████████████████████████▉      | 48/58 [00:01<00:00, 33.93it/s, loss=0.0006]
  Epoch 15/30:  90%|███████████████████████████████▍   | 52/58 [00:01<00:00, 32.08it/s, loss=0.0006]
  Epoch 15/30:  90%|███████████████████████████████▍   | 52/58 [00:01<00:00, 32.08it/s, loss=0.0007]
  Epoch 15/30:  90%|███████████████████████████████▍   | 52/58 [00:01<00:00, 32.08it/s, loss=0.0008]
  Epoch 15/30:  90%|███████████████████████████████▍   | 52/58 [00:01<00:00, 32.08it/s, loss=0.0001]
  Epoch 15/30:  90%|███████████████████████████████▍   | 52/58 [00:01<00:00, 32.08it/s, loss=0.0004]
  Epoch 15/30:  97%|█████████████████████████████████▊ | 56/58 [00:01<00:00, 31.83it/s, loss=0.0004]
  Epoch 15/30:  97%|█████████████████████████████████▊ | 56/58 [00:01<00:00, 31.83it/s, loss=0.0005]
  Epoch 15/30:  97%|█████████████████████████████████▊ | 56/58 [00:01<00:00, 31.83it/s, loss=0.0004]
                                                                                                    
  Epoch 15/30 │ Loss: 0.0006 │ T+1: 0.8668 │ T+2: 0.6344 │ T+3: 0.5337

  Epoch 16/30:   0%|                                                         | 0/58 [00:00<?, ?it/s]
  Epoch 16/30:   0%|                                            | 0/58 [00:00<?, ?it/s, loss=0.0010]
  Epoch 16/30:   0%|                                            | 0/58 [00:00<?, ?it/s, loss=0.0005]
  Epoch 16/30:   0%|                                            | 0/58 [00:00<?, ?it/s, loss=0.0003]
  Epoch 16/30:   5%|█▊                                  | 3/58 [00:00<00:02, 26.99it/s, loss=0.0003]
  Epoch 16/30:   5%|█▊                                  | 3/58 [00:00<00:02, 26.99it/s, loss=0.0002]
  Epoch 16/30:   5%|█▊                                  | 3/58 [00:00<00:02, 26.99it/s, loss=0.0005]
  Epoch 16/30:   5%|█▊                                  | 3/58 [00:00<00:02, 26.99it/s, loss=0.0003]
  Epoch 16/30:   5%|█▊                                  | 3/58 [00:00<00:02, 26.99it/s, loss=0.0002]
  Epoch 16/30:  12%|████▎                               | 7/58 [00:00<00:01, 30.47it/s, loss=0.0002]
  Epoch 16/30:  12%|████▎                               | 7/58 [00:00<00:01, 30.47it/s, loss=0.0004]
  Epoch 16/30:  12%|████▎                               | 7/58 [00:00<00:01, 30.47it/s, loss=0.0007]
  Epoch 16/30:  12%|████▎                               | 7/58 [00:00<00:01, 30.47it/s, loss=0.0003]
  Epoch 16/30:  12%|████▎                               | 7/58 [00:00<00:01, 30.47it/s, loss=0.0003]
  Epoch 16/30:  19%|██████▋                            | 11/58 [00:00<00:01, 29.01it/s, loss=0.0003]
  Epoch 16/30:  19%|██████▋                            | 11/58 [00:00<00:01, 29.01it/s, loss=0.0006]
  Epoch 16/30:  19%|██████▋                            | 11/58 [00:00<00:01, 29.01it/s, loss=0.0004]
  Epoch 16/30:  19%|██████▋                            | 11/58 [00:00<00:01, 29.01it/s, loss=0.0009]
  Epoch 16/30:  19%|██████▋                            | 11/58 [00:00<00:01, 29.01it/s, loss=0.0005]
  Epoch 16/30:  26%|█████████                          | 15/58 [00:00<00:01, 30.48it/s, loss=0.0005]
  Epoch 16/30:  26%|█████████                          | 15/58 [00:00<00:01, 30.48it/s, loss=0.0005]
  Epoch 16/30:  26%|█████████                          | 15/58 [00:00<00:01, 30.48it/s, loss=0.0007]
  Epoch 16/30:  26%|█████████                          | 15/58 [00:00<00:01, 30.48it/s, loss=0.0004]
  Epoch 16/30:  26%|█████████                          | 15/58 [00:00<00:01, 30.48it/s, loss=0.0002]
  Epoch 16/30:  33%|███████████▍                       | 19/58 [00:00<00:01, 31.16it/s, loss=0.0002]
  Epoch 16/30:  33%|███████████▍                       | 19/58 [00:00<00:01, 31.16it/s, loss=0.0004]
  Epoch 16/30:  33%|███████████▍                       | 19/58 [00:00<00:01, 31.16it/s, loss=0.0010]
  Epoch 16/30:  33%|███████████▍                       | 19/58 [00:00<00:01, 31.16it/s, loss=0.0009]
  Epoch 16/30:  33%|███████████▍                       | 19/58 [00:00<00:01, 31.16it/s, loss=0.0008]
  Epoch 16/30:  40%|█████████████▉                     | 23/58 [00:00<00:01, 29.86it/s, loss=0.0008]
  Epoch 16/30:  40%|█████████████▉                     | 23/58 [00:00<00:01, 29.86it/s, loss=0.0007]
  Epoch 16/30:  40%|█████████████▉                     | 23/58 [00:00<00:01, 29.86it/s, loss=0.0003]
  Epoch 16/30:  40%|█████████████▉                     | 23/58 [00:00<00:01, 29.86it/s, loss=0.0007]
  Epoch 16/30:  40%|█████████████▉                     | 23/58 [00:00<00:01, 29.86it/s, loss=0.0002]
  Epoch 16/30:  47%|████████████████▎                  | 27/58 [00:00<00:00, 31.68it/s, loss=0.0002]
  Epoch 16/30:  47%|████████████████▎                  | 27/58 [00:00<00:00, 31.68it/s, loss=0.0004]
  Epoch 16/30:  47%|████████████████▎                  | 27/58 [00:00<00:00, 31.68it/s, loss=0.0008]
  Epoch 16/30:  47%|████████████████▎                  | 27/58 [00:00<00:00, 31.68it/s, loss=0.0005]
  Epoch 16/30:  47%|████████████████▎                  | 27/58 [00:00<00:00, 31.68it/s, loss=0.0015]
  Epoch 16/30:  53%|██████████████████▋                | 31/58 [00:00<00:00, 32.60it/s, loss=0.0015]
  Epoch 16/30:  53%|██████████████████▋                | 31/58 [00:01<00:00, 32.60it/s, loss=0.0003]
  Epoch 16/30:  53%|██████████████████▋                | 31/58 [00:01<00:00, 32.60it/s, loss=0.0006]
  Epoch 16/30:  53%|██████████████████▋                | 31/58 [00:01<00:00, 32.60it/s, loss=0.0005]
  Epoch 16/30:  53%|██████████████████▋                | 31/58 [00:01<00:00, 32.60it/s, loss=0.0005]
  Epoch 16/30:  53%|██████████████████▋                | 31/58 [00:01<00:00, 32.60it/s, loss=0.0002]
  Epoch 16/30:  62%|█████████████████████▋             | 36/58 [00:01<00:00, 36.18it/s, loss=0.0002]
  Epoch 16/30:  62%|█████████████████████▋             | 36/58 [00:01<00:00, 36.18it/s, loss=0.0003]
  Epoch 16/30:  62%|█████████████████████▋             | 36/58 [00:01<00:00, 36.18it/s, loss=0.0007]
  Epoch 16/30:  62%|█████████████████████▋             | 36/58 [00:01<00:00, 36.18it/s, loss=0.0006]
  Epoch 16/30:  62%|█████████████████████▋             | 36/58 [00:01<00:00, 36.18it/s, loss=0.0004]
  Epoch 16/30:  69%|████████████████████████▏          | 40/58 [00:01<00:00, 36.01it/s, loss=0.0004]
  Epoch 16/30:  69%|████████████████████████▏          | 40/58 [00:01<00:00, 36.01it/s, loss=0.0009]
  Epoch 16/30:  69%|████████████████████████▏          | 40/58 [00:01<00:00, 36.01it/s, loss=0.0006]
  Epoch 16/30:  69%|████████████████████████▏          | 40/58 [00:01<00:00, 36.01it/s, loss=0.0003]
  Epoch 16/30:  69%|████████████████████████▏          | 40/58 [00:01<00:00, 36.01it/s, loss=0.0010]
  Epoch 16/30:  76%|██████████████████████████▌        | 44/58 [00:01<00:00, 36.47it/s, loss=0.0010]
  Epoch 16/30:  76%|██████████████████████████▌        | 44/58 [00:01<00:00, 36.47it/s, loss=0.0006]
  Epoch 16/30:  76%|██████████████████████████▌        | 44/58 [00:01<00:00, 36.47it/s, loss=0.0006]
  Epoch 16/30:  76%|██████████████████████████▌        | 44/58 [00:01<00:00, 36.47it/s, loss=0.0003]
  Epoch 16/30:  76%|██████████████████████████▌        | 44/58 [00:01<00:00, 36.47it/s, loss=0.0003]
  Epoch 16/30:  83%|████████████████████████████▉      | 48/58 [00:01<00:00, 34.29it/s, loss=0.0003]
  Epoch 16/30:  83%|████████████████████████████▉      | 48/58 [00:01<00:00, 34.29it/s, loss=0.0005]
  Epoch 16/30:  83%|████████████████████████████▉      | 48/58 [00:01<00:00, 34.29it/s, loss=0.0005]
  Epoch 16/30:  83%|████████████████████████████▉      | 48/58 [00:01<00:00, 34.29it/s, loss=0.0003]
  Epoch 16/30:  83%|████████████████████████████▉      | 48/58 [00:01<00:00, 34.29it/s, loss=0.0009]
  Epoch 16/30:  90%|███████████████████████████████▍   | 52/58 [00:01<00:00, 34.93it/s, loss=0.0009]
  Epoch 16/30:  90%|███████████████████████████████▍   | 52/58 [00:01<00:00, 34.93it/s, loss=0.0014]
  Epoch 16/30:  90%|███████████████████████████████▍   | 52/58 [00:01<00:00, 34.93it/s, loss=0.0017]
  Epoch 16/30:  90%|███████████████████████████████▍   | 52/58 [00:01<00:00, 34.93it/s, loss=0.0004]
  Epoch 16/30:  90%|███████████████████████████████▍   | 52/58 [00:01<00:00, 34.93it/s, loss=0.0013]
  Epoch 16/30:  97%|█████████████████████████████████▊ | 56/58 [00:01<00:00, 35.98it/s, loss=0.0013]
  Epoch 16/30:  97%|█████████████████████████████████▊ | 56/58 [00:01<00:00, 35.98it/s, loss=0.0003]
  Epoch 16/30:  97%|█████████████████████████████████▊ | 56/58 [00:01<00:00, 35.98it/s, loss=0.0004]
                                                                                                    

  Epoch 17/30:   0%|                                                         | 0/58 [00:00<?, ?it/s]
  Epoch 17/30:   0%|                                            | 0/58 [00:00<?, ?it/s, loss=0.0011]
  Epoch 17/30:   0%|                                            | 0/58 [00:00<?, ?it/s, loss=0.0003]
  Epoch 17/30:   0%|                                            | 0/58 [00:00<?, ?it/s, loss=0.0005]
  Epoch 17/30:   0%|                                            | 0/58 [00:00<?, ?it/s, loss=0.0005]
  Epoch 17/30:   7%|██▍                                 | 4/58 [00:00<00:01, 34.51it/s, loss=0.0005]
  Epoch 17/30:   7%|██▍                                 | 4/58 [00:00<00:01, 34.51it/s, loss=0.0002]
  Epoch 17/30:   7%|██▍                                 | 4/58 [00:00<00:01, 34.51it/s, loss=0.0011]
  Epoch 17/30:   7%|██▍                                 | 4/58 [00:00<00:01, 34.51it/s, loss=0.0003]
  Epoch 17/30:   7%|██▍                                 | 4/58 [00:00<00:01, 34.51it/s, loss=0.0015]
  Epoch 17/30:  14%|████▉                               | 8/58 [00:00<00:01, 34.15it/s, loss=0.0015]
  Epoch 17/30:  14%|████▉                               | 8/58 [00:00<00:01, 34.15it/s, loss=0.0002]
  Epoch 17/30:  14%|████▉                               | 8/58 [00:00<00:01, 34.15it/s, loss=0.0008]
  Epoch 17/30:  14%|████▉                               | 8/58 [00:00<00:01, 34.15it/s, loss=0.0004]
  Epoch 17/30:  14%|████▉                               | 8/58 [00:00<00:01, 34.15it/s, loss=0.0006]
  Epoch 17/30:  21%|███████▏                           | 12/58 [00:00<00:01, 35.08it/s, loss=0.0006]
  Epoch 17/30:  21%|███████▏                           | 12/58 [00:00<00:01, 35.08it/s, loss=0.0002]
  Epoch 17/30:  21%|███████▏                           | 12/58 [00:00<00:01, 35.08it/s, loss=0.0005]
  Epoch 17/30:  21%|███████▏                           | 12/58 [00:00<00:01, 35.08it/s, loss=0.0006]
  Epoch 17/30:  21%|███████▏                           | 12/58 [00:00<00:01, 35.08it/s, loss=0.0003]
  Epoch 17/30:  28%|█████████▋                         | 16/58 [00:00<00:01, 36.12it/s, loss=0.0003]
  Epoch 17/30:  28%|█████████▋                         | 16/58 [00:00<00:01, 36.12it/s, loss=0.0006]
  Epoch 17/30:  28%|█████████▋                         | 16/58 [00:00<00:01, 36.12it/s, loss=0.0003]
  Epoch 17/30:  28%|█████████▋                         | 16/58 [00:00<00:01, 36.12it/s, loss=0.0003]
  Epoch 17/30:  28%|█████████▋                         | 16/58 [00:00<00:01, 36.12it/s, loss=0.0007]
  Epoch 17/30:  34%|████████████                       | 20/58 [00:00<00:01, 36.65it/s, loss=0.0007]
  Epoch 17/30:  34%|████████████                       | 20/58 [00:00<00:01, 36.65it/s, loss=0.0003]
  Epoch 17/30:  34%|████████████                       | 20/58 [00:00<00:01, 36.65it/s, loss=0.0011]
  Epoch 17/30:  34%|████████████                       | 20/58 [00:00<00:01, 36.65it/s, loss=0.0009]
  Epoch 17/30:  34%|████████████                       | 20/58 [00:00<00:01, 36.65it/s, loss=0.0005]
  Epoch 17/30:  41%|██████████████▍                    | 24/58 [00:00<00:01, 33.51it/s, loss=0.0005]
  Epoch 17/30:  41%|██████████████▍                    | 24/58 [00:00<00:01, 33.51it/s, loss=0.0011]
  Epoch 17/30:  41%|██████████████▍                    | 24/58 [00:00<00:01, 33.51it/s, loss=0.0004]
  Epoch 17/30:  41%|██████████████▍                    | 24/58 [00:00<00:01, 33.51it/s, loss=0.0003]
  Epoch 17/30:  41%|██████████████▍                    | 24/58 [00:00<00:01, 33.51it/s, loss=0.0005]
  Epoch 17/30:  41%|██████████████▍                    | 24/58 [00:00<00:01, 33.51it/s, loss=0.0002]
  Epoch 17/30:  50%|█████████████████▌                 | 29/58 [00:00<00:00, 34.91it/s, loss=0.0002]
  Epoch 17/30:  50%|█████████████████▌                 | 29/58 [00:00<00:00, 34.91it/s, loss=0.0011]
  Epoch 17/30:  50%|█████████████████▌                 | 29/58 [00:00<00:00, 34.91it/s, loss=0.0005]
  Epoch 17/30:  50%|█████████████████▌                 | 29/58 [00:00<00:00, 34.91it/s, loss=0.0004]
  Epoch 17/30:  50%|█████████████████▌                 | 29/58 [00:00<00:00, 34.91it/s, loss=0.0002]
  Epoch 17/30:  57%|███████████████████▉               | 33/58 [00:00<00:00, 33.67it/s, loss=0.0002]
  Epoch 17/30:  57%|███████████████████▉               | 33/58 [00:00<00:00, 33.67it/s, loss=0.0008]
  Epoch 17/30:  57%|███████████████████▉               | 33/58 [00:01<00:00, 33.67it/s, loss=0.0005]
  Epoch 17/30:  57%|███████████████████▉               | 33/58 [00:01<00:00, 33.67it/s, loss=0.0003]
  Epoch 17/30:  57%|███████████████████▉               | 33/58 [00:01<00:00, 33.67it/s, loss=0.0019]
  Epoch 17/30:  57%|███████████████████▉               | 33/58 [00:01<00:00, 33.67it/s, loss=0.0007]
  Epoch 17/30:  66%|██████████████████████▉            | 38/58 [00:01<00:00, 34.69it/s, loss=0.0007]
  Epoch 17/30:  66%|██████████████████████▉            | 38/58 [00:01<00:00, 34.69it/s, loss=0.0004]
  Epoch 17/30:  66%|██████████████████████▉            | 38/58 [00:01<00:00, 34.69it/s, loss=0.0003]
  Epoch 17/30:  66%|██████████████████████▉            | 38/58 [00:01<00:00, 34.69it/s, loss=0.0003]
  Epoch 17/30:  66%|██████████████████████▉            | 38/58 [00:01<00:00, 34.69it/s, loss=0.0002]
  Epoch 17/30:  72%|█████████████████████████▎         | 42/58 [00:01<00:00, 34.40it/s, loss=0.0002]
  Epoch 17/30:  72%|█████████████████████████▎         | 42/58 [00:01<00:00, 34.40it/s, loss=0.0004]
  Epoch 17/30:  72%|█████████████████████████▎         | 42/58 [00:01<00:00, 34.40it/s, loss=0.0006]
  Epoch 17/30:  72%|█████████████████████████▎         | 42/58 [00:01<00:00, 34.40it/s, loss=0.0004]
  Epoch 17/30:  72%|█████████████████████████▎         | 42/58 [00:01<00:00, 34.40it/s, loss=0.0003]
  Epoch 17/30:  79%|███████████████████████████▊       | 46/58 [00:01<00:00, 33.96it/s, loss=0.0003]
  Epoch 17/30:  79%|███████████████████████████▊       | 46/58 [00:01<00:00, 33.96it/s, loss=0.0003]
  Epoch 17/30:  79%|███████████████████████████▊       | 46/58 [00:01<00:00, 33.96it/s, loss=0.0007]
  Epoch 17/30:  79%|███████████████████████████▊       | 46/58 [00:01<00:00, 33.96it/s, loss=0.0004]
  Epoch 17/30:  79%|███████████████████████████▊       | 46/58 [00:01<00:00, 33.96it/s, loss=0.0007]
  Epoch 17/30:  79%|███████████████████████████▊       | 46/58 [00:01<00:00, 33.96it/s, loss=0.0004]
  Epoch 17/30:  88%|██████████████████████████████▊    | 51/58 [00:01<00:00, 36.13it/s, loss=0.0004]
  Epoch 17/30:  88%|██████████████████████████████▊    | 51/58 [00:01<00:00, 36.13it/s, loss=0.0003]
  Epoch 17/30:  88%|██████████████████████████████▊    | 51/58 [00:01<00:00, 36.13it/s, loss=0.0008]
  Epoch 17/30:  88%|██████████████████████████████▊    | 51/58 [00:01<00:00, 36.13it/s, loss=0.0003]
  Epoch 17/30:  88%|██████████████████████████████▊    | 51/58 [00:01<00:00, 36.13it/s, loss=0.0006]
  Epoch 17/30:  95%|█████████████████████████████████▏ | 55/58 [00:01<00:00, 36.57it/s, loss=0.0006]
  Epoch 17/30:  95%|█████████████████████████████████▏ | 55/58 [00:01<00:00, 36.57it/s, loss=0.0005]
  Epoch 17/30:  95%|█████████████████████████████████▏ | 55/58 [00:01<00:00, 36.57it/s, loss=0.0007]
  Epoch 17/30:  95%|█████████████████████████████████▏ | 55/58 [00:01<00:00, 36.57it/s, loss=0.0002]
                                                                                                    

  Epoch 18/30:   0%|                                                         | 0/58 [00:00<?, ?it/s]
  Epoch 18/30:   0%|                                            | 0/58 [00:00<?, ?it/s, loss=0.0005]
  Epoch 18/30:   0%|                                            | 0/58 [00:00<?, ?it/s, loss=0.0002]
  Epoch 18/30:   0%|                                            | 0/58 [00:00<?, ?it/s, loss=0.0006]
  Epoch 18/30:   0%|                                            | 0/58 [00:00<?, ?it/s, loss=0.0004]
  Epoch 18/30:   7%|██▍                                 | 4/58 [00:00<00:01, 36.65it/s, loss=0.0004]
  Epoch 18/30:   7%|██▍                                 | 4/58 [00:00<00:01, 36.65it/s, loss=0.0003]
  Epoch 18/30:   7%|██▍                                 | 4/58 [00:00<00:01, 36.65it/s, loss=0.0003]
  Epoch 18/30:   7%|██▍                                 | 4/58 [00:00<00:01, 36.65it/s, loss=0.0003]
  Epoch 18/30:   7%|██▍                                 | 4/58 [00:00<00:01, 36.65it/s, loss=0.0003]
  Epoch 18/30:  14%|████▉                               | 8/58 [00:00<00:01, 38.05it/s, loss=0.0003]
  Epoch 18/30:  14%|████▉                               | 8/58 [00:00<00:01, 38.05it/s, loss=0.0010]
  Epoch 18/30:  14%|████▉                               | 8/58 [00:00<00:01, 38.05it/s, loss=0.0007]
  Epoch 18/30:  14%|████▉                               | 8/58 [00:00<00:01, 38.05it/s, loss=0.0005]
  Epoch 18/30:  14%|████▉                               | 8/58 [00:00<00:01, 38.05it/s, loss=0.0012]
  Epoch 18/30:  21%|███████▏                           | 12/58 [00:00<00:01, 37.45it/s, loss=0.0012]
  Epoch 18/30:  21%|███████▏                           | 12/58 [00:00<00:01, 37.45it/s, loss=0.0003]
  Epoch 18/30:  21%|███████▏                           | 12/58 [00:00<00:01, 37.45it/s, loss=0.0002]
  Epoch 18/30:  21%|███████▏                           | 12/58 [00:00<00:01, 37.45it/s, loss=0.0002]
  Epoch 18/30:  21%|███████▏                           | 12/58 [00:00<00:01, 37.45it/s, loss=0.0006]
  Epoch 18/30:  21%|███████▏                           | 12/58 [00:00<00:01, 37.45it/s, loss=0.0005]
  Epoch 18/30:  29%|██████████▎                        | 17/58 [00:00<00:01, 38.68it/s, loss=0.0005]
  Epoch 18/30:  29%|██████████▎                        | 17/58 [00:00<00:01, 38.68it/s, loss=0.0004]
  Epoch 18/30:  29%|██████████▎                        | 17/58 [00:00<00:01, 38.68it/s, loss=0.0005]
  Epoch 18/30:  29%|██████████▎                        | 17/58 [00:00<00:01, 38.68it/s, loss=0.0004]
  Epoch 18/30:  29%|██████████▎                        | 17/58 [00:00<00:01, 38.68it/s, loss=0.0003]
  Epoch 18/30:  36%|████████████▋                      | 21/58 [00:00<00:00, 37.29it/s, loss=0.0003]
  Epoch 18/30:  36%|████████████▋                      | 21/58 [00:00<00:00, 37.29it/s, loss=0.0004]
  Epoch 18/30:  36%|████████████▋                      | 21/58 [00:00<00:00, 37.29it/s, loss=0.0005]
  Epoch 18/30:  36%|████████████▋                      | 21/58 [00:00<00:00, 37.29it/s, loss=0.0003]
  Epoch 18/30:  36%|████████████▋                      | 21/58 [00:00<00:00, 37.29it/s, loss=0.0003]
  Epoch 18/30:  43%|███████████████                    | 25/58 [00:00<00:00, 36.20it/s, loss=0.0003]
  Epoch 18/30:  43%|███████████████                    | 25/58 [00:00<00:00, 36.20it/s, loss=0.0004]
  Epoch 18/30:  43%|███████████████                    | 25/58 [00:00<00:00, 36.20it/s, loss=0.0003]
  Epoch 18/30:  43%|███████████████                    | 25/58 [00:00<00:00, 36.20it/s, loss=0.0008]
  Epoch 18/30:  43%|███████████████                    | 25/58 [00:00<00:00, 36.20it/s, loss=0.0003]
  Epoch 18/30:  50%|█████████████████▌                 | 29/58 [00:00<00:00, 35.18it/s, loss=0.0003]
  Epoch 18/30:  50%|█████████████████▌                 | 29/58 [00:00<00:00, 35.18it/s, loss=0.0003]
  Epoch 18/30:  50%|█████████████████▌                 | 29/58 [00:00<00:00, 35.18it/s, loss=0.0004]
  Epoch 18/30:  50%|█████████████████▌                 | 29/58 [00:00<00:00, 35.18it/s, loss=0.0008]
  Epoch 18/30:  50%|█████████████████▌                 | 29/58 [00:00<00:00, 35.18it/s, loss=0.0008]
  Epoch 18/30:  57%|███████████████████▉               | 33/58 [00:00<00:00, 34.69it/s, loss=0.0008]
  Epoch 18/30:  57%|███████████████████▉               | 33/58 [00:00<00:00, 34.69it/s, loss=0.0003]
  Epoch 18/30:  57%|███████████████████▉               | 33/58 [00:00<00:00, 34.69it/s, loss=0.0012]
  Epoch 18/30:  57%|███████████████████▉               | 33/58 [00:00<00:00, 34.69it/s, loss=0.0005]
  Epoch 18/30:  57%|███████████████████▉               | 33/58 [00:01<00:00, 34.69it/s, loss=0.0001]
  Epoch 18/30:  64%|██████████████████████▎            | 37/58 [00:01<00:00, 35.20it/s, loss=0.0001]
  Epoch 18/30:  64%|██████████████████████▎            | 37/58 [00:01<00:00, 35.20it/s, loss=0.0006]
  Epoch 18/30:  64%|██████████████████████▎            | 37/58 [00:01<00:00, 35.20it/s, loss=0.0005]
  Epoch 18/30:  64%|██████████████████████▎            | 37/58 [00:01<00:00, 35.20it/s, loss=0.0004]
  Epoch 18/30:  64%|██████████████████████▎            | 37/58 [00:01<00:00, 35.20it/s, loss=0.0016]
  Epoch 18/30:  71%|████████████████████████▋          | 41/58 [00:01<00:00, 34.05it/s, loss=0.0016]
  Epoch 18/30:  71%|████████████████████████▋          | 41/58 [00:01<00:00, 34.05it/s, loss=0.0010]
  Epoch 18/30:  71%|████████████████████████▋          | 41/58 [00:01<00:00, 34.05it/s, loss=0.0004]
  Epoch 18/30:  71%|████████████████████████▋          | 41/58 [00:01<00:00, 34.05it/s, loss=0.0003]
  Epoch 18/30:  71%|████████████████████████▋          | 41/58 [00:01<00:00, 34.05it/s, loss=0.0007]
  Epoch 18/30:  78%|███████████████████████████▏       | 45/58 [00:01<00:00, 32.25it/s, loss=0.0007]
  Epoch 18/30:  78%|███████████████████████████▏       | 45/58 [00:01<00:00, 32.25it/s, loss=0.0005]
  Epoch 18/30:  78%|███████████████████████████▏       | 45/58 [00:01<00:00, 32.25it/s, loss=0.0003]
  Epoch 18/30:  78%|███████████████████████████▏       | 45/58 [00:01<00:00, 32.25it/s, loss=0.0008]
  Epoch 18/30:  78%|███████████████████████████▏       | 45/58 [00:01<00:00, 32.25it/s, loss=0.0003]
  Epoch 18/30:  84%|█████████████████████████████▌     | 49/58 [00:01<00:00, 31.16it/s, loss=0.0003]
  Epoch 18/30:  84%|█████████████████████████████▌     | 49/58 [00:01<00:00, 31.16it/s, loss=0.0007]
  Epoch 18/30:  84%|█████████████████████████████▌     | 49/58 [00:01<00:00, 31.16it/s, loss=0.0012]
  Epoch 18/30:  84%|█████████████████████████████▌     | 49/58 [00:01<00:00, 31.16it/s, loss=0.0003]
  Epoch 18/30:  84%|█████████████████████████████▌     | 49/58 [00:01<00:00, 31.16it/s, loss=0.0011]
  Epoch 18/30:  91%|███████████████████████████████▉   | 53/58 [00:01<00:00, 30.75it/s, loss=0.0011]
  Epoch 18/30:  91%|███████████████████████████████▉   | 53/58 [00:01<00:00, 30.75it/s, loss=0.0004]
  Epoch 18/30:  91%|███████████████████████████████▉   | 53/58 [00:01<00:00, 30.75it/s, loss=0.0011]
  Epoch 18/30:  91%|███████████████████████████████▉   | 53/58 [00:01<00:00, 30.75it/s, loss=0.0004]
  Epoch 18/30:  91%|███████████████████████████████▉   | 53/58 [00:01<00:00, 30.75it/s, loss=0.0021]
  Epoch 18/30:  98%|██████████████████████████████████▍| 57/58 [00:01<00:00, 30.41it/s, loss=0.0021]
  Epoch 18/30:  98%|██████████████████████████████████▍| 57/58 [00:01<00:00, 30.41it/s, loss=0.0001]
                                                                                                    

  Epoch 19/30:   0%|                                                         | 0/58 [00:00<?, ?it/s]
  Epoch 19/30:   0%|                                            | 0/58 [00:00<?, ?it/s, loss=0.0003]
  Epoch 19/30:   0%|                                            | 0/58 [00:00<?, ?it/s, loss=0.0012]
  Epoch 19/30:   0%|                                            | 0/58 [00:00<?, ?it/s, loss=0.0004]
  Epoch 19/30:   5%|█▊                                  | 3/58 [00:00<00:02, 27.18it/s, loss=0.0004]
  Epoch 19/30:   5%|█▊                                  | 3/58 [00:00<00:02, 27.18it/s, loss=0.0003]
  Epoch 19/30:   5%|█▊                                  | 3/58 [00:00<00:02, 27.18it/s, loss=0.0003]
  Epoch 19/30:   5%|█▊                                  | 3/58 [00:00<00:02, 27.18it/s, loss=0.0004]
  Epoch 19/30:  10%|███▋                                | 6/58 [00:00<00:02, 25.98it/s, loss=0.0004]
  Epoch 19/30:  10%|███▋                                | 6/58 [00:00<00:02, 25.98it/s, loss=0.0001]
  Epoch 19/30:  10%|███▋                                | 6/58 [00:00<00:02, 25.98it/s, loss=0.0003]
  Epoch 19/30:  10%|███▋                                | 6/58 [00:00<00:02, 25.98it/s, loss=0.0008]
  Epoch 19/30:  10%|███▋                                | 6/58 [00:00<00:02, 25.98it/s, loss=0.0006]
  Epoch 19/30:  17%|██████                             | 10/58 [00:00<00:01, 28.96it/s, loss=0.0006]
  Epoch 19/30:  17%|██████                             | 10/58 [00:00<00:01, 28.96it/s, loss=0.0006]
  Epoch 19/30:  17%|██████                             | 10/58 [00:00<00:01, 28.96it/s, loss=0.0015]
  Epoch 19/30:  17%|██████                             | 10/58 [00:00<00:01, 28.96it/s, loss=0.0005]
  Epoch 19/30:  17%|██████                             | 10/58 [00:00<00:01, 28.96it/s, loss=0.0011]
  Epoch 19/30:  24%|████████▍                          | 14/58 [00:00<00:01, 32.34it/s, loss=0.0011]
  Epoch 19/30:  24%|████████▍                          | 14/58 [00:00<00:01, 32.34it/s, loss=0.0003]
  Epoch 19/30:  24%|████████▍                          | 14/58 [00:00<00:01, 32.34it/s, loss=0.0005]
  Epoch 19/30:  24%|████████▍                          | 14/58 [00:00<00:01, 32.34it/s, loss=0.0003]
  Epoch 19/30:  24%|████████▍                          | 14/58 [00:00<00:01, 32.34it/s, loss=0.0004]
  Epoch 19/30:  31%|██████████▊                        | 18/58 [00:00<00:01, 30.35it/s, loss=0.0004]
  Epoch 19/30:  31%|██████████▊                        | 18/58 [00:00<00:01, 30.35it/s, loss=0.0002]
  Epoch 19/30:  31%|██████████▊                        | 18/58 [00:00<00:01, 30.35it/s, loss=0.0008]
  Epoch 19/30:  31%|██████████▊                        | 18/58 [00:00<00:01, 30.35it/s, loss=0.0005]
  Epoch 19/30:  31%|██████████▊                        | 18/58 [00:00<00:01, 30.35it/s, loss=0.0006]
  Epoch 19/30:  38%|█████████████▎                     | 22/58 [00:00<00:01, 31.89it/s, loss=0.0006]
  Epoch 19/30:  38%|█████████████▎                     | 22/58 [00:00<00:01, 31.89it/s, loss=0.0005]
  Epoch 19/30:  38%|█████████████▎                     | 22/58 [00:00<00:01, 31.89it/s, loss=0.0006]
  Epoch 19/30:  38%|█████████████▎                     | 22/58 [00:00<00:01, 31.89it/s, loss=0.0014]
  Epoch 19/30:  38%|█████████████▎                     | 22/58 [00:00<00:01, 31.89it/s, loss=0.0012]
  Epoch 19/30:  45%|███████████████▋                   | 26/58 [00:00<00:01, 31.32it/s, loss=0.0012]
  Epoch 19/30:  45%|███████████████▋                   | 26/58 [00:00<00:01, 31.32it/s, loss=0.0013]
  Epoch 19/30:  45%|███████████████▋                   | 26/58 [00:00<00:01, 31.32it/s, loss=0.0005]
  Epoch 19/30:  45%|███████████████▋                   | 26/58 [00:00<00:01, 31.32it/s, loss=0.0006]
  Epoch 19/30:  45%|███████████████▋                   | 26/58 [00:00<00:01, 31.32it/s, loss=0.0004]
  Epoch 19/30:  45%|███████████████▋                   | 26/58 [00:00<00:01, 31.32it/s, loss=0.0004]
  Epoch 19/30:  53%|██████████████████▋                | 31/58 [00:00<00:00, 34.44it/s, loss=0.0004]
  Epoch 19/30:  53%|██████████████████▋                | 31/58 [00:00<00:00, 34.44it/s, loss=0.0005]
  Epoch 19/30:  53%|██████████████████▋                | 31/58 [00:01<00:00, 34.44it/s, loss=0.0004]
  Epoch 19/30:  53%|██████████████████▋                | 31/58 [00:01<00:00, 34.44it/s, loss=0.0010]
  Epoch 19/30:  53%|██████████████████▋                | 31/58 [00:01<00:00, 34.44it/s, loss=0.0006]
  Epoch 19/30:  60%|█████████████████████              | 35/58 [00:01<00:00, 35.45it/s, loss=0.0006]
  Epoch 19/30:  60%|█████████████████████              | 35/58 [00:01<00:00, 35.45it/s, loss=0.0007]
  Epoch 19/30:  60%|█████████████████████              | 35/58 [00:01<00:00, 35.45it/s, loss=0.0005]
  Epoch 19/30:  60%|█████████████████████              | 35/58 [00:01<00:00, 35.45it/s, loss=0.0008]
  Epoch 19/30:  60%|█████████████████████              | 35/58 [00:01<00:00, 35.45it/s, loss=0.0007]
  Epoch 19/30:  67%|███████████████████████▌           | 39/58 [00:01<00:00, 33.44it/s, loss=0.0007]
  Epoch 19/30:  67%|███████████████████████▌           | 39/58 [00:01<00:00, 33.44it/s, loss=0.0003]
  Epoch 19/30:  67%|███████████████████████▌           | 39/58 [00:01<00:00, 33.44it/s, loss=0.0012]
  Epoch 19/30:  67%|███████████████████████▌           | 39/58 [00:01<00:00, 33.44it/s, loss=0.0004]
  Epoch 19/30:  67%|███████████████████████▌           | 39/58 [00:01<00:00, 33.44it/s, loss=0.0002]
  Epoch 19/30:  74%|█████████████████████████▉         | 43/58 [00:01<00:00, 33.59it/s, loss=0.0002]
  Epoch 19/30:  74%|█████████████████████████▉         | 43/58 [00:01<00:00, 33.59it/s, loss=0.0005]
  Epoch 19/30:  74%|█████████████████████████▉         | 43/58 [00:01<00:00, 33.59it/s, loss=0.0009]
  Epoch 19/30:  74%|█████████████████████████▉         | 43/58 [00:01<00:00, 33.59it/s, loss=0.0003]
  Epoch 19/30:  74%|█████████████████████████▉         | 43/58 [00:01<00:00, 33.59it/s, loss=0.0006]
  Epoch 19/30:  81%|████████████████████████████▎      | 47/58 [00:01<00:00, 31.87it/s, loss=0.0006]
  Epoch 19/30:  81%|████████████████████████████▎      | 47/58 [00:01<00:00, 31.87it/s, loss=0.0003]
  Epoch 19/30:  81%|████████████████████████████▎      | 47/58 [00:01<00:00, 31.87it/s, loss=0.0004]
  Epoch 19/30:  81%|████████████████████████████▎      | 47/58 [00:01<00:00, 31.87it/s, loss=0.0002]
  Epoch 19/30:  81%|████████████████████████████▎      | 47/58 [00:01<00:00, 31.87it/s, loss=0.0003]
  Epoch 19/30:  88%|██████████████████████████████▊    | 51/58 [00:01<00:00, 31.78it/s, loss=0.0003]
  Epoch 19/30:  88%|██████████████████████████████▊    | 51/58 [00:01<00:00, 31.78it/s, loss=0.0002]
  Epoch 19/30:  88%|██████████████████████████████▊    | 51/58 [00:01<00:00, 31.78it/s, loss=0.0002]
  Epoch 19/30:  88%|██████████████████████████████▊    | 51/58 [00:01<00:00, 31.78it/s, loss=0.0003]
  Epoch 19/30:  88%|██████████████████████████████▊    | 51/58 [00:01<00:00, 31.78it/s, loss=0.0003]
  Epoch 19/30:  95%|█████████████████████████████████▏ | 55/58 [00:01<00:00, 32.71it/s, loss=0.0003]
  Epoch 19/30:  95%|█████████████████████████████████▏ | 55/58 [00:01<00:00, 32.71it/s, loss=0.0005]
  Epoch 19/30:  95%|█████████████████████████████████▏ | 55/58 [00:01<00:00, 32.71it/s, loss=0.0011]
  Epoch 19/30:  95%|█████████████████████████████████▏ | 55/58 [00:01<00:00, 32.71it/s, loss=0.0001]
                                                                                                    

  Epoch 20/30:   0%|                                                         | 0/58 [00:00<?, ?it/s]
  Epoch 20/30:   0%|                                            | 0/58 [00:00<?, ?it/s, loss=0.0003]
  Epoch 20/30:   0%|                                            | 0/58 [00:00<?, ?it/s, loss=0.0010]
  Epoch 20/30:   0%|                                            | 0/58 [00:00<?, ?it/s, loss=0.0007]
  Epoch 20/30:   0%|                                            | 0/58 [00:00<?, ?it/s, loss=0.0005]
  Epoch 20/30:   7%|██▍                                 | 4/58 [00:00<00:01, 32.40it/s, loss=0.0005]
  Epoch 20/30:   7%|██▍                                 | 4/58 [00:00<00:01, 32.40it/s, loss=0.0002]
  Epoch 20/30:   7%|██▍                                 | 4/58 [00:00<00:01, 32.40it/s, loss=0.0005]
  Epoch 20/30:   7%|██▍                                 | 4/58 [00:00<00:01, 32.40it/s, loss=0.0003]
  Epoch 20/30:   7%|██▍                                 | 4/58 [00:00<00:01, 32.40it/s, loss=0.0004]
  Epoch 20/30:  14%|████▉                               | 8/58 [00:00<00:01, 31.80it/s, loss=0.0004]
  Epoch 20/30:  14%|████▉                               | 8/58 [00:00<00:01, 31.80it/s, loss=0.0003]
  Epoch 20/30:  14%|████▉                               | 8/58 [00:00<00:01, 31.80it/s, loss=0.0002]
  Epoch 20/30:  14%|████▉                               | 8/58 [00:00<00:01, 31.80it/s, loss=0.0006]
  Epoch 20/30:  14%|████▉                               | 8/58 [00:00<00:01, 31.80it/s, loss=0.0012]
  Epoch 20/30:  21%|███████▏                           | 12/58 [00:00<00:01, 33.47it/s, loss=0.0012]
  Epoch 20/30:  21%|███████▏                           | 12/58 [00:00<00:01, 33.47it/s, loss=0.0003]
  Epoch 20/30:  21%|███████▏                           | 12/58 [00:00<00:01, 33.47it/s, loss=0.0004]
  Epoch 20/30:  21%|███████▏                           | 12/58 [00:00<00:01, 33.47it/s, loss=0.0005]
  Epoch 20/30:  21%|███████▏                           | 12/58 [00:00<00:01, 33.47it/s, loss=0.0004]
  Epoch 20/30:  28%|█████████▋                         | 16/58 [00:00<00:01, 33.43it/s, loss=0.0004]
  Epoch 20/30:  28%|█████████▋                         | 16/58 [00:00<00:01, 33.43it/s, loss=0.0004]
  Epoch 20/30:  28%|█████████▋                         | 16/58 [00:00<00:01, 33.43it/s, loss=0.0003]
  Epoch 20/30:  28%|█████████▋                         | 16/58 [00:00<00:01, 33.43it/s, loss=0.0002]
  Epoch 20/30:  28%|█████████▋                         | 16/58 [00:00<00:01, 33.43it/s, loss=0.0004]
  Epoch 20/30:  34%|████████████                       | 20/58 [00:00<00:01, 32.26it/s, loss=0.0004]
  Epoch 20/30:  34%|████████████                       | 20/58 [00:00<00:01, 32.26it/s, loss=0.0008]
  Epoch 20/30:  34%|████████████                       | 20/58 [00:00<00:01, 32.26it/s, loss=0.0010]
  Epoch 20/30:  34%|████████████                       | 20/58 [00:00<00:01, 32.26it/s, loss=0.0009]
  Epoch 20/30:  34%|████████████                       | 20/58 [00:00<00:01, 32.26it/s, loss=0.0006]
  Epoch 20/30:  41%|██████████████▍                    | 24/58 [00:00<00:01, 32.60it/s, loss=0.0006]
  Epoch 20/30:  41%|██████████████▍                    | 24/58 [00:00<00:01, 32.60it/s, loss=0.0014]
  Epoch 20/30:  41%|██████████████▍                    | 24/58 [00:00<00:01, 32.60it/s, loss=0.0004]
  Epoch 20/30:  41%|██████████████▍                    | 24/58 [00:00<00:01, 32.60it/s, loss=0.0003]
  Epoch 20/30:  41%|██████████████▍                    | 24/58 [00:00<00:01, 32.60it/s, loss=0.0003]
  Epoch 20/30:  48%|████████████████▉                  | 28/58 [00:00<00:00, 32.64it/s, loss=0.0003]
  Epoch 20/30:  48%|████████████████▉                  | 28/58 [00:00<00:00, 32.64it/s, loss=0.0004]
  Epoch 20/30:  48%|████████████████▉                  | 28/58 [00:01<00:00, 32.64it/s, loss=0.0009]
  Epoch 20/30:  48%|████████████████▉                  | 28/58 [00:01<00:00, 32.64it/s, loss=0.0003]
  Epoch 20/30:  48%|████████████████▉                  | 28/58 [00:01<00:00, 32.64it/s, loss=0.0007]
  Epoch 20/30:  55%|███████████████████▎               | 32/58 [00:01<00:01, 25.56it/s, loss=0.0007]
  Epoch 20/30:  55%|███████████████████▎               | 32/58 [00:01<00:01, 25.56it/s, loss=0.0003]
  Epoch 20/30:  55%|███████████████████▎               | 32/58 [00:01<00:01, 25.56it/s, loss=0.0002]
  Epoch 20/30:  55%|███████████████████▎               | 32/58 [00:01<00:01, 25.56it/s, loss=0.0004]
  Epoch 20/30:  55%|███████████████████▎               | 32/58 [00:01<00:01, 25.56it/s, loss=0.0003]
  Epoch 20/30:  62%|█████████████████████▋             | 36/58 [00:01<00:00, 28.41it/s, loss=0.0003]
  Epoch 20/30:  62%|█████████████████████▋             | 36/58 [00:01<00:00, 28.41it/s, loss=0.0002]
  Epoch 20/30:  62%|█████████████████████▋             | 36/58 [00:01<00:00, 28.41it/s, loss=0.0003]
  Epoch 20/30:  62%|█████████████████████▋             | 36/58 [00:01<00:00, 28.41it/s, loss=0.0002]
  Epoch 20/30:  62%|█████████████████████▋             | 36/58 [00:01<00:00, 28.41it/s, loss=0.0006]
  Epoch 20/30:  69%|████████████████████████▏          | 40/58 [00:01<00:00, 28.80it/s, loss=0.0006]
  Epoch 20/30:  69%|████████████████████████▏          | 40/58 [00:01<00:00, 28.80it/s, loss=0.0007]
  Epoch 20/30:  69%|████████████████████████▏          | 40/58 [00:01<00:00, 28.80it/s, loss=0.0002]
  Epoch 20/30:  69%|████████████████████████▏          | 40/58 [00:01<00:00, 28.80it/s, loss=0.0009]
  Epoch 20/30:  69%|████████████████████████▏          | 40/58 [00:01<00:00, 28.80it/s, loss=0.0006]
  Epoch 20/30:  76%|██████████████████████████▌        | 44/58 [00:01<00:00, 29.86it/s, loss=0.0006]
  Epoch 20/30:  76%|██████████████████████████▌        | 44/58 [00:01<00:00, 29.86it/s, loss=0.0004]
  Epoch 20/30:  76%|██████████████████████████▌        | 44/58 [00:01<00:00, 29.86it/s, loss=0.0003]
  Epoch 20/30:  76%|██████████████████████████▌        | 44/58 [00:01<00:00, 29.86it/s, loss=0.0004]
  Epoch 20/30:  76%|██████████████████████████▌        | 44/58 [00:01<00:00, 29.86it/s, loss=0.0007]
  Epoch 20/30:  83%|████████████████████████████▉      | 48/58 [00:01<00:00, 30.41it/s, loss=0.0007]
  Epoch 20/30:  83%|████████████████████████████▉      | 48/58 [00:01<00:00, 30.41it/s, loss=0.0010]
  Epoch 20/30:  83%|████████████████████████████▉      | 48/58 [00:01<00:00, 30.41it/s, loss=0.0005]
  Epoch 20/30:  83%|████████████████████████████▉      | 48/58 [00:01<00:00, 30.41it/s, loss=0.0017]
  Epoch 20/30:  83%|████████████████████████████▉      | 48/58 [00:01<00:00, 30.41it/s, loss=0.0008]
  Epoch 20/30:  90%|███████████████████████████████▍   | 52/58 [00:01<00:00, 28.46it/s, loss=0.0008]
  Epoch 20/30:  90%|███████████████████████████████▍   | 52/58 [00:01<00:00, 28.46it/s, loss=0.0002]
  Epoch 20/30:  90%|███████████████████████████████▍   | 52/58 [00:01<00:00, 28.46it/s, loss=0.0011]
  Epoch 20/30:  90%|███████████████████████████████▍   | 52/58 [00:01<00:00, 28.46it/s, loss=0.0006]
  Epoch 20/30:  95%|█████████████████████████████████▏ | 55/58 [00:01<00:00, 28.24it/s, loss=0.0006]
  Epoch 20/30:  95%|█████████████████████████████████▏ | 55/58 [00:01<00:00, 28.24it/s, loss=0.0005]
  Epoch 20/30:  95%|█████████████████████████████████▏ | 55/58 [00:01<00:00, 28.24it/s, loss=0.0005]
  Epoch 20/30:  95%|█████████████████████████████████▏ | 55/58 [00:01<00:00, 28.24it/s, loss=0.0000]
                                                                                                    
  Epoch 20/30 │ Loss: 0.0005 │ T+1: 0.8795 │ T+2: 0.6657 │ T+3: 0.5621

  Epoch 21/30:   0%|                                                         | 0/58 [00:00<?, ?it/s]
  Epoch 21/30:   0%|                                            | 0/58 [00:00<?, ?it/s, loss=0.0005]
  Epoch 21/30:   0%|                                            | 0/58 [00:00<?, ?it/s, loss=0.0005]
  Epoch 21/30:   0%|                                            | 0/58 [00:00<?, ?it/s, loss=0.0017]
  Epoch 21/30:   0%|                                            | 0/58 [00:00<?, ?it/s, loss=0.0005]
  Epoch 21/30:   7%|██▍                                 | 4/58 [00:00<00:01, 32.71it/s, loss=0.0005]
  Epoch 21/30:   7%|██▍                                 | 4/58 [00:00<00:01, 32.71it/s, loss=0.0003]
  Epoch 21/30:   7%|██▍                                 | 4/58 [00:00<00:01, 32.71it/s, loss=0.0003]
  Epoch 21/30:   7%|██▍                                 | 4/58 [00:00<00:01, 32.71it/s, loss=0.0006]
  Epoch 21/30:   7%|██▍                                 | 4/58 [00:00<00:01, 32.71it/s, loss=0.0006]
  Epoch 21/30:  14%|████▉                               | 8/58 [00:00<00:01, 32.07it/s, loss=0.0006]
  Epoch 21/30:  14%|████▉                               | 8/58 [00:00<00:01, 32.07it/s, loss=0.0006]
  Epoch 21/30:  14%|████▉                               | 8/58 [00:00<00:01, 32.07it/s, loss=0.0010]
  Epoch 21/30:  14%|████▉                               | 8/58 [00:00<00:01, 32.07it/s, loss=0.0004]
  Epoch 21/30:  14%|████▉                               | 8/58 [00:00<00:01, 32.07it/s, loss=0.0007]
  Epoch 21/30:  21%|███████▏                           | 12/58 [00:00<00:01, 34.66it/s, loss=0.0007]
  Epoch 21/30:  21%|███████▏                           | 12/58 [00:00<00:01, 34.66it/s, loss=0.0003]
  Epoch 21/30:  21%|███████▏                           | 12/58 [00:00<00:01, 34.66it/s, loss=0.0004]
  Epoch 21/30:  21%|███████▏                           | 12/58 [00:00<00:01, 34.66it/s, loss=0.0001]
  Epoch 21/30:  21%|███████▏                           | 12/58 [00:00<00:01, 34.66it/s, loss=0.0006]
  Epoch 21/30:  28%|█████████▋                         | 16/58 [00:00<00:01, 34.84it/s, loss=0.0006]
  Epoch 21/30:  28%|█████████▋                         | 16/58 [00:00<00:01, 34.84it/s, loss=0.0006]
  Epoch 21/30:  28%|█████████▋                         | 16/58 [00:00<00:01, 34.84it/s, loss=0.0005]
  Epoch 21/30:  28%|█████████▋                         | 16/58 [00:00<00:01, 34.84it/s, loss=0.0003]
  Epoch 21/30:  28%|█████████▋                         | 16/58 [00:00<00:01, 34.84it/s, loss=0.0007]
  Epoch 21/30:  34%|████████████                       | 20/58 [00:00<00:01, 34.80it/s, loss=0.0007]
  Epoch 21/30:  34%|████████████                       | 20/58 [00:00<00:01, 34.80it/s, loss=0.0002]
  Epoch 21/30:  34%|████████████                       | 20/58 [00:00<00:01, 34.80it/s, loss=0.0005]
  Epoch 21/30:  34%|████████████                       | 20/58 [00:00<00:01, 34.80it/s, loss=0.0004]
  Epoch 21/30:  34%|████████████                       | 20/58 [00:00<00:01, 34.80it/s, loss=0.0006]
  Epoch 21/30:  41%|██████████████▍                    | 24/58 [00:00<00:01, 31.86it/s, loss=0.0006]
  Epoch 21/30:  41%|██████████████▍                    | 24/58 [00:00<00:01, 31.86it/s, loss=0.0004]
  Epoch 21/30:  41%|██████████████▍                    | 24/58 [00:00<00:01, 31.86it/s, loss=0.0007]
  Epoch 21/30:  41%|██████████████▍                    | 24/58 [00:00<00:01, 31.86it/s, loss=0.0008]
  Epoch 21/30:  41%|██████████████▍                    | 24/58 [00:00<00:01, 31.86it/s, loss=0.0005]
  Epoch 21/30:  48%|████████████████▉                  | 28/58 [00:00<00:00, 31.18it/s, loss=0.0005]
  Epoch 21/30:  48%|████████████████▉                  | 28/58 [00:00<00:00, 31.18it/s, loss=0.0002]
  Epoch 21/30:  48%|████████████████▉                  | 28/58 [00:00<00:00, 31.18it/s, loss=0.0002]
  Epoch 21/30:  48%|████████████████▉                  | 28/58 [00:00<00:00, 31.18it/s, loss=0.0008]
  Epoch 21/30:  48%|████████████████▉                  | 28/58 [00:00<00:00, 31.18it/s, loss=0.0012]
  Epoch 21/30:  55%|███████████████████▎               | 32/58 [00:01<00:00, 30.44it/s, loss=0.0012]
  Epoch 21/30:  55%|███████████████████▎               | 32/58 [00:01<00:00, 30.44it/s, loss=0.0003]
  Epoch 21/30:  55%|███████████████████▎               | 32/58 [00:01<00:00, 30.44it/s, loss=0.0005]
  Epoch 21/30:  55%|███████████████████▎               | 32/58 [00:01<00:00, 30.44it/s, loss=0.0010]
  Epoch 21/30:  55%|███████████████████▎               | 32/58 [00:01<00:00, 30.44it/s, loss=0.0005]
  Epoch 21/30:  62%|█████████████████████▋             | 36/58 [00:01<00:00, 31.68it/s, loss=0.0005]
  Epoch 21/30:  62%|█████████████████████▋             | 36/58 [00:01<00:00, 31.68it/s, loss=0.0014]
  Epoch 21/30:  62%|█████████████████████▋             | 36/58 [00:01<00:00, 31.68it/s, loss=0.0004]
  Epoch 21/30:  62%|█████████████████████▋             | 36/58 [00:01<00:00, 31.68it/s, loss=0.0002]
  Epoch 21/30:  62%|█████████████████████▋             | 36/58 [00:01<00:00, 31.68it/s, loss=0.0002]
  Epoch 21/30:  69%|████████████████████████▏          | 40/58 [00:01<00:00, 32.08it/s, loss=0.0002]
  Epoch 21/30:  69%|████████████████████████▏          | 40/58 [00:01<00:00, 32.08it/s, loss=0.0008]
  Epoch 21/30:  69%|████████████████████████▏          | 40/58 [00:01<00:00, 32.08it/s, loss=0.0005]
  Epoch 21/30:  69%|████████████████████████▏          | 40/58 [00:01<00:00, 32.08it/s, loss=0.0002]
  Epoch 21/30:  69%|████████████████████████▏          | 40/58 [00:01<00:00, 32.08it/s, loss=0.0012]
  Epoch 21/30:  76%|██████████████████████████▌        | 44/58 [00:01<00:00, 33.19it/s, loss=0.0012]
  Epoch 21/30:  76%|██████████████████████████▌        | 44/58 [00:01<00:00, 33.19it/s, loss=0.0002]
  Epoch 21/30:  76%|██████████████████████████▌        | 44/58 [00:01<00:00, 33.19it/s, loss=0.0005]
  Epoch 21/30:  76%|██████████████████████████▌        | 44/58 [00:01<00:00, 33.19it/s, loss=0.0006]
  Epoch 21/30:  76%|██████████████████████████▌        | 44/58 [00:01<00:00, 33.19it/s, loss=0.0005]
  Epoch 21/30:  83%|████████████████████████████▉      | 48/58 [00:01<00:00, 32.33it/s, loss=0.0005]
  Epoch 21/30:  83%|████████████████████████████▉      | 48/58 [00:01<00:00, 32.33it/s, loss=0.0005]
  Epoch 21/30:  83%|████████████████████████████▉      | 48/58 [00:01<00:00, 32.33it/s, loss=0.0003]
  Epoch 21/30:  83%|████████████████████████████▉      | 48/58 [00:01<00:00, 32.33it/s, loss=0.0002]
  Epoch 21/30:  83%|████████████████████████████▉      | 48/58 [00:01<00:00, 32.33it/s, loss=0.0003]
  Epoch 21/30:  90%|███████████████████████████████▍   | 52/58 [00:01<00:00, 32.78it/s, loss=0.0003]
  Epoch 21/30:  90%|███████████████████████████████▍   | 52/58 [00:01<00:00, 32.78it/s, loss=0.0005]
  Epoch 21/30:  90%|███████████████████████████████▍   | 52/58 [00:01<00:00, 32.78it/s, loss=0.0006]
  Epoch 21/30:  90%|███████████████████████████████▍   | 52/58 [00:01<00:00, 32.78it/s, loss=0.0012]
  Epoch 21/30:  90%|███████████████████████████████▍   | 52/58 [00:01<00:00, 32.78it/s, loss=0.0003]
  Epoch 21/30:  97%|█████████████████████████████████▊ | 56/58 [00:01<00:00, 32.19it/s, loss=0.0003]
  Epoch 21/30:  97%|█████████████████████████████████▊ | 56/58 [00:01<00:00, 32.19it/s, loss=0.0004]
  Epoch 21/30:  97%|█████████████████████████████████▊ | 56/58 [00:01<00:00, 32.19it/s, loss=0.0001]
                                                                                                    

  Epoch 22/30:   0%|                                                         | 0/58 [00:00<?, ?it/s]
  Epoch 22/30:   0%|                                            | 0/58 [00:00<?, ?it/s, loss=0.0009]
  Epoch 22/30:   0%|                                            | 0/58 [00:00<?, ?it/s, loss=0.0007]
  Epoch 22/30:   0%|                                            | 0/58 [00:00<?, ?it/s, loss=0.0004]
  Epoch 22/30:   0%|                                            | 0/58 [00:00<?, ?it/s, loss=0.0007]
  Epoch 22/30:   7%|██▍                                 | 4/58 [00:00<00:01, 30.61it/s, loss=0.0007]
  Epoch 22/30:   7%|██▍                                 | 4/58 [00:00<00:01, 30.61it/s, loss=0.0006]
  Epoch 22/30:   7%|██▍                                 | 4/58 [00:00<00:01, 30.61it/s, loss=0.0005]
  Epoch 22/30:   7%|██▍                                 | 4/58 [00:00<00:01, 30.61it/s, loss=0.0002]
  Epoch 22/30:   7%|██▍                                 | 4/58 [00:00<00:01, 30.61it/s, loss=0.0004]
  Epoch 22/30:  14%|████▉                               | 8/58 [00:00<00:01, 33.67it/s, loss=0.0004]
  Epoch 22/30:  14%|████▉                               | 8/58 [00:00<00:01, 33.67it/s, loss=0.0002]
  Epoch 22/30:  14%|████▉                               | 8/58 [00:00<00:01, 33.67it/s, loss=0.0007]
  Epoch 22/30:  14%|████▉                               | 8/58 [00:00<00:01, 33.67it/s, loss=0.0003]
  Epoch 22/30:  14%|████▉                               | 8/58 [00:00<00:01, 33.67it/s, loss=0.0003]
  Epoch 22/30:  14%|████▉                               | 8/58 [00:00<00:01, 33.67it/s, loss=0.0004]
  Epoch 22/30:  22%|███████▊                           | 13/58 [00:00<00:01, 37.38it/s, loss=0.0004]
  Epoch 22/30:  22%|███████▊                           | 13/58 [00:00<00:01, 37.38it/s, loss=0.0002]
  Epoch 22/30:  22%|███████▊                           | 13/58 [00:00<00:01, 37.38it/s, loss=0.0011]
  Epoch 22/30:  22%|███████▊                           | 13/58 [00:00<00:01, 37.38it/s, loss=0.0003]
  Epoch 22/30:  22%|███████▊                           | 13/58 [00:00<00:01, 37.38it/s, loss=0.0007]
  Epoch 22/30:  29%|██████████▎                        | 17/58 [00:00<00:01, 34.52it/s, loss=0.0007]
  Epoch 22/30:  29%|██████████▎                        | 17/58 [00:00<00:01, 34.52it/s, loss=0.0003]
  Epoch 22/30:  29%|██████████▎                        | 17/58 [00:00<00:01, 34.52it/s, loss=0.0006]
  Epoch 22/30:  29%|██████████▎                        | 17/58 [00:00<00:01, 34.52it/s, loss=0.0006]
  Epoch 22/30:  29%|██████████▎                        | 17/58 [00:00<00:01, 34.52it/s, loss=0.0016]
  Epoch 22/30:  36%|████████████▋                      | 21/58 [00:00<00:01, 34.98it/s, loss=0.0016]
  Epoch 22/30:  36%|████████████▋                      | 21/58 [00:00<00:01, 34.98it/s, loss=0.0009]
  Epoch 22/30:  36%|████████████▋                      | 21/58 [00:00<00:01, 34.98it/s, loss=0.0004]
  Epoch 22/30:  36%|████████████▋                      | 21/58 [00:00<00:01, 34.98it/s, loss=0.0002]
  Epoch 22/30:  36%|████████████▋                      | 21/58 [00:00<00:01, 34.98it/s, loss=0.0009]
  Epoch 22/30:  43%|███████████████                    | 25/58 [00:00<00:00, 35.48it/s, loss=0.0009]
  Epoch 22/30:  43%|███████████████                    | 25/58 [00:00<00:00, 35.48it/s, loss=0.0007]
  Epoch 22/30:  43%|███████████████                    | 25/58 [00:00<00:00, 35.48it/s, loss=0.0006]
  Epoch 22/30:  43%|███████████████                    | 25/58 [00:00<00:00, 35.48it/s, loss=0.0002]
  Epoch 22/30:  43%|███████████████                    | 25/58 [00:00<00:00, 35.48it/s, loss=0.0006]
  Epoch 22/30:  50%|█████████████████▌                 | 29/58 [00:00<00:00, 36.52it/s, loss=0.0006]
  Epoch 22/30:  50%|█████████████████▌                 | 29/58 [00:00<00:00, 36.52it/s, loss=0.0005]
  Epoch 22/30:  50%|█████████████████▌                 | 29/58 [00:00<00:00, 36.52it/s, loss=0.0005]
  Epoch 22/30:  50%|█████████████████▌                 | 29/58 [00:00<00:00, 36.52it/s, loss=0.0004]
  Epoch 22/30:  50%|█████████████████▌                 | 29/58 [00:00<00:00, 36.52it/s, loss=0.0007]
  Epoch 22/30:  57%|███████████████████▉               | 33/58 [00:00<00:00, 34.99it/s, loss=0.0007]
  Epoch 22/30:  57%|███████████████████▉               | 33/58 [00:00<00:00, 34.99it/s, loss=0.0004]
  Epoch 22/30:  57%|███████████████████▉               | 33/58 [00:01<00:00, 34.99it/s, loss=0.0007]
  Epoch 22/30:  57%|███████████████████▉               | 33/58 [00:01<00:00, 34.99it/s, loss=0.0005]
  Epoch 22/30:  57%|███████████████████▉               | 33/58 [00:01<00:00, 34.99it/s, loss=0.0003]
  Epoch 22/30:  64%|██████████████████████▎            | 37/58 [00:01<00:00, 33.22it/s, loss=0.0003]
  Epoch 22/30:  64%|██████████████████████▎            | 37/58 [00:01<00:00, 33.22it/s, loss=0.0014]
  Epoch 22/30:  64%|██████████████████████▎            | 37/58 [00:01<00:00, 33.22it/s, loss=0.0003]
  Epoch 22/30:  64%|██████████████████████▎            | 37/58 [00:01<00:00, 33.22it/s, loss=0.0003]
  Epoch 22/30:  64%|██████████████████████▎            | 37/58 [00:01<00:00, 33.22it/s, loss=0.0012]
  Epoch 22/30:  71%|████████████████████████▋          | 41/58 [00:01<00:00, 33.63it/s, loss=0.0012]
  Epoch 22/30:  71%|████████████████████████▋          | 41/58 [00:01<00:00, 33.63it/s, loss=0.0002]
  Epoch 22/30:  71%|████████████████████████▋          | 41/58 [00:01<00:00, 33.63it/s, loss=0.0002]
  Epoch 22/30:  71%|████████████████████████▋          | 41/58 [00:01<00:00, 33.63it/s, loss=0.0004]
  Epoch 22/30:  71%|████████████████████████▋          | 41/58 [00:01<00:00, 33.63it/s, loss=0.0003]
  Epoch 22/30:  78%|███████████████████████████▏       | 45/58 [00:01<00:00, 32.30it/s, loss=0.0003]
  Epoch 22/30:  78%|███████████████████████████▏       | 45/58 [00:01<00:00, 32.30it/s, loss=0.0005]
  Epoch 22/30:  78%|███████████████████████████▏       | 45/58 [00:01<00:00, 32.30it/s, loss=0.0004]
  Epoch 22/30:  78%|███████████████████████████▏       | 45/58 [00:01<00:00, 32.30it/s, loss=0.0002]
  Epoch 22/30:  78%|███████████████████████████▏       | 45/58 [00:01<00:00, 32.30it/s, loss=0.0004]
  Epoch 22/30:  84%|█████████████████████████████▌     | 49/58 [00:01<00:00, 32.53it/s, loss=0.0004]
  Epoch 22/30:  84%|█████████████████████████████▌     | 49/58 [00:01<00:00, 32.53it/s, loss=0.0005]
  Epoch 22/30:  84%|█████████████████████████████▌     | 49/58 [00:01<00:00, 32.53it/s, loss=0.0010]
  Epoch 22/30:  84%|█████████████████████████████▌     | 49/58 [00:01<00:00, 32.53it/s, loss=0.0002]
  Epoch 22/30:  84%|█████████████████████████████▌     | 49/58 [00:01<00:00, 32.53it/s, loss=0.0004]
  Epoch 22/30:  84%|█████████████████████████████▌     | 49/58 [00:01<00:00, 32.53it/s, loss=0.0024]
  Epoch 22/30:  93%|████████████████████████████████▌  | 54/58 [00:01<00:00, 34.89it/s, loss=0.0024]
  Epoch 22/30:  93%|████████████████████████████████▌  | 54/58 [00:01<00:00, 34.89it/s, loss=0.0003]
  Epoch 22/30:  93%|████████████████████████████████▌  | 54/58 [00:01<00:00, 34.89it/s, loss=0.0005]
  Epoch 22/30:  93%|████████████████████████████████▌  | 54/58 [00:01<00:00, 34.89it/s, loss=0.0002]
  Epoch 22/30:  93%|████████████████████████████████▌  | 54/58 [00:01<00:00, 34.89it/s, loss=0.0005]
  Epoch 22/30: 100%|███████████████████████████████████| 58/58 [00:01<00:00, 34.90it/s, loss=0.0005]
                                                                                                    

  Epoch 23/30:   0%|                                                         | 0/58 [00:00<?, ?it/s]
  Epoch 23/30:   0%|                                            | 0/58 [00:00<?, ?it/s, loss=0.0002]
  Epoch 23/30:   0%|                                            | 0/58 [00:00<?, ?it/s, loss=0.0002]
  Epoch 23/30:   0%|                                            | 0/58 [00:00<?, ?it/s, loss=0.0003]
  Epoch 23/30:   0%|                                            | 0/58 [00:00<?, ?it/s, loss=0.0005]
  Epoch 23/30:   7%|██▍                                 | 4/58 [00:00<00:01, 30.15it/s, loss=0.0005]
  Epoch 23/30:   7%|██▍                                 | 4/58 [00:00<00:01, 30.15it/s, loss=0.0004]
  Epoch 23/30:   7%|██▍                                 | 4/58 [00:00<00:01, 30.15it/s, loss=0.0012]
  Epoch 23/30:   7%|██▍                                 | 4/58 [00:00<00:01, 30.15it/s, loss=0.0003]
  Epoch 23/30:   7%|██▍                                 | 4/58 [00:00<00:01, 30.15it/s, loss=0.0007]
  Epoch 23/30:  14%|████▉                               | 8/58 [00:00<00:01, 27.00it/s, loss=0.0007]
  Epoch 23/30:  14%|████▉                               | 8/58 [00:00<00:01, 27.00it/s, loss=0.0008]
  Epoch 23/30:  14%|████▉                               | 8/58 [00:00<00:01, 27.00it/s, loss=0.0006]
  Epoch 23/30:  14%|████▉                               | 8/58 [00:00<00:01, 27.00it/s, loss=0.0003]
  Epoch 23/30:  19%|██████▋                            | 11/58 [00:00<00:01, 27.56it/s, loss=0.0003]
  Epoch 23/30:  19%|██████▋                            | 11/58 [00:00<00:01, 27.56it/s, loss=0.0005]
  Epoch 23/30:  19%|██████▋                            | 11/58 [00:00<00:01, 27.56it/s, loss=0.0008]
  Epoch 23/30:  19%|██████▋                            | 11/58 [00:00<00:01, 27.56it/s, loss=0.0013]
  Epoch 23/30:  19%|██████▋                            | 11/58 [00:00<00:01, 27.56it/s, loss=0.0003]
  Epoch 23/30:  26%|█████████                          | 15/58 [00:00<00:01, 31.42it/s, loss=0.0003]
  Epoch 23/30:  26%|█████████                          | 15/58 [00:00<00:01, 31.42it/s, loss=0.0003]
  Epoch 23/30:  26%|█████████                          | 15/58 [00:00<00:01, 31.42it/s, loss=0.0015]
  Epoch 23/30:  26%|█████████                          | 15/58 [00:00<00:01, 31.42it/s, loss=0.0004]
  Epoch 23/30:  26%|█████████                          | 15/58 [00:00<00:01, 31.42it/s, loss=0.0004]
  Epoch 23/30:  33%|███████████▍                       | 19/58 [00:00<00:01, 32.47it/s, loss=0.0004]
  Epoch 23/30:  33%|███████████▍                       | 19/58 [00:00<00:01, 32.47it/s, loss=0.0007]
  Epoch 23/30:  33%|███████████▍                       | 19/58 [00:00<00:01, 32.47it/s, loss=0.0002]
  Epoch 23/30:  33%|███████████▍                       | 19/58 [00:00<00:01, 32.47it/s, loss=0.0003]
  Epoch 23/30:  33%|███████████▍                       | 19/58 [00:00<00:01, 32.47it/s, loss=0.0005]
  Epoch 23/30:  40%|█████████████▉                     | 23/58 [00:00<00:01, 31.67it/s, loss=0.0005]
  Epoch 23/30:  40%|█████████████▉                     | 23/58 [00:00<00:01, 31.67it/s, loss=0.0003]
  Epoch 23/30:  40%|█████████████▉                     | 23/58 [00:00<00:01, 31.67it/s, loss=0.0002]
  Epoch 23/30:  40%|█████████████▉                     | 23/58 [00:00<00:01, 31.67it/s, loss=0.0003]
  Epoch 23/30:  40%|█████████████▉                     | 23/58 [00:00<00:01, 31.67it/s, loss=0.0007]
  Epoch 23/30:  47%|████████████████▎                  | 27/58 [00:00<00:00, 32.54it/s, loss=0.0007]
  Epoch 23/30:  47%|████████████████▎                  | 27/58 [00:00<00:00, 32.54it/s, loss=0.0016]
  Epoch 23/30:  47%|████████████████▎                  | 27/58 [00:00<00:00, 32.54it/s, loss=0.0003]
  Epoch 23/30:  47%|████████████████▎                  | 27/58 [00:00<00:00, 32.54it/s, loss=0.0001]
  Epoch 23/30:  47%|████████████████▎                  | 27/58 [00:00<00:00, 32.54it/s, loss=0.0004]
  Epoch 23/30:  53%|██████████████████▋                | 31/58 [00:00<00:00, 32.06it/s, loss=0.0004]
  Epoch 23/30:  53%|██████████████████▋                | 31/58 [00:01<00:00, 32.06it/s, loss=0.0013]
  Epoch 23/30:  53%|██████████████████▋                | 31/58 [00:01<00:00, 32.06it/s, loss=0.0007]
  Epoch 23/30:  53%|██████████████████▋                | 31/58 [00:01<00:00, 32.06it/s, loss=0.0005]
  Epoch 23/30:  53%|██████████████████▋                | 31/58 [00:01<00:00, 32.06it/s, loss=0.0003]
  Epoch 23/30:  60%|█████████████████████              | 35/58 [00:01<00:00, 31.11it/s, loss=0.0003]
  Epoch 23/30:  60%|█████████████████████              | 35/58 [00:01<00:00, 31.11it/s, loss=0.0006]
  Epoch 23/30:  60%|█████████████████████              | 35/58 [00:01<00:00, 31.11it/s, loss=0.0003]
  Epoch 23/30:  60%|█████████████████████              | 35/58 [00:01<00:00, 31.11it/s, loss=0.0002]
  Epoch 23/30:  60%|█████████████████████              | 35/58 [00:01<00:00, 31.11it/s, loss=0.0004]
  Epoch 23/30:  67%|███████████████████████▌           | 39/58 [00:01<00:00, 30.86it/s, loss=0.0004]
  Epoch 23/30:  67%|███████████████████████▌           | 39/58 [00:01<00:00, 30.86it/s, loss=0.0008]
  Epoch 23/30:  67%|███████████████████████▌           | 39/58 [00:01<00:00, 30.86it/s, loss=0.0004]
  Epoch 23/30:  67%|███████████████████████▌           | 39/58 [00:01<00:00, 30.86it/s, loss=0.0005]
  Epoch 23/30:  67%|███████████████████████▌           | 39/58 [00:01<00:00, 30.86it/s, loss=0.0005]
  Epoch 23/30:  74%|█████████████████████████▉         | 43/58 [00:01<00:00, 30.60it/s, loss=0.0005]
  Epoch 23/30:  74%|█████████████████████████▉         | 43/58 [00:01<00:00, 30.60it/s, loss=0.0002]
  Epoch 23/30:  74%|█████████████████████████▉         | 43/58 [00:01<00:00, 30.60it/s, loss=0.0004]
  Epoch 23/30:  74%|█████████████████████████▉         | 43/58 [00:01<00:00, 30.60it/s, loss=0.0005]
  Epoch 23/30:  74%|█████████████████████████▉         | 43/58 [00:01<00:00, 30.60it/s, loss=0.0003]
  Epoch 23/30:  81%|████████████████████████████▎      | 47/58 [00:01<00:00, 29.51it/s, loss=0.0003]
  Epoch 23/30:  81%|████████████████████████████▎      | 47/58 [00:01<00:00, 29.51it/s, loss=0.0006]
  Epoch 23/30:  81%|████████████████████████████▎      | 47/58 [00:01<00:00, 29.51it/s, loss=0.0003]
  Epoch 23/30:  81%|████████████████████████████▎      | 47/58 [00:01<00:00, 29.51it/s, loss=0.0006]
  Epoch 23/30:  81%|████████████████████████████▎      | 47/58 [00:01<00:00, 29.51it/s, loss=0.0002]
  Epoch 23/30:  88%|██████████████████████████████▊    | 51/58 [00:01<00:00, 29.60it/s, loss=0.0002]
  Epoch 23/30:  88%|██████████████████████████████▊    | 51/58 [00:01<00:00, 29.60it/s, loss=0.0006]
  Epoch 23/30:  88%|██████████████████████████████▊    | 51/58 [00:01<00:00, 29.60it/s, loss=0.0006]
  Epoch 23/30:  88%|██████████████████████████████▊    | 51/58 [00:01<00:00, 29.60it/s, loss=0.0003]
  Epoch 23/30:  93%|████████████████████████████████▌  | 54/58 [00:01<00:00, 29.04it/s, loss=0.0003]
  Epoch 23/30:  93%|████████████████████████████████▌  | 54/58 [00:01<00:00, 29.04it/s, loss=0.0002]
  Epoch 23/30:  93%|████████████████████████████████▌  | 54/58 [00:01<00:00, 29.04it/s, loss=0.0004]
  Epoch 23/30:  93%|████████████████████████████████▌  | 54/58 [00:01<00:00, 29.04it/s, loss=0.0017]
  Epoch 23/30:  93%|████████████████████████████████▌  | 54/58 [00:01<00:00, 29.04it/s, loss=0.0000]
  Epoch 23/30: 100%|███████████████████████████████████| 58/58 [00:01<00:00, 30.74it/s, loss=0.0000]
                                                                                                    

  Epoch 24/30:   0%|                                                         | 0/58 [00:00<?, ?it/s]
  Epoch 24/30:   0%|                                            | 0/58 [00:00<?, ?it/s, loss=0.0004]
  Epoch 24/30:   0%|                                            | 0/58 [00:00<?, ?it/s, loss=0.0003]
  Epoch 24/30:   0%|                                            | 0/58 [00:00<?, ?it/s, loss=0.0003]
  Epoch 24/30:   0%|                                            | 0/58 [00:00<?, ?it/s, loss=0.0003]
  Epoch 24/30:   7%|██▍                                 | 4/58 [00:00<00:01, 33.88it/s, loss=0.0003]
  Epoch 24/30:   7%|██▍                                 | 4/58 [00:00<00:01, 33.88it/s, loss=0.0010]
  Epoch 24/30:   7%|██▍                                 | 4/58 [00:00<00:01, 33.88it/s, loss=0.0008]
  Epoch 24/30:   7%|██▍                                 | 4/58 [00:00<00:01, 33.88it/s, loss=0.0002]
  Epoch 24/30:   7%|██▍                                 | 4/58 [00:00<00:01, 33.88it/s, loss=0.0003]
  Epoch 24/30:  14%|████▉                               | 8/58 [00:00<00:01, 28.17it/s, loss=0.0003]
  Epoch 24/30:  14%|████▉                               | 8/58 [00:00<00:01, 28.17it/s, loss=0.0008]
  Epoch 24/30:  14%|████▉                               | 8/58 [00:00<00:01, 28.17it/s, loss=0.0003]
  Epoch 24/30:  14%|████▉                               | 8/58 [00:00<00:01, 28.17it/s, loss=0.0004]
  Epoch 24/30:  19%|██████▋                            | 11/58 [00:00<00:01, 26.86it/s, loss=0.0004]
  Epoch 24/30:  19%|██████▋                            | 11/58 [00:00<00:01, 26.86it/s, loss=0.0005]
  Epoch 24/30:  19%|██████▋                            | 11/58 [00:00<00:01, 26.86it/s, loss=0.0002]
  Epoch 24/30:  19%|██████▋                            | 11/58 [00:00<00:01, 26.86it/s, loss=0.0003]
  Epoch 24/30:  24%|████████▍                          | 14/58 [00:00<00:01, 25.80it/s, loss=0.0003]
  Epoch 24/30:  24%|████████▍                          | 14/58 [00:00<00:01, 25.80it/s, loss=0.0005]
  Epoch 24/30:  24%|████████▍                          | 14/58 [00:00<00:01, 25.80it/s, loss=0.0004]
  Epoch 24/30:  24%|████████▍                          | 14/58 [00:00<00:01, 25.80it/s, loss=0.0015]
  Epoch 24/30:  29%|██████████▎                        | 17/58 [00:00<00:01, 26.43it/s, loss=0.0015]
  Epoch 24/30:  29%|██████████▎                        | 17/58 [00:00<00:01, 26.43it/s, loss=0.0010]
  Epoch 24/30:  29%|██████████▎                        | 17/58 [00:00<00:01, 26.43it/s, loss=0.0005]
  Epoch 24/30:  29%|██████████▎                        | 17/58 [00:00<00:01, 26.43it/s, loss=0.0003]
  Epoch 24/30:  34%|████████████                       | 20/58 [00:00<00:01, 26.92it/s, loss=0.0003]
  Epoch 24/30:  34%|████████████                       | 20/58 [00:00<00:01, 26.92it/s, loss=0.0004]
  Epoch 24/30:  34%|████████████                       | 20/58 [00:00<00:01, 26.92it/s, loss=0.0003]
  Epoch 24/30:  34%|████████████                       | 20/58 [00:00<00:01, 26.92it/s, loss=0.0003]
  Epoch 24/30:  40%|█████████████▉                     | 23/58 [00:00<00:01, 27.77it/s, loss=0.0003]
  Epoch 24/30:  40%|█████████████▉                     | 23/58 [00:00<00:01, 27.77it/s, loss=0.0003]
  Epoch 24/30:  40%|█████████████▉                     | 23/58 [00:00<00:01, 27.77it/s, loss=0.0008]
  Epoch 24/30:  40%|█████████████▉                     | 23/58 [00:00<00:01, 27.77it/s, loss=0.0013]
  Epoch 24/30:  40%|█████████████▉                     | 23/58 [00:00<00:01, 27.77it/s, loss=0.0007]
  Epoch 24/30:  47%|████████████████▎                  | 27/58 [00:00<00:01, 29.19it/s, loss=0.0007]
  Epoch 24/30:  47%|████████████████▎                  | 27/58 [00:00<00:01, 29.19it/s, loss=0.0003]
  Epoch 24/30:  47%|████████████████▎                  | 27/58 [00:01<00:01, 29.19it/s, loss=0.0003]
  Epoch 24/30:  47%|████████████████▎                  | 27/58 [00:01<00:01, 29.19it/s, loss=0.0007]
  Epoch 24/30:  47%|████████████████▎                  | 27/58 [00:01<00:01, 29.19it/s, loss=0.0006]
  Epoch 24/30:  53%|██████████████████▋                | 31/58 [00:01<00:00, 30.01it/s, loss=0.0006]
  Epoch 24/30:  53%|██████████████████▋                | 31/58 [00:01<00:00, 30.01it/s, loss=0.0004]
  Epoch 24/30:  53%|██████████████████▋                | 31/58 [00:01<00:00, 30.01it/s, loss=0.0004]
  Epoch 24/30:  53%|██████████████████▋                | 31/58 [00:01<00:00, 30.01it/s, loss=0.0003]
  Epoch 24/30:  59%|████████████████████▌              | 34/58 [00:01<00:00, 29.61it/s, loss=0.0003]
  Epoch 24/30:  59%|████████████████████▌              | 34/58 [00:01<00:00, 29.61it/s, loss=0.0014]
  Epoch 24/30:  59%|████████████████████▌              | 34/58 [00:01<00:00, 29.61it/s, loss=0.0005]
  Epoch 24/30:  59%|████████████████████▌              | 34/58 [00:01<00:00, 29.61it/s, loss=0.0008]
  Epoch 24/30:  64%|██████████████████████▎            | 37/58 [00:01<00:00, 29.40it/s, loss=0.0008]
  Epoch 24/30:  64%|██████████████████████▎            | 37/58 [00:01<00:00, 29.40it/s, loss=0.0003]
  Epoch 24/30:  64%|██████████████████████▎            | 37/58 [00:01<00:00, 29.40it/s, loss=0.0004]
  Epoch 24/30:  64%|██████████████████████▎            | 37/58 [00:01<00:00, 29.40it/s, loss=0.0013]
  Epoch 24/30:  64%|██████████████████████▎            | 37/58 [00:01<00:00, 29.40it/s, loss=0.0006]
  Epoch 24/30:  71%|████████████████████████▋          | 41/58 [00:01<00:00, 31.19it/s, loss=0.0006]
  Epoch 24/30:  71%|████████████████████████▋          | 41/58 [00:01<00:00, 31.19it/s, loss=0.0002]
  Epoch 24/30:  71%|████████████████████████▋          | 41/58 [00:01<00:00, 31.19it/s, loss=0.0003]
  Epoch 24/30:  71%|████████████████████████▋          | 41/58 [00:01<00:00, 31.19it/s, loss=0.0002]
  Epoch 24/30:  71%|████████████████████████▋          | 41/58 [00:01<00:00, 31.19it/s, loss=0.0003]
  Epoch 24/30:  78%|███████████████████████████▏       | 45/58 [00:01<00:00, 31.97it/s, loss=0.0003]
  Epoch 24/30:  78%|███████████████████████████▏       | 45/58 [00:01<00:00, 31.97it/s, loss=0.0013]
  Epoch 24/30:  78%|███████████████████████████▏       | 45/58 [00:01<00:00, 31.97it/s, loss=0.0004]
  Epoch 24/30:  78%|███████████████████████████▏       | 45/58 [00:01<00:00, 31.97it/s, loss=0.0006]
  Epoch 24/30:  78%|███████████████████████████▏       | 45/58 [00:01<00:00, 31.97it/s, loss=0.0007]
  Epoch 24/30:  78%|███████████████████████████▏       | 45/58 [00:01<00:00, 31.97it/s, loss=0.0004]
  Epoch 24/30:  86%|██████████████████████████████▏    | 50/58 [00:01<00:00, 34.94it/s, loss=0.0004]
  Epoch 24/30:  86%|██████████████████████████████▏    | 50/58 [00:01<00:00, 34.94it/s, loss=0.0004]
  Epoch 24/30:  86%|██████████████████████████████▏    | 50/58 [00:01<00:00, 34.94it/s, loss=0.0003]
  Epoch 24/30:  86%|██████████████████████████████▏    | 50/58 [00:01<00:00, 34.94it/s, loss=0.0006]
  Epoch 24/30:  86%|██████████████████████████████▏    | 50/58 [00:01<00:00, 34.94it/s, loss=0.0003]
  Epoch 24/30:  93%|████████████████████████████████▌  | 54/58 [00:01<00:00, 32.21it/s, loss=0.0003]
  Epoch 24/30:  93%|████████████████████████████████▌  | 54/58 [00:01<00:00, 32.21it/s, loss=0.0007]
  Epoch 24/30:  93%|████████████████████████████████▌  | 54/58 [00:01<00:00, 32.21it/s, loss=0.0003]
  Epoch 24/30:  93%|████████████████████████████████▌  | 54/58 [00:01<00:00, 32.21it/s, loss=0.0004]
  Epoch 24/30:  93%|████████████████████████████████▌  | 54/58 [00:01<00:00, 32.21it/s, loss=0.0001]
  Epoch 24/30: 100%|███████████████████████████████████| 58/58 [00:01<00:00, 34.05it/s, loss=0.0001]
                                                                                                    

  Epoch 25/30:   0%|                                                         | 0/58 [00:00<?, ?it/s]
  Epoch 25/30:   0%|                                            | 0/58 [00:00<?, ?it/s, loss=0.0001]
  Epoch 25/30:   0%|                                            | 0/58 [00:00<?, ?it/s, loss=0.0002]
  Epoch 25/30:   0%|                                            | 0/58 [00:00<?, ?it/s, loss=0.0004]
  Epoch 25/30:   5%|█▊                                  | 3/58 [00:00<00:02, 26.94it/s, loss=0.0004]
  Epoch 25/30:   5%|█▊                                  | 3/58 [00:00<00:02, 26.94it/s, loss=0.0003]
  Epoch 25/30:   5%|█▊                                  | 3/58 [00:00<00:02, 26.94it/s, loss=0.0011]
  Epoch 25/30:   5%|█▊                                  | 3/58 [00:00<00:02, 26.94it/s, loss=0.0002]
  Epoch 25/30:  10%|███▋                                | 6/58 [00:00<00:01, 28.36it/s, loss=0.0002]
  Epoch 25/30:  10%|███▋                                | 6/58 [00:00<00:01, 28.36it/s, loss=0.0003]
  Epoch 25/30:  10%|███▋                                | 6/58 [00:00<00:01, 28.36it/s, loss=0.0003]
  Epoch 25/30:  10%|███▋                                | 6/58 [00:00<00:01, 28.36it/s, loss=0.0011]
  Epoch 25/30:  16%|█████▌                              | 9/58 [00:00<00:01, 29.06it/s, loss=0.0011]
  Epoch 25/30:  16%|█████▌                              | 9/58 [00:00<00:01, 29.06it/s, loss=0.0002]
  Epoch 25/30:  16%|█████▌                              | 9/58 [00:00<00:01, 29.06it/s, loss=0.0008]
  Epoch 25/30:  16%|█████▌                              | 9/58 [00:00<00:01, 29.06it/s, loss=0.0008]
  Epoch 25/30:  21%|███████▏                           | 12/58 [00:00<00:02, 20.87it/s, loss=0.0008]
  Epoch 25/30:  21%|███████▏                           | 12/58 [00:00<00:02, 20.87it/s, loss=0.0005]
  Epoch 25/30:  21%|███████▏                           | 12/58 [00:00<00:02, 20.87it/s, loss=0.0004]
  Epoch 25/30:  21%|███████▏                           | 12/58 [00:00<00:02, 20.87it/s, loss=0.0004]
  Epoch 25/30:  21%|███████▏                           | 12/58 [00:00<00:02, 20.87it/s, loss=0.0015]
  Epoch 25/30:  28%|█████████▋                         | 16/58 [00:00<00:01, 24.46it/s, loss=0.0015]
  Epoch 25/30:  28%|█████████▋                         | 16/58 [00:00<00:01, 24.46it/s, loss=0.0005]
  Epoch 25/30:  28%|█████████▋                         | 16/58 [00:00<00:01, 24.46it/s, loss=0.0006]
  Epoch 25/30:  28%|█████████▋                         | 16/58 [00:00<00:01, 24.46it/s, loss=0.0003]
  Epoch 25/30:  33%|███████████▍                       | 19/58 [00:00<00:01, 25.65it/s, loss=0.0003]
  Epoch 25/30:  33%|███████████▍                       | 19/58 [00:00<00:01, 25.65it/s, loss=0.0003]
  Epoch 25/30:  33%|███████████▍                       | 19/58 [00:00<00:01, 25.65it/s, loss=0.0003]
  Epoch 25/30:  33%|███████████▍                       | 19/58 [00:00<00:01, 25.65it/s, loss=0.0009]
  Epoch 25/30:  38%|█████████████▎                     | 22/58 [00:00<00:01, 26.56it/s, loss=0.0009]
  Epoch 25/30:  38%|█████████████▎                     | 22/58 [00:00<00:01, 26.56it/s, loss=0.0005]
  Epoch 25/30:  38%|█████████████▎                     | 22/58 [00:00<00:01, 26.56it/s, loss=0.0006]
  Epoch 25/30:  38%|█████████████▎                     | 22/58 [00:00<00:01, 26.56it/s, loss=0.0006]
  Epoch 25/30:  38%|█████████████▎                     | 22/58 [00:00<00:01, 26.56it/s, loss=0.0004]
  Epoch 25/30:  45%|███████████████▋                   | 26/58 [00:00<00:01, 29.36it/s, loss=0.0004]
  Epoch 25/30:  45%|███████████████▋                   | 26/58 [00:01<00:01, 29.36it/s, loss=0.0007]
  Epoch 25/30:  45%|███████████████▋                   | 26/58 [00:01<00:01, 29.36it/s, loss=0.0004]
  Epoch 25/30:  45%|███████████████▋                   | 26/58 [00:01<00:01, 29.36it/s, loss=0.0003]
  Epoch 25/30:  45%|███████████████▋                   | 26/58 [00:01<00:01, 29.36it/s, loss=0.0013]
  Epoch 25/30:  52%|██████████████████                 | 30/58 [00:01<00:01, 27.19it/s, loss=0.0013]
  Epoch 25/30:  52%|██████████████████                 | 30/58 [00:01<00:01, 27.19it/s, loss=0.0004]
  Epoch 25/30:  52%|██████████████████                 | 30/58 [00:01<00:01, 27.19it/s, loss=0.0005]
  Epoch 25/30:  52%|██████████████████                 | 30/58 [00:01<00:01, 27.19it/s, loss=0.0010]
  Epoch 25/30:  57%|███████████████████▉               | 33/58 [00:01<00:00, 27.38it/s, loss=0.0010]
  Epoch 25/30:  57%|███████████████████▉               | 33/58 [00:01<00:00, 27.38it/s, loss=0.0004]
  Epoch 25/30:  57%|███████████████████▉               | 33/58 [00:01<00:00, 27.38it/s, loss=0.0007]
  Epoch 25/30:  57%|███████████████████▉               | 33/58 [00:01<00:00, 27.38it/s, loss=0.0012]
  Epoch 25/30:  62%|█████████████████████▋             | 36/58 [00:01<00:00, 27.26it/s, loss=0.0012]
  Epoch 25/30:  62%|█████████████████████▋             | 36/58 [00:01<00:00, 27.26it/s, loss=0.0014]
  Epoch 25/30:  62%|█████████████████████▋             | 36/58 [00:01<00:00, 27.26it/s, loss=0.0005]
  Epoch 25/30:  62%|█████████████████████▋             | 36/58 [00:01<00:00, 27.26it/s, loss=0.0007]
  Epoch 25/30:  67%|███████████████████████▌           | 39/58 [00:01<00:00, 27.05it/s, loss=0.0007]
  Epoch 25/30:  67%|███████████████████████▌           | 39/58 [00:01<00:00, 27.05it/s, loss=0.0004]
  Epoch 25/30:  67%|███████████████████████▌           | 39/58 [00:01<00:00, 27.05it/s, loss=0.0003]
  Epoch 25/30:  67%|███████████████████████▌           | 39/58 [00:01<00:00, 27.05it/s, loss=0.0004]
  Epoch 25/30:  72%|█████████████████████████▎         | 42/58 [00:01<00:00, 27.83it/s, loss=0.0004]
  Epoch 25/30:  72%|█████████████████████████▎         | 42/58 [00:01<00:00, 27.83it/s, loss=0.0002]
  Epoch 25/30:  72%|█████████████████████████▎         | 42/58 [00:01<00:00, 27.83it/s, loss=0.0002]
  Epoch 25/30:  72%|█████████████████████████▎         | 42/58 [00:01<00:00, 27.83it/s, loss=0.0002]
  Epoch 25/30:  78%|███████████████████████████▏       | 45/58 [00:01<00:00, 28.22it/s, loss=0.0002]
  Epoch 25/30:  78%|███████████████████████████▏       | 45/58 [00:01<00:00, 28.22it/s, loss=0.0011]
  Epoch 25/30:  78%|███████████████████████████▏       | 45/58 [00:01<00:00, 28.22it/s, loss=0.0005]
  Epoch 25/30:  78%|███████████████████████████▏       | 45/58 [00:01<00:00, 28.22it/s, loss=0.0009]
  Epoch 25/30:  83%|████████████████████████████▉      | 48/58 [00:01<00:00, 27.83it/s, loss=0.0009]
  Epoch 25/30:  83%|████████████████████████████▉      | 48/58 [00:01<00:00, 27.83it/s, loss=0.0002]
  Epoch 25/30:  83%|████████████████████████████▉      | 48/58 [00:01<00:00, 27.83it/s, loss=0.0004]
  Epoch 25/30:  83%|████████████████████████████▉      | 48/58 [00:01<00:00, 27.83it/s, loss=0.0004]
  Epoch 25/30:  83%|████████████████████████████▉      | 48/58 [00:01<00:00, 27.83it/s, loss=0.0004]
  Epoch 25/30:  90%|███████████████████████████████▍   | 52/58 [00:01<00:00, 28.62it/s, loss=0.0004]
  Epoch 25/30:  90%|███████████████████████████████▍   | 52/58 [00:01<00:00, 28.62it/s, loss=0.0005]
  Epoch 25/30:  90%|███████████████████████████████▍   | 52/58 [00:01<00:00, 28.62it/s, loss=0.0003]
  Epoch 25/30:  90%|███████████████████████████████▍   | 52/58 [00:02<00:00, 28.62it/s, loss=0.0002]
  Epoch 25/30:  90%|███████████████████████████████▍   | 52/58 [00:02<00:00, 28.62it/s, loss=0.0003]
  Epoch 25/30:  97%|█████████████████████████████████▊ | 56/58 [00:02<00:00, 29.68it/s, loss=0.0003]
  Epoch 25/30:  97%|█████████████████████████████████▊ | 56/58 [00:02<00:00, 29.68it/s, loss=0.0005]
  Epoch 25/30:  97%|█████████████████████████████████▊ | 56/58 [00:02<00:00, 29.68it/s, loss=0.0001]
                                                                                                    
  Epoch 25/30 │ Loss: 0.0005 │ T+1: 0.8798 │ T+2: 0.6794 │ T+3: 0.5639

  Epoch 26/30:   0%|                                                         | 0/58 [00:00<?, ?it/s]
  Epoch 26/30:   0%|                                            | 0/58 [00:00<?, ?it/s, loss=0.0003]
  Epoch 26/30:   0%|                                            | 0/58 [00:00<?, ?it/s, loss=0.0005]
  Epoch 26/30:   0%|                                            | 0/58 [00:00<?, ?it/s, loss=0.0003]
  Epoch 26/30:   5%|█▊                                  | 3/58 [00:00<00:01, 27.58it/s, loss=0.0003]
  Epoch 26/30:   5%|█▊                                  | 3/58 [00:00<00:01, 27.58it/s, loss=0.0002]
  Epoch 26/30:   5%|█▊                                  | 3/58 [00:00<00:01, 27.58it/s, loss=0.0014]
  Epoch 26/30:   5%|█▊                                  | 3/58 [00:00<00:01, 27.58it/s, loss=0.0005]
  Epoch 26/30:   5%|█▊                                  | 3/58 [00:00<00:01, 27.58it/s, loss=0.0003]
  Epoch 26/30:  12%|████▎                               | 7/58 [00:00<00:01, 28.99it/s, loss=0.0003]
  Epoch 26/30:  12%|████▎                               | 7/58 [00:00<00:01, 28.99it/s, loss=0.0003]
  Epoch 26/30:  12%|████▎                               | 7/58 [00:00<00:01, 28.99it/s, loss=0.0006]
  Epoch 26/30:  12%|████▎                               | 7/58 [00:00<00:01, 28.99it/s, loss=0.0015]
  Epoch 26/30:  17%|██████                             | 10/58 [00:00<00:01, 28.96it/s, loss=0.0015]
  Epoch 26/30:  17%|██████                             | 10/58 [00:00<00:01, 28.96it/s, loss=0.0004]
  Epoch 26/30:  17%|██████                             | 10/58 [00:00<00:01, 28.96it/s, loss=0.0002]
  Epoch 26/30:  17%|██████                             | 10/58 [00:00<00:01, 28.96it/s, loss=0.0003]
  Epoch 26/30:  22%|███████▊                           | 13/58 [00:00<00:01, 28.41it/s, loss=0.0003]
  Epoch 26/30:  22%|███████▊                           | 13/58 [00:00<00:01, 28.41it/s, loss=0.0005]
  Epoch 26/30:  22%|███████▊                           | 13/58 [00:00<00:01, 28.41it/s, loss=0.0010]
  Epoch 26/30:  22%|███████▊                           | 13/58 [00:00<00:01, 28.41it/s, loss=0.0003]
  Epoch 26/30:  28%|█████████▋                         | 16/58 [00:00<00:01, 28.19it/s, loss=0.0003]
  Epoch 26/30:  28%|█████████▋                         | 16/58 [00:00<00:01, 28.19it/s, loss=0.0005]
  Epoch 26/30:  28%|█████████▋                         | 16/58 [00:00<00:01, 28.19it/s, loss=0.0003]
  Epoch 26/30:  28%|█████████▋                         | 16/58 [00:00<00:01, 28.19it/s, loss=0.0005]
  Epoch 26/30:  33%|███████████▍                       | 19/58 [00:00<00:01, 27.49it/s, loss=0.0005]
  Epoch 26/30:  33%|███████████▍                       | 19/58 [00:00<00:01, 27.49it/s, loss=0.0002]
  Epoch 26/30:  33%|███████████▍                       | 19/58 [00:00<00:01, 27.49it/s, loss=0.0001]
  Epoch 26/30:  33%|███████████▍                       | 19/58 [00:00<00:01, 27.49it/s, loss=0.0002]
  Epoch 26/30:  33%|███████████▍                       | 19/58 [00:00<00:01, 27.49it/s, loss=0.0014]
  Epoch 26/30:  40%|█████████████▉                     | 23/58 [00:00<00:01, 28.91it/s, loss=0.0014]
  Epoch 26/30:  40%|█████████████▉                     | 23/58 [00:00<00:01, 28.91it/s, loss=0.0006]
  Epoch 26/30:  40%|█████████████▉                     | 23/58 [00:00<00:01, 28.91it/s, loss=0.0007]
  Epoch 26/30:  40%|█████████████▉                     | 23/58 [00:00<00:01, 28.91it/s, loss=0.0010]
  Epoch 26/30:  45%|███████████████▋                   | 26/58 [00:00<00:01, 28.38it/s, loss=0.0010]
  Epoch 26/30:  45%|███████████████▋                   | 26/58 [00:00<00:01, 28.38it/s, loss=0.0004]
  Epoch 26/30:  45%|███████████████▋                   | 26/58 [00:00<00:01, 28.38it/s, loss=0.0007]
  Epoch 26/30:  45%|███████████████▋                   | 26/58 [00:01<00:01, 28.38it/s, loss=0.0003]
  Epoch 26/30:  50%|█████████████████▌                 | 29/58 [00:01<00:01, 28.16it/s, loss=0.0003]
  Epoch 26/30:  50%|█████████████████▌                 | 29/58 [00:01<00:01, 28.16it/s, loss=0.0014]
  Epoch 26/30:  50%|█████████████████▌                 | 29/58 [00:01<00:01, 28.16it/s, loss=0.0003]
  Epoch 26/30:  50%|█████████████████▌                 | 29/58 [00:01<00:01, 28.16it/s, loss=0.0006]
  Epoch 26/30:  55%|███████████████████▎               | 32/58 [00:01<00:00, 27.92it/s, loss=0.0006]
  Epoch 26/30:  55%|███████████████████▎               | 32/58 [00:01<00:00, 27.92it/s, loss=0.0004]
  Epoch 26/30:  55%|███████████████████▎               | 32/58 [00:01<00:00, 27.92it/s, loss=0.0004]
  Epoch 26/30:  55%|███████████████████▎               | 32/58 [00:01<00:00, 27.92it/s, loss=0.0008]
  Epoch 26/30:  60%|█████████████████████              | 35/58 [00:01<00:00, 25.97it/s, loss=0.0008]
  Epoch 26/30:  60%|█████████████████████              | 35/58 [00:01<00:00, 25.97it/s, loss=0.0003]
  Epoch 26/30:  60%|█████████████████████              | 35/58 [00:01<00:00, 25.97it/s, loss=0.0003]
  Epoch 26/30:  60%|█████████████████████              | 35/58 [00:01<00:00, 25.97it/s, loss=0.0002]
  Epoch 26/30:  66%|██████████████████████▉            | 38/58 [00:01<00:00, 26.35it/s, loss=0.0002]
  Epoch 26/30:  66%|██████████████████████▉            | 38/58 [00:01<00:00, 26.35it/s, loss=0.0003]
  Epoch 26/30:  66%|██████████████████████▉            | 38/58 [00:01<00:00, 26.35it/s, loss=0.0003]
  Epoch 26/30:  66%|██████████████████████▉            | 38/58 [00:01<00:00, 26.35it/s, loss=0.0004]
  Epoch 26/30:  71%|████████████████████████▋          | 41/58 [00:01<00:00, 26.68it/s, loss=0.0004]
  Epoch 26/30:  71%|████████████████████████▋          | 41/58 [00:01<00:00, 26.68it/s, loss=0.0003]
  Epoch 26/30:  71%|████████████████████████▋          | 41/58 [00:01<00:00, 26.68it/s, loss=0.0003]
  Epoch 26/30:  71%|████████████████████████▋          | 41/58 [00:01<00:00, 26.68it/s, loss=0.0004]
  Epoch 26/30:  76%|██████████████████████████▌        | 44/58 [00:01<00:00, 27.25it/s, loss=0.0004]
  Epoch 26/30:  76%|██████████████████████████▌        | 44/58 [00:01<00:00, 27.25it/s, loss=0.0006]
  Epoch 26/30:  76%|██████████████████████████▌        | 44/58 [00:01<00:00, 27.25it/s, loss=0.0004]
  Epoch 26/30:  76%|██████████████████████████▌        | 44/58 [00:01<00:00, 27.25it/s, loss=0.0003]
  Epoch 26/30:  81%|████████████████████████████▎      | 47/58 [00:01<00:00, 27.44it/s, loss=0.0003]
  Epoch 26/30:  81%|████████████████████████████▎      | 47/58 [00:01<00:00, 27.44it/s, loss=0.0010]
  Epoch 26/30:  81%|████████████████████████████▎      | 47/58 [00:01<00:00, 27.44it/s, loss=0.0006]
  Epoch 26/30:  81%|████████████████████████████▎      | 47/58 [00:01<00:00, 27.44it/s, loss=0.0001]
  Epoch 26/30:  86%|██████████████████████████████▏    | 50/58 [00:01<00:00, 27.36it/s, loss=0.0001]
  Epoch 26/30:  86%|██████████████████████████████▏    | 50/58 [00:01<00:00, 27.36it/s, loss=0.0007]
  Epoch 26/30:  86%|██████████████████████████████▏    | 50/58 [00:01<00:00, 27.36it/s, loss=0.0004]
  Epoch 26/30:  86%|██████████████████████████████▏    | 50/58 [00:01<00:00, 27.36it/s, loss=0.0012]
  Epoch 26/30:  91%|███████████████████████████████▉   | 53/58 [00:01<00:00, 28.07it/s, loss=0.0012]
  Epoch 26/30:  91%|███████████████████████████████▉   | 53/58 [00:01<00:00, 28.07it/s, loss=0.0003]
  Epoch 26/30:  91%|███████████████████████████████▉   | 53/58 [00:01<00:00, 28.07it/s, loss=0.0010]
  Epoch 26/30:  91%|███████████████████████████████▉   | 53/58 [00:02<00:00, 28.07it/s, loss=0.0008]
  Epoch 26/30:  97%|█████████████████████████████████▊ | 56/58 [00:02<00:00, 28.03it/s, loss=0.0008]
  Epoch 26/30:  97%|█████████████████████████████████▊ | 56/58 [00:02<00:00, 28.03it/s, loss=0.0007]
  Epoch 26/30:  97%|█████████████████████████████████▊ | 56/58 [00:02<00:00, 28.03it/s, loss=0.0028]
                                                                                                    

  Epoch 27/30:   0%|                                                         | 0/58 [00:00<?, ?it/s]
  Epoch 27/30:   0%|                                            | 0/58 [00:00<?, ?it/s, loss=0.0004]
  Epoch 27/30:   0%|                                            | 0/58 [00:00<?, ?it/s, loss=0.0007]
  Epoch 27/30:   0%|                                            | 0/58 [00:00<?, ?it/s, loss=0.0009]
  Epoch 27/30:   5%|█▊                                  | 3/58 [00:00<00:01, 29.50it/s, loss=0.0009]
  Epoch 27/30:   5%|█▊                                  | 3/58 [00:00<00:01, 29.50it/s, loss=0.0004]
  Epoch 27/30:   5%|█▊                                  | 3/58 [00:00<00:01, 29.50it/s, loss=0.0004]
  Epoch 27/30:   5%|█▊                                  | 3/58 [00:00<00:01, 29.50it/s, loss=0.0004]
  Epoch 27/30:   5%|█▊                                  | 3/58 [00:00<00:01, 29.50it/s, loss=0.0004]
  Epoch 27/30:  12%|████▎                               | 7/58 [00:00<00:01, 30.96it/s, loss=0.0004]
  Epoch 27/30:  12%|████▎                               | 7/58 [00:00<00:01, 30.96it/s, loss=0.0004]
  Epoch 27/30:  12%|████▎                               | 7/58 [00:00<00:01, 30.96it/s, loss=0.0006]
  Epoch 27/30:  12%|████▎                               | 7/58 [00:00<00:01, 30.96it/s, loss=0.0005]
  Epoch 27/30:  12%|████▎                               | 7/58 [00:00<00:01, 30.96it/s, loss=0.0003]
  Epoch 27/30:  19%|██████▋                            | 11/58 [00:00<00:01, 30.54it/s, loss=0.0003]
  Epoch 27/30:  19%|██████▋                            | 11/58 [00:00<00:01, 30.54it/s, loss=0.0013]
  Epoch 27/30:  19%|██████▋                            | 11/58 [00:00<00:01, 30.54it/s, loss=0.0009]
  Epoch 27/30:  19%|██████▋                            | 11/58 [00:00<00:01, 30.54it/s, loss=0.0005]
  Epoch 27/30:  19%|██████▋                            | 11/58 [00:00<00:01, 30.54it/s, loss=0.0006]
  Epoch 27/30:  26%|█████████                          | 15/58 [00:00<00:01, 31.74it/s, loss=0.0006]
  Epoch 27/30:  26%|█████████                          | 15/58 [00:00<00:01, 31.74it/s, loss=0.0013]
  Epoch 27/30:  26%|█████████                          | 15/58 [00:00<00:01, 31.74it/s, loss=0.0007]
  Epoch 27/30:  26%|█████████                          | 15/58 [00:00<00:01, 31.74it/s, loss=0.0002]
  Epoch 27/30:  26%|█████████                          | 15/58 [00:00<00:01, 31.74it/s, loss=0.0005]
  Epoch 27/30:  33%|███████████▍                       | 19/58 [00:00<00:01, 30.58it/s, loss=0.0005]
  Epoch 27/30:  33%|███████████▍                       | 19/58 [00:00<00:01, 30.58it/s, loss=0.0009]
  Epoch 27/30:  33%|███████████▍                       | 19/58 [00:00<00:01, 30.58it/s, loss=0.0008]
  Epoch 27/30:  33%|███████████▍                       | 19/58 [00:00<00:01, 30.58it/s, loss=0.0007]
  Epoch 27/30:  33%|███████████▍                       | 19/58 [00:00<00:01, 30.58it/s, loss=0.0005]
  Epoch 27/30:  40%|█████████████▉                     | 23/58 [00:00<00:01, 29.61it/s, loss=0.0005]
  Epoch 27/30:  40%|█████████████▉                     | 23/58 [00:00<00:01, 29.61it/s, loss=0.0003]
  Epoch 27/30:  40%|█████████████▉                     | 23/58 [00:00<00:01, 29.61it/s, loss=0.0004]
  Epoch 27/30:  40%|█████████████▉                     | 23/58 [00:00<00:01, 29.61it/s, loss=0.0002]
  Epoch 27/30:  40%|█████████████▉                     | 23/58 [00:00<00:01, 29.61it/s, loss=0.0007]
  Epoch 27/30:  47%|████████████████▎                  | 27/58 [00:00<00:01, 29.78it/s, loss=0.0007]
  Epoch 27/30:  47%|████████████████▎                  | 27/58 [00:00<00:01, 29.78it/s, loss=0.0005]
  Epoch 27/30:  47%|████████████████▎                  | 27/58 [00:00<00:01, 29.78it/s, loss=0.0006]
  Epoch 27/30:  47%|████████████████▎                  | 27/58 [00:00<00:01, 29.78it/s, loss=0.0004]
  Epoch 27/30:  47%|████████████████▎                  | 27/58 [00:01<00:01, 29.78it/s, loss=0.0003]
  Epoch 27/30:  53%|██████████████████▋                | 31/58 [00:01<00:00, 29.87it/s, loss=0.0003]
  Epoch 27/30:  53%|██████████████████▋                | 31/58 [00:01<00:00, 29.87it/s, loss=0.0004]
  Epoch 27/30:  53%|██████████████████▋                | 31/58 [00:01<00:00, 29.87it/s, loss=0.0002]
  Epoch 27/30:  53%|██████████████████▋                | 31/58 [00:01<00:00, 29.87it/s, loss=0.0001]
  Epoch 27/30:  59%|████████████████████▌              | 34/58 [00:01<00:00, 29.89it/s, loss=0.0001]
  Epoch 27/30:  59%|████████████████████▌              | 34/58 [00:01<00:00, 29.89it/s, loss=0.0016]
  Epoch 27/30:  59%|████████████████████▌              | 34/58 [00:01<00:00, 29.89it/s, loss=0.0010]
  Epoch 27/30:  59%|████████████████████▌              | 34/58 [00:01<00:00, 29.89it/s, loss=0.0002]
  Epoch 27/30:  64%|██████████████████████▎            | 37/58 [00:01<00:00, 29.90it/s, loss=0.0002]
  Epoch 27/30:  64%|██████████████████████▎            | 37/58 [00:01<00:00, 29.90it/s, loss=0.0002]
  Epoch 27/30:  64%|██████████████████████▎            | 37/58 [00:01<00:00, 29.90it/s, loss=0.0002]
  Epoch 27/30:  64%|██████████████████████▎            | 37/58 [00:01<00:00, 29.90it/s, loss=0.0001]
  Epoch 27/30:  64%|██████████████████████▎            | 37/58 [00:01<00:00, 29.90it/s, loss=0.0014]
  Epoch 27/30:  71%|████████████████████████▋          | 41/58 [00:01<00:00, 30.24it/s, loss=0.0014]
  Epoch 27/30:  71%|████████████████████████▋          | 41/58 [00:01<00:00, 30.24it/s, loss=0.0004]
  Epoch 27/30:  71%|████████████████████████▋          | 41/58 [00:01<00:00, 30.24it/s, loss=0.0003]
  Epoch 27/30:  71%|████████████████████████▋          | 41/58 [00:01<00:00, 30.24it/s, loss=0.0005]
  Epoch 27/30:  71%|████████████████████████▋          | 41/58 [00:01<00:00, 30.24it/s, loss=0.0011]
  Epoch 27/30:  78%|███████████████████████████▏       | 45/58 [00:01<00:00, 28.18it/s, loss=0.0011]
  Epoch 27/30:  78%|███████████████████████████▏       | 45/58 [00:01<00:00, 28.18it/s, loss=0.0008]
  Epoch 27/30:  78%|███████████████████████████▏       | 45/58 [00:01<00:00, 28.18it/s, loss=0.0007]
  Epoch 27/30:  78%|███████████████████████████▏       | 45/58 [00:01<00:00, 28.18it/s, loss=0.0002]
  Epoch 27/30:  83%|████████████████████████████▉      | 48/58 [00:01<00:00, 27.32it/s, loss=0.0002]
  Epoch 27/30:  83%|████████████████████████████▉      | 48/58 [00:01<00:00, 27.32it/s, loss=0.0012]
  Epoch 27/30:  83%|████████████████████████████▉      | 48/58 [00:01<00:00, 27.32it/s, loss=0.0002]
  Epoch 27/30:  83%|████████████████████████████▉      | 48/58 [00:01<00:00, 27.32it/s, loss=0.0014]
  Epoch 27/30:  83%|████████████████████████████▉      | 48/58 [00:01<00:00, 27.32it/s, loss=0.0005]
  Epoch 27/30:  90%|███████████████████████████████▍   | 52/58 [00:01<00:00, 28.29it/s, loss=0.0005]
  Epoch 27/30:  90%|███████████████████████████████▍   | 52/58 [00:01<00:00, 28.29it/s, loss=0.0002]
  Epoch 27/30:  90%|███████████████████████████████▍   | 52/58 [00:01<00:00, 28.29it/s, loss=0.0003]
  Epoch 27/30:  90%|███████████████████████████████▍   | 52/58 [00:01<00:00, 28.29it/s, loss=0.0003]
  Epoch 27/30:  95%|█████████████████████████████████▏ | 55/58 [00:01<00:00, 28.49it/s, loss=0.0003]
  Epoch 27/30:  95%|█████████████████████████████████▏ | 55/58 [00:01<00:00, 28.49it/s, loss=0.0006]
  Epoch 27/30:  95%|█████████████████████████████████▏ | 55/58 [00:01<00:00, 28.49it/s, loss=0.0002]
  Epoch 27/30:  95%|█████████████████████████████████▏ | 55/58 [00:01<00:00, 28.49it/s, loss=0.0006]
                                                                                                    

  Epoch 28/30:   0%|                                                         | 0/58 [00:00<?, ?it/s]
  Epoch 28/30:   0%|                                            | 0/58 [00:00<?, ?it/s, loss=0.0008]
  Epoch 28/30:   0%|                                            | 0/58 [00:00<?, ?it/s, loss=0.0001]
  Epoch 28/30:   0%|                                            | 0/58 [00:00<?, ?it/s, loss=0.0010]
  Epoch 28/30:   0%|                                            | 0/58 [00:00<?, ?it/s, loss=0.0002]
  Epoch 28/30:   7%|██▍                                 | 4/58 [00:00<00:01, 31.05it/s, loss=0.0002]
  Epoch 28/30:   7%|██▍                                 | 4/58 [00:00<00:01, 31.05it/s, loss=0.0005]
  Epoch 28/30:   7%|██▍                                 | 4/58 [00:00<00:01, 31.05it/s, loss=0.0006]
  Epoch 28/30:   7%|██▍                                 | 4/58 [00:00<00:01, 31.05it/s, loss=0.0011]
  Epoch 28/30:   7%|██▍                                 | 4/58 [00:00<00:01, 31.05it/s, loss=0.0003]
  Epoch 28/30:  14%|████▉                               | 8/58 [00:00<00:01, 32.03it/s, loss=0.0003]
  Epoch 28/30:  14%|████▉                               | 8/58 [00:00<00:01, 32.03it/s, loss=0.0019]
  Epoch 28/30:  14%|████▉                               | 8/58 [00:00<00:01, 32.03it/s, loss=0.0006]
  Epoch 28/30:  14%|████▉                               | 8/58 [00:00<00:01, 32.03it/s, loss=0.0011]
  Epoch 28/30:  14%|████▉                               | 8/58 [00:00<00:01, 32.03it/s, loss=0.0003]
  Epoch 28/30:  14%|████▉                               | 8/58 [00:00<00:01, 32.03it/s, loss=0.0015]
  Epoch 28/30:  22%|███████▊                           | 13/58 [00:00<00:01, 35.49it/s, loss=0.0015]
  Epoch 28/30:  22%|███████▊                           | 13/58 [00:00<00:01, 35.49it/s, loss=0.0004]
  Epoch 28/30:  22%|███████▊                           | 13/58 [00:00<00:01, 35.49it/s, loss=0.0002]
  Epoch 28/30:  22%|███████▊                           | 13/58 [00:00<00:01, 35.49it/s, loss=0.0004]
  Epoch 28/30:  22%|███████▊                           | 13/58 [00:00<00:01, 35.49it/s, loss=0.0005]
  Epoch 28/30:  29%|██████████▎                        | 17/58 [00:00<00:01, 34.83it/s, loss=0.0005]
  Epoch 28/30:  29%|██████████▎                        | 17/58 [00:00<00:01, 34.83it/s, loss=0.0007]
  Epoch 28/30:  29%|██████████▎                        | 17/58 [00:00<00:01, 34.83it/s, loss=0.0006]
  Epoch 28/30:  29%|██████████▎                        | 17/58 [00:00<00:01, 34.83it/s, loss=0.0005]
  Epoch 28/30:  29%|██████████▎                        | 17/58 [00:00<00:01, 34.83it/s, loss=0.0003]
  Epoch 28/30:  29%|██████████▎                        | 17/58 [00:00<00:01, 34.83it/s, loss=0.0005]
  Epoch 28/30:  38%|█████████████▎                     | 22/58 [00:00<00:00, 36.89it/s, loss=0.0005]
  Epoch 28/30:  38%|█████████████▎                     | 22/58 [00:00<00:00, 36.89it/s, loss=0.0003]
  Epoch 28/30:  38%|█████████████▎                     | 22/58 [00:00<00:00, 36.89it/s, loss=0.0002]
  Epoch 28/30:  38%|█████████████▎                     | 22/58 [00:00<00:00, 36.89it/s, loss=0.0002]
  Epoch 28/30:  38%|█████████████▎                     | 22/58 [00:00<00:00, 36.89it/s, loss=0.0002]
  Epoch 28/30:  45%|███████████████▋                   | 26/58 [00:00<00:00, 35.74it/s, loss=0.0002]
  Epoch 28/30:  45%|███████████████▋                   | 26/58 [00:00<00:00, 35.74it/s, loss=0.0010]
  Epoch 28/30:  45%|███████████████▋                   | 26/58 [00:00<00:00, 35.74it/s, loss=0.0003]
  Epoch 28/30:  45%|███████████████▋                   | 26/58 [00:00<00:00, 35.74it/s, loss=0.0012]
  Epoch 28/30:  45%|███████████████▋                   | 26/58 [00:00<00:00, 35.74it/s, loss=0.0003]
  Epoch 28/30:  52%|██████████████████                 | 30/58 [00:00<00:00, 34.52it/s, loss=0.0003]
  Epoch 28/30:  52%|██████████████████                 | 30/58 [00:00<00:00, 34.52it/s, loss=0.0009]
  Epoch 28/30:  52%|██████████████████                 | 30/58 [00:00<00:00, 34.52it/s, loss=0.0005]
  Epoch 28/30:  52%|██████████████████                 | 30/58 [00:00<00:00, 34.52it/s, loss=0.0008]
  Epoch 28/30:  52%|██████████████████                 | 30/58 [00:00<00:00, 34.52it/s, loss=0.0003]
  Epoch 28/30:  59%|████████████████████▌              | 34/58 [00:00<00:00, 35.02it/s, loss=0.0003]
  Epoch 28/30:  59%|████████████████████▌              | 34/58 [00:01<00:00, 35.02it/s, loss=0.0009]
  Epoch 28/30:  59%|████████████████████▌              | 34/58 [00:01<00:00, 35.02it/s, loss=0.0004]
  Epoch 28/30:  59%|████████████████████▌              | 34/58 [00:01<00:00, 35.02it/s, loss=0.0005]
  Epoch 28/30:  59%|████████████████████▌              | 34/58 [00:01<00:00, 35.02it/s, loss=0.0005]
  Epoch 28/30:  66%|██████████████████████▉            | 38/58 [00:01<00:00, 34.68it/s, loss=0.0005]
  Epoch 28/30:  66%|██████████████████████▉            | 38/58 [00:01<00:00, 34.68it/s, loss=0.0006]
  Epoch 28/30:  66%|██████████████████████▉            | 38/58 [00:01<00:00, 34.68it/s, loss=0.0004]
  Epoch 28/30:  66%|██████████████████████▉            | 38/58 [00:01<00:00, 34.68it/s, loss=0.0002]
  Epoch 28/30:  66%|██████████████████████▉            | 38/58 [00:01<00:00, 34.68it/s, loss=0.0003]
  Epoch 28/30:  72%|█████████████████████████▎         | 42/58 [00:01<00:00, 34.56it/s, loss=0.0003]
  Epoch 28/30:  72%|█████████████████████████▎         | 42/58 [00:01<00:00, 34.56it/s, loss=0.0002]
  Epoch 28/30:  72%|█████████████████████████▎         | 42/58 [00:01<00:00, 34.56it/s, loss=0.0011]
  Epoch 28/30:  72%|█████████████████████████▎         | 42/58 [00:01<00:00, 34.56it/s, loss=0.0002]
  Epoch 28/30:  72%|█████████████████████████▎         | 42/58 [00:01<00:00, 34.56it/s, loss=0.0001]
  Epoch 28/30:  79%|███████████████████████████▊       | 46/58 [00:01<00:00, 32.14it/s, loss=0.0001]
  Epoch 28/30:  79%|███████████████████████████▊       | 46/58 [00:01<00:00, 32.14it/s, loss=0.0001]
  Epoch 28/30:  79%|███████████████████████████▊       | 46/58 [00:01<00:00, 32.14it/s, loss=0.0004]
  Epoch 28/30:  79%|███████████████████████████▊       | 46/58 [00:01<00:00, 32.14it/s, loss=0.0003]
  Epoch 28/30:  79%|███████████████████████████▊       | 46/58 [00:01<00:00, 32.14it/s, loss=0.0006]
  Epoch 28/30:  86%|██████████████████████████████▏    | 50/58 [00:01<00:00, 31.45it/s, loss=0.0006]
  Epoch 28/30:  86%|██████████████████████████████▏    | 50/58 [00:01<00:00, 31.45it/s, loss=0.0003]
  Epoch 28/30:  86%|██████████████████████████████▏    | 50/58 [00:01<00:00, 31.45it/s, loss=0.0003]
  Epoch 28/30:  86%|██████████████████████████████▏    | 50/58 [00:01<00:00, 31.45it/s, loss=0.0003]
  Epoch 28/30:  86%|██████████████████████████████▏    | 50/58 [00:01<00:00, 31.45it/s, loss=0.0003]
  Epoch 28/30:  93%|████████████████████████████████▌  | 54/58 [00:01<00:00, 31.05it/s, loss=0.0003]
  Epoch 28/30:  93%|████████████████████████████████▌  | 54/58 [00:01<00:00, 31.05it/s, loss=0.0003]
  Epoch 28/30:  93%|████████████████████████████████▌  | 54/58 [00:01<00:00, 31.05it/s, loss=0.0007]
  Epoch 28/30:  93%|████████████████████████████████▌  | 54/58 [00:01<00:00, 31.05it/s, loss=0.0007]
  Epoch 28/30:  93%|████████████████████████████████▌  | 54/58 [00:01<00:00, 31.05it/s, loss=0.0004]
  Epoch 28/30: 100%|███████████████████████████████████| 58/58 [00:01<00:00, 30.88it/s, loss=0.0004]
                                                                                                    

  Epoch 29/30:   0%|                                                         | 0/58 [00:00<?, ?it/s]
  Epoch 29/30:   0%|                                            | 0/58 [00:00<?, ?it/s, loss=0.0004]
  Epoch 29/30:   0%|                                            | 0/58 [00:00<?, ?it/s, loss=0.0004]
  Epoch 29/30:   0%|                                            | 0/58 [00:00<?, ?it/s, loss=0.0003]
  Epoch 29/30:   0%|                                            | 0/58 [00:00<?, ?it/s, loss=0.0016]
  Epoch 29/30:   7%|██▍                                 | 4/58 [00:00<00:01, 31.18it/s, loss=0.0016]
  Epoch 29/30:   7%|██▍                                 | 4/58 [00:00<00:01, 31.18it/s, loss=0.0002]
  Epoch 29/30:   7%|██▍                                 | 4/58 [00:00<00:01, 31.18it/s, loss=0.0005]
  Epoch 29/30:   7%|██▍                                 | 4/58 [00:00<00:01, 31.18it/s, loss=0.0003]
  Epoch 29/30:   7%|██▍                                 | 4/58 [00:00<00:01, 31.18it/s, loss=0.0009]
  Epoch 29/30:  14%|████▉                               | 8/58 [00:00<00:01, 29.68it/s, loss=0.0009]
  Epoch 29/30:  14%|████▉                               | 8/58 [00:00<00:01, 29.68it/s, loss=0.0003]
  Epoch 29/30:  14%|████▉                               | 8/58 [00:00<00:01, 29.68it/s, loss=0.0005]
  Epoch 29/30:  14%|████▉                               | 8/58 [00:00<00:01, 29.68it/s, loss=0.0005]
  Epoch 29/30:  19%|██████▋                            | 11/58 [00:00<00:01, 28.12it/s, loss=0.0005]
  Epoch 29/30:  19%|██████▋                            | 11/58 [00:00<00:01, 28.12it/s, loss=0.0002]
  Epoch 29/30:  19%|██████▋                            | 11/58 [00:00<00:01, 28.12it/s, loss=0.0004]
  Epoch 29/30:  19%|██████▋                            | 11/58 [00:00<00:01, 28.12it/s, loss=0.0006]
  Epoch 29/30:  24%|████████▍                          | 14/58 [00:00<00:01, 26.89it/s, loss=0.0006]
  Epoch 29/30:  24%|████████▍                          | 14/58 [00:00<00:01, 26.89it/s, loss=0.0004]
  Epoch 29/30:  24%|████████▍                          | 14/58 [00:00<00:01, 26.89it/s, loss=0.0003]
  Epoch 29/30:  24%|████████▍                          | 14/58 [00:00<00:01, 26.89it/s, loss=0.0003]
  Epoch 29/30:  29%|██████████▎                        | 17/58 [00:00<00:01, 27.86it/s, loss=0.0003]
  Epoch 29/30:  29%|██████████▎                        | 17/58 [00:00<00:01, 27.86it/s, loss=0.0005]
  Epoch 29/30:  29%|██████████▎                        | 17/58 [00:00<00:01, 27.86it/s, loss=0.0004]
  Epoch 29/30:  29%|██████████▎                        | 17/58 [00:00<00:01, 27.86it/s, loss=0.0002]
  Epoch 29/30:  29%|██████████▎                        | 17/58 [00:00<00:01, 27.86it/s, loss=0.0005]
  Epoch 29/30:  36%|████████████▋                      | 21/58 [00:00<00:01, 30.75it/s, loss=0.0005]
  Epoch 29/30:  36%|████████████▋                      | 21/58 [00:00<00:01, 30.75it/s, loss=0.0004]
  Epoch 29/30:  36%|████████████▋                      | 21/58 [00:00<00:01, 30.75it/s, loss=0.0003]
  Epoch 29/30:  36%|████████████▋                      | 21/58 [00:00<00:01, 30.75it/s, loss=0.0003]
  Epoch 29/30:  36%|████████████▋                      | 21/58 [00:00<00:01, 30.75it/s, loss=0.0008]
  Epoch 29/30:  43%|███████████████                    | 25/58 [00:00<00:01, 32.52it/s, loss=0.0008]
  Epoch 29/30:  43%|███████████████                    | 25/58 [00:00<00:01, 32.52it/s, loss=0.0003]
  Epoch 29/30:  43%|███████████████                    | 25/58 [00:00<00:01, 32.52it/s, loss=0.0002]
  Epoch 29/30:  43%|███████████████                    | 25/58 [00:00<00:01, 32.52it/s, loss=0.0002]
  Epoch 29/30:  43%|███████████████                    | 25/58 [00:00<00:01, 32.52it/s, loss=0.0007]
  Epoch 29/30:  50%|█████████████████▌                 | 29/58 [00:00<00:00, 32.85it/s, loss=0.0007]
  Epoch 29/30:  50%|█████████████████▌                 | 29/58 [00:00<00:00, 32.85it/s, loss=0.0012]
  Epoch 29/30:  50%|█████████████████▌                 | 29/58 [00:01<00:00, 32.85it/s, loss=0.0009]
  Epoch 29/30:  50%|█████████████████▌                 | 29/58 [00:01<00:00, 32.85it/s, loss=0.0003]
  Epoch 29/30:  50%|█████████████████▌                 | 29/58 [00:01<00:00, 32.85it/s, loss=0.0002]
  Epoch 29/30:  57%|███████████████████▉               | 33/58 [00:01<00:00, 32.73it/s, loss=0.0002]
  Epoch 29/30:  57%|███████████████████▉               | 33/58 [00:01<00:00, 32.73it/s, loss=0.0016]
  Epoch 29/30:  57%|███████████████████▉               | 33/58 [00:01<00:00, 32.73it/s, loss=0.0003]
  Epoch 29/30:  57%|███████████████████▉               | 33/58 [00:01<00:00, 32.73it/s, loss=0.0014]
  Epoch 29/30:  57%|███████████████████▉               | 33/58 [00:01<00:00, 32.73it/s, loss=0.0002]
  Epoch 29/30:  64%|██████████████████████▎            | 37/58 [00:01<00:00, 31.60it/s, loss=0.0002]
  Epoch 29/30:  64%|██████████████████████▎            | 37/58 [00:01<00:00, 31.60it/s, loss=0.0009]
  Epoch 29/30:  64%|██████████████████████▎            | 37/58 [00:01<00:00, 31.60it/s, loss=0.0004]
  Epoch 29/30:  64%|██████████████████████▎            | 37/58 [00:01<00:00, 31.60it/s, loss=0.0005]
  Epoch 29/30:  64%|██████████████████████▎            | 37/58 [00:01<00:00, 31.60it/s, loss=0.0013]
  Epoch 29/30:  71%|████████████████████████▋          | 41/58 [00:01<00:00, 30.35it/s, loss=0.0013]
  Epoch 29/30:  71%|████████████████████████▋          | 41/58 [00:01<00:00, 30.35it/s, loss=0.0003]
  Epoch 29/30:  71%|████████████████████████▋          | 41/58 [00:01<00:00, 30.35it/s, loss=0.0004]
  Epoch 29/30:  71%|████████████████████████▋          | 41/58 [00:01<00:00, 30.35it/s, loss=0.0004]
  Epoch 29/30:  71%|████████████████████████▋          | 41/58 [00:01<00:00, 30.35it/s, loss=0.0005]
  Epoch 29/30:  78%|███████████████████████████▏       | 45/58 [00:01<00:00, 31.94it/s, loss=0.0005]
  Epoch 29/30:  78%|███████████████████████████▏       | 45/58 [00:01<00:00, 31.94it/s, loss=0.0003]
  Epoch 29/30:  78%|███████████████████████████▏       | 45/58 [00:01<00:00, 31.94it/s, loss=0.0004]
  Epoch 29/30:  78%|███████████████████████████▏       | 45/58 [00:01<00:00, 31.94it/s, loss=0.0002]
  Epoch 29/30:  78%|███████████████████████████▏       | 45/58 [00:01<00:00, 31.94it/s, loss=0.0008]
  Epoch 29/30:  84%|█████████████████████████████▌     | 49/58 [00:01<00:00, 31.66it/s, loss=0.0008]
  Epoch 29/30:  84%|█████████████████████████████▌     | 49/58 [00:01<00:00, 31.66it/s, loss=0.0005]
  Epoch 29/30:  84%|█████████████████████████████▌     | 49/58 [00:01<00:00, 31.66it/s, loss=0.0003]
  Epoch 29/30:  84%|█████████████████████████████▌     | 49/58 [00:01<00:00, 31.66it/s, loss=0.0004]
  Epoch 29/30:  84%|█████████████████████████████▌     | 49/58 [00:01<00:00, 31.66it/s, loss=0.0003]
  Epoch 29/30:  91%|███████████████████████████████▉   | 53/58 [00:01<00:00, 32.05it/s, loss=0.0003]
  Epoch 29/30:  91%|███████████████████████████████▉   | 53/58 [00:01<00:00, 32.05it/s, loss=0.0012]
  Epoch 29/30:  91%|███████████████████████████████▉   | 53/58 [00:01<00:00, 32.05it/s, loss=0.0005]
  Epoch 29/30:  91%|███████████████████████████████▉   | 53/58 [00:01<00:00, 32.05it/s, loss=0.0005]
  Epoch 29/30:  91%|███████████████████████████████▉   | 53/58 [00:01<00:00, 32.05it/s, loss=0.0003]
  Epoch 29/30:  98%|██████████████████████████████████▍| 57/58 [00:01<00:00, 33.75it/s, loss=0.0003]
  Epoch 29/30:  98%|██████████████████████████████████▍| 57/58 [00:01<00:00, 33.75it/s, loss=0.0006]
                                                                                                    

  Epoch 30/30:   0%|                                                         | 0/58 [00:00<?, ?it/s]
  Epoch 30/30:   0%|                                            | 0/58 [00:00<?, ?it/s, loss=0.0010]
  Epoch 30/30:   0%|                                            | 0/58 [00:00<?, ?it/s, loss=0.0006]
  Epoch 30/30:   0%|                                            | 0/58 [00:00<?, ?it/s, loss=0.0004]
  Epoch 30/30:   5%|█▊                                  | 3/58 [00:00<00:02, 27.37it/s, loss=0.0004]
  Epoch 30/30:   5%|█▊                                  | 3/58 [00:00<00:02, 27.37it/s, loss=0.0009]
  Epoch 30/30:   5%|█▊                                  | 3/58 [00:00<00:02, 27.37it/s, loss=0.0003]
  Epoch 30/30:   5%|█▊                                  | 3/58 [00:00<00:02, 27.37it/s, loss=0.0001]
  Epoch 30/30:   5%|█▊                                  | 3/58 [00:00<00:02, 27.37it/s, loss=0.0002]
  Epoch 30/30:  12%|████▎                               | 7/58 [00:00<00:01, 34.28it/s, loss=0.0002]
  Epoch 30/30:  12%|████▎                               | 7/58 [00:00<00:01, 34.28it/s, loss=0.0007]
  Epoch 30/30:  12%|████▎                               | 7/58 [00:00<00:01, 34.28it/s, loss=0.0002]
  Epoch 30/30:  12%|████▎                               | 7/58 [00:00<00:01, 34.28it/s, loss=0.0003]
  Epoch 30/30:  12%|████▎                               | 7/58 [00:00<00:01, 34.28it/s, loss=0.0007]
  Epoch 30/30:  19%|██████▋                            | 11/58 [00:00<00:01, 32.08it/s, loss=0.0007]
  Epoch 30/30:  19%|██████▋                            | 11/58 [00:00<00:01, 32.08it/s, loss=0.0003]
  Epoch 30/30:  19%|██████▋                            | 11/58 [00:00<00:01, 32.08it/s, loss=0.0004]
  Epoch 30/30:  19%|██████▋                            | 11/58 [00:00<00:01, 32.08it/s, loss=0.0005]
  Epoch 30/30:  19%|██████▋                            | 11/58 [00:00<00:01, 32.08it/s, loss=0.0004]
  Epoch 30/30:  26%|█████████                          | 15/58 [00:00<00:01, 34.16it/s, loss=0.0004]
  Epoch 30/30:  26%|█████████                          | 15/58 [00:00<00:01, 34.16it/s, loss=0.0006]
  Epoch 30/30:  26%|█████████                          | 15/58 [00:00<00:01, 34.16it/s, loss=0.0006]
  Epoch 30/30:  26%|█████████                          | 15/58 [00:00<00:01, 34.16it/s, loss=0.0002]
  Epoch 30/30:  26%|█████████                          | 15/58 [00:00<00:01, 34.16it/s, loss=0.0004]
  Epoch 30/30:  33%|███████████▍                       | 19/58 [00:00<00:01, 33.41it/s, loss=0.0004]
  Epoch 30/30:  33%|███████████▍                       | 19/58 [00:00<00:01, 33.41it/s, loss=0.0004]
  Epoch 30/30:  33%|███████████▍                       | 19/58 [00:00<00:01, 33.41it/s, loss=0.0015]
  Epoch 30/30:  33%|███████████▍                       | 19/58 [00:00<00:01, 33.41it/s, loss=0.0005]
  Epoch 30/30:  33%|███████████▍                       | 19/58 [00:00<00:01, 33.41it/s, loss=0.0004]
  Epoch 30/30:  40%|█████████████▉                     | 23/58 [00:00<00:01, 33.42it/s, loss=0.0004]
  Epoch 30/30:  40%|█████████████▉                     | 23/58 [00:00<00:01, 33.42it/s, loss=0.0002]
  Epoch 30/30:  40%|█████████████▉                     | 23/58 [00:00<00:01, 33.42it/s, loss=0.0002]
  Epoch 30/30:  40%|█████████████▉                     | 23/58 [00:00<00:01, 33.42it/s, loss=0.0002]
  Epoch 30/30:  40%|█████████████▉                     | 23/58 [00:00<00:01, 33.42it/s, loss=0.0014]
  Epoch 30/30:  47%|████████████████▎                  | 27/58 [00:00<00:00, 32.43it/s, loss=0.0014]
  Epoch 30/30:  47%|████████████████▎                  | 27/58 [00:00<00:00, 32.43it/s, loss=0.0006]
  Epoch 30/30:  47%|████████████████▎                  | 27/58 [00:00<00:00, 32.43it/s, loss=0.0014]
  Epoch 30/30:  47%|████████████████▎                  | 27/58 [00:00<00:00, 32.43it/s, loss=0.0003]
  Epoch 30/30:  47%|████████████████▎                  | 27/58 [00:00<00:00, 32.43it/s, loss=0.0006]
  Epoch 30/30:  53%|██████████████████▋                | 31/58 [00:00<00:00, 33.14it/s, loss=0.0006]
  Epoch 30/30:  53%|██████████████████▋                | 31/58 [00:00<00:00, 33.14it/s, loss=0.0002]
  Epoch 30/30:  53%|██████████████████▋                | 31/58 [00:00<00:00, 33.14it/s, loss=0.0006]
  Epoch 30/30:  53%|██████████████████▋                | 31/58 [00:01<00:00, 33.14it/s, loss=0.0004]
  Epoch 30/30:  53%|██████████████████▋                | 31/58 [00:01<00:00, 33.14it/s, loss=0.0001]
  Epoch 30/30:  60%|█████████████████████              | 35/58 [00:01<00:00, 33.64it/s, loss=0.0001]
  Epoch 30/30:  60%|█████████████████████              | 35/58 [00:01<00:00, 33.64it/s, loss=0.0007]
  Epoch 30/30:  60%|█████████████████████              | 35/58 [00:01<00:00, 33.64it/s, loss=0.0003]
  Epoch 30/30:  60%|█████████████████████              | 35/58 [00:01<00:00, 33.64it/s, loss=0.0007]
  Epoch 30/30:  60%|█████████████████████              | 35/58 [00:01<00:00, 33.64it/s, loss=0.0005]
  Epoch 30/30:  67%|███████████████████████▌           | 39/58 [00:01<00:00, 32.79it/s, loss=0.0005]
  Epoch 30/30:  67%|███████████████████████▌           | 39/58 [00:01<00:00, 32.79it/s, loss=0.0004]
  Epoch 30/30:  67%|███████████████████████▌           | 39/58 [00:01<00:00, 32.79it/s, loss=0.0002]
  Epoch 30/30:  67%|███████████████████████▌           | 39/58 [00:01<00:00, 32.79it/s, loss=0.0001]
  Epoch 30/30:  67%|███████████████████████▌           | 39/58 [00:01<00:00, 32.79it/s, loss=0.0003]
  Epoch 30/30:  74%|█████████████████████████▉         | 43/58 [00:01<00:00, 32.62it/s, loss=0.0003]
  Epoch 30/30:  74%|█████████████████████████▉         | 43/58 [00:01<00:00, 32.62it/s, loss=0.0005]
  Epoch 30/30:  74%|█████████████████████████▉         | 43/58 [00:01<00:00, 32.62it/s, loss=0.0004]
  Epoch 30/30:  74%|█████████████████████████▉         | 43/58 [00:01<00:00, 32.62it/s, loss=0.0002]
  Epoch 30/30:  74%|█████████████████████████▉         | 43/58 [00:01<00:00, 32.62it/s, loss=0.0005]
  Epoch 30/30:  81%|████████████████████████████▎      | 47/58 [00:01<00:00, 30.11it/s, loss=0.0005]
  Epoch 30/30:  81%|████████████████████████████▎      | 47/58 [00:01<00:00, 30.11it/s, loss=0.0005]
  Epoch 30/30:  81%|████████████████████████████▎      | 47/58 [00:01<00:00, 30.11it/s, loss=0.0004]
  Epoch 30/30:  81%|████████████████████████████▎      | 47/58 [00:01<00:00, 30.11it/s, loss=0.0004]
  Epoch 30/30:  81%|████████████████████████████▎      | 47/58 [00:01<00:00, 30.11it/s, loss=0.0012]
  Epoch 30/30:  88%|██████████████████████████████▊    | 51/58 [00:01<00:00, 27.66it/s, loss=0.0012]
  Epoch 30/30:  88%|██████████████████████████████▊    | 51/58 [00:01<00:00, 27.66it/s, loss=0.0005]
  Epoch 30/30:  88%|██████████████████████████████▊    | 51/58 [00:01<00:00, 27.66it/s, loss=0.0008]
  Epoch 30/30:  88%|██████████████████████████████▊    | 51/58 [00:01<00:00, 27.66it/s, loss=0.0009]
  Epoch 30/30:  93%|████████████████████████████████▌  | 54/58 [00:01<00:00, 27.93it/s, loss=0.0009]
  Epoch 30/30:  93%|████████████████████████████████▌  | 54/58 [00:01<00:00, 27.93it/s, loss=0.0003]
  Epoch 30/30:  93%|████████████████████████████████▌  | 54/58 [00:01<00:00, 27.93it/s, loss=0.0007]
  Epoch 30/30:  93%|████████████████████████████████▌  | 54/58 [00:01<00:00, 27.93it/s, loss=0.0006]
  Epoch 30/30:  93%|████████████████████████████████▌  | 54/58 [00:01<00:00, 27.93it/s, loss=0.0001]
  Epoch 30/30: 100%|███████████████████████████████████| 58/58 [00:01<00:00, 29.80it/s, loss=0.0001]
                                                                                                    
  Epoch 30/30 │ Loss: 0.0005 │ T+1: 0.8832 │ T+2: 0.7026 │ T+3: 0.5847

  → Loading best model checkpoint
    Best T+1 NSE: 0.8871

  → Saving model
    Model saved: E:\SRIP 2025\Streamflow and Water-level Prediction\Final Stuff\srip-transformer\runs\seq_hier_20260304_204710\model.pt

============================================================
  STEP 7: EVALUATING MODEL
============================================================

  → Evaluating on Test Set 1961-1970

  Testing 1961-1970:   0%|                                                   | 0/15 [00:00<?, ?it/s]
  Testing 1961-1970:  33%|██████████████▎                            | 5/15 [00:00<00:00, 47.75it/s]
  Testing 1961-1970:  67%|████████████████████████████              | 10/15 [00:00<00:00, 47.85it/s]
                                                                                                    

    Results (1961-1970):
    Horizon       NSE       R²      PBIAS │      P90      P95 │    Peak%
    ----------------------------------------------------------------------
    T1         0.8865   0.8865     -4.17% │   0.5330   0.2660 │    92.4%
    T2         0.8302   0.8302    -11.79% │   0.3530  -0.0595 │    92.1%
    T3         0.7869   0.7869      7.19% │   0.1520  -0.4284 │    77.0%

  → Evaluating on Test Set 2011-2020

  Testing 2011-2020:   0%|                                                   | 0/15 [00:00<?, ?it/s]
  Testing 2011-2020:  33%|██████████████▎                            | 5/15 [00:00<00:00, 45.90it/s]
  Testing 2011-2020:  67%|████████████████████████████              | 10/15 [00:00<00:00, 44.81it/s]
                                                                                                    

    Results (2011-2020):
    Horizon       NSE       R²      PBIAS │      P90      P95 │    Peak%
    ----------------------------------------------------------------------
    T1         0.8297   0.8297    -14.12% │   0.7594   0.7259 │    86.5%
    T2         0.5891   0.5891    -33.47% │   0.4358   0.3552 │    82.7%
    T3         0.3968   0.3968    -11.98% │   0.0612  -0.1052 │    78.3%

============================================================
  STEP 8: SAVING RESULTS
============================================================

  → Saving results.json

  → Saving train_history.json

  → Computing feature saliency (gradient × input)
    Features: ['rainfall', 'tmax', 'tmin', 'waterlevel_upstream', 'streamflow_upstream', 'waterlevel_final', 'streamflow_final', 'hierarchical_feature_quantile_0.1', 'hierarchical_feature_quantile_0.5', 'hierarchical_feature_quantile_0.9', 'hierarchical_feature_quantile_0.95']
Traceback (most recent call last):
  File "E:\SRIP 2025\Streamflow and Water-level Prediction\Final Stuff\srip-transformer\src\train.py", line 895, in <module>
    main()
  File "E:\SRIP 2025\Streamflow and Water-level Prediction\Final Stuff\srip-transformer\src\train.py", line 850, in main
    saliency_results = compute_feature_saliency(
                       ^^^^^^^^^^^^^^^^^^^^^^^^^
  File "E:\SRIP 2025\Streamflow and Water-level Prediction\Final Stuff\srip-transformer\src\train.py", line 398, in compute_feature_saliency
    predictions[horizon].sum().backward(retain_graph=True)
  File "C:\Users\HP\AppData\Local\Programs\Python\Python312\Lib\site-packages\torch\_tensor.py", line 630, in backward
    torch.autograd.backward(
  File "C:\Users\HP\AppData\Local\Programs\Python\Python312\Lib\site-packages\torch\autograd\__init__.py", line 364, in backward
    _engine_run_backward(
  File "C:\Users\HP\AppData\Local\Programs\Python\Python312\Lib\site-packages\torch\autograd\graph.py", line 865, in _engine_run_backward
    return Variable._execution_engine.run_backward(  # Calls into the C++ engine to run the backward pass
           ^^^^^^^^^^^^^^^^^^^^^^^^^^^^^^^^^^^^^^^^^^^^^^^^^^^^^^^^^^^^^^^^^^^^^^^^^^^^^^^^^^^^^^^^^^^^^^
RuntimeError: cudnn RNN backward can only be called in training mode
