
============================================================
  SeqLSTM TRAINING PIPELINE
  Modular Ablation Framework
============================================================

============================================================
  STEP 1: LOADING CONFIGURATION
============================================================
  Config file: E:\SRIP 2025\Streamflow and Water-level Prediction\Final Stuff\srip-transformer\src\configs\seq_hier.yaml
  Config name: seq_hier

  Configuration:
    • Sequential:    ✓ ON  (3 LSTM blocks)
    • Bidirectional: ✗ OFF
    • Attention:     ✗ OFF
    • Rating Curve:  ✗ OFF
    • Hierarchical:  ✓ ON

  LSTM Settings:
    • Hidden dim:    64
    • Num layers:    1
    • Dropout:       0.1

  Hard Constraints (enforced globally):
    • Lookback:      7 days
    • Batch size:    256
    • Learning rate: 0.001
    • Epochs:        30
    • Optimizer:     Adam
    • Loss:          MSE
    • Random seed:   74

  → Setting random seed: 74

  → Using device: cuda
    GPU: NVIDIA GeForce RTX 3050 4GB Laptop GPU

============================================================
  STEP 2: LOADING AND PREPARING DATA
============================================================

  → Loading station data: E:\SRIP 2025\Streamflow and Water-level Prediction\Final Stuff\srip-transformer\hierarchial\new_Handia_with_hierarchical_quantiles.csv
    Raw data shape: (22279, 23)
    Date range: 1961-01-02 to 2021-12-31

  → Detected pre-computed hierarchical features in CSV
    • hierarchical_feature_quantile_0.1
    • hierarchical_feature_quantile_0.5
    • hierarchical_feature_quantile_0.9
    • hierarchical_feature_quantile_0.95
    ✓ Will be INCLUDED (use_hierarchical=True)

  → Determining feature set
    ✓ Including 4 hierarchical features
    Using auto-detected features
    Total features: 11
       1. rainfall
       2. tmax
       3. tmin
       4. waterlevel_upstream
       5. streamflow_upstream
       6. waterlevel_final
       7. streamflow_final
       8. hierarchical_feature_quantile_0.1
       9. hierarchical_feature_quantile_0.5
      10. hierarchical_feature_quantile_0.9
      11. hierarchical_feature_quantile_0.95
    Target: streamflow_final

  → Loading processed data
    Station: Handia
    Processed shape: (22279, 23)

  → Splitting data by year
    Train (1971-2010):        14,610 samples
    Test (1961-1970):         3,651 samples
    Test (2011-2020):         3,653 samples

  → Scaling features (MinMaxScaler)
    Scaler fitted on 11 features

  → Creating PyTorch datasets
    Lookback window: 7 days (t-7 to t-1)
    Train dataset:   14,600 sequences
    Test 61-70:      3,641 sequences
    Test 11-20:      3,643 sequences

  → Creating DataLoaders
    Batch size: 256
    Train batches: 58

============================================================
  STEP 3: SETTING UP OUTPUT DIRECTORY
============================================================
  Run directory: E:\SRIP 2025\Streamflow and Water-level Prediction\Final Stuff\srip-transformer\runs\seq_hier_20260304_204815

============================================================
  STEP 4: RATING CURVE (SKIPPED)
============================================================
  Fitter disabled in config

============================================================
  STEP 5: CREATING MODEL
============================================================

  → Initializing SeqLSTMModel
    Input dimension: 11
    Model variant:   Sequential_Hier

  → Counting parameters & FLOPs
    Total parameters: 65,497
      • lstm_block1: 19,712
      • lstm_block2: 19,712
      • lstm_block3: 19,712
      • projection: 22
      • heads: 6,339
    FLOPs (per forward pass): 806.400K  [manual estimate]

============================================================
  STEP 6: TRAINING MODEL
============================================================

  → Setting up optimizer and loss function
    Optimizer: Adam (lr=0.001)
    Loss: MSELoss

  → Starting training loop (30 epochs)
    Progress will be shown every 5 epochs


  Epoch  1/30:   0%|                                                         | 0/58 [00:00<?, ?it/s]
  Epoch  1/30:   0%|                                            | 0/58 [00:00<?, ?it/s, loss=0.0163]
  Epoch  1/30:   2%|▌                                   | 1/58 [00:00<00:23,  2.46it/s, loss=0.0163]
  Epoch  1/30:   2%|▌                                   | 1/58 [00:00<00:23,  2.46it/s, loss=0.0151]
  Epoch  1/30:   2%|▌                                   | 1/58 [00:00<00:23,  2.46it/s, loss=0.0101]
  Epoch  1/30:   2%|▌                                   | 1/58 [00:00<00:23,  2.46it/s, loss=0.0135]
  Epoch  1/30:   2%|▌                                   | 1/58 [00:00<00:23,  2.46it/s, loss=0.0082]
  Epoch  1/30:   9%|███                                 | 5/58 [00:00<00:04, 11.35it/s, loss=0.0082]
  Epoch  1/30:   9%|███                                 | 5/58 [00:00<00:04, 11.35it/s, loss=0.0057]
  Epoch  1/30:   9%|███                                 | 5/58 [00:00<00:04, 11.35it/s, loss=0.0066]
  Epoch  1/30:   9%|███                                 | 5/58 [00:00<00:04, 11.35it/s, loss=0.0042]
  Epoch  1/30:  14%|████▉                               | 8/58 [00:00<00:03, 15.85it/s, loss=0.0042]
  Epoch  1/30:  14%|████▉                               | 8/58 [00:00<00:03, 15.85it/s, loss=0.0028]
  Epoch  1/30:  14%|████▉                               | 8/58 [00:00<00:03, 15.85it/s, loss=0.0039]
  Epoch  1/30:  14%|████▉                               | 8/58 [00:00<00:03, 15.85it/s, loss=0.0050]
  Epoch  1/30:  14%|████▉                               | 8/58 [00:00<00:03, 15.85it/s, loss=0.0069]
  Epoch  1/30:  21%|███████▏                           | 12/58 [00:00<00:02, 20.97it/s, loss=0.0069]
  Epoch  1/30:  21%|███████▏                           | 12/58 [00:00<00:02, 20.97it/s, loss=0.0027]
  Epoch  1/30:  21%|███████▏                           | 12/58 [00:00<00:02, 20.97it/s, loss=0.0070]
  Epoch  1/30:  21%|███████▏                           | 12/58 [00:00<00:02, 20.97it/s, loss=0.0055]
  Epoch  1/30:  26%|█████████                          | 15/58 [00:00<00:01, 23.19it/s, loss=0.0055]
  Epoch  1/30:  26%|█████████                          | 15/58 [00:00<00:01, 23.19it/s, loss=0.0048]
  Epoch  1/30:  26%|█████████                          | 15/58 [00:00<00:01, 23.19it/s, loss=0.0047]
  Epoch  1/30:  26%|█████████                          | 15/58 [00:00<00:01, 23.19it/s, loss=0.0054]
  Epoch  1/30:  31%|██████████▊                        | 18/58 [00:00<00:01, 24.12it/s, loss=0.0054]
  Epoch  1/30:  31%|██████████▊                        | 18/58 [00:01<00:01, 24.12it/s, loss=0.0052]
  Epoch  1/30:  31%|██████████▊                        | 18/58 [00:01<00:01, 24.12it/s, loss=0.0047]
  Epoch  1/30:  31%|██████████▊                        | 18/58 [00:01<00:01, 24.12it/s, loss=0.0037]
  Epoch  1/30:  36%|████████████▋                      | 21/58 [00:01<00:01, 25.42it/s, loss=0.0037]
  Epoch  1/30:  36%|████████████▋                      | 21/58 [00:01<00:01, 25.42it/s, loss=0.0032]
  Epoch  1/30:  36%|████████████▋                      | 21/58 [00:01<00:01, 25.42it/s, loss=0.0055]
  Epoch  1/30:  36%|████████████▋                      | 21/58 [00:01<00:01, 25.42it/s, loss=0.0045]
  Epoch  1/30:  36%|████████████▋                      | 21/58 [00:01<00:01, 25.42it/s, loss=0.0037]
  Epoch  1/30:  43%|███████████████                    | 25/58 [00:01<00:01, 26.91it/s, loss=0.0037]
  Epoch  1/30:  43%|███████████████                    | 25/58 [00:01<00:01, 26.91it/s, loss=0.0049]
  Epoch  1/30:  43%|███████████████                    | 25/58 [00:01<00:01, 26.91it/s, loss=0.0037]
  Epoch  1/30:  43%|███████████████                    | 25/58 [00:01<00:01, 26.91it/s, loss=0.0039]
  Epoch  1/30:  48%|████████████████▉                  | 28/58 [00:01<00:01, 26.46it/s, loss=0.0039]
  Epoch  1/30:  48%|████████████████▉                  | 28/58 [00:01<00:01, 26.46it/s, loss=0.0092]
  Epoch  1/30:  48%|████████████████▉                  | 28/58 [00:01<00:01, 26.46it/s, loss=0.0041]
  Epoch  1/30:  48%|████████████████▉                  | 28/58 [00:01<00:01, 26.46it/s, loss=0.0032]
  Epoch  1/30:  53%|██████████████████▋                | 31/58 [00:01<00:01, 26.79it/s, loss=0.0032]
  Epoch  1/30:  53%|██████████████████▋                | 31/58 [00:01<00:01, 26.79it/s, loss=0.0025]
  Epoch  1/30:  53%|██████████████████▋                | 31/58 [00:01<00:01, 26.79it/s, loss=0.0034]
  Epoch  1/30:  53%|██████████████████▋                | 31/58 [00:01<00:01, 26.79it/s, loss=0.0041]
  Epoch  1/30:  59%|████████████████████▌              | 34/58 [00:01<00:00, 27.15it/s, loss=0.0041]
  Epoch  1/30:  59%|████████████████████▌              | 34/58 [00:01<00:00, 27.15it/s, loss=0.0034]
  Epoch  1/30:  59%|████████████████████▌              | 34/58 [00:01<00:00, 27.15it/s, loss=0.0063]
  Epoch  1/30:  59%|████████████████████▌              | 34/58 [00:01<00:00, 27.15it/s, loss=0.0031]
  Epoch  1/30:  59%|████████████████████▌              | 34/58 [00:01<00:00, 27.15it/s, loss=0.0046]
  Epoch  1/30:  66%|██████████████████████▉            | 38/58 [00:01<00:00, 28.05it/s, loss=0.0046]
  Epoch  1/30:  66%|██████████████████████▉            | 38/58 [00:01<00:00, 28.05it/s, loss=0.0047]
  Epoch  1/30:  66%|██████████████████████▉            | 38/58 [00:01<00:00, 28.05it/s, loss=0.0032]
  Epoch  1/30:  66%|██████████████████████▉            | 38/58 [00:01<00:00, 28.05it/s, loss=0.0047]
  Epoch  1/30:  71%|████████████████████████▋          | 41/58 [00:01<00:00, 26.68it/s, loss=0.0047]
  Epoch  1/30:  71%|████████████████████████▋          | 41/58 [00:01<00:00, 26.68it/s, loss=0.0044]
  Epoch  1/30:  71%|████████████████████████▋          | 41/58 [00:01<00:00, 26.68it/s, loss=0.0040]
  Epoch  1/30:  71%|████████████████████████▋          | 41/58 [00:01<00:00, 26.68it/s, loss=0.0035]
  Epoch  1/30:  76%|██████████████████████████▌        | 44/58 [00:01<00:00, 27.00it/s, loss=0.0035]
  Epoch  1/30:  76%|██████████████████████████▌        | 44/58 [00:01<00:00, 27.00it/s, loss=0.0044]
  Epoch  1/30:  76%|██████████████████████████▌        | 44/58 [00:01<00:00, 27.00it/s, loss=0.0028]
  Epoch  1/30:  76%|██████████████████████████▌        | 44/58 [00:02<00:00, 27.00it/s, loss=0.0029]
  Epoch  1/30:  81%|████████████████████████████▎      | 47/58 [00:02<00:00, 27.54it/s, loss=0.0029]
  Epoch  1/30:  81%|████████████████████████████▎      | 47/58 [00:02<00:00, 27.54it/s, loss=0.0018]
  Epoch  1/30:  81%|████████████████████████████▎      | 47/58 [00:02<00:00, 27.54it/s, loss=0.0036]
  Epoch  1/30:  81%|████████████████████████████▎      | 47/58 [00:02<00:00, 27.54it/s, loss=0.0018]
  Epoch  1/30:  81%|████████████████████████████▎      | 47/58 [00:02<00:00, 27.54it/s, loss=0.0033]
  Epoch  1/30:  88%|██████████████████████████████▊    | 51/58 [00:02<00:00, 29.36it/s, loss=0.0033]
  Epoch  1/30:  88%|██████████████████████████████▊    | 51/58 [00:02<00:00, 29.36it/s, loss=0.0024]
  Epoch  1/30:  88%|██████████████████████████████▊    | 51/58 [00:02<00:00, 29.36it/s, loss=0.0024]
  Epoch  1/30:  88%|██████████████████████████████▊    | 51/58 [00:02<00:00, 29.36it/s, loss=0.0036]
  Epoch  1/30:  93%|████████████████████████████████▌  | 54/58 [00:02<00:00, 28.90it/s, loss=0.0036]
  Epoch  1/30:  93%|████████████████████████████████▌  | 54/58 [00:02<00:00, 28.90it/s, loss=0.0007]
  Epoch  1/30:  93%|████████████████████████████████▌  | 54/58 [00:02<00:00, 28.90it/s, loss=0.0033]
  Epoch  1/30:  93%|████████████████████████████████▌  | 54/58 [00:02<00:00, 28.90it/s, loss=0.0054]
  Epoch  1/30:  98%|██████████████████████████████████▍| 57/58 [00:02<00:00, 28.60it/s, loss=0.0054]
  Epoch  1/30:  98%|██████████████████████████████████▍| 57/58 [00:02<00:00, 28.60it/s, loss=0.0006]
                                                                                                    

  Epoch  2/30:   0%|                                                         | 0/58 [00:00<?, ?it/s]
  Epoch  2/30:   0%|                                            | 0/58 [00:00<?, ?it/s, loss=0.0021]
  Epoch  2/30:   0%|                                            | 0/58 [00:00<?, ?it/s, loss=0.0021]
  Epoch  2/30:   0%|                                            | 0/58 [00:00<?, ?it/s, loss=0.0048]
  Epoch  2/30:   5%|█▊                                  | 3/58 [00:00<00:02, 26.16it/s, loss=0.0048]
  Epoch  2/30:   5%|█▊                                  | 3/58 [00:00<00:02, 26.16it/s, loss=0.0042]
  Epoch  2/30:   5%|█▊                                  | 3/58 [00:00<00:02, 26.16it/s, loss=0.0018]
  Epoch  2/30:   5%|█▊                                  | 3/58 [00:00<00:02, 26.16it/s, loss=0.0019]
  Epoch  2/30:  10%|███▋                                | 6/58 [00:00<00:01, 27.81it/s, loss=0.0019]
  Epoch  2/30:  10%|███▋                                | 6/58 [00:00<00:01, 27.81it/s, loss=0.0034]
  Epoch  2/30:  10%|███▋                                | 6/58 [00:00<00:01, 27.81it/s, loss=0.0045]
  Epoch  2/30:  10%|███▋                                | 6/58 [00:00<00:01, 27.81it/s, loss=0.0028]
  Epoch  2/30:  16%|█████▌                              | 9/58 [00:00<00:01, 28.36it/s, loss=0.0028]
  Epoch  2/30:  16%|█████▌                              | 9/58 [00:00<00:01, 28.36it/s, loss=0.0038]
  Epoch  2/30:  16%|█████▌                              | 9/58 [00:00<00:01, 28.36it/s, loss=0.0018]
  Epoch  2/30:  16%|█████▌                              | 9/58 [00:00<00:01, 28.36it/s, loss=0.0049]
  Epoch  2/30:  21%|███████▏                           | 12/58 [00:00<00:01, 25.97it/s, loss=0.0049]
  Epoch  2/30:  21%|███████▏                           | 12/58 [00:00<00:01, 25.97it/s, loss=0.0027]
  Epoch  2/30:  21%|███████▏                           | 12/58 [00:00<00:01, 25.97it/s, loss=0.0014]
  Epoch  2/30:  21%|███████▏                           | 12/58 [00:00<00:01, 25.97it/s, loss=0.0019]
  Epoch  2/30:  26%|█████████                          | 15/58 [00:00<00:01, 26.18it/s, loss=0.0019]
  Epoch  2/30:  26%|█████████                          | 15/58 [00:00<00:01, 26.18it/s, loss=0.0015]
  Epoch  2/30:  26%|█████████                          | 15/58 [00:00<00:01, 26.18it/s, loss=0.0014]
  Epoch  2/30:  26%|█████████                          | 15/58 [00:00<00:01, 26.18it/s, loss=0.0037]
  Epoch  2/30:  31%|██████████▊                        | 18/58 [00:00<00:01, 26.85it/s, loss=0.0037]
  Epoch  2/30:  31%|██████████▊                        | 18/58 [00:00<00:01, 26.85it/s, loss=0.0018]
  Epoch  2/30:  31%|██████████▊                        | 18/58 [00:00<00:01, 26.85it/s, loss=0.0045]
  Epoch  2/30:  31%|██████████▊                        | 18/58 [00:00<00:01, 26.85it/s, loss=0.0031]
  Epoch  2/30:  31%|██████████▊                        | 18/58 [00:00<00:01, 26.85it/s, loss=0.0022]
  Epoch  2/30:  38%|█████████████▎                     | 22/58 [00:00<00:01, 28.58it/s, loss=0.0022]
  Epoch  2/30:  38%|█████████████▎                     | 22/58 [00:00<00:01, 28.58it/s, loss=0.0022]
  Epoch  2/30:  38%|█████████████▎                     | 22/58 [00:00<00:01, 28.58it/s, loss=0.0032]
  Epoch  2/30:  38%|█████████████▎                     | 22/58 [00:00<00:01, 28.58it/s, loss=0.0026]
  Epoch  2/30:  43%|███████████████                    | 25/58 [00:00<00:01, 27.82it/s, loss=0.0026]
  Epoch  2/30:  43%|███████████████                    | 25/58 [00:00<00:01, 27.82it/s, loss=0.0025]
  Epoch  2/30:  43%|███████████████                    | 25/58 [00:00<00:01, 27.82it/s, loss=0.0013]
  Epoch  2/30:  43%|███████████████                    | 25/58 [00:01<00:01, 27.82it/s, loss=0.0009]
  Epoch  2/30:  48%|████████████████▉                  | 28/58 [00:01<00:01, 28.34it/s, loss=0.0009]
  Epoch  2/30:  48%|████████████████▉                  | 28/58 [00:01<00:01, 28.34it/s, loss=0.0036]
  Epoch  2/30:  48%|████████████████▉                  | 28/58 [00:01<00:01, 28.34it/s, loss=0.0031]
  Epoch  2/30:  48%|████████████████▉                  | 28/58 [00:01<00:01, 28.34it/s, loss=0.0028]
  Epoch  2/30:  48%|████████████████▉                  | 28/58 [00:01<00:01, 28.34it/s, loss=0.0009]
  Epoch  2/30:  55%|███████████████████▎               | 32/58 [00:01<00:00, 29.25it/s, loss=0.0009]
  Epoch  2/30:  55%|███████████████████▎               | 32/58 [00:01<00:00, 29.25it/s, loss=0.0011]
  Epoch  2/30:  55%|███████████████████▎               | 32/58 [00:01<00:00, 29.25it/s, loss=0.0016]
  Epoch  2/30:  55%|███████████████████▎               | 32/58 [00:01<00:00, 29.25it/s, loss=0.0015]
  Epoch  2/30:  60%|█████████████████████              | 35/58 [00:01<00:00, 29.05it/s, loss=0.0015]
  Epoch  2/30:  60%|█████████████████████              | 35/58 [00:01<00:00, 29.05it/s, loss=0.0022]
  Epoch  2/30:  60%|█████████████████████              | 35/58 [00:01<00:00, 29.05it/s, loss=0.0031]
  Epoch  2/30:  60%|█████████████████████              | 35/58 [00:01<00:00, 29.05it/s, loss=0.0016]
  Epoch  2/30:  66%|██████████████████████▉            | 38/58 [00:01<00:00, 28.16it/s, loss=0.0016]
  Epoch  2/30:  66%|██████████████████████▉            | 38/58 [00:01<00:00, 28.16it/s, loss=0.0018]
  Epoch  2/30:  66%|██████████████████████▉            | 38/58 [00:01<00:00, 28.16it/s, loss=0.0043]
  Epoch  2/30:  66%|██████████████████████▉            | 38/58 [00:01<00:00, 28.16it/s, loss=0.0045]
  Epoch  2/30:  66%|██████████████████████▉            | 38/58 [00:01<00:00, 28.16it/s, loss=0.0038]
  Epoch  2/30:  72%|█████████████████████████▎         | 42/58 [00:01<00:00, 30.05it/s, loss=0.0038]
  Epoch  2/30:  72%|█████████████████████████▎         | 42/58 [00:01<00:00, 30.05it/s, loss=0.0024]
  Epoch  2/30:  72%|█████████████████████████▎         | 42/58 [00:01<00:00, 30.05it/s, loss=0.0014]
  Epoch  2/30:  72%|█████████████████████████▎         | 42/58 [00:01<00:00, 30.05it/s, loss=0.0019]
  Epoch  2/30:  72%|█████████████████████████▎         | 42/58 [00:01<00:00, 30.05it/s, loss=0.0021]
  Epoch  2/30:  79%|███████████████████████████▊       | 46/58 [00:01<00:00, 31.15it/s, loss=0.0021]
  Epoch  2/30:  79%|███████████████████████████▊       | 46/58 [00:01<00:00, 31.15it/s, loss=0.0012]
  Epoch  2/30:  79%|███████████████████████████▊       | 46/58 [00:01<00:00, 31.15it/s, loss=0.0024]
  Epoch  2/30:  79%|███████████████████████████▊       | 46/58 [00:01<00:00, 31.15it/s, loss=0.0040]
  Epoch  2/30:  79%|███████████████████████████▊       | 46/58 [00:01<00:00, 31.15it/s, loss=0.0037]
  Epoch  2/30:  86%|██████████████████████████████▏    | 50/58 [00:01<00:00, 32.88it/s, loss=0.0037]
  Epoch  2/30:  86%|██████████████████████████████▏    | 50/58 [00:01<00:00, 32.88it/s, loss=0.0029]
  Epoch  2/30:  86%|██████████████████████████████▏    | 50/58 [00:01<00:00, 32.88it/s, loss=0.0017]
  Epoch  2/30:  86%|██████████████████████████████▏    | 50/58 [00:01<00:00, 32.88it/s, loss=0.0030]
  Epoch  2/30:  86%|██████████████████████████████▏    | 50/58 [00:01<00:00, 32.88it/s, loss=0.0032]
  Epoch  2/30:  93%|████████████████████████████████▌  | 54/58 [00:01<00:00, 32.06it/s, loss=0.0032]
  Epoch  2/30:  93%|████████████████████████████████▌  | 54/58 [00:01<00:00, 32.06it/s, loss=0.0020]
  Epoch  2/30:  93%|████████████████████████████████▌  | 54/58 [00:01<00:00, 32.06it/s, loss=0.0016]
  Epoch  2/30:  93%|████████████████████████████████▌  | 54/58 [00:01<00:00, 32.06it/s, loss=0.0022]
  Epoch  2/30:  93%|████████████████████████████████▌  | 54/58 [00:01<00:00, 32.06it/s, loss=0.0004]
  Epoch  2/30: 100%|███████████████████████████████████| 58/58 [00:01<00:00, 33.01it/s, loss=0.0004]
                                                                                                    

  Epoch  3/30:   0%|                                                         | 0/58 [00:00<?, ?it/s]
  Epoch  3/30:   0%|                                            | 0/58 [00:00<?, ?it/s, loss=0.0035]
  Epoch  3/30:   0%|                                            | 0/58 [00:00<?, ?it/s, loss=0.0019]
  Epoch  3/30:   0%|                                            | 0/58 [00:00<?, ?it/s, loss=0.0011]
  Epoch  3/30:   0%|                                            | 0/58 [00:00<?, ?it/s, loss=0.0021]
  Epoch  3/30:   7%|██▍                                 | 4/58 [00:00<00:01, 36.53it/s, loss=0.0021]
  Epoch  3/30:   7%|██▍                                 | 4/58 [00:00<00:01, 36.53it/s, loss=0.0019]
  Epoch  3/30:   7%|██▍                                 | 4/58 [00:00<00:01, 36.53it/s, loss=0.0008]
  Epoch  3/30:   7%|██▍                                 | 4/58 [00:00<00:01, 36.53it/s, loss=0.0021]
  Epoch  3/30:   7%|██▍                                 | 4/58 [00:00<00:01, 36.53it/s, loss=0.0048]
  Epoch  3/30:  14%|████▉                               | 8/58 [00:00<00:01, 32.55it/s, loss=0.0048]
  Epoch  3/30:  14%|████▉                               | 8/58 [00:00<00:01, 32.55it/s, loss=0.0021]
  Epoch  3/30:  14%|████▉                               | 8/58 [00:00<00:01, 32.55it/s, loss=0.0025]
  Epoch  3/30:  14%|████▉                               | 8/58 [00:00<00:01, 32.55it/s, loss=0.0013]
  Epoch  3/30:  14%|████▉                               | 8/58 [00:00<00:01, 32.55it/s, loss=0.0031]
  Epoch  3/30:  21%|███████▏                           | 12/58 [00:00<00:01, 30.19it/s, loss=0.0031]
  Epoch  3/30:  21%|███████▏                           | 12/58 [00:00<00:01, 30.19it/s, loss=0.0031]
  Epoch  3/30:  21%|███████▏                           | 12/58 [00:00<00:01, 30.19it/s, loss=0.0012]
  Epoch  3/30:  21%|███████▏                           | 12/58 [00:00<00:01, 30.19it/s, loss=0.0014]
  Epoch  3/30:  21%|███████▏                           | 12/58 [00:00<00:01, 30.19it/s, loss=0.0037]
  Epoch  3/30:  28%|█████████▋                         | 16/58 [00:00<00:01, 30.30it/s, loss=0.0037]
  Epoch  3/30:  28%|█████████▋                         | 16/58 [00:00<00:01, 30.30it/s, loss=0.0019]
  Epoch  3/30:  28%|█████████▋                         | 16/58 [00:00<00:01, 30.30it/s, loss=0.0026]
  Epoch  3/30:  28%|█████████▋                         | 16/58 [00:00<00:01, 30.30it/s, loss=0.0023]
  Epoch  3/30:  28%|█████████▋                         | 16/58 [00:00<00:01, 30.30it/s, loss=0.0024]
  Epoch  3/30:  28%|█████████▋                         | 16/58 [00:00<00:01, 30.30it/s, loss=0.0010]
  Epoch  3/30:  36%|████████████▋                      | 21/58 [00:00<00:01, 34.10it/s, loss=0.0010]
  Epoch  3/30:  36%|████████████▋                      | 21/58 [00:00<00:01, 34.10it/s, loss=0.0014]
  Epoch  3/30:  36%|████████████▋                      | 21/58 [00:00<00:01, 34.10it/s, loss=0.0023]
  Epoch  3/30:  36%|████████████▋                      | 21/58 [00:00<00:01, 34.10it/s, loss=0.0024]
  Epoch  3/30:  36%|████████████▋                      | 21/58 [00:00<00:01, 34.10it/s, loss=0.0019]
  Epoch  3/30:  36%|████████████▋                      | 21/58 [00:00<00:01, 34.10it/s, loss=0.0015]
  Epoch  3/30:  45%|███████████████▋                   | 26/58 [00:00<00:00, 37.13it/s, loss=0.0015]
  Epoch  3/30:  45%|███████████████▋                   | 26/58 [00:00<00:00, 37.13it/s, loss=0.0034]
  Epoch  3/30:  45%|███████████████▋                   | 26/58 [00:00<00:00, 37.13it/s, loss=0.0027]
  Epoch  3/30:  45%|███████████████▋                   | 26/58 [00:00<00:00, 37.13it/s, loss=0.0026]
  Epoch  3/30:  45%|███████████████▋                   | 26/58 [00:00<00:00, 37.13it/s, loss=0.0027]
  Epoch  3/30:  45%|███████████████▋                   | 26/58 [00:00<00:00, 37.13it/s, loss=0.0018]
  Epoch  3/30:  53%|██████████████████▋                | 31/58 [00:00<00:00, 38.89it/s, loss=0.0018]
  Epoch  3/30:  53%|██████████████████▋                | 31/58 [00:00<00:00, 38.89it/s, loss=0.0023]
  Epoch  3/30:  53%|██████████████████▋                | 31/58 [00:00<00:00, 38.89it/s, loss=0.0024]
  Epoch  3/30:  53%|██████████████████▋                | 31/58 [00:00<00:00, 38.89it/s, loss=0.0013]
  Epoch  3/30:  53%|██████████████████▋                | 31/58 [00:01<00:00, 38.89it/s, loss=0.0021]
  Epoch  3/30:  60%|█████████████████████              | 35/58 [00:01<00:00, 35.38it/s, loss=0.0021]
  Epoch  3/30:  60%|█████████████████████              | 35/58 [00:01<00:00, 35.38it/s, loss=0.0020]
  Epoch  3/30:  60%|█████████████████████              | 35/58 [00:01<00:00, 35.38it/s, loss=0.0022]
  Epoch  3/30:  60%|█████████████████████              | 35/58 [00:01<00:00, 35.38it/s, loss=0.0011]
  Epoch  3/30:  60%|█████████████████████              | 35/58 [00:01<00:00, 35.38it/s, loss=0.0017]
  Epoch  3/30:  60%|█████████████████████              | 35/58 [00:01<00:00, 35.38it/s, loss=0.0037]
  Epoch  3/30:  69%|████████████████████████▏          | 40/58 [00:01<00:00, 38.44it/s, loss=0.0037]
  Epoch  3/30:  69%|████████████████████████▏          | 40/58 [00:01<00:00, 38.44it/s, loss=0.0023]
  Epoch  3/30:  69%|████████████████████████▏          | 40/58 [00:01<00:00, 38.44it/s, loss=0.0027]
  Epoch  3/30:  69%|████████████████████████▏          | 40/58 [00:01<00:00, 38.44it/s, loss=0.0017]
  Epoch  3/30:  69%|████████████████████████▏          | 40/58 [00:01<00:00, 38.44it/s, loss=0.0017]
  Epoch  3/30:  69%|████████████████████████▏          | 40/58 [00:01<00:00, 38.44it/s, loss=0.0020]
  Epoch  3/30:  78%|███████████████████████████▏       | 45/58 [00:01<00:00, 39.12it/s, loss=0.0020]
  Epoch  3/30:  78%|███████████████████████████▏       | 45/58 [00:01<00:00, 39.12it/s, loss=0.0015]
  Epoch  3/30:  78%|███████████████████████████▏       | 45/58 [00:01<00:00, 39.12it/s, loss=0.0012]
  Epoch  3/30:  78%|███████████████████████████▏       | 45/58 [00:01<00:00, 39.12it/s, loss=0.0020]
  Epoch  3/30:  78%|███████████████████████████▏       | 45/58 [00:01<00:00, 39.12it/s, loss=0.0016]
  Epoch  3/30:  84%|█████████████████████████████▌     | 49/58 [00:01<00:00, 39.18it/s, loss=0.0016]
  Epoch  3/30:  84%|█████████████████████████████▌     | 49/58 [00:01<00:00, 39.18it/s, loss=0.0014]
  Epoch  3/30:  84%|█████████████████████████████▌     | 49/58 [00:01<00:00, 39.18it/s, loss=0.0013]
  Epoch  3/30:  84%|█████████████████████████████▌     | 49/58 [00:01<00:00, 39.18it/s, loss=0.0040]
  Epoch  3/30:  84%|█████████████████████████████▌     | 49/58 [00:01<00:00, 39.18it/s, loss=0.0024]
  Epoch  3/30:  91%|███████████████████████████████▉   | 53/58 [00:01<00:00, 39.25it/s, loss=0.0024]
  Epoch  3/30:  91%|███████████████████████████████▉   | 53/58 [00:01<00:00, 39.25it/s, loss=0.0011]
  Epoch  3/30:  91%|███████████████████████████████▉   | 53/58 [00:01<00:00, 39.25it/s, loss=0.0015]
  Epoch  3/30:  91%|███████████████████████████████▉   | 53/58 [00:01<00:00, 39.25it/s, loss=0.0027]
  Epoch  3/30:  91%|███████████████████████████████▉   | 53/58 [00:01<00:00, 39.25it/s, loss=0.0016]
  Epoch  3/30:  98%|██████████████████████████████████▍| 57/58 [00:01<00:00, 38.70it/s, loss=0.0016]
  Epoch  3/30:  98%|██████████████████████████████████▍| 57/58 [00:01<00:00, 38.70it/s, loss=0.0004]
                                                                                                    

  Epoch  4/30:   0%|                                                         | 0/58 [00:00<?, ?it/s]
  Epoch  4/30:   0%|                                            | 0/58 [00:00<?, ?it/s, loss=0.0030]
  Epoch  4/30:   0%|                                            | 0/58 [00:00<?, ?it/s, loss=0.0047]
  Epoch  4/30:   0%|                                            | 0/58 [00:00<?, ?it/s, loss=0.0032]
  Epoch  4/30:   0%|                                            | 0/58 [00:00<?, ?it/s, loss=0.0009]
  Epoch  4/30:   7%|██▍                                 | 4/58 [00:00<00:01, 30.42it/s, loss=0.0009]
  Epoch  4/30:   7%|██▍                                 | 4/58 [00:00<00:01, 30.42it/s, loss=0.0026]
  Epoch  4/30:   7%|██▍                                 | 4/58 [00:00<00:01, 30.42it/s, loss=0.0009]
  Epoch  4/30:   7%|██▍                                 | 4/58 [00:00<00:01, 30.42it/s, loss=0.0018]
  Epoch  4/30:   7%|██▍                                 | 4/58 [00:00<00:01, 30.42it/s, loss=0.0028]
  Epoch  4/30:   7%|██▍                                 | 4/58 [00:00<00:01, 30.42it/s, loss=0.0010]
  Epoch  4/30:  16%|█████▌                              | 9/58 [00:00<00:01, 34.76it/s, loss=0.0010]
  Epoch  4/30:  16%|█████▌                              | 9/58 [00:00<00:01, 34.76it/s, loss=0.0028]
  Epoch  4/30:  16%|█████▌                              | 9/58 [00:00<00:01, 34.76it/s, loss=0.0019]
  Epoch  4/30:  16%|█████▌                              | 9/58 [00:00<00:01, 34.76it/s, loss=0.0030]
  Epoch  4/30:  16%|█████▌                              | 9/58 [00:00<00:01, 34.76it/s, loss=0.0007]
  Epoch  4/30:  16%|█████▌                              | 9/58 [00:00<00:01, 34.76it/s, loss=0.0013]
  Epoch  4/30:  24%|████████▍                          | 14/58 [00:00<00:01, 36.84it/s, loss=0.0013]
  Epoch  4/30:  24%|████████▍                          | 14/58 [00:00<00:01, 36.84it/s, loss=0.0013]
  Epoch  4/30:  24%|████████▍                          | 14/58 [00:00<00:01, 36.84it/s, loss=0.0007]
  Epoch  4/30:  24%|████████▍                          | 14/58 [00:00<00:01, 36.84it/s, loss=0.0020]
  Epoch  4/30:  24%|████████▍                          | 14/58 [00:00<00:01, 36.84it/s, loss=0.0014]
  Epoch  4/30:  24%|████████▍                          | 14/58 [00:00<00:01, 36.84it/s, loss=0.0009]
  Epoch  4/30:  33%|███████████▍                       | 19/58 [00:00<00:01, 38.69it/s, loss=0.0009]
  Epoch  4/30:  33%|███████████▍                       | 19/58 [00:00<00:01, 38.69it/s, loss=0.0016]
  Epoch  4/30:  33%|███████████▍                       | 19/58 [00:00<00:01, 38.69it/s, loss=0.0022]
  Epoch  4/30:  33%|███████████▍                       | 19/58 [00:00<00:01, 38.69it/s, loss=0.0027]
  Epoch  4/30:  33%|███████████▍                       | 19/58 [00:00<00:01, 38.69it/s, loss=0.0023]
  Epoch  4/30:  40%|█████████████▉                     | 23/58 [00:00<00:00, 38.24it/s, loss=0.0023]
  Epoch  4/30:  40%|█████████████▉                     | 23/58 [00:00<00:00, 38.24it/s, loss=0.0010]
  Epoch  4/30:  40%|█████████████▉                     | 23/58 [00:00<00:00, 38.24it/s, loss=0.0009]
  Epoch  4/30:  40%|█████████████▉                     | 23/58 [00:00<00:00, 38.24it/s, loss=0.0018]
  Epoch  4/30:  40%|█████████████▉                     | 23/58 [00:00<00:00, 38.24it/s, loss=0.0014]
  Epoch  4/30:  47%|████████████████▎                  | 27/58 [00:00<00:00, 37.91it/s, loss=0.0014]
  Epoch  4/30:  47%|████████████████▎                  | 27/58 [00:00<00:00, 37.91it/s, loss=0.0012]
  Epoch  4/30:  47%|████████████████▎                  | 27/58 [00:00<00:00, 37.91it/s, loss=0.0026]
  Epoch  4/30:  47%|████████████████▎                  | 27/58 [00:00<00:00, 37.91it/s, loss=0.0036]
  Epoch  4/30:  47%|████████████████▎                  | 27/58 [00:00<00:00, 37.91it/s, loss=0.0014]
  Epoch  4/30:  53%|██████████████████▋                | 31/58 [00:00<00:00, 35.89it/s, loss=0.0014]
  Epoch  4/30:  53%|██████████████████▋                | 31/58 [00:00<00:00, 35.89it/s, loss=0.0019]
  Epoch  4/30:  53%|██████████████████▋                | 31/58 [00:00<00:00, 35.89it/s, loss=0.0027]
  Epoch  4/30:  53%|██████████████████▋                | 31/58 [00:00<00:00, 35.89it/s, loss=0.0016]
  Epoch  4/30:  53%|██████████████████▋                | 31/58 [00:00<00:00, 35.89it/s, loss=0.0027]
  Epoch  4/30:  60%|█████████████████████              | 35/58 [00:00<00:00, 36.38it/s, loss=0.0027]
  Epoch  4/30:  60%|█████████████████████              | 35/58 [00:00<00:00, 36.38it/s, loss=0.0008]
  Epoch  4/30:  60%|█████████████████████              | 35/58 [00:01<00:00, 36.38it/s, loss=0.0020]
  Epoch  4/30:  60%|█████████████████████              | 35/58 [00:01<00:00, 36.38it/s, loss=0.0028]
  Epoch  4/30:  60%|█████████████████████              | 35/58 [00:01<00:00, 36.38it/s, loss=0.0021]
  Epoch  4/30:  67%|███████████████████████▌           | 39/58 [00:01<00:00, 35.84it/s, loss=0.0021]
  Epoch  4/30:  67%|███████████████████████▌           | 39/58 [00:01<00:00, 35.84it/s, loss=0.0024]
  Epoch  4/30:  67%|███████████████████████▌           | 39/58 [00:01<00:00, 35.84it/s, loss=0.0015]
  Epoch  4/30:  67%|███████████████████████▌           | 39/58 [00:01<00:00, 35.84it/s, loss=0.0012]
  Epoch  4/30:  67%|███████████████████████▌           | 39/58 [00:01<00:00, 35.84it/s, loss=0.0009]
  Epoch  4/30:  74%|█████████████████████████▉         | 43/58 [00:01<00:00, 35.78it/s, loss=0.0009]
  Epoch  4/30:  74%|█████████████████████████▉         | 43/58 [00:01<00:00, 35.78it/s, loss=0.0018]
  Epoch  4/30:  74%|█████████████████████████▉         | 43/58 [00:01<00:00, 35.78it/s, loss=0.0016]
  Epoch  4/30:  74%|█████████████████████████▉         | 43/58 [00:01<00:00, 35.78it/s, loss=0.0008]
  Epoch  4/30:  74%|█████████████████████████▉         | 43/58 [00:01<00:00, 35.78it/s, loss=0.0017]
  Epoch  4/30:  81%|████████████████████████████▎      | 47/58 [00:01<00:00, 33.78it/s, loss=0.0017]
  Epoch  4/30:  81%|████████████████████████████▎      | 47/58 [00:01<00:00, 33.78it/s, loss=0.0036]
  Epoch  4/30:  81%|████████████████████████████▎      | 47/58 [00:01<00:00, 33.78it/s, loss=0.0023]
  Epoch  4/30:  81%|████████████████████████████▎      | 47/58 [00:01<00:00, 33.78it/s, loss=0.0019]
  Epoch  4/30:  81%|████████████████████████████▎      | 47/58 [00:01<00:00, 33.78it/s, loss=0.0014]
  Epoch  4/30:  88%|██████████████████████████████▊    | 51/58 [00:01<00:00, 32.07it/s, loss=0.0014]
  Epoch  4/30:  88%|██████████████████████████████▊    | 51/58 [00:01<00:00, 32.07it/s, loss=0.0010]
  Epoch  4/30:  88%|██████████████████████████████▊    | 51/58 [00:01<00:00, 32.07it/s, loss=0.0013]
  Epoch  4/30:  88%|██████████████████████████████▊    | 51/58 [00:01<00:00, 32.07it/s, loss=0.0011]
  Epoch  4/30:  88%|██████████████████████████████▊    | 51/58 [00:01<00:00, 32.07it/s, loss=0.0014]
  Epoch  4/30:  95%|█████████████████████████████████▏ | 55/58 [00:01<00:00, 31.79it/s, loss=0.0014]
  Epoch  4/30:  95%|█████████████████████████████████▏ | 55/58 [00:01<00:00, 31.79it/s, loss=0.0015]
  Epoch  4/30:  95%|█████████████████████████████████▏ | 55/58 [00:01<00:00, 31.79it/s, loss=0.0023]
  Epoch  4/30:  95%|█████████████████████████████████▏ | 55/58 [00:01<00:00, 31.79it/s, loss=0.0006]
                                                                                                    

  Epoch  5/30:   0%|                                                         | 0/58 [00:00<?, ?it/s]
  Epoch  5/30:   0%|                                            | 0/58 [00:00<?, ?it/s, loss=0.0011]
  Epoch  5/30:   0%|                                            | 0/58 [00:00<?, ?it/s, loss=0.0018]
  Epoch  5/30:   0%|                                            | 0/58 [00:00<?, ?it/s, loss=0.0013]
  Epoch  5/30:   0%|                                            | 0/58 [00:00<?, ?it/s, loss=0.0015]
  Epoch  5/30:   7%|██▍                                 | 4/58 [00:00<00:01, 31.12it/s, loss=0.0015]
  Epoch  5/30:   7%|██▍                                 | 4/58 [00:00<00:01, 31.12it/s, loss=0.0008]
  Epoch  5/30:   7%|██▍                                 | 4/58 [00:00<00:01, 31.12it/s, loss=0.0011]
  Epoch  5/30:   7%|██▍                                 | 4/58 [00:00<00:01, 31.12it/s, loss=0.0022]
  Epoch  5/30:   7%|██▍                                 | 4/58 [00:00<00:01, 31.12it/s, loss=0.0020]
  Epoch  5/30:  14%|████▉                               | 8/58 [00:00<00:01, 31.28it/s, loss=0.0020]
  Epoch  5/30:  14%|████▉                               | 8/58 [00:00<00:01, 31.28it/s, loss=0.0011]
  Epoch  5/30:  14%|████▉                               | 8/58 [00:00<00:01, 31.28it/s, loss=0.0025]
  Epoch  5/30:  14%|████▉                               | 8/58 [00:00<00:01, 31.28it/s, loss=0.0019]
  Epoch  5/30:  14%|████▉                               | 8/58 [00:00<00:01, 31.28it/s, loss=0.0008]
  Epoch  5/30:  21%|███████▏                           | 12/58 [00:00<00:01, 33.90it/s, loss=0.0008]
  Epoch  5/30:  21%|███████▏                           | 12/58 [00:00<00:01, 33.90it/s, loss=0.0016]
  Epoch  5/30:  21%|███████▏                           | 12/58 [00:00<00:01, 33.90it/s, loss=0.0015]
  Epoch  5/30:  21%|███████▏                           | 12/58 [00:00<00:01, 33.90it/s, loss=0.0012]
  Epoch  5/30:  21%|███████▏                           | 12/58 [00:00<00:01, 33.90it/s, loss=0.0014]
  Epoch  5/30:  28%|█████████▋                         | 16/58 [00:00<00:01, 31.90it/s, loss=0.0014]
  Epoch  5/30:  28%|█████████▋                         | 16/58 [00:00<00:01, 31.90it/s, loss=0.0019]
  Epoch  5/30:  28%|█████████▋                         | 16/58 [00:00<00:01, 31.90it/s, loss=0.0019]
  Epoch  5/30:  28%|█████████▋                         | 16/58 [00:00<00:01, 31.90it/s, loss=0.0028]
  Epoch  5/30:  28%|█████████▋                         | 16/58 [00:00<00:01, 31.90it/s, loss=0.0018]
  Epoch  5/30:  34%|████████████                       | 20/58 [00:00<00:01, 32.18it/s, loss=0.0018]
  Epoch  5/30:  34%|████████████                       | 20/58 [00:00<00:01, 32.18it/s, loss=0.0026]
  Epoch  5/30:  34%|████████████                       | 20/58 [00:00<00:01, 32.18it/s, loss=0.0029]
  Epoch  5/30:  34%|████████████                       | 20/58 [00:00<00:01, 32.18it/s, loss=0.0021]
  Epoch  5/30:  34%|████████████                       | 20/58 [00:00<00:01, 32.18it/s, loss=0.0025]
  Epoch  5/30:  41%|██████████████▍                    | 24/58 [00:00<00:01, 32.69it/s, loss=0.0025]
  Epoch  5/30:  41%|██████████████▍                    | 24/58 [00:00<00:01, 32.69it/s, loss=0.0022]
  Epoch  5/30:  41%|██████████████▍                    | 24/58 [00:00<00:01, 32.69it/s, loss=0.0017]
  Epoch  5/30:  41%|██████████████▍                    | 24/58 [00:00<00:01, 32.69it/s, loss=0.0014]
  Epoch  5/30:  41%|██████████████▍                    | 24/58 [00:00<00:01, 32.69it/s, loss=0.0027]
  Epoch  5/30:  48%|████████████████▉                  | 28/58 [00:00<00:00, 31.50it/s, loss=0.0027]
  Epoch  5/30:  48%|████████████████▉                  | 28/58 [00:00<00:00, 31.50it/s, loss=0.0013]
  Epoch  5/30:  48%|████████████████▉                  | 28/58 [00:00<00:00, 31.50it/s, loss=0.0030]
  Epoch  5/30:  48%|████████████████▉                  | 28/58 [00:00<00:00, 31.50it/s, loss=0.0013]
  Epoch  5/30:  48%|████████████████▉                  | 28/58 [00:00<00:00, 31.50it/s, loss=0.0010]
  Epoch  5/30:  55%|███████████████████▎               | 32/58 [00:00<00:00, 32.25it/s, loss=0.0010]
  Epoch  5/30:  55%|███████████████████▎               | 32/58 [00:01<00:00, 32.25it/s, loss=0.0014]
  Epoch  5/30:  55%|███████████████████▎               | 32/58 [00:01<00:00, 32.25it/s, loss=0.0018]
  Epoch  5/30:  55%|███████████████████▎               | 32/58 [00:01<00:00, 32.25it/s, loss=0.0011]
  Epoch  5/30:  55%|███████████████████▎               | 32/58 [00:01<00:00, 32.25it/s, loss=0.0022]
  Epoch  5/30:  62%|█████████████████████▋             | 36/58 [00:01<00:00, 33.79it/s, loss=0.0022]
  Epoch  5/30:  62%|█████████████████████▋             | 36/58 [00:01<00:00, 33.79it/s, loss=0.0021]
  Epoch  5/30:  62%|█████████████████████▋             | 36/58 [00:01<00:00, 33.79it/s, loss=0.0007]
  Epoch  5/30:  62%|█████████████████████▋             | 36/58 [00:01<00:00, 33.79it/s, loss=0.0013]
  Epoch  5/30:  62%|█████████████████████▋             | 36/58 [00:01<00:00, 33.79it/s, loss=0.0014]
  Epoch  5/30:  62%|█████████████████████▋             | 36/58 [00:01<00:00, 33.79it/s, loss=0.0009]
  Epoch  5/30:  71%|████████████████████████▋          | 41/58 [00:01<00:00, 34.65it/s, loss=0.0009]
  Epoch  5/30:  71%|████████████████████████▋          | 41/58 [00:01<00:00, 34.65it/s, loss=0.0019]
  Epoch  5/30:  71%|████████████████████████▋          | 41/58 [00:01<00:00, 34.65it/s, loss=0.0009]
  Epoch  5/30:  71%|████████████████████████▋          | 41/58 [00:01<00:00, 34.65it/s, loss=0.0015]
  Epoch  5/30:  71%|████████████████████████▋          | 41/58 [00:01<00:00, 34.65it/s, loss=0.0020]
  Epoch  5/30:  78%|███████████████████████████▏       | 45/58 [00:01<00:00, 33.17it/s, loss=0.0020]
  Epoch  5/30:  78%|███████████████████████████▏       | 45/58 [00:01<00:00, 33.17it/s, loss=0.0018]
  Epoch  5/30:  78%|███████████████████████████▏       | 45/58 [00:01<00:00, 33.17it/s, loss=0.0024]
  Epoch  5/30:  78%|███████████████████████████▏       | 45/58 [00:01<00:00, 33.17it/s, loss=0.0015]
  Epoch  5/30:  78%|███████████████████████████▏       | 45/58 [00:01<00:00, 33.17it/s, loss=0.0013]
  Epoch  5/30:  84%|█████████████████████████████▌     | 49/58 [00:01<00:00, 33.82it/s, loss=0.0013]
  Epoch  5/30:  84%|█████████████████████████████▌     | 49/58 [00:01<00:00, 33.82it/s, loss=0.0021]
  Epoch  5/30:  84%|█████████████████████████████▌     | 49/58 [00:01<00:00, 33.82it/s, loss=0.0021]
  Epoch  5/30:  84%|█████████████████████████████▌     | 49/58 [00:01<00:00, 33.82it/s, loss=0.0013]
  Epoch  5/30:  84%|█████████████████████████████▌     | 49/58 [00:01<00:00, 33.82it/s, loss=0.0022]
  Epoch  5/30:  91%|███████████████████████████████▉   | 53/58 [00:01<00:00, 34.77it/s, loss=0.0022]
  Epoch  5/30:  91%|███████████████████████████████▉   | 53/58 [00:01<00:00, 34.77it/s, loss=0.0016]
  Epoch  5/30:  91%|███████████████████████████████▉   | 53/58 [00:01<00:00, 34.77it/s, loss=0.0015]
  Epoch  5/30:  91%|███████████████████████████████▉   | 53/58 [00:01<00:00, 34.77it/s, loss=0.0018]
  Epoch  5/30:  91%|███████████████████████████████▉   | 53/58 [00:01<00:00, 34.77it/s, loss=0.0016]
  Epoch  5/30:  98%|██████████████████████████████████▍| 57/58 [00:01<00:00, 34.52it/s, loss=0.0016]
  Epoch  5/30:  98%|██████████████████████████████████▍| 57/58 [00:01<00:00, 34.52it/s, loss=0.0003]
                                                                                                    
  Epoch  5/30 │ Loss: 0.0017 │ T+1: 0.8389 │ T+2: 0.5940 │ T+3: 0.4853 ★ NEW BEST

  Epoch  6/30:   0%|                                                         | 0/58 [00:00<?, ?it/s]
  Epoch  6/30:   0%|                                            | 0/58 [00:00<?, ?it/s, loss=0.0024]
  Epoch  6/30:   0%|                                            | 0/58 [00:00<?, ?it/s, loss=0.0008]
  Epoch  6/30:   3%|█▏                                  | 2/58 [00:00<00:02, 19.29it/s, loss=0.0008]
  Epoch  6/30:   3%|█▏                                  | 2/58 [00:00<00:02, 19.29it/s, loss=0.0007]
  Epoch  6/30:   3%|█▏                                  | 2/58 [00:00<00:02, 19.29it/s, loss=0.0011]
  Epoch  6/30:   3%|█▏                                  | 2/58 [00:00<00:02, 19.29it/s, loss=0.0038]
  Epoch  6/30:   9%|███                                 | 5/58 [00:00<00:02, 24.98it/s, loss=0.0038]
  Epoch  6/30:   9%|███                                 | 5/58 [00:00<00:02, 24.98it/s, loss=0.0018]
  Epoch  6/30:   9%|███                                 | 5/58 [00:00<00:02, 24.98it/s, loss=0.0012]
  Epoch  6/30:   9%|███                                 | 5/58 [00:00<00:02, 24.98it/s, loss=0.0021]
  Epoch  6/30:   9%|███                                 | 5/58 [00:00<00:02, 24.98it/s, loss=0.0013]
  Epoch  6/30:  16%|█████▌                              | 9/58 [00:00<00:01, 28.55it/s, loss=0.0013]
  Epoch  6/30:  16%|█████▌                              | 9/58 [00:00<00:01, 28.55it/s, loss=0.0024]
  Epoch  6/30:  16%|█████▌                              | 9/58 [00:00<00:01, 28.55it/s, loss=0.0013]
  Epoch  6/30:  16%|█████▌                              | 9/58 [00:00<00:01, 28.55it/s, loss=0.0024]
  Epoch  6/30:  16%|█████▌                              | 9/58 [00:00<00:01, 28.55it/s, loss=0.0006]
  Epoch  6/30:  22%|███████▊                           | 13/58 [00:00<00:01, 29.62it/s, loss=0.0006]
  Epoch  6/30:  22%|███████▊                           | 13/58 [00:00<00:01, 29.62it/s, loss=0.0014]
  Epoch  6/30:  22%|███████▊                           | 13/58 [00:00<00:01, 29.62it/s, loss=0.0030]
  Epoch  6/30:  22%|███████▊                           | 13/58 [00:00<00:01, 29.62it/s, loss=0.0009]
  Epoch  6/30:  22%|███████▊                           | 13/58 [00:00<00:01, 29.62it/s, loss=0.0010]
  Epoch  6/30:  29%|██████████▎                        | 17/58 [00:00<00:01, 29.64it/s, loss=0.0010]
  Epoch  6/30:  29%|██████████▎                        | 17/58 [00:00<00:01, 29.64it/s, loss=0.0022]
  Epoch  6/30:  29%|██████████▎                        | 17/58 [00:00<00:01, 29.64it/s, loss=0.0010]
  Epoch  6/30:  29%|██████████▎                        | 17/58 [00:00<00:01, 29.64it/s, loss=0.0015]
  Epoch  6/30:  29%|██████████▎                        | 17/58 [00:00<00:01, 29.64it/s, loss=0.0008]
  Epoch  6/30:  36%|████████████▋                      | 21/58 [00:00<00:01, 30.43it/s, loss=0.0008]
  Epoch  6/30:  36%|████████████▋                      | 21/58 [00:00<00:01, 30.43it/s, loss=0.0006]
  Epoch  6/30:  36%|████████████▋                      | 21/58 [00:00<00:01, 30.43it/s, loss=0.0025]
  Epoch  6/30:  36%|████████████▋                      | 21/58 [00:00<00:01, 30.43it/s, loss=0.0024]
  Epoch  6/30:  36%|████████████▋                      | 21/58 [00:00<00:01, 30.43it/s, loss=0.0009]
  Epoch  6/30:  43%|███████████████                    | 25/58 [00:00<00:01, 30.59it/s, loss=0.0009]
  Epoch  6/30:  43%|███████████████                    | 25/58 [00:00<00:01, 30.59it/s, loss=0.0018]
  Epoch  6/30:  43%|███████████████                    | 25/58 [00:00<00:01, 30.59it/s, loss=0.0010]
  Epoch  6/30:  43%|███████████████                    | 25/58 [00:00<00:01, 30.59it/s, loss=0.0013]
  Epoch  6/30:  43%|███████████████                    | 25/58 [00:00<00:01, 30.59it/s, loss=0.0013]
  Epoch  6/30:  50%|█████████████████▌                 | 29/58 [00:00<00:00, 31.97it/s, loss=0.0013]
  Epoch  6/30:  50%|█████████████████▌                 | 29/58 [00:00<00:00, 31.97it/s, loss=0.0012]
  Epoch  6/30:  50%|█████████████████▌                 | 29/58 [00:01<00:00, 31.97it/s, loss=0.0020]
  Epoch  6/30:  50%|█████████████████▌                 | 29/58 [00:01<00:00, 31.97it/s, loss=0.0013]
  Epoch  6/30:  50%|█████████████████▌                 | 29/58 [00:01<00:00, 31.97it/s, loss=0.0011]
  Epoch  6/30:  57%|███████████████████▉               | 33/58 [00:01<00:00, 33.52it/s, loss=0.0011]
  Epoch  6/30:  57%|███████████████████▉               | 33/58 [00:01<00:00, 33.52it/s, loss=0.0025]
  Epoch  6/30:  57%|███████████████████▉               | 33/58 [00:01<00:00, 33.52it/s, loss=0.0019]
  Epoch  6/30:  57%|███████████████████▉               | 33/58 [00:01<00:00, 33.52it/s, loss=0.0020]
  Epoch  6/30:  57%|███████████████████▉               | 33/58 [00:01<00:00, 33.52it/s, loss=0.0018]
  Epoch  6/30:  64%|██████████████████████▎            | 37/58 [00:01<00:00, 32.72it/s, loss=0.0018]
  Epoch  6/30:  64%|██████████████████████▎            | 37/58 [00:01<00:00, 32.72it/s, loss=0.0024]
  Epoch  6/30:  64%|██████████████████████▎            | 37/58 [00:01<00:00, 32.72it/s, loss=0.0015]
  Epoch  6/30:  64%|██████████████████████▎            | 37/58 [00:01<00:00, 32.72it/s, loss=0.0016]
  Epoch  6/30:  64%|██████████████████████▎            | 37/58 [00:01<00:00, 32.72it/s, loss=0.0020]
  Epoch  6/30:  71%|████████████████████████▋          | 41/58 [00:01<00:00, 34.21it/s, loss=0.0020]
  Epoch  6/30:  71%|████████████████████████▋          | 41/58 [00:01<00:00, 34.21it/s, loss=0.0017]
  Epoch  6/30:  71%|████████████████████████▋          | 41/58 [00:01<00:00, 34.21it/s, loss=0.0020]
  Epoch  6/30:  71%|████████████████████████▋          | 41/58 [00:01<00:00, 34.21it/s, loss=0.0025]
  Epoch  6/30:  71%|████████████████████████▋          | 41/58 [00:01<00:00, 34.21it/s, loss=0.0028]
  Epoch  6/30:  78%|███████████████████████████▏       | 45/58 [00:01<00:00, 33.37it/s, loss=0.0028]
  Epoch  6/30:  78%|███████████████████████████▏       | 45/58 [00:01<00:00, 33.37it/s, loss=0.0009]
  Epoch  6/30:  78%|███████████████████████████▏       | 45/58 [00:01<00:00, 33.37it/s, loss=0.0013]
  Epoch  6/30:  78%|███████████████████████████▏       | 45/58 [00:01<00:00, 33.37it/s, loss=0.0015]
  Epoch  6/30:  78%|███████████████████████████▏       | 45/58 [00:01<00:00, 33.37it/s, loss=0.0021]
  Epoch  6/30:  84%|█████████████████████████████▌     | 49/58 [00:01<00:00, 33.01it/s, loss=0.0021]
  Epoch  6/30:  84%|█████████████████████████████▌     | 49/58 [00:01<00:00, 33.01it/s, loss=0.0009]
  Epoch  6/30:  84%|█████████████████████████████▌     | 49/58 [00:01<00:00, 33.01it/s, loss=0.0010]
  Epoch  6/30:  84%|█████████████████████████████▌     | 49/58 [00:01<00:00, 33.01it/s, loss=0.0013]
  Epoch  6/30:  84%|█████████████████████████████▌     | 49/58 [00:01<00:00, 33.01it/s, loss=0.0007]
  Epoch  6/30:  91%|███████████████████████████████▉   | 53/58 [00:01<00:00, 25.13it/s, loss=0.0007]
  Epoch  6/30:  91%|███████████████████████████████▉   | 53/58 [00:01<00:00, 25.13it/s, loss=0.0017]
  Epoch  6/30:  91%|███████████████████████████████▉   | 53/58 [00:01<00:00, 25.13it/s, loss=0.0010]
  Epoch  6/30:  91%|███████████████████████████████▉   | 53/58 [00:01<00:00, 25.13it/s, loss=0.0012]
  Epoch  6/30:  91%|███████████████████████████████▉   | 53/58 [00:01<00:00, 25.13it/s, loss=0.0026]
  Epoch  6/30:  98%|██████████████████████████████████▍| 57/58 [00:01<00:00, 27.35it/s, loss=0.0026]
  Epoch  6/30:  98%|██████████████████████████████████▍| 57/58 [00:01<00:00, 27.35it/s, loss=0.0138]
                                                                                                    

  Epoch  7/30:   0%|                                                         | 0/58 [00:00<?, ?it/s]
  Epoch  7/30:   0%|                                            | 0/58 [00:00<?, ?it/s, loss=0.0022]
  Epoch  7/30:   0%|                                            | 0/58 [00:00<?, ?it/s, loss=0.0025]
  Epoch  7/30:   0%|                                            | 0/58 [00:00<?, ?it/s, loss=0.0022]
  Epoch  7/30:   0%|                                            | 0/58 [00:00<?, ?it/s, loss=0.0011]
  Epoch  7/30:   7%|██▍                                 | 4/58 [00:00<00:01, 31.76it/s, loss=0.0011]
  Epoch  7/30:   7%|██▍                                 | 4/58 [00:00<00:01, 31.76it/s, loss=0.0014]
  Epoch  7/30:   7%|██▍                                 | 4/58 [00:00<00:01, 31.76it/s, loss=0.0012]
  Epoch  7/30:   7%|██▍                                 | 4/58 [00:00<00:01, 31.76it/s, loss=0.0015]
  Epoch  7/30:   7%|██▍                                 | 4/58 [00:00<00:01, 31.76it/s, loss=0.0014]
  Epoch  7/30:  14%|████▉                               | 8/58 [00:00<00:01, 28.70it/s, loss=0.0014]
  Epoch  7/30:  14%|████▉                               | 8/58 [00:00<00:01, 28.70it/s, loss=0.0024]
  Epoch  7/30:  14%|████▉                               | 8/58 [00:00<00:01, 28.70it/s, loss=0.0026]
  Epoch  7/30:  14%|████▉                               | 8/58 [00:00<00:01, 28.70it/s, loss=0.0012]
  Epoch  7/30:  14%|████▉                               | 8/58 [00:00<00:01, 28.70it/s, loss=0.0013]
  Epoch  7/30:  21%|███████▏                           | 12/58 [00:00<00:01, 29.85it/s, loss=0.0013]
  Epoch  7/30:  21%|███████▏                           | 12/58 [00:00<00:01, 29.85it/s, loss=0.0017]
  Epoch  7/30:  21%|███████▏                           | 12/58 [00:00<00:01, 29.85it/s, loss=0.0011]
  Epoch  7/30:  21%|███████▏                           | 12/58 [00:00<00:01, 29.85it/s, loss=0.0022]
  Epoch  7/30:  21%|███████▏                           | 12/58 [00:00<00:01, 29.85it/s, loss=0.0020]
  Epoch  7/30:  28%|█████████▋                         | 16/58 [00:00<00:01, 27.33it/s, loss=0.0020]
  Epoch  7/30:  28%|█████████▋                         | 16/58 [00:00<00:01, 27.33it/s, loss=0.0011]
  Epoch  7/30:  28%|█████████▋                         | 16/58 [00:00<00:01, 27.33it/s, loss=0.0008]
  Epoch  7/30:  28%|█████████▋                         | 16/58 [00:00<00:01, 27.33it/s, loss=0.0013]
  Epoch  7/30:  33%|███████████▍                       | 19/58 [00:00<00:01, 24.66it/s, loss=0.0013]
  Epoch  7/30:  33%|███████████▍                       | 19/58 [00:00<00:01, 24.66it/s, loss=0.0015]
  Epoch  7/30:  33%|███████████▍                       | 19/58 [00:00<00:01, 24.66it/s, loss=0.0036]
  Epoch  7/30:  33%|███████████▍                       | 19/58 [00:00<00:01, 24.66it/s, loss=0.0016]
  Epoch  7/30:  38%|█████████████▎                     | 22/58 [00:00<00:01, 23.90it/s, loss=0.0016]
  Epoch  7/30:  38%|█████████████▎                     | 22/58 [00:00<00:01, 23.90it/s, loss=0.0009]
  Epoch  7/30:  38%|█████████████▎                     | 22/58 [00:00<00:01, 23.90it/s, loss=0.0007]
  Epoch  7/30:  38%|█████████████▎                     | 22/58 [00:00<00:01, 23.90it/s, loss=0.0024]
  Epoch  7/30:  43%|███████████████                    | 25/58 [00:00<00:01, 23.51it/s, loss=0.0024]
  Epoch  7/30:  43%|███████████████                    | 25/58 [00:01<00:01, 23.51it/s, loss=0.0011]
  Epoch  7/30:  43%|███████████████                    | 25/58 [00:01<00:01, 23.51it/s, loss=0.0013]
  Epoch  7/30:  43%|███████████████                    | 25/58 [00:01<00:01, 23.51it/s, loss=0.0012]
  Epoch  7/30:  48%|████████████████▉                  | 28/58 [00:01<00:01, 23.61it/s, loss=0.0012]
  Epoch  7/30:  48%|████████████████▉                  | 28/58 [00:01<00:01, 23.61it/s, loss=0.0011]
  Epoch  7/30:  48%|████████████████▉                  | 28/58 [00:01<00:01, 23.61it/s, loss=0.0020]
  Epoch  7/30:  48%|████████████████▉                  | 28/58 [00:01<00:01, 23.61it/s, loss=0.0019]
  Epoch  7/30:  53%|██████████████████▋                | 31/58 [00:01<00:01, 25.00it/s, loss=0.0019]
  Epoch  7/30:  53%|██████████████████▋                | 31/58 [00:01<00:01, 25.00it/s, loss=0.0019]
  Epoch  7/30:  53%|██████████████████▋                | 31/58 [00:01<00:01, 25.00it/s, loss=0.0014]
  Epoch  7/30:  53%|██████████████████▋                | 31/58 [00:01<00:01, 25.00it/s, loss=0.0008]
  Epoch  7/30:  53%|██████████████████▋                | 31/58 [00:01<00:01, 25.00it/s, loss=0.0008]
  Epoch  7/30:  60%|█████████████████████              | 35/58 [00:01<00:00, 27.44it/s, loss=0.0008]
  Epoch  7/30:  60%|█████████████████████              | 35/58 [00:01<00:00, 27.44it/s, loss=0.0009]
  Epoch  7/30:  60%|█████████████████████              | 35/58 [00:01<00:00, 27.44it/s, loss=0.0013]
  Epoch  7/30:  60%|█████████████████████              | 35/58 [00:01<00:00, 27.44it/s, loss=0.0024]
  Epoch  7/30:  60%|█████████████████████              | 35/58 [00:01<00:00, 27.44it/s, loss=0.0022]
  Epoch  7/30:  67%|███████████████████████▌           | 39/58 [00:01<00:00, 29.53it/s, loss=0.0022]
  Epoch  7/30:  67%|███████████████████████▌           | 39/58 [00:01<00:00, 29.53it/s, loss=0.0016]
  Epoch  7/30:  67%|███████████████████████▌           | 39/58 [00:01<00:00, 29.53it/s, loss=0.0009]
  Epoch  7/30:  67%|███████████████████████▌           | 39/58 [00:01<00:00, 29.53it/s, loss=0.0022]
  Epoch  7/30:  67%|███████████████████████▌           | 39/58 [00:01<00:00, 29.53it/s, loss=0.0012]
  Epoch  7/30:  74%|█████████████████████████▉         | 43/58 [00:01<00:00, 31.44it/s, loss=0.0012]
  Epoch  7/30:  74%|█████████████████████████▉         | 43/58 [00:01<00:00, 31.44it/s, loss=0.0014]
  Epoch  7/30:  74%|█████████████████████████▉         | 43/58 [00:01<00:00, 31.44it/s, loss=0.0019]
  Epoch  7/30:  74%|█████████████████████████▉         | 43/58 [00:01<00:00, 31.44it/s, loss=0.0019]
  Epoch  7/30:  74%|█████████████████████████▉         | 43/58 [00:01<00:00, 31.44it/s, loss=0.0017]
  Epoch  7/30:  81%|████████████████████████████▎      | 47/58 [00:01<00:00, 32.51it/s, loss=0.0017]
  Epoch  7/30:  81%|████████████████████████████▎      | 47/58 [00:01<00:00, 32.51it/s, loss=0.0014]
  Epoch  7/30:  81%|████████████████████████████▎      | 47/58 [00:01<00:00, 32.51it/s, loss=0.0020]
  Epoch  7/30:  81%|████████████████████████████▎      | 47/58 [00:01<00:00, 32.51it/s, loss=0.0009]
  Epoch  7/30:  81%|████████████████████████████▎      | 47/58 [00:01<00:00, 32.51it/s, loss=0.0011]
  Epoch  7/30:  88%|██████████████████████████████▊    | 51/58 [00:01<00:00, 33.23it/s, loss=0.0011]
  Epoch  7/30:  88%|██████████████████████████████▊    | 51/58 [00:01<00:00, 33.23it/s, loss=0.0007]
  Epoch  7/30:  88%|██████████████████████████████▊    | 51/58 [00:01<00:00, 33.23it/s, loss=0.0007]
  Epoch  7/30:  88%|██████████████████████████████▊    | 51/58 [00:01<00:00, 33.23it/s, loss=0.0018]
  Epoch  7/30:  88%|██████████████████████████████▊    | 51/58 [00:01<00:00, 33.23it/s, loss=0.0029]
  Epoch  7/30:  95%|█████████████████████████████████▏ | 55/58 [00:01<00:00, 34.50it/s, loss=0.0029]
  Epoch  7/30:  95%|█████████████████████████████████▏ | 55/58 [00:01<00:00, 34.50it/s, loss=0.0033]
  Epoch  7/30:  95%|█████████████████████████████████▏ | 55/58 [00:01<00:00, 34.50it/s, loss=0.0015]
  Epoch  7/30:  95%|█████████████████████████████████▏ | 55/58 [00:01<00:00, 34.50it/s, loss=0.0004]
                                                                                                    

  Epoch  8/30:   0%|                                                         | 0/58 [00:00<?, ?it/s]
  Epoch  8/30:   0%|                                            | 0/58 [00:00<?, ?it/s, loss=0.0011]
  Epoch  8/30:   0%|                                            | 0/58 [00:00<?, ?it/s, loss=0.0015]
  Epoch  8/30:   0%|                                            | 0/58 [00:00<?, ?it/s, loss=0.0012]
  Epoch  8/30:   0%|                                            | 0/58 [00:00<?, ?it/s, loss=0.0010]
  Epoch  8/30:   7%|██▍                                 | 4/58 [00:00<00:01, 30.22it/s, loss=0.0010]
  Epoch  8/30:   7%|██▍                                 | 4/58 [00:00<00:01, 30.22it/s, loss=0.0020]
  Epoch  8/30:   7%|██▍                                 | 4/58 [00:00<00:01, 30.22it/s, loss=0.0011]
  Epoch  8/30:   7%|██▍                                 | 4/58 [00:00<00:01, 30.22it/s, loss=0.0016]
  Epoch  8/30:   7%|██▍                                 | 4/58 [00:00<00:01, 30.22it/s, loss=0.0009]
  Epoch  8/30:  14%|████▉                               | 8/58 [00:00<00:01, 30.25it/s, loss=0.0009]
  Epoch  8/30:  14%|████▉                               | 8/58 [00:00<00:01, 30.25it/s, loss=0.0009]
  Epoch  8/30:  14%|████▉                               | 8/58 [00:00<00:01, 30.25it/s, loss=0.0023]
  Epoch  8/30:  14%|████▉                               | 8/58 [00:00<00:01, 30.25it/s, loss=0.0010]
  Epoch  8/30:  14%|████▉                               | 8/58 [00:00<00:01, 30.25it/s, loss=0.0027]
  Epoch  8/30:  21%|███████▏                           | 12/58 [00:00<00:01, 33.99it/s, loss=0.0027]
  Epoch  8/30:  21%|███████▏                           | 12/58 [00:00<00:01, 33.99it/s, loss=0.0026]
  Epoch  8/30:  21%|███████▏                           | 12/58 [00:00<00:01, 33.99it/s, loss=0.0022]
  Epoch  8/30:  21%|███████▏                           | 12/58 [00:00<00:01, 33.99it/s, loss=0.0012]
  Epoch  8/30:  21%|███████▏                           | 12/58 [00:00<00:01, 33.99it/s, loss=0.0018]
  Epoch  8/30:  28%|█████████▋                         | 16/58 [00:00<00:01, 32.30it/s, loss=0.0018]
  Epoch  8/30:  28%|█████████▋                         | 16/58 [00:00<00:01, 32.30it/s, loss=0.0015]
  Epoch  8/30:  28%|█████████▋                         | 16/58 [00:00<00:01, 32.30it/s, loss=0.0006]
  Epoch  8/30:  28%|█████████▋                         | 16/58 [00:00<00:01, 32.30it/s, loss=0.0009]
  Epoch  8/30:  28%|█████████▋                         | 16/58 [00:00<00:01, 32.30it/s, loss=0.0014]
  Epoch  8/30:  34%|████████████                       | 20/58 [00:00<00:01, 32.64it/s, loss=0.0014]
  Epoch  8/30:  34%|████████████                       | 20/58 [00:00<00:01, 32.64it/s, loss=0.0012]
  Epoch  8/30:  34%|████████████                       | 20/58 [00:00<00:01, 32.64it/s, loss=0.0007]
  Epoch  8/30:  34%|████████████                       | 20/58 [00:00<00:01, 32.64it/s, loss=0.0017]
  Epoch  8/30:  34%|████████████                       | 20/58 [00:00<00:01, 32.64it/s, loss=0.0005]
  Epoch  8/30:  34%|████████████                       | 20/58 [00:00<00:01, 32.64it/s, loss=0.0009]
  Epoch  8/30:  43%|███████████████                    | 25/58 [00:00<00:00, 34.99it/s, loss=0.0009]
  Epoch  8/30:  43%|███████████████                    | 25/58 [00:00<00:00, 34.99it/s, loss=0.0011]
  Epoch  8/30:  43%|███████████████                    | 25/58 [00:00<00:00, 34.99it/s, loss=0.0017]
  Epoch  8/30:  43%|███████████████                    | 25/58 [00:00<00:00, 34.99it/s, loss=0.0035]
  Epoch  8/30:  43%|███████████████                    | 25/58 [00:00<00:00, 34.99it/s, loss=0.0008]
  Epoch  8/30:  50%|█████████████████▌                 | 29/58 [00:00<00:00, 35.47it/s, loss=0.0008]
  Epoch  8/30:  50%|█████████████████▌                 | 29/58 [00:00<00:00, 35.47it/s, loss=0.0027]
  Epoch  8/30:  50%|█████████████████▌                 | 29/58 [00:00<00:00, 35.47it/s, loss=0.0012]
  Epoch  8/30:  50%|█████████████████▌                 | 29/58 [00:00<00:00, 35.47it/s, loss=0.0013]
  Epoch  8/30:  50%|█████████████████▌                 | 29/58 [00:00<00:00, 35.47it/s, loss=0.0015]
  Epoch  8/30:  57%|███████████████████▉               | 33/58 [00:00<00:00, 34.28it/s, loss=0.0015]
  Epoch  8/30:  57%|███████████████████▉               | 33/58 [00:01<00:00, 34.28it/s, loss=0.0013]
  Epoch  8/30:  57%|███████████████████▉               | 33/58 [00:01<00:00, 34.28it/s, loss=0.0014]
  Epoch  8/30:  57%|███████████████████▉               | 33/58 [00:01<00:00, 34.28it/s, loss=0.0014]
  Epoch  8/30:  57%|███████████████████▉               | 33/58 [00:01<00:00, 34.28it/s, loss=0.0010]
  Epoch  8/30:  64%|██████████████████████▎            | 37/58 [00:01<00:00, 31.10it/s, loss=0.0010]
  Epoch  8/30:  64%|██████████████████████▎            | 37/58 [00:01<00:00, 31.10it/s, loss=0.0014]
  Epoch  8/30:  64%|██████████████████████▎            | 37/58 [00:01<00:00, 31.10it/s, loss=0.0010]
  Epoch  8/30:  64%|██████████████████████▎            | 37/58 [00:01<00:00, 31.10it/s, loss=0.0012]
  Epoch  8/30:  64%|██████████████████████▎            | 37/58 [00:01<00:00, 31.10it/s, loss=0.0020]
  Epoch  8/30:  71%|████████████████████████▋          | 41/58 [00:01<00:00, 28.11it/s, loss=0.0020]
  Epoch  8/30:  71%|████████████████████████▋          | 41/58 [00:01<00:00, 28.11it/s, loss=0.0011]
  Epoch  8/30:  71%|████████████████████████▋          | 41/58 [00:01<00:00, 28.11it/s, loss=0.0013]
  Epoch  8/30:  71%|████████████████████████▋          | 41/58 [00:01<00:00, 28.11it/s, loss=0.0009]
  Epoch  8/30:  76%|██████████████████████████▌        | 44/58 [00:01<00:00, 26.57it/s, loss=0.0009]
  Epoch  8/30:  76%|██████████████████████████▌        | 44/58 [00:01<00:00, 26.57it/s, loss=0.0015]
  Epoch  8/30:  76%|██████████████████████████▌        | 44/58 [00:01<00:00, 26.57it/s, loss=0.0019]
  Epoch  8/30:  76%|██████████████████████████▌        | 44/58 [00:01<00:00, 26.57it/s, loss=0.0013]
  Epoch  8/30:  81%|████████████████████████████▎      | 47/58 [00:01<00:00, 25.27it/s, loss=0.0013]
  Epoch  8/30:  81%|████████████████████████████▎      | 47/58 [00:01<00:00, 25.27it/s, loss=0.0031]
  Epoch  8/30:  81%|████████████████████████████▎      | 47/58 [00:01<00:00, 25.27it/s, loss=0.0016]
  Epoch  8/30:  81%|████████████████████████████▎      | 47/58 [00:01<00:00, 25.27it/s, loss=0.0018]
  Epoch  8/30:  86%|██████████████████████████████▏    | 50/58 [00:01<00:00, 25.32it/s, loss=0.0018]
  Epoch  8/30:  86%|██████████████████████████████▏    | 50/58 [00:01<00:00, 25.32it/s, loss=0.0015]
  Epoch  8/30:  86%|██████████████████████████████▏    | 50/58 [00:01<00:00, 25.32it/s, loss=0.0007]
  Epoch  8/30:  86%|██████████████████████████████▏    | 50/58 [00:01<00:00, 25.32it/s, loss=0.0014]
  Epoch  8/30:  91%|███████████████████████████████▉   | 53/58 [00:01<00:00, 25.81it/s, loss=0.0014]
  Epoch  8/30:  91%|███████████████████████████████▉   | 53/58 [00:01<00:00, 25.81it/s, loss=0.0011]
  Epoch  8/30:  91%|███████████████████████████████▉   | 53/58 [00:01<00:00, 25.81it/s, loss=0.0014]
  Epoch  8/30:  91%|███████████████████████████████▉   | 53/58 [00:01<00:00, 25.81it/s, loss=0.0019]
  Epoch  8/30:  91%|███████████████████████████████▉   | 53/58 [00:01<00:00, 25.81it/s, loss=0.0023]
  Epoch  8/30:  98%|██████████████████████████████████▍| 57/58 [00:01<00:00, 28.60it/s, loss=0.0023]
  Epoch  8/30:  98%|██████████████████████████████████▍| 57/58 [00:01<00:00, 28.60it/s, loss=0.0004]
                                                                                                    

  Epoch  9/30:   0%|                                                         | 0/58 [00:00<?, ?it/s]
  Epoch  9/30:   0%|                                            | 0/58 [00:00<?, ?it/s, loss=0.0010]
  Epoch  9/30:   0%|                                            | 0/58 [00:00<?, ?it/s, loss=0.0012]
  Epoch  9/30:   0%|                                            | 0/58 [00:00<?, ?it/s, loss=0.0008]
  Epoch  9/30:   0%|                                            | 0/58 [00:00<?, ?it/s, loss=0.0023]
  Epoch  9/30:   7%|██▍                                 | 4/58 [00:00<00:01, 34.60it/s, loss=0.0023]
  Epoch  9/30:   7%|██▍                                 | 4/58 [00:00<00:01, 34.60it/s, loss=0.0009]
  Epoch  9/30:   7%|██▍                                 | 4/58 [00:00<00:01, 34.60it/s, loss=0.0011]
  Epoch  9/30:   7%|██▍                                 | 4/58 [00:00<00:01, 34.60it/s, loss=0.0015]
  Epoch  9/30:   7%|██▍                                 | 4/58 [00:00<00:01, 34.60it/s, loss=0.0008]
  Epoch  9/30:  14%|████▉                               | 8/58 [00:00<00:01, 34.27it/s, loss=0.0008]
  Epoch  9/30:  14%|████▉                               | 8/58 [00:00<00:01, 34.27it/s, loss=0.0008]
  Epoch  9/30:  14%|████▉                               | 8/58 [00:00<00:01, 34.27it/s, loss=0.0018]
  Epoch  9/30:  14%|████▉                               | 8/58 [00:00<00:01, 34.27it/s, loss=0.0014]
  Epoch  9/30:  14%|████▉                               | 8/58 [00:00<00:01, 34.27it/s, loss=0.0017]
  Epoch  9/30:  21%|███████▏                           | 12/58 [00:00<00:01, 35.47it/s, loss=0.0017]
  Epoch  9/30:  21%|███████▏                           | 12/58 [00:00<00:01, 35.47it/s, loss=0.0015]
  Epoch  9/30:  21%|███████▏                           | 12/58 [00:00<00:01, 35.47it/s, loss=0.0006]
  Epoch  9/30:  21%|███████▏                           | 12/58 [00:00<00:01, 35.47it/s, loss=0.0017]
  Epoch  9/30:  21%|███████▏                           | 12/58 [00:00<00:01, 35.47it/s, loss=0.0015]
  Epoch  9/30:  28%|█████████▋                         | 16/58 [00:00<00:01, 35.97it/s, loss=0.0015]
  Epoch  9/30:  28%|█████████▋                         | 16/58 [00:00<00:01, 35.97it/s, loss=0.0014]
  Epoch  9/30:  28%|█████████▋                         | 16/58 [00:00<00:01, 35.97it/s, loss=0.0012]
  Epoch  9/30:  28%|█████████▋                         | 16/58 [00:00<00:01, 35.97it/s, loss=0.0024]
  Epoch  9/30:  28%|█████████▋                         | 16/58 [00:00<00:01, 35.97it/s, loss=0.0009]
  Epoch  9/30:  34%|████████████                       | 20/58 [00:00<00:01, 34.69it/s, loss=0.0009]
  Epoch  9/30:  34%|████████████                       | 20/58 [00:00<00:01, 34.69it/s, loss=0.0020]
  Epoch  9/30:  34%|████████████                       | 20/58 [00:00<00:01, 34.69it/s, loss=0.0010]
  Epoch  9/30:  34%|████████████                       | 20/58 [00:00<00:01, 34.69it/s, loss=0.0023]
  Epoch  9/30:  34%|████████████                       | 20/58 [00:00<00:01, 34.69it/s, loss=0.0021]
  Epoch  9/30:  34%|████████████                       | 20/58 [00:00<00:01, 34.69it/s, loss=0.0005]
  Epoch  9/30:  43%|███████████████                    | 25/58 [00:00<00:00, 37.69it/s, loss=0.0005]
  Epoch  9/30:  43%|███████████████                    | 25/58 [00:00<00:00, 37.69it/s, loss=0.0018]
  Epoch  9/30:  43%|███████████████                    | 25/58 [00:00<00:00, 37.69it/s, loss=0.0026]
  Epoch  9/30:  43%|███████████████                    | 25/58 [00:00<00:00, 37.69it/s, loss=0.0012]
  Epoch  9/30:  43%|███████████████                    | 25/58 [00:00<00:00, 37.69it/s, loss=0.0021]
  Epoch  9/30:  50%|█████████████████▌                 | 29/58 [00:00<00:00, 36.06it/s, loss=0.0021]
  Epoch  9/30:  50%|█████████████████▌                 | 29/58 [00:00<00:00, 36.06it/s, loss=0.0010]
  Epoch  9/30:  50%|█████████████████▌                 | 29/58 [00:00<00:00, 36.06it/s, loss=0.0011]
  Epoch  9/30:  50%|█████████████████▌                 | 29/58 [00:00<00:00, 36.06it/s, loss=0.0005]
  Epoch  9/30:  50%|█████████████████▌                 | 29/58 [00:00<00:00, 36.06it/s, loss=0.0015]
  Epoch  9/30:  57%|███████████████████▉               | 33/58 [00:00<00:00, 31.52it/s, loss=0.0015]
  Epoch  9/30:  57%|███████████████████▉               | 33/58 [00:00<00:00, 31.52it/s, loss=0.0012]
  Epoch  9/30:  57%|███████████████████▉               | 33/58 [00:01<00:00, 31.52it/s, loss=0.0016]
  Epoch  9/30:  57%|███████████████████▉               | 33/58 [00:01<00:00, 31.52it/s, loss=0.0016]
  Epoch  9/30:  57%|███████████████████▉               | 33/58 [00:01<00:00, 31.52it/s, loss=0.0027]
  Epoch  9/30:  57%|███████████████████▉               | 33/58 [00:01<00:00, 31.52it/s, loss=0.0021]
  Epoch  9/30:  66%|██████████████████████▉            | 38/58 [00:01<00:00, 33.21it/s, loss=0.0021]
  Epoch  9/30:  66%|██████████████████████▉            | 38/58 [00:01<00:00, 33.21it/s, loss=0.0020]
  Epoch  9/30:  66%|██████████████████████▉            | 38/58 [00:01<00:00, 33.21it/s, loss=0.0012]
  Epoch  9/30:  66%|██████████████████████▉            | 38/58 [00:01<00:00, 33.21it/s, loss=0.0010]
  Epoch  9/30:  66%|██████████████████████▉            | 38/58 [00:01<00:00, 33.21it/s, loss=0.0008]
  Epoch  9/30:  72%|█████████████████████████▎         | 42/58 [00:01<00:00, 32.38it/s, loss=0.0008]
  Epoch  9/30:  72%|█████████████████████████▎         | 42/58 [00:01<00:00, 32.38it/s, loss=0.0010]
  Epoch  9/30:  72%|█████████████████████████▎         | 42/58 [00:01<00:00, 32.38it/s, loss=0.0012]
  Epoch  9/30:  72%|█████████████████████████▎         | 42/58 [00:01<00:00, 32.38it/s, loss=0.0013]
  Epoch  9/30:  72%|█████████████████████████▎         | 42/58 [00:01<00:00, 32.38it/s, loss=0.0015]
  Epoch  9/30:  79%|███████████████████████████▊       | 46/58 [00:01<00:00, 34.01it/s, loss=0.0015]
  Epoch  9/30:  79%|███████████████████████████▊       | 46/58 [00:01<00:00, 34.01it/s, loss=0.0004]
  Epoch  9/30:  79%|███████████████████████████▊       | 46/58 [00:01<00:00, 34.01it/s, loss=0.0013]
  Epoch  9/30:  79%|███████████████████████████▊       | 46/58 [00:01<00:00, 34.01it/s, loss=0.0011]
  Epoch  9/30:  79%|███████████████████████████▊       | 46/58 [00:01<00:00, 34.01it/s, loss=0.0009]
  Epoch  9/30:  86%|██████████████████████████████▏    | 50/58 [00:01<00:00, 32.91it/s, loss=0.0009]
  Epoch  9/30:  86%|██████████████████████████████▏    | 50/58 [00:01<00:00, 32.91it/s, loss=0.0012]
  Epoch  9/30:  86%|██████████████████████████████▏    | 50/58 [00:01<00:00, 32.91it/s, loss=0.0013]
  Epoch  9/30:  86%|██████████████████████████████▏    | 50/58 [00:01<00:00, 32.91it/s, loss=0.0013]
  Epoch  9/30:  86%|██████████████████████████████▏    | 50/58 [00:01<00:00, 32.91it/s, loss=0.0013]
  Epoch  9/30:  93%|████████████████████████████████▌  | 54/58 [00:01<00:00, 33.85it/s, loss=0.0013]
  Epoch  9/30:  93%|████████████████████████████████▌  | 54/58 [00:01<00:00, 33.85it/s, loss=0.0011]
  Epoch  9/30:  93%|████████████████████████████████▌  | 54/58 [00:01<00:00, 33.85it/s, loss=0.0022]
  Epoch  9/30:  93%|████████████████████████████████▌  | 54/58 [00:01<00:00, 33.85it/s, loss=0.0016]
  Epoch  9/30:  93%|████████████████████████████████▌  | 54/58 [00:01<00:00, 33.85it/s, loss=0.0035]
  Epoch  9/30: 100%|███████████████████████████████████| 58/58 [00:01<00:00, 35.32it/s, loss=0.0035]
                                                                                                    

  Epoch 10/30:   0%|                                                         | 0/58 [00:00<?, ?it/s]
  Epoch 10/30:   0%|                                            | 0/58 [00:00<?, ?it/s, loss=0.0013]
  Epoch 10/30:   0%|                                            | 0/58 [00:00<?, ?it/s, loss=0.0026]
  Epoch 10/30:   0%|                                            | 0/58 [00:00<?, ?it/s, loss=0.0021]
  Epoch 10/30:   0%|                                            | 0/58 [00:00<?, ?it/s, loss=0.0025]
  Epoch 10/30:   7%|██▍                                 | 4/58 [00:00<00:01, 34.97it/s, loss=0.0025]
  Epoch 10/30:   7%|██▍                                 | 4/58 [00:00<00:01, 34.97it/s, loss=0.0020]
  Epoch 10/30:   7%|██▍                                 | 4/58 [00:00<00:01, 34.97it/s, loss=0.0012]
  Epoch 10/30:   7%|██▍                                 | 4/58 [00:00<00:01, 34.97it/s, loss=0.0025]
  Epoch 10/30:   7%|██▍                                 | 4/58 [00:00<00:01, 34.97it/s, loss=0.0019]
  Epoch 10/30:  14%|████▉                               | 8/58 [00:00<00:01, 30.39it/s, loss=0.0019]
  Epoch 10/30:  14%|████▉                               | 8/58 [00:00<00:01, 30.39it/s, loss=0.0017]
  Epoch 10/30:  14%|████▉                               | 8/58 [00:00<00:01, 30.39it/s, loss=0.0016]
  Epoch 10/30:  14%|████▉                               | 8/58 [00:00<00:01, 30.39it/s, loss=0.0025]
  Epoch 10/30:  14%|████▉                               | 8/58 [00:00<00:01, 30.39it/s, loss=0.0028]
  Epoch 10/30:  21%|███████▏                           | 12/58 [00:00<00:01, 31.26it/s, loss=0.0028]
  Epoch 10/30:  21%|███████▏                           | 12/58 [00:00<00:01, 31.26it/s, loss=0.0020]
  Epoch 10/30:  21%|███████▏                           | 12/58 [00:00<00:01, 31.26it/s, loss=0.0013]
  Epoch 10/30:  21%|███████▏                           | 12/58 [00:00<00:01, 31.26it/s, loss=0.0007]
  Epoch 10/30:  21%|███████▏                           | 12/58 [00:00<00:01, 31.26it/s, loss=0.0017]
  Epoch 10/30:  28%|█████████▋                         | 16/58 [00:00<00:01, 31.94it/s, loss=0.0017]
  Epoch 10/30:  28%|█████████▋                         | 16/58 [00:00<00:01, 31.94it/s, loss=0.0021]
  Epoch 10/30:  28%|█████████▋                         | 16/58 [00:00<00:01, 31.94it/s, loss=0.0009]
  Epoch 10/30:  28%|█████████▋                         | 16/58 [00:00<00:01, 31.94it/s, loss=0.0022]
  Epoch 10/30:  28%|█████████▋                         | 16/58 [00:00<00:01, 31.94it/s, loss=0.0018]
  Epoch 10/30:  34%|████████████                       | 20/58 [00:00<00:01, 32.59it/s, loss=0.0018]
  Epoch 10/30:  34%|████████████                       | 20/58 [00:00<00:01, 32.59it/s, loss=0.0011]
  Epoch 10/30:  34%|████████████                       | 20/58 [00:00<00:01, 32.59it/s, loss=0.0016]
  Epoch 10/30:  34%|████████████                       | 20/58 [00:00<00:01, 32.59it/s, loss=0.0014]
  Epoch 10/30:  34%|████████████                       | 20/58 [00:00<00:01, 32.59it/s, loss=0.0011]
  Epoch 10/30:  41%|██████████████▍                    | 24/58 [00:00<00:00, 34.36it/s, loss=0.0011]
  Epoch 10/30:  41%|██████████████▍                    | 24/58 [00:00<00:00, 34.36it/s, loss=0.0012]
  Epoch 10/30:  41%|██████████████▍                    | 24/58 [00:00<00:00, 34.36it/s, loss=0.0010]
  Epoch 10/30:  41%|██████████████▍                    | 24/58 [00:00<00:00, 34.36it/s, loss=0.0018]
  Epoch 10/30:  41%|██████████████▍                    | 24/58 [00:00<00:00, 34.36it/s, loss=0.0013]
  Epoch 10/30:  48%|████████████████▉                  | 28/58 [00:00<00:00, 33.89it/s, loss=0.0013]
  Epoch 10/30:  48%|████████████████▉                  | 28/58 [00:00<00:00, 33.89it/s, loss=0.0024]
  Epoch 10/30:  48%|████████████████▉                  | 28/58 [00:00<00:00, 33.89it/s, loss=0.0045]
  Epoch 10/30:  48%|████████████████▉                  | 28/58 [00:00<00:00, 33.89it/s, loss=0.0008]
  Epoch 10/30:  48%|████████████████▉                  | 28/58 [00:00<00:00, 33.89it/s, loss=0.0007]
  Epoch 10/30:  55%|███████████████████▎               | 32/58 [00:00<00:00, 35.04it/s, loss=0.0007]
  Epoch 10/30:  55%|███████████████████▎               | 32/58 [00:00<00:00, 35.04it/s, loss=0.0010]
  Epoch 10/30:  55%|███████████████████▎               | 32/58 [00:01<00:00, 35.04it/s, loss=0.0009]
  Epoch 10/30:  55%|███████████████████▎               | 32/58 [00:01<00:00, 35.04it/s, loss=0.0016]
  Epoch 10/30:  55%|███████████████████▎               | 32/58 [00:01<00:00, 35.04it/s, loss=0.0012]
  Epoch 10/30:  62%|█████████████████████▋             | 36/58 [00:01<00:00, 34.45it/s, loss=0.0012]
  Epoch 10/30:  62%|█████████████████████▋             | 36/58 [00:01<00:00, 34.45it/s, loss=0.0018]
  Epoch 10/30:  62%|█████████████████████▋             | 36/58 [00:01<00:00, 34.45it/s, loss=0.0020]
  Epoch 10/30:  62%|█████████████████████▋             | 36/58 [00:01<00:00, 34.45it/s, loss=0.0015]
  Epoch 10/30:  62%|█████████████████████▋             | 36/58 [00:01<00:00, 34.45it/s, loss=0.0010]
  Epoch 10/30:  69%|████████████████████████▏          | 40/58 [00:01<00:00, 35.27it/s, loss=0.0010]
  Epoch 10/30:  69%|████████████████████████▏          | 40/58 [00:01<00:00, 35.27it/s, loss=0.0015]
  Epoch 10/30:  69%|████████████████████████▏          | 40/58 [00:01<00:00, 35.27it/s, loss=0.0019]
  Epoch 10/30:  69%|████████████████████████▏          | 40/58 [00:01<00:00, 35.27it/s, loss=0.0010]
  Epoch 10/30:  69%|████████████████████████▏          | 40/58 [00:01<00:00, 35.27it/s, loss=0.0004]
  Epoch 10/30:  69%|████████████████████████▏          | 40/58 [00:01<00:00, 35.27it/s, loss=0.0009]
  Epoch 10/30:  78%|███████████████████████████▏       | 45/58 [00:01<00:00, 36.41it/s, loss=0.0009]
  Epoch 10/30:  78%|███████████████████████████▏       | 45/58 [00:01<00:00, 36.41it/s, loss=0.0019]
  Epoch 10/30:  78%|███████████████████████████▏       | 45/58 [00:01<00:00, 36.41it/s, loss=0.0008]
  Epoch 10/30:  78%|███████████████████████████▏       | 45/58 [00:01<00:00, 36.41it/s, loss=0.0013]
  Epoch 10/30:  78%|███████████████████████████▏       | 45/58 [00:01<00:00, 36.41it/s, loss=0.0024]
  Epoch 10/30:  84%|█████████████████████████████▌     | 49/58 [00:01<00:00, 36.12it/s, loss=0.0024]
  Epoch 10/30:  84%|█████████████████████████████▌     | 49/58 [00:01<00:00, 36.12it/s, loss=0.0008]
  Epoch 10/30:  84%|█████████████████████████████▌     | 49/58 [00:01<00:00, 36.12it/s, loss=0.0024]
  Epoch 10/30:  84%|█████████████████████████████▌     | 49/58 [00:01<00:00, 36.12it/s, loss=0.0007]
  Epoch 10/30:  84%|█████████████████████████████▌     | 49/58 [00:01<00:00, 36.12it/s, loss=0.0027]
  Epoch 10/30:  91%|███████████████████████████████▉   | 53/58 [00:01<00:00, 34.64it/s, loss=0.0027]
  Epoch 10/30:  91%|███████████████████████████████▉   | 53/58 [00:01<00:00, 34.64it/s, loss=0.0017]
  Epoch 10/30:  91%|███████████████████████████████▉   | 53/58 [00:01<00:00, 34.64it/s, loss=0.0014]
  Epoch 10/30:  91%|███████████████████████████████▉   | 53/58 [00:01<00:00, 34.64it/s, loss=0.0016]
  Epoch 10/30:  91%|███████████████████████████████▉   | 53/58 [00:01<00:00, 34.64it/s, loss=0.0015]
  Epoch 10/30:  98%|██████████████████████████████████▍| 57/58 [00:01<00:00, 35.21it/s, loss=0.0015]
  Epoch 10/30:  98%|██████████████████████████████████▍| 57/58 [00:01<00:00, 35.21it/s, loss=0.0001]
                                                                                                    
  Epoch 10/30 │ Loss: 0.0016 │ T+1: 0.8238 │ T+2: 0.6239 │ T+3: 0.5247

  Epoch 11/30:   0%|                                                         | 0/58 [00:00<?, ?it/s]
  Epoch 11/30:   0%|                                            | 0/58 [00:00<?, ?it/s, loss=0.0017]
  Epoch 11/30:   0%|                                            | 0/58 [00:00<?, ?it/s, loss=0.0020]
  Epoch 11/30:   0%|                                            | 0/58 [00:00<?, ?it/s, loss=0.0014]
  Epoch 11/30:   0%|                                            | 0/58 [00:00<?, ?it/s, loss=0.0013]
  Epoch 11/30:   7%|██▍                                 | 4/58 [00:00<00:01, 37.44it/s, loss=0.0013]
  Epoch 11/30:   7%|██▍                                 | 4/58 [00:00<00:01, 37.44it/s, loss=0.0012]
  Epoch 11/30:   7%|██▍                                 | 4/58 [00:00<00:01, 37.44it/s, loss=0.0015]
  Epoch 11/30:   7%|██▍                                 | 4/58 [00:00<00:01, 37.44it/s, loss=0.0012]
  Epoch 11/30:   7%|██▍                                 | 4/58 [00:00<00:01, 37.44it/s, loss=0.0011]
  Epoch 11/30:  14%|████▉                               | 8/58 [00:00<00:01, 36.06it/s, loss=0.0011]
  Epoch 11/30:  14%|████▉                               | 8/58 [00:00<00:01, 36.06it/s, loss=0.0008]
  Epoch 11/30:  14%|████▉                               | 8/58 [00:00<00:01, 36.06it/s, loss=0.0011]
  Epoch 11/30:  14%|████▉                               | 8/58 [00:00<00:01, 36.06it/s, loss=0.0014]
  Epoch 11/30:  14%|████▉                               | 8/58 [00:00<00:01, 36.06it/s, loss=0.0011]
  Epoch 11/30:  21%|███████▏                           | 12/58 [00:00<00:01, 33.84it/s, loss=0.0011]
  Epoch 11/30:  21%|███████▏                           | 12/58 [00:00<00:01, 33.84it/s, loss=0.0011]
  Epoch 11/30:  21%|███████▏                           | 12/58 [00:00<00:01, 33.84it/s, loss=0.0026]
  Epoch 11/30:  21%|███████▏                           | 12/58 [00:00<00:01, 33.84it/s, loss=0.0016]
  Epoch 11/30:  21%|███████▏                           | 12/58 [00:00<00:01, 33.84it/s, loss=0.0009]
  Epoch 11/30:  28%|█████████▋                         | 16/58 [00:00<00:01, 32.89it/s, loss=0.0009]
  Epoch 11/30:  28%|█████████▋                         | 16/58 [00:00<00:01, 32.89it/s, loss=0.0015]
  Epoch 11/30:  28%|█████████▋                         | 16/58 [00:00<00:01, 32.89it/s, loss=0.0010]
  Epoch 11/30:  28%|█████████▋                         | 16/58 [00:00<00:01, 32.89it/s, loss=0.0019]
  Epoch 11/30:  28%|█████████▋                         | 16/58 [00:00<00:01, 32.89it/s, loss=0.0021]
  Epoch 11/30:  34%|████████████                       | 20/58 [00:00<00:01, 34.65it/s, loss=0.0021]
  Epoch 11/30:  34%|████████████                       | 20/58 [00:00<00:01, 34.65it/s, loss=0.0011]
  Epoch 11/30:  34%|████████████                       | 20/58 [00:00<00:01, 34.65it/s, loss=0.0006]
  Epoch 11/30:  34%|████████████                       | 20/58 [00:00<00:01, 34.65it/s, loss=0.0023]
  Epoch 11/30:  34%|████████████                       | 20/58 [00:00<00:01, 34.65it/s, loss=0.0013]
  Epoch 11/30:  41%|██████████████▍                    | 24/58 [00:00<00:00, 35.11it/s, loss=0.0013]
  Epoch 11/30:  41%|██████████████▍                    | 24/58 [00:00<00:00, 35.11it/s, loss=0.0020]
  Epoch 11/30:  41%|██████████████▍                    | 24/58 [00:00<00:00, 35.11it/s, loss=0.0016]
  Epoch 11/30:  41%|██████████████▍                    | 24/58 [00:00<00:00, 35.11it/s, loss=0.0021]
  Epoch 11/30:  41%|██████████████▍                    | 24/58 [00:00<00:00, 35.11it/s, loss=0.0017]
  Epoch 11/30:  48%|████████████████▉                  | 28/58 [00:00<00:00, 33.88it/s, loss=0.0017]
  Epoch 11/30:  48%|████████████████▉                  | 28/58 [00:00<00:00, 33.88it/s, loss=0.0014]
  Epoch 11/30:  48%|████████████████▉                  | 28/58 [00:00<00:00, 33.88it/s, loss=0.0005]
  Epoch 11/30:  48%|████████████████▉                  | 28/58 [00:00<00:00, 33.88it/s, loss=0.0011]
  Epoch 11/30:  48%|████████████████▉                  | 28/58 [00:00<00:00, 33.88it/s, loss=0.0015]
  Epoch 11/30:  55%|███████████████████▎               | 32/58 [00:00<00:00, 33.55it/s, loss=0.0015]
  Epoch 11/30:  55%|███████████████████▎               | 32/58 [00:01<00:00, 33.55it/s, loss=0.0006]
  Epoch 11/30:  55%|███████████████████▎               | 32/58 [00:01<00:00, 33.55it/s, loss=0.0006]
  Epoch 11/30:  55%|███████████████████▎               | 32/58 [00:01<00:00, 33.55it/s, loss=0.0008]
  Epoch 11/30:  55%|███████████████████▎               | 32/58 [00:01<00:00, 33.55it/s, loss=0.0004]
  Epoch 11/30:  62%|█████████████████████▋             | 36/58 [00:01<00:00, 27.46it/s, loss=0.0004]
  Epoch 11/30:  62%|█████████████████████▋             | 36/58 [00:01<00:00, 27.46it/s, loss=0.0026]
  Epoch 11/30:  62%|█████████████████████▋             | 36/58 [00:01<00:00, 27.46it/s, loss=0.0014]
  Epoch 11/30:  62%|█████████████████████▋             | 36/58 [00:01<00:00, 27.46it/s, loss=0.0012]
  Epoch 11/30:  62%|█████████████████████▋             | 36/58 [00:01<00:00, 27.46it/s, loss=0.0021]
  Epoch 11/30:  69%|████████████████████████▏          | 40/58 [00:01<00:00, 29.51it/s, loss=0.0021]
  Epoch 11/30:  69%|████████████████████████▏          | 40/58 [00:01<00:00, 29.51it/s, loss=0.0017]
  Epoch 11/30:  69%|████████████████████████▏          | 40/58 [00:01<00:00, 29.51it/s, loss=0.0014]
  Epoch 11/30:  69%|████████████████████████▏          | 40/58 [00:01<00:00, 29.51it/s, loss=0.0009]
  Epoch 11/30:  69%|████████████████████████▏          | 40/58 [00:01<00:00, 29.51it/s, loss=0.0008]
  Epoch 11/30:  76%|██████████████████████████▌        | 44/58 [00:01<00:00, 30.45it/s, loss=0.0008]
  Epoch 11/30:  76%|██████████████████████████▌        | 44/58 [00:01<00:00, 30.45it/s, loss=0.0012]
  Epoch 11/30:  76%|██████████████████████████▌        | 44/58 [00:01<00:00, 30.45it/s, loss=0.0017]
  Epoch 11/30:  76%|██████████████████████████▌        | 44/58 [00:01<00:00, 30.45it/s, loss=0.0007]
  Epoch 11/30:  76%|██████████████████████████▌        | 44/58 [00:01<00:00, 30.45it/s, loss=0.0012]
  Epoch 11/30:  83%|████████████████████████████▉      | 48/58 [00:01<00:00, 32.42it/s, loss=0.0012]
  Epoch 11/30:  83%|████████████████████████████▉      | 48/58 [00:01<00:00, 32.42it/s, loss=0.0020]
  Epoch 11/30:  83%|████████████████████████████▉      | 48/58 [00:01<00:00, 32.42it/s, loss=0.0025]
  Epoch 11/30:  83%|████████████████████████████▉      | 48/58 [00:01<00:00, 32.42it/s, loss=0.0013]
  Epoch 11/30:  83%|████████████████████████████▉      | 48/58 [00:01<00:00, 32.42it/s, loss=0.0009]
  Epoch 11/30:  90%|███████████████████████████████▍   | 52/58 [00:01<00:00, 32.48it/s, loss=0.0009]
  Epoch 11/30:  90%|███████████████████████████████▍   | 52/58 [00:01<00:00, 32.48it/s, loss=0.0016]
  Epoch 11/30:  90%|███████████████████████████████▍   | 52/58 [00:01<00:00, 32.48it/s, loss=0.0011]
  Epoch 11/30:  90%|███████████████████████████████▍   | 52/58 [00:01<00:00, 32.48it/s, loss=0.0014]
  Epoch 11/30:  90%|███████████████████████████████▍   | 52/58 [00:01<00:00, 32.48it/s, loss=0.0014]
  Epoch 11/30:  97%|█████████████████████████████████▊ | 56/58 [00:01<00:00, 29.77it/s, loss=0.0014]
  Epoch 11/30:  97%|█████████████████████████████████▊ | 56/58 [00:01<00:00, 29.77it/s, loss=0.0016]
  Epoch 11/30:  97%|█████████████████████████████████▊ | 56/58 [00:01<00:00, 29.77it/s, loss=0.0005]
                                                                                                    

  Epoch 12/30:   0%|                                                         | 0/58 [00:00<?, ?it/s]
  Epoch 12/30:   0%|                                            | 0/58 [00:00<?, ?it/s, loss=0.0015]
  Epoch 12/30:   0%|                                            | 0/58 [00:00<?, ?it/s, loss=0.0016]
  Epoch 12/30:   0%|                                            | 0/58 [00:00<?, ?it/s, loss=0.0023]
  Epoch 12/30:   0%|                                            | 0/58 [00:00<?, ?it/s, loss=0.0007]
  Epoch 12/30:   7%|██▍                                 | 4/58 [00:00<00:01, 33.05it/s, loss=0.0007]
  Epoch 12/30:   7%|██▍                                 | 4/58 [00:00<00:01, 33.05it/s, loss=0.0019]
  Epoch 12/30:   7%|██▍                                 | 4/58 [00:00<00:01, 33.05it/s, loss=0.0018]
  Epoch 12/30:   7%|██▍                                 | 4/58 [00:00<00:01, 33.05it/s, loss=0.0018]
  Epoch 12/30:   7%|██▍                                 | 4/58 [00:00<00:01, 33.05it/s, loss=0.0009]
  Epoch 12/30:  14%|████▉                               | 8/58 [00:00<00:01, 32.91it/s, loss=0.0009]
  Epoch 12/30:  14%|████▉                               | 8/58 [00:00<00:01, 32.91it/s, loss=0.0009]
  Epoch 12/30:  14%|████▉                               | 8/58 [00:00<00:01, 32.91it/s, loss=0.0015]
  Epoch 12/30:  14%|████▉                               | 8/58 [00:00<00:01, 32.91it/s, loss=0.0014]
  Epoch 12/30:  14%|████▉                               | 8/58 [00:00<00:01, 32.91it/s, loss=0.0029]
  Epoch 12/30:  21%|███████▏                           | 12/58 [00:00<00:01, 34.77it/s, loss=0.0029]
  Epoch 12/30:  21%|███████▏                           | 12/58 [00:00<00:01, 34.77it/s, loss=0.0010]
  Epoch 12/30:  21%|███████▏                           | 12/58 [00:00<00:01, 34.77it/s, loss=0.0013]
  Epoch 12/30:  21%|███████▏                           | 12/58 [00:00<00:01, 34.77it/s, loss=0.0006]
  Epoch 12/30:  21%|███████▏                           | 12/58 [00:00<00:01, 34.77it/s, loss=0.0010]
  Epoch 12/30:  28%|█████████▋                         | 16/58 [00:00<00:01, 34.37it/s, loss=0.0010]
  Epoch 12/30:  28%|█████████▋                         | 16/58 [00:00<00:01, 34.37it/s, loss=0.0015]
  Epoch 12/30:  28%|█████████▋                         | 16/58 [00:00<00:01, 34.37it/s, loss=0.0014]
  Epoch 12/30:  28%|█████████▋                         | 16/58 [00:00<00:01, 34.37it/s, loss=0.0004]
  Epoch 12/30:  28%|█████████▋                         | 16/58 [00:00<00:01, 34.37it/s, loss=0.0029]
  Epoch 12/30:  34%|████████████                       | 20/58 [00:00<00:01, 34.24it/s, loss=0.0029]
  Epoch 12/30:  34%|████████████                       | 20/58 [00:00<00:01, 34.24it/s, loss=0.0008]
  Epoch 12/30:  34%|████████████                       | 20/58 [00:00<00:01, 34.24it/s, loss=0.0013]
  Epoch 12/30:  34%|████████████                       | 20/58 [00:00<00:01, 34.24it/s, loss=0.0011]
  Epoch 12/30:  34%|████████████                       | 20/58 [00:00<00:01, 34.24it/s, loss=0.0032]
  Epoch 12/30:  41%|██████████████▍                    | 24/58 [00:00<00:00, 35.11it/s, loss=0.0032]
  Epoch 12/30:  41%|██████████████▍                    | 24/58 [00:00<00:00, 35.11it/s, loss=0.0010]
  Epoch 12/30:  41%|██████████████▍                    | 24/58 [00:00<00:00, 35.11it/s, loss=0.0013]
  Epoch 12/30:  41%|██████████████▍                    | 24/58 [00:00<00:00, 35.11it/s, loss=0.0021]
  Epoch 12/30:  41%|██████████████▍                    | 24/58 [00:00<00:00, 35.11it/s, loss=0.0020]
  Epoch 12/30:  48%|████████████████▉                  | 28/58 [00:00<00:00, 34.02it/s, loss=0.0020]
  Epoch 12/30:  48%|████████████████▉                  | 28/58 [00:00<00:00, 34.02it/s, loss=0.0016]
  Epoch 12/30:  48%|████████████████▉                  | 28/58 [00:00<00:00, 34.02it/s, loss=0.0010]
  Epoch 12/30:  48%|████████████████▉                  | 28/58 [00:00<00:00, 34.02it/s, loss=0.0010]
  Epoch 12/30:  48%|████████████████▉                  | 28/58 [00:00<00:00, 34.02it/s, loss=0.0023]
  Epoch 12/30:  55%|███████████████████▎               | 32/58 [00:00<00:00, 34.39it/s, loss=0.0023]
  Epoch 12/30:  55%|███████████████████▎               | 32/58 [00:00<00:00, 34.39it/s, loss=0.0009]
  Epoch 12/30:  55%|███████████████████▎               | 32/58 [00:00<00:00, 34.39it/s, loss=0.0014]
  Epoch 12/30:  55%|███████████████████▎               | 32/58 [00:01<00:00, 34.39it/s, loss=0.0014]
  Epoch 12/30:  55%|███████████████████▎               | 32/58 [00:01<00:00, 34.39it/s, loss=0.0009]
  Epoch 12/30:  62%|█████████████████████▋             | 36/58 [00:01<00:00, 34.17it/s, loss=0.0009]
  Epoch 12/30:  62%|█████████████████████▋             | 36/58 [00:01<00:00, 34.17it/s, loss=0.0009]
  Epoch 12/30:  62%|█████████████████████▋             | 36/58 [00:01<00:00, 34.17it/s, loss=0.0012]
  Epoch 12/30:  62%|█████████████████████▋             | 36/58 [00:01<00:00, 34.17it/s, loss=0.0008]
  Epoch 12/30:  62%|█████████████████████▋             | 36/58 [00:01<00:00, 34.17it/s, loss=0.0016]
  Epoch 12/30:  69%|████████████████████████▏          | 40/58 [00:01<00:00, 34.95it/s, loss=0.0016]
  Epoch 12/30:  69%|████████████████████████▏          | 40/58 [00:01<00:00, 34.95it/s, loss=0.0019]
  Epoch 12/30:  69%|████████████████████████▏          | 40/58 [00:01<00:00, 34.95it/s, loss=0.0007]
  Epoch 12/30:  69%|████████████████████████▏          | 40/58 [00:01<00:00, 34.95it/s, loss=0.0010]
  Epoch 12/30:  69%|████████████████████████▏          | 40/58 [00:01<00:00, 34.95it/s, loss=0.0008]
  Epoch 12/30:  76%|██████████████████████████▌        | 44/58 [00:01<00:00, 36.00it/s, loss=0.0008]
  Epoch 12/30:  76%|██████████████████████████▌        | 44/58 [00:01<00:00, 36.00it/s, loss=0.0007]
  Epoch 12/30:  76%|██████████████████████████▌        | 44/58 [00:01<00:00, 36.00it/s, loss=0.0026]
  Epoch 12/30:  76%|██████████████████████████▌        | 44/58 [00:01<00:00, 36.00it/s, loss=0.0017]
  Epoch 12/30:  76%|██████████████████████████▌        | 44/58 [00:01<00:00, 36.00it/s, loss=0.0010]
  Epoch 12/30:  83%|████████████████████████████▉      | 48/58 [00:01<00:00, 34.20it/s, loss=0.0010]
  Epoch 12/30:  83%|████████████████████████████▉      | 48/58 [00:01<00:00, 34.20it/s, loss=0.0013]
  Epoch 12/30:  83%|████████████████████████████▉      | 48/58 [00:01<00:00, 34.20it/s, loss=0.0008]
  Epoch 12/30:  83%|████████████████████████████▉      | 48/58 [00:01<00:00, 34.20it/s, loss=0.0017]
  Epoch 12/30:  83%|████████████████████████████▉      | 48/58 [00:01<00:00, 34.20it/s, loss=0.0008]
  Epoch 12/30:  90%|███████████████████████████████▍   | 52/58 [00:01<00:00, 32.39it/s, loss=0.0008]
  Epoch 12/30:  90%|███████████████████████████████▍   | 52/58 [00:01<00:00, 32.39it/s, loss=0.0010]
  Epoch 12/30:  90%|███████████████████████████████▍   | 52/58 [00:01<00:00, 32.39it/s, loss=0.0018]
  Epoch 12/30:  90%|███████████████████████████████▍   | 52/58 [00:01<00:00, 32.39it/s, loss=0.0004]
  Epoch 12/30:  90%|███████████████████████████████▍   | 52/58 [00:01<00:00, 32.39it/s, loss=0.0008]
  Epoch 12/30:  97%|█████████████████████████████████▊ | 56/58 [00:01<00:00, 30.98it/s, loss=0.0008]
  Epoch 12/30:  97%|█████████████████████████████████▊ | 56/58 [00:01<00:00, 30.98it/s, loss=0.0009]
  Epoch 12/30:  97%|█████████████████████████████████▊ | 56/58 [00:01<00:00, 30.98it/s, loss=0.0001]
                                                                                                    

  Epoch 13/30:   0%|                                                         | 0/58 [00:00<?, ?it/s]
  Epoch 13/30:   0%|                                            | 0/58 [00:00<?, ?it/s, loss=0.0009]
  Epoch 13/30:   0%|                                            | 0/58 [00:00<?, ?it/s, loss=0.0013]
  Epoch 13/30:   0%|                                            | 0/58 [00:00<?, ?it/s, loss=0.0015]
  Epoch 13/30:   0%|                                            | 0/58 [00:00<?, ?it/s, loss=0.0009]
  Epoch 13/30:   7%|██▍                                 | 4/58 [00:00<00:01, 34.35it/s, loss=0.0009]
  Epoch 13/30:   7%|██▍                                 | 4/58 [00:00<00:01, 34.35it/s, loss=0.0013]
  Epoch 13/30:   7%|██▍                                 | 4/58 [00:00<00:01, 34.35it/s, loss=0.0010]
  Epoch 13/30:   7%|██▍                                 | 4/58 [00:00<00:01, 34.35it/s, loss=0.0009]
  Epoch 13/30:   7%|██▍                                 | 4/58 [00:00<00:01, 34.35it/s, loss=0.0013]
  Epoch 13/30:  14%|████▉                               | 8/58 [00:00<00:01, 32.87it/s, loss=0.0013]
  Epoch 13/30:  14%|████▉                               | 8/58 [00:00<00:01, 32.87it/s, loss=0.0003]
  Epoch 13/30:  14%|████▉                               | 8/58 [00:00<00:01, 32.87it/s, loss=0.0007]
  Epoch 13/30:  14%|████▉                               | 8/58 [00:00<00:01, 32.87it/s, loss=0.0016]
  Epoch 13/30:  14%|████▉                               | 8/58 [00:00<00:01, 32.87it/s, loss=0.0030]
  Epoch 13/30:  21%|███████▏                           | 12/58 [00:00<00:01, 33.75it/s, loss=0.0030]
  Epoch 13/30:  21%|███████▏                           | 12/58 [00:00<00:01, 33.75it/s, loss=0.0006]
  Epoch 13/30:  21%|███████▏                           | 12/58 [00:00<00:01, 33.75it/s, loss=0.0018]
  Epoch 13/30:  21%|███████▏                           | 12/58 [00:00<00:01, 33.75it/s, loss=0.0013]
  Epoch 13/30:  21%|███████▏                           | 12/58 [00:00<00:01, 33.75it/s, loss=0.0020]
  Epoch 13/30:  28%|█████████▋                         | 16/58 [00:00<00:01, 34.90it/s, loss=0.0020]
  Epoch 13/30:  28%|█████████▋                         | 16/58 [00:00<00:01, 34.90it/s, loss=0.0020]
  Epoch 13/30:  28%|█████████▋                         | 16/58 [00:00<00:01, 34.90it/s, loss=0.0012]
  Epoch 13/30:  28%|█████████▋                         | 16/58 [00:00<00:01, 34.90it/s, loss=0.0007]
  Epoch 13/30:  28%|█████████▋                         | 16/58 [00:00<00:01, 34.90it/s, loss=0.0022]
  Epoch 13/30:  34%|████████████                       | 20/58 [00:00<00:01, 36.13it/s, loss=0.0022]
  Epoch 13/30:  34%|████████████                       | 20/58 [00:00<00:01, 36.13it/s, loss=0.0017]
  Epoch 13/30:  34%|████████████                       | 20/58 [00:00<00:01, 36.13it/s, loss=0.0012]
  Epoch 13/30:  34%|████████████                       | 20/58 [00:00<00:01, 36.13it/s, loss=0.0007]
  Epoch 13/30:  34%|████████████                       | 20/58 [00:00<00:01, 36.13it/s, loss=0.0012]
  Epoch 13/30:  41%|██████████████▍                    | 24/58 [00:00<00:00, 34.48it/s, loss=0.0012]
  Epoch 13/30:  41%|██████████████▍                    | 24/58 [00:00<00:00, 34.48it/s, loss=0.0017]
  Epoch 13/30:  41%|██████████████▍                    | 24/58 [00:00<00:00, 34.48it/s, loss=0.0005]
  Epoch 13/30:  41%|██████████████▍                    | 24/58 [00:00<00:00, 34.48it/s, loss=0.0010]
  Epoch 13/30:  41%|██████████████▍                    | 24/58 [00:00<00:00, 34.48it/s, loss=0.0022]
  Epoch 13/30:  48%|████████████████▉                  | 28/58 [00:00<00:00, 34.77it/s, loss=0.0022]
  Epoch 13/30:  48%|████████████████▉                  | 28/58 [00:00<00:00, 34.77it/s, loss=0.0011]
  Epoch 13/30:  48%|████████████████▉                  | 28/58 [00:00<00:00, 34.77it/s, loss=0.0021]
  Epoch 13/30:  48%|████████████████▉                  | 28/58 [00:00<00:00, 34.77it/s, loss=0.0012]
  Epoch 13/30:  48%|████████████████▉                  | 28/58 [00:00<00:00, 34.77it/s, loss=0.0009]
  Epoch 13/30:  48%|████████████████▉                  | 28/58 [00:00<00:00, 34.77it/s, loss=0.0014]
  Epoch 13/30:  57%|███████████████████▉               | 33/58 [00:00<00:00, 36.97it/s, loss=0.0014]
  Epoch 13/30:  57%|███████████████████▉               | 33/58 [00:00<00:00, 36.97it/s, loss=0.0009]
  Epoch 13/30:  57%|███████████████████▉               | 33/58 [00:00<00:00, 36.97it/s, loss=0.0024]
  Epoch 13/30:  57%|███████████████████▉               | 33/58 [00:01<00:00, 36.97it/s, loss=0.0012]
  Epoch 13/30:  57%|███████████████████▉               | 33/58 [00:01<00:00, 36.97it/s, loss=0.0010]
  Epoch 13/30:  64%|██████████████████████▎            | 37/58 [00:01<00:00, 37.03it/s, loss=0.0010]
  Epoch 13/30:  64%|██████████████████████▎            | 37/58 [00:01<00:00, 37.03it/s, loss=0.0028]
  Epoch 13/30:  64%|██████████████████████▎            | 37/58 [00:01<00:00, 37.03it/s, loss=0.0015]
  Epoch 13/30:  64%|██████████████████████▎            | 37/58 [00:01<00:00, 37.03it/s, loss=0.0016]
  Epoch 13/30:  64%|██████████████████████▎            | 37/58 [00:01<00:00, 37.03it/s, loss=0.0013]
  Epoch 13/30:  71%|████████████████████████▋          | 41/58 [00:01<00:00, 37.33it/s, loss=0.0013]
  Epoch 13/30:  71%|████████████████████████▋          | 41/58 [00:01<00:00, 37.33it/s, loss=0.0013]
  Epoch 13/30:  71%|████████████████████████▋          | 41/58 [00:01<00:00, 37.33it/s, loss=0.0017]
  Epoch 13/30:  71%|████████████████████████▋          | 41/58 [00:01<00:00, 37.33it/s, loss=0.0013]
  Epoch 13/30:  71%|████████████████████████▋          | 41/58 [00:01<00:00, 37.33it/s, loss=0.0009]
  Epoch 13/30:  78%|███████████████████████████▏       | 45/58 [00:01<00:00, 36.14it/s, loss=0.0009]
  Epoch 13/30:  78%|███████████████████████████▏       | 45/58 [00:01<00:00, 36.14it/s, loss=0.0016]
  Epoch 13/30:  78%|███████████████████████████▏       | 45/58 [00:01<00:00, 36.14it/s, loss=0.0016]
  Epoch 13/30:  78%|███████████████████████████▏       | 45/58 [00:01<00:00, 36.14it/s, loss=0.0013]
  Epoch 13/30:  78%|███████████████████████████▏       | 45/58 [00:01<00:00, 36.14it/s, loss=0.0009]
  Epoch 13/30:  84%|█████████████████████████████▌     | 49/58 [00:01<00:00, 36.94it/s, loss=0.0009]
  Epoch 13/30:  84%|█████████████████████████████▌     | 49/58 [00:01<00:00, 36.94it/s, loss=0.0019]
  Epoch 13/30:  84%|█████████████████████████████▌     | 49/58 [00:01<00:00, 36.94it/s, loss=0.0013]
  Epoch 13/30:  84%|█████████████████████████████▌     | 49/58 [00:01<00:00, 36.94it/s, loss=0.0005]
  Epoch 13/30:  84%|█████████████████████████████▌     | 49/58 [00:01<00:00, 36.94it/s, loss=0.0009]
  Epoch 13/30:  91%|███████████████████████████████▉   | 53/58 [00:01<00:00, 34.74it/s, loss=0.0009]
  Epoch 13/30:  91%|███████████████████████████████▉   | 53/58 [00:01<00:00, 34.74it/s, loss=0.0015]
  Epoch 13/30:  91%|███████████████████████████████▉   | 53/58 [00:01<00:00, 34.74it/s, loss=0.0021]
  Epoch 13/30:  91%|███████████████████████████████▉   | 53/58 [00:01<00:00, 34.74it/s, loss=0.0020]
  Epoch 13/30:  91%|███████████████████████████████▉   | 53/58 [00:01<00:00, 34.74it/s, loss=0.0011]
  Epoch 13/30:  98%|██████████████████████████████████▍| 57/58 [00:01<00:00, 33.50it/s, loss=0.0011]
  Epoch 13/30:  98%|██████████████████████████████████▍| 57/58 [00:01<00:00, 33.50it/s, loss=0.0001]
                                                                                                    

  Epoch 14/30:   0%|                                                         | 0/58 [00:00<?, ?it/s]
  Epoch 14/30:   0%|                                            | 0/58 [00:00<?, ?it/s, loss=0.0008]
  Epoch 14/30:   0%|                                            | 0/58 [00:00<?, ?it/s, loss=0.0017]
  Epoch 14/30:   0%|                                            | 0/58 [00:00<?, ?it/s, loss=0.0007]
  Epoch 14/30:   5%|█▊                                  | 3/58 [00:00<00:01, 28.70it/s, loss=0.0007]
  Epoch 14/30:   5%|█▊                                  | 3/58 [00:00<00:01, 28.70it/s, loss=0.0015]
  Epoch 14/30:   5%|█▊                                  | 3/58 [00:00<00:01, 28.70it/s, loss=0.0008]
  Epoch 14/30:   5%|█▊                                  | 3/58 [00:00<00:01, 28.70it/s, loss=0.0008]
  Epoch 14/30:   5%|█▊                                  | 3/58 [00:00<00:01, 28.70it/s, loss=0.0007]
  Epoch 14/30:  12%|████▎                               | 7/58 [00:00<00:01, 29.71it/s, loss=0.0007]
  Epoch 14/30:  12%|████▎                               | 7/58 [00:00<00:01, 29.71it/s, loss=0.0024]
  Epoch 14/30:  12%|████▎                               | 7/58 [00:00<00:01, 29.71it/s, loss=0.0012]
  Epoch 14/30:  12%|████▎                               | 7/58 [00:00<00:01, 29.71it/s, loss=0.0010]
  Epoch 14/30:  17%|██████                             | 10/58 [00:00<00:01, 29.39it/s, loss=0.0010]
  Epoch 14/30:  17%|██████                             | 10/58 [00:00<00:01, 29.39it/s, loss=0.0011]
  Epoch 14/30:  17%|██████                             | 10/58 [00:00<00:01, 29.39it/s, loss=0.0007]
  Epoch 14/30:  17%|██████                             | 10/58 [00:00<00:01, 29.39it/s, loss=0.0007]
  Epoch 14/30:  22%|███████▊                           | 13/58 [00:00<00:01, 29.07it/s, loss=0.0007]
  Epoch 14/30:  22%|███████▊                           | 13/58 [00:00<00:01, 29.07it/s, loss=0.0014]
  Epoch 14/30:  22%|███████▊                           | 13/58 [00:00<00:01, 29.07it/s, loss=0.0008]
  Epoch 14/30:  22%|███████▊                           | 13/58 [00:00<00:01, 29.07it/s, loss=0.0004]
  Epoch 14/30:  28%|█████████▋                         | 16/58 [00:00<00:01, 29.29it/s, loss=0.0004]
  Epoch 14/30:  28%|█████████▋                         | 16/58 [00:00<00:01, 29.29it/s, loss=0.0011]
  Epoch 14/30:  28%|█████████▋                         | 16/58 [00:00<00:01, 29.29it/s, loss=0.0020]
  Epoch 14/30:  28%|█████████▋                         | 16/58 [00:00<00:01, 29.29it/s, loss=0.0013]
  Epoch 14/30:  33%|███████████▍                       | 19/58 [00:00<00:01, 27.98it/s, loss=0.0013]
  Epoch 14/30:  33%|███████████▍                       | 19/58 [00:00<00:01, 27.98it/s, loss=0.0009]
  Epoch 14/30:  33%|███████████▍                       | 19/58 [00:00<00:01, 27.98it/s, loss=0.0008]
  Epoch 14/30:  33%|███████████▍                       | 19/58 [00:00<00:01, 27.98it/s, loss=0.0026]
  Epoch 14/30:  38%|█████████████▎                     | 22/58 [00:00<00:01, 26.64it/s, loss=0.0026]
  Epoch 14/30:  38%|█████████████▎                     | 22/58 [00:00<00:01, 26.64it/s, loss=0.0014]
  Epoch 14/30:  38%|█████████████▎                     | 22/58 [00:00<00:01, 26.64it/s, loss=0.0005]
  Epoch 14/30:  38%|█████████████▎                     | 22/58 [00:00<00:01, 26.64it/s, loss=0.0022]
  Epoch 14/30:  38%|█████████████▎                     | 22/58 [00:00<00:01, 26.64it/s, loss=0.0015]
  Epoch 14/30:  45%|███████████████▋                   | 26/58 [00:00<00:01, 30.47it/s, loss=0.0015]
  Epoch 14/30:  45%|███████████████▋                   | 26/58 [00:00<00:01, 30.47it/s, loss=0.0005]
  Epoch 14/30:  45%|███████████████▋                   | 26/58 [00:00<00:01, 30.47it/s, loss=0.0022]
  Epoch 14/30:  45%|███████████████▋                   | 26/58 [00:00<00:01, 30.47it/s, loss=0.0011]
  Epoch 14/30:  45%|███████████████▋                   | 26/58 [00:01<00:01, 30.47it/s, loss=0.0018]
  Epoch 14/30:  52%|██████████████████                 | 30/58 [00:01<00:00, 29.96it/s, loss=0.0018]
  Epoch 14/30:  52%|██████████████████                 | 30/58 [00:01<00:00, 29.96it/s, loss=0.0013]
  Epoch 14/30:  52%|██████████████████                 | 30/58 [00:01<00:00, 29.96it/s, loss=0.0014]
  Epoch 14/30:  52%|██████████████████                 | 30/58 [00:01<00:00, 29.96it/s, loss=0.0014]
  Epoch 14/30:  52%|██████████████████                 | 30/58 [00:01<00:00, 29.96it/s, loss=0.0016]
  Epoch 14/30:  59%|████████████████████▌              | 34/58 [00:01<00:00, 30.87it/s, loss=0.0016]
  Epoch 14/30:  59%|████████████████████▌              | 34/58 [00:01<00:00, 30.87it/s, loss=0.0005]
  Epoch 14/30:  59%|████████████████████▌              | 34/58 [00:01<00:00, 30.87it/s, loss=0.0024]
  Epoch 14/30:  59%|████████████████████▌              | 34/58 [00:01<00:00, 30.87it/s, loss=0.0010]
  Epoch 14/30:  59%|████████████████████▌              | 34/58 [00:01<00:00, 30.87it/s, loss=0.0007]
  Epoch 14/30:  66%|██████████████████████▉            | 38/58 [00:01<00:00, 33.01it/s, loss=0.0007]
  Epoch 14/30:  66%|██████████████████████▉            | 38/58 [00:01<00:00, 33.01it/s, loss=0.0018]
  Epoch 14/30:  66%|██████████████████████▉            | 38/58 [00:01<00:00, 33.01it/s, loss=0.0020]
  Epoch 14/30:  66%|██████████████████████▉            | 38/58 [00:01<00:00, 33.01it/s, loss=0.0018]
  Epoch 14/30:  66%|██████████████████████▉            | 38/58 [00:01<00:00, 33.01it/s, loss=0.0011]
  Epoch 14/30:  72%|█████████████████████████▎         | 42/58 [00:01<00:00, 32.38it/s, loss=0.0011]
  Epoch 14/30:  72%|█████████████████████████▎         | 42/58 [00:01<00:00, 32.38it/s, loss=0.0005]
  Epoch 14/30:  72%|█████████████████████████▎         | 42/58 [00:01<00:00, 32.38it/s, loss=0.0014]
  Epoch 14/30:  72%|█████████████████████████▎         | 42/58 [00:01<00:00, 32.38it/s, loss=0.0013]
  Epoch 14/30:  72%|█████████████████████████▎         | 42/58 [00:01<00:00, 32.38it/s, loss=0.0008]
  Epoch 14/30:  72%|█████████████████████████▎         | 42/58 [00:01<00:00, 32.38it/s, loss=0.0007]
  Epoch 14/30:  81%|████████████████████████████▎      | 47/58 [00:01<00:00, 35.62it/s, loss=0.0007]
  Epoch 14/30:  81%|████████████████████████████▎      | 47/58 [00:01<00:00, 35.62it/s, loss=0.0011]
  Epoch 14/30:  81%|████████████████████████████▎      | 47/58 [00:01<00:00, 35.62it/s, loss=0.0007]
  Epoch 14/30:  81%|████████████████████████████▎      | 47/58 [00:01<00:00, 35.62it/s, loss=0.0028]
  Epoch 14/30:  81%|████████████████████████████▎      | 47/58 [00:01<00:00, 35.62it/s, loss=0.0010]
  Epoch 14/30:  88%|██████████████████████████████▊    | 51/58 [00:01<00:00, 36.35it/s, loss=0.0010]
  Epoch 14/30:  88%|██████████████████████████████▊    | 51/58 [00:01<00:00, 36.35it/s, loss=0.0011]
  Epoch 14/30:  88%|██████████████████████████████▊    | 51/58 [00:01<00:00, 36.35it/s, loss=0.0018]
  Epoch 14/30:  88%|██████████████████████████████▊    | 51/58 [00:01<00:00, 36.35it/s, loss=0.0026]
  Epoch 14/30:  88%|██████████████████████████████▊    | 51/58 [00:01<00:00, 36.35it/s, loss=0.0022]
  Epoch 14/30:  95%|█████████████████████████████████▏ | 55/58 [00:01<00:00, 34.41it/s, loss=0.0022]
  Epoch 14/30:  95%|█████████████████████████████████▏ | 55/58 [00:01<00:00, 34.41it/s, loss=0.0009]
  Epoch 14/30:  95%|█████████████████████████████████▏ | 55/58 [00:01<00:00, 34.41it/s, loss=0.0012]
  Epoch 14/30:  95%|█████████████████████████████████▏ | 55/58 [00:01<00:00, 34.41it/s, loss=0.0014]
                                                                                                    

  Epoch 15/30:   0%|                                                         | 0/58 [00:00<?, ?it/s]
  Epoch 15/30:   0%|                                            | 0/58 [00:00<?, ?it/s, loss=0.0010]
  Epoch 15/30:   0%|                                            | 0/58 [00:00<?, ?it/s, loss=0.0036]
  Epoch 15/30:   0%|                                            | 0/58 [00:00<?, ?it/s, loss=0.0021]
  Epoch 15/30:   0%|                                            | 0/58 [00:00<?, ?it/s, loss=0.0010]
  Epoch 15/30:   7%|██▍                                 | 4/58 [00:00<00:01, 32.42it/s, loss=0.0010]
  Epoch 15/30:   7%|██▍                                 | 4/58 [00:00<00:01, 32.42it/s, loss=0.0007]
  Epoch 15/30:   7%|██▍                                 | 4/58 [00:00<00:01, 32.42it/s, loss=0.0015]
  Epoch 15/30:   7%|██▍                                 | 4/58 [00:00<00:01, 32.42it/s, loss=0.0012]
  Epoch 15/30:   7%|██▍                                 | 4/58 [00:00<00:01, 32.42it/s, loss=0.0008]
  Epoch 15/30:  14%|████▉                               | 8/58 [00:00<00:01, 34.28it/s, loss=0.0008]
  Epoch 15/30:  14%|████▉                               | 8/58 [00:00<00:01, 34.28it/s, loss=0.0007]
  Epoch 15/30:  14%|████▉                               | 8/58 [00:00<00:01, 34.28it/s, loss=0.0006]
  Epoch 15/30:  14%|████▉                               | 8/58 [00:00<00:01, 34.28it/s, loss=0.0028]
  Epoch 15/30:  14%|████▉                               | 8/58 [00:00<00:01, 34.28it/s, loss=0.0022]
  Epoch 15/30:  21%|███████▏                           | 12/58 [00:00<00:01, 36.55it/s, loss=0.0022]
  Epoch 15/30:  21%|███████▏                           | 12/58 [00:00<00:01, 36.55it/s, loss=0.0021]
  Epoch 15/30:  21%|███████▏                           | 12/58 [00:00<00:01, 36.55it/s, loss=0.0009]
  Epoch 15/30:  21%|███████▏                           | 12/58 [00:00<00:01, 36.55it/s, loss=0.0011]
  Epoch 15/30:  21%|███████▏                           | 12/58 [00:00<00:01, 36.55it/s, loss=0.0018]
  Epoch 15/30:  28%|█████████▋                         | 16/58 [00:00<00:01, 36.70it/s, loss=0.0018]
  Epoch 15/30:  28%|█████████▋                         | 16/58 [00:00<00:01, 36.70it/s, loss=0.0007]
  Epoch 15/30:  28%|█████████▋                         | 16/58 [00:00<00:01, 36.70it/s, loss=0.0013]
  Epoch 15/30:  28%|█████████▋                         | 16/58 [00:00<00:01, 36.70it/s, loss=0.0015]
  Epoch 15/30:  28%|█████████▋                         | 16/58 [00:00<00:01, 36.70it/s, loss=0.0006]
  Epoch 15/30:  34%|████████████                       | 20/58 [00:00<00:01, 33.84it/s, loss=0.0006]
  Epoch 15/30:  34%|████████████                       | 20/58 [00:00<00:01, 33.84it/s, loss=0.0016]
  Epoch 15/30:  34%|████████████                       | 20/58 [00:00<00:01, 33.84it/s, loss=0.0008]
  Epoch 15/30:  34%|████████████                       | 20/58 [00:00<00:01, 33.84it/s, loss=0.0010]
  Epoch 15/30:  34%|████████████                       | 20/58 [00:00<00:01, 33.84it/s, loss=0.0019]
  Epoch 15/30:  41%|██████████████▍                    | 24/58 [00:00<00:01, 33.03it/s, loss=0.0019]
  Epoch 15/30:  41%|██████████████▍                    | 24/58 [00:00<00:01, 33.03it/s, loss=0.0011]
  Epoch 15/30:  41%|██████████████▍                    | 24/58 [00:00<00:01, 33.03it/s, loss=0.0006]
  Epoch 15/30:  41%|██████████████▍                    | 24/58 [00:00<00:01, 33.03it/s, loss=0.0009]
  Epoch 15/30:  41%|██████████████▍                    | 24/58 [00:00<00:01, 33.03it/s, loss=0.0011]
  Epoch 15/30:  48%|████████████████▉                  | 28/58 [00:00<00:00, 32.96it/s, loss=0.0011]
  Epoch 15/30:  48%|████████████████▉                  | 28/58 [00:00<00:00, 32.96it/s, loss=0.0005]
  Epoch 15/30:  48%|████████████████▉                  | 28/58 [00:00<00:00, 32.96it/s, loss=0.0015]
  Epoch 15/30:  48%|████████████████▉                  | 28/58 [00:00<00:00, 32.96it/s, loss=0.0017]
  Epoch 15/30:  48%|████████████████▉                  | 28/58 [00:00<00:00, 32.96it/s, loss=0.0008]
  Epoch 15/30:  55%|███████████████████▎               | 32/58 [00:00<00:00, 31.60it/s, loss=0.0008]
  Epoch 15/30:  55%|███████████████████▎               | 32/58 [00:01<00:00, 31.60it/s, loss=0.0015]
  Epoch 15/30:  55%|███████████████████▎               | 32/58 [00:01<00:00, 31.60it/s, loss=0.0015]
  Epoch 15/30:  55%|███████████████████▎               | 32/58 [00:01<00:00, 31.60it/s, loss=0.0011]
  Epoch 15/30:  55%|███████████████████▎               | 32/58 [00:01<00:00, 31.60it/s, loss=0.0021]
  Epoch 15/30:  62%|█████████████████████▋             | 36/58 [00:01<00:00, 32.46it/s, loss=0.0021]
  Epoch 15/30:  62%|█████████████████████▋             | 36/58 [00:01<00:00, 32.46it/s, loss=0.0004]
  Epoch 15/30:  62%|█████████████████████▋             | 36/58 [00:01<00:00, 32.46it/s, loss=0.0014]
  Epoch 15/30:  62%|█████████████████████▋             | 36/58 [00:01<00:00, 32.46it/s, loss=0.0016]
  Epoch 15/30:  62%|█████████████████████▋             | 36/58 [00:01<00:00, 32.46it/s, loss=0.0008]
  Epoch 15/30:  69%|████████████████████████▏          | 40/58 [00:01<00:00, 31.33it/s, loss=0.0008]
  Epoch 15/30:  69%|████████████████████████▏          | 40/58 [00:01<00:00, 31.33it/s, loss=0.0007]
  Epoch 15/30:  69%|████████████████████████▏          | 40/58 [00:01<00:00, 31.33it/s, loss=0.0014]
  Epoch 15/30:  69%|████████████████████████▏          | 40/58 [00:01<00:00, 31.33it/s, loss=0.0010]
  Epoch 15/30:  69%|████████████████████████▏          | 40/58 [00:01<00:00, 31.33it/s, loss=0.0023]
  Epoch 15/30:  76%|██████████████████████████▌        | 44/58 [00:01<00:00, 32.36it/s, loss=0.0023]
  Epoch 15/30:  76%|██████████████████████████▌        | 44/58 [00:01<00:00, 32.36it/s, loss=0.0013]
  Epoch 15/30:  76%|██████████████████████████▌        | 44/58 [00:01<00:00, 32.36it/s, loss=0.0024]
  Epoch 15/30:  76%|██████████████████████████▌        | 44/58 [00:01<00:00, 32.36it/s, loss=0.0022]
  Epoch 15/30:  76%|██████████████████████████▌        | 44/58 [00:01<00:00, 32.36it/s, loss=0.0012]
  Epoch 15/30:  83%|████████████████████████████▉      | 48/58 [00:01<00:00, 33.50it/s, loss=0.0012]
  Epoch 15/30:  83%|████████████████████████████▉      | 48/58 [00:01<00:00, 33.50it/s, loss=0.0010]
  Epoch 15/30:  83%|████████████████████████████▉      | 48/58 [00:01<00:00, 33.50it/s, loss=0.0010]
  Epoch 15/30:  83%|████████████████████████████▉      | 48/58 [00:01<00:00, 33.50it/s, loss=0.0014]
  Epoch 15/30:  83%|████████████████████████████▉      | 48/58 [00:01<00:00, 33.50it/s, loss=0.0013]
  Epoch 15/30:  90%|███████████████████████████████▍   | 52/58 [00:01<00:00, 34.26it/s, loss=0.0013]
  Epoch 15/30:  90%|███████████████████████████████▍   | 52/58 [00:01<00:00, 34.26it/s, loss=0.0018]
  Epoch 15/30:  90%|███████████████████████████████▍   | 52/58 [00:01<00:00, 34.26it/s, loss=0.0022]
  Epoch 15/30:  90%|███████████████████████████████▍   | 52/58 [00:01<00:00, 34.26it/s, loss=0.0005]
  Epoch 15/30:  90%|███████████████████████████████▍   | 52/58 [00:01<00:00, 34.26it/s, loss=0.0008]
  Epoch 15/30:  97%|█████████████████████████████████▊ | 56/58 [00:01<00:00, 35.05it/s, loss=0.0008]
  Epoch 15/30:  97%|█████████████████████████████████▊ | 56/58 [00:01<00:00, 35.05it/s, loss=0.0010]
  Epoch 15/30:  97%|█████████████████████████████████▊ | 56/58 [00:01<00:00, 35.05it/s, loss=0.0004]
                                                                                                    
  Epoch 15/30 │ Loss: 0.0013 │ T+1: 0.8787 │ T+2: 0.7142 │ T+3: 0.5723 ★ NEW BEST

  Epoch 16/30:   0%|                                                         | 0/58 [00:00<?, ?it/s]
  Epoch 16/30:   0%|                                            | 0/58 [00:00<?, ?it/s, loss=0.0018]
  Epoch 16/30:   0%|                                            | 0/58 [00:00<?, ?it/s, loss=0.0011]
  Epoch 16/30:   0%|                                            | 0/58 [00:00<?, ?it/s, loss=0.0018]
  Epoch 16/30:   0%|                                            | 0/58 [00:00<?, ?it/s, loss=0.0014]
  Epoch 16/30:   7%|██▍                                 | 4/58 [00:00<00:01, 31.88it/s, loss=0.0014]
  Epoch 16/30:   7%|██▍                                 | 4/58 [00:00<00:01, 31.88it/s, loss=0.0011]
  Epoch 16/30:   7%|██▍                                 | 4/58 [00:00<00:01, 31.88it/s, loss=0.0009]
  Epoch 16/30:   7%|██▍                                 | 4/58 [00:00<00:01, 31.88it/s, loss=0.0011]
  Epoch 16/30:   7%|██▍                                 | 4/58 [00:00<00:01, 31.88it/s, loss=0.0019]
  Epoch 16/30:  14%|████▉                               | 8/58 [00:00<00:01, 34.39it/s, loss=0.0019]
  Epoch 16/30:  14%|████▉                               | 8/58 [00:00<00:01, 34.39it/s, loss=0.0013]
  Epoch 16/30:  14%|████▉                               | 8/58 [00:00<00:01, 34.39it/s, loss=0.0022]
  Epoch 16/30:  14%|████▉                               | 8/58 [00:00<00:01, 34.39it/s, loss=0.0008]
  Epoch 16/30:  14%|████▉                               | 8/58 [00:00<00:01, 34.39it/s, loss=0.0008]
  Epoch 16/30:  14%|████▉                               | 8/58 [00:00<00:01, 34.39it/s, loss=0.0007]
  Epoch 16/30:  22%|███████▊                           | 13/58 [00:00<00:01, 38.63it/s, loss=0.0007]
  Epoch 16/30:  22%|███████▊                           | 13/58 [00:00<00:01, 38.63it/s, loss=0.0009]
  Epoch 16/30:  22%|███████▊                           | 13/58 [00:00<00:01, 38.63it/s, loss=0.0014]
  Epoch 16/30:  22%|███████▊                           | 13/58 [00:00<00:01, 38.63it/s, loss=0.0014]
  Epoch 16/30:  22%|███████▊                           | 13/58 [00:00<00:01, 38.63it/s, loss=0.0010]
  Epoch 16/30:  22%|███████▊                           | 13/58 [00:00<00:01, 38.63it/s, loss=0.0014]
  Epoch 16/30:  31%|██████████▊                        | 18/58 [00:00<00:01, 38.54it/s, loss=0.0014]
  Epoch 16/30:  31%|██████████▊                        | 18/58 [00:00<00:01, 38.54it/s, loss=0.0007]
  Epoch 16/30:  31%|██████████▊                        | 18/58 [00:00<00:01, 38.54it/s, loss=0.0024]
  Epoch 16/30:  31%|██████████▊                        | 18/58 [00:00<00:01, 38.54it/s, loss=0.0024]
  Epoch 16/30:  31%|██████████▊                        | 18/58 [00:00<00:01, 38.54it/s, loss=0.0008]
  Epoch 16/30:  38%|█████████████▎                     | 22/58 [00:00<00:01, 35.17it/s, loss=0.0008]
  Epoch 16/30:  38%|█████████████▎                     | 22/58 [00:00<00:01, 35.17it/s, loss=0.0015]
  Epoch 16/30:  38%|█████████████▎                     | 22/58 [00:00<00:01, 35.17it/s, loss=0.0012]
  Epoch 16/30:  38%|█████████████▎                     | 22/58 [00:00<00:01, 35.17it/s, loss=0.0007]
  Epoch 16/30:  38%|█████████████▎                     | 22/58 [00:00<00:01, 35.17it/s, loss=0.0014]
  Epoch 16/30:  45%|███████████████▋                   | 26/58 [00:00<00:00, 33.40it/s, loss=0.0014]
  Epoch 16/30:  45%|███████████████▋                   | 26/58 [00:00<00:00, 33.40it/s, loss=0.0007]
  Epoch 16/30:  45%|███████████████▋                   | 26/58 [00:00<00:00, 33.40it/s, loss=0.0010]
  Epoch 16/30:  45%|███████████████▋                   | 26/58 [00:00<00:00, 33.40it/s, loss=0.0007]
  Epoch 16/30:  45%|███████████████▋                   | 26/58 [00:00<00:00, 33.40it/s, loss=0.0008]
  Epoch 16/30:  52%|██████████████████                 | 30/58 [00:00<00:00, 32.40it/s, loss=0.0008]
  Epoch 16/30:  52%|██████████████████                 | 30/58 [00:00<00:00, 32.40it/s, loss=0.0011]
  Epoch 16/30:  52%|██████████████████                 | 30/58 [00:00<00:00, 32.40it/s, loss=0.0013]
  Epoch 16/30:  52%|██████████████████                 | 30/58 [00:00<00:00, 32.40it/s, loss=0.0011]
  Epoch 16/30:  52%|██████████████████                 | 30/58 [00:01<00:00, 32.40it/s, loss=0.0015]
  Epoch 16/30:  59%|████████████████████▌              | 34/58 [00:01<00:00, 30.60it/s, loss=0.0015]
  Epoch 16/30:  59%|████████████████████▌              | 34/58 [00:01<00:00, 30.60it/s, loss=0.0016]
  Epoch 16/30:  59%|████████████████████▌              | 34/58 [00:01<00:00, 30.60it/s, loss=0.0006]
  Epoch 16/30:  59%|████████████████████▌              | 34/58 [00:01<00:00, 30.60it/s, loss=0.0008]
  Epoch 16/30:  59%|████████████████████▌              | 34/58 [00:01<00:00, 30.60it/s, loss=0.0016]
  Epoch 16/30:  66%|██████████████████████▉            | 38/58 [00:01<00:00, 30.11it/s, loss=0.0016]
  Epoch 16/30:  66%|██████████████████████▉            | 38/58 [00:01<00:00, 30.11it/s, loss=0.0004]
  Epoch 16/30:  66%|██████████████████████▉            | 38/58 [00:01<00:00, 30.11it/s, loss=0.0018]
  Epoch 16/30:  66%|██████████████████████▉            | 38/58 [00:01<00:00, 30.11it/s, loss=0.0018]
  Epoch 16/30:  66%|██████████████████████▉            | 38/58 [00:01<00:00, 30.11it/s, loss=0.0016]
  Epoch 16/30:  72%|█████████████████████████▎         | 42/58 [00:01<00:00, 29.78it/s, loss=0.0016]
  Epoch 16/30:  72%|█████████████████████████▎         | 42/58 [00:01<00:00, 29.78it/s, loss=0.0006]
  Epoch 16/30:  72%|█████████████████████████▎         | 42/58 [00:01<00:00, 29.78it/s, loss=0.0028]
  Epoch 16/30:  72%|█████████████████████████▎         | 42/58 [00:01<00:00, 29.78it/s, loss=0.0012]
  Epoch 16/30:  72%|█████████████████████████▎         | 42/58 [00:01<00:00, 29.78it/s, loss=0.0007]
  Epoch 16/30:  79%|███████████████████████████▊       | 46/58 [00:01<00:00, 30.36it/s, loss=0.0007]
  Epoch 16/30:  79%|███████████████████████████▊       | 46/58 [00:01<00:00, 30.36it/s, loss=0.0007]
  Epoch 16/30:  79%|███████████████████████████▊       | 46/58 [00:01<00:00, 30.36it/s, loss=0.0013]
  Epoch 16/30:  79%|███████████████████████████▊       | 46/58 [00:01<00:00, 30.36it/s, loss=0.0011]
  Epoch 16/30:  79%|███████████████████████████▊       | 46/58 [00:01<00:00, 30.36it/s, loss=0.0021]
  Epoch 16/30:  86%|██████████████████████████████▏    | 50/58 [00:01<00:00, 28.12it/s, loss=0.0021]
  Epoch 16/30:  86%|██████████████████████████████▏    | 50/58 [00:01<00:00, 28.12it/s, loss=0.0012]
  Epoch 16/30:  86%|██████████████████████████████▏    | 50/58 [00:01<00:00, 28.12it/s, loss=0.0019]
  Epoch 16/30:  86%|██████████████████████████████▏    | 50/58 [00:01<00:00, 28.12it/s, loss=0.0018]
  Epoch 16/30:  86%|██████████████████████████████▏    | 50/58 [00:01<00:00, 28.12it/s, loss=0.0018]
  Epoch 16/30:  93%|████████████████████████████████▌  | 54/58 [00:01<00:00, 29.08it/s, loss=0.0018]
  Epoch 16/30:  93%|████████████████████████████████▌  | 54/58 [00:01<00:00, 29.08it/s, loss=0.0014]
  Epoch 16/30:  93%|████████████████████████████████▌  | 54/58 [00:01<00:00, 29.08it/s, loss=0.0020]
  Epoch 16/30:  93%|████████████████████████████████▌  | 54/58 [00:01<00:00, 29.08it/s, loss=0.0013]
  Epoch 16/30:  93%|████████████████████████████████▌  | 54/58 [00:01<00:00, 29.08it/s, loss=0.0004]
  Epoch 16/30: 100%|███████████████████████████████████| 58/58 [00:01<00:00, 31.59it/s, loss=0.0004]
                                                                                                    

  Epoch 17/30:   0%|                                                         | 0/58 [00:00<?, ?it/s]
  Epoch 17/30:   0%|                                            | 0/58 [00:00<?, ?it/s, loss=0.0014]
  Epoch 17/30:   0%|                                            | 0/58 [00:00<?, ?it/s, loss=0.0006]
  Epoch 17/30:   0%|                                            | 0/58 [00:00<?, ?it/s, loss=0.0010]
  Epoch 17/30:   0%|                                            | 0/58 [00:00<?, ?it/s, loss=0.0019]
  Epoch 17/30:   7%|██▍                                 | 4/58 [00:00<00:01, 31.30it/s, loss=0.0019]
  Epoch 17/30:   7%|██▍                                 | 4/58 [00:00<00:01, 31.30it/s, loss=0.0005]
  Epoch 17/30:   7%|██▍                                 | 4/58 [00:00<00:01, 31.30it/s, loss=0.0017]
  Epoch 17/30:   7%|██▍                                 | 4/58 [00:00<00:01, 31.30it/s, loss=0.0007]
  Epoch 17/30:   7%|██▍                                 | 4/58 [00:00<00:01, 31.30it/s, loss=0.0024]
  Epoch 17/30:  14%|████▉                               | 8/58 [00:00<00:01, 35.57it/s, loss=0.0024]
  Epoch 17/30:  14%|████▉                               | 8/58 [00:00<00:01, 35.57it/s, loss=0.0010]
  Epoch 17/30:  14%|████▉                               | 8/58 [00:00<00:01, 35.57it/s, loss=0.0010]
  Epoch 17/30:  14%|████▉                               | 8/58 [00:00<00:01, 35.57it/s, loss=0.0007]
  Epoch 17/30:  14%|████▉                               | 8/58 [00:00<00:01, 35.57it/s, loss=0.0016]
  Epoch 17/30:  21%|███████▏                           | 12/58 [00:00<00:01, 35.82it/s, loss=0.0016]
  Epoch 17/30:  21%|███████▏                           | 12/58 [00:00<00:01, 35.82it/s, loss=0.0008]
  Epoch 17/30:  21%|███████▏                           | 12/58 [00:00<00:01, 35.82it/s, loss=0.0012]
  Epoch 17/30:  21%|███████▏                           | 12/58 [00:00<00:01, 35.82it/s, loss=0.0018]
  Epoch 17/30:  21%|███████▏                           | 12/58 [00:00<00:01, 35.82it/s, loss=0.0012]
  Epoch 17/30:  28%|█████████▋                         | 16/58 [00:00<00:01, 34.43it/s, loss=0.0012]
  Epoch 17/30:  28%|█████████▋                         | 16/58 [00:00<00:01, 34.43it/s, loss=0.0010]
  Epoch 17/30:  28%|█████████▋                         | 16/58 [00:00<00:01, 34.43it/s, loss=0.0005]
  Epoch 17/30:  28%|█████████▋                         | 16/58 [00:00<00:01, 34.43it/s, loss=0.0008]
  Epoch 17/30:  28%|█████████▋                         | 16/58 [00:00<00:01, 34.43it/s, loss=0.0011]
  Epoch 17/30:  34%|████████████                       | 20/58 [00:00<00:01, 34.78it/s, loss=0.0011]
  Epoch 17/30:  34%|████████████                       | 20/58 [00:00<00:01, 34.78it/s, loss=0.0008]
  Epoch 17/30:  34%|████████████                       | 20/58 [00:00<00:01, 34.78it/s, loss=0.0020]
  Epoch 17/30:  34%|████████████                       | 20/58 [00:00<00:01, 34.78it/s, loss=0.0019]
  Epoch 17/30:  34%|████████████                       | 20/58 [00:00<00:01, 34.78it/s, loss=0.0013]
  Epoch 17/30:  41%|██████████████▍                    | 24/58 [00:00<00:01, 32.60it/s, loss=0.0013]
  Epoch 17/30:  41%|██████████████▍                    | 24/58 [00:00<00:01, 32.60it/s, loss=0.0015]
  Epoch 17/30:  41%|██████████████▍                    | 24/58 [00:00<00:01, 32.60it/s, loss=0.0014]
  Epoch 17/30:  41%|██████████████▍                    | 24/58 [00:00<00:01, 32.60it/s, loss=0.0010]
  Epoch 17/30:  41%|██████████████▍                    | 24/58 [00:00<00:01, 32.60it/s, loss=0.0010]
  Epoch 17/30:  48%|████████████████▉                  | 28/58 [00:00<00:00, 30.39it/s, loss=0.0010]
  Epoch 17/30:  48%|████████████████▉                  | 28/58 [00:00<00:00, 30.39it/s, loss=0.0015]
  Epoch 17/30:  48%|████████████████▉                  | 28/58 [00:00<00:00, 30.39it/s, loss=0.0014]
  Epoch 17/30:  48%|████████████████▉                  | 28/58 [00:00<00:00, 30.39it/s, loss=0.0009]
  Epoch 17/30:  48%|████████████████▉                  | 28/58 [00:00<00:00, 30.39it/s, loss=0.0011]
  Epoch 17/30:  55%|███████████████████▎               | 32/58 [00:00<00:00, 30.62it/s, loss=0.0011]
  Epoch 17/30:  55%|███████████████████▎               | 32/58 [00:01<00:00, 30.62it/s, loss=0.0006]
  Epoch 17/30:  55%|███████████████████▎               | 32/58 [00:01<00:00, 30.62it/s, loss=0.0021]
  Epoch 17/30:  55%|███████████████████▎               | 32/58 [00:01<00:00, 30.62it/s, loss=0.0019]
  Epoch 17/30:  55%|███████████████████▎               | 32/58 [00:01<00:00, 30.62it/s, loss=0.0015]
  Epoch 17/30:  62%|█████████████████████▋             | 36/58 [00:01<00:00, 30.02it/s, loss=0.0015]
  Epoch 17/30:  62%|█████████████████████▋             | 36/58 [00:01<00:00, 30.02it/s, loss=0.0022]
  Epoch 17/30:  62%|█████████████████████▋             | 36/58 [00:01<00:00, 30.02it/s, loss=0.0008]
  Epoch 17/30:  62%|█████████████████████▋             | 36/58 [00:01<00:00, 30.02it/s, loss=0.0017]
  Epoch 17/30:  62%|█████████████████████▋             | 36/58 [00:01<00:00, 30.02it/s, loss=0.0005]
  Epoch 17/30:  69%|████████████████████████▏          | 40/58 [00:01<00:00, 28.15it/s, loss=0.0005]
  Epoch 17/30:  69%|████████████████████████▏          | 40/58 [00:01<00:00, 28.15it/s, loss=0.0008]
  Epoch 17/30:  69%|████████████████████████▏          | 40/58 [00:01<00:00, 28.15it/s, loss=0.0009]
  Epoch 17/30:  69%|████████████████████████▏          | 40/58 [00:01<00:00, 28.15it/s, loss=0.0021]
  Epoch 17/30:  74%|█████████████████████████▉         | 43/58 [00:01<00:00, 28.27it/s, loss=0.0021]
  Epoch 17/30:  74%|█████████████████████████▉         | 43/58 [00:01<00:00, 28.27it/s, loss=0.0010]
  Epoch 17/30:  74%|█████████████████████████▉         | 43/58 [00:01<00:00, 28.27it/s, loss=0.0012]
  Epoch 17/30:  74%|█████████████████████████▉         | 43/58 [00:01<00:00, 28.27it/s, loss=0.0019]
  Epoch 17/30:  74%|█████████████████████████▉         | 43/58 [00:01<00:00, 28.27it/s, loss=0.0023]
  Epoch 17/30:  74%|█████████████████████████▉         | 43/58 [00:01<00:00, 28.27it/s, loss=0.0015]
  Epoch 17/30:  83%|████████████████████████████▉      | 48/58 [00:01<00:00, 31.08it/s, loss=0.0015]
  Epoch 17/30:  83%|████████████████████████████▉      | 48/58 [00:01<00:00, 31.08it/s, loss=0.0009]
  Epoch 17/30:  83%|████████████████████████████▉      | 48/58 [00:01<00:00, 31.08it/s, loss=0.0018]
  Epoch 17/30:  83%|████████████████████████████▉      | 48/58 [00:01<00:00, 31.08it/s, loss=0.0011]
  Epoch 17/30:  83%|████████████████████████████▉      | 48/58 [00:01<00:00, 31.08it/s, loss=0.0019]
  Epoch 17/30:  90%|███████████████████████████████▍   | 52/58 [00:01<00:00, 32.45it/s, loss=0.0019]
  Epoch 17/30:  90%|███████████████████████████████▍   | 52/58 [00:01<00:00, 32.45it/s, loss=0.0016]
  Epoch 17/30:  90%|███████████████████████████████▍   | 52/58 [00:01<00:00, 32.45it/s, loss=0.0010]
  Epoch 17/30:  90%|███████████████████████████████▍   | 52/58 [00:01<00:00, 32.45it/s, loss=0.0017]
  Epoch 17/30:  90%|███████████████████████████████▍   | 52/58 [00:01<00:00, 32.45it/s, loss=0.0015]
  Epoch 17/30:  97%|█████████████████████████████████▊ | 56/58 [00:01<00:00, 32.91it/s, loss=0.0015]
  Epoch 17/30:  97%|█████████████████████████████████▊ | 56/58 [00:01<00:00, 32.91it/s, loss=0.0014]
  Epoch 17/30:  97%|█████████████████████████████████▊ | 56/58 [00:01<00:00, 32.91it/s, loss=0.0005]
                                                                                                    

  Epoch 18/30:   0%|                                                         | 0/58 [00:00<?, ?it/s]
  Epoch 18/30:   0%|                                            | 0/58 [00:00<?, ?it/s, loss=0.0012]
  Epoch 18/30:   0%|                                            | 0/58 [00:00<?, ?it/s, loss=0.0005]
  Epoch 18/30:   0%|                                            | 0/58 [00:00<?, ?it/s, loss=0.0011]
  Epoch 18/30:   0%|                                            | 0/58 [00:00<?, ?it/s, loss=0.0011]
  Epoch 18/30:   7%|██▍                                 | 4/58 [00:00<00:01, 36.21it/s, loss=0.0011]
  Epoch 18/30:   7%|██▍                                 | 4/58 [00:00<00:01, 36.21it/s, loss=0.0012]
  Epoch 18/30:   7%|██▍                                 | 4/58 [00:00<00:01, 36.21it/s, loss=0.0018]
  Epoch 18/30:   7%|██▍                                 | 4/58 [00:00<00:01, 36.21it/s, loss=0.0010]
  Epoch 18/30:   7%|██▍                                 | 4/58 [00:00<00:01, 36.21it/s, loss=0.0011]
  Epoch 18/30:  14%|████▉                               | 8/58 [00:00<00:01, 34.70it/s, loss=0.0011]
  Epoch 18/30:  14%|████▉                               | 8/58 [00:00<00:01, 34.70it/s, loss=0.0019]
  Epoch 18/30:  14%|████▉                               | 8/58 [00:00<00:01, 34.70it/s, loss=0.0019]
  Epoch 18/30:  14%|████▉                               | 8/58 [00:00<00:01, 34.70it/s, loss=0.0019]
  Epoch 18/30:  14%|████▉                               | 8/58 [00:00<00:01, 34.70it/s, loss=0.0016]
  Epoch 18/30:  14%|████▉                               | 8/58 [00:00<00:01, 34.70it/s, loss=0.0014]
  Epoch 18/30:  22%|███████▊                           | 13/58 [00:00<00:01, 37.18it/s, loss=0.0014]
  Epoch 18/30:  22%|███████▊                           | 13/58 [00:00<00:01, 37.18it/s, loss=0.0010]
  Epoch 18/30:  22%|███████▊                           | 13/58 [00:00<00:01, 37.18it/s, loss=0.0009]
  Epoch 18/30:  22%|███████▊                           | 13/58 [00:00<00:01, 37.18it/s, loss=0.0007]
  Epoch 18/30:  22%|███████▊                           | 13/58 [00:00<00:01, 37.18it/s, loss=0.0007]
  Epoch 18/30:  29%|██████████▎                        | 17/58 [00:00<00:01, 36.55it/s, loss=0.0007]
  Epoch 18/30:  29%|██████████▎                        | 17/58 [00:00<00:01, 36.55it/s, loss=0.0016]
  Epoch 18/30:  29%|██████████▎                        | 17/58 [00:00<00:01, 36.55it/s, loss=0.0020]
  Epoch 18/30:  29%|██████████▎                        | 17/58 [00:00<00:01, 36.55it/s, loss=0.0007]
  Epoch 18/30:  29%|██████████▎                        | 17/58 [00:00<00:01, 36.55it/s, loss=0.0020]
  Epoch 18/30:  29%|██████████▎                        | 17/58 [00:00<00:01, 36.55it/s, loss=0.0009]
  Epoch 18/30:  38%|█████████████▎                     | 22/58 [00:00<00:00, 39.61it/s, loss=0.0009]
  Epoch 18/30:  38%|█████████████▎                     | 22/58 [00:00<00:00, 39.61it/s, loss=0.0023]
  Epoch 18/30:  38%|█████████████▎                     | 22/58 [00:00<00:00, 39.61it/s, loss=0.0017]
  Epoch 18/30:  38%|█████████████▎                     | 22/58 [00:00<00:00, 39.61it/s, loss=0.0004]
  Epoch 18/30:  38%|█████████████▎                     | 22/58 [00:00<00:00, 39.61it/s, loss=0.0007]
  Epoch 18/30:  45%|███████████████▋                   | 26/58 [00:00<00:00, 37.58it/s, loss=0.0007]
  Epoch 18/30:  45%|███████████████▋                   | 26/58 [00:00<00:00, 37.58it/s, loss=0.0018]
  Epoch 18/30:  45%|███████████████▋                   | 26/58 [00:00<00:00, 37.58it/s, loss=0.0019]
  Epoch 18/30:  45%|███████████████▋                   | 26/58 [00:00<00:00, 37.58it/s, loss=0.0015]
  Epoch 18/30:  45%|███████████████▋                   | 26/58 [00:00<00:00, 37.58it/s, loss=0.0007]
  Epoch 18/30:  45%|███████████████▋                   | 26/58 [00:00<00:00, 37.58it/s, loss=0.0017]
  Epoch 18/30:  53%|██████████████████▋                | 31/58 [00:00<00:00, 39.89it/s, loss=0.0017]
  Epoch 18/30:  53%|██████████████████▋                | 31/58 [00:00<00:00, 39.89it/s, loss=0.0014]
  Epoch 18/30:  53%|██████████████████▋                | 31/58 [00:00<00:00, 39.89it/s, loss=0.0013]
  Epoch 18/30:  53%|██████████████████▋                | 31/58 [00:00<00:00, 39.89it/s, loss=0.0011]
  Epoch 18/30:  53%|██████████████████▋                | 31/58 [00:00<00:00, 39.89it/s, loss=0.0010]
  Epoch 18/30:  53%|██████████████████▋                | 31/58 [00:00<00:00, 39.89it/s, loss=0.0009]
  Epoch 18/30:  62%|█████████████████████▋             | 36/58 [00:00<00:00, 41.66it/s, loss=0.0009]
  Epoch 18/30:  62%|█████████████████████▋             | 36/58 [00:00<00:00, 41.66it/s, loss=0.0010]
  Epoch 18/30:  62%|█████████████████████▋             | 36/58 [00:00<00:00, 41.66it/s, loss=0.0016]
  Epoch 18/30:  62%|█████████████████████▋             | 36/58 [00:00<00:00, 41.66it/s, loss=0.0008]
  Epoch 18/30:  62%|█████████████████████▋             | 36/58 [00:01<00:00, 41.66it/s, loss=0.0010]
  Epoch 18/30:  62%|█████████████████████▋             | 36/58 [00:01<00:00, 41.66it/s, loss=0.0010]
  Epoch 18/30:  71%|████████████████████████▋          | 41/58 [00:01<00:00, 43.23it/s, loss=0.0010]
  Epoch 18/30:  71%|████████████████████████▋          | 41/58 [00:01<00:00, 43.23it/s, loss=0.0023]
  Epoch 18/30:  71%|████████████████████████▋          | 41/58 [00:01<00:00, 43.23it/s, loss=0.0011]
  Epoch 18/30:  71%|████████████████████████▋          | 41/58 [00:01<00:00, 43.23it/s, loss=0.0009]
  Epoch 18/30:  71%|████████████████████████▋          | 41/58 [00:01<00:00, 43.23it/s, loss=0.0009]
  Epoch 18/30:  71%|████████████████████████▋          | 41/58 [00:01<00:00, 43.23it/s, loss=0.0015]
  Epoch 18/30:  79%|███████████████████████████▊       | 46/58 [00:01<00:00, 42.66it/s, loss=0.0015]
  Epoch 18/30:  79%|███████████████████████████▊       | 46/58 [00:01<00:00, 42.66it/s, loss=0.0012]
  Epoch 18/30:  79%|███████████████████████████▊       | 46/58 [00:01<00:00, 42.66it/s, loss=0.0008]
  Epoch 18/30:  79%|███████████████████████████▊       | 46/58 [00:01<00:00, 42.66it/s, loss=0.0006]
  Epoch 18/30:  79%|███████████████████████████▊       | 46/58 [00:01<00:00, 42.66it/s, loss=0.0007]
  Epoch 18/30:  79%|███████████████████████████▊       | 46/58 [00:01<00:00, 42.66it/s, loss=0.0020]
  Epoch 18/30:  88%|██████████████████████████████▊    | 51/58 [00:01<00:00, 44.32it/s, loss=0.0020]
  Epoch 18/30:  88%|██████████████████████████████▊    | 51/58 [00:01<00:00, 44.32it/s, loss=0.0008]
  Epoch 18/30:  88%|██████████████████████████████▊    | 51/58 [00:01<00:00, 44.32it/s, loss=0.0013]
  Epoch 18/30:  88%|██████████████████████████████▊    | 51/58 [00:01<00:00, 44.32it/s, loss=0.0011]
  Epoch 18/30:  88%|██████████████████████████████▊    | 51/58 [00:01<00:00, 44.32it/s, loss=0.0011]
  Epoch 18/30:  88%|██████████████████████████████▊    | 51/58 [00:01<00:00, 44.32it/s, loss=0.0006]
  Epoch 18/30:  97%|█████████████████████████████████▊ | 56/58 [00:01<00:00, 43.22it/s, loss=0.0006]
  Epoch 18/30:  97%|█████████████████████████████████▊ | 56/58 [00:01<00:00, 43.22it/s, loss=0.0026]
  Epoch 18/30:  97%|█████████████████████████████████▊ | 56/58 [00:01<00:00, 43.22it/s, loss=0.0002]
                                                                                                    

  Epoch 19/30:   0%|                                                         | 0/58 [00:00<?, ?it/s]
  Epoch 19/30:   0%|                                            | 0/58 [00:00<?, ?it/s, loss=0.0019]
  Epoch 19/30:   0%|                                            | 0/58 [00:00<?, ?it/s, loss=0.0013]
  Epoch 19/30:   0%|                                            | 0/58 [00:00<?, ?it/s, loss=0.0028]
  Epoch 19/30:   0%|                                            | 0/58 [00:00<?, ?it/s, loss=0.0009]
  Epoch 19/30:   7%|██▍                                 | 4/58 [00:00<00:01, 35.11it/s, loss=0.0009]
  Epoch 19/30:   7%|██▍                                 | 4/58 [00:00<00:01, 35.11it/s, loss=0.0007]
  Epoch 19/30:   7%|██▍                                 | 4/58 [00:00<00:01, 35.11it/s, loss=0.0009]
  Epoch 19/30:   7%|██▍                                 | 4/58 [00:00<00:01, 35.11it/s, loss=0.0011]
  Epoch 19/30:   7%|██▍                                 | 4/58 [00:00<00:01, 35.11it/s, loss=0.0011]
  Epoch 19/30:   7%|██▍                                 | 4/58 [00:00<00:01, 35.11it/s, loss=0.0015]
  Epoch 19/30:  16%|█████▌                              | 9/58 [00:00<00:01, 39.42it/s, loss=0.0015]
  Epoch 19/30:  16%|█████▌                              | 9/58 [00:00<00:01, 39.42it/s, loss=0.0007]
  Epoch 19/30:  16%|█████▌                              | 9/58 [00:00<00:01, 39.42it/s, loss=0.0007]
  Epoch 19/30:  16%|█████▌                              | 9/58 [00:00<00:01, 39.42it/s, loss=0.0011]
  Epoch 19/30:  16%|█████▌                              | 9/58 [00:00<00:01, 39.42it/s, loss=0.0015]
  Epoch 19/30:  16%|█████▌                              | 9/58 [00:00<00:01, 39.42it/s, loss=0.0011]
  Epoch 19/30:  24%|████████▍                          | 14/58 [00:00<00:01, 38.20it/s, loss=0.0011]
  Epoch 19/30:  24%|████████▍                          | 14/58 [00:00<00:01, 38.20it/s, loss=0.0017]
  Epoch 19/30:  24%|████████▍                          | 14/58 [00:00<00:01, 38.20it/s, loss=0.0017]
  Epoch 19/30:  24%|████████▍                          | 14/58 [00:00<00:01, 38.20it/s, loss=0.0004]
  Epoch 19/30:  24%|████████▍                          | 14/58 [00:00<00:01, 38.20it/s, loss=0.0011]
  Epoch 19/30:  24%|████████▍                          | 14/58 [00:00<00:01, 38.20it/s, loss=0.0007]
  Epoch 19/30:  33%|███████████▍                       | 19/58 [00:00<00:00, 39.04it/s, loss=0.0007]
  Epoch 19/30:  33%|███████████▍                       | 19/58 [00:00<00:00, 39.04it/s, loss=0.0014]
  Epoch 19/30:  33%|███████████▍                       | 19/58 [00:00<00:00, 39.04it/s, loss=0.0012]
  Epoch 19/30:  33%|███████████▍                       | 19/58 [00:00<00:00, 39.04it/s, loss=0.0014]
  Epoch 19/30:  33%|███████████▍                       | 19/58 [00:00<00:00, 39.04it/s, loss=0.0015]
  Epoch 19/30:  33%|███████████▍                       | 19/58 [00:00<00:00, 39.04it/s, loss=0.0018]
  Epoch 19/30:  41%|██████████████▍                    | 24/58 [00:00<00:00, 41.32it/s, loss=0.0018]
  Epoch 19/30:  41%|██████████████▍                    | 24/58 [00:00<00:00, 41.32it/s, loss=0.0012]
  Epoch 19/30:  41%|██████████████▍                    | 24/58 [00:00<00:00, 41.32it/s, loss=0.0014]
  Epoch 19/30:  41%|██████████████▍                    | 24/58 [00:00<00:00, 41.32it/s, loss=0.0013]
  Epoch 19/30:  41%|██████████████▍                    | 24/58 [00:00<00:00, 41.32it/s, loss=0.0011]
  Epoch 19/30:  41%|██████████████▍                    | 24/58 [00:00<00:00, 41.32it/s, loss=0.0011]
  Epoch 19/30:  50%|█████████████████▌                 | 29/58 [00:00<00:00, 40.75it/s, loss=0.0011]
  Epoch 19/30:  50%|█████████████████▌                 | 29/58 [00:00<00:00, 40.75it/s, loss=0.0008]
  Epoch 19/30:  50%|█████████████████▌                 | 29/58 [00:00<00:00, 40.75it/s, loss=0.0014]
  Epoch 19/30:  50%|█████████████████▌                 | 29/58 [00:00<00:00, 40.75it/s, loss=0.0011]
  Epoch 19/30:  50%|█████████████████▌                 | 29/58 [00:00<00:00, 40.75it/s, loss=0.0007]
  Epoch 19/30:  50%|█████████████████▌                 | 29/58 [00:00<00:00, 40.75it/s, loss=0.0016]
  Epoch 19/30:  59%|████████████████████▌              | 34/58 [00:00<00:00, 37.35it/s, loss=0.0016]
  Epoch 19/30:  59%|████████████████████▌              | 34/58 [00:00<00:00, 37.35it/s, loss=0.0010]
  Epoch 19/30:  59%|████████████████████▌              | 34/58 [00:00<00:00, 37.35it/s, loss=0.0014]
  Epoch 19/30:  59%|████████████████████▌              | 34/58 [00:00<00:00, 37.35it/s, loss=0.0010]
  Epoch 19/30:  59%|████████████████████▌              | 34/58 [00:01<00:00, 37.35it/s, loss=0.0017]
  Epoch 19/30:  66%|██████████████████████▉            | 38/58 [00:01<00:00, 35.26it/s, loss=0.0017]
  Epoch 19/30:  66%|██████████████████████▉            | 38/58 [00:01<00:00, 35.26it/s, loss=0.0011]
  Epoch 19/30:  66%|██████████████████████▉            | 38/58 [00:01<00:00, 35.26it/s, loss=0.0011]
  Epoch 19/30:  66%|██████████████████████▉            | 38/58 [00:01<00:00, 35.26it/s, loss=0.0012]
  Epoch 19/30:  66%|██████████████████████▉            | 38/58 [00:01<00:00, 35.26it/s, loss=0.0012]
  Epoch 19/30:  72%|█████████████████████████▎         | 42/58 [00:01<00:00, 34.42it/s, loss=0.0012]
  Epoch 19/30:  72%|█████████████████████████▎         | 42/58 [00:01<00:00, 34.42it/s, loss=0.0009]
  Epoch 19/30:  72%|█████████████████████████▎         | 42/58 [00:01<00:00, 34.42it/s, loss=0.0012]
  Epoch 19/30:  72%|█████████████████████████▎         | 42/58 [00:01<00:00, 34.42it/s, loss=0.0016]
  Epoch 19/30:  72%|█████████████████████████▎         | 42/58 [00:01<00:00, 34.42it/s, loss=0.0009]
  Epoch 19/30:  79%|███████████████████████████▊       | 46/58 [00:01<00:00, 34.28it/s, loss=0.0009]
  Epoch 19/30:  79%|███████████████████████████▊       | 46/58 [00:01<00:00, 34.28it/s, loss=0.0019]
  Epoch 19/30:  79%|███████████████████████████▊       | 46/58 [00:01<00:00, 34.28it/s, loss=0.0005]
  Epoch 19/30:  79%|███████████████████████████▊       | 46/58 [00:01<00:00, 34.28it/s, loss=0.0008]
  Epoch 19/30:  79%|███████████████████████████▊       | 46/58 [00:01<00:00, 34.28it/s, loss=0.0011]
  Epoch 19/30:  79%|███████████████████████████▊       | 46/58 [00:01<00:00, 34.28it/s, loss=0.0018]
  Epoch 19/30:  88%|██████████████████████████████▊    | 51/58 [00:01<00:00, 36.11it/s, loss=0.0018]
  Epoch 19/30:  88%|██████████████████████████████▊    | 51/58 [00:01<00:00, 36.11it/s, loss=0.0010]
  Epoch 19/30:  88%|██████████████████████████████▊    | 51/58 [00:01<00:00, 36.11it/s, loss=0.0014]
  Epoch 19/30:  88%|██████████████████████████████▊    | 51/58 [00:01<00:00, 36.11it/s, loss=0.0007]
  Epoch 19/30:  88%|██████████████████████████████▊    | 51/58 [00:01<00:00, 36.11it/s, loss=0.0013]
  Epoch 19/30:  88%|██████████████████████████████▊    | 51/58 [00:01<00:00, 36.11it/s, loss=0.0017]
  Epoch 19/30:  97%|█████████████████████████████████▊ | 56/58 [00:01<00:00, 38.00it/s, loss=0.0017]
  Epoch 19/30:  97%|█████████████████████████████████▊ | 56/58 [00:01<00:00, 38.00it/s, loss=0.0034]
  Epoch 19/30:  97%|█████████████████████████████████▊ | 56/58 [00:01<00:00, 38.00it/s, loss=0.0001]
                                                                                                    

  Epoch 20/30:   0%|                                                         | 0/58 [00:00<?, ?it/s]
  Epoch 20/30:   0%|                                            | 0/58 [00:00<?, ?it/s, loss=0.0020]
  Epoch 20/30:   0%|                                            | 0/58 [00:00<?, ?it/s, loss=0.0009]
  Epoch 20/30:   0%|                                            | 0/58 [00:00<?, ?it/s, loss=0.0014]
  Epoch 20/30:   0%|                                            | 0/58 [00:00<?, ?it/s, loss=0.0014]
  Epoch 20/30:   0%|                                            | 0/58 [00:00<?, ?it/s, loss=0.0012]
  Epoch 20/30:   9%|███                                 | 5/58 [00:00<00:01, 38.98it/s, loss=0.0012]
  Epoch 20/30:   9%|███                                 | 5/58 [00:00<00:01, 38.98it/s, loss=0.0013]
  Epoch 20/30:   9%|███                                 | 5/58 [00:00<00:01, 38.98it/s, loss=0.0008]
  Epoch 20/30:   9%|███                                 | 5/58 [00:00<00:01, 38.98it/s, loss=0.0012]
  Epoch 20/30:   9%|███                                 | 5/58 [00:00<00:01, 38.98it/s, loss=0.0019]
  Epoch 20/30:  16%|█████▌                              | 9/58 [00:00<00:01, 37.90it/s, loss=0.0019]
  Epoch 20/30:  16%|█████▌                              | 9/58 [00:00<00:01, 37.90it/s, loss=0.0004]
  Epoch 20/30:  16%|█████▌                              | 9/58 [00:00<00:01, 37.90it/s, loss=0.0009]
  Epoch 20/30:  16%|█████▌                              | 9/58 [00:00<00:01, 37.90it/s, loss=0.0015]
  Epoch 20/30:  16%|█████▌                              | 9/58 [00:00<00:01, 37.90it/s, loss=0.0004]
  Epoch 20/30:  22%|███████▊                           | 13/58 [00:00<00:01, 37.86it/s, loss=0.0004]
  Epoch 20/30:  22%|███████▊                           | 13/58 [00:00<00:01, 37.86it/s, loss=0.0005]
  Epoch 20/30:  22%|███████▊                           | 13/58 [00:00<00:01, 37.86it/s, loss=0.0012]
  Epoch 20/30:  22%|███████▊                           | 13/58 [00:00<00:01, 37.86it/s, loss=0.0015]
  Epoch 20/30:  22%|███████▊                           | 13/58 [00:00<00:01, 37.86it/s, loss=0.0009]
  Epoch 20/30:  29%|██████████▎                        | 17/58 [00:00<00:01, 36.08it/s, loss=0.0009]
  Epoch 20/30:  29%|██████████▎                        | 17/58 [00:00<00:01, 36.08it/s, loss=0.0010]
  Epoch 20/30:  29%|██████████▎                        | 17/58 [00:00<00:01, 36.08it/s, loss=0.0007]
  Epoch 20/30:  29%|██████████▎                        | 17/58 [00:00<00:01, 36.08it/s, loss=0.0006]
  Epoch 20/30:  29%|██████████▎                        | 17/58 [00:00<00:01, 36.08it/s, loss=0.0018]
  Epoch 20/30:  36%|████████████▋                      | 21/58 [00:00<00:01, 33.16it/s, loss=0.0018]
  Epoch 20/30:  36%|████████████▋                      | 21/58 [00:00<00:01, 33.16it/s, loss=0.0024]
  Epoch 20/30:  36%|████████████▋                      | 21/58 [00:00<00:01, 33.16it/s, loss=0.0015]
  Epoch 20/30:  36%|████████████▋                      | 21/58 [00:00<00:01, 33.16it/s, loss=0.0013]
  Epoch 20/30:  36%|████████████▋                      | 21/58 [00:00<00:01, 33.16it/s, loss=0.0021]
  Epoch 20/30:  43%|███████████████                    | 25/58 [00:00<00:00, 33.17it/s, loss=0.0021]
  Epoch 20/30:  43%|███████████████                    | 25/58 [00:00<00:00, 33.17it/s, loss=0.0006]
  Epoch 20/30:  43%|███████████████                    | 25/58 [00:00<00:00, 33.17it/s, loss=0.0013]
  Epoch 20/30:  43%|███████████████                    | 25/58 [00:00<00:00, 33.17it/s, loss=0.0011]
  Epoch 20/30:  43%|███████████████                    | 25/58 [00:00<00:00, 33.17it/s, loss=0.0016]
  Epoch 20/30:  50%|█████████████████▌                 | 29/58 [00:00<00:00, 32.89it/s, loss=0.0016]
  Epoch 20/30:  50%|█████████████████▌                 | 29/58 [00:00<00:00, 32.89it/s, loss=0.0027]
  Epoch 20/30:  50%|█████████████████▌                 | 29/58 [00:01<00:00, 32.89it/s, loss=0.0014]
  Epoch 20/30:  50%|█████████████████▌                 | 29/58 [00:01<00:00, 32.89it/s, loss=0.0011]
  Epoch 20/30:  50%|█████████████████▌                 | 29/58 [00:01<00:00, 32.89it/s, loss=0.0013]
  Epoch 20/30:  57%|███████████████████▉               | 33/58 [00:01<00:00, 26.59it/s, loss=0.0013]
  Epoch 20/30:  57%|███████████████████▉               | 33/58 [00:01<00:00, 26.59it/s, loss=0.0023]
  Epoch 20/30:  57%|███████████████████▉               | 33/58 [00:01<00:00, 26.59it/s, loss=0.0010]
  Epoch 20/30:  57%|███████████████████▉               | 33/58 [00:01<00:00, 26.59it/s, loss=0.0005]
  Epoch 20/30:  57%|███████████████████▉               | 33/58 [00:01<00:00, 26.59it/s, loss=0.0003]
  Epoch 20/30:  57%|███████████████████▉               | 33/58 [00:01<00:00, 26.59it/s, loss=0.0006]
  Epoch 20/30:  66%|██████████████████████▉            | 38/58 [00:01<00:00, 30.87it/s, loss=0.0006]
  Epoch 20/30:  66%|██████████████████████▉            | 38/58 [00:01<00:00, 30.87it/s, loss=0.0015]
  Epoch 20/30:  66%|██████████████████████▉            | 38/58 [00:01<00:00, 30.87it/s, loss=0.0017]
  Epoch 20/30:  66%|██████████████████████▉            | 38/58 [00:01<00:00, 30.87it/s, loss=0.0015]
  Epoch 20/30:  66%|██████████████████████▉            | 38/58 [00:01<00:00, 30.87it/s, loss=0.0004]
  Epoch 20/30:  66%|██████████████████████▉            | 38/58 [00:01<00:00, 30.87it/s, loss=0.0007]
  Epoch 20/30:  74%|█████████████████████████▉         | 43/58 [00:01<00:00, 33.97it/s, loss=0.0007]
  Epoch 20/30:  74%|█████████████████████████▉         | 43/58 [00:01<00:00, 33.97it/s, loss=0.0008]
  Epoch 20/30:  74%|█████████████████████████▉         | 43/58 [00:01<00:00, 33.97it/s, loss=0.0017]
  Epoch 20/30:  74%|█████████████████████████▉         | 43/58 [00:01<00:00, 33.97it/s, loss=0.0006]
  Epoch 20/30:  74%|█████████████████████████▉         | 43/58 [00:01<00:00, 33.97it/s, loss=0.0011]
  Epoch 20/30:  81%|████████████████████████████▎      | 47/58 [00:01<00:00, 34.80it/s, loss=0.0011]
  Epoch 20/30:  81%|████████████████████████████▎      | 47/58 [00:01<00:00, 34.80it/s, loss=0.0029]
  Epoch 20/30:  81%|████████████████████████████▎      | 47/58 [00:01<00:00, 34.80it/s, loss=0.0019]
  Epoch 20/30:  81%|████████████████████████████▎      | 47/58 [00:01<00:00, 34.80it/s, loss=0.0006]
  Epoch 20/30:  81%|████████████████████████████▎      | 47/58 [00:01<00:00, 34.80it/s, loss=0.0012]
  Epoch 20/30:  88%|██████████████████████████████▊    | 51/58 [00:01<00:00, 35.65it/s, loss=0.0012]
  Epoch 20/30:  88%|██████████████████████████████▊    | 51/58 [00:01<00:00, 35.65it/s, loss=0.0013]
  Epoch 20/30:  88%|██████████████████████████████▊    | 51/58 [00:01<00:00, 35.65it/s, loss=0.0004]
  Epoch 20/30:  88%|██████████████████████████████▊    | 51/58 [00:01<00:00, 35.65it/s, loss=0.0015]
  Epoch 20/30:  88%|██████████████████████████████▊    | 51/58 [00:01<00:00, 35.65it/s, loss=0.0014]
  Epoch 20/30:  88%|██████████████████████████████▊    | 51/58 [00:01<00:00, 35.65it/s, loss=0.0014]
  Epoch 20/30:  97%|█████████████████████████████████▊ | 56/58 [00:01<00:00, 37.12it/s, loss=0.0014]
  Epoch 20/30:  97%|█████████████████████████████████▊ | 56/58 [00:01<00:00, 37.12it/s, loss=0.0007]
  Epoch 20/30:  97%|█████████████████████████████████▊ | 56/58 [00:01<00:00, 37.12it/s, loss=0.0001]
                                                                                                    
  Epoch 20/30 │ Loss: 0.0012 │ T+1: 0.8813 │ T+2: 0.7447 │ T+3: 0.6001

  Epoch 21/30:   0%|                                                         | 0/58 [00:00<?, ?it/s]
  Epoch 21/30:   0%|                                            | 0/58 [00:00<?, ?it/s, loss=0.0021]
  Epoch 21/30:   0%|                                            | 0/58 [00:00<?, ?it/s, loss=0.0011]
  Epoch 21/30:   0%|                                            | 0/58 [00:00<?, ?it/s, loss=0.0014]
  Epoch 21/30:   0%|                                            | 0/58 [00:00<?, ?it/s, loss=0.0015]
  Epoch 21/30:   7%|██▍                                 | 4/58 [00:00<00:01, 31.36it/s, loss=0.0015]
  Epoch 21/30:   7%|██▍                                 | 4/58 [00:00<00:01, 31.36it/s, loss=0.0007]
  Epoch 21/30:   7%|██▍                                 | 4/58 [00:00<00:01, 31.36it/s, loss=0.0013]
  Epoch 21/30:   7%|██▍                                 | 4/58 [00:00<00:01, 31.36it/s, loss=0.0017]
  Epoch 21/30:   7%|██▍                                 | 4/58 [00:00<00:01, 31.36it/s, loss=0.0008]
  Epoch 21/30:  14%|████▉                               | 8/58 [00:00<00:01, 32.78it/s, loss=0.0008]
  Epoch 21/30:  14%|████▉                               | 8/58 [00:00<00:01, 32.78it/s, loss=0.0013]
  Epoch 21/30:  14%|████▉                               | 8/58 [00:00<00:01, 32.78it/s, loss=0.0025]
  Epoch 21/30:  14%|████▉                               | 8/58 [00:00<00:01, 32.78it/s, loss=0.0020]
  Epoch 21/30:  14%|████▉                               | 8/58 [00:00<00:01, 32.78it/s, loss=0.0015]
  Epoch 21/30:  21%|███████▏                           | 12/58 [00:00<00:01, 34.95it/s, loss=0.0015]
  Epoch 21/30:  21%|███████▏                           | 12/58 [00:00<00:01, 34.95it/s, loss=0.0017]
  Epoch 21/30:  21%|███████▏                           | 12/58 [00:00<00:01, 34.95it/s, loss=0.0008]
  Epoch 21/30:  21%|███████▏                           | 12/58 [00:00<00:01, 34.95it/s, loss=0.0004]
  Epoch 21/30:  21%|███████▏                           | 12/58 [00:00<00:01, 34.95it/s, loss=0.0009]
  Epoch 21/30:  28%|█████████▋                         | 16/58 [00:00<00:01, 32.80it/s, loss=0.0009]
  Epoch 21/30:  28%|█████████▋                         | 16/58 [00:00<00:01, 32.80it/s, loss=0.0016]
  Epoch 21/30:  28%|█████████▋                         | 16/58 [00:00<00:01, 32.80it/s, loss=0.0028]
  Epoch 21/30:  28%|█████████▋                         | 16/58 [00:00<00:01, 32.80it/s, loss=0.0016]
  Epoch 21/30:  28%|█████████▋                         | 16/58 [00:00<00:01, 32.80it/s, loss=0.0008]
  Epoch 21/30:  34%|████████████                       | 20/58 [00:00<00:01, 30.81it/s, loss=0.0008]
  Epoch 21/30:  34%|████████████                       | 20/58 [00:00<00:01, 30.81it/s, loss=0.0006]
  Epoch 21/30:  34%|████████████                       | 20/58 [00:00<00:01, 30.81it/s, loss=0.0008]
  Epoch 21/30:  34%|████████████                       | 20/58 [00:00<00:01, 30.81it/s, loss=0.0010]
  Epoch 21/30:  34%|████████████                       | 20/58 [00:00<00:01, 30.81it/s, loss=0.0016]
  Epoch 21/30:  41%|██████████████▍                    | 24/58 [00:00<00:01, 31.61it/s, loss=0.0016]
  Epoch 21/30:  41%|██████████████▍                    | 24/58 [00:00<00:01, 31.61it/s, loss=0.0006]
  Epoch 21/30:  41%|██████████████▍                    | 24/58 [00:00<00:01, 31.61it/s, loss=0.0014]
  Epoch 21/30:  41%|██████████████▍                    | 24/58 [00:00<00:01, 31.61it/s, loss=0.0012]
  Epoch 21/30:  41%|██████████████▍                    | 24/58 [00:00<00:01, 31.61it/s, loss=0.0023]
  Epoch 21/30:  48%|████████████████▉                  | 28/58 [00:00<00:00, 30.93it/s, loss=0.0023]
  Epoch 21/30:  48%|████████████████▉                  | 28/58 [00:00<00:00, 30.93it/s, loss=0.0006]
  Epoch 21/30:  48%|████████████████▉                  | 28/58 [00:00<00:00, 30.93it/s, loss=0.0007]
  Epoch 21/30:  48%|████████████████▉                  | 28/58 [00:01<00:00, 30.93it/s, loss=0.0011]
  Epoch 21/30:  48%|████████████████▉                  | 28/58 [00:01<00:00, 30.93it/s, loss=0.0010]
  Epoch 21/30:  55%|███████████████████▎               | 32/58 [00:01<00:00, 29.08it/s, loss=0.0010]
  Epoch 21/30:  55%|███████████████████▎               | 32/58 [00:01<00:00, 29.08it/s, loss=0.0017]
  Epoch 21/30:  55%|███████████████████▎               | 32/58 [00:01<00:00, 29.08it/s, loss=0.0007]
  Epoch 21/30:  55%|███████████████████▎               | 32/58 [00:01<00:00, 29.08it/s, loss=0.0016]
  Epoch 21/30:  55%|███████████████████▎               | 32/58 [00:01<00:00, 29.08it/s, loss=0.0016]
  Epoch 21/30:  62%|█████████████████████▋             | 36/58 [00:01<00:00, 30.88it/s, loss=0.0016]
  Epoch 21/30:  62%|█████████████████████▋             | 36/58 [00:01<00:00, 30.88it/s, loss=0.0024]
  Epoch 21/30:  62%|█████████████████████▋             | 36/58 [00:01<00:00, 30.88it/s, loss=0.0011]
  Epoch 21/30:  62%|█████████████████████▋             | 36/58 [00:01<00:00, 30.88it/s, loss=0.0010]
  Epoch 21/30:  62%|█████████████████████▋             | 36/58 [00:01<00:00, 30.88it/s, loss=0.0007]
  Epoch 21/30:  62%|█████████████████████▋             | 36/58 [00:01<00:00, 30.88it/s, loss=0.0009]
  Epoch 21/30:  71%|████████████████████████▋          | 41/58 [00:01<00:00, 33.11it/s, loss=0.0009]
  Epoch 21/30:  71%|████████████████████████▋          | 41/58 [00:01<00:00, 33.11it/s, loss=0.0013]
  Epoch 21/30:  71%|████████████████████████▋          | 41/58 [00:01<00:00, 33.11it/s, loss=0.0007]
  Epoch 21/30:  71%|████████████████████████▋          | 41/58 [00:01<00:00, 33.11it/s, loss=0.0023]
  Epoch 21/30:  71%|████████████████████████▋          | 41/58 [00:01<00:00, 33.11it/s, loss=0.0010]
  Epoch 21/30:  78%|███████████████████████████▏       | 45/58 [00:01<00:00, 32.43it/s, loss=0.0010]
  Epoch 21/30:  78%|███████████████████████████▏       | 45/58 [00:01<00:00, 32.43it/s, loss=0.0009]
  Epoch 21/30:  78%|███████████████████████████▏       | 45/58 [00:01<00:00, 32.43it/s, loss=0.0010]
  Epoch 21/30:  78%|███████████████████████████▏       | 45/58 [00:01<00:00, 32.43it/s, loss=0.0010]
  Epoch 21/30:  78%|███████████████████████████▏       | 45/58 [00:01<00:00, 32.43it/s, loss=0.0013]
  Epoch 21/30:  84%|█████████████████████████████▌     | 49/58 [00:01<00:00, 31.59it/s, loss=0.0013]
  Epoch 21/30:  84%|█████████████████████████████▌     | 49/58 [00:01<00:00, 31.59it/s, loss=0.0004]
  Epoch 21/30:  84%|█████████████████████████████▌     | 49/58 [00:01<00:00, 31.59it/s, loss=0.0007]
  Epoch 21/30:  84%|█████████████████████████████▌     | 49/58 [00:01<00:00, 31.59it/s, loss=0.0006]
  Epoch 21/30:  84%|█████████████████████████████▌     | 49/58 [00:01<00:00, 31.59it/s, loss=0.0011]
  Epoch 21/30:  91%|███████████████████████████████▉   | 53/58 [00:01<00:00, 31.65it/s, loss=0.0011]
  Epoch 21/30:  91%|███████████████████████████████▉   | 53/58 [00:01<00:00, 31.65it/s, loss=0.0011]
  Epoch 21/30:  91%|███████████████████████████████▉   | 53/58 [00:01<00:00, 31.65it/s, loss=0.0017]
  Epoch 21/30:  91%|███████████████████████████████▉   | 53/58 [00:01<00:00, 31.65it/s, loss=0.0007]
  Epoch 21/30:  91%|███████████████████████████████▉   | 53/58 [00:01<00:00, 31.65it/s, loss=0.0012]
  Epoch 21/30:  98%|██████████████████████████████████▍| 57/58 [00:01<00:00, 30.62it/s, loss=0.0012]
  Epoch 21/30:  98%|██████████████████████████████████▍| 57/58 [00:01<00:00, 30.62it/s, loss=0.0002]
                                                                                                    

  Epoch 22/30:   0%|                                                         | 0/58 [00:00<?, ?it/s]
  Epoch 22/30:   0%|                                            | 0/58 [00:00<?, ?it/s, loss=0.0012]
  Epoch 22/30:   0%|                                            | 0/58 [00:00<?, ?it/s, loss=0.0021]
  Epoch 22/30:   0%|                                            | 0/58 [00:00<?, ?it/s, loss=0.0007]
  Epoch 22/30:   5%|█▊                                  | 3/58 [00:00<00:01, 27.53it/s, loss=0.0007]
  Epoch 22/30:   5%|█▊                                  | 3/58 [00:00<00:01, 27.53it/s, loss=0.0017]
  Epoch 22/30:   5%|█▊                                  | 3/58 [00:00<00:01, 27.53it/s, loss=0.0014]
  Epoch 22/30:   5%|█▊                                  | 3/58 [00:00<00:01, 27.53it/s, loss=0.0015]
  Epoch 22/30:   5%|█▊                                  | 3/58 [00:00<00:01, 27.53it/s, loss=0.0004]
  Epoch 22/30:  12%|████▎                               | 7/58 [00:00<00:01, 30.42it/s, loss=0.0004]
  Epoch 22/30:  12%|████▎                               | 7/58 [00:00<00:01, 30.42it/s, loss=0.0007]
  Epoch 22/30:  12%|████▎                               | 7/58 [00:00<00:01, 30.42it/s, loss=0.0005]
  Epoch 22/30:  12%|████▎                               | 7/58 [00:00<00:01, 30.42it/s, loss=0.0010]
  Epoch 22/30:  12%|████▎                               | 7/58 [00:00<00:01, 30.42it/s, loss=0.0027]
  Epoch 22/30:  19%|██████▋                            | 11/58 [00:00<00:01, 29.83it/s, loss=0.0027]
  Epoch 22/30:  19%|██████▋                            | 11/58 [00:00<00:01, 29.83it/s, loss=0.0009]
  Epoch 22/30:  19%|██████▋                            | 11/58 [00:00<00:01, 29.83it/s, loss=0.0010]
  Epoch 22/30:  19%|██████▋                            | 11/58 [00:00<00:01, 29.83it/s, loss=0.0012]
  Epoch 22/30:  24%|████████▍                          | 14/58 [00:00<00:01, 29.45it/s, loss=0.0012]
  Epoch 22/30:  24%|████████▍                          | 14/58 [00:00<00:01, 29.45it/s, loss=0.0013]
  Epoch 22/30:  24%|████████▍                          | 14/58 [00:00<00:01, 29.45it/s, loss=0.0005]
  Epoch 22/30:  24%|████████▍                          | 14/58 [00:00<00:01, 29.45it/s, loss=0.0011]
  Epoch 22/30:  29%|██████████▎                        | 17/58 [00:00<00:01, 28.36it/s, loss=0.0011]
  Epoch 22/30:  29%|██████████▎                        | 17/58 [00:00<00:01, 28.36it/s, loss=0.0016]
  Epoch 22/30:  29%|██████████▎                        | 17/58 [00:00<00:01, 28.36it/s, loss=0.0019]
  Epoch 22/30:  29%|██████████▎                        | 17/58 [00:00<00:01, 28.36it/s, loss=0.0016]
  Epoch 22/30:  29%|██████████▎                        | 17/58 [00:00<00:01, 28.36it/s, loss=0.0013]
  Epoch 22/30:  36%|████████████▋                      | 21/58 [00:00<00:01, 29.73it/s, loss=0.0013]
  Epoch 22/30:  36%|████████████▋                      | 21/58 [00:00<00:01, 29.73it/s, loss=0.0017]
  Epoch 22/30:  36%|████████████▋                      | 21/58 [00:00<00:01, 29.73it/s, loss=0.0013]
  Epoch 22/30:  36%|████████████▋                      | 21/58 [00:00<00:01, 29.73it/s, loss=0.0014]
  Epoch 22/30:  41%|██████████████▍                    | 24/58 [00:00<00:01, 29.42it/s, loss=0.0014]
  Epoch 22/30:  41%|██████████████▍                    | 24/58 [00:00<00:01, 29.42it/s, loss=0.0012]
  Epoch 22/30:  41%|██████████████▍                    | 24/58 [00:00<00:01, 29.42it/s, loss=0.0007]
  Epoch 22/30:  41%|██████████████▍                    | 24/58 [00:00<00:01, 29.42it/s, loss=0.0021]
  Epoch 22/30:  41%|██████████████▍                    | 24/58 [00:00<00:01, 29.42it/s, loss=0.0005]
  Epoch 22/30:  48%|████████████████▉                  | 28/58 [00:00<00:00, 30.36it/s, loss=0.0005]
  Epoch 22/30:  48%|████████████████▉                  | 28/58 [00:00<00:00, 30.36it/s, loss=0.0015]
  Epoch 22/30:  48%|████████████████▉                  | 28/58 [00:01<00:00, 30.36it/s, loss=0.0007]
  Epoch 22/30:  48%|████████████████▉                  | 28/58 [00:01<00:00, 30.36it/s, loss=0.0027]
  Epoch 22/30:  48%|████████████████▉                  | 28/58 [00:01<00:00, 30.36it/s, loss=0.0009]
  Epoch 22/30:  55%|███████████████████▎               | 32/58 [00:01<00:00, 31.04it/s, loss=0.0009]
  Epoch 22/30:  55%|███████████████████▎               | 32/58 [00:01<00:00, 31.04it/s, loss=0.0008]
  Epoch 22/30:  55%|███████████████████▎               | 32/58 [00:01<00:00, 31.04it/s, loss=0.0015]
  Epoch 22/30:  55%|███████████████████▎               | 32/58 [00:01<00:00, 31.04it/s, loss=0.0010]
  Epoch 22/30:  55%|███████████████████▎               | 32/58 [00:01<00:00, 31.04it/s, loss=0.0006]
  Epoch 22/30:  62%|█████████████████████▋             | 36/58 [00:01<00:00, 29.73it/s, loss=0.0006]
  Epoch 22/30:  62%|█████████████████████▋             | 36/58 [00:01<00:00, 29.73it/s, loss=0.0013]
  Epoch 22/30:  62%|█████████████████████▋             | 36/58 [00:01<00:00, 29.73it/s, loss=0.0009]
  Epoch 22/30:  62%|█████████████████████▋             | 36/58 [00:01<00:00, 29.73it/s, loss=0.0009]
  Epoch 22/30:  62%|█████████████████████▋             | 36/58 [00:01<00:00, 29.73it/s, loss=0.0014]
  Epoch 22/30:  69%|████████████████████████▏          | 40/58 [00:01<00:00, 31.58it/s, loss=0.0014]
  Epoch 22/30:  69%|████████████████████████▏          | 40/58 [00:01<00:00, 31.58it/s, loss=0.0022]
  Epoch 22/30:  69%|████████████████████████▏          | 40/58 [00:01<00:00, 31.58it/s, loss=0.0006]
  Epoch 22/30:  69%|████████████████████████▏          | 40/58 [00:01<00:00, 31.58it/s, loss=0.0018]
  Epoch 22/30:  69%|████████████████████████▏          | 40/58 [00:01<00:00, 31.58it/s, loss=0.0011]
  Epoch 22/30:  76%|██████████████████████████▌        | 44/58 [00:01<00:00, 31.21it/s, loss=0.0011]
  Epoch 22/30:  76%|██████████████████████████▌        | 44/58 [00:01<00:00, 31.21it/s, loss=0.0009]
  Epoch 22/30:  76%|██████████████████████████▌        | 44/58 [00:01<00:00, 31.21it/s, loss=0.0017]
  Epoch 22/30:  76%|██████████████████████████▌        | 44/58 [00:01<00:00, 31.21it/s, loss=0.0019]
  Epoch 22/30:  76%|██████████████████████████▌        | 44/58 [00:01<00:00, 31.21it/s, loss=0.0009]
  Epoch 22/30:  83%|████████████████████████████▉      | 48/58 [00:01<00:00, 32.85it/s, loss=0.0009]
  Epoch 22/30:  83%|████████████████████████████▉      | 48/58 [00:01<00:00, 32.85it/s, loss=0.0007]
  Epoch 22/30:  83%|████████████████████████████▉      | 48/58 [00:01<00:00, 32.85it/s, loss=0.0014]
  Epoch 22/30:  83%|████████████████████████████▉      | 48/58 [00:01<00:00, 32.85it/s, loss=0.0017]
  Epoch 22/30:  83%|████████████████████████████▉      | 48/58 [00:01<00:00, 32.85it/s, loss=0.0009]
  Epoch 22/30:  90%|███████████████████████████████▍   | 52/58 [00:01<00:00, 34.50it/s, loss=0.0009]
  Epoch 22/30:  90%|███████████████████████████████▍   | 52/58 [00:01<00:00, 34.50it/s, loss=0.0006]
  Epoch 22/30:  90%|███████████████████████████████▍   | 52/58 [00:01<00:00, 34.50it/s, loss=0.0023]
  Epoch 22/30:  90%|███████████████████████████████▍   | 52/58 [00:01<00:00, 34.50it/s, loss=0.0005]
  Epoch 22/30:  90%|███████████████████████████████▍   | 52/58 [00:01<00:00, 34.50it/s, loss=0.0013]
  Epoch 22/30:  97%|█████████████████████████████████▊ | 56/58 [00:01<00:00, 36.00it/s, loss=0.0013]
  Epoch 22/30:  97%|█████████████████████████████████▊ | 56/58 [00:01<00:00, 36.00it/s, loss=0.0006]
  Epoch 22/30:  97%|█████████████████████████████████▊ | 56/58 [00:01<00:00, 36.00it/s, loss=0.0006]
                                                                                                    

  Epoch 23/30:   0%|                                                         | 0/58 [00:00<?, ?it/s]
  Epoch 23/30:   0%|                                            | 0/58 [00:00<?, ?it/s, loss=0.0010]
  Epoch 23/30:   0%|                                            | 0/58 [00:00<?, ?it/s, loss=0.0010]
  Epoch 23/30:   0%|                                            | 0/58 [00:00<?, ?it/s, loss=0.0006]
  Epoch 23/30:   0%|                                            | 0/58 [00:00<?, ?it/s, loss=0.0017]
  Epoch 23/30:   7%|██▍                                 | 4/58 [00:00<00:01, 35.98it/s, loss=0.0017]
  Epoch 23/30:   7%|██▍                                 | 4/58 [00:00<00:01, 35.98it/s, loss=0.0009]
  Epoch 23/30:   7%|██▍                                 | 4/58 [00:00<00:01, 35.98it/s, loss=0.0019]
  Epoch 23/30:   7%|██▍                                 | 4/58 [00:00<00:01, 35.98it/s, loss=0.0015]
  Epoch 23/30:   7%|██▍                                 | 4/58 [00:00<00:01, 35.98it/s, loss=0.0013]
  Epoch 23/30:  14%|████▉                               | 8/58 [00:00<00:01, 34.98it/s, loss=0.0013]
  Epoch 23/30:  14%|████▉                               | 8/58 [00:00<00:01, 34.98it/s, loss=0.0015]
  Epoch 23/30:  14%|████▉                               | 8/58 [00:00<00:01, 34.98it/s, loss=0.0013]
  Epoch 23/30:  14%|████▉                               | 8/58 [00:00<00:01, 34.98it/s, loss=0.0005]
  Epoch 23/30:  14%|████▉                               | 8/58 [00:00<00:01, 34.98it/s, loss=0.0009]
  Epoch 23/30:  21%|███████▏                           | 12/58 [00:00<00:01, 32.86it/s, loss=0.0009]
  Epoch 23/30:  21%|███████▏                           | 12/58 [00:00<00:01, 32.86it/s, loss=0.0016]
  Epoch 23/30:  21%|███████▏                           | 12/58 [00:00<00:01, 32.86it/s, loss=0.0014]
  Epoch 23/30:  21%|███████▏                           | 12/58 [00:00<00:01, 32.86it/s, loss=0.0006]
  Epoch 23/30:  21%|███████▏                           | 12/58 [00:00<00:01, 32.86it/s, loss=0.0012]
  Epoch 23/30:  28%|█████████▋                         | 16/58 [00:00<00:01, 34.74it/s, loss=0.0012]
  Epoch 23/30:  28%|█████████▋                         | 16/58 [00:00<00:01, 34.74it/s, loss=0.0017]
  Epoch 23/30:  28%|█████████▋                         | 16/58 [00:00<00:01, 34.74it/s, loss=0.0012]
  Epoch 23/30:  28%|█████████▋                         | 16/58 [00:00<00:01, 34.74it/s, loss=0.0013]
  Epoch 23/30:  28%|█████████▋                         | 16/58 [00:00<00:01, 34.74it/s, loss=0.0016]
  Epoch 23/30:  34%|████████████                       | 20/58 [00:00<00:01, 34.13it/s, loss=0.0016]
  Epoch 23/30:  34%|████████████                       | 20/58 [00:00<00:01, 34.13it/s, loss=0.0013]
  Epoch 23/30:  34%|████████████                       | 20/58 [00:00<00:01, 34.13it/s, loss=0.0004]
  Epoch 23/30:  34%|████████████                       | 20/58 [00:00<00:01, 34.13it/s, loss=0.0015]
  Epoch 23/30:  34%|████████████                       | 20/58 [00:00<00:01, 34.13it/s, loss=0.0003]
  Epoch 23/30:  34%|████████████                       | 20/58 [00:00<00:01, 34.13it/s, loss=0.0017]
  Epoch 23/30:  43%|███████████████                    | 25/58 [00:00<00:00, 37.29it/s, loss=0.0017]
  Epoch 23/30:  43%|███████████████                    | 25/58 [00:00<00:00, 37.29it/s, loss=0.0012]
  Epoch 23/30:  43%|███████████████                    | 25/58 [00:00<00:00, 37.29it/s, loss=0.0025]
  Epoch 23/30:  43%|███████████████                    | 25/58 [00:00<00:00, 37.29it/s, loss=0.0013]
  Epoch 23/30:  43%|███████████████                    | 25/58 [00:00<00:00, 37.29it/s, loss=0.0009]
  Epoch 23/30:  43%|███████████████                    | 25/58 [00:00<00:00, 37.29it/s, loss=0.0006]
  Epoch 23/30:  52%|██████████████████                 | 30/58 [00:00<00:00, 39.62it/s, loss=0.0006]
  Epoch 23/30:  52%|██████████████████                 | 30/58 [00:00<00:00, 39.62it/s, loss=0.0010]
  Epoch 23/30:  52%|██████████████████                 | 30/58 [00:00<00:00, 39.62it/s, loss=0.0014]
  Epoch 23/30:  52%|██████████████████                 | 30/58 [00:00<00:00, 39.62it/s, loss=0.0007]
  Epoch 23/30:  52%|██████████████████                 | 30/58 [00:00<00:00, 39.62it/s, loss=0.0006]
  Epoch 23/30:  59%|████████████████████▌              | 34/58 [00:00<00:00, 38.75it/s, loss=0.0006]
  Epoch 23/30:  59%|████████████████████▌              | 34/58 [00:00<00:00, 38.75it/s, loss=0.0012]
  Epoch 23/30:  59%|████████████████████▌              | 34/58 [00:00<00:00, 38.75it/s, loss=0.0011]
  Epoch 23/30:  59%|████████████████████▌              | 34/58 [00:00<00:00, 38.75it/s, loss=0.0018]
  Epoch 23/30:  59%|████████████████████▌              | 34/58 [00:01<00:00, 38.75it/s, loss=0.0003]
  Epoch 23/30:  66%|██████████████████████▉            | 38/58 [00:01<00:00, 37.52it/s, loss=0.0003]
  Epoch 23/30:  66%|██████████████████████▉            | 38/58 [00:01<00:00, 37.52it/s, loss=0.0012]
  Epoch 23/30:  66%|██████████████████████▉            | 38/58 [00:01<00:00, 37.52it/s, loss=0.0014]
  Epoch 23/30:  66%|██████████████████████▉            | 38/58 [00:01<00:00, 37.52it/s, loss=0.0011]
  Epoch 23/30:  66%|██████████████████████▉            | 38/58 [00:01<00:00, 37.52it/s, loss=0.0016]
  Epoch 23/30:  66%|██████████████████████▉            | 38/58 [00:01<00:00, 37.52it/s, loss=0.0018]
  Epoch 23/30:  74%|█████████████████████████▉         | 43/58 [00:01<00:00, 39.21it/s, loss=0.0018]
  Epoch 23/30:  74%|█████████████████████████▉         | 43/58 [00:01<00:00, 39.21it/s, loss=0.0010]
  Epoch 23/30:  74%|█████████████████████████▉         | 43/58 [00:01<00:00, 39.21it/s, loss=0.0015]
  Epoch 23/30:  74%|█████████████████████████▉         | 43/58 [00:01<00:00, 39.21it/s, loss=0.0009]
  Epoch 23/30:  74%|█████████████████████████▉         | 43/58 [00:01<00:00, 39.21it/s, loss=0.0003]
  Epoch 23/30:  74%|█████████████████████████▉         | 43/58 [00:01<00:00, 39.21it/s, loss=0.0015]
  Epoch 23/30:  83%|████████████████████████████▉      | 48/58 [00:01<00:00, 39.28it/s, loss=0.0015]
  Epoch 23/30:  83%|████████████████████████████▉      | 48/58 [00:01<00:00, 39.28it/s, loss=0.0012]
  Epoch 23/30:  83%|████████████████████████████▉      | 48/58 [00:01<00:00, 39.28it/s, loss=0.0016]
  Epoch 23/30:  83%|████████████████████████████▉      | 48/58 [00:01<00:00, 39.28it/s, loss=0.0007]
  Epoch 23/30:  83%|████████████████████████████▉      | 48/58 [00:01<00:00, 39.28it/s, loss=0.0017]
  Epoch 23/30:  90%|███████████████████████████████▍   | 52/58 [00:01<00:00, 33.85it/s, loss=0.0017]
  Epoch 23/30:  90%|███████████████████████████████▍   | 52/58 [00:01<00:00, 33.85it/s, loss=0.0010]
  Epoch 23/30:  90%|███████████████████████████████▍   | 52/58 [00:01<00:00, 33.85it/s, loss=0.0007]
  Epoch 23/30:  90%|███████████████████████████████▍   | 52/58 [00:01<00:00, 33.85it/s, loss=0.0007]
  Epoch 23/30:  90%|███████████████████████████████▍   | 52/58 [00:01<00:00, 33.85it/s, loss=0.0009]
  Epoch 23/30:  97%|█████████████████████████████████▊ | 56/58 [00:01<00:00, 33.08it/s, loss=0.0009]
  Epoch 23/30:  97%|█████████████████████████████████▊ | 56/58 [00:01<00:00, 33.08it/s, loss=0.0029]
  Epoch 23/30:  97%|█████████████████████████████████▊ | 56/58 [00:01<00:00, 33.08it/s, loss=0.0001]
                                                                                                    

  Epoch 24/30:   0%|                                                         | 0/58 [00:00<?, ?it/s]
  Epoch 24/30:   0%|                                            | 0/58 [00:00<?, ?it/s, loss=0.0004]
  Epoch 24/30:   0%|                                            | 0/58 [00:00<?, ?it/s, loss=0.0011]
  Epoch 24/30:   0%|                                            | 0/58 [00:00<?, ?it/s, loss=0.0008]
  Epoch 24/30:   0%|                                            | 0/58 [00:00<?, ?it/s, loss=0.0008]
  Epoch 24/30:   0%|                                            | 0/58 [00:00<?, ?it/s, loss=0.0018]
  Epoch 24/30:   9%|███                                 | 5/58 [00:00<00:01, 40.85it/s, loss=0.0018]
  Epoch 24/30:   9%|███                                 | 5/58 [00:00<00:01, 40.85it/s, loss=0.0015]
  Epoch 24/30:   9%|███                                 | 5/58 [00:00<00:01, 40.85it/s, loss=0.0007]
  Epoch 24/30:   9%|███                                 | 5/58 [00:00<00:01, 40.85it/s, loss=0.0009]
  Epoch 24/30:   9%|███                                 | 5/58 [00:00<00:01, 40.85it/s, loss=0.0019]
  Epoch 24/30:   9%|███                                 | 5/58 [00:00<00:01, 40.85it/s, loss=0.0006]
  Epoch 24/30:  17%|██████                             | 10/58 [00:00<00:01, 39.40it/s, loss=0.0006]
  Epoch 24/30:  17%|██████                             | 10/58 [00:00<00:01, 39.40it/s, loss=0.0021]
  Epoch 24/30:  17%|██████                             | 10/58 [00:00<00:01, 39.40it/s, loss=0.0016]
  Epoch 24/30:  17%|██████                             | 10/58 [00:00<00:01, 39.40it/s, loss=0.0010]
  Epoch 24/30:  17%|██████                             | 10/58 [00:00<00:01, 39.40it/s, loss=0.0012]
  Epoch 24/30:  24%|████████▍                          | 14/58 [00:00<00:01, 32.03it/s, loss=0.0012]
  Epoch 24/30:  24%|████████▍                          | 14/58 [00:00<00:01, 32.03it/s, loss=0.0009]
  Epoch 24/30:  24%|████████▍                          | 14/58 [00:00<00:01, 32.03it/s, loss=0.0009]
  Epoch 24/30:  24%|████████▍                          | 14/58 [00:00<00:01, 32.03it/s, loss=0.0013]
  Epoch 24/30:  24%|████████▍                          | 14/58 [00:00<00:01, 32.03it/s, loss=0.0012]
  Epoch 24/30:  31%|██████████▊                        | 18/58 [00:00<00:01, 30.83it/s, loss=0.0012]
  Epoch 24/30:  31%|██████████▊                        | 18/58 [00:00<00:01, 30.83it/s, loss=0.0018]
  Epoch 24/30:  31%|██████████▊                        | 18/58 [00:00<00:01, 30.83it/s, loss=0.0009]
  Epoch 24/30:  31%|██████████▊                        | 18/58 [00:00<00:01, 30.83it/s, loss=0.0014]
  Epoch 24/30:  31%|██████████▊                        | 18/58 [00:00<00:01, 30.83it/s, loss=0.0011]
  Epoch 24/30:  38%|█████████████▎                     | 22/58 [00:00<00:01, 27.95it/s, loss=0.0011]
  Epoch 24/30:  38%|█████████████▎                     | 22/58 [00:00<00:01, 27.95it/s, loss=0.0014]
  Epoch 24/30:  38%|█████████████▎                     | 22/58 [00:00<00:01, 27.95it/s, loss=0.0007]
  Epoch 24/30:  38%|█████████████▎                     | 22/58 [00:00<00:01, 27.95it/s, loss=0.0018]
  Epoch 24/30:  38%|█████████████▎                     | 22/58 [00:00<00:01, 27.95it/s, loss=0.0027]
  Epoch 24/30:  45%|███████████████▋                   | 26/58 [00:00<00:01, 30.97it/s, loss=0.0027]
  Epoch 24/30:  45%|███████████████▋                   | 26/58 [00:00<00:01, 30.97it/s, loss=0.0019]
  Epoch 24/30:  45%|███████████████▋                   | 26/58 [00:00<00:01, 30.97it/s, loss=0.0010]
  Epoch 24/30:  45%|███████████████▋                   | 26/58 [00:00<00:01, 30.97it/s, loss=0.0012]
  Epoch 24/30:  45%|███████████████▋                   | 26/58 [00:00<00:01, 30.97it/s, loss=0.0009]
  Epoch 24/30:  52%|██████████████████                 | 30/58 [00:00<00:00, 33.17it/s, loss=0.0009]
  Epoch 24/30:  52%|██████████████████                 | 30/58 [00:00<00:00, 33.17it/s, loss=0.0015]
  Epoch 24/30:  52%|██████████████████                 | 30/58 [00:00<00:00, 33.17it/s, loss=0.0007]
  Epoch 24/30:  52%|██████████████████                 | 30/58 [00:00<00:00, 33.17it/s, loss=0.0007]
  Epoch 24/30:  52%|██████████████████                 | 30/58 [00:01<00:00, 33.17it/s, loss=0.0011]
  Epoch 24/30:  52%|██████████████████                 | 30/58 [00:01<00:00, 33.17it/s, loss=0.0009]
  Epoch 24/30:  60%|█████████████████████              | 35/58 [00:01<00:00, 35.95it/s, loss=0.0009]
  Epoch 24/30:  60%|█████████████████████              | 35/58 [00:01<00:00, 35.95it/s, loss=0.0017]
  Epoch 24/30:  60%|█████████████████████              | 35/58 [00:01<00:00, 35.95it/s, loss=0.0018]
  Epoch 24/30:  60%|█████████████████████              | 35/58 [00:01<00:00, 35.95it/s, loss=0.0011]
  Epoch 24/30:  60%|█████████████████████              | 35/58 [00:01<00:00, 35.95it/s, loss=0.0007]
  Epoch 24/30:  67%|███████████████████████▌           | 39/58 [00:01<00:00, 36.69it/s, loss=0.0007]
  Epoch 24/30:  67%|███████████████████████▌           | 39/58 [00:01<00:00, 36.69it/s, loss=0.0015]
  Epoch 24/30:  67%|███████████████████████▌           | 39/58 [00:01<00:00, 36.69it/s, loss=0.0011]
  Epoch 24/30:  67%|███████████████████████▌           | 39/58 [00:01<00:00, 36.69it/s, loss=0.0010]
  Epoch 24/30:  67%|███████████████████████▌           | 39/58 [00:01<00:00, 36.69it/s, loss=0.0011]
  Epoch 24/30:  74%|█████████████████████████▉         | 43/58 [00:01<00:00, 30.80it/s, loss=0.0011]
  Epoch 24/30:  74%|█████████████████████████▉         | 43/58 [00:01<00:00, 30.80it/s, loss=0.0010]
  Epoch 24/30:  74%|█████████████████████████▉         | 43/58 [00:01<00:00, 30.80it/s, loss=0.0018]
  Epoch 24/30:  74%|█████████████████████████▉         | 43/58 [00:01<00:00, 30.80it/s, loss=0.0009]
  Epoch 24/30:  74%|█████████████████████████▉         | 43/58 [00:01<00:00, 30.80it/s, loss=0.0008]
  Epoch 24/30:  81%|████████████████████████████▎      | 47/58 [00:01<00:00, 30.08it/s, loss=0.0008]
  Epoch 24/30:  81%|████████████████████████████▎      | 47/58 [00:01<00:00, 30.08it/s, loss=0.0012]
  Epoch 24/30:  81%|████████████████████████████▎      | 47/58 [00:01<00:00, 30.08it/s, loss=0.0011]
  Epoch 24/30:  81%|████████████████████████████▎      | 47/58 [00:01<00:00, 30.08it/s, loss=0.0016]
  Epoch 24/30:  81%|████████████████████████████▎      | 47/58 [00:01<00:00, 30.08it/s, loss=0.0023]
  Epoch 24/30:  88%|██████████████████████████████▊    | 51/58 [00:01<00:00, 31.52it/s, loss=0.0023]
  Epoch 24/30:  88%|██████████████████████████████▊    | 51/58 [00:01<00:00, 31.52it/s, loss=0.0018]
  Epoch 24/30:  88%|██████████████████████████████▊    | 51/58 [00:01<00:00, 31.52it/s, loss=0.0011]
  Epoch 24/30:  88%|██████████████████████████████▊    | 51/58 [00:01<00:00, 31.52it/s, loss=0.0018]
  Epoch 24/30:  88%|██████████████████████████████▊    | 51/58 [00:01<00:00, 31.52it/s, loss=0.0013]
  Epoch 24/30:  95%|█████████████████████████████████▏ | 55/58 [00:01<00:00, 30.38it/s, loss=0.0013]
  Epoch 24/30:  95%|█████████████████████████████████▏ | 55/58 [00:01<00:00, 30.38it/s, loss=0.0013]
  Epoch 24/30:  95%|█████████████████████████████████▏ | 55/58 [00:01<00:00, 30.38it/s, loss=0.0012]
  Epoch 24/30:  95%|█████████████████████████████████▏ | 55/58 [00:01<00:00, 30.38it/s, loss=0.0004]
                                                                                                    

  Epoch 25/30:   0%|                                                         | 0/58 [00:00<?, ?it/s]
  Epoch 25/30:   0%|                                            | 0/58 [00:00<?, ?it/s, loss=0.0009]
  Epoch 25/30:   0%|                                            | 0/58 [00:00<?, ?it/s, loss=0.0005]
  Epoch 25/30:   0%|                                            | 0/58 [00:00<?, ?it/s, loss=0.0011]
  Epoch 25/30:   5%|█▊                                  | 3/58 [00:00<00:01, 29.59it/s, loss=0.0011]
  Epoch 25/30:   5%|█▊                                  | 3/58 [00:00<00:01, 29.59it/s, loss=0.0022]
  Epoch 25/30:   5%|█▊                                  | 3/58 [00:00<00:01, 29.59it/s, loss=0.0023]
  Epoch 25/30:   5%|█▊                                  | 3/58 [00:00<00:01, 29.59it/s, loss=0.0022]
  Epoch 25/30:   5%|█▊                                  | 3/58 [00:00<00:01, 29.59it/s, loss=0.0011]
  Epoch 25/30:   5%|█▊                                  | 3/58 [00:00<00:01, 29.59it/s, loss=0.0005]
  Epoch 25/30:  14%|████▉                               | 8/58 [00:00<00:01, 36.21it/s, loss=0.0005]
  Epoch 25/30:  14%|████▉                               | 8/58 [00:00<00:01, 36.21it/s, loss=0.0013]
  Epoch 25/30:  14%|████▉                               | 8/58 [00:00<00:01, 36.21it/s, loss=0.0011]
  Epoch 25/30:  14%|████▉                               | 8/58 [00:00<00:01, 36.21it/s, loss=0.0014]
  Epoch 25/30:  14%|████▉                               | 8/58 [00:00<00:01, 36.21it/s, loss=0.0013]
  Epoch 25/30:  21%|███████▏                           | 12/58 [00:00<00:01, 24.63it/s, loss=0.0013]
  Epoch 25/30:  21%|███████▏                           | 12/58 [00:00<00:01, 24.63it/s, loss=0.0027]
  Epoch 25/30:  21%|███████▏                           | 12/58 [00:00<00:01, 24.63it/s, loss=0.0005]
  Epoch 25/30:  21%|███████▏                           | 12/58 [00:00<00:01, 24.63it/s, loss=0.0010]
  Epoch 25/30:  21%|███████▏                           | 12/58 [00:00<00:01, 24.63it/s, loss=0.0015]
  Epoch 25/30:  28%|█████████▋                         | 16/58 [00:00<00:01, 27.80it/s, loss=0.0015]
  Epoch 25/30:  28%|█████████▋                         | 16/58 [00:00<00:01, 27.80it/s, loss=0.0014]
  Epoch 25/30:  28%|█████████▋                         | 16/58 [00:00<00:01, 27.80it/s, loss=0.0016]
  Epoch 25/30:  28%|█████████▋                         | 16/58 [00:00<00:01, 27.80it/s, loss=0.0009]
  Epoch 25/30:  28%|█████████▋                         | 16/58 [00:00<00:01, 27.80it/s, loss=0.0006]
  Epoch 25/30:  34%|████████████                       | 20/58 [00:00<00:01, 29.71it/s, loss=0.0006]
  Epoch 25/30:  34%|████████████                       | 20/58 [00:00<00:01, 29.71it/s, loss=0.0016]
  Epoch 25/30:  34%|████████████                       | 20/58 [00:00<00:01, 29.71it/s, loss=0.0013]
  Epoch 25/30:  34%|████████████                       | 20/58 [00:00<00:01, 29.71it/s, loss=0.0017]
  Epoch 25/30:  34%|████████████                       | 20/58 [00:00<00:01, 29.71it/s, loss=0.0014]
  Epoch 25/30:  41%|██████████████▍                    | 24/58 [00:00<00:01, 31.27it/s, loss=0.0014]
  Epoch 25/30:  41%|██████████████▍                    | 24/58 [00:00<00:01, 31.27it/s, loss=0.0009]
  Epoch 25/30:  41%|██████████████▍                    | 24/58 [00:00<00:01, 31.27it/s, loss=0.0008]
  Epoch 25/30:  41%|██████████████▍                    | 24/58 [00:00<00:01, 31.27it/s, loss=0.0008]
  Epoch 25/30:  41%|██████████████▍                    | 24/58 [00:00<00:01, 31.27it/s, loss=0.0010]
  Epoch 25/30:  48%|████████████████▉                  | 28/58 [00:00<00:00, 31.06it/s, loss=0.0010]
  Epoch 25/30:  48%|████████████████▉                  | 28/58 [00:00<00:00, 31.06it/s, loss=0.0011]
  Epoch 25/30:  48%|████████████████▉                  | 28/58 [00:00<00:00, 31.06it/s, loss=0.0022]
  Epoch 25/30:  48%|████████████████▉                  | 28/58 [00:01<00:00, 31.06it/s, loss=0.0009]
  Epoch 25/30:  48%|████████████████▉                  | 28/58 [00:01<00:00, 31.06it/s, loss=0.0014]
  Epoch 25/30:  55%|███████████████████▎               | 32/58 [00:01<00:00, 33.02it/s, loss=0.0014]
  Epoch 25/30:  55%|███████████████████▎               | 32/58 [00:01<00:00, 33.02it/s, loss=0.0016]
  Epoch 25/30:  55%|███████████████████▎               | 32/58 [00:01<00:00, 33.02it/s, loss=0.0013]
  Epoch 25/30:  55%|███████████████████▎               | 32/58 [00:01<00:00, 33.02it/s, loss=0.0013]
  Epoch 25/30:  55%|███████████████████▎               | 32/58 [00:01<00:00, 33.02it/s, loss=0.0012]
  Epoch 25/30:  62%|█████████████████████▋             | 36/58 [00:01<00:00, 34.07it/s, loss=0.0012]
  Epoch 25/30:  62%|█████████████████████▋             | 36/58 [00:01<00:00, 34.07it/s, loss=0.0017]
  Epoch 25/30:  62%|█████████████████████▋             | 36/58 [00:01<00:00, 34.07it/s, loss=0.0009]
  Epoch 25/30:  62%|█████████████████████▋             | 36/58 [00:01<00:00, 34.07it/s, loss=0.0019]
  Epoch 25/30:  62%|█████████████████████▋             | 36/58 [00:01<00:00, 34.07it/s, loss=0.0006]
  Epoch 25/30:  69%|████████████████████████▏          | 40/58 [00:01<00:00, 30.72it/s, loss=0.0006]
  Epoch 25/30:  69%|████████████████████████▏          | 40/58 [00:01<00:00, 30.72it/s, loss=0.0007]
  Epoch 25/30:  69%|████████████████████████▏          | 40/58 [00:01<00:00, 30.72it/s, loss=0.0018]
  Epoch 25/30:  69%|████████████████████████▏          | 40/58 [00:01<00:00, 30.72it/s, loss=0.0008]
  Epoch 25/30:  69%|████████████████████████▏          | 40/58 [00:01<00:00, 30.72it/s, loss=0.0009]
  Epoch 25/30:  76%|██████████████████████████▌        | 44/58 [00:01<00:00, 28.56it/s, loss=0.0009]
  Epoch 25/30:  76%|██████████████████████████▌        | 44/58 [00:01<00:00, 28.56it/s, loss=0.0005]
  Epoch 25/30:  76%|██████████████████████████▌        | 44/58 [00:01<00:00, 28.56it/s, loss=0.0016]
  Epoch 25/30:  76%|██████████████████████████▌        | 44/58 [00:01<00:00, 28.56it/s, loss=0.0014]
  Epoch 25/30:  81%|████████████████████████████▎      | 47/58 [00:01<00:00, 28.72it/s, loss=0.0014]
  Epoch 25/30:  81%|████████████████████████████▎      | 47/58 [00:01<00:00, 28.72it/s, loss=0.0019]
  Epoch 25/30:  81%|████████████████████████████▎      | 47/58 [00:01<00:00, 28.72it/s, loss=0.0012]
  Epoch 25/30:  81%|████████████████████████████▎      | 47/58 [00:01<00:00, 28.72it/s, loss=0.0008]
  Epoch 25/30:  86%|██████████████████████████████▏    | 50/58 [00:01<00:00, 28.85it/s, loss=0.0008]
  Epoch 25/30:  86%|██████████████████████████████▏    | 50/58 [00:01<00:00, 28.85it/s, loss=0.0015]
  Epoch 25/30:  86%|██████████████████████████████▏    | 50/58 [00:01<00:00, 28.85it/s, loss=0.0013]
  Epoch 25/30:  86%|██████████████████████████████▏    | 50/58 [00:01<00:00, 28.85it/s, loss=0.0009]
  Epoch 25/30:  86%|██████████████████████████████▏    | 50/58 [00:01<00:00, 28.85it/s, loss=0.0008]
  Epoch 25/30:  93%|████████████████████████████████▌  | 54/58 [00:01<00:00, 30.02it/s, loss=0.0008]
  Epoch 25/30:  93%|████████████████████████████████▌  | 54/58 [00:01<00:00, 30.02it/s, loss=0.0007]
  Epoch 25/30:  93%|████████████████████████████████▌  | 54/58 [00:01<00:00, 30.02it/s, loss=0.0012]
  Epoch 25/30:  93%|████████████████████████████████▌  | 54/58 [00:01<00:00, 30.02it/s, loss=0.0012]
  Epoch 25/30:  93%|████████████████████████████████▌  | 54/58 [00:01<00:00, 30.02it/s, loss=0.0003]
  Epoch 25/30: 100%|███████████████████████████████████| 58/58 [00:01<00:00, 30.04it/s, loss=0.0003]
                                                                                                    
  Epoch 25/30 │ Loss: 0.0012 │ T+1: 0.8815 │ T+2: 0.7413 │ T+3: 0.5953

  Epoch 26/30:   0%|                                                         | 0/58 [00:00<?, ?it/s]
  Epoch 26/30:   0%|                                            | 0/58 [00:00<?, ?it/s, loss=0.0012]
  Epoch 26/30:   0%|                                            | 0/58 [00:00<?, ?it/s, loss=0.0006]
  Epoch 26/30:   0%|                                            | 0/58 [00:00<?, ?it/s, loss=0.0006]
  Epoch 26/30:   0%|                                            | 0/58 [00:00<?, ?it/s, loss=0.0011]
  Epoch 26/30:   7%|██▍                                 | 4/58 [00:00<00:01, 36.11it/s, loss=0.0011]
  Epoch 26/30:   7%|██▍                                 | 4/58 [00:00<00:01, 36.11it/s, loss=0.0024]
  Epoch 26/30:   7%|██▍                                 | 4/58 [00:00<00:01, 36.11it/s, loss=0.0015]
  Epoch 26/30:   7%|██▍                                 | 4/58 [00:00<00:01, 36.11it/s, loss=0.0004]
  Epoch 26/30:   7%|██▍                                 | 4/58 [00:00<00:01, 36.11it/s, loss=0.0010]
  Epoch 26/30:  14%|████▉                               | 8/58 [00:00<00:01, 29.97it/s, loss=0.0010]
  Epoch 26/30:  14%|████▉                               | 8/58 [00:00<00:01, 29.97it/s, loss=0.0014]
  Epoch 26/30:  14%|████▉                               | 8/58 [00:00<00:01, 29.97it/s, loss=0.0014]
  Epoch 26/30:  14%|████▉                               | 8/58 [00:00<00:01, 29.97it/s, loss=0.0011]
  Epoch 26/30:  14%|████▉                               | 8/58 [00:00<00:01, 29.97it/s, loss=0.0014]
  Epoch 26/30:  21%|███████▏                           | 12/58 [00:00<00:01, 30.79it/s, loss=0.0014]
  Epoch 26/30:  21%|███████▏                           | 12/58 [00:00<00:01, 30.79it/s, loss=0.0017]
  Epoch 26/30:  21%|███████▏                           | 12/58 [00:00<00:01, 30.79it/s, loss=0.0017]
  Epoch 26/30:  21%|███████▏                           | 12/58 [00:00<00:01, 30.79it/s, loss=0.0019]
  Epoch 26/30:  21%|███████▏                           | 12/58 [00:00<00:01, 30.79it/s, loss=0.0005]
  Epoch 26/30:  28%|█████████▋                         | 16/58 [00:00<00:01, 30.77it/s, loss=0.0005]
  Epoch 26/30:  28%|█████████▋                         | 16/58 [00:00<00:01, 30.77it/s, loss=0.0010]
  Epoch 26/30:  28%|█████████▋                         | 16/58 [00:00<00:01, 30.77it/s, loss=0.0016]
  Epoch 26/30:  28%|█████████▋                         | 16/58 [00:00<00:01, 30.77it/s, loss=0.0016]
  Epoch 26/30:  28%|█████████▋                         | 16/58 [00:00<00:01, 30.77it/s, loss=0.0010]
  Epoch 26/30:  34%|████████████                       | 20/58 [00:00<00:01, 29.34it/s, loss=0.0010]
  Epoch 26/30:  34%|████████████                       | 20/58 [00:00<00:01, 29.34it/s, loss=0.0004]
  Epoch 26/30:  34%|████████████                       | 20/58 [00:00<00:01, 29.34it/s, loss=0.0009]
  Epoch 26/30:  34%|████████████                       | 20/58 [00:00<00:01, 29.34it/s, loss=0.0026]
  Epoch 26/30:  40%|█████████████▉                     | 23/58 [00:00<00:01, 26.88it/s, loss=0.0026]
  Epoch 26/30:  40%|█████████████▉                     | 23/58 [00:00<00:01, 26.88it/s, loss=0.0012]
  Epoch 26/30:  40%|█████████████▉                     | 23/58 [00:00<00:01, 26.88it/s, loss=0.0018]
  Epoch 26/30:  40%|█████████████▉                     | 23/58 [00:00<00:01, 26.88it/s, loss=0.0017]
  Epoch 26/30:  45%|███████████████▋                   | 26/58 [00:00<00:01, 26.37it/s, loss=0.0017]
  Epoch 26/30:  45%|███████████████▋                   | 26/58 [00:00<00:01, 26.37it/s, loss=0.0008]
  Epoch 26/30:  45%|███████████████▋                   | 26/58 [00:00<00:01, 26.37it/s, loss=0.0016]
  Epoch 26/30:  45%|███████████████▋                   | 26/58 [00:01<00:01, 26.37it/s, loss=0.0007]
  Epoch 26/30:  50%|█████████████████▌                 | 29/58 [00:01<00:01, 26.63it/s, loss=0.0007]
  Epoch 26/30:  50%|█████████████████▌                 | 29/58 [00:01<00:01, 26.63it/s, loss=0.0012]
  Epoch 26/30:  50%|█████████████████▌                 | 29/58 [00:01<00:01, 26.63it/s, loss=0.0016]
  Epoch 26/30:  50%|█████████████████▌                 | 29/58 [00:01<00:01, 26.63it/s, loss=0.0018]
  Epoch 26/30:  50%|█████████████████▌                 | 29/58 [00:01<00:01, 26.63it/s, loss=0.0015]
  Epoch 26/30:  57%|███████████████████▉               | 33/58 [00:01<00:00, 28.46it/s, loss=0.0015]
  Epoch 26/30:  57%|███████████████████▉               | 33/58 [00:01<00:00, 28.46it/s, loss=0.0016]
  Epoch 26/30:  57%|███████████████████▉               | 33/58 [00:01<00:00, 28.46it/s, loss=0.0005]
  Epoch 26/30:  57%|███████████████████▉               | 33/58 [00:01<00:00, 28.46it/s, loss=0.0012]
  Epoch 26/30:  62%|█████████████████████▋             | 36/58 [00:01<00:00, 28.17it/s, loss=0.0012]
  Epoch 26/30:  62%|█████████████████████▋             | 36/58 [00:01<00:00, 28.17it/s, loss=0.0007]
  Epoch 26/30:  62%|█████████████████████▋             | 36/58 [00:01<00:00, 28.17it/s, loss=0.0005]
  Epoch 26/30:  62%|█████████████████████▋             | 36/58 [00:01<00:00, 28.17it/s, loss=0.0012]
  Epoch 26/30:  67%|███████████████████████▌           | 39/58 [00:01<00:00, 28.00it/s, loss=0.0012]
  Epoch 26/30:  67%|███████████████████████▌           | 39/58 [00:01<00:00, 28.00it/s, loss=0.0017]
  Epoch 26/30:  67%|███████████████████████▌           | 39/58 [00:01<00:00, 28.00it/s, loss=0.0005]
  Epoch 26/30:  67%|███████████████████████▌           | 39/58 [00:01<00:00, 28.00it/s, loss=0.0010]
  Epoch 26/30:  67%|███████████████████████▌           | 39/58 [00:01<00:00, 28.00it/s, loss=0.0010]
  Epoch 26/30:  74%|█████████████████████████▉         | 43/58 [00:01<00:00, 29.01it/s, loss=0.0010]
  Epoch 26/30:  74%|█████████████████████████▉         | 43/58 [00:01<00:00, 29.01it/s, loss=0.0011]
  Epoch 26/30:  74%|█████████████████████████▉         | 43/58 [00:01<00:00, 29.01it/s, loss=0.0015]
  Epoch 26/30:  74%|█████████████████████████▉         | 43/58 [00:01<00:00, 29.01it/s, loss=0.0014]
  Epoch 26/30:  79%|███████████████████████████▊       | 46/58 [00:01<00:00, 29.21it/s, loss=0.0014]
  Epoch 26/30:  79%|███████████████████████████▊       | 46/58 [00:01<00:00, 29.21it/s, loss=0.0007]
  Epoch 26/30:  79%|███████████████████████████▊       | 46/58 [00:01<00:00, 29.21it/s, loss=0.0018]
  Epoch 26/30:  79%|███████████████████████████▊       | 46/58 [00:01<00:00, 29.21it/s, loss=0.0007]
  Epoch 26/30:  79%|███████████████████████████▊       | 46/58 [00:01<00:00, 29.21it/s, loss=0.0008]
  Epoch 26/30:  86%|██████████████████████████████▏    | 50/58 [00:01<00:00, 29.18it/s, loss=0.0008]
  Epoch 26/30:  86%|██████████████████████████████▏    | 50/58 [00:01<00:00, 29.18it/s, loss=0.0009]
  Epoch 26/30:  86%|██████████████████████████████▏    | 50/58 [00:01<00:00, 29.18it/s, loss=0.0011]
  Epoch 26/30:  86%|██████████████████████████████▏    | 50/58 [00:01<00:00, 29.18it/s, loss=0.0018]
  Epoch 26/30:  91%|███████████████████████████████▉   | 53/58 [00:01<00:00, 28.90it/s, loss=0.0018]
  Epoch 26/30:  91%|███████████████████████████████▉   | 53/58 [00:01<00:00, 28.90it/s, loss=0.0003]
  Epoch 26/30:  91%|███████████████████████████████▉   | 53/58 [00:01<00:00, 28.90it/s, loss=0.0014]
  Epoch 26/30:  91%|███████████████████████████████▉   | 53/58 [00:01<00:00, 28.90it/s, loss=0.0009]
  Epoch 26/30:  97%|█████████████████████████████████▊ | 56/58 [00:01<00:00, 28.44it/s, loss=0.0009]
  Epoch 26/30:  97%|█████████████████████████████████▊ | 56/58 [00:01<00:00, 28.44it/s, loss=0.0013]
  Epoch 26/30:  97%|█████████████████████████████████▊ | 56/58 [00:02<00:00, 28.44it/s, loss=0.0014]
                                                                                                    

  Epoch 27/30:   0%|                                                         | 0/58 [00:00<?, ?it/s]
  Epoch 27/30:   0%|                                            | 0/58 [00:00<?, ?it/s, loss=0.0007]
  Epoch 27/30:   0%|                                            | 0/58 [00:00<?, ?it/s, loss=0.0007]
  Epoch 27/30:   0%|                                            | 0/58 [00:00<?, ?it/s, loss=0.0013]
  Epoch 27/30:   5%|█▊                                  | 3/58 [00:00<00:02, 25.23it/s, loss=0.0013]
  Epoch 27/30:   5%|█▊                                  | 3/58 [00:00<00:02, 25.23it/s, loss=0.0007]
  Epoch 27/30:   5%|█▊                                  | 3/58 [00:00<00:02, 25.23it/s, loss=0.0011]
  Epoch 27/30:   5%|█▊                                  | 3/58 [00:00<00:02, 25.23it/s, loss=0.0006]
  Epoch 27/30:  10%|███▋                                | 6/58 [00:00<00:01, 26.90it/s, loss=0.0006]
  Epoch 27/30:  10%|███▋                                | 6/58 [00:00<00:01, 26.90it/s, loss=0.0006]
  Epoch 27/30:  10%|███▋                                | 6/58 [00:00<00:01, 26.90it/s, loss=0.0008]
  Epoch 27/30:  10%|███▋                                | 6/58 [00:00<00:01, 26.90it/s, loss=0.0013]
  Epoch 27/30:  10%|███▋                                | 6/58 [00:00<00:01, 26.90it/s, loss=0.0018]
  Epoch 27/30:  17%|██████                             | 10/58 [00:00<00:01, 28.40it/s, loss=0.0018]
  Epoch 27/30:  17%|██████                             | 10/58 [00:00<00:01, 28.40it/s, loss=0.0011]
  Epoch 27/30:  17%|██████                             | 10/58 [00:00<00:01, 28.40it/s, loss=0.0014]
  Epoch 27/30:  17%|██████                             | 10/58 [00:00<00:01, 28.40it/s, loss=0.0017]
  Epoch 27/30:  22%|███████▊                           | 13/58 [00:00<00:01, 28.73it/s, loss=0.0017]
  Epoch 27/30:  22%|███████▊                           | 13/58 [00:00<00:01, 28.73it/s, loss=0.0016]
  Epoch 27/30:  22%|███████▊                           | 13/58 [00:00<00:01, 28.73it/s, loss=0.0013]
  Epoch 27/30:  22%|███████▊                           | 13/58 [00:00<00:01, 28.73it/s, loss=0.0018]
  Epoch 27/30:  28%|█████████▋                         | 16/58 [00:00<00:01, 28.38it/s, loss=0.0018]
  Epoch 27/30:  28%|█████████▋                         | 16/58 [00:00<00:01, 28.38it/s, loss=0.0020]
  Epoch 27/30:  28%|█████████▋                         | 16/58 [00:00<00:01, 28.38it/s, loss=0.0009]
  Epoch 27/30:  28%|█████████▋                         | 16/58 [00:00<00:01, 28.38it/s, loss=0.0010]
  Epoch 27/30:  28%|█████████▋                         | 16/58 [00:00<00:01, 28.38it/s, loss=0.0010]
  Epoch 27/30:  34%|████████████                       | 20/58 [00:00<00:01, 29.88it/s, loss=0.0010]
  Epoch 27/30:  34%|████████████                       | 20/58 [00:00<00:01, 29.88it/s, loss=0.0011]
  Epoch 27/30:  34%|████████████                       | 20/58 [00:00<00:01, 29.88it/s, loss=0.0016]
  Epoch 27/30:  34%|████████████                       | 20/58 [00:00<00:01, 29.88it/s, loss=0.0010]
  Epoch 27/30:  40%|█████████████▉                     | 23/58 [00:00<00:01, 29.50it/s, loss=0.0010]
  Epoch 27/30:  40%|█████████████▉                     | 23/58 [00:00<00:01, 29.50it/s, loss=0.0012]
  Epoch 27/30:  40%|█████████████▉                     | 23/58 [00:00<00:01, 29.50it/s, loss=0.0016]
  Epoch 27/30:  40%|█████████████▉                     | 23/58 [00:00<00:01, 29.50it/s, loss=0.0012]
  Epoch 27/30:  45%|███████████████▋                   | 26/58 [00:00<00:01, 29.25it/s, loss=0.0012]
  Epoch 27/30:  45%|███████████████▋                   | 26/58 [00:00<00:01, 29.25it/s, loss=0.0012]
  Epoch 27/30:  45%|███████████████▋                   | 26/58 [00:00<00:01, 29.25it/s, loss=0.0009]
  Epoch 27/30:  45%|███████████████▋                   | 26/58 [00:01<00:01, 29.25it/s, loss=0.0009]
  Epoch 27/30:  50%|█████████████████▌                 | 29/58 [00:01<00:01, 28.73it/s, loss=0.0009]
  Epoch 27/30:  50%|█████████████████▌                 | 29/58 [00:01<00:01, 28.73it/s, loss=0.0021]
  Epoch 27/30:  50%|█████████████████▌                 | 29/58 [00:01<00:01, 28.73it/s, loss=0.0015]
  Epoch 27/30:  50%|█████████████████▌                 | 29/58 [00:01<00:01, 28.73it/s, loss=0.0007]
  Epoch 27/30:  50%|█████████████████▌                 | 29/58 [00:01<00:01, 28.73it/s, loss=0.0008]
  Epoch 27/30:  57%|███████████████████▉               | 33/58 [00:01<00:00, 31.29it/s, loss=0.0008]
  Epoch 27/30:  57%|███████████████████▉               | 33/58 [00:01<00:00, 31.29it/s, loss=0.0017]
  Epoch 27/30:  57%|███████████████████▉               | 33/58 [00:01<00:00, 31.29it/s, loss=0.0022]
  Epoch 27/30:  57%|███████████████████▉               | 33/58 [00:01<00:00, 31.29it/s, loss=0.0013]
  Epoch 27/30:  57%|███████████████████▉               | 33/58 [00:01<00:00, 31.29it/s, loss=0.0005]
  Epoch 27/30:  57%|███████████████████▉               | 33/58 [00:01<00:00, 31.29it/s, loss=0.0007]
  Epoch 27/30:  66%|██████████████████████▉            | 38/58 [00:01<00:00, 34.55it/s, loss=0.0007]
  Epoch 27/30:  66%|██████████████████████▉            | 38/58 [00:01<00:00, 34.55it/s, loss=0.0005]
  Epoch 27/30:  66%|██████████████████████▉            | 38/58 [00:01<00:00, 34.55it/s, loss=0.0015]
  Epoch 27/30:  66%|██████████████████████▉            | 38/58 [00:01<00:00, 34.55it/s, loss=0.0014]
  Epoch 27/30:  66%|██████████████████████▉            | 38/58 [00:01<00:00, 34.55it/s, loss=0.0016]
  Epoch 27/30:  72%|█████████████████████████▎         | 42/58 [00:01<00:00, 35.61it/s, loss=0.0016]
  Epoch 27/30:  72%|█████████████████████████▎         | 42/58 [00:01<00:00, 35.61it/s, loss=0.0013]
  Epoch 27/30:  72%|█████████████████████████▎         | 42/58 [00:01<00:00, 35.61it/s, loss=0.0017]
  Epoch 27/30:  72%|█████████████████████████▎         | 42/58 [00:01<00:00, 35.61it/s, loss=0.0011]
  Epoch 27/30:  72%|█████████████████████████▎         | 42/58 [00:01<00:00, 35.61it/s, loss=0.0019]
  Epoch 27/30:  79%|███████████████████████████▊       | 46/58 [00:01<00:00, 35.51it/s, loss=0.0019]
  Epoch 27/30:  79%|███████████████████████████▊       | 46/58 [00:01<00:00, 35.51it/s, loss=0.0013]
  Epoch 27/30:  79%|███████████████████████████▊       | 46/58 [00:01<00:00, 35.51it/s, loss=0.0008]
  Epoch 27/30:  79%|███████████████████████████▊       | 46/58 [00:01<00:00, 35.51it/s, loss=0.0016]
  Epoch 27/30:  79%|███████████████████████████▊       | 46/58 [00:01<00:00, 35.51it/s, loss=0.0003]
  Epoch 27/30:  86%|██████████████████████████████▏    | 50/58 [00:01<00:00, 36.58it/s, loss=0.0003]
  Epoch 27/30:  86%|██████████████████████████████▏    | 50/58 [00:01<00:00, 36.58it/s, loss=0.0030]
  Epoch 27/30:  86%|██████████████████████████████▏    | 50/58 [00:01<00:00, 36.58it/s, loss=0.0012]
  Epoch 27/30:  86%|██████████████████████████████▏    | 50/58 [00:01<00:00, 36.58it/s, loss=0.0014]
  Epoch 27/30:  86%|██████████████████████████████▏    | 50/58 [00:01<00:00, 36.58it/s, loss=0.0006]
  Epoch 27/30:  93%|████████████████████████████████▌  | 54/58 [00:01<00:00, 35.34it/s, loss=0.0006]
  Epoch 27/30:  93%|████████████████████████████████▌  | 54/58 [00:01<00:00, 35.34it/s, loss=0.0015]
  Epoch 27/30:  93%|████████████████████████████████▌  | 54/58 [00:01<00:00, 35.34it/s, loss=0.0012]
  Epoch 27/30:  93%|████████████████████████████████▌  | 54/58 [00:01<00:00, 35.34it/s, loss=0.0004]
  Epoch 27/30:  93%|████████████████████████████████▌  | 54/58 [00:01<00:00, 35.34it/s, loss=0.0009]
  Epoch 27/30: 100%|███████████████████████████████████| 58/58 [00:01<00:00, 34.84it/s, loss=0.0009]
                                                                                                    

  Epoch 28/30:   0%|                                                         | 0/58 [00:00<?, ?it/s]
  Epoch 28/30:   0%|                                            | 0/58 [00:00<?, ?it/s, loss=0.0011]
  Epoch 28/30:   0%|                                            | 0/58 [00:00<?, ?it/s, loss=0.0020]
  Epoch 28/30:   0%|                                            | 0/58 [00:00<?, ?it/s, loss=0.0017]
  Epoch 28/30:   0%|                                            | 0/58 [00:00<?, ?it/s, loss=0.0004]
  Epoch 28/30:   7%|██▍                                 | 4/58 [00:00<00:01, 36.84it/s, loss=0.0004]
  Epoch 28/30:   7%|██▍                                 | 4/58 [00:00<00:01, 36.84it/s, loss=0.0007]
  Epoch 28/30:   7%|██▍                                 | 4/58 [00:00<00:01, 36.84it/s, loss=0.0009]
  Epoch 28/30:   7%|██▍                                 | 4/58 [00:00<00:01, 36.84it/s, loss=0.0020]
  Epoch 28/30:   7%|██▍                                 | 4/58 [00:00<00:01, 36.84it/s, loss=0.0007]
  Epoch 28/30:  14%|████▉                               | 8/58 [00:00<00:01, 35.39it/s, loss=0.0007]
  Epoch 28/30:  14%|████▉                               | 8/58 [00:00<00:01, 35.39it/s, loss=0.0015]
  Epoch 28/30:  14%|████▉                               | 8/58 [00:00<00:01, 35.39it/s, loss=0.0015]
  Epoch 28/30:  14%|████▉                               | 8/58 [00:00<00:01, 35.39it/s, loss=0.0017]
  Epoch 28/30:  14%|████▉                               | 8/58 [00:00<00:01, 35.39it/s, loss=0.0012]
  Epoch 28/30:  21%|███████▏                           | 12/58 [00:00<00:01, 33.90it/s, loss=0.0012]
  Epoch 28/30:  21%|███████▏                           | 12/58 [00:00<00:01, 33.90it/s, loss=0.0028]
  Epoch 28/30:  21%|███████▏                           | 12/58 [00:00<00:01, 33.90it/s, loss=0.0014]
  Epoch 28/30:  21%|███████▏                           | 12/58 [00:00<00:01, 33.90it/s, loss=0.0012]
  Epoch 28/30:  21%|███████▏                           | 12/58 [00:00<00:01, 33.90it/s, loss=0.0014]
  Epoch 28/30:  28%|█████████▋                         | 16/58 [00:00<00:01, 33.96it/s, loss=0.0014]
  Epoch 28/30:  28%|█████████▋                         | 16/58 [00:00<00:01, 33.96it/s, loss=0.0013]
  Epoch 28/30:  28%|█████████▋                         | 16/58 [00:00<00:01, 33.96it/s, loss=0.0013]
  Epoch 28/30:  28%|█████████▋                         | 16/58 [00:00<00:01, 33.96it/s, loss=0.0009]
  Epoch 28/30:  28%|█████████▋                         | 16/58 [00:00<00:01, 33.96it/s, loss=0.0012]
  Epoch 28/30:  34%|████████████                       | 20/58 [00:00<00:01, 33.61it/s, loss=0.0012]
  Epoch 28/30:  34%|████████████                       | 20/58 [00:00<00:01, 33.61it/s, loss=0.0012]
  Epoch 28/30:  34%|████████████                       | 20/58 [00:00<00:01, 33.61it/s, loss=0.0009]
  Epoch 28/30:  34%|████████████                       | 20/58 [00:00<00:01, 33.61it/s, loss=0.0004]
  Epoch 28/30:  34%|████████████                       | 20/58 [00:00<00:01, 33.61it/s, loss=0.0005]
  Epoch 28/30:  41%|██████████████▍                    | 24/58 [00:00<00:00, 34.35it/s, loss=0.0005]
  Epoch 28/30:  41%|██████████████▍                    | 24/58 [00:00<00:00, 34.35it/s, loss=0.0024]
  Epoch 28/30:  41%|██████████████▍                    | 24/58 [00:00<00:00, 34.35it/s, loss=0.0014]
  Epoch 28/30:  41%|██████████████▍                    | 24/58 [00:00<00:00, 34.35it/s, loss=0.0014]
  Epoch 28/30:  41%|██████████████▍                    | 24/58 [00:00<00:00, 34.35it/s, loss=0.0007]
  Epoch 28/30:  48%|████████████████▉                  | 28/58 [00:00<00:00, 35.42it/s, loss=0.0007]
  Epoch 28/30:  48%|████████████████▉                  | 28/58 [00:00<00:00, 35.42it/s, loss=0.0012]
  Epoch 28/30:  48%|████████████████▉                  | 28/58 [00:00<00:00, 35.42it/s, loss=0.0010]
  Epoch 28/30:  48%|████████████████▉                  | 28/58 [00:00<00:00, 35.42it/s, loss=0.0009]
  Epoch 28/30:  48%|████████████████▉                  | 28/58 [00:00<00:00, 35.42it/s, loss=0.0010]
  Epoch 28/30:  48%|████████████████▉                  | 28/58 [00:00<00:00, 35.42it/s, loss=0.0025]
  Epoch 28/30:  57%|███████████████████▉               | 33/58 [00:00<00:00, 36.96it/s, loss=0.0025]
  Epoch 28/30:  57%|███████████████████▉               | 33/58 [00:00<00:00, 36.96it/s, loss=0.0009]
  Epoch 28/30:  57%|███████████████████▉               | 33/58 [00:00<00:00, 36.96it/s, loss=0.0004]
  Epoch 28/30:  57%|███████████████████▉               | 33/58 [00:01<00:00, 36.96it/s, loss=0.0009]
  Epoch 28/30:  57%|███████████████████▉               | 33/58 [00:01<00:00, 36.96it/s, loss=0.0012]
  Epoch 28/30:  57%|███████████████████▉               | 33/58 [00:01<00:00, 36.96it/s, loss=0.0013]
  Epoch 28/30:  66%|██████████████████████▉            | 38/58 [00:01<00:00, 38.68it/s, loss=0.0013]
  Epoch 28/30:  66%|██████████████████████▉            | 38/58 [00:01<00:00, 38.68it/s, loss=0.0009]
  Epoch 28/30:  66%|██████████████████████▉            | 38/58 [00:01<00:00, 38.68it/s, loss=0.0008]
  Epoch 28/30:  66%|██████████████████████▉            | 38/58 [00:01<00:00, 38.68it/s, loss=0.0012]
  Epoch 28/30:  66%|██████████████████████▉            | 38/58 [00:01<00:00, 38.68it/s, loss=0.0006]
  Epoch 28/30:  72%|█████████████████████████▎         | 42/58 [00:01<00:00, 37.29it/s, loss=0.0006]
  Epoch 28/30:  72%|█████████████████████████▎         | 42/58 [00:01<00:00, 37.29it/s, loss=0.0009]
  Epoch 28/30:  72%|█████████████████████████▎         | 42/58 [00:01<00:00, 37.29it/s, loss=0.0015]
  Epoch 28/30:  72%|█████████████████████████▎         | 42/58 [00:01<00:00, 37.29it/s, loss=0.0004]
  Epoch 28/30:  72%|█████████████████████████▎         | 42/58 [00:01<00:00, 37.29it/s, loss=0.0007]
  Epoch 28/30:  79%|███████████████████████████▊       | 46/58 [00:01<00:00, 36.31it/s, loss=0.0007]
  Epoch 28/30:  79%|███████████████████████████▊       | 46/58 [00:01<00:00, 36.31it/s, loss=0.0004]
  Epoch 28/30:  79%|███████████████████████████▊       | 46/58 [00:01<00:00, 36.31it/s, loss=0.0005]
  Epoch 28/30:  79%|███████████████████████████▊       | 46/58 [00:01<00:00, 36.31it/s, loss=0.0017]
  Epoch 28/30:  79%|███████████████████████████▊       | 46/58 [00:01<00:00, 36.31it/s, loss=0.0013]
  Epoch 28/30:  86%|██████████████████████████████▏    | 50/58 [00:01<00:00, 37.21it/s, loss=0.0013]
  Epoch 28/30:  86%|██████████████████████████████▏    | 50/58 [00:01<00:00, 37.21it/s, loss=0.0005]
  Epoch 28/30:  86%|██████████████████████████████▏    | 50/58 [00:01<00:00, 37.21it/s, loss=0.0010]
  Epoch 28/30:  86%|██████████████████████████████▏    | 50/58 [00:01<00:00, 37.21it/s, loss=0.0009]
  Epoch 28/30:  86%|██████████████████████████████▏    | 50/58 [00:01<00:00, 37.21it/s, loss=0.0010]
  Epoch 28/30:  93%|████████████████████████████████▌  | 54/58 [00:01<00:00, 35.06it/s, loss=0.0010]
  Epoch 28/30:  93%|████████████████████████████████▌  | 54/58 [00:01<00:00, 35.06it/s, loss=0.0012]
  Epoch 28/30:  93%|████████████████████████████████▌  | 54/58 [00:01<00:00, 35.06it/s, loss=0.0007]
  Epoch 28/30:  93%|████████████████████████████████▌  | 54/58 [00:01<00:00, 35.06it/s, loss=0.0010]
  Epoch 28/30:  93%|████████████████████████████████▌  | 54/58 [00:01<00:00, 35.06it/s, loss=0.0002]
                                                                                                    

  Epoch 29/30:   0%|                                                         | 0/58 [00:00<?, ?it/s]
  Epoch 29/30:   0%|                                            | 0/58 [00:00<?, ?it/s, loss=0.0004]
  Epoch 29/30:   0%|                                            | 0/58 [00:00<?, ?it/s, loss=0.0015]
  Epoch 29/30:   0%|                                            | 0/58 [00:00<?, ?it/s, loss=0.0010]
  Epoch 29/30:   5%|█▊                                  | 3/58 [00:00<00:01, 28.50it/s, loss=0.0010]
  Epoch 29/30:   5%|█▊                                  | 3/58 [00:00<00:01, 28.50it/s, loss=0.0013]
  Epoch 29/30:   5%|█▊                                  | 3/58 [00:00<00:01, 28.50it/s, loss=0.0007]
  Epoch 29/30:   5%|█▊                                  | 3/58 [00:00<00:01, 28.50it/s, loss=0.0012]
  Epoch 29/30:   5%|█▊                                  | 3/58 [00:00<00:01, 28.50it/s, loss=0.0008]
  Epoch 29/30:   5%|█▊                                  | 3/58 [00:00<00:01, 28.50it/s, loss=0.0011]
  Epoch 29/30:  14%|████▉                               | 8/58 [00:00<00:01, 34.81it/s, loss=0.0011]
  Epoch 29/30:  14%|████▉                               | 8/58 [00:00<00:01, 34.81it/s, loss=0.0013]
  Epoch 29/30:  14%|████▉                               | 8/58 [00:00<00:01, 34.81it/s, loss=0.0005]
  Epoch 29/30:  14%|████▉                               | 8/58 [00:00<00:01, 34.81it/s, loss=0.0019]
  Epoch 29/30:  14%|████▉                               | 8/58 [00:00<00:01, 34.81it/s, loss=0.0019]
  Epoch 29/30:  21%|███████▏                           | 12/58 [00:00<00:01, 34.26it/s, loss=0.0019]
  Epoch 29/30:  21%|███████▏                           | 12/58 [00:00<00:01, 34.26it/s, loss=0.0016]
  Epoch 29/30:  21%|███████▏                           | 12/58 [00:00<00:01, 34.26it/s, loss=0.0013]
  Epoch 29/30:  21%|███████▏                           | 12/58 [00:00<00:01, 34.26it/s, loss=0.0010]
  Epoch 29/30:  21%|███████▏                           | 12/58 [00:00<00:01, 34.26it/s, loss=0.0013]
  Epoch 29/30:  28%|█████████▋                         | 16/58 [00:00<00:01, 35.26it/s, loss=0.0013]
  Epoch 29/30:  28%|█████████▋                         | 16/58 [00:00<00:01, 35.26it/s, loss=0.0009]
  Epoch 29/30:  28%|█████████▋                         | 16/58 [00:00<00:01, 35.26it/s, loss=0.0011]
  Epoch 29/30:  28%|█████████▋                         | 16/58 [00:00<00:01, 35.26it/s, loss=0.0010]
  Epoch 29/30:  28%|█████████▋                         | 16/58 [00:00<00:01, 35.26it/s, loss=0.0005]
  Epoch 29/30:  34%|████████████                       | 20/58 [00:00<00:01, 34.47it/s, loss=0.0005]
  Epoch 29/30:  34%|████████████                       | 20/58 [00:00<00:01, 34.47it/s, loss=0.0010]
  Epoch 29/30:  34%|████████████                       | 20/58 [00:00<00:01, 34.47it/s, loss=0.0008]
  Epoch 29/30:  34%|████████████                       | 20/58 [00:00<00:01, 34.47it/s, loss=0.0011]
  Epoch 29/30:  34%|████████████                       | 20/58 [00:00<00:01, 34.47it/s, loss=0.0010]
  Epoch 29/30:  41%|██████████████▍                    | 24/58 [00:00<00:00, 34.35it/s, loss=0.0010]
  Epoch 29/30:  41%|██████████████▍                    | 24/58 [00:00<00:00, 34.35it/s, loss=0.0014]
  Epoch 29/30:  41%|██████████████▍                    | 24/58 [00:00<00:00, 34.35it/s, loss=0.0011]
  Epoch 29/30:  41%|██████████████▍                    | 24/58 [00:00<00:00, 34.35it/s, loss=0.0009]
  Epoch 29/30:  41%|██████████████▍                    | 24/58 [00:00<00:00, 34.35it/s, loss=0.0011]
  Epoch 29/30:  48%|████████████████▉                  | 28/58 [00:00<00:00, 35.23it/s, loss=0.0011]
  Epoch 29/30:  48%|████████████████▉                  | 28/58 [00:00<00:00, 35.23it/s, loss=0.0020]
  Epoch 29/30:  48%|████████████████▉                  | 28/58 [00:00<00:00, 35.23it/s, loss=0.0016]
  Epoch 29/30:  48%|████████████████▉                  | 28/58 [00:00<00:00, 35.23it/s, loss=0.0026]
  Epoch 29/30:  48%|████████████████▉                  | 28/58 [00:00<00:00, 35.23it/s, loss=0.0014]
  Epoch 29/30:  55%|███████████████████▎               | 32/58 [00:00<00:00, 34.97it/s, loss=0.0014]
  Epoch 29/30:  55%|███████████████████▎               | 32/58 [00:00<00:00, 34.97it/s, loss=0.0005]
  Epoch 29/30:  55%|███████████████████▎               | 32/58 [00:01<00:00, 34.97it/s, loss=0.0025]
  Epoch 29/30:  55%|███████████████████▎               | 32/58 [00:01<00:00, 34.97it/s, loss=0.0006]
  Epoch 29/30:  55%|███████████████████▎               | 32/58 [00:01<00:00, 34.97it/s, loss=0.0013]
  Epoch 29/30:  62%|█████████████████████▋             | 36/58 [00:01<00:00, 32.40it/s, loss=0.0013]
  Epoch 29/30:  62%|█████████████████████▋             | 36/58 [00:01<00:00, 32.40it/s, loss=0.0026]
  Epoch 29/30:  62%|█████████████████████▋             | 36/58 [00:01<00:00, 32.40it/s, loss=0.0009]
  Epoch 29/30:  62%|█████████████████████▋             | 36/58 [00:01<00:00, 32.40it/s, loss=0.0008]
  Epoch 29/30:  62%|█████████████████████▋             | 36/58 [00:01<00:00, 32.40it/s, loss=0.0020]
  Epoch 29/30:  69%|████████████████████████▏          | 40/58 [00:01<00:00, 29.33it/s, loss=0.0020]
  Epoch 29/30:  69%|████████████████████████▏          | 40/58 [00:01<00:00, 29.33it/s, loss=0.0013]
  Epoch 29/30:  69%|████████████████████████▏          | 40/58 [00:01<00:00, 29.33it/s, loss=0.0009]
  Epoch 29/30:  69%|████████████████████████▏          | 40/58 [00:01<00:00, 29.33it/s, loss=0.0008]
  Epoch 29/30:  69%|████████████████████████▏          | 40/58 [00:01<00:00, 29.33it/s, loss=0.0012]
  Epoch 29/30:  76%|██████████████████████████▌        | 44/58 [00:01<00:00, 31.80it/s, loss=0.0012]
  Epoch 29/30:  76%|██████████████████████████▌        | 44/58 [00:01<00:00, 31.80it/s, loss=0.0009]
  Epoch 29/30:  76%|██████████████████████████▌        | 44/58 [00:01<00:00, 31.80it/s, loss=0.0008]
  Epoch 29/30:  76%|██████████████████████████▌        | 44/58 [00:01<00:00, 31.80it/s, loss=0.0004]
  Epoch 29/30:  76%|██████████████████████████▌        | 44/58 [00:01<00:00, 31.80it/s, loss=0.0008]
  Epoch 29/30:  83%|████████████████████████████▉      | 48/58 [00:01<00:00, 32.97it/s, loss=0.0008]
  Epoch 29/30:  83%|████████████████████████████▉      | 48/58 [00:01<00:00, 32.97it/s, loss=0.0010]
  Epoch 29/30:  83%|████████████████████████████▉      | 48/58 [00:01<00:00, 32.97it/s, loss=0.0018]
  Epoch 29/30:  83%|████████████████████████████▉      | 48/58 [00:01<00:00, 32.97it/s, loss=0.0014]
  Epoch 29/30:  83%|████████████████████████████▉      | 48/58 [00:01<00:00, 32.97it/s, loss=0.0008]
  Epoch 29/30:  90%|███████████████████████████████▍   | 52/58 [00:01<00:00, 34.03it/s, loss=0.0008]
  Epoch 29/30:  90%|███████████████████████████████▍   | 52/58 [00:01<00:00, 34.03it/s, loss=0.0005]
  Epoch 29/30:  90%|███████████████████████████████▍   | 52/58 [00:01<00:00, 34.03it/s, loss=0.0010]
  Epoch 29/30:  90%|███████████████████████████████▍   | 52/58 [00:01<00:00, 34.03it/s, loss=0.0013]
  Epoch 29/30:  90%|███████████████████████████████▍   | 52/58 [00:01<00:00, 34.03it/s, loss=0.0012]
  Epoch 29/30:  97%|█████████████████████████████████▊ | 56/58 [00:01<00:00, 35.01it/s, loss=0.0012]
  Epoch 29/30:  97%|█████████████████████████████████▊ | 56/58 [00:01<00:00, 35.01it/s, loss=0.0006]
  Epoch 29/30:  97%|█████████████████████████████████▊ | 56/58 [00:01<00:00, 35.01it/s, loss=0.0020]
                                                                                                    

  Epoch 30/30:   0%|                                                         | 0/58 [00:00<?, ?it/s]
  Epoch 30/30:   0%|                                            | 0/58 [00:00<?, ?it/s, loss=0.0010]
  Epoch 30/30:   0%|                                            | 0/58 [00:00<?, ?it/s, loss=0.0009]
  Epoch 30/30:   0%|                                            | 0/58 [00:00<?, ?it/s, loss=0.0013]
  Epoch 30/30:   5%|█▊                                  | 3/58 [00:00<00:02, 25.27it/s, loss=0.0013]
  Epoch 30/30:   5%|█▊                                  | 3/58 [00:00<00:02, 25.27it/s, loss=0.0011]
  Epoch 30/30:   5%|█▊                                  | 3/58 [00:00<00:02, 25.27it/s, loss=0.0014]
  Epoch 30/30:   5%|█▊                                  | 3/58 [00:00<00:02, 25.27it/s, loss=0.0004]
  Epoch 30/30:   5%|█▊                                  | 3/58 [00:00<00:02, 25.27it/s, loss=0.0004]
  Epoch 30/30:  12%|████▎                               | 7/58 [00:00<00:01, 27.81it/s, loss=0.0004]
  Epoch 30/30:  12%|████▎                               | 7/58 [00:00<00:01, 27.81it/s, loss=0.0015]
  Epoch 30/30:  12%|████▎                               | 7/58 [00:00<00:01, 27.81it/s, loss=0.0012]
  Epoch 30/30:  12%|████▎                               | 7/58 [00:00<00:01, 27.81it/s, loss=0.0016]
  Epoch 30/30:  12%|████▎                               | 7/58 [00:00<00:01, 27.81it/s, loss=0.0017]
  Epoch 30/30:  19%|██████▋                            | 11/58 [00:00<00:01, 31.70it/s, loss=0.0017]
  Epoch 30/30:  19%|██████▋                            | 11/58 [00:00<00:01, 31.70it/s, loss=0.0008]
  Epoch 30/30:  19%|██████▋                            | 11/58 [00:00<00:01, 31.70it/s, loss=0.0008]
  Epoch 30/30:  19%|██████▋                            | 11/58 [00:00<00:01, 31.70it/s, loss=0.0017]
  Epoch 30/30:  19%|██████▋                            | 11/58 [00:00<00:01, 31.70it/s, loss=0.0011]
  Epoch 30/30:  26%|█████████                          | 15/58 [00:00<00:01, 33.58it/s, loss=0.0011]
  Epoch 30/30:  26%|█████████                          | 15/58 [00:00<00:01, 33.58it/s, loss=0.0009]
  Epoch 30/30:  26%|█████████                          | 15/58 [00:00<00:01, 33.58it/s, loss=0.0008]
  Epoch 30/30:  26%|█████████                          | 15/58 [00:00<00:01, 33.58it/s, loss=0.0009]
  Epoch 30/30:  26%|█████████                          | 15/58 [00:00<00:01, 33.58it/s, loss=0.0011]
  Epoch 30/30:  26%|█████████                          | 15/58 [00:00<00:01, 33.58it/s, loss=0.0013]
  Epoch 30/30:  34%|████████████                       | 20/58 [00:00<00:01, 36.53it/s, loss=0.0013]
  Epoch 30/30:  34%|████████████                       | 20/58 [00:00<00:01, 36.53it/s, loss=0.0015]
  Epoch 30/30:  34%|████████████                       | 20/58 [00:00<00:01, 36.53it/s, loss=0.0014]
  Epoch 30/30:  34%|████████████                       | 20/58 [00:00<00:01, 36.53it/s, loss=0.0010]
  Epoch 30/30:  34%|████████████                       | 20/58 [00:00<00:01, 36.53it/s, loss=0.0005]
  Epoch 30/30:  41%|██████████████▍                    | 24/58 [00:00<00:00, 36.27it/s, loss=0.0005]
  Epoch 30/30:  41%|██████████████▍                    | 24/58 [00:00<00:00, 36.27it/s, loss=0.0006]
  Epoch 30/30:  41%|██████████████▍                    | 24/58 [00:00<00:00, 36.27it/s, loss=0.0010]
  Epoch 30/30:  41%|██████████████▍                    | 24/58 [00:00<00:00, 36.27it/s, loss=0.0019]
  Epoch 30/30:  41%|██████████████▍                    | 24/58 [00:00<00:00, 36.27it/s, loss=0.0013]
  Epoch 30/30:  48%|████████████████▉                  | 28/58 [00:00<00:00, 37.02it/s, loss=0.0013]
  Epoch 30/30:  48%|████████████████▉                  | 28/58 [00:00<00:00, 37.02it/s, loss=0.0021]
  Epoch 30/30:  48%|████████████████▉                  | 28/58 [00:00<00:00, 37.02it/s, loss=0.0006]
  Epoch 30/30:  48%|████████████████▉                  | 28/58 [00:00<00:00, 37.02it/s, loss=0.0017]
  Epoch 30/30:  48%|████████████████▉                  | 28/58 [00:00<00:00, 37.02it/s, loss=0.0005]
  Epoch 30/30:  55%|███████████████████▎               | 32/58 [00:00<00:00, 36.46it/s, loss=0.0005]
  Epoch 30/30:  55%|███████████████████▎               | 32/58 [00:00<00:00, 36.46it/s, loss=0.0011]
  Epoch 30/30:  55%|███████████████████▎               | 32/58 [00:00<00:00, 36.46it/s, loss=0.0012]
  Epoch 30/30:  55%|███████████████████▎               | 32/58 [00:01<00:00, 36.46it/s, loss=0.0003]
  Epoch 30/30:  55%|███████████████████▎               | 32/58 [00:01<00:00, 36.46it/s, loss=0.0016]
  Epoch 30/30:  62%|█████████████████████▋             | 36/58 [00:01<00:00, 36.89it/s, loss=0.0016]
  Epoch 30/30:  62%|█████████████████████▋             | 36/58 [00:01<00:00, 36.89it/s, loss=0.0008]
  Epoch 30/30:  62%|█████████████████████▋             | 36/58 [00:01<00:00, 36.89it/s, loss=0.0020]
  Epoch 30/30:  62%|█████████████████████▋             | 36/58 [00:01<00:00, 36.89it/s, loss=0.0011]
  Epoch 30/30:  62%|█████████████████████▋             | 36/58 [00:01<00:00, 36.89it/s, loss=0.0007]
  Epoch 30/30:  69%|████████████████████████▏          | 40/58 [00:01<00:00, 34.98it/s, loss=0.0007]
  Epoch 30/30:  69%|████████████████████████▏          | 40/58 [00:01<00:00, 34.98it/s, loss=0.0003]
  Epoch 30/30:  69%|████████████████████████▏          | 40/58 [00:01<00:00, 34.98it/s, loss=0.0008]
  Epoch 30/30:  69%|████████████████████████▏          | 40/58 [00:01<00:00, 34.98it/s, loss=0.0005]
  Epoch 30/30:  69%|████████████████████████▏          | 40/58 [00:01<00:00, 34.98it/s, loss=0.0006]
  Epoch 30/30:  76%|██████████████████████████▌        | 44/58 [00:01<00:00, 36.20it/s, loss=0.0006]
  Epoch 30/30:  76%|██████████████████████████▌        | 44/58 [00:01<00:00, 36.20it/s, loss=0.0017]
  Epoch 30/30:  76%|██████████████████████████▌        | 44/58 [00:01<00:00, 36.20it/s, loss=0.0006]
  Epoch 30/30:  76%|██████████████████████████▌        | 44/58 [00:01<00:00, 36.20it/s, loss=0.0016]
  Epoch 30/30:  76%|██████████████████████████▌        | 44/58 [00:01<00:00, 36.20it/s, loss=0.0020]
  Epoch 30/30:  83%|████████████████████████████▉      | 48/58 [00:01<00:00, 35.09it/s, loss=0.0020]
  Epoch 30/30:  83%|████████████████████████████▉      | 48/58 [00:01<00:00, 35.09it/s, loss=0.0012]
  Epoch 30/30:  83%|████████████████████████████▉      | 48/58 [00:01<00:00, 35.09it/s, loss=0.0007]
  Epoch 30/30:  83%|████████████████████████████▉      | 48/58 [00:01<00:00, 35.09it/s, loss=0.0016]
  Epoch 30/30:  83%|████████████████████████████▉      | 48/58 [00:01<00:00, 35.09it/s, loss=0.0015]
  Epoch 30/30:  90%|███████████████████████████████▍   | 52/58 [00:01<00:00, 33.70it/s, loss=0.0015]
  Epoch 30/30:  90%|███████████████████████████████▍   | 52/58 [00:01<00:00, 33.70it/s, loss=0.0021]
  Epoch 30/30:  90%|███████████████████████████████▍   | 52/58 [00:01<00:00, 33.70it/s, loss=0.0021]
  Epoch 30/30:  90%|███████████████████████████████▍   | 52/58 [00:01<00:00, 33.70it/s, loss=0.0013]
  Epoch 30/30:  90%|███████████████████████████████▍   | 52/58 [00:01<00:00, 33.70it/s, loss=0.0010]
  Epoch 30/30:  97%|█████████████████████████████████▊ | 56/58 [00:01<00:00, 34.18it/s, loss=0.0010]
  Epoch 30/30:  97%|█████████████████████████████████▊ | 56/58 [00:01<00:00, 34.18it/s, loss=0.0014]
  Epoch 30/30:  97%|█████████████████████████████████▊ | 56/58 [00:01<00:00, 34.18it/s, loss=0.0004]
                                                                                                    
  Epoch 30/30 │ Loss: 0.0011 │ T+1: 0.8832 │ T+2: 0.7627 │ T+3: 0.6283

  → Loading best model checkpoint
    Best T+1 NSE: 0.8893

  → Saving model
    Model saved: E:\SRIP 2025\Streamflow and Water-level Prediction\Final Stuff\srip-transformer\runs\seq_hier_20260304_204815\model.pt

============================================================
  STEP 7: EVALUATING MODEL
============================================================

  → Evaluating on Test Set 1961-1970

  Testing 1961-1970:   0%|                                                   | 0/15 [00:00<?, ?it/s]
  Testing 1961-1970:  47%|████████████████████                       | 7/15 [00:00<00:00, 60.04it/s]
                                                                                                    

    Results (1961-1970):
    Horizon       NSE       R²      PBIAS │      P90      P95 │    Peak%
    ----------------------------------------------------------------------
    T1         0.9286   0.9286      0.01% │   0.8596   0.8226 │    71.4%
    T2         0.8554   0.8554      1.80% │   0.7188   0.6279 │    62.3%
    T3         0.7714   0.7714     -1.98% │   0.5275   0.3284 │    75.2%

  → Evaluating on Test Set 2011-2020

  Testing 2011-2020:   0%|                                                   | 0/15 [00:00<?, ?it/s]
  Testing 2011-2020:  47%|████████████████████                       | 7/15 [00:00<00:00, 64.05it/s]
  Testing 2011-2020:  93%|███████████████████████████████████████▏  | 14/15 [00:00<00:00, 59.10it/s]
                                                                                                    

    Results (2011-2020):
    Horizon       NSE       R²      PBIAS │      P90      P95 │    Peak%
    ----------------------------------------------------------------------
    T1         0.8606   0.8606      4.81% │   0.7594   0.7326 │    63.1%
    T2         0.6306   0.6306      8.17% │   0.3295   0.2314 │    43.6%
    T3         0.4703   0.4703     -5.00% │   0.0224  -0.0982 │    70.8%

============================================================
  STEP 8: SAVING RESULTS
============================================================

  → Saving results.json

  → Saving train_history.json

  → Computing feature saliency (gradient × input)
    Features: ['rainfall', 'tmax', 'tmin', 'waterlevel_upstream', 'streamflow_upstream', 'waterlevel_final', 'streamflow_final', 'hierarchical_feature_quantile_0.1', 'hierarchical_feature_quantile_0.5', 'hierarchical_feature_quantile_0.9', 'hierarchical_feature_quantile_0.95']
Traceback (most recent call last):
  File "E:\SRIP 2025\Streamflow and Water-level Prediction\Final Stuff\srip-transformer\src\train.py", line 895, in <module>
    main()
  File "E:\SRIP 2025\Streamflow and Water-level Prediction\Final Stuff\srip-transformer\src\train.py", line 850, in main
    saliency_results = compute_feature_saliency(
                       ^^^^^^^^^^^^^^^^^^^^^^^^^
  File "E:\SRIP 2025\Streamflow and Water-level Prediction\Final Stuff\srip-transformer\src\train.py", line 398, in compute_feature_saliency
    predictions[horizon].sum().backward(retain_graph=True)
  File "C:\Users\HP\AppData\Local\Programs\Python\Python312\Lib\site-packages\torch\_tensor.py", line 630, in backward
    torch.autograd.backward(
  File "C:\Users\HP\AppData\Local\Programs\Python\Python312\Lib\site-packages\torch\autograd\__init__.py", line 364, in backward
    _engine_run_backward(
  File "C:\Users\HP\AppData\Local\Programs\Python\Python312\Lib\site-packages\torch\autograd\graph.py", line 865, in _engine_run_backward
    return Variable._execution_engine.run_backward(  # Calls into the C++ engine to run the backward pass
           ^^^^^^^^^^^^^^^^^^^^^^^^^^^^^^^^^^^^^^^^^^^^^^^^^^^^^^^^^^^^^^^^^^^^^^^^^^^^^^^^^^^^^^^^^^^^^^
RuntimeError: cudnn RNN backward can only be called in training mode
