
============================================================
  SeqLSTM TRAINING PIPELINE
  Modular Ablation Framework
============================================================

============================================================
  STEP 1: LOADING CONFIGURATION
============================================================
  Config file: E:\SRIP 2025\Streamflow and Water-level Prediction\Final Stuff\srip-transformer\src\configs\seq_fitter.yaml
  Config name: seq_fitter

  Configuration:
    • Sequential:    ✓ ON  (3 LSTM blocks)
    • Bidirectional: ✗ OFF
    • Attention:     ✗ OFF
    • Rating Curve:  ✓ ON
    • Hierarchical:  ✓ ON

  LSTM Settings:
    • Hidden dim:    64
    • Num layers:    1
    • Dropout:       0.1

  Hard Constraints (enforced globally):
    • Lookback:      7 days
    • Batch size:    256
    • Learning rate: 0.001
    • Epochs:        30
    • Optimizer:     Adam
    • Loss:          MSE
    • Random seed:   74

  → Setting random seed: 74

  → Using device: cuda
    GPU: NVIDIA GeForce RTX 3050 4GB Laptop GPU

============================================================
  STEP 2: LOADING AND PREPARING DATA
============================================================

  → Loading station data: E:\SRIP 2025\Streamflow and Water-level Prediction\Final Stuff\srip-transformer\hierarchial\new_Garudeshwar_with_hierarchical_quantiles.csv
    Raw data shape: (22279, 23)
    Date range: 1961-01-02 to 2021-12-31

  → Detected pre-computed hierarchical features in CSV
    • hierarchical_feature_quantile_0.1
    • hierarchical_feature_quantile_0.5
    • hierarchical_feature_quantile_0.9
    • hierarchical_feature_quantile_0.95
    ✓ Will be INCLUDED (use_hierarchical=True)

  → Determining feature set
    ✓ Including 4 hierarchical features
    Using auto-detected features
    Total features: 11
       1. rainfall
       2. tmax
       3. tmin
       4. waterlevel_upstream
       5. streamflow_upstream
       6. waterlevel_final
       7. streamflow_final
       8. hierarchical_feature_quantile_0.1
       9. hierarchical_feature_quantile_0.5
      10. hierarchical_feature_quantile_0.9
      11. hierarchical_feature_quantile_0.95
    Target: streamflow_final

  → Loading processed data
    Station: Garudeshwar
    Processed shape: (22279, 23)

  → Splitting data by year
    Train (1971-2010):        14,610 samples
    Test (1961-1970):         3,651 samples
    Test (2011-2020):         3,653 samples

  → Scaling features (MinMaxScaler)
    Scaler fitted on 11 features

  → Creating PyTorch datasets
    Lookback window: 7 days (t-7 to t-1)
    Train dataset:   14,600 sequences
    Test 61-70:      3,641 sequences
    Test 11-20:      3,643 sequences
    ✓ Dual-target mode: streamflow + water level targets

  → Creating DataLoaders
    Batch size: 256
    Train batches: 58

============================================================
  STEP 3: SETTING UP OUTPUT DIRECTORY
============================================================
  Run directory: E:\SRIP 2025\Streamflow and Water-level Prediction\Final Stuff\srip-transformer\runs\seq_fitter_20260304_205512

============================================================
  STEP 4: FITTING RATING CURVE
============================================================

  → Extracting water level and streamflow data
    Data points: 14,610

  → Fitting rating curve models
  quadratic: RMSE=500.853, R²=0.9627
  exponential: RMSE=1487.062, R²=0.6713
  shifted_quadratic: RMSE=2593.613, R²=-0.0000
  shifted_cubic: RMSE=824.721, R²=0.8989
E:\SRIP 2025\Streamflow and Water-level Prediction\Final Stuff\srip-transformer\src\models\fitter.py:41: RuntimeWarning: overflow encountered in power
  return a * np.power(np.maximum(wse - c, 0.001), b)
E:\SRIP 2025\Streamflow and Water-level Prediction\Final Stuff\srip-transformer\src\models\fitter.py:115: OptimizeWarning: Covariance of the parameters could not be estimated
  params, _ = curve_fit(
  power_law: RMSE=2757.469, R²=-0.1303

Best Rating Curve: quadratic
  RMSE: 500.853
  R²: 0.9627
  Params: [   61.91865487 -1230.98728429  5044.98695027]
    ✓ Best model: quadratic
    ✓ Rating curve saved: E:\SRIP 2025\Streamflow and Water-level Prediction\Final Stuff\srip-transformer\runs\seq_fitter_20260304_205512\rating_curve.pkl

============================================================
  STEP 5: CREATING MODEL
============================================================

  → Initializing SeqLSTMModel
    ✓ Rating curve injected into model
    Input dimension: 11
    Model variant:   Sequential_Fitter_Hier

  → Counting parameters & FLOPs
    Total parameters: 71,932
      • lstm_block1: 19,712
      • lstm_block2: 19,712
      • lstm_block3: 19,712
      • projection: 22
      • heads: 12,774
    FLOPs (per forward pass): 806.400K  [manual estimate]

============================================================
  STEP 6: TRAINING MODEL
============================================================

  → Setting up optimizer and loss function
    Optimizer: Adam (lr=0.001)
    Loss: MSELoss

  → Starting training loop (30 epochs)
    Progress will be shown every 5 epochs


  Epoch  1/30:   0%|                                                         | 0/58 [00:00<?, ?it/s]
  Epoch  1/30:   0%|                                        | 0/58 [00:00<?, ?it/s, loss=12708.0889]
  Epoch  1/30:   2%|▌                               | 1/58 [00:00<00:23,  2.39it/s, loss=12708.0889]
  Epoch  1/30:   2%|▌                               | 1/58 [00:00<00:23,  2.39it/s, loss=10155.1260]
  Epoch  1/30:   2%|▌                                | 1/58 [00:00<00:23,  2.39it/s, loss=8027.8882]
  Epoch  1/30:   2%|▌                                | 1/58 [00:00<00:23,  2.39it/s, loss=7019.3335]
  Epoch  1/30:   7%|██▎                              | 4/58 [00:00<00:05,  9.08it/s, loss=7019.3335]
  Epoch  1/30:   7%|██▎                              | 4/58 [00:00<00:05,  9.08it/s, loss=5554.6943]
  Epoch  1/30:   7%|██▎                              | 4/58 [00:00<00:05,  9.08it/s, loss=4470.3594]
  Epoch  1/30:   7%|██▎                              | 4/58 [00:00<00:05,  9.08it/s, loss=3588.5842]
  Epoch  1/30:  12%|███▉                             | 7/58 [00:00<00:03, 13.86it/s, loss=3588.5842]
  Epoch  1/30:  12%|███▉                             | 7/58 [00:00<00:03, 13.86it/s, loss=3034.7488]
  Epoch  1/30:  12%|███▉                             | 7/58 [00:00<00:03, 13.86it/s, loss=2697.5100]
  Epoch  1/30:  12%|███▉                             | 7/58 [00:00<00:03, 13.86it/s, loss=2669.7485]
  Epoch  1/30:  17%|█████▌                          | 10/58 [00:00<00:02, 17.75it/s, loss=2669.7485]
  Epoch  1/30:  17%|█████▌                          | 10/58 [00:00<00:02, 17.75it/s, loss=2432.8728]
  Epoch  1/30:  17%|█████▌                          | 10/58 [00:00<00:02, 17.75it/s, loss=2711.0479]
  Epoch  1/30:  17%|█████▌                          | 10/58 [00:00<00:02, 17.75it/s, loss=2586.3638]
  Epoch  1/30:  22%|███████▏                        | 13/58 [00:00<00:02, 19.98it/s, loss=2586.3638]
  Epoch  1/30:  22%|███████▏                        | 13/58 [00:00<00:02, 19.98it/s, loss=2644.4702]
  Epoch  1/30:  22%|███████▏                        | 13/58 [00:00<00:02, 19.98it/s, loss=2762.8911]
  Epoch  1/30:  22%|███████▏                        | 13/58 [00:00<00:02, 19.98it/s, loss=3019.3342]
  Epoch  1/30:  28%|████████▊                       | 16/58 [00:00<00:01, 21.58it/s, loss=3019.3342]
  Epoch  1/30:  28%|████████▊                       | 16/58 [00:01<00:01, 21.58it/s, loss=2693.0649]
  Epoch  1/30:  28%|████████▊                       | 16/58 [00:01<00:01, 21.58it/s, loss=2751.6116]
  Epoch  1/30:  28%|████████▊                       | 16/58 [00:01<00:01, 21.58it/s, loss=2679.2046]
  Epoch  1/30:  33%|██████████▍                     | 19/58 [00:01<00:01, 21.69it/s, loss=2679.2046]
  Epoch  1/30:  33%|██████████▍                     | 19/58 [00:01<00:01, 21.69it/s, loss=2779.8049]
  Epoch  1/30:  33%|██████████▍                     | 19/58 [00:01<00:01, 21.69it/s, loss=3027.4866]
  Epoch  1/30:  33%|██████████▍                     | 19/58 [00:01<00:01, 21.69it/s, loss=2443.0242]
  Epoch  1/30:  38%|████████████▏                   | 22/58 [00:01<00:01, 22.22it/s, loss=2443.0242]
  Epoch  1/30:  38%|████████████▏                   | 22/58 [00:01<00:01, 22.22it/s, loss=2792.9387]
  Epoch  1/30:  38%|████████████▏                   | 22/58 [00:01<00:01, 22.22it/s, loss=2212.7366]
  Epoch  1/30:  38%|████████████▏                   | 22/58 [00:01<00:01, 22.22it/s, loss=2177.5034]
  Epoch  1/30:  43%|█████████████▊                  | 25/58 [00:01<00:01, 22.91it/s, loss=2177.5034]
  Epoch  1/30:  43%|█████████████▊                  | 25/58 [00:01<00:01, 22.91it/s, loss=2126.6221]
  Epoch  1/30:  43%|█████████████▊                  | 25/58 [00:01<00:01, 22.91it/s, loss=2166.1558]
  Epoch  1/30:  43%|█████████████▊                  | 25/58 [00:01<00:01, 22.91it/s, loss=1745.5868]
  Epoch  1/30:  48%|███████████████▍                | 28/58 [00:01<00:01, 22.00it/s, loss=1745.5868]
  Epoch  1/30:  48%|███████████████▍                | 28/58 [00:01<00:01, 22.00it/s, loss=2074.6853]
  Epoch  1/30:  48%|███████████████▍                | 28/58 [00:01<00:01, 22.00it/s, loss=1779.9941]
  Epoch  1/30:  48%|███████████████▍                | 28/58 [00:01<00:01, 22.00it/s, loss=1952.9182]
  Epoch  1/30:  53%|█████████████████               | 31/58 [00:01<00:01, 21.30it/s, loss=1952.9182]
  Epoch  1/30:  53%|█████████████████               | 31/58 [00:01<00:01, 21.30it/s, loss=1875.9384]
  Epoch  1/30:  53%|█████████████████               | 31/58 [00:01<00:01, 21.30it/s, loss=1914.5090]
  Epoch  1/30:  53%|█████████████████               | 31/58 [00:01<00:01, 21.30it/s, loss=1955.7369]
  Epoch  1/30:  59%|██████████████████▊             | 34/58 [00:01<00:01, 21.14it/s, loss=1955.7369]
  Epoch  1/30:  59%|██████████████████▊             | 34/58 [00:01<00:01, 21.14it/s, loss=1653.1918]
  Epoch  1/30:  59%|██████████████████▊             | 34/58 [00:01<00:01, 21.14it/s, loss=1738.8964]
  Epoch  1/30:  59%|██████████████████▊             | 34/58 [00:02<00:01, 21.14it/s, loss=1769.1055]
  Epoch  1/30:  64%|████████████████████▍           | 37/58 [00:02<00:01, 19.32it/s, loss=1769.1055]
  Epoch  1/30:  64%|████████████████████▍           | 37/58 [00:02<00:01, 19.32it/s, loss=1900.5801]
  Epoch  1/30:  64%|████████████████████▍           | 37/58 [00:02<00:01, 19.32it/s, loss=1591.8126]
  Epoch  1/30:  67%|█████████████████████▌          | 39/58 [00:02<00:01, 16.58it/s, loss=1591.8126]
  Epoch  1/30:  67%|█████████████████████▌          | 39/58 [00:02<00:01, 16.58it/s, loss=1741.4432]
  Epoch  1/30:  67%|█████████████████████▌          | 39/58 [00:02<00:01, 16.58it/s, loss=1945.7361]
  Epoch  1/30:  71%|██████████████████████▌         | 41/58 [00:02<00:00, 17.11it/s, loss=1945.7361]
  Epoch  1/30:  71%|██████████████████████▌         | 41/58 [00:02<00:00, 17.11it/s, loss=1691.4554]
  Epoch  1/30:  71%|██████████████████████▌         | 41/58 [00:02<00:00, 17.11it/s, loss=1594.8462]
  Epoch  1/30:  71%|██████████████████████▌         | 41/58 [00:02<00:00, 17.11it/s, loss=1669.9445]
  Epoch  1/30:  76%|████████████████████████▎       | 44/58 [00:02<00:00, 19.97it/s, loss=1669.9445]
  Epoch  1/30:  76%|████████████████████████▎       | 44/58 [00:02<00:00, 19.97it/s, loss=1475.6864]
  Epoch  1/30:  76%|████████████████████████▎       | 44/58 [00:02<00:00, 19.97it/s, loss=1409.4631]
  Epoch  1/30:  76%|████████████████████████▎       | 44/58 [00:02<00:00, 19.97it/s, loss=1415.2129]
  Epoch  1/30:  81%|█████████████████████████▉      | 47/58 [00:02<00:00, 20.26it/s, loss=1415.2129]
  Epoch  1/30:  81%|█████████████████████████▉      | 47/58 [00:02<00:00, 20.26it/s, loss=1475.1021]
  Epoch  1/30:  81%|█████████████████████████▉      | 47/58 [00:02<00:00, 20.26it/s, loss=1460.2406]
  Epoch  1/30:  81%|█████████████████████████▉      | 47/58 [00:02<00:00, 20.26it/s, loss=1452.0696]
  Epoch  1/30:  86%|███████████████████████████▌    | 50/58 [00:02<00:00, 22.28it/s, loss=1452.0696]
  Epoch  1/30:  86%|███████████████████████████▌    | 50/58 [00:02<00:00, 22.28it/s, loss=1596.7719]
  Epoch  1/30:  86%|███████████████████████████▌    | 50/58 [00:02<00:00, 22.28it/s, loss=1435.4139]
  Epoch  1/30:  86%|███████████████████████████▌    | 50/58 [00:02<00:00, 22.28it/s, loss=1306.5870]
  Epoch  1/30:  91%|█████████████████████████████▏  | 53/58 [00:02<00:00, 23.48it/s, loss=1306.5870]
  Epoch  1/30:  91%|█████████████████████████████▏  | 53/58 [00:02<00:00, 23.48it/s, loss=1518.5796]
  Epoch  1/30:  91%|█████████████████████████████▏  | 53/58 [00:02<00:00, 23.48it/s, loss=1506.1718]
  Epoch  1/30:  91%|█████████████████████████████▏  | 53/58 [00:02<00:00, 23.48it/s, loss=1310.8417]
  Epoch  1/30:  91%|█████████████████████████████▏  | 53/58 [00:02<00:00, 23.48it/s, loss=1285.1725]
  Epoch  1/30:  98%|███████████████████████████████▍| 57/58 [00:02<00:00, 27.63it/s, loss=1285.1725]
  Epoch  1/30:  98%|███████████████████████████████▍| 57/58 [00:02<00:00, 27.63it/s, loss=1467.7711]
                                                                                                    

  Epoch  2/30:   0%|                                                         | 0/58 [00:00<?, ?it/s]
  Epoch  2/30:   0%|                                         | 0/58 [00:00<?, ?it/s, loss=1488.3386]
  Epoch  2/30:   0%|                                         | 0/58 [00:00<?, ?it/s, loss=1508.7483]
  Epoch  2/30:   0%|                                         | 0/58 [00:00<?, ?it/s, loss=1547.2726]
  Epoch  2/30:   5%|█▋                               | 3/58 [00:00<00:02, 25.35it/s, loss=1547.2726]
  Epoch  2/30:   5%|█▋                               | 3/58 [00:00<00:02, 25.35it/s, loss=1468.7462]
  Epoch  2/30:   5%|█▋                               | 3/58 [00:00<00:02, 25.35it/s, loss=1490.2472]
  Epoch  2/30:   5%|█▋                               | 3/58 [00:00<00:02, 25.35it/s, loss=1486.3042]
  Epoch  2/30:  10%|███▍                             | 6/58 [00:00<00:02, 20.45it/s, loss=1486.3042]
  Epoch  2/30:  10%|███▍                             | 6/58 [00:00<00:02, 20.45it/s, loss=1252.3641]
  Epoch  2/30:  10%|███▍                             | 6/58 [00:00<00:02, 20.45it/s, loss=1263.0444]
  Epoch  2/30:  10%|███▍                             | 6/58 [00:00<00:02, 20.45it/s, loss=1214.8411]
  Epoch  2/30:  16%|█████                            | 9/58 [00:00<00:02, 19.92it/s, loss=1214.8411]
  Epoch  2/30:  16%|█████                            | 9/58 [00:00<00:02, 19.92it/s, loss=1228.9313]
  Epoch  2/30:  16%|█████                            | 9/58 [00:00<00:02, 19.92it/s, loss=1226.1707]
  Epoch  2/30:  16%|█████                            | 9/58 [00:00<00:02, 19.92it/s, loss=1186.5293]
  Epoch  2/30:  21%|██████▌                         | 12/58 [00:00<00:02, 19.63it/s, loss=1186.5293]
  Epoch  2/30:  21%|██████▌                         | 12/58 [00:00<00:02, 19.63it/s, loss=1089.9259]
  Epoch  2/30:  21%|██████▌                         | 12/58 [00:00<00:02, 19.63it/s, loss=1403.7245]
  Epoch  2/30:  24%|███████▋                        | 14/58 [00:00<00:02, 19.53it/s, loss=1403.7245]
  Epoch  2/30:  24%|███████▋                        | 14/58 [00:00<00:02, 19.53it/s, loss=1375.4045]
  Epoch  2/30:  24%|███████▋                        | 14/58 [00:00<00:02, 19.53it/s, loss=1150.3400]
  Epoch  2/30:  28%|████████▊                       | 16/58 [00:00<00:02, 19.34it/s, loss=1150.3400]
  Epoch  2/30:  28%|████████▊                       | 16/58 [00:00<00:02, 19.34it/s, loss=1259.7434]
  Epoch  2/30:  28%|████████▊                       | 16/58 [00:00<00:02, 19.34it/s, loss=1311.4722]
  Epoch  2/30:  31%|█████████▉                      | 18/58 [00:00<00:02, 19.17it/s, loss=1311.4722]
  Epoch  2/30:  31%|█████████▉                      | 18/58 [00:00<00:02, 19.17it/s, loss=1151.2534]
  Epoch  2/30:  31%|█████████▉                      | 18/58 [00:01<00:02, 19.17it/s, loss=1155.3645]
  Epoch  2/30:  31%|█████████▉                      | 18/58 [00:01<00:02, 19.17it/s, loss=1058.8038]
  Epoch  2/30:  36%|███████████▌                    | 21/58 [00:01<00:01, 19.98it/s, loss=1058.8038]
  Epoch  2/30:  36%|███████████▌                    | 21/58 [00:01<00:01, 19.98it/s, loss=1153.0118]
  Epoch  2/30:  36%|███████████▌                    | 21/58 [00:01<00:01, 19.98it/s, loss=1227.3950]
  Epoch  2/30:  40%|████████████▋                   | 23/58 [00:01<00:01, 19.43it/s, loss=1227.3950]
  Epoch  2/30:  40%|████████████▋                   | 23/58 [00:01<00:01, 19.43it/s, loss=1208.4559]
  Epoch  2/30:  40%|████████████▋                   | 23/58 [00:01<00:01, 19.43it/s, loss=1138.5104]
  Epoch  2/30:  43%|█████████████▊                  | 25/58 [00:01<00:02, 14.17it/s, loss=1138.5104]
  Epoch  2/30:  43%|█████████████▊                  | 25/58 [00:01<00:02, 14.17it/s, loss=1182.2933]
  Epoch  2/30:  43%|█████████████▊                  | 25/58 [00:01<00:02, 14.17it/s, loss=1207.3306]
  Epoch  2/30:  43%|█████████████▊                  | 25/58 [00:01<00:02, 14.17it/s, loss=1178.1532]
  Epoch  2/30:  48%|███████████████▍                | 28/58 [00:01<00:01, 16.30it/s, loss=1178.1532]
  Epoch  2/30:  48%|███████████████▍                | 28/58 [00:01<00:01, 16.30it/s, loss=1127.8750]
  Epoch  2/30:  48%|███████████████▍                | 28/58 [00:01<00:01, 16.30it/s, loss=1029.4756]
  Epoch  2/30:  52%|████████████████▌               | 30/58 [00:01<00:01, 16.76it/s, loss=1029.4756]
  Epoch  2/30:  52%|████████████████▌               | 30/58 [00:01<00:01, 16.76it/s, loss=1045.4568]
  Epoch  2/30:  52%|████████████████▌               | 30/58 [00:01<00:01, 16.76it/s, loss=1134.6646]
  Epoch  2/30:  55%|█████████████████▋              | 32/58 [00:01<00:01, 17.42it/s, loss=1134.6646]
  Epoch  2/30:  55%|█████████████████▋              | 32/58 [00:01<00:01, 17.42it/s, loss=1084.2271]
  Epoch  2/30:  55%|██████████████████▏              | 32/58 [00:01<00:01, 17.42it/s, loss=931.9294]
  Epoch  2/30:  55%|██████████████████▏              | 32/58 [00:01<00:01, 17.42it/s, loss=888.0626]
  Epoch  2/30:  60%|███████████████████▉             | 35/58 [00:01<00:01, 18.49it/s, loss=888.0626]
  Epoch  2/30:  60%|███████████████████▉             | 35/58 [00:01<00:01, 18.49it/s, loss=972.8981]
  Epoch  2/30:  60%|███████████████████▉             | 35/58 [00:01<00:01, 18.49it/s, loss=887.3864]
  Epoch  2/30:  60%|███████████████████▎            | 35/58 [00:02<00:01, 18.49it/s, loss=1055.4264]
  Epoch  2/30:  66%|████████████████████▉           | 38/58 [00:02<00:01, 18.87it/s, loss=1055.4264]
  Epoch  2/30:  66%|█████████████████████▌           | 38/58 [00:02<00:01, 18.87it/s, loss=996.7330]
  Epoch  2/30:  66%|█████████████████████▌           | 38/58 [00:02<00:01, 18.87it/s, loss=979.7917]
  Epoch  2/30:  69%|██████████████████████▊          | 40/58 [00:02<00:00, 18.38it/s, loss=979.7917]
  Epoch  2/30:  69%|██████████████████████          | 40/58 [00:02<00:00, 18.38it/s, loss=1018.8554]
  Epoch  2/30:  69%|██████████████████████▊          | 40/58 [00:02<00:00, 18.38it/s, loss=951.0103]
  Epoch  2/30:  72%|███████████████████████▉         | 42/58 [00:02<00:00, 18.30it/s, loss=951.0103]
  Epoch  2/30:  72%|███████████████████████▉         | 42/58 [00:02<00:00, 18.30it/s, loss=971.3004]
  Epoch  2/30:  72%|███████████████████████▉         | 42/58 [00:02<00:00, 18.30it/s, loss=999.0746]
  Epoch  2/30:  76%|█████████████████████████        | 44/58 [00:02<00:00, 18.31it/s, loss=999.0746]
  Epoch  2/30:  76%|████████████████████████▎       | 44/58 [00:02<00:00, 18.31it/s, loss=1009.6202]
  Epoch  2/30:  76%|█████████████████████████        | 44/58 [00:02<00:00, 18.31it/s, loss=951.4695]
  Epoch  2/30:  79%|██████████████████████████▏      | 46/58 [00:02<00:00, 18.52it/s, loss=951.4695]
  Epoch  2/30:  79%|██████████████████████████▏      | 46/58 [00:02<00:00, 18.52it/s, loss=876.9519]
  Epoch  2/30:  79%|██████████████████████████▏      | 46/58 [00:02<00:00, 18.52it/s, loss=938.5347]
  Epoch  2/30:  79%|██████████████████████████▏      | 46/58 [00:02<00:00, 18.52it/s, loss=974.7870]
  Epoch  2/30:  84%|███████████████████████████▉     | 49/58 [00:02<00:00, 19.69it/s, loss=974.7870]
  Epoch  2/30:  84%|███████████████████████████▉     | 49/58 [00:02<00:00, 19.69it/s, loss=888.8140]
  Epoch  2/30:  84%|███████████████████████████▉     | 49/58 [00:02<00:00, 19.69it/s, loss=812.0048]
  Epoch  2/30:  84%|███████████████████████████▉     | 49/58 [00:02<00:00, 19.69it/s, loss=785.8260]
  Epoch  2/30:  90%|█████████████████████████████▌   | 52/58 [00:02<00:00, 20.39it/s, loss=785.8260]
  Epoch  2/30:  90%|█████████████████████████████▌   | 52/58 [00:02<00:00, 20.39it/s, loss=775.9730]
  Epoch  2/30:  90%|█████████████████████████████▌   | 52/58 [00:02<00:00, 20.39it/s, loss=872.3113]
  Epoch  2/30:  90%|█████████████████████████████▌   | 52/58 [00:02<00:00, 20.39it/s, loss=797.2505]
  Epoch  2/30:  95%|███████████████████████████████▎ | 55/58 [00:02<00:00, 20.40it/s, loss=797.2505]
  Epoch  2/30:  95%|███████████████████████████████▎ | 55/58 [00:02<00:00, 20.40it/s, loss=910.1583]
  Epoch  2/30:  95%|███████████████████████████████▎ | 55/58 [00:03<00:00, 20.40it/s, loss=846.3540]
  Epoch  2/30:  95%|███████████████████████████████▎ | 55/58 [00:03<00:00, 20.40it/s, loss=967.5038]
  Epoch  2/30: 100%|█████████████████████████████████| 58/58 [00:03<00:00, 20.75it/s, loss=967.5038]
                                                                                                    

  Epoch  3/30:   0%|                                                         | 0/58 [00:00<?, ?it/s]
  Epoch  3/30:   0%|                                          | 0/58 [00:00<?, ?it/s, loss=810.0803]
  Epoch  3/30:   0%|                                          | 0/58 [00:00<?, ?it/s, loss=855.3057]
  Epoch  3/30:   3%|█▏                                | 2/58 [00:00<00:03, 16.10it/s, loss=855.3057]
  Epoch  3/30:   3%|█▏                                | 2/58 [00:00<00:03, 16.10it/s, loss=803.6207]
  Epoch  3/30:   3%|█▏                                | 2/58 [00:00<00:03, 16.10it/s, loss=745.2055]
  Epoch  3/30:   7%|██▎                               | 4/58 [00:00<00:03, 16.45it/s, loss=745.2055]
  Epoch  3/30:   7%|██▎                               | 4/58 [00:00<00:03, 16.45it/s, loss=833.8937]
  Epoch  3/30:   7%|██▎                               | 4/58 [00:00<00:03, 16.45it/s, loss=703.7319]
  Epoch  3/30:  10%|███▌                              | 6/58 [00:00<00:03, 16.36it/s, loss=703.7319]
  Epoch  3/30:  10%|███▌                              | 6/58 [00:00<00:03, 16.36it/s, loss=783.1918]
  Epoch  3/30:  10%|███▌                              | 6/58 [00:00<00:03, 16.36it/s, loss=727.7255]
  Epoch  3/30:  14%|████▋                             | 8/58 [00:00<00:02, 17.16it/s, loss=727.7255]
  Epoch  3/30:  14%|████▋                             | 8/58 [00:00<00:02, 17.16it/s, loss=775.7859]
  Epoch  3/30:  14%|████▋                             | 8/58 [00:00<00:02, 17.16it/s, loss=703.3735]
  Epoch  3/30:  14%|████▋                             | 8/58 [00:00<00:02, 17.16it/s, loss=736.2552]
  Epoch  3/30:  19%|██████▎                          | 11/58 [00:00<00:02, 18.85it/s, loss=736.2552]
  Epoch  3/30:  19%|██████▎                          | 11/58 [00:00<00:02, 18.85it/s, loss=768.2950]
  Epoch  3/30:  19%|██████▎                          | 11/58 [00:00<00:02, 18.85it/s, loss=768.8950]
  Epoch  3/30:  19%|██████▎                          | 11/58 [00:00<00:02, 18.85it/s, loss=808.5656]
  Epoch  3/30:  24%|███████▉                         | 14/58 [00:00<00:02, 19.47it/s, loss=808.5656]
  Epoch  3/30:  24%|███████▉                         | 14/58 [00:00<00:02, 19.47it/s, loss=751.9046]
  Epoch  3/30:  24%|███████▉                         | 14/58 [00:00<00:02, 19.47it/s, loss=662.4686]
  Epoch  3/30:  24%|███████▉                         | 14/58 [00:00<00:02, 19.47it/s, loss=674.6006]
  Epoch  3/30:  29%|█████████▋                       | 17/58 [00:00<00:02, 19.78it/s, loss=674.6006]
  Epoch  3/30:  29%|█████████▋                       | 17/58 [00:00<00:02, 19.78it/s, loss=813.9259]
  Epoch  3/30:  29%|█████████▋                       | 17/58 [00:01<00:02, 19.78it/s, loss=688.4069]
  Epoch  3/30:  33%|██████████▊                      | 19/58 [00:01<00:01, 19.62it/s, loss=688.4069]
  Epoch  3/30:  33%|██████████▊                      | 19/58 [00:01<00:01, 19.62it/s, loss=794.9505]
  Epoch  3/30:  33%|██████████▊                      | 19/58 [00:01<00:01, 19.62it/s, loss=637.3104]
  Epoch  3/30:  36%|███████████▉                     | 21/58 [00:01<00:01, 19.60it/s, loss=637.3104]
  Epoch  3/30:  36%|███████████▉                     | 21/58 [00:01<00:01, 19.60it/s, loss=620.0965]
  Epoch  3/30:  36%|███████████▉                     | 21/58 [00:01<00:01, 19.60it/s, loss=699.7605]
  Epoch  3/30:  40%|█████████████                    | 23/58 [00:01<00:01, 19.12it/s, loss=699.7605]
  Epoch  3/30:  40%|█████████████                    | 23/58 [00:01<00:01, 19.12it/s, loss=746.5344]
  Epoch  3/30:  40%|█████████████                    | 23/58 [00:01<00:01, 19.12it/s, loss=780.8127]
  Epoch  3/30:  43%|██████████████▏                  | 25/58 [00:01<00:01, 19.36it/s, loss=780.8127]
  Epoch  3/30:  43%|██████████████▏                  | 25/58 [00:01<00:01, 19.36it/s, loss=681.8610]
  Epoch  3/30:  43%|██████████████▏                  | 25/58 [00:01<00:01, 19.36it/s, loss=767.6090]
  Epoch  3/30:  47%|███████████████▎                 | 27/58 [00:01<00:01, 19.18it/s, loss=767.6090]
  Epoch  3/30:  47%|███████████████▎                 | 27/58 [00:01<00:01, 19.18it/s, loss=630.3005]
  Epoch  3/30:  47%|███████████████▎                 | 27/58 [00:01<00:01, 19.18it/s, loss=621.8564]
  Epoch  3/30:  47%|███████████████▎                 | 27/58 [00:01<00:01, 19.18it/s, loss=736.8620]
  Epoch  3/30:  52%|█████████████████                | 30/58 [00:01<00:01, 19.91it/s, loss=736.8620]
  Epoch  3/30:  52%|█████████████████                | 30/58 [00:01<00:01, 19.91it/s, loss=681.8305]
  Epoch  3/30:  52%|█████████████████                | 30/58 [00:01<00:01, 19.91it/s, loss=700.7975]
  Epoch  3/30:  55%|██████████████████▏              | 32/58 [00:01<00:01, 19.15it/s, loss=700.7975]
  Epoch  3/30:  55%|██████████████████▏              | 32/58 [00:01<00:01, 19.15it/s, loss=622.6669]
  Epoch  3/30:  55%|██████████████████▏              | 32/58 [00:01<00:01, 19.15it/s, loss=645.6598]
  Epoch  3/30:  59%|███████████████████▎             | 34/58 [00:01<00:01, 19.25it/s, loss=645.6598]
  Epoch  3/30:  59%|███████████████████▎             | 34/58 [00:01<00:01, 19.25it/s, loss=646.7645]
  Epoch  3/30:  59%|███████████████████▎             | 34/58 [00:01<00:01, 19.25it/s, loss=635.8773]
  Epoch  3/30:  62%|████████████████████▍            | 36/58 [00:01<00:01, 19.06it/s, loss=635.8773]
  Epoch  3/30:  62%|████████████████████▍            | 36/58 [00:01<00:01, 19.06it/s, loss=651.5476]
  Epoch  3/30:  62%|████████████████████▍            | 36/58 [00:01<00:01, 19.06it/s, loss=610.9962]
  Epoch  3/30:  62%|████████████████████▍            | 36/58 [00:02<00:01, 19.06it/s, loss=597.7645]
  Epoch  3/30:  67%|██████████████████████▏          | 39/58 [00:02<00:00, 19.46it/s, loss=597.7645]
  Epoch  3/30:  67%|██████████████████████▏          | 39/58 [00:02<00:00, 19.46it/s, loss=609.6398]
  Epoch  3/30:  67%|██████████████████████▏          | 39/58 [00:02<00:00, 19.46it/s, loss=558.6604]
  Epoch  3/30:  71%|███████████████████████▎         | 41/58 [00:02<00:00, 19.40it/s, loss=558.6604]
  Epoch  3/30:  71%|███████████████████████▎         | 41/58 [00:02<00:00, 19.40it/s, loss=593.9133]
  Epoch  3/30:  71%|███████████████████████▎         | 41/58 [00:02<00:00, 19.40it/s, loss=537.0321]
  Epoch  3/30:  74%|████████████████████████▍        | 43/58 [00:02<00:00, 19.23it/s, loss=537.0321]
  Epoch  3/30:  74%|████████████████████████▍        | 43/58 [00:02<00:00, 19.23it/s, loss=591.0247]
  Epoch  3/30:  74%|████████████████████████▍        | 43/58 [00:02<00:00, 19.23it/s, loss=494.3786]
  Epoch  3/30:  78%|█████████████████████████▌       | 45/58 [00:02<00:00, 19.22it/s, loss=494.3786]
  Epoch  3/30:  78%|█████████████████████████▌       | 45/58 [00:02<00:00, 19.22it/s, loss=533.6207]
  Epoch  3/30:  78%|█████████████████████████▌       | 45/58 [00:02<00:00, 19.22it/s, loss=561.6624]
  Epoch  3/30:  78%|█████████████████████████▌       | 45/58 [00:02<00:00, 19.22it/s, loss=529.7414]
  Epoch  3/30:  83%|███████████████████████████▎     | 48/58 [00:02<00:00, 19.57it/s, loss=529.7414]
  Epoch  3/30:  83%|███████████████████████████▎     | 48/58 [00:02<00:00, 19.57it/s, loss=566.8230]
  Epoch  3/30:  83%|███████████████████████████▎     | 48/58 [00:02<00:00, 19.57it/s, loss=584.3416]
  Epoch  3/30:  86%|████████████████████████████▍    | 50/58 [00:02<00:00, 19.39it/s, loss=584.3416]
  Epoch  3/30:  86%|████████████████████████████▍    | 50/58 [00:02<00:00, 19.39it/s, loss=617.2476]
  Epoch  3/30:  86%|████████████████████████████▍    | 50/58 [00:02<00:00, 19.39it/s, loss=518.3666]
  Epoch  3/30:  90%|█████████████████████████████▌   | 52/58 [00:02<00:00, 19.47it/s, loss=518.3666]
  Epoch  3/30:  90%|█████████████████████████████▌   | 52/58 [00:02<00:00, 19.47it/s, loss=560.2504]
  Epoch  3/30:  90%|█████████████████████████████▌   | 52/58 [00:02<00:00, 19.47it/s, loss=543.9290]
  Epoch  3/30:  90%|█████████████████████████████▌   | 52/58 [00:02<00:00, 19.47it/s, loss=529.1427]
  Epoch  3/30:  95%|███████████████████████████████▎ | 55/58 [00:02<00:00, 20.43it/s, loss=529.1427]
  Epoch  3/30:  95%|███████████████████████████████▎ | 55/58 [00:02<00:00, 20.43it/s, loss=522.6237]
  Epoch  3/30:  95%|███████████████████████████████▎ | 55/58 [00:02<00:00, 20.43it/s, loss=523.1288]
  Epoch  3/30:  95%|███████████████████████████████▎ | 55/58 [00:02<00:00, 20.43it/s, loss=195.8968]
  Epoch  3/30: 100%|█████████████████████████████████| 58/58 [00:02<00:00, 20.75it/s, loss=195.8968]
                                                                                                    

  Epoch  4/30:   0%|                                                         | 0/58 [00:00<?, ?it/s]
  Epoch  4/30:   0%|                                          | 0/58 [00:00<?, ?it/s, loss=559.5776]
  Epoch  4/30:   0%|                                          | 0/58 [00:00<?, ?it/s, loss=514.7257]
  Epoch  4/30:   3%|█▏                                | 2/58 [00:00<00:03, 18.12it/s, loss=514.7257]
  Epoch  4/30:   3%|█▏                                | 2/58 [00:00<00:03, 18.12it/s, loss=491.5404]
  Epoch  4/30:   3%|█▏                                | 2/58 [00:00<00:03, 18.12it/s, loss=471.6938]
  Epoch  4/30:   7%|██▎                               | 4/58 [00:00<00:03, 17.80it/s, loss=471.6938]
  Epoch  4/30:   7%|██▎                               | 4/58 [00:00<00:03, 17.80it/s, loss=506.3430]
  Epoch  4/30:   7%|██▎                               | 4/58 [00:00<00:03, 17.80it/s, loss=481.5580]
  Epoch  4/30:  10%|███▌                              | 6/58 [00:00<00:02, 18.72it/s, loss=481.5580]
  Epoch  4/30:  10%|███▌                              | 6/58 [00:00<00:02, 18.72it/s, loss=425.9617]
  Epoch  4/30:  10%|███▌                              | 6/58 [00:00<00:02, 18.72it/s, loss=424.3996]
  Epoch  4/30:  14%|████▋                             | 8/58 [00:00<00:02, 18.32it/s, loss=424.3996]
  Epoch  4/30:  14%|████▋                             | 8/58 [00:00<00:02, 18.32it/s, loss=477.1787]
  Epoch  4/30:  14%|████▋                             | 8/58 [00:00<00:02, 18.32it/s, loss=424.8067]
  Epoch  4/30:  17%|█████▋                           | 10/58 [00:00<00:02, 18.54it/s, loss=424.8067]
  Epoch  4/30:  17%|█████▋                           | 10/58 [00:00<00:02, 18.54it/s, loss=489.8864]
  Epoch  4/30:  17%|█████▋                           | 10/58 [00:00<00:02, 18.54it/s, loss=412.4395]
  Epoch  4/30:  21%|██████▊                          | 12/58 [00:00<00:02, 18.47it/s, loss=412.4395]
  Epoch  4/30:  21%|██████▊                          | 12/58 [00:00<00:02, 18.47it/s, loss=443.5452]
  Epoch  4/30:  21%|██████▊                          | 12/58 [00:00<00:02, 18.47it/s, loss=531.0306]
  Epoch  4/30:  24%|███████▉                         | 14/58 [00:00<00:02, 18.44it/s, loss=531.0306]
  Epoch  4/30:  24%|███████▉                         | 14/58 [00:00<00:02, 18.44it/s, loss=491.4081]
  Epoch  4/30:  24%|███████▉                         | 14/58 [00:00<00:02, 18.44it/s, loss=433.0092]
  Epoch  4/30:  28%|█████████                        | 16/58 [00:00<00:02, 18.35it/s, loss=433.0092]
  Epoch  4/30:  28%|█████████                        | 16/58 [00:00<00:02, 18.35it/s, loss=459.8602]
  Epoch  4/30:  28%|█████████                        | 16/58 [00:00<00:02, 18.35it/s, loss=462.2586]
  Epoch  4/30:  31%|██████████▏                      | 18/58 [00:00<00:02, 18.71it/s, loss=462.2586]
  Epoch  4/30:  31%|██████████▏                      | 18/58 [00:01<00:02, 18.71it/s, loss=455.6488]
  Epoch  4/30:  31%|██████████▏                      | 18/58 [00:01<00:02, 18.71it/s, loss=413.6930]
  Epoch  4/30:  34%|███████████▍                     | 20/58 [00:01<00:02, 18.84it/s, loss=413.6930]
  Epoch  4/30:  34%|███████████▍                     | 20/58 [00:01<00:02, 18.84it/s, loss=428.6880]
  Epoch  4/30:  34%|███████████▍                     | 20/58 [00:01<00:02, 18.84it/s, loss=419.5003]
  Epoch  4/30:  38%|████████████▌                    | 22/58 [00:01<00:01, 18.37it/s, loss=419.5003]
  Epoch  4/30:  38%|████████████▌                    | 22/58 [00:01<00:01, 18.37it/s, loss=442.3635]
  Epoch  4/30:  38%|████████████▌                    | 22/58 [00:01<00:01, 18.37it/s, loss=430.5586]
  Epoch  4/30:  41%|█████████████▋                   | 24/58 [00:01<00:01, 18.55it/s, loss=430.5586]
  Epoch  4/30:  41%|█████████████▋                   | 24/58 [00:01<00:01, 18.55it/s, loss=438.2504]
  Epoch  4/30:  41%|█████████████▋                   | 24/58 [00:01<00:01, 18.55it/s, loss=450.9700]
  Epoch  4/30:  45%|██████████████▊                  | 26/58 [00:01<00:01, 18.63it/s, loss=450.9700]
  Epoch  4/30:  45%|██████████████▊                  | 26/58 [00:01<00:01, 18.63it/s, loss=387.7595]
  Epoch  4/30:  45%|██████████████▊                  | 26/58 [00:01<00:01, 18.63it/s, loss=384.3631]
  Epoch  4/30:  48%|███████████████▉                 | 28/58 [00:01<00:01, 18.95it/s, loss=384.3631]
  Epoch  4/30:  48%|███████████████▉                 | 28/58 [00:01<00:01, 18.95it/s, loss=387.9260]
  Epoch  4/30:  48%|███████████████▉                 | 28/58 [00:01<00:01, 18.95it/s, loss=381.7263]
  Epoch  4/30:  52%|█████████████████                | 30/58 [00:01<00:01, 18.48it/s, loss=381.7263]
  Epoch  4/30:  52%|█████████████████                | 30/58 [00:01<00:01, 18.48it/s, loss=409.2285]
  Epoch  4/30:  52%|█████████████████                | 30/58 [00:01<00:01, 18.48it/s, loss=417.0638]
  Epoch  4/30:  55%|██████████████████▏              | 32/58 [00:01<00:01, 18.74it/s, loss=417.0638]
  Epoch  4/30:  55%|██████████████████▏              | 32/58 [00:01<00:01, 18.74it/s, loss=411.4360]
  Epoch  4/30:  55%|██████████████████▏              | 32/58 [00:01<00:01, 18.74it/s, loss=417.1521]
  Epoch  4/30:  59%|███████████████████▎             | 34/58 [00:01<00:01, 18.05it/s, loss=417.1521]
  Epoch  4/30:  59%|███████████████████▎             | 34/58 [00:01<00:01, 18.05it/s, loss=409.8409]
  Epoch  4/30:  59%|███████████████████▎             | 34/58 [00:01<00:01, 18.05it/s, loss=361.1631]
  Epoch  4/30:  62%|████████████████████▍            | 36/58 [00:01<00:01, 17.53it/s, loss=361.1631]
  Epoch  4/30:  62%|████████████████████▍            | 36/58 [00:02<00:01, 17.53it/s, loss=365.5417]
  Epoch  4/30:  62%|████████████████████▍            | 36/58 [00:02<00:01, 17.53it/s, loss=363.0415]
  Epoch  4/30:  66%|█████████████████████▌           | 38/58 [00:02<00:01, 17.58it/s, loss=363.0415]
  Epoch  4/30:  66%|█████████████████████▌           | 38/58 [00:02<00:01, 17.58it/s, loss=370.7600]
  Epoch  4/30:  66%|█████████████████████▌           | 38/58 [00:02<00:01, 17.58it/s, loss=333.4772]
  Epoch  4/30:  69%|██████████████████████▊          | 40/58 [00:02<00:01, 17.18it/s, loss=333.4772]
  Epoch  4/30:  69%|██████████████████████▊          | 40/58 [00:02<00:01, 17.18it/s, loss=376.8433]
  Epoch  4/30:  69%|██████████████████████▊          | 40/58 [00:02<00:01, 17.18it/s, loss=417.0127]
  Epoch  4/30:  72%|███████████████████████▉         | 42/58 [00:02<00:00, 16.91it/s, loss=417.0127]
  Epoch  4/30:  72%|███████████████████████▉         | 42/58 [00:02<00:00, 16.91it/s, loss=341.6700]
  Epoch  4/30:  72%|███████████████████████▉         | 42/58 [00:02<00:00, 16.91it/s, loss=371.9196]
  Epoch  4/30:  76%|█████████████████████████        | 44/58 [00:02<00:00, 16.76it/s, loss=371.9196]
  Epoch  4/30:  76%|█████████████████████████        | 44/58 [00:02<00:00, 16.76it/s, loss=388.7853]
  Epoch  4/30:  76%|█████████████████████████        | 44/58 [00:02<00:00, 16.76it/s, loss=349.3116]
  Epoch  4/30:  79%|██████████████████████████▏      | 46/58 [00:02<00:00, 17.37it/s, loss=349.3116]
  Epoch  4/30:  79%|██████████████████████████▏      | 46/58 [00:02<00:00, 17.37it/s, loss=332.6621]
  Epoch  4/30:  79%|██████████████████████████▏      | 46/58 [00:02<00:00, 17.37it/s, loss=344.8733]
  Epoch  4/30:  83%|███████████████████████████▎     | 48/58 [00:02<00:00, 17.06it/s, loss=344.8733]
  Epoch  4/30:  83%|███████████████████████████▎     | 48/58 [00:02<00:00, 17.06it/s, loss=333.7446]
  Epoch  4/30:  83%|███████████████████████████▎     | 48/58 [00:02<00:00, 17.06it/s, loss=337.0768]
  Epoch  4/30:  86%|████████████████████████████▍    | 50/58 [00:02<00:00, 17.20it/s, loss=337.0768]
  Epoch  4/30:  86%|████████████████████████████▍    | 50/58 [00:02<00:00, 17.20it/s, loss=315.3965]
  Epoch  4/30:  86%|████████████████████████████▍    | 50/58 [00:02<00:00, 17.20it/s, loss=338.5209]
  Epoch  4/30:  90%|█████████████████████████████▌   | 52/58 [00:02<00:00, 16.78it/s, loss=338.5209]
  Epoch  4/30:  90%|█████████████████████████████▌   | 52/58 [00:02<00:00, 16.78it/s, loss=345.0005]
  Epoch  4/30:  90%|█████████████████████████████▌   | 52/58 [00:03<00:00, 16.78it/s, loss=340.1176]
  Epoch  4/30:  93%|██████████████████████████████▋  | 54/58 [00:03<00:00, 17.16it/s, loss=340.1176]
  Epoch  4/30:  93%|██████████████████████████████▋  | 54/58 [00:03<00:00, 17.16it/s, loss=290.5443]
  Epoch  4/30:  93%|██████████████████████████████▋  | 54/58 [00:03<00:00, 17.16it/s, loss=375.8237]
  Epoch  4/30:  97%|███████████████████████████████▊ | 56/58 [00:03<00:00, 16.54it/s, loss=375.8237]
  Epoch  4/30:  97%|███████████████████████████████▊ | 56/58 [00:03<00:00, 16.54it/s, loss=334.0111]
  Epoch  4/30:  97%|████████████████████████████████▊ | 56/58 [00:03<00:00, 16.54it/s, loss=98.5937]
                                                                                                    

  Epoch  5/30:   0%|                                                         | 0/58 [00:00<?, ?it/s]
  Epoch  5/30:   0%|                                          | 0/58 [00:00<?, ?it/s, loss=277.0004]
  Epoch  5/30:   0%|                                          | 0/58 [00:00<?, ?it/s, loss=341.6504]
  Epoch  5/30:   3%|█▏                                | 2/58 [00:00<00:03, 15.71it/s, loss=341.6504]
  Epoch  5/30:   3%|█▏                                | 2/58 [00:00<00:03, 15.71it/s, loss=300.2985]
  Epoch  5/30:   3%|█▏                                | 2/58 [00:00<00:03, 15.71it/s, loss=316.6313]
  Epoch  5/30:   7%|██▎                               | 4/58 [00:00<00:03, 16.06it/s, loss=316.6313]
  Epoch  5/30:   7%|██▎                               | 4/58 [00:00<00:03, 16.06it/s, loss=357.7061]
  Epoch  5/30:   7%|██▎                               | 4/58 [00:00<00:03, 16.06it/s, loss=272.6635]
  Epoch  5/30:  10%|███▌                              | 6/58 [00:00<00:03, 16.53it/s, loss=272.6635]
  Epoch  5/30:  10%|███▌                              | 6/58 [00:00<00:03, 16.53it/s, loss=284.3916]
  Epoch  5/30:  10%|███▌                              | 6/58 [00:00<00:03, 16.53it/s, loss=299.5859]
  Epoch  5/30:  14%|████▋                             | 8/58 [00:00<00:03, 16.59it/s, loss=299.5859]
  Epoch  5/30:  14%|████▋                             | 8/58 [00:00<00:03, 16.59it/s, loss=264.9787]
  Epoch  5/30:  14%|████▋                             | 8/58 [00:00<00:03, 16.59it/s, loss=275.7419]
  Epoch  5/30:  17%|█████▋                           | 10/58 [00:00<00:02, 16.37it/s, loss=275.7419]
  Epoch  5/30:  17%|█████▋                           | 10/58 [00:00<00:02, 16.37it/s, loss=302.5523]
  Epoch  5/30:  17%|█████▋                           | 10/58 [00:00<00:02, 16.37it/s, loss=267.4133]
  Epoch  5/30:  21%|██████▊                          | 12/58 [00:00<00:02, 16.32it/s, loss=267.4133]
  Epoch  5/30:  21%|██████▊                          | 12/58 [00:00<00:02, 16.32it/s, loss=277.0757]
  Epoch  5/30:  21%|██████▊                          | 12/58 [00:00<00:02, 16.32it/s, loss=289.2959]
  Epoch  5/30:  24%|███████▉                         | 14/58 [00:00<00:02, 16.52it/s, loss=289.2959]
  Epoch  5/30:  24%|███████▉                         | 14/58 [00:00<00:02, 16.52it/s, loss=287.5256]
  Epoch  5/30:  24%|███████▉                         | 14/58 [00:00<00:02, 16.52it/s, loss=230.5816]
  Epoch  5/30:  28%|█████████                        | 16/58 [00:00<00:02, 16.58it/s, loss=230.5816]
  Epoch  5/30:  28%|█████████                        | 16/58 [00:01<00:02, 16.58it/s, loss=282.6618]
  Epoch  5/30:  28%|█████████                        | 16/58 [00:01<00:02, 16.58it/s, loss=276.8698]
  Epoch  5/30:  31%|██████████▏                      | 18/58 [00:01<00:02, 16.93it/s, loss=276.8698]
  Epoch  5/30:  31%|██████████▏                      | 18/58 [00:01<00:02, 16.93it/s, loss=265.6523]
  Epoch  5/30:  31%|██████████▏                      | 18/58 [00:01<00:02, 16.93it/s, loss=266.6560]
  Epoch  5/30:  34%|███████████▍                     | 20/58 [00:01<00:02, 16.86it/s, loss=266.6560]
  Epoch  5/30:  34%|███████████▍                     | 20/58 [00:01<00:02, 16.86it/s, loss=257.5379]
  Epoch  5/30:  34%|███████████▍                     | 20/58 [00:01<00:02, 16.86it/s, loss=279.0989]
  Epoch  5/30:  38%|████████████▌                    | 22/58 [00:01<00:02, 17.27it/s, loss=279.0989]
  Epoch  5/30:  38%|████████████▌                    | 22/58 [00:01<00:02, 17.27it/s, loss=324.3454]
  Epoch  5/30:  38%|████████████▌                    | 22/58 [00:01<00:02, 17.27it/s, loss=265.3796]
  Epoch  5/30:  41%|█████████████▋                   | 24/58 [00:01<00:01, 17.35it/s, loss=265.3796]
  Epoch  5/30:  41%|█████████████▋                   | 24/58 [00:01<00:01, 17.35it/s, loss=264.9897]
  Epoch  5/30:  41%|█████████████▋                   | 24/58 [00:01<00:01, 17.35it/s, loss=291.5128]
  Epoch  5/30:  45%|██████████████▊                  | 26/58 [00:01<00:01, 17.40it/s, loss=291.5128]
  Epoch  5/30:  45%|██████████████▊                  | 26/58 [00:01<00:01, 17.40it/s, loss=293.4906]
  Epoch  5/30:  45%|██████████████▊                  | 26/58 [00:01<00:01, 17.40it/s, loss=262.9609]
  Epoch  5/30:  48%|███████████████▉                 | 28/58 [00:01<00:01, 17.92it/s, loss=262.9609]
  Epoch  5/30:  48%|███████████████▉                 | 28/58 [00:01<00:01, 17.92it/s, loss=262.2216]
  Epoch  5/30:  48%|███████████████▉                 | 28/58 [00:01<00:01, 17.92it/s, loss=261.0598]
  Epoch  5/30:  52%|█████████████████                | 30/58 [00:01<00:01, 17.74it/s, loss=261.0598]
  Epoch  5/30:  52%|█████████████████                | 30/58 [00:01<00:01, 17.74it/s, loss=242.6378]
  Epoch  5/30:  52%|█████████████████                | 30/58 [00:01<00:01, 17.74it/s, loss=262.5600]
  Epoch  5/30:  55%|██████████████████▏              | 32/58 [00:01<00:01, 17.85it/s, loss=262.5600]
  Epoch  5/30:  55%|██████████████████▏              | 32/58 [00:01<00:01, 17.85it/s, loss=263.8096]
  Epoch  5/30:  55%|██████████████████▏              | 32/58 [00:01<00:01, 17.85it/s, loss=229.2872]
  Epoch  5/30:  59%|███████████████████▎             | 34/58 [00:01<00:01, 17.21it/s, loss=229.2872]
  Epoch  5/30:  59%|███████████████████▎             | 34/58 [00:02<00:01, 17.21it/s, loss=260.4473]
  Epoch  5/30:  59%|███████████████████▎             | 34/58 [00:02<00:01, 17.21it/s, loss=240.8046]
  Epoch  5/30:  62%|████████████████████▍            | 36/58 [00:02<00:01, 16.85it/s, loss=240.8046]
  Epoch  5/30:  62%|████████████████████▍            | 36/58 [00:02<00:01, 16.85it/s, loss=266.6692]
  Epoch  5/30:  62%|████████████████████▍            | 36/58 [00:02<00:01, 16.85it/s, loss=267.9136]
  Epoch  5/30:  66%|█████████████████████▌           | 38/58 [00:02<00:01, 16.78it/s, loss=267.9136]
  Epoch  5/30:  66%|█████████████████████▌           | 38/58 [00:02<00:01, 16.78it/s, loss=224.5687]
  Epoch  5/30:  66%|█████████████████████▌           | 38/58 [00:02<00:01, 16.78it/s, loss=233.2920]
  Epoch  5/30:  69%|██████████████████████▊          | 40/58 [00:02<00:01, 16.88it/s, loss=233.2920]
  Epoch  5/30:  69%|██████████████████████▊          | 40/58 [00:02<00:01, 16.88it/s, loss=217.6601]
  Epoch  5/30:  69%|██████████████████████▊          | 40/58 [00:02<00:01, 16.88it/s, loss=243.3425]
  Epoch  5/30:  72%|███████████████████████▉         | 42/58 [00:02<00:00, 16.85it/s, loss=243.3425]
  Epoch  5/30:  72%|███████████████████████▉         | 42/58 [00:02<00:00, 16.85it/s, loss=226.2105]
  Epoch  5/30:  72%|███████████████████████▉         | 42/58 [00:02<00:00, 16.85it/s, loss=224.9352]
  Epoch  5/30:  76%|█████████████████████████        | 44/58 [00:02<00:00, 16.76it/s, loss=224.9352]
  Epoch  5/30:  76%|█████████████████████████        | 44/58 [00:02<00:00, 16.76it/s, loss=256.6493]
  Epoch  5/30:  76%|█████████████████████████        | 44/58 [00:02<00:00, 16.76it/s, loss=226.5058]
  Epoch  5/30:  79%|██████████████████████████▏      | 46/58 [00:02<00:00, 16.59it/s, loss=226.5058]
  Epoch  5/30:  79%|██████████████████████████▏      | 46/58 [00:02<00:00, 16.59it/s, loss=229.0907]
  Epoch  5/30:  79%|██████████████████████████▏      | 46/58 [00:02<00:00, 16.59it/s, loss=216.6826]
  Epoch  5/30:  83%|███████████████████████████▎     | 48/58 [00:02<00:00, 16.36it/s, loss=216.6826]
  Epoch  5/30:  83%|███████████████████████████▎     | 48/58 [00:02<00:00, 16.36it/s, loss=243.0672]
  Epoch  5/30:  83%|███████████████████████████▎     | 48/58 [00:02<00:00, 16.36it/s, loss=252.8399]
  Epoch  5/30:  86%|████████████████████████████▍    | 50/58 [00:02<00:00, 16.16it/s, loss=252.8399]
  Epoch  5/30:  86%|████████████████████████████▍    | 50/58 [00:03<00:00, 16.16it/s, loss=206.6874]
  Epoch  5/30:  86%|████████████████████████████▍    | 50/58 [00:03<00:00, 16.16it/s, loss=244.1554]
  Epoch  5/30:  90%|█████████████████████████████▌   | 52/58 [00:03<00:00, 16.15it/s, loss=244.1554]
  Epoch  5/30:  90%|█████████████████████████████▌   | 52/58 [00:03<00:00, 16.15it/s, loss=208.4138]
  Epoch  5/30:  90%|█████████████████████████████▌   | 52/58 [00:03<00:00, 16.15it/s, loss=223.9077]
  Epoch  5/30:  93%|██████████████████████████████▋  | 54/58 [00:03<00:00, 16.39it/s, loss=223.9077]
  Epoch  5/30:  93%|██████████████████████████████▋  | 54/58 [00:03<00:00, 16.39it/s, loss=200.0994]
  Epoch  5/30:  93%|██████████████████████████████▋  | 54/58 [00:03<00:00, 16.39it/s, loss=222.5206]
  Epoch  5/30:  97%|███████████████████████████████▊ | 56/58 [00:03<00:00, 16.51it/s, loss=222.5206]
  Epoch  5/30:  97%|███████████████████████████████▊ | 56/58 [00:03<00:00, 16.51it/s, loss=178.8888]
  Epoch  5/30:  97%|███████████████████████████████▊ | 56/58 [00:03<00:00, 16.51it/s, loss=243.2240]
                                                                                                    
  Epoch  5/30 │ Loss: 259.5931 │ T+1: -239005.5312 │ T+2: -5173.3042 │ T+3: -181739.1719 ★ NEW BEST

  Epoch  6/30:   0%|                                                         | 0/58 [00:00<?, ?it/s]
  Epoch  6/30:   0%|                                          | 0/58 [00:00<?, ?it/s, loss=221.5649]
  Epoch  6/30:   0%|                                          | 0/58 [00:00<?, ?it/s, loss=203.2229]
  Epoch  6/30:   3%|█▏                                | 2/58 [00:00<00:03, 16.86it/s, loss=203.2229]
  Epoch  6/30:   3%|█▏                                | 2/58 [00:00<00:03, 16.86it/s, loss=225.6040]
  Epoch  6/30:   3%|█▏                                | 2/58 [00:00<00:03, 16.86it/s, loss=218.4356]
  Epoch  6/30:   7%|██▎                               | 4/58 [00:00<00:03, 16.98it/s, loss=218.4356]
  Epoch  6/30:   7%|██▎                               | 4/58 [00:00<00:03, 16.98it/s, loss=213.0876]
  Epoch  6/30:   7%|██▎                               | 4/58 [00:00<00:03, 16.98it/s, loss=170.7133]
  Epoch  6/30:  10%|███▌                              | 6/58 [00:00<00:03, 17.29it/s, loss=170.7133]
  Epoch  6/30:  10%|███▌                              | 6/58 [00:00<00:03, 17.29it/s, loss=211.4866]
  Epoch  6/30:  10%|███▌                              | 6/58 [00:00<00:03, 17.29it/s, loss=225.9085]
  Epoch  6/30:  14%|████▋                             | 8/58 [00:00<00:02, 17.43it/s, loss=225.9085]
  Epoch  6/30:  14%|████▋                             | 8/58 [00:00<00:02, 17.43it/s, loss=206.2650]
  Epoch  6/30:  14%|████▋                             | 8/58 [00:00<00:02, 17.43it/s, loss=200.0417]
  Epoch  6/30:  17%|█████▋                           | 10/58 [00:00<00:02, 16.97it/s, loss=200.0417]
  Epoch  6/30:  17%|█████▋                           | 10/58 [00:00<00:02, 16.97it/s, loss=193.6213]
  Epoch  6/30:  17%|█████▋                           | 10/58 [00:00<00:02, 16.97it/s, loss=234.7146]
  Epoch  6/30:  21%|██████▊                          | 12/58 [00:00<00:02, 16.62it/s, loss=234.7146]
  Epoch  6/30:  21%|██████▊                          | 12/58 [00:00<00:02, 16.62it/s, loss=179.6920]
  Epoch  6/30:  21%|██████▊                          | 12/58 [00:00<00:02, 16.62it/s, loss=176.0803]
  Epoch  6/30:  24%|███████▉                         | 14/58 [00:00<00:02, 16.98it/s, loss=176.0803]
  Epoch  6/30:  24%|███████▉                         | 14/58 [00:00<00:02, 16.98it/s, loss=184.6955]
  Epoch  6/30:  24%|███████▉                         | 14/58 [00:00<00:02, 16.98it/s, loss=172.0914]
  Epoch  6/30:  28%|█████████                        | 16/58 [00:00<00:02, 17.47it/s, loss=172.0914]
  Epoch  6/30:  28%|█████████                        | 16/58 [00:00<00:02, 17.47it/s, loss=169.7432]
  Epoch  6/30:  28%|█████████                        | 16/58 [00:01<00:02, 17.47it/s, loss=183.9547]
  Epoch  6/30:  31%|██████████▏                      | 18/58 [00:01<00:02, 16.76it/s, loss=183.9547]
  Epoch  6/30:  31%|██████████▏                      | 18/58 [00:01<00:02, 16.76it/s, loss=187.3329]
  Epoch  6/30:  31%|██████████▏                      | 18/58 [00:01<00:02, 16.76it/s, loss=172.9642]
  Epoch  6/30:  34%|███████████▍                     | 20/58 [00:01<00:02, 16.52it/s, loss=172.9642]
  Epoch  6/30:  34%|███████████▍                     | 20/58 [00:01<00:02, 16.52it/s, loss=169.1676]
  Epoch  6/30:  34%|███████████▍                     | 20/58 [00:01<00:02, 16.52it/s, loss=162.4339]
  Epoch  6/30:  38%|████████████▌                    | 22/58 [00:01<00:02, 16.11it/s, loss=162.4339]
  Epoch  6/30:  38%|████████████▌                    | 22/58 [00:01<00:02, 16.11it/s, loss=190.9948]
  Epoch  6/30:  38%|████████████▌                    | 22/58 [00:01<00:02, 16.11it/s, loss=191.3085]
  Epoch  6/30:  41%|█████████████▋                   | 24/58 [00:01<00:02, 15.69it/s, loss=191.3085]
  Epoch  6/30:  41%|█████████████▋                   | 24/58 [00:01<00:02, 15.69it/s, loss=161.6404]
  Epoch  6/30:  41%|█████████████▋                   | 24/58 [00:01<00:02, 15.69it/s, loss=168.5044]
  Epoch  6/30:  45%|██████████████▊                  | 26/58 [00:01<00:02, 15.95it/s, loss=168.5044]
  Epoch  6/30:  45%|██████████████▊                  | 26/58 [00:01<00:02, 15.95it/s, loss=186.7360]
  Epoch  6/30:  45%|██████████████▊                  | 26/58 [00:01<00:02, 15.95it/s, loss=168.4776]
  Epoch  6/30:  48%|███████████████▉                 | 28/58 [00:01<00:01, 16.06it/s, loss=168.4776]
  Epoch  6/30:  48%|███████████████▉                 | 28/58 [00:01<00:01, 16.06it/s, loss=185.2161]
  Epoch  6/30:  48%|███████████████▉                 | 28/58 [00:01<00:01, 16.06it/s, loss=134.0134]
  Epoch  6/30:  52%|█████████████████                | 30/58 [00:01<00:01, 16.26it/s, loss=134.0134]
  Epoch  6/30:  52%|█████████████████                | 30/58 [00:01<00:01, 16.26it/s, loss=173.6959]
  Epoch  6/30:  52%|█████████████████                | 30/58 [00:01<00:01, 16.26it/s, loss=156.9158]
  Epoch  6/30:  55%|██████████████████▏              | 32/58 [00:01<00:01, 16.69it/s, loss=156.9158]
  Epoch  6/30:  55%|██████████████████▏              | 32/58 [00:01<00:01, 16.69it/s, loss=151.6894]
  Epoch  6/30:  55%|██████████████████▏              | 32/58 [00:02<00:01, 16.69it/s, loss=164.4567]
  Epoch  6/30:  59%|███████████████████▎             | 34/58 [00:02<00:01, 16.89it/s, loss=164.4567]
  Epoch  6/30:  59%|███████████████████▎             | 34/58 [00:02<00:01, 16.89it/s, loss=168.9578]
  Epoch  6/30:  59%|███████████████████▎             | 34/58 [00:02<00:01, 16.89it/s, loss=138.3921]
  Epoch  6/30:  62%|████████████████████▍            | 36/58 [00:02<00:01, 17.49it/s, loss=138.3921]
  Epoch  6/30:  62%|████████████████████▍            | 36/58 [00:02<00:01, 17.49it/s, loss=161.2241]
  Epoch  6/30:  62%|████████████████████▍            | 36/58 [00:02<00:01, 17.49it/s, loss=139.4311]
  Epoch  6/30:  62%|████████████████████▍            | 36/58 [00:02<00:01, 17.49it/s, loss=160.0407]
  Epoch  6/30:  67%|██████████████████████▏          | 39/58 [00:02<00:01, 18.81it/s, loss=160.0407]
  Epoch  6/30:  67%|██████████████████████▏          | 39/58 [00:02<00:01, 18.81it/s, loss=168.4695]
  Epoch  6/30:  67%|██████████████████████▏          | 39/58 [00:02<00:01, 18.81it/s, loss=142.1209]
  Epoch  6/30:  71%|███████████████████████▎         | 41/58 [00:02<00:00, 19.02it/s, loss=142.1209]
  Epoch  6/30:  71%|███████████████████████▎         | 41/58 [00:02<00:00, 19.02it/s, loss=159.4656]
  Epoch  6/30:  71%|███████████████████████▎         | 41/58 [00:02<00:00, 19.02it/s, loss=141.3990]
  Epoch  6/30:  71%|███████████████████████▎         | 41/58 [00:02<00:00, 19.02it/s, loss=157.8002]
  Epoch  6/30:  76%|█████████████████████████        | 44/58 [00:02<00:00, 19.19it/s, loss=157.8002]
  Epoch  6/30:  76%|█████████████████████████        | 44/58 [00:02<00:00, 19.19it/s, loss=158.0540]
  Epoch  6/30:  76%|█████████████████████████        | 44/58 [00:02<00:00, 19.19it/s, loss=154.4370]
  Epoch  6/30:  76%|█████████████████████████        | 44/58 [00:02<00:00, 19.19it/s, loss=140.3895]
  Epoch  6/30:  81%|██████████████████████████▋      | 47/58 [00:02<00:00, 20.48it/s, loss=140.3895]
  Epoch  6/30:  81%|██████████████████████████▋      | 47/58 [00:02<00:00, 20.48it/s, loss=161.3900]
  Epoch  6/30:  81%|██████████████████████████▋      | 47/58 [00:02<00:00, 20.48it/s, loss=133.9612]
  Epoch  6/30:  81%|██████████████████████████▋      | 47/58 [00:02<00:00, 20.48it/s, loss=145.8035]
  Epoch  6/30:  86%|████████████████████████████▍    | 50/58 [00:02<00:00, 22.18it/s, loss=145.8035]
  Epoch  6/30:  86%|████████████████████████████▍    | 50/58 [00:02<00:00, 22.18it/s, loss=155.4039]
  Epoch  6/30:  86%|████████████████████████████▍    | 50/58 [00:02<00:00, 22.18it/s, loss=154.4049]
  Epoch  6/30:  86%|████████████████████████████▍    | 50/58 [00:02<00:00, 22.18it/s, loss=135.3273]
  Epoch  6/30:  86%|████████████████████████████▍    | 50/58 [00:02<00:00, 22.18it/s, loss=132.7219]
  Epoch  6/30:  93%|██████████████████████████████▋  | 54/58 [00:02<00:00, 25.32it/s, loss=132.7219]
  Epoch  6/30:  93%|██████████████████████████████▋  | 54/58 [00:02<00:00, 25.32it/s, loss=126.5768]
  Epoch  6/30:  93%|██████████████████████████████▋  | 54/58 [00:03<00:00, 25.32it/s, loss=134.7742]
  Epoch  6/30:  93%|██████████████████████████████▋  | 54/58 [00:03<00:00, 25.32it/s, loss=136.7518]
  Epoch  6/30:  98%|████████████████████████████████▍| 57/58 [00:03<00:00, 23.12it/s, loss=136.7518]
  Epoch  6/30:  98%|████████████████████████████████▍| 57/58 [00:03<00:00, 23.12it/s, loss=150.7483]
                                                                                                    

  Epoch  7/30:   0%|                                                         | 0/58 [00:00<?, ?it/s]
  Epoch  7/30:   0%|                                          | 0/58 [00:00<?, ?it/s, loss=128.5822]
  Epoch  7/30:   0%|                                          | 0/58 [00:00<?, ?it/s, loss=150.1385]
  Epoch  7/30:   0%|                                          | 0/58 [00:00<?, ?it/s, loss=129.2271]
  Epoch  7/30:   5%|█▊                                | 3/58 [00:00<00:02, 25.77it/s, loss=129.2271]
  Epoch  7/30:   5%|█▊                                | 3/58 [00:00<00:02, 25.77it/s, loss=146.7922]
  Epoch  7/30:   5%|█▊                                | 3/58 [00:00<00:02, 25.77it/s, loss=126.2722]
  Epoch  7/30:   5%|█▊                                | 3/58 [00:00<00:02, 25.77it/s, loss=129.3048]
  Epoch  7/30:  10%|███▌                              | 6/58 [00:00<00:02, 25.87it/s, loss=129.3048]
  Epoch  7/30:  10%|███▌                              | 6/58 [00:00<00:02, 25.87it/s, loss=131.9595]
  Epoch  7/30:  10%|███▌                              | 6/58 [00:00<00:02, 25.87it/s, loss=139.3353]
  Epoch  7/30:  10%|███▌                              | 6/58 [00:00<00:02, 25.87it/s, loss=119.7247]
  Epoch  7/30:  16%|█████▎                            | 9/58 [00:00<00:01, 26.58it/s, loss=119.7247]
  Epoch  7/30:  16%|█████▎                            | 9/58 [00:00<00:01, 26.58it/s, loss=120.6189]
  Epoch  7/30:  16%|█████▎                            | 9/58 [00:00<00:01, 26.58it/s, loss=126.3036]
  Epoch  7/30:  16%|█████▎                            | 9/58 [00:00<00:01, 26.58it/s, loss=135.1568]
  Epoch  7/30:  21%|██████▊                          | 12/58 [00:00<00:01, 25.62it/s, loss=135.1568]
  Epoch  7/30:  21%|██████▊                          | 12/58 [00:00<00:01, 25.62it/s, loss=113.9261]
  Epoch  7/30:  21%|██████▊                          | 12/58 [00:00<00:01, 25.62it/s, loss=142.7380]
  Epoch  7/30:  21%|██████▊                          | 12/58 [00:00<00:01, 25.62it/s, loss=127.4113]
  Epoch  7/30:  26%|████████▌                        | 15/58 [00:00<00:01, 26.70it/s, loss=127.4113]
  Epoch  7/30:  26%|████████▌                        | 15/58 [00:00<00:01, 26.70it/s, loss=121.1067]
  Epoch  7/30:  26%|████████▌                        | 15/58 [00:00<00:01, 26.70it/s, loss=127.8744]
  Epoch  7/30:  26%|████████▌                        | 15/58 [00:00<00:01, 26.70it/s, loss=110.1823]
  Epoch  7/30:  31%|██████████▏                      | 18/58 [00:00<00:01, 25.78it/s, loss=110.1823]
  Epoch  7/30:  31%|██████████▏                      | 18/58 [00:00<00:01, 25.78it/s, loss=120.2888]
  Epoch  7/30:  31%|██████████▏                      | 18/58 [00:00<00:01, 25.78it/s, loss=117.9418]
  Epoch  7/30:  31%|██████████▏                      | 18/58 [00:00<00:01, 25.78it/s, loss=125.3251]
  Epoch  7/30:  36%|███████████▉                     | 21/58 [00:00<00:01, 26.51it/s, loss=125.3251]
  Epoch  7/30:  36%|███████████▉                     | 21/58 [00:00<00:01, 26.51it/s, loss=135.3655]
  Epoch  7/30:  36%|███████████▉                     | 21/58 [00:00<00:01, 26.51it/s, loss=104.4356]
  Epoch  7/30:  36%|███████████▉                     | 21/58 [00:00<00:01, 26.51it/s, loss=124.2849]
  Epoch  7/30:  41%|█████████████▋                   | 24/58 [00:00<00:01, 26.77it/s, loss=124.2849]
  Epoch  7/30:  41%|█████████████▋                   | 24/58 [00:00<00:01, 26.77it/s, loss=100.1368]
  Epoch  7/30:  41%|█████████████▋                   | 24/58 [00:00<00:01, 26.77it/s, loss=116.2807]
  Epoch  7/30:  41%|█████████████▋                   | 24/58 [00:01<00:01, 26.77it/s, loss=119.1504]
  Epoch  7/30:  47%|███████████████▎                 | 27/58 [00:01<00:01, 25.39it/s, loss=119.1504]
  Epoch  7/30:  47%|███████████████▎                 | 27/58 [00:01<00:01, 25.39it/s, loss=116.3434]
  Epoch  7/30:  47%|███████████████▎                 | 27/58 [00:01<00:01, 25.39it/s, loss=106.9530]
  Epoch  7/30:  47%|███████████████▎                 | 27/58 [00:01<00:01, 25.39it/s, loss=115.5147]
  Epoch  7/30:  52%|█████████████████                | 30/58 [00:01<00:01, 25.40it/s, loss=115.5147]
  Epoch  7/30:  52%|█████████████████                | 30/58 [00:01<00:01, 25.40it/s, loss=111.0838]
  Epoch  7/30:  52%|█████████████████                | 30/58 [00:01<00:01, 25.40it/s, loss=104.8627]
  Epoch  7/30:  52%|█████████████████                | 30/58 [00:01<00:01, 25.40it/s, loss=127.7247]
  Epoch  7/30:  57%|██████████████████▊              | 33/58 [00:01<00:01, 23.88it/s, loss=127.7247]
  Epoch  7/30:  57%|██████████████████▊              | 33/58 [00:01<00:01, 23.88it/s, loss=111.1367]
  Epoch  7/30:  57%|██████████████████▊              | 33/58 [00:01<00:01, 23.88it/s, loss=107.2100]
  Epoch  7/30:  57%|██████████████████▊              | 33/58 [00:01<00:01, 23.88it/s, loss=107.2782]
  Epoch  7/30:  62%|████████████████████▍            | 36/58 [00:01<00:00, 22.31it/s, loss=107.2782]
  Epoch  7/30:  62%|█████████████████████             | 36/58 [00:01<00:00, 22.31it/s, loss=91.5252]
  Epoch  7/30:  62%|████████████████████▍            | 36/58 [00:01<00:00, 22.31it/s, loss=107.0412]
  Epoch  7/30:  62%|█████████████████████             | 36/58 [00:01<00:00, 22.31it/s, loss=99.0759]
  Epoch  7/30:  67%|██████████████████████▊           | 39/58 [00:01<00:00, 20.68it/s, loss=99.0759]
  Epoch  7/30:  67%|██████████████████████▏          | 39/58 [00:01<00:00, 20.68it/s, loss=104.2144]
  Epoch  7/30:  67%|██████████████████████▏          | 39/58 [00:01<00:00, 20.68it/s, loss=107.4974]
  Epoch  7/30:  67%|██████████████████████▊           | 39/58 [00:01<00:00, 20.68it/s, loss=96.6797]
  Epoch  7/30:  72%|████████████████████████▌         | 42/58 [00:01<00:00, 20.68it/s, loss=96.6797]
  Epoch  7/30:  72%|███████████████████████▉         | 42/58 [00:01<00:00, 20.68it/s, loss=106.8744]
  Epoch  7/30:  72%|████████████████████████▌         | 42/58 [00:01<00:00, 20.68it/s, loss=84.4405]
  Epoch  7/30:  72%|███████████████████████▉         | 42/58 [00:01<00:00, 20.68it/s, loss=102.2749]
  Epoch  7/30:  78%|█████████████████████████▌       | 45/58 [00:01<00:00, 20.55it/s, loss=102.2749]
  Epoch  7/30:  78%|█████████████████████████▌       | 45/58 [00:01<00:00, 20.55it/s, loss=112.3932]
  Epoch  7/30:  78%|██████████████████████████▍       | 45/58 [00:02<00:00, 20.55it/s, loss=86.8439]
  Epoch  7/30:  78%|█████████████████████████▌       | 45/58 [00:02<00:00, 20.55it/s, loss=105.1218]
  Epoch  7/30:  83%|███████████████████████████▎     | 48/58 [00:02<00:00, 19.07it/s, loss=105.1218]
  Epoch  7/30:  83%|███████████████████████████▎     | 48/58 [00:02<00:00, 19.07it/s, loss=100.1495]
  Epoch  7/30:  83%|███████████████████████████▎     | 48/58 [00:02<00:00, 19.07it/s, loss=103.6725]
  Epoch  7/30:  86%|████████████████████████████▍    | 50/58 [00:02<00:00, 18.51it/s, loss=103.6725]
  Epoch  7/30:  86%|█████████████████████████████▎    | 50/58 [00:02<00:00, 18.51it/s, loss=89.7377]
  Epoch  7/30:  86%|████████████████████████████▍    | 50/58 [00:02<00:00, 18.51it/s, loss=103.0653]
  Epoch  7/30:  90%|█████████████████████████████▌   | 52/58 [00:02<00:00, 18.44it/s, loss=103.0653]
  Epoch  7/30:  90%|█████████████████████████████▌   | 52/58 [00:02<00:00, 18.44it/s, loss=102.1694]
  Epoch  7/30:  90%|██████████████████████████████▍   | 52/58 [00:02<00:00, 18.44it/s, loss=89.2804]
  Epoch  7/30:  93%|███████████████████████████████▋  | 54/58 [00:02<00:00, 18.09it/s, loss=89.2804]
  Epoch  7/30:  93%|██████████████████████████████▋  | 54/58 [00:02<00:00, 18.09it/s, loss=109.3838]
  Epoch  7/30:  93%|███████████████████████████████▋  | 54/58 [00:02<00:00, 18.09it/s, loss=99.5006]
  Epoch  7/30:  93%|██████████████████████████████▋  | 54/58 [00:02<00:00, 18.09it/s, loss=106.9805]
  Epoch  7/30:  98%|████████████████████████████████▍| 57/58 [00:02<00:00, 19.79it/s, loss=106.9805]
  Epoch  7/30:  98%|████████████████████████████████▍| 57/58 [00:02<00:00, 19.79it/s, loss=149.9819]
                                                                                                    

  Epoch  8/30:   0%|                                                         | 0/58 [00:00<?, ?it/s]
  Epoch  8/30:   0%|                                           | 0/58 [00:00<?, ?it/s, loss=94.5678]
  Epoch  8/30:   0%|                                           | 0/58 [00:00<?, ?it/s, loss=86.9798]
  Epoch  8/30:   0%|                                           | 0/58 [00:00<?, ?it/s, loss=86.4448]
  Epoch  8/30:   5%|█▊                                 | 3/58 [00:00<00:01, 29.22it/s, loss=86.4448]
  Epoch  8/30:   5%|█▊                                 | 3/58 [00:00<00:01, 29.22it/s, loss=89.8319]
  Epoch  8/30:   5%|█▊                                | 3/58 [00:00<00:01, 29.22it/s, loss=103.2607]
  Epoch  8/30:   5%|█▊                                | 3/58 [00:00<00:01, 29.22it/s, loss=104.8026]
  Epoch  8/30:  10%|███▌                              | 6/58 [00:00<00:01, 26.57it/s, loss=104.8026]
  Epoch  8/30:  10%|███▌                               | 6/58 [00:00<00:01, 26.57it/s, loss=87.6158]
  Epoch  8/30:  10%|███▌                               | 6/58 [00:00<00:01, 26.57it/s, loss=88.0956]
  Epoch  8/30:  10%|███▌                               | 6/58 [00:00<00:01, 26.57it/s, loss=85.6368]
  Epoch  8/30:  10%|███▌                               | 6/58 [00:00<00:01, 26.57it/s, loss=78.3928]
  Epoch  8/30:  17%|█████▊                            | 10/58 [00:00<00:01, 27.30it/s, loss=78.3928]
  Epoch  8/30:  17%|█████▊                            | 10/58 [00:00<00:01, 27.30it/s, loss=85.5182]
  Epoch  8/30:  17%|█████▊                            | 10/58 [00:00<00:01, 27.30it/s, loss=81.4268]
  Epoch  8/30:  17%|█████▊                            | 10/58 [00:00<00:01, 27.30it/s, loss=89.9617]
  Epoch  8/30:  17%|█████▊                            | 10/58 [00:00<00:01, 27.30it/s, loss=87.4806]
  Epoch  8/30:  24%|████████▏                         | 14/58 [00:00<00:01, 28.47it/s, loss=87.4806]
  Epoch  8/30:  24%|████████▏                         | 14/58 [00:00<00:01, 28.47it/s, loss=88.9097]
  Epoch  8/30:  24%|████████▏                         | 14/58 [00:00<00:01, 28.47it/s, loss=85.1635]
  Epoch  8/30:  24%|████████▏                         | 14/58 [00:00<00:01, 28.47it/s, loss=78.8498]
  Epoch  8/30:  29%|█████████▉                        | 17/58 [00:00<00:01, 27.31it/s, loss=78.8498]
  Epoch  8/30:  29%|█████████▉                        | 17/58 [00:00<00:01, 27.31it/s, loss=82.3227]
  Epoch  8/30:  29%|█████████▉                        | 17/58 [00:00<00:01, 27.31it/s, loss=95.2730]
  Epoch  8/30:  29%|█████████▉                        | 17/58 [00:00<00:01, 27.31it/s, loss=82.5356]
  Epoch  8/30:  34%|███████████▋                      | 20/58 [00:00<00:01, 26.44it/s, loss=82.5356]
  Epoch  8/30:  34%|███████████▋                      | 20/58 [00:00<00:01, 26.44it/s, loss=86.5168]
  Epoch  8/30:  34%|███████████▋                      | 20/58 [00:00<00:01, 26.44it/s, loss=80.3420]
  Epoch  8/30:  34%|███████████▋                      | 20/58 [00:00<00:01, 26.44it/s, loss=79.5848]
  Epoch  8/30:  40%|█████████████▍                    | 23/58 [00:00<00:01, 25.61it/s, loss=79.5848]
  Epoch  8/30:  40%|█████████████▍                    | 23/58 [00:00<00:01, 25.61it/s, loss=77.3599]
  Epoch  8/30:  40%|█████████████▍                    | 23/58 [00:00<00:01, 25.61it/s, loss=68.9539]
  Epoch  8/30:  40%|█████████████▍                    | 23/58 [00:00<00:01, 25.61it/s, loss=81.5341]
  Epoch  8/30:  45%|███████████████▏                  | 26/58 [00:00<00:01, 26.15it/s, loss=81.5341]
  Epoch  8/30:  45%|███████████████▏                  | 26/58 [00:01<00:01, 26.15it/s, loss=87.4516]
  Epoch  8/30:  45%|███████████████▏                  | 26/58 [00:01<00:01, 26.15it/s, loss=88.0358]
  Epoch  8/30:  45%|███████████████▏                  | 26/58 [00:01<00:01, 26.15it/s, loss=84.9670]
  Epoch  8/30:  50%|█████████████████                 | 29/58 [00:01<00:01, 26.92it/s, loss=84.9670]
  Epoch  8/30:  50%|█████████████████                 | 29/58 [00:01<00:01, 26.92it/s, loss=85.7117]
  Epoch  8/30:  50%|█████████████████                 | 29/58 [00:01<00:01, 26.92it/s, loss=71.2312]
  Epoch  8/30:  50%|█████████████████                 | 29/58 [00:01<00:01, 26.92it/s, loss=71.2239]
  Epoch  8/30:  55%|██████████████████▊               | 32/58 [00:01<00:00, 26.11it/s, loss=71.2239]
  Epoch  8/30:  55%|██████████████████▊               | 32/58 [00:01<00:00, 26.11it/s, loss=75.3277]
  Epoch  8/30:  55%|██████████████████▊               | 32/58 [00:01<00:00, 26.11it/s, loss=69.2332]
  Epoch  8/30:  55%|██████████████████▊               | 32/58 [00:01<00:00, 26.11it/s, loss=70.6104]
  Epoch  8/30:  60%|████████████████████▌             | 35/58 [00:01<00:00, 26.31it/s, loss=70.6104]
  Epoch  8/30:  60%|████████████████████▌             | 35/58 [00:01<00:00, 26.31it/s, loss=80.6607]
  Epoch  8/30:  60%|████████████████████▌             | 35/58 [00:01<00:00, 26.31it/s, loss=63.2870]
  Epoch  8/30:  60%|████████████████████▌             | 35/58 [00:01<00:00, 26.31it/s, loss=78.1488]
  Epoch  8/30:  66%|██████████████████████▎           | 38/58 [00:01<00:00, 25.32it/s, loss=78.1488]
  Epoch  8/30:  66%|██████████████████████▎           | 38/58 [00:01<00:00, 25.32it/s, loss=76.0729]
  Epoch  8/30:  66%|██████████████████████▎           | 38/58 [00:01<00:00, 25.32it/s, loss=73.2227]
  Epoch  8/30:  66%|██████████████████████▎           | 38/58 [00:01<00:00, 25.32it/s, loss=65.2172]
  Epoch  8/30:  71%|████████████████████████          | 41/58 [00:01<00:00, 25.96it/s, loss=65.2172]
  Epoch  8/30:  71%|████████████████████████          | 41/58 [00:01<00:00, 25.96it/s, loss=68.4136]
  Epoch  8/30:  71%|████████████████████████          | 41/58 [00:01<00:00, 25.96it/s, loss=70.0502]
  Epoch  8/30:  71%|████████████████████████          | 41/58 [00:01<00:00, 25.96it/s, loss=68.4494]
  Epoch  8/30:  76%|█████████████████████████▊        | 44/58 [00:01<00:00, 19.80it/s, loss=68.4494]
  Epoch  8/30:  76%|█████████████████████████▊        | 44/58 [00:01<00:00, 19.80it/s, loss=73.0819]
  Epoch  8/30:  76%|█████████████████████████▊        | 44/58 [00:01<00:00, 19.80it/s, loss=69.4700]
  Epoch  8/30:  76%|█████████████████████████▊        | 44/58 [00:01<00:00, 19.80it/s, loss=66.9276]
  Epoch  8/30:  81%|███████████████████████████▌      | 47/58 [00:01<00:00, 19.56it/s, loss=66.9276]
  Epoch  8/30:  81%|███████████████████████████▌      | 47/58 [00:01<00:00, 19.56it/s, loss=68.1293]
  Epoch  8/30:  81%|███████████████████████████▌      | 47/58 [00:02<00:00, 19.56it/s, loss=71.4306]
  Epoch  8/30:  81%|███████████████████████████▌      | 47/58 [00:02<00:00, 19.56it/s, loss=65.2964]
  Epoch  8/30:  86%|█████████████████████████████▎    | 50/58 [00:02<00:00, 19.79it/s, loss=65.2964]
  Epoch  8/30:  86%|█████████████████████████████▎    | 50/58 [00:02<00:00, 19.79it/s, loss=63.3001]
  Epoch  8/30:  86%|█████████████████████████████▎    | 50/58 [00:02<00:00, 19.79it/s, loss=74.0650]
  Epoch  8/30:  86%|█████████████████████████████▎    | 50/58 [00:02<00:00, 19.79it/s, loss=63.8556]
  Epoch  8/30:  91%|███████████████████████████████   | 53/58 [00:02<00:00, 20.39it/s, loss=63.8556]
  Epoch  8/30:  91%|███████████████████████████████   | 53/58 [00:02<00:00, 20.39it/s, loss=65.8149]
  Epoch  8/30:  91%|███████████████████████████████   | 53/58 [00:02<00:00, 20.39it/s, loss=61.2163]
  Epoch  8/30:  91%|███████████████████████████████   | 53/58 [00:02<00:00, 20.39it/s, loss=62.6114]
  Epoch  8/30:  97%|████████████████████████████████▊ | 56/58 [00:02<00:00, 21.15it/s, loss=62.6114]
  Epoch  8/30:  97%|████████████████████████████████▊ | 56/58 [00:02<00:00, 21.15it/s, loss=64.4108]
  Epoch  8/30:  97%|████████████████████████████████▊ | 56/58 [00:02<00:00, 21.15it/s, loss=74.3489]
                                                                                                    

  Epoch  9/30:   0%|                                                         | 0/58 [00:00<?, ?it/s]
  Epoch  9/30:   0%|                                           | 0/58 [00:00<?, ?it/s, loss=64.6547]
  Epoch  9/30:   0%|                                           | 0/58 [00:00<?, ?it/s, loss=55.8652]
  Epoch  9/30:   0%|                                           | 0/58 [00:00<?, ?it/s, loss=63.8429]
  Epoch  9/30:   5%|█▊                                 | 3/58 [00:00<00:02, 21.56it/s, loss=63.8429]
  Epoch  9/30:   5%|█▊                                 | 3/58 [00:00<00:02, 21.56it/s, loss=59.5948]
  Epoch  9/30:   5%|█▊                                 | 3/58 [00:00<00:02, 21.56it/s, loss=74.9264]
  Epoch  9/30:   5%|█▊                                 | 3/58 [00:00<00:02, 21.56it/s, loss=63.9816]
  Epoch  9/30:  10%|███▌                               | 6/58 [00:00<00:02, 24.93it/s, loss=63.9816]
  Epoch  9/30:  10%|███▌                               | 6/58 [00:00<00:02, 24.93it/s, loss=60.7172]
  Epoch  9/30:  10%|███▌                               | 6/58 [00:00<00:02, 24.93it/s, loss=58.9362]
  Epoch  9/30:  10%|███▌                               | 6/58 [00:00<00:02, 24.93it/s, loss=58.5119]
  Epoch  9/30:  16%|█████▍                             | 9/58 [00:00<00:02, 22.48it/s, loss=58.5119]
  Epoch  9/30:  16%|█████▍                             | 9/58 [00:00<00:02, 22.48it/s, loss=62.6903]
  Epoch  9/30:  16%|█████▍                             | 9/58 [00:00<00:02, 22.48it/s, loss=54.7475]
  Epoch  9/30:  16%|█████▍                             | 9/58 [00:00<00:02, 22.48it/s, loss=62.0324]
  Epoch  9/30:  21%|███████                           | 12/58 [00:00<00:01, 23.34it/s, loss=62.0324]
  Epoch  9/30:  21%|███████                           | 12/58 [00:00<00:01, 23.34it/s, loss=59.9860]
  Epoch  9/30:  21%|███████                           | 12/58 [00:00<00:01, 23.34it/s, loss=55.2471]
  Epoch  9/30:  21%|███████                           | 12/58 [00:00<00:01, 23.34it/s, loss=63.6392]
  Epoch  9/30:  21%|███████                           | 12/58 [00:00<00:01, 23.34it/s, loss=62.7966]
  Epoch  9/30:  28%|█████████▍                        | 16/58 [00:00<00:01, 26.49it/s, loss=62.7966]
  Epoch  9/30:  28%|█████████▍                        | 16/58 [00:00<00:01, 26.49it/s, loss=56.3182]
  Epoch  9/30:  28%|█████████▍                        | 16/58 [00:00<00:01, 26.49it/s, loss=60.4115]
  Epoch  9/30:  28%|█████████▍                        | 16/58 [00:00<00:01, 26.49it/s, loss=63.6915]
  Epoch  9/30:  33%|███████████▏                      | 19/58 [00:00<00:01, 25.98it/s, loss=63.6915]
  Epoch  9/30:  33%|███████████▏                      | 19/58 [00:00<00:01, 25.98it/s, loss=53.6081]
  Epoch  9/30:  33%|███████████▏                      | 19/58 [00:00<00:01, 25.98it/s, loss=61.5076]
  Epoch  9/30:  33%|███████████▏                      | 19/58 [00:00<00:01, 25.98it/s, loss=53.5869]
  Epoch  9/30:  38%|████████████▉                     | 22/58 [00:00<00:01, 25.40it/s, loss=53.5869]
  Epoch  9/30:  38%|████████████▉                     | 22/58 [00:00<00:01, 25.40it/s, loss=56.7677]
  Epoch  9/30:  38%|████████████▉                     | 22/58 [00:00<00:01, 25.40it/s, loss=55.9907]
  Epoch  9/30:  38%|████████████▉                     | 22/58 [00:01<00:01, 25.40it/s, loss=52.5185]
  Epoch  9/30:  43%|██████████████▋                   | 25/58 [00:01<00:01, 24.89it/s, loss=52.5185]
  Epoch  9/30:  43%|██████████████▋                   | 25/58 [00:01<00:01, 24.89it/s, loss=50.5763]
  Epoch  9/30:  43%|██████████████▋                   | 25/58 [00:01<00:01, 24.89it/s, loss=52.4516]
  Epoch  9/30:  43%|██████████████▋                   | 25/58 [00:01<00:01, 24.89it/s, loss=58.6584]
  Epoch  9/30:  43%|██████████████▋                   | 25/58 [00:01<00:01, 24.89it/s, loss=48.1762]
  Epoch  9/30:  50%|█████████████████                 | 29/58 [00:01<00:01, 27.21it/s, loss=48.1762]
  Epoch  9/30:  50%|█████████████████                 | 29/58 [00:01<00:01, 27.21it/s, loss=59.1779]
  Epoch  9/30:  50%|█████████████████                 | 29/58 [00:01<00:01, 27.21it/s, loss=49.9738]
  Epoch  9/30:  50%|█████████████████                 | 29/58 [00:01<00:01, 27.21it/s, loss=53.0585]
  Epoch  9/30:  55%|██████████████████▊               | 32/58 [00:01<00:00, 26.92it/s, loss=53.0585]
  Epoch  9/30:  55%|██████████████████▊               | 32/58 [00:01<00:00, 26.92it/s, loss=49.6136]
  Epoch  9/30:  55%|██████████████████▊               | 32/58 [00:01<00:00, 26.92it/s, loss=52.9655]
  Epoch  9/30:  55%|██████████████████▊               | 32/58 [00:01<00:00, 26.92it/s, loss=47.7817]
  Epoch  9/30:  55%|██████████████████▊               | 32/58 [00:01<00:00, 26.92it/s, loss=52.8829]
  Epoch  9/30:  62%|█████████████████████             | 36/58 [00:01<00:00, 28.23it/s, loss=52.8829]
  Epoch  9/30:  62%|█████████████████████             | 36/58 [00:01<00:00, 28.23it/s, loss=48.8716]
  Epoch  9/30:  62%|█████████████████████             | 36/58 [00:01<00:00, 28.23it/s, loss=49.8966]
  Epoch  9/30:  62%|█████████████████████             | 36/58 [00:01<00:00, 28.23it/s, loss=46.5176]
  Epoch  9/30:  67%|██████████████████████▊           | 39/58 [00:01<00:00, 27.11it/s, loss=46.5176]
  Epoch  9/30:  67%|██████████████████████▊           | 39/58 [00:01<00:00, 27.11it/s, loss=48.7948]
  Epoch  9/30:  67%|██████████████████████▊           | 39/58 [00:01<00:00, 27.11it/s, loss=48.9697]
  Epoch  9/30:  67%|██████████████████████▊           | 39/58 [00:01<00:00, 27.11it/s, loss=42.9604]
  Epoch  9/30:  72%|████████████████████████▌         | 42/58 [00:01<00:00, 27.72it/s, loss=42.9604]
  Epoch  9/30:  72%|████████████████████████▌         | 42/58 [00:01<00:00, 27.72it/s, loss=54.9002]
  Epoch  9/30:  72%|████████████████████████▌         | 42/58 [00:01<00:00, 27.72it/s, loss=46.4466]
  Epoch  9/30:  72%|████████████████████████▌         | 42/58 [00:01<00:00, 27.72it/s, loss=45.6952]
  Epoch  9/30:  78%|██████████████████████████▍       | 45/58 [00:01<00:00, 26.42it/s, loss=45.6952]
  Epoch  9/30:  78%|██████████████████████████▍       | 45/58 [00:01<00:00, 26.42it/s, loss=44.5453]
  Epoch  9/30:  78%|██████████████████████████▍       | 45/58 [00:01<00:00, 26.42it/s, loss=45.0882]
  Epoch  9/30:  78%|██████████████████████████▍       | 45/58 [00:01<00:00, 26.42it/s, loss=46.1092]
  Epoch  9/30:  83%|████████████████████████████▏     | 48/58 [00:01<00:00, 24.66it/s, loss=46.1092]
  Epoch  9/30:  83%|████████████████████████████▏     | 48/58 [00:01<00:00, 24.66it/s, loss=46.5137]
  Epoch  9/30:  83%|████████████████████████████▏     | 48/58 [00:01<00:00, 24.66it/s, loss=42.8425]
  Epoch  9/30:  83%|████████████████████████████▏     | 48/58 [00:01<00:00, 24.66it/s, loss=39.8214]
  Epoch  9/30:  88%|█████████████████████████████▉    | 51/58 [00:01<00:00, 24.62it/s, loss=39.8214]
  Epoch  9/30:  88%|█████████████████████████████▉    | 51/58 [00:02<00:00, 24.62it/s, loss=46.5246]
  Epoch  9/30:  88%|█████████████████████████████▉    | 51/58 [00:02<00:00, 24.62it/s, loss=47.8353]
  Epoch  9/30:  88%|█████████████████████████████▉    | 51/58 [00:02<00:00, 24.62it/s, loss=45.7907]
  Epoch  9/30:  93%|███████████████████████████████▋  | 54/58 [00:02<00:00, 24.98it/s, loss=45.7907]
  Epoch  9/30:  93%|███████████████████████████████▋  | 54/58 [00:02<00:00, 24.98it/s, loss=46.9165]
  Epoch  9/30:  93%|███████████████████████████████▋  | 54/58 [00:02<00:00, 24.98it/s, loss=44.1357]
  Epoch  9/30:  93%|███████████████████████████████▋  | 54/58 [00:02<00:00, 24.98it/s, loss=38.1639]
  Epoch  9/30:  93%|███████████████████████████████▋  | 54/58 [00:02<00:00, 24.98it/s, loss=50.2828]
  Epoch  9/30: 100%|██████████████████████████████████| 58/58 [00:02<00:00, 27.99it/s, loss=50.2828]
                                                                                                    

  Epoch 10/30:   0%|                                                         | 0/58 [00:00<?, ?it/s]
  Epoch 10/30:   0%|                                           | 0/58 [00:00<?, ?it/s, loss=46.4047]
  Epoch 10/30:   0%|                                           | 0/58 [00:00<?, ?it/s, loss=40.9112]
  Epoch 10/30:   0%|                                           | 0/58 [00:00<?, ?it/s, loss=41.6949]
  Epoch 10/30:   5%|█▊                                 | 3/58 [00:00<00:02, 20.46it/s, loss=41.6949]
  Epoch 10/30:   5%|█▊                                 | 3/58 [00:00<00:02, 20.46it/s, loss=38.9805]
  Epoch 10/30:   5%|█▊                                 | 3/58 [00:00<00:02, 20.46it/s, loss=42.9036]
  Epoch 10/30:   5%|█▊                                 | 3/58 [00:00<00:02, 20.46it/s, loss=43.6045]
  Epoch 10/30:  10%|███▌                               | 6/58 [00:00<00:02, 18.21it/s, loss=43.6045]
  Epoch 10/30:  10%|███▌                               | 6/58 [00:00<00:02, 18.21it/s, loss=44.1579]
  Epoch 10/30:  10%|███▌                               | 6/58 [00:00<00:02, 18.21it/s, loss=42.6084]
  Epoch 10/30:  10%|███▌                               | 6/58 [00:00<00:02, 18.21it/s, loss=37.6033]
  Epoch 10/30:  16%|█████▍                             | 9/58 [00:00<00:02, 19.85it/s, loss=37.6033]
  Epoch 10/30:  16%|█████▍                             | 9/58 [00:00<00:02, 19.85it/s, loss=41.2977]
  Epoch 10/30:  16%|█████▍                             | 9/58 [00:00<00:02, 19.85it/s, loss=41.6942]
  Epoch 10/30:  16%|█████▍                             | 9/58 [00:00<00:02, 19.85it/s, loss=41.2523]
  Epoch 10/30:  21%|███████                           | 12/58 [00:00<00:02, 21.49it/s, loss=41.2523]
  Epoch 10/30:  21%|███████                           | 12/58 [00:00<00:02, 21.49it/s, loss=40.0577]
  Epoch 10/30:  21%|███████                           | 12/58 [00:00<00:02, 21.49it/s, loss=39.8856]
  Epoch 10/30:  21%|███████                           | 12/58 [00:00<00:02, 21.49it/s, loss=40.6083]
  Epoch 10/30:  26%|████████▊                         | 15/58 [00:00<00:02, 20.46it/s, loss=40.6083]
  Epoch 10/30:  26%|████████▊                         | 15/58 [00:00<00:02, 20.46it/s, loss=42.6447]
  Epoch 10/30:  26%|████████▊                         | 15/58 [00:00<00:02, 20.46it/s, loss=39.3244]
  Epoch 10/30:  26%|████████▊                         | 15/58 [00:00<00:02, 20.46it/s, loss=39.3912]
  Epoch 10/30:  31%|██████████▌                       | 18/58 [00:00<00:01, 20.67it/s, loss=39.3912]
  Epoch 10/30:  31%|██████████▌                       | 18/58 [00:00<00:01, 20.67it/s, loss=41.8000]
  Epoch 10/30:  31%|██████████▌                       | 18/58 [00:00<00:01, 20.67it/s, loss=40.7059]
  Epoch 10/30:  31%|██████████▌                       | 18/58 [00:00<00:01, 20.67it/s, loss=40.2170]
  Epoch 10/30:  36%|████████████▎                     | 21/58 [00:00<00:01, 22.63it/s, loss=40.2170]
  Epoch 10/30:  36%|████████████▎                     | 21/58 [00:01<00:01, 22.63it/s, loss=42.6205]
  Epoch 10/30:  36%|████████████▎                     | 21/58 [00:01<00:01, 22.63it/s, loss=37.1608]
  Epoch 10/30:  36%|████████████▎                     | 21/58 [00:01<00:01, 22.63it/s, loss=36.3560]
  Epoch 10/30:  41%|██████████████                    | 24/58 [00:01<00:01, 24.05it/s, loss=36.3560]
  Epoch 10/30:  41%|██████████████                    | 24/58 [00:01<00:01, 24.05it/s, loss=38.4318]
  Epoch 10/30:  41%|██████████████                    | 24/58 [00:01<00:01, 24.05it/s, loss=40.0810]
  Epoch 10/30:  41%|██████████████                    | 24/58 [00:01<00:01, 24.05it/s, loss=40.3911]
  Epoch 10/30:  47%|███████████████▊                  | 27/58 [00:01<00:01, 24.47it/s, loss=40.3911]
  Epoch 10/30:  47%|███████████████▊                  | 27/58 [00:01<00:01, 24.47it/s, loss=39.2669]
  Epoch 10/30:  47%|███████████████▊                  | 27/58 [00:01<00:01, 24.47it/s, loss=39.2556]
  Epoch 10/30:  47%|███████████████▊                  | 27/58 [00:01<00:01, 24.47it/s, loss=39.3360]
  Epoch 10/30:  52%|█████████████████▌                | 30/58 [00:01<00:01, 25.92it/s, loss=39.3360]
  Epoch 10/30:  52%|█████████████████▌                | 30/58 [00:01<00:01, 25.92it/s, loss=39.6342]
  Epoch 10/30:  52%|█████████████████▌                | 30/58 [00:01<00:01, 25.92it/s, loss=32.0321]
  Epoch 10/30:  52%|█████████████████▌                | 30/58 [00:01<00:01, 25.92it/s, loss=33.5916]
  Epoch 10/30:  57%|███████████████████▎              | 33/58 [00:01<00:01, 24.03it/s, loss=33.5916]
  Epoch 10/30:  57%|███████████████████▎              | 33/58 [00:01<00:01, 24.03it/s, loss=33.5172]
  Epoch 10/30:  57%|███████████████████▎              | 33/58 [00:01<00:01, 24.03it/s, loss=35.8905]
  Epoch 10/30:  57%|███████████████████▎              | 33/58 [00:01<00:01, 24.03it/s, loss=32.2284]
  Epoch 10/30:  62%|█████████████████████             | 36/58 [00:01<00:00, 25.13it/s, loss=32.2284]
  Epoch 10/30:  62%|█████████████████████             | 36/58 [00:01<00:00, 25.13it/s, loss=34.7950]
  Epoch 10/30:  62%|█████████████████████             | 36/58 [00:01<00:00, 25.13it/s, loss=42.6326]
  Epoch 10/30:  62%|█████████████████████             | 36/58 [00:01<00:00, 25.13it/s, loss=36.6652]
  Epoch 10/30:  67%|██████████████████████▊           | 39/58 [00:01<00:00, 23.95it/s, loss=36.6652]
  Epoch 10/30:  67%|██████████████████████▊           | 39/58 [00:01<00:00, 23.95it/s, loss=34.1708]
  Epoch 10/30:  67%|██████████████████████▊           | 39/58 [00:01<00:00, 23.95it/s, loss=34.3767]
  Epoch 10/30:  67%|██████████████████████▊           | 39/58 [00:01<00:00, 23.95it/s, loss=40.0302]
  Epoch 10/30:  72%|████████████████████████▌         | 42/58 [00:01<00:00, 24.34it/s, loss=40.0302]
  Epoch 10/30:  72%|████████████████████████▌         | 42/58 [00:01<00:00, 24.34it/s, loss=38.8533]
  Epoch 10/30:  72%|████████████████████████▌         | 42/58 [00:01<00:00, 24.34it/s, loss=35.3788]
  Epoch 10/30:  72%|████████████████████████▌         | 42/58 [00:01<00:00, 24.34it/s, loss=32.6379]
  Epoch 10/30:  78%|██████████████████████████▍       | 45/58 [00:01<00:00, 23.47it/s, loss=32.6379]
  Epoch 10/30:  78%|██████████████████████████▍       | 45/58 [00:02<00:00, 23.47it/s, loss=34.6463]
  Epoch 10/30:  78%|██████████████████████████▍       | 45/58 [00:02<00:00, 23.47it/s, loss=29.8981]
  Epoch 10/30:  78%|██████████████████████████▍       | 45/58 [00:02<00:00, 23.47it/s, loss=31.1745]
  Epoch 10/30:  83%|████████████████████████████▏     | 48/58 [00:02<00:00, 23.80it/s, loss=31.1745]
  Epoch 10/30:  83%|████████████████████████████▏     | 48/58 [00:02<00:00, 23.80it/s, loss=34.7523]
  Epoch 10/30:  83%|████████████████████████████▏     | 48/58 [00:02<00:00, 23.80it/s, loss=30.3380]
  Epoch 10/30:  83%|████████████████████████████▏     | 48/58 [00:02<00:00, 23.80it/s, loss=30.2332]
  Epoch 10/30:  88%|█████████████████████████████▉    | 51/58 [00:02<00:00, 21.11it/s, loss=30.2332]
  Epoch 10/30:  88%|█████████████████████████████▉    | 51/58 [00:02<00:00, 21.11it/s, loss=34.1894]
  Epoch 10/30:  88%|█████████████████████████████▉    | 51/58 [00:02<00:00, 21.11it/s, loss=30.3710]
  Epoch 10/30:  88%|█████████████████████████████▉    | 51/58 [00:02<00:00, 21.11it/s, loss=34.2159]
  Epoch 10/30:  93%|███████████████████████████████▋  | 54/58 [00:02<00:00, 20.44it/s, loss=34.2159]
  Epoch 10/30:  93%|███████████████████████████████▋  | 54/58 [00:02<00:00, 20.44it/s, loss=32.9434]
  Epoch 10/30:  93%|███████████████████████████████▋  | 54/58 [00:02<00:00, 20.44it/s, loss=33.8651]
  Epoch 10/30:  93%|███████████████████████████████▋  | 54/58 [00:02<00:00, 20.44it/s, loss=32.8658]
  Epoch 10/30:  98%|█████████████████████████████████▍| 57/58 [00:02<00:00, 19.61it/s, loss=32.8658]
  Epoch 10/30:  98%|█████████████████████████████████▍| 57/58 [00:02<00:00, 19.61it/s, loss=30.7120]
                                                                                                    
  Epoch 10/30 │ Loss: 37.5394 │ T+1: -36333.4258 │ T+2: -157.8461 │ T+3: -25219.1113 ★ NEW BEST

  Epoch 11/30:   0%|                                                         | 0/58 [00:00<?, ?it/s]
  Epoch 11/30:   0%|                                           | 0/58 [00:00<?, ?it/s, loss=31.8579]
  Epoch 11/30:   0%|                                           | 0/58 [00:00<?, ?it/s, loss=32.2531]
  Epoch 11/30:   3%|█▏                                 | 2/58 [00:00<00:03, 15.30it/s, loss=32.2531]
  Epoch 11/30:   3%|█▏                                 | 2/58 [00:00<00:03, 15.30it/s, loss=34.3368]
  Epoch 11/30:   3%|█▏                                 | 2/58 [00:00<00:03, 15.30it/s, loss=27.6657]
  Epoch 11/30:   7%|██▍                                | 4/58 [00:00<00:03, 14.93it/s, loss=27.6657]
  Epoch 11/30:   7%|██▍                                | 4/58 [00:00<00:03, 14.93it/s, loss=32.2172]
  Epoch 11/30:   7%|██▍                                | 4/58 [00:00<00:03, 14.93it/s, loss=28.5076]
  Epoch 11/30:  10%|███▌                               | 6/58 [00:00<00:03, 16.47it/s, loss=28.5076]
  Epoch 11/30:  10%|███▌                               | 6/58 [00:00<00:03, 16.47it/s, loss=30.0520]
  Epoch 11/30:  10%|███▌                               | 6/58 [00:00<00:03, 16.47it/s, loss=27.7811]
  Epoch 11/30:  14%|████▊                              | 8/58 [00:00<00:02, 16.67it/s, loss=27.7811]
  Epoch 11/30:  14%|████▊                              | 8/58 [00:00<00:02, 16.67it/s, loss=29.8703]
  Epoch 11/30:  14%|████▊                              | 8/58 [00:00<00:02, 16.67it/s, loss=32.7366]
  Epoch 11/30:  14%|████▊                              | 8/58 [00:00<00:02, 16.67it/s, loss=30.0798]
  Epoch 11/30:  19%|██████▍                           | 11/58 [00:00<00:02, 17.90it/s, loss=30.0798]
  Epoch 11/30:  19%|██████▍                           | 11/58 [00:00<00:02, 17.90it/s, loss=30.7816]
  Epoch 11/30:  19%|██████▍                           | 11/58 [00:00<00:02, 17.90it/s, loss=29.8900]
  Epoch 11/30:  22%|███████▌                          | 13/58 [00:00<00:02, 17.53it/s, loss=29.8900]
  Epoch 11/30:  22%|███████▌                          | 13/58 [00:00<00:02, 17.53it/s, loss=27.4085]
  Epoch 11/30:  22%|███████▌                          | 13/58 [00:00<00:02, 17.53it/s, loss=28.8527]
  Epoch 11/30:  26%|████████▊                         | 15/58 [00:00<00:02, 17.09it/s, loss=28.8527]
  Epoch 11/30:  26%|████████▊                         | 15/58 [00:00<00:02, 17.09it/s, loss=27.0536]
  Epoch 11/30:  26%|████████▊                         | 15/58 [00:01<00:02, 17.09it/s, loss=28.6759]
  Epoch 11/30:  29%|█████████▉                        | 17/58 [00:01<00:02, 16.79it/s, loss=28.6759]
  Epoch 11/30:  29%|█████████▉                        | 17/58 [00:01<00:02, 16.79it/s, loss=26.0845]
  Epoch 11/30:  29%|█████████▉                        | 17/58 [00:01<00:02, 16.79it/s, loss=27.2837]
  Epoch 11/30:  33%|███████████▏                      | 19/58 [00:01<00:02, 16.56it/s, loss=27.2837]
  Epoch 11/30:  33%|███████████▏                      | 19/58 [00:01<00:02, 16.56it/s, loss=25.7035]
  Epoch 11/30:  33%|███████████▏                      | 19/58 [00:01<00:02, 16.56it/s, loss=26.8890]
  Epoch 11/30:  36%|████████████▎                     | 21/58 [00:01<00:02, 16.78it/s, loss=26.8890]
  Epoch 11/30:  36%|████████████▎                     | 21/58 [00:01<00:02, 16.78it/s, loss=28.0700]
  Epoch 11/30:  36%|████████████▎                     | 21/58 [00:01<00:02, 16.78it/s, loss=27.1341]
  Epoch 11/30:  40%|█████████████▍                    | 23/58 [00:01<00:02, 16.66it/s, loss=27.1341]
  Epoch 11/30:  40%|█████████████▍                    | 23/58 [00:01<00:02, 16.66it/s, loss=29.0657]
  Epoch 11/30:  40%|█████████████▍                    | 23/58 [00:01<00:02, 16.66it/s, loss=26.6485]
  Epoch 11/30:  43%|██████████████▋                   | 25/58 [00:01<00:01, 16.52it/s, loss=26.6485]
  Epoch 11/30:  43%|██████████████▋                   | 25/58 [00:01<00:01, 16.52it/s, loss=27.1102]
  Epoch 11/30:  43%|██████████████▋                   | 25/58 [00:01<00:01, 16.52it/s, loss=29.8992]
  Epoch 11/30:  47%|███████████████▊                  | 27/58 [00:01<00:01, 16.82it/s, loss=29.8992]
  Epoch 11/30:  47%|███████████████▊                  | 27/58 [00:01<00:01, 16.82it/s, loss=26.8590]
  Epoch 11/30:  47%|███████████████▊                  | 27/58 [00:01<00:01, 16.82it/s, loss=29.8751]
  Epoch 11/30:  50%|█████████████████                 | 29/58 [00:01<00:01, 17.02it/s, loss=29.8751]
  Epoch 11/30:  50%|█████████████████                 | 29/58 [00:01<00:01, 17.02it/s, loss=25.0134]
  Epoch 11/30:  50%|█████████████████                 | 29/58 [00:01<00:01, 17.02it/s, loss=27.2113]
  Epoch 11/30:  53%|██████████████████▏               | 31/58 [00:01<00:01, 16.94it/s, loss=27.2113]
  Epoch 11/30:  53%|██████████████████▏               | 31/58 [00:01<00:01, 16.94it/s, loss=25.3308]
  Epoch 11/30:  53%|██████████████████▏               | 31/58 [00:01<00:01, 16.94it/s, loss=22.9091]
  Epoch 11/30:  57%|███████████████████▎              | 33/58 [00:01<00:01, 16.87it/s, loss=22.9091]
  Epoch 11/30:  57%|███████████████████▎              | 33/58 [00:02<00:01, 16.87it/s, loss=26.4317]
  Epoch 11/30:  57%|███████████████████▎              | 33/58 [00:02<00:01, 16.87it/s, loss=23.0299]
  Epoch 11/30:  60%|████████████████████▌             | 35/58 [00:02<00:01, 16.89it/s, loss=23.0299]
  Epoch 11/30:  60%|████████████████████▌             | 35/58 [00:02<00:01, 16.89it/s, loss=25.2861]
  Epoch 11/30:  60%|████████████████████▌             | 35/58 [00:02<00:01, 16.89it/s, loss=25.3878]
  Epoch 11/30:  64%|█████████████████████▋            | 37/58 [00:02<00:01, 17.68it/s, loss=25.3878]
  Epoch 11/30:  64%|█████████████████████▋            | 37/58 [00:02<00:01, 17.68it/s, loss=23.4335]
  Epoch 11/30:  64%|█████████████████████▋            | 37/58 [00:02<00:01, 17.68it/s, loss=26.8012]
  Epoch 11/30:  67%|██████████████████████▊           | 39/58 [00:02<00:01, 17.20it/s, loss=26.8012]
  Epoch 11/30:  67%|██████████████████████▊           | 39/58 [00:02<00:01, 17.20it/s, loss=27.5912]
  Epoch 11/30:  67%|██████████████████████▊           | 39/58 [00:02<00:01, 17.20it/s, loss=23.6066]
  Epoch 11/30:  71%|████████████████████████          | 41/58 [00:02<00:00, 17.32it/s, loss=23.6066]
  Epoch 11/30:  71%|████████████████████████          | 41/58 [00:02<00:00, 17.32it/s, loss=26.4649]
  Epoch 11/30:  71%|████████████████████████          | 41/58 [00:02<00:00, 17.32it/s, loss=24.2023]
  Epoch 11/30:  71%|████████████████████████          | 41/58 [00:02<00:00, 17.32it/s, loss=23.9707]
  Epoch 11/30:  76%|█████████████████████████▊        | 44/58 [00:02<00:00, 18.45it/s, loss=23.9707]
  Epoch 11/30:  76%|█████████████████████████▊        | 44/58 [00:02<00:00, 18.45it/s, loss=26.4313]
  Epoch 11/30:  76%|█████████████████████████▊        | 44/58 [00:02<00:00, 18.45it/s, loss=23.1938]
  Epoch 11/30:  79%|██████████████████████████▉       | 46/58 [00:02<00:00, 18.31it/s, loss=23.1938]
  Epoch 11/30:  79%|██████████████████████████▉       | 46/58 [00:02<00:00, 18.31it/s, loss=23.0971]
  Epoch 11/30:  79%|██████████████████████████▉       | 46/58 [00:02<00:00, 18.31it/s, loss=25.8625]
  Epoch 11/30:  83%|████████████████████████████▏     | 48/58 [00:02<00:00, 18.58it/s, loss=25.8625]
  Epoch 11/30:  83%|████████████████████████████▏     | 48/58 [00:02<00:00, 18.58it/s, loss=21.4723]
  Epoch 11/30:  83%|████████████████████████████▏     | 48/58 [00:02<00:00, 18.58it/s, loss=24.7772]
  Epoch 11/30:  86%|█████████████████████████████▎    | 50/58 [00:02<00:00, 18.56it/s, loss=24.7772]
  Epoch 11/30:  86%|█████████████████████████████▎    | 50/58 [00:02<00:00, 18.56it/s, loss=25.2656]
  Epoch 11/30:  86%|█████████████████████████████▎    | 50/58 [00:02<00:00, 18.56it/s, loss=20.4370]
  Epoch 11/30:  90%|██████████████████████████████▍   | 52/58 [00:02<00:00, 18.89it/s, loss=20.4370]
  Epoch 11/30:  90%|██████████████████████████████▍   | 52/58 [00:03<00:00, 18.89it/s, loss=26.7757]
  Epoch 11/30:  90%|██████████████████████████████▍   | 52/58 [00:03<00:00, 18.89it/s, loss=20.3993]
  Epoch 11/30:  90%|██████████████████████████████▍   | 52/58 [00:03<00:00, 18.89it/s, loss=22.6231]
  Epoch 11/30:  95%|████████████████████████████████▏ | 55/58 [00:03<00:00, 19.96it/s, loss=22.6231]
  Epoch 11/30:  95%|████████████████████████████████▏ | 55/58 [00:03<00:00, 19.96it/s, loss=23.1022]
  Epoch 11/30:  95%|████████████████████████████████▏ | 55/58 [00:03<00:00, 19.96it/s, loss=22.0075]
  Epoch 11/30:  98%|█████████████████████████████████▍| 57/58 [00:03<00:00, 19.57it/s, loss=22.0075]
  Epoch 11/30:  98%|█████████████████████████████████▍| 57/58 [00:03<00:00, 19.57it/s, loss=27.7921]
                                                                                                    

  Epoch 12/30:   0%|                                                         | 0/58 [00:00<?, ?it/s]
  Epoch 12/30:   0%|                                           | 0/58 [00:00<?, ?it/s, loss=23.8197]
  Epoch 12/30:   0%|                                           | 0/58 [00:00<?, ?it/s, loss=19.4691]
  Epoch 12/30:   0%|                                           | 0/58 [00:00<?, ?it/s, loss=24.3439]
  Epoch 12/30:   5%|█▊                                 | 3/58 [00:00<00:02, 22.86it/s, loss=24.3439]
  Epoch 12/30:   5%|█▊                                 | 3/58 [00:00<00:02, 22.86it/s, loss=22.6749]
  Epoch 12/30:   5%|█▊                                 | 3/58 [00:00<00:02, 22.86it/s, loss=21.4423]
  Epoch 12/30:   5%|█▊                                 | 3/58 [00:00<00:02, 22.86it/s, loss=22.2850]
  Epoch 12/30:  10%|███▌                               | 6/58 [00:00<00:02, 21.33it/s, loss=22.2850]
  Epoch 12/30:  10%|███▌                               | 6/58 [00:00<00:02, 21.33it/s, loss=21.9884]
  Epoch 12/30:  10%|███▌                               | 6/58 [00:00<00:02, 21.33it/s, loss=21.8875]
  Epoch 12/30:  10%|███▌                               | 6/58 [00:00<00:02, 21.33it/s, loss=23.2303]
  Epoch 12/30:  16%|█████▍                             | 9/58 [00:00<00:03, 14.28it/s, loss=23.2303]
  Epoch 12/30:  16%|█████▍                             | 9/58 [00:00<00:03, 14.28it/s, loss=23.1339]
  Epoch 12/30:  16%|█████▍                             | 9/58 [00:00<00:03, 14.28it/s, loss=18.6546]
  Epoch 12/30:  19%|██████▍                           | 11/58 [00:00<00:03, 15.22it/s, loss=18.6546]
  Epoch 12/30:  19%|██████▍                           | 11/58 [00:00<00:03, 15.22it/s, loss=21.5566]
  Epoch 12/30:  19%|██████▍                           | 11/58 [00:00<00:03, 15.22it/s, loss=18.1246]
  Epoch 12/30:  22%|███████▌                          | 13/58 [00:00<00:02, 16.23it/s, loss=18.1246]
  Epoch 12/30:  22%|███████▌                          | 13/58 [00:00<00:02, 16.23it/s, loss=21.0933]
  Epoch 12/30:  22%|███████▌                          | 13/58 [00:00<00:02, 16.23it/s, loss=21.7314]
  Epoch 12/30:  22%|███████▌                          | 13/58 [00:00<00:02, 16.23it/s, loss=23.7758]
  Epoch 12/30:  28%|█████████▍                        | 16/58 [00:00<00:02, 18.21it/s, loss=23.7758]
  Epoch 12/30:  28%|█████████▍                        | 16/58 [00:00<00:02, 18.21it/s, loss=19.3899]
  Epoch 12/30:  28%|█████████▍                        | 16/58 [00:00<00:02, 18.21it/s, loss=21.9491]
  Epoch 12/30:  28%|█████████▍                        | 16/58 [00:01<00:02, 18.21it/s, loss=20.6552]
  Epoch 12/30:  33%|███████████▏                      | 19/58 [00:01<00:01, 19.56it/s, loss=20.6552]
  Epoch 12/30:  33%|███████████▏                      | 19/58 [00:01<00:01, 19.56it/s, loss=21.3953]
  Epoch 12/30:  33%|███████████▏                      | 19/58 [00:01<00:01, 19.56it/s, loss=18.9135]
  Epoch 12/30:  33%|███████████▏                      | 19/58 [00:01<00:01, 19.56it/s, loss=21.5687]
  Epoch 12/30:  38%|████████████▉                     | 22/58 [00:01<00:01, 21.08it/s, loss=21.5687]
  Epoch 12/30:  38%|████████████▉                     | 22/58 [00:01<00:01, 21.08it/s, loss=22.0362]
  Epoch 12/30:  38%|████████████▉                     | 22/58 [00:01<00:01, 21.08it/s, loss=23.0578]
  Epoch 12/30:  38%|████████████▉                     | 22/58 [00:01<00:01, 21.08it/s, loss=21.7576]
  Epoch 12/30:  43%|██████████████▋                   | 25/58 [00:01<00:01, 21.48it/s, loss=21.7576]
  Epoch 12/30:  43%|██████████████▋                   | 25/58 [00:01<00:01, 21.48it/s, loss=21.5613]
  Epoch 12/30:  43%|██████████████▋                   | 25/58 [00:01<00:01, 21.48it/s, loss=20.0560]
  Epoch 12/30:  43%|██████████████▋                   | 25/58 [00:01<00:01, 21.48it/s, loss=20.3534]
  Epoch 12/30:  48%|████████████████▍                 | 28/58 [00:01<00:01, 22.11it/s, loss=20.3534]
  Epoch 12/30:  48%|████████████████▍                 | 28/58 [00:01<00:01, 22.11it/s, loss=19.1686]
  Epoch 12/30:  48%|████████████████▍                 | 28/58 [00:01<00:01, 22.11it/s, loss=20.4651]
  Epoch 12/30:  48%|████████████████▍                 | 28/58 [00:01<00:01, 22.11it/s, loss=20.0326]
  Epoch 12/30:  53%|██████████████████▏               | 31/58 [00:01<00:01, 22.74it/s, loss=20.0326]
  Epoch 12/30:  53%|██████████████████▏               | 31/58 [00:01<00:01, 22.74it/s, loss=21.4995]
  Epoch 12/30:  53%|██████████████████▏               | 31/58 [00:01<00:01, 22.74it/s, loss=18.1416]
  Epoch 12/30:  53%|██████████████████▏               | 31/58 [00:01<00:01, 22.74it/s, loss=17.1170]
  Epoch 12/30:  59%|███████████████████▉              | 34/58 [00:01<00:01, 21.61it/s, loss=17.1170]
  Epoch 12/30:  59%|███████████████████▉              | 34/58 [00:01<00:01, 21.61it/s, loss=20.4944]
  Epoch 12/30:  59%|███████████████████▉              | 34/58 [00:01<00:01, 21.61it/s, loss=22.2417]
  Epoch 12/30:  59%|███████████████████▉              | 34/58 [00:01<00:01, 21.61it/s, loss=19.6894]
  Epoch 12/30:  64%|█████████████████████▋            | 37/58 [00:01<00:01, 20.26it/s, loss=19.6894]
  Epoch 12/30:  64%|█████████████████████▋            | 37/58 [00:01<00:01, 20.26it/s, loss=20.6512]
  Epoch 12/30:  64%|█████████████████████▋            | 37/58 [00:02<00:01, 20.26it/s, loss=17.8637]
  Epoch 12/30:  64%|█████████████████████▋            | 37/58 [00:02<00:01, 20.26it/s, loss=18.9567]
  Epoch 12/30:  69%|███████████████████████▍          | 40/58 [00:02<00:00, 18.93it/s, loss=18.9567]
  Epoch 12/30:  69%|███████████████████████▍          | 40/58 [00:02<00:00, 18.93it/s, loss=17.7369]
  Epoch 12/30:  69%|███████████████████████▍          | 40/58 [00:02<00:00, 18.93it/s, loss=16.4016]
  Epoch 12/30:  69%|███████████████████████▍          | 40/58 [00:02<00:00, 18.93it/s, loss=16.0165]
  Epoch 12/30:  74%|█████████████████████████▏        | 43/58 [00:02<00:00, 20.21it/s, loss=16.0165]
  Epoch 12/30:  74%|█████████████████████████▏        | 43/58 [00:02<00:00, 20.21it/s, loss=17.4539]
  Epoch 12/30:  74%|█████████████████████████▏        | 43/58 [00:02<00:00, 20.21it/s, loss=19.2756]
  Epoch 12/30:  74%|█████████████████████████▏        | 43/58 [00:02<00:00, 20.21it/s, loss=17.2246]
  Epoch 12/30:  79%|██████████████████████████▉       | 46/58 [00:02<00:00, 20.01it/s, loss=17.2246]
  Epoch 12/30:  79%|██████████████████████████▉       | 46/58 [00:02<00:00, 20.01it/s, loss=16.7255]
  Epoch 12/30:  79%|██████████████████████████▉       | 46/58 [00:02<00:00, 20.01it/s, loss=16.7519]
  Epoch 12/30:  79%|██████████████████████████▉       | 46/58 [00:02<00:00, 20.01it/s, loss=16.8813]
  Epoch 12/30:  84%|████████████████████████████▋     | 49/58 [00:02<00:00, 21.44it/s, loss=16.8813]
  Epoch 12/30:  84%|████████████████████████████▋     | 49/58 [00:02<00:00, 21.44it/s, loss=15.5990]
  Epoch 12/30:  84%|████████████████████████████▋     | 49/58 [00:02<00:00, 21.44it/s, loss=20.2145]
  Epoch 12/30:  84%|████████████████████████████▋     | 49/58 [00:02<00:00, 21.44it/s, loss=18.6628]
  Epoch 12/30:  90%|██████████████████████████████▍   | 52/58 [00:02<00:00, 21.34it/s, loss=18.6628]
  Epoch 12/30:  90%|██████████████████████████████▍   | 52/58 [00:02<00:00, 21.34it/s, loss=16.4393]
  Epoch 12/30:  90%|██████████████████████████████▍   | 52/58 [00:02<00:00, 21.34it/s, loss=16.9475]
  Epoch 12/30:  90%|██████████████████████████████▍   | 52/58 [00:02<00:00, 21.34it/s, loss=17.7437]
  Epoch 12/30:  95%|████████████████████████████████▏ | 55/58 [00:02<00:00, 22.90it/s, loss=17.7437]
  Epoch 12/30:  95%|████████████████████████████████▏ | 55/58 [00:02<00:00, 22.90it/s, loss=17.5494]
  Epoch 12/30:  95%|████████████████████████████████▏ | 55/58 [00:02<00:00, 22.90it/s, loss=18.3906]
  Epoch 12/30:  95%|████████████████████████████████▏ | 55/58 [00:02<00:00, 22.90it/s, loss=14.4949]
  Epoch 12/30: 100%|██████████████████████████████████| 58/58 [00:02<00:00, 22.73it/s, loss=14.4949]
                                                                                                    

  Epoch 13/30:   0%|                                                         | 0/58 [00:00<?, ?it/s]
  Epoch 13/30:   0%|                                           | 0/58 [00:00<?, ?it/s, loss=16.3226]
  Epoch 13/30:   0%|                                           | 0/58 [00:00<?, ?it/s, loss=16.8770]
  Epoch 13/30:   0%|                                           | 0/58 [00:00<?, ?it/s, loss=15.9839]
  Epoch 13/30:   5%|█▊                                 | 3/58 [00:00<00:01, 28.63it/s, loss=15.9839]
  Epoch 13/30:   5%|█▊                                 | 3/58 [00:00<00:01, 28.63it/s, loss=18.6643]
  Epoch 13/30:   5%|█▊                                 | 3/58 [00:00<00:01, 28.63it/s, loss=16.6605]
  Epoch 13/30:   5%|█▊                                 | 3/58 [00:00<00:01, 28.63it/s, loss=17.0185]
  Epoch 13/30:  10%|███▌                               | 6/58 [00:00<00:01, 28.98it/s, loss=17.0185]
  Epoch 13/30:  10%|███▌                               | 6/58 [00:00<00:01, 28.98it/s, loss=16.6742]
  Epoch 13/30:  10%|███▌                               | 6/58 [00:00<00:01, 28.98it/s, loss=15.3611]
  Epoch 13/30:  10%|███▌                               | 6/58 [00:00<00:01, 28.98it/s, loss=15.4065]
  Epoch 13/30:  16%|█████▍                             | 9/58 [00:00<00:01, 28.37it/s, loss=15.4065]
  Epoch 13/30:  16%|█████▍                             | 9/58 [00:00<00:01, 28.37it/s, loss=15.0726]
  Epoch 13/30:  16%|█████▍                             | 9/58 [00:00<00:01, 28.37it/s, loss=16.6031]
  Epoch 13/30:  16%|█████▍                             | 9/58 [00:00<00:01, 28.37it/s, loss=15.2315]
  Epoch 13/30:  21%|███████                           | 12/58 [00:00<00:01, 25.55it/s, loss=15.2315]
  Epoch 13/30:  21%|███████                           | 12/58 [00:00<00:01, 25.55it/s, loss=14.7869]
  Epoch 13/30:  21%|███████                           | 12/58 [00:00<00:01, 25.55it/s, loss=16.0945]
  Epoch 13/30:  21%|███████                           | 12/58 [00:00<00:01, 25.55it/s, loss=14.0540]
  Epoch 13/30:  26%|████████▊                         | 15/58 [00:00<00:01, 23.18it/s, loss=14.0540]
  Epoch 13/30:  26%|████████▊                         | 15/58 [00:00<00:01, 23.18it/s, loss=14.7531]
  Epoch 13/30:  26%|████████▊                         | 15/58 [00:00<00:01, 23.18it/s, loss=14.5626]
  Epoch 13/30:  26%|████████▊                         | 15/58 [00:00<00:01, 23.18it/s, loss=15.7202]
  Epoch 13/30:  31%|██████████▌                       | 18/58 [00:00<00:01, 23.54it/s, loss=15.7202]
  Epoch 13/30:  31%|██████████▌                       | 18/58 [00:00<00:01, 23.54it/s, loss=17.7120]
  Epoch 13/30:  31%|██████████▌                       | 18/58 [00:00<00:01, 23.54it/s, loss=14.2693]
  Epoch 13/30:  31%|██████████▌                       | 18/58 [00:00<00:01, 23.54it/s, loss=15.6797]
  Epoch 13/30:  36%|████████████▎                     | 21/58 [00:00<00:01, 24.02it/s, loss=15.6797]
  Epoch 13/30:  36%|████████████▎                     | 21/58 [00:00<00:01, 24.02it/s, loss=15.2918]
  Epoch 13/30:  36%|████████████▎                     | 21/58 [00:00<00:01, 24.02it/s, loss=12.9322]
  Epoch 13/30:  36%|████████████▎                     | 21/58 [00:00<00:01, 24.02it/s, loss=17.0489]
  Epoch 13/30:  41%|██████████████                    | 24/58 [00:00<00:01, 22.96it/s, loss=17.0489]
  Epoch 13/30:  41%|██████████████                    | 24/58 [00:01<00:01, 22.96it/s, loss=11.5214]
  Epoch 13/30:  41%|██████████████                    | 24/58 [00:01<00:01, 22.96it/s, loss=14.1852]
  Epoch 13/30:  41%|██████████████                    | 24/58 [00:01<00:01, 22.96it/s, loss=14.9098]
  Epoch 13/30:  47%|███████████████▊                  | 27/58 [00:01<00:01, 24.52it/s, loss=14.9098]
  Epoch 13/30:  47%|███████████████▊                  | 27/58 [00:01<00:01, 24.52it/s, loss=14.4130]
  Epoch 13/30:  47%|███████████████▊                  | 27/58 [00:01<00:01, 24.52it/s, loss=13.2323]
  Epoch 13/30:  47%|███████████████▊                  | 27/58 [00:01<00:01, 24.52it/s, loss=13.6236]
  Epoch 13/30:  52%|█████████████████▌                | 30/58 [00:01<00:01, 23.20it/s, loss=13.6236]
  Epoch 13/30:  52%|█████████████████▌                | 30/58 [00:01<00:01, 23.20it/s, loss=12.6480]
  Epoch 13/30:  52%|█████████████████▌                | 30/58 [00:01<00:01, 23.20it/s, loss=12.7151]
  Epoch 13/30:  52%|█████████████████▌                | 30/58 [00:01<00:01, 23.20it/s, loss=13.5991]
  Epoch 13/30:  57%|███████████████████▎              | 33/58 [00:01<00:01, 24.11it/s, loss=13.5991]
  Epoch 13/30:  57%|███████████████████▎              | 33/58 [00:01<00:01, 24.11it/s, loss=12.2402]
  Epoch 13/30:  57%|███████████████████▎              | 33/58 [00:01<00:01, 24.11it/s, loss=15.0308]
  Epoch 13/30:  57%|███████████████████▎              | 33/58 [00:01<00:01, 24.11it/s, loss=13.2851]
  Epoch 13/30:  62%|█████████████████████             | 36/58 [00:01<00:00, 22.66it/s, loss=13.2851]
  Epoch 13/30:  62%|█████████████████████             | 36/58 [00:01<00:00, 22.66it/s, loss=14.1829]
  Epoch 13/30:  62%|█████████████████████             | 36/58 [00:01<00:00, 22.66it/s, loss=14.9269]
  Epoch 13/30:  62%|█████████████████████             | 36/58 [00:01<00:00, 22.66it/s, loss=11.4000]
  Epoch 13/30:  67%|██████████████████████▊           | 39/58 [00:01<00:00, 21.39it/s, loss=11.4000]
  Epoch 13/30:  67%|██████████████████████▊           | 39/58 [00:01<00:00, 21.39it/s, loss=13.9381]
  Epoch 13/30:  67%|██████████████████████▊           | 39/58 [00:01<00:00, 21.39it/s, loss=14.9710]
  Epoch 13/30:  67%|██████████████████████▊           | 39/58 [00:01<00:00, 21.39it/s, loss=12.9947]
  Epoch 13/30:  72%|████████████████████████▌         | 42/58 [00:01<00:00, 21.50it/s, loss=12.9947]
  Epoch 13/30:  72%|████████████████████████▌         | 42/58 [00:01<00:00, 21.50it/s, loss=12.7167]
  Epoch 13/30:  72%|████████████████████████▌         | 42/58 [00:01<00:00, 21.50it/s, loss=12.2213]
  Epoch 13/30:  72%|████████████████████████▌         | 42/58 [00:01<00:00, 21.50it/s, loss=12.8889]
  Epoch 13/30:  78%|██████████████████████████▍       | 45/58 [00:01<00:00, 22.25it/s, loss=12.8889]
  Epoch 13/30:  78%|██████████████████████████▍       | 45/58 [00:01<00:00, 22.25it/s, loss=13.1192]
  Epoch 13/30:  78%|██████████████████████████▍       | 45/58 [00:01<00:00, 22.25it/s, loss=13.3890]
  Epoch 13/30:  78%|██████████████████████████▍       | 45/58 [00:02<00:00, 22.25it/s, loss=12.3481]
  Epoch 13/30:  83%|████████████████████████████▏     | 48/58 [00:02<00:00, 23.60it/s, loss=12.3481]
  Epoch 13/30:  83%|████████████████████████████▏     | 48/58 [00:02<00:00, 23.60it/s, loss=15.3364]
  Epoch 13/30:  83%|████████████████████████████▏     | 48/58 [00:02<00:00, 23.60it/s, loss=12.5404]
  Epoch 13/30:  83%|████████████████████████████▏     | 48/58 [00:02<00:00, 23.60it/s, loss=11.7529]
  Epoch 13/30:  83%|████████████████████████████▏     | 48/58 [00:02<00:00, 23.60it/s, loss=13.9502]
  Epoch 13/30:  90%|██████████████████████████████▍   | 52/58 [00:02<00:00, 25.94it/s, loss=13.9502]
  Epoch 13/30:  90%|██████████████████████████████▍   | 52/58 [00:02<00:00, 25.94it/s, loss=12.5568]
  Epoch 13/30:  90%|██████████████████████████████▍   | 52/58 [00:02<00:00, 25.94it/s, loss=12.7357]
  Epoch 13/30:  90%|██████████████████████████████▍   | 52/58 [00:02<00:00, 25.94it/s, loss=12.8810]
  Epoch 13/30:  95%|████████████████████████████████▏ | 55/58 [00:02<00:00, 24.15it/s, loss=12.8810]
  Epoch 13/30:  95%|████████████████████████████████▏ | 55/58 [00:02<00:00, 24.15it/s, loss=12.9950]
  Epoch 13/30:  95%|████████████████████████████████▏ | 55/58 [00:02<00:00, 24.15it/s, loss=12.9849]
  Epoch 13/30:  95%|████████████████████████████████▏ | 55/58 [00:02<00:00, 24.15it/s, loss=18.0908]
  Epoch 13/30: 100%|██████████████████████████████████| 58/58 [00:02<00:00, 23.66it/s, loss=18.0908]
                                                                                                    

  Epoch 14/30:   0%|                                                         | 0/58 [00:00<?, ?it/s]
  Epoch 14/30:   0%|                                           | 0/58 [00:00<?, ?it/s, loss=12.1681]
  Epoch 14/30:   0%|                                           | 0/58 [00:00<?, ?it/s, loss=11.7904]
  Epoch 14/30:   0%|                                           | 0/58 [00:00<?, ?it/s, loss=12.4744]
  Epoch 14/30:   5%|█▊                                 | 3/58 [00:00<00:02, 22.61it/s, loss=12.4744]
  Epoch 14/30:   5%|█▊                                 | 3/58 [00:00<00:02, 22.61it/s, loss=11.3515]
  Epoch 14/30:   5%|█▊                                 | 3/58 [00:00<00:02, 22.61it/s, loss=11.4572]
  Epoch 14/30:   5%|█▊                                 | 3/58 [00:00<00:02, 22.61it/s, loss=13.3754]
  Epoch 14/30:  10%|███▌                               | 6/58 [00:00<00:02, 21.63it/s, loss=13.3754]
  Epoch 14/30:  10%|███▌                               | 6/58 [00:00<00:02, 21.63it/s, loss=12.9490]
  Epoch 14/30:  10%|███▌                               | 6/58 [00:00<00:02, 21.63it/s, loss=11.5142]
  Epoch 14/30:  10%|███▌                               | 6/58 [00:00<00:02, 21.63it/s, loss=12.9712]
  Epoch 14/30:  16%|█████▍                             | 9/58 [00:00<00:02, 21.06it/s, loss=12.9712]
  Epoch 14/30:  16%|█████▍                             | 9/58 [00:00<00:02, 21.06it/s, loss=11.5877]
  Epoch 14/30:  16%|█████▍                             | 9/58 [00:00<00:02, 21.06it/s, loss=11.3248]
  Epoch 14/30:  16%|█████▍                             | 9/58 [00:00<00:02, 21.06it/s, loss=12.0659]
  Epoch 14/30:  21%|███████                           | 12/58 [00:00<00:02, 21.61it/s, loss=12.0659]
  Epoch 14/30:  21%|███████                           | 12/58 [00:00<00:02, 21.61it/s, loss=10.9907]
  Epoch 14/30:  21%|███████▏                           | 12/58 [00:00<00:02, 21.61it/s, loss=9.9562]
  Epoch 14/30:  21%|███████                           | 12/58 [00:00<00:02, 21.61it/s, loss=11.6764]
  Epoch 14/30:  26%|████████▊                         | 15/58 [00:00<00:02, 21.39it/s, loss=11.6764]
  Epoch 14/30:  26%|████████▊                         | 15/58 [00:00<00:02, 21.39it/s, loss=11.6939]
  Epoch 14/30:  26%|████████▊                         | 15/58 [00:00<00:02, 21.39it/s, loss=11.1411]
  Epoch 14/30:  26%|████████▊                         | 15/58 [00:00<00:02, 21.39it/s, loss=12.6949]
  Epoch 14/30:  31%|██████████▌                       | 18/58 [00:00<00:02, 18.44it/s, loss=12.6949]
  Epoch 14/30:  31%|██████████▌                       | 18/58 [00:00<00:02, 18.44it/s, loss=10.6304]
  Epoch 14/30:  31%|██████████▌                       | 18/58 [00:00<00:02, 18.44it/s, loss=11.9525]
  Epoch 14/30:  31%|██████████▌                       | 18/58 [00:01<00:02, 18.44it/s, loss=10.8490]
  Epoch 14/30:  36%|████████████▎                     | 21/58 [00:01<00:01, 19.93it/s, loss=10.8490]
  Epoch 14/30:  36%|████████████▎                     | 21/58 [00:01<00:01, 19.93it/s, loss=10.7217]
  Epoch 14/30:  36%|████████████▎                     | 21/58 [00:01<00:01, 19.93it/s, loss=10.9165]
  Epoch 14/30:  36%|████████████▎                     | 21/58 [00:01<00:01, 19.93it/s, loss=13.1391]
  Epoch 14/30:  41%|██████████████                    | 24/58 [00:01<00:01, 20.02it/s, loss=13.1391]
  Epoch 14/30:  41%|██████████████                    | 24/58 [00:01<00:01, 20.02it/s, loss=12.9207]
  Epoch 14/30:  41%|██████████████                    | 24/58 [00:01<00:01, 20.02it/s, loss=11.4168]
  Epoch 14/30:  41%|██████████████                    | 24/58 [00:01<00:01, 20.02it/s, loss=12.1061]
  Epoch 14/30:  47%|███████████████▊                  | 27/58 [00:01<00:01, 19.92it/s, loss=12.1061]
  Epoch 14/30:  47%|████████████████▎                  | 27/58 [00:01<00:01, 19.92it/s, loss=9.4935]
  Epoch 14/30:  47%|███████████████▊                  | 27/58 [00:01<00:01, 19.92it/s, loss=10.5035]
  Epoch 14/30:  47%|███████████████▊                  | 27/58 [00:01<00:01, 19.92it/s, loss=10.2972]
  Epoch 14/30:  52%|█████████████████▌                | 30/58 [00:01<00:01, 19.91it/s, loss=10.2972]
  Epoch 14/30:  52%|█████████████████▌                | 30/58 [00:01<00:01, 19.91it/s, loss=10.4764]
  Epoch 14/30:  52%|█████████████████▌                | 30/58 [00:01<00:01, 19.91it/s, loss=10.6570]
  Epoch 14/30:  52%|█████████████████▌                | 30/58 [00:01<00:01, 19.91it/s, loss=11.5091]
  Epoch 14/30:  57%|███████████████████▎              | 33/58 [00:01<00:01, 19.57it/s, loss=11.5091]
  Epoch 14/30:  57%|███████████████████▎              | 33/58 [00:01<00:01, 19.57it/s, loss=12.0475]
  Epoch 14/30:  57%|███████████████████▉               | 33/58 [00:01<00:01, 19.57it/s, loss=8.5614]
  Epoch 14/30:  60%|█████████████████████              | 35/58 [00:01<00:01, 19.37it/s, loss=8.5614]
  Epoch 14/30:  60%|████████████████████▌             | 35/58 [00:01<00:01, 19.37it/s, loss=10.1490]
  Epoch 14/30:  60%|████████████████████▌             | 35/58 [00:01<00:01, 19.37it/s, loss=11.7183]
  Epoch 14/30:  64%|█████████████████████▋            | 37/58 [00:01<00:01, 19.21it/s, loss=11.7183]
  Epoch 14/30:  64%|██████████████████████▎            | 37/58 [00:01<00:01, 19.21it/s, loss=9.5784]
  Epoch 14/30:  64%|██████████████████████▎            | 37/58 [00:01<00:01, 19.21it/s, loss=8.9148]
  Epoch 14/30:  67%|███████████████████████▌           | 39/58 [00:01<00:01, 18.21it/s, loss=8.9148]
  Epoch 14/30:  67%|███████████████████████▌           | 39/58 [00:02<00:01, 18.21it/s, loss=9.4489]
  Epoch 14/30:  67%|███████████████████████▌           | 39/58 [00:02<00:01, 18.21it/s, loss=9.5641]
  Epoch 14/30:  67%|██████████████████████▊           | 39/58 [00:02<00:01, 18.21it/s, loss=10.4410]
  Epoch 14/30:  72%|████████████████████████▌         | 42/58 [00:02<00:00, 19.17it/s, loss=10.4410]
  Epoch 14/30:  72%|████████████████████████▌         | 42/58 [00:02<00:00, 19.17it/s, loss=10.2643]
  Epoch 14/30:  72%|████████████████████████▌         | 42/58 [00:02<00:00, 19.17it/s, loss=10.4563]
  Epoch 14/30:  76%|█████████████████████████▊        | 44/58 [00:02<00:00, 19.12it/s, loss=10.4563]
  Epoch 14/30:  76%|██████████████████████████▌        | 44/58 [00:02<00:00, 19.12it/s, loss=9.6266]
  Epoch 14/30:  76%|█████████████████████████▊        | 44/58 [00:02<00:00, 19.12it/s, loss=10.3117]
  Epoch 14/30:  76%|██████████████████████████▌        | 44/58 [00:02<00:00, 19.12it/s, loss=9.8109]
  Epoch 14/30:  81%|████████████████████████████▎      | 47/58 [00:02<00:00, 20.37it/s, loss=9.8109]
  Epoch 14/30:  81%|███████████████████████████▌      | 47/58 [00:02<00:00, 20.37it/s, loss=10.2814]
  Epoch 14/30:  81%|████████████████████████████▎      | 47/58 [00:02<00:00, 20.37it/s, loss=8.4991]
  Epoch 14/30:  81%|████████████████████████████▎      | 47/58 [00:02<00:00, 20.37it/s, loss=9.5355]
  Epoch 14/30:  86%|██████████████████████████████▏    | 50/58 [00:02<00:00, 22.13it/s, loss=9.5355]
  Epoch 14/30:  86%|██████████████████████████████▏    | 50/58 [00:02<00:00, 22.13it/s, loss=8.8734]
  Epoch 14/30:  86%|██████████████████████████████▏    | 50/58 [00:02<00:00, 22.13it/s, loss=9.1532]
  Epoch 14/30:  86%|█████████████████████████████▎    | 50/58 [00:02<00:00, 22.13it/s, loss=10.4494]
  Epoch 14/30:  91%|███████████████████████████████   | 53/58 [00:02<00:00, 22.81it/s, loss=10.4494]
  Epoch 14/30:  91%|███████████████████████████████▉   | 53/58 [00:02<00:00, 22.81it/s, loss=9.1256]
  Epoch 14/30:  91%|███████████████████████████████▉   | 53/58 [00:02<00:00, 22.81it/s, loss=8.7855]
  Epoch 14/30:  91%|███████████████████████████████   | 53/58 [00:02<00:00, 22.81it/s, loss=10.9853]
  Epoch 14/30:  97%|████████████████████████████████▊ | 56/58 [00:02<00:00, 22.31it/s, loss=10.9853]
  Epoch 14/30:  97%|████████████████████████████████▊ | 56/58 [00:02<00:00, 22.31it/s, loss=10.2869]
  Epoch 14/30:  97%|█████████████████████████████████▊ | 56/58 [00:02<00:00, 22.31it/s, loss=4.0993]
                                                                                                    

  Epoch 15/30:   0%|                                                         | 0/58 [00:00<?, ?it/s]
  Epoch 15/30:   0%|                                           | 0/58 [00:00<?, ?it/s, loss=10.3999]
  Epoch 15/30:   0%|                                            | 0/58 [00:00<?, ?it/s, loss=8.8299]
  Epoch 15/30:   0%|                                           | 0/58 [00:00<?, ?it/s, loss=10.4372]
  Epoch 15/30:   5%|█▊                                 | 3/58 [00:00<00:02, 27.12it/s, loss=10.4372]
  Epoch 15/30:   5%|█▊                                  | 3/58 [00:00<00:02, 27.12it/s, loss=8.7725]
  Epoch 15/30:   5%|█▊                                  | 3/58 [00:00<00:02, 27.12it/s, loss=9.5528]
  Epoch 15/30:   5%|█▊                                  | 3/58 [00:00<00:02, 27.12it/s, loss=8.2422]
  Epoch 15/30:   5%|█▊                                 | 3/58 [00:00<00:02, 27.12it/s, loss=11.2769]
  Epoch 15/30:  12%|████▏                              | 7/58 [00:00<00:01, 28.01it/s, loss=11.2769]
  Epoch 15/30:  12%|████▎                               | 7/58 [00:00<00:01, 28.01it/s, loss=8.2525]
  Epoch 15/30:  12%|████▎                               | 7/58 [00:00<00:01, 28.01it/s, loss=8.3854]
  Epoch 15/30:  12%|████▎                               | 7/58 [00:00<00:01, 28.01it/s, loss=8.8809]
  Epoch 15/30:  17%|██████                             | 10/58 [00:00<00:01, 25.87it/s, loss=8.8809]
  Epoch 15/30:  17%|██████                             | 10/58 [00:00<00:01, 25.87it/s, loss=8.5210]
  Epoch 15/30:  17%|██████                             | 10/58 [00:00<00:01, 25.87it/s, loss=8.6830]
  Epoch 15/30:  17%|██████                             | 10/58 [00:00<00:01, 25.87it/s, loss=8.9075]
  Epoch 15/30:  22%|███████▊                           | 13/58 [00:00<00:01, 23.53it/s, loss=8.9075]
  Epoch 15/30:  22%|███████▌                          | 13/58 [00:00<00:01, 23.53it/s, loss=10.2209]
  Epoch 15/30:  22%|███████▊                           | 13/58 [00:00<00:01, 23.53it/s, loss=8.8233]
  Epoch 15/30:  22%|███████▊                           | 13/58 [00:00<00:01, 23.53it/s, loss=9.5609]
  Epoch 15/30:  28%|█████████▋                         | 16/58 [00:00<00:01, 22.37it/s, loss=9.5609]
  Epoch 15/30:  28%|█████████▋                         | 16/58 [00:00<00:01, 22.37it/s, loss=8.6757]
  Epoch 15/30:  28%|█████████▋                         | 16/58 [00:00<00:01, 22.37it/s, loss=8.4808]
  Epoch 15/30:  28%|█████████▋                         | 16/58 [00:00<00:01, 22.37it/s, loss=8.1996]
  Epoch 15/30:  33%|███████████▍                       | 19/58 [00:00<00:01, 21.75it/s, loss=8.1996]
  Epoch 15/30:  33%|███████████▍                       | 19/58 [00:00<00:01, 21.75it/s, loss=8.6594]
  Epoch 15/30:  33%|███████████▍                       | 19/58 [00:00<00:01, 21.75it/s, loss=7.5364]
  Epoch 15/30:  33%|███████████▍                       | 19/58 [00:00<00:01, 21.75it/s, loss=9.5573]
  Epoch 15/30:  38%|█████████████▎                     | 22/58 [00:00<00:01, 21.49it/s, loss=9.5573]
  Epoch 15/30:  38%|█████████████▎                     | 22/58 [00:01<00:01, 21.49it/s, loss=8.9063]
  Epoch 15/30:  38%|█████████████▎                     | 22/58 [00:01<00:01, 21.49it/s, loss=8.1120]
  Epoch 15/30:  38%|█████████████▎                     | 22/58 [00:01<00:01, 21.49it/s, loss=8.1474]
  Epoch 15/30:  43%|███████████████                    | 25/58 [00:01<00:01, 21.08it/s, loss=8.1474]
  Epoch 15/30:  43%|███████████████                    | 25/58 [00:01<00:01, 21.08it/s, loss=8.6833]
  Epoch 15/30:  43%|███████████████                    | 25/58 [00:01<00:01, 21.08it/s, loss=8.0513]
  Epoch 15/30:  43%|███████████████                    | 25/58 [00:01<00:01, 21.08it/s, loss=7.5010]
  Epoch 15/30:  48%|████████████████▉                  | 28/58 [00:01<00:01, 19.72it/s, loss=7.5010]
  Epoch 15/30:  48%|████████████████▉                  | 28/58 [00:01<00:01, 19.72it/s, loss=7.4544]
  Epoch 15/30:  48%|████████████████▉                  | 28/58 [00:01<00:01, 19.72it/s, loss=9.2284]
  Epoch 15/30:  52%|██████████████████                 | 30/58 [00:01<00:01, 18.94it/s, loss=9.2284]
  Epoch 15/30:  52%|██████████████████                 | 30/58 [00:01<00:01, 18.94it/s, loss=7.0838]
  Epoch 15/30:  52%|██████████████████                 | 30/58 [00:01<00:01, 18.94it/s, loss=7.9954]
  Epoch 15/30:  55%|███████████████████▎               | 32/58 [00:01<00:01, 18.59it/s, loss=7.9954]
  Epoch 15/30:  55%|███████████████████▎               | 32/58 [00:01<00:01, 18.59it/s, loss=8.9531]
  Epoch 15/30:  55%|███████████████████▎               | 32/58 [00:01<00:01, 18.59it/s, loss=7.2194]
  Epoch 15/30:  59%|████████████████████▌              | 34/58 [00:01<00:01, 17.88it/s, loss=7.2194]
  Epoch 15/30:  59%|████████████████████▌              | 34/58 [00:01<00:01, 17.88it/s, loss=8.2795]
  Epoch 15/30:  59%|████████████████████▌              | 34/58 [00:01<00:01, 17.88it/s, loss=7.3616]
  Epoch 15/30:  62%|█████████████████████▋             | 36/58 [00:01<00:01, 17.44it/s, loss=7.3616]
  Epoch 15/30:  62%|█████████████████████▋             | 36/58 [00:01<00:01, 17.44it/s, loss=8.5908]
  Epoch 15/30:  62%|█████████████████████▋             | 36/58 [00:01<00:01, 17.44it/s, loss=7.9904]
  Epoch 15/30:  66%|██████████████████████▉            | 38/58 [00:01<00:01, 17.34it/s, loss=7.9904]
  Epoch 15/30:  66%|██████████████████████▉            | 38/58 [00:01<00:01, 17.34it/s, loss=7.0483]
  Epoch 15/30:  66%|██████████████████████▉            | 38/58 [00:02<00:01, 17.34it/s, loss=8.6314]
  Epoch 15/30:  69%|████████████████████████▏          | 40/58 [00:02<00:01, 16.92it/s, loss=8.6314]
  Epoch 15/30:  69%|████████████████████████▏          | 40/58 [00:02<00:01, 16.92it/s, loss=7.4542]
  Epoch 15/30:  69%|████████████████████████▏          | 40/58 [00:02<00:01, 16.92it/s, loss=8.0584]
  Epoch 15/30:  72%|█████████████████████████▎         | 42/58 [00:02<00:00, 16.80it/s, loss=8.0584]
  Epoch 15/30:  72%|█████████████████████████▎         | 42/58 [00:02<00:00, 16.80it/s, loss=6.9886]
  Epoch 15/30:  72%|█████████████████████████▎         | 42/58 [00:02<00:00, 16.80it/s, loss=8.1154]
  Epoch 15/30:  76%|██████████████████████████▌        | 44/58 [00:02<00:00, 16.52it/s, loss=8.1154]
  Epoch 15/30:  76%|██████████████████████████▌        | 44/58 [00:02<00:00, 16.52it/s, loss=7.4012]
  Epoch 15/30:  76%|██████████████████████████▌        | 44/58 [00:02<00:00, 16.52it/s, loss=7.9998]
  Epoch 15/30:  79%|███████████████████████████▊       | 46/58 [00:02<00:00, 16.43it/s, loss=7.9998]
  Epoch 15/30:  79%|███████████████████████████▊       | 46/58 [00:02<00:00, 16.43it/s, loss=7.7885]
  Epoch 15/30:  79%|███████████████████████████▊       | 46/58 [00:02<00:00, 16.43it/s, loss=8.7899]
  Epoch 15/30:  83%|████████████████████████████▉      | 48/58 [00:02<00:00, 16.22it/s, loss=8.7899]
  Epoch 15/30:  83%|████████████████████████████▉      | 48/58 [00:02<00:00, 16.22it/s, loss=8.9518]
  Epoch 15/30:  83%|████████████████████████████▉      | 48/58 [00:02<00:00, 16.22it/s, loss=7.9060]
  Epoch 15/30:  86%|██████████████████████████████▏    | 50/58 [00:02<00:00, 16.29it/s, loss=7.9060]
  Epoch 15/30:  86%|██████████████████████████████▏    | 50/58 [00:02<00:00, 16.29it/s, loss=7.5671]
  Epoch 15/30:  86%|██████████████████████████████▏    | 50/58 [00:02<00:00, 16.29it/s, loss=7.0530]
  Epoch 15/30:  90%|███████████████████████████████▍   | 52/58 [00:02<00:00, 16.23it/s, loss=7.0530]
  Epoch 15/30:  90%|███████████████████████████████▍   | 52/58 [00:02<00:00, 16.23it/s, loss=7.3350]
  Epoch 15/30:  90%|███████████████████████████████▍   | 52/58 [00:02<00:00, 16.23it/s, loss=8.1071]
  Epoch 15/30:  93%|████████████████████████████████▌  | 54/58 [00:02<00:00, 16.18it/s, loss=8.1071]
  Epoch 15/30:  93%|████████████████████████████████▌  | 54/58 [00:02<00:00, 16.18it/s, loss=6.5149]
  Epoch 15/30:  93%|████████████████████████████████▌  | 54/58 [00:02<00:00, 16.18it/s, loss=6.7446]
  Epoch 15/30:  93%|████████████████████████████████▌  | 54/58 [00:02<00:00, 16.18it/s, loss=7.1207]
  Epoch 15/30:  98%|██████████████████████████████████▍| 57/58 [00:02<00:00, 18.50it/s, loss=7.1207]
  Epoch 15/30:  98%|██████████████████████████████████▍| 57/58 [00:03<00:00, 18.50it/s, loss=5.2786]
                                                                                                    
  Epoch 15/30 │ Loss: 8.2633 │ T+1: -7343.2056 │ T+2: -25.4968 │ T+3: -6251.5703 ★ NEW BEST

  Epoch 16/30:   0%|                                                         | 0/58 [00:00<?, ?it/s]
  Epoch 16/30:   0%|                                            | 0/58 [00:00<?, ?it/s, loss=6.9587]
  Epoch 16/30:   0%|                                            | 0/58 [00:00<?, ?it/s, loss=6.2746]
  Epoch 16/30:   3%|█▏                                  | 2/58 [00:00<00:02, 19.13it/s, loss=6.2746]
  Epoch 16/30:   3%|█▏                                  | 2/58 [00:00<00:02, 19.13it/s, loss=7.1320]
  Epoch 16/30:   3%|█▏                                  | 2/58 [00:00<00:02, 19.13it/s, loss=7.2463]
  Epoch 16/30:   3%|█▏                                  | 2/58 [00:00<00:02, 19.13it/s, loss=7.4883]
  Epoch 16/30:   9%|███                                 | 5/58 [00:00<00:02, 20.12it/s, loss=7.4883]
  Epoch 16/30:   9%|███                                 | 5/58 [00:00<00:02, 20.12it/s, loss=8.4162]
  Epoch 16/30:   9%|███                                 | 5/58 [00:00<00:02, 20.12it/s, loss=7.3090]
  Epoch 16/30:   9%|███                                 | 5/58 [00:00<00:02, 20.12it/s, loss=7.0882]
  Epoch 16/30:  14%|████▉                               | 8/58 [00:00<00:02, 20.12it/s, loss=7.0882]
  Epoch 16/30:  14%|████▉                               | 8/58 [00:00<00:02, 20.12it/s, loss=7.9517]
  Epoch 16/30:  14%|████▉                               | 8/58 [00:00<00:02, 20.12it/s, loss=7.5112]
  Epoch 16/30:  14%|████▉                               | 8/58 [00:00<00:02, 20.12it/s, loss=7.1954]
  Epoch 16/30:  19%|██████▋                            | 11/58 [00:00<00:02, 20.55it/s, loss=7.1954]
  Epoch 16/30:  19%|██████▋                            | 11/58 [00:00<00:02, 20.55it/s, loss=6.8986]
  Epoch 16/30:  19%|██████▋                            | 11/58 [00:00<00:02, 20.55it/s, loss=6.8650]
  Epoch 16/30:  19%|██████▋                            | 11/58 [00:00<00:02, 20.55it/s, loss=7.2921]
  Epoch 16/30:  24%|████████▍                          | 14/58 [00:00<00:02, 19.83it/s, loss=7.2921]
  Epoch 16/30:  24%|████████▍                          | 14/58 [00:00<00:02, 19.83it/s, loss=6.7369]
  Epoch 16/30:  24%|████████▍                          | 14/58 [00:00<00:02, 19.83it/s, loss=6.7964]
  Epoch 16/30:  28%|█████████▋                         | 16/58 [00:00<00:02, 19.77it/s, loss=6.7964]
  Epoch 16/30:  28%|█████████▋                         | 16/58 [00:00<00:02, 19.77it/s, loss=7.1777]
  Epoch 16/30:  28%|█████████▋                         | 16/58 [00:00<00:02, 19.77it/s, loss=6.2988]
  Epoch 16/30:  28%|█████████▋                         | 16/58 [00:00<00:02, 19.77it/s, loss=6.6305]
  Epoch 16/30:  33%|███████████▍                       | 19/58 [00:00<00:01, 20.11it/s, loss=6.6305]
  Epoch 16/30:  33%|███████████▍                       | 19/58 [00:00<00:01, 20.11it/s, loss=6.3194]
  Epoch 16/30:  33%|███████████▍                       | 19/58 [00:01<00:01, 20.11it/s, loss=6.8481]
  Epoch 16/30:  33%|███████████▍                       | 19/58 [00:01<00:01, 20.11it/s, loss=6.8036]
  Epoch 16/30:  38%|█████████████▎                     | 22/58 [00:01<00:01, 21.78it/s, loss=6.8036]
  Epoch 16/30:  38%|█████████████▎                     | 22/58 [00:01<00:01, 21.78it/s, loss=5.9618]
  Epoch 16/30:  38%|█████████████▎                     | 22/58 [00:01<00:01, 21.78it/s, loss=7.3069]
  Epoch 16/30:  38%|█████████████▎                     | 22/58 [00:01<00:01, 21.78it/s, loss=6.7363]
  Epoch 16/30:  43%|███████████████                    | 25/58 [00:01<00:01, 20.66it/s, loss=6.7363]
  Epoch 16/30:  43%|███████████████                    | 25/58 [00:01<00:01, 20.66it/s, loss=6.0352]
  Epoch 16/30:  43%|███████████████                    | 25/58 [00:01<00:01, 20.66it/s, loss=6.8988]
  Epoch 16/30:  43%|███████████████                    | 25/58 [00:01<00:01, 20.66it/s, loss=5.7149]
  Epoch 16/30:  48%|████████████████▉                  | 28/58 [00:01<00:01, 20.76it/s, loss=5.7149]
  Epoch 16/30:  48%|████████████████▉                  | 28/58 [00:01<00:01, 20.76it/s, loss=6.1897]
  Epoch 16/30:  48%|████████████████▉                  | 28/58 [00:01<00:01, 20.76it/s, loss=6.6973]
  Epoch 16/30:  48%|████████████████▉                  | 28/58 [00:01<00:01, 20.76it/s, loss=6.3241]
  Epoch 16/30:  53%|██████████████████▋                | 31/58 [00:01<00:01, 21.99it/s, loss=6.3241]
  Epoch 16/30:  53%|██████████████████▋                | 31/58 [00:01<00:01, 21.99it/s, loss=5.6228]
  Epoch 16/30:  53%|██████████████████▋                | 31/58 [00:01<00:01, 21.99it/s, loss=6.5195]
  Epoch 16/30:  53%|██████████████████▋                | 31/58 [00:01<00:01, 21.99it/s, loss=5.6861]
  Epoch 16/30:  59%|████████████████████▌              | 34/58 [00:01<00:01, 22.96it/s, loss=5.6861]
  Epoch 16/30:  59%|████████████████████▌              | 34/58 [00:01<00:01, 22.96it/s, loss=6.4694]
  Epoch 16/30:  59%|████████████████████▌              | 34/58 [00:01<00:01, 22.96it/s, loss=7.0188]
  Epoch 16/30:  59%|████████████████████▌              | 34/58 [00:01<00:01, 22.96it/s, loss=6.5407]
  Epoch 16/30:  59%|████████████████████▌              | 34/58 [00:01<00:01, 22.96it/s, loss=5.2973]
  Epoch 16/30:  66%|██████████████████████▉            | 38/58 [00:01<00:00, 26.48it/s, loss=5.2973]
  Epoch 16/30:  66%|██████████████████████▉            | 38/58 [00:01<00:00, 26.48it/s, loss=6.1712]
  Epoch 16/30:  66%|██████████████████████▉            | 38/58 [00:01<00:00, 26.48it/s, loss=5.4594]
  Epoch 16/30:  66%|██████████████████████▉            | 38/58 [00:01<00:00, 26.48it/s, loss=5.9185]
  Epoch 16/30:  71%|████████████████████████▋          | 41/58 [00:01<00:00, 26.09it/s, loss=5.9185]
  Epoch 16/30:  71%|████████████████████████▋          | 41/58 [00:01<00:00, 26.09it/s, loss=5.9307]
  Epoch 16/30:  71%|████████████████████████▋          | 41/58 [00:01<00:00, 26.09it/s, loss=6.1402]
  Epoch 16/30:  71%|████████████████████████▋          | 41/58 [00:01<00:00, 26.09it/s, loss=4.9576]
  Epoch 16/30:  76%|██████████████████████████▌        | 44/58 [00:01<00:00, 26.85it/s, loss=4.9576]
  Epoch 16/30:  76%|██████████████████████████▌        | 44/58 [00:01<00:00, 26.85it/s, loss=5.6781]
  Epoch 16/30:  76%|██████████████████████████▌        | 44/58 [00:02<00:00, 26.85it/s, loss=5.4184]
  Epoch 16/30:  76%|██████████████████████████▌        | 44/58 [00:02<00:00, 26.85it/s, loss=5.9485]
  Epoch 16/30:  81%|████████████████████████████▎      | 47/58 [00:02<00:00, 27.09it/s, loss=5.9485]
  Epoch 16/30:  81%|████████████████████████████▎      | 47/58 [00:02<00:00, 27.09it/s, loss=5.6247]
  Epoch 16/30:  81%|████████████████████████████▎      | 47/58 [00:02<00:00, 27.09it/s, loss=4.9620]
  Epoch 16/30:  81%|████████████████████████████▎      | 47/58 [00:02<00:00, 27.09it/s, loss=5.6517]
  Epoch 16/30:  86%|██████████████████████████████▏    | 50/58 [00:02<00:00, 23.96it/s, loss=5.6517]
  Epoch 16/30:  86%|██████████████████████████████▏    | 50/58 [00:02<00:00, 23.96it/s, loss=5.7205]
  Epoch 16/30:  86%|██████████████████████████████▏    | 50/58 [00:02<00:00, 23.96it/s, loss=5.7137]
  Epoch 16/30:  86%|██████████████████████████████▏    | 50/58 [00:02<00:00, 23.96it/s, loss=5.6396]
  Epoch 16/30:  91%|███████████████████████████████▉   | 53/58 [00:02<00:00, 23.42it/s, loss=5.6396]
  Epoch 16/30:  91%|███████████████████████████████▉   | 53/58 [00:02<00:00, 23.42it/s, loss=5.7234]
  Epoch 16/30:  91%|███████████████████████████████▉   | 53/58 [00:02<00:00, 23.42it/s, loss=6.1613]
  Epoch 16/30:  91%|███████████████████████████████▉   | 53/58 [00:02<00:00, 23.42it/s, loss=6.1077]
  Epoch 16/30:  97%|█████████████████████████████████▊ | 56/58 [00:02<00:00, 24.17it/s, loss=6.1077]
  Epoch 16/30:  97%|█████████████████████████████████▊ | 56/58 [00:02<00:00, 24.17it/s, loss=5.3412]
  Epoch 16/30:  97%|█████████████████████████████████▊ | 56/58 [00:02<00:00, 24.17it/s, loss=2.9542]
                                                                                                    

  Epoch 17/30:   0%|                                                         | 0/58 [00:00<?, ?it/s]
  Epoch 17/30:   0%|                                            | 0/58 [00:00<?, ?it/s, loss=5.0081]
  Epoch 17/30:   0%|                                            | 0/58 [00:00<?, ?it/s, loss=5.6223]
  Epoch 17/30:   0%|                                            | 0/58 [00:00<?, ?it/s, loss=5.5455]
  Epoch 17/30:   5%|█▊                                  | 3/58 [00:00<00:02, 27.16it/s, loss=5.5455]
  Epoch 17/30:   5%|█▊                                  | 3/58 [00:00<00:02, 27.16it/s, loss=6.3059]
  Epoch 17/30:   5%|█▊                                  | 3/58 [00:00<00:02, 27.16it/s, loss=5.0102]
  Epoch 17/30:   5%|█▊                                  | 3/58 [00:00<00:02, 27.16it/s, loss=5.6891]
  Epoch 17/30:  10%|███▋                                | 6/58 [00:00<00:02, 23.86it/s, loss=5.6891]
  Epoch 17/30:  10%|███▋                                | 6/58 [00:00<00:02, 23.86it/s, loss=5.6374]
  Epoch 17/30:  10%|███▋                                | 6/58 [00:00<00:02, 23.86it/s, loss=5.4422]
  Epoch 17/30:  10%|███▋                                | 6/58 [00:00<00:02, 23.86it/s, loss=5.2593]
  Epoch 17/30:  16%|█████▌                              | 9/58 [00:00<00:02, 20.30it/s, loss=5.2593]
  Epoch 17/30:  16%|█████▌                              | 9/58 [00:00<00:02, 20.30it/s, loss=5.3320]
  Epoch 17/30:  16%|█████▌                              | 9/58 [00:00<00:02, 20.30it/s, loss=5.8515]
  Epoch 17/30:  16%|█████▌                              | 9/58 [00:00<00:02, 20.30it/s, loss=4.8076]
  Epoch 17/30:  21%|███████▏                           | 12/58 [00:00<00:02, 19.56it/s, loss=4.8076]
  Epoch 17/30:  21%|███████▏                           | 12/58 [00:00<00:02, 19.56it/s, loss=6.1098]
  Epoch 17/30:  21%|███████▏                           | 12/58 [00:00<00:02, 19.56it/s, loss=5.1337]
  Epoch 17/30:  21%|███████▏                           | 12/58 [00:00<00:02, 19.56it/s, loss=5.1258]
  Epoch 17/30:  26%|█████████                          | 15/58 [00:00<00:02, 19.52it/s, loss=5.1258]
  Epoch 17/30:  26%|█████████                          | 15/58 [00:00<00:02, 19.52it/s, loss=5.2347]
  Epoch 17/30:  26%|█████████                          | 15/58 [00:00<00:02, 19.52it/s, loss=4.6735]
  Epoch 17/30:  26%|█████████                          | 15/58 [00:00<00:02, 19.52it/s, loss=5.5615]
  Epoch 17/30:  31%|██████████▊                        | 18/58 [00:00<00:01, 20.23it/s, loss=5.5615]
  Epoch 17/30:  31%|██████████▊                        | 18/58 [00:00<00:01, 20.23it/s, loss=4.9882]
  Epoch 17/30:  31%|██████████▊                        | 18/58 [00:00<00:01, 20.23it/s, loss=5.0171]
  Epoch 17/30:  31%|██████████▊                        | 18/58 [00:01<00:01, 20.23it/s, loss=4.8823]
  Epoch 17/30:  36%|████████████▋                      | 21/58 [00:01<00:01, 20.06it/s, loss=4.8823]
  Epoch 17/30:  36%|████████████▋                      | 21/58 [00:01<00:01, 20.06it/s, loss=5.0881]
  Epoch 17/30:  36%|████████████▋                      | 21/58 [00:01<00:01, 20.06it/s, loss=4.9388]
  Epoch 17/30:  36%|████████████▋                      | 21/58 [00:01<00:01, 20.06it/s, loss=5.1867]
  Epoch 17/30:  41%|██████████████▍                    | 24/58 [00:01<00:01, 20.33it/s, loss=5.1867]
  Epoch 17/30:  41%|██████████████▍                    | 24/58 [00:01<00:01, 20.33it/s, loss=5.1496]
  Epoch 17/30:  41%|██████████████▍                    | 24/58 [00:01<00:01, 20.33it/s, loss=4.8629]
  Epoch 17/30:  41%|██████████████▍                    | 24/58 [00:01<00:01, 20.33it/s, loss=5.4235]
  Epoch 17/30:  47%|████████████████▎                  | 27/58 [00:01<00:01, 20.70it/s, loss=5.4235]
  Epoch 17/30:  47%|████████████████▎                  | 27/58 [00:01<00:01, 20.70it/s, loss=5.2395]
  Epoch 17/30:  47%|████████████████▎                  | 27/58 [00:01<00:01, 20.70it/s, loss=4.9487]
  Epoch 17/30:  47%|████████████████▎                  | 27/58 [00:01<00:01, 20.70it/s, loss=4.6618]
  Epoch 17/30:  52%|██████████████████                 | 30/58 [00:01<00:01, 20.85it/s, loss=4.6618]
  Epoch 17/30:  52%|██████████████████                 | 30/58 [00:01<00:01, 20.85it/s, loss=4.4423]
  Epoch 17/30:  52%|██████████████████                 | 30/58 [00:01<00:01, 20.85it/s, loss=4.8265]
  Epoch 17/30:  52%|██████████████████                 | 30/58 [00:01<00:01, 20.85it/s, loss=4.6041]
  Epoch 17/30:  57%|███████████████████▉               | 33/58 [00:01<00:01, 20.45it/s, loss=4.6041]
  Epoch 17/30:  57%|███████████████████▉               | 33/58 [00:01<00:01, 20.45it/s, loss=4.7853]
  Epoch 17/30:  57%|███████████████████▉               | 33/58 [00:01<00:01, 20.45it/s, loss=4.6230]
  Epoch 17/30:  57%|███████████████████▉               | 33/58 [00:01<00:01, 20.45it/s, loss=4.8573]
  Epoch 17/30:  62%|█████████████████████▋             | 36/58 [00:01<00:00, 22.16it/s, loss=4.8573]
  Epoch 17/30:  62%|█████████████████████▋             | 36/58 [00:01<00:00, 22.16it/s, loss=4.5045]
  Epoch 17/30:  62%|█████████████████████▋             | 36/58 [00:01<00:00, 22.16it/s, loss=4.6082]
  Epoch 17/30:  62%|█████████████████████▋             | 36/58 [00:01<00:00, 22.16it/s, loss=4.9367]
  Epoch 17/30:  67%|███████████████████████▌           | 39/58 [00:01<00:00, 23.57it/s, loss=4.9367]
  Epoch 17/30:  67%|███████████████████████▌           | 39/58 [00:01<00:00, 23.57it/s, loss=4.4301]
  Epoch 17/30:  67%|███████████████████████▌           | 39/58 [00:01<00:00, 23.57it/s, loss=4.6179]
  Epoch 17/30:  67%|███████████████████████▌           | 39/58 [00:01<00:00, 23.57it/s, loss=5.0783]
  Epoch 17/30:  72%|█████████████████████████▎         | 42/58 [00:01<00:00, 24.44it/s, loss=5.0783]
  Epoch 17/30:  72%|█████████████████████████▎         | 42/58 [00:01<00:00, 24.44it/s, loss=5.1851]
  Epoch 17/30:  72%|█████████████████████████▎         | 42/58 [00:02<00:00, 24.44it/s, loss=4.5741]
  Epoch 17/30:  72%|█████████████████████████▎         | 42/58 [00:02<00:00, 24.44it/s, loss=4.8604]
  Epoch 17/30:  78%|███████████████████████████▏       | 45/58 [00:02<00:00, 24.53it/s, loss=4.8604]
  Epoch 17/30:  78%|███████████████████████████▏       | 45/58 [00:02<00:00, 24.53it/s, loss=4.9788]
  Epoch 17/30:  78%|███████████████████████████▏       | 45/58 [00:02<00:00, 24.53it/s, loss=4.3371]
  Epoch 17/30:  78%|███████████████████████████▏       | 45/58 [00:02<00:00, 24.53it/s, loss=4.3145]
  Epoch 17/30:  83%|████████████████████████████▉      | 48/58 [00:02<00:00, 24.20it/s, loss=4.3145]
  Epoch 17/30:  83%|████████████████████████████▉      | 48/58 [00:02<00:00, 24.20it/s, loss=4.7352]
  Epoch 17/30:  83%|████████████████████████████▉      | 48/58 [00:02<00:00, 24.20it/s, loss=4.9025]
  Epoch 17/30:  83%|████████████████████████████▉      | 48/58 [00:02<00:00, 24.20it/s, loss=5.0947]
  Epoch 17/30:  88%|██████████████████████████████▊    | 51/58 [00:02<00:00, 23.42it/s, loss=5.0947]
  Epoch 17/30:  88%|██████████████████████████████▊    | 51/58 [00:02<00:00, 23.42it/s, loss=5.0105]
  Epoch 17/30:  88%|██████████████████████████████▊    | 51/58 [00:02<00:00, 23.42it/s, loss=5.2817]
  Epoch 17/30:  88%|██████████████████████████████▊    | 51/58 [00:02<00:00, 23.42it/s, loss=3.9790]
  Epoch 17/30:  93%|████████████████████████████████▌  | 54/58 [00:02<00:00, 22.50it/s, loss=3.9790]
  Epoch 17/30:  93%|████████████████████████████████▌  | 54/58 [00:02<00:00, 22.50it/s, loss=4.9424]
  Epoch 17/30:  93%|████████████████████████████████▌  | 54/58 [00:02<00:00, 22.50it/s, loss=4.8557]
  Epoch 17/30:  93%|████████████████████████████████▌  | 54/58 [00:02<00:00, 22.50it/s, loss=4.5252]
  Epoch 17/30:  98%|██████████████████████████████████▍| 57/58 [00:02<00:00, 22.80it/s, loss=4.5252]
  Epoch 17/30:  98%|██████████████████████████████████▍| 57/58 [00:02<00:00, 22.80it/s, loss=5.0242]
                                                                                                    

  Epoch 18/30:   0%|                                                         | 0/58 [00:00<?, ?it/s]
  Epoch 18/30:   0%|                                            | 0/58 [00:00<?, ?it/s, loss=4.3419]
  Epoch 18/30:   0%|                                            | 0/58 [00:00<?, ?it/s, loss=4.2350]
  Epoch 18/30:   0%|                                            | 0/58 [00:00<?, ?it/s, loss=4.2411]
  Epoch 18/30:   5%|█▊                                  | 3/58 [00:00<00:01, 28.67it/s, loss=4.2411]
  Epoch 18/30:   5%|█▊                                  | 3/58 [00:00<00:01, 28.67it/s, loss=4.2500]
  Epoch 18/30:   5%|█▊                                  | 3/58 [00:00<00:01, 28.67it/s, loss=4.6613]
  Epoch 18/30:   5%|█▊                                  | 3/58 [00:00<00:01, 28.67it/s, loss=3.5454]
  Epoch 18/30:  10%|███▋                                | 6/58 [00:00<00:02, 23.43it/s, loss=3.5454]
  Epoch 18/30:  10%|███▋                                | 6/58 [00:00<00:02, 23.43it/s, loss=4.5728]
  Epoch 18/30:  10%|███▋                                | 6/58 [00:00<00:02, 23.43it/s, loss=4.4433]
  Epoch 18/30:  10%|███▋                                | 6/58 [00:00<00:02, 23.43it/s, loss=4.5425]
  Epoch 18/30:  10%|███▋                                | 6/58 [00:00<00:02, 23.43it/s, loss=3.8237]
  Epoch 18/30:  17%|██████                             | 10/58 [00:00<00:01, 25.92it/s, loss=3.8237]
  Epoch 18/30:  17%|██████                             | 10/58 [00:00<00:01, 25.92it/s, loss=4.3975]
  Epoch 18/30:  17%|██████                             | 10/58 [00:00<00:01, 25.92it/s, loss=4.5493]
  Epoch 18/30:  17%|██████                             | 10/58 [00:00<00:01, 25.92it/s, loss=4.1981]
  Epoch 18/30:  22%|███████▊                           | 13/58 [00:00<00:02, 21.50it/s, loss=4.1981]
  Epoch 18/30:  22%|███████▊                           | 13/58 [00:00<00:02, 21.50it/s, loss=3.8268]
  Epoch 18/30:  22%|███████▊                           | 13/58 [00:00<00:02, 21.50it/s, loss=3.9039]
  Epoch 18/30:  22%|███████▊                           | 13/58 [00:00<00:02, 21.50it/s, loss=4.2442]
  Epoch 18/30:  28%|█████████▋                         | 16/58 [00:00<00:01, 21.26it/s, loss=4.2442]
  Epoch 18/30:  28%|█████████▋                         | 16/58 [00:00<00:01, 21.26it/s, loss=4.3008]
  Epoch 18/30:  28%|█████████▋                         | 16/58 [00:00<00:01, 21.26it/s, loss=4.7969]
  Epoch 18/30:  28%|█████████▋                         | 16/58 [00:00<00:01, 21.26it/s, loss=4.1019]
  Epoch 18/30:  33%|███████████▍                       | 19/58 [00:00<00:01, 20.42it/s, loss=4.1019]
  Epoch 18/30:  33%|███████████▍                       | 19/58 [00:00<00:01, 20.42it/s, loss=4.3535]
  Epoch 18/30:  33%|███████████▍                       | 19/58 [00:00<00:01, 20.42it/s, loss=4.1230]
  Epoch 18/30:  33%|███████████▍                       | 19/58 [00:01<00:01, 20.42it/s, loss=4.0989]
  Epoch 18/30:  38%|█████████████▎                     | 22/58 [00:01<00:01, 21.14it/s, loss=4.0989]
  Epoch 18/30:  38%|█████████████▎                     | 22/58 [00:01<00:01, 21.14it/s, loss=4.1219]
  Epoch 18/30:  38%|█████████████▎                     | 22/58 [00:01<00:01, 21.14it/s, loss=4.4737]
  Epoch 18/30:  38%|█████████████▎                     | 22/58 [00:01<00:01, 21.14it/s, loss=4.8754]
  Epoch 18/30:  43%|███████████████                    | 25/58 [00:01<00:01, 20.73it/s, loss=4.8754]
  Epoch 18/30:  43%|███████████████                    | 25/58 [00:01<00:01, 20.73it/s, loss=4.2921]
  Epoch 18/30:  43%|███████████████                    | 25/58 [00:01<00:01, 20.73it/s, loss=3.8228]
  Epoch 18/30:  43%|███████████████                    | 25/58 [00:01<00:01, 20.73it/s, loss=3.8278]
  Epoch 18/30:  48%|████████████████▉                  | 28/58 [00:01<00:01, 21.31it/s, loss=3.8278]
  Epoch 18/30:  48%|████████████████▉                  | 28/58 [00:01<00:01, 21.31it/s, loss=4.5414]
  Epoch 18/30:  48%|████████████████▉                  | 28/58 [00:01<00:01, 21.31it/s, loss=4.0251]
  Epoch 18/30:  48%|████████████████▉                  | 28/58 [00:01<00:01, 21.31it/s, loss=3.8027]
  Epoch 18/30:  53%|██████████████████▋                | 31/58 [00:01<00:01, 21.18it/s, loss=3.8027]
  Epoch 18/30:  53%|██████████████████▋                | 31/58 [00:01<00:01, 21.18it/s, loss=3.7697]
  Epoch 18/30:  53%|██████████████████▋                | 31/58 [00:01<00:01, 21.18it/s, loss=3.8552]
  Epoch 18/30:  53%|██████████████████▋                | 31/58 [00:01<00:01, 21.18it/s, loss=4.8003]
  Epoch 18/30:  53%|██████████████████▋                | 31/58 [00:01<00:01, 21.18it/s, loss=4.1544]
  Epoch 18/30:  60%|█████████████████████              | 35/58 [00:01<00:00, 23.05it/s, loss=4.1544]
  Epoch 18/30:  60%|█████████████████████              | 35/58 [00:01<00:00, 23.05it/s, loss=4.1651]
  Epoch 18/30:  60%|█████████████████████              | 35/58 [00:01<00:00, 23.05it/s, loss=3.5541]
  Epoch 18/30:  60%|█████████████████████              | 35/58 [00:01<00:00, 23.05it/s, loss=3.2305]
  Epoch 18/30:  66%|██████████████████████▉            | 38/58 [00:01<00:00, 22.79it/s, loss=3.2305]
  Epoch 18/30:  66%|██████████████████████▉            | 38/58 [00:01<00:00, 22.79it/s, loss=3.1037]
  Epoch 18/30:  66%|██████████████████████▉            | 38/58 [00:01<00:00, 22.79it/s, loss=3.4222]
  Epoch 18/30:  66%|██████████████████████▉            | 38/58 [00:01<00:00, 22.79it/s, loss=3.6252]
  Epoch 18/30:  71%|████████████████████████▋          | 41/58 [00:01<00:00, 22.22it/s, loss=3.6252]
  Epoch 18/30:  71%|████████████████████████▋          | 41/58 [00:01<00:00, 22.22it/s, loss=4.1369]
  Epoch 18/30:  71%|████████████████████████▋          | 41/58 [00:01<00:00, 22.22it/s, loss=3.3640]
  Epoch 18/30:  71%|████████████████████████▋          | 41/58 [00:01<00:00, 22.22it/s, loss=3.2705]
  Epoch 18/30:  76%|██████████████████████████▌        | 44/58 [00:01<00:00, 22.46it/s, loss=3.2705]
  Epoch 18/30:  76%|██████████████████████████▌        | 44/58 [00:02<00:00, 22.46it/s, loss=3.6312]
  Epoch 18/30:  76%|██████████████████████████▌        | 44/58 [00:02<00:00, 22.46it/s, loss=3.6743]
  Epoch 18/30:  76%|██████████████████████████▌        | 44/58 [00:02<00:00, 22.46it/s, loss=3.3227]
  Epoch 18/30:  81%|████████████████████████████▎      | 47/58 [00:02<00:00, 23.24it/s, loss=3.3227]
  Epoch 18/30:  81%|████████████████████████████▎      | 47/58 [00:02<00:00, 23.24it/s, loss=3.2818]
  Epoch 18/30:  81%|████████████████████████████▎      | 47/58 [00:02<00:00, 23.24it/s, loss=3.5514]
  Epoch 18/30:  81%|████████████████████████████▎      | 47/58 [00:02<00:00, 23.24it/s, loss=3.9078]
  Epoch 18/30:  86%|██████████████████████████████▏    | 50/58 [00:02<00:00, 21.66it/s, loss=3.9078]
  Epoch 18/30:  86%|██████████████████████████████▏    | 50/58 [00:02<00:00, 21.66it/s, loss=3.8945]
  Epoch 18/30:  86%|██████████████████████████████▏    | 50/58 [00:02<00:00, 21.66it/s, loss=3.6365]
  Epoch 18/30:  86%|██████████████████████████████▏    | 50/58 [00:02<00:00, 21.66it/s, loss=3.6668]
  Epoch 18/30:  91%|███████████████████████████████▉   | 53/58 [00:02<00:00, 22.99it/s, loss=3.6668]
  Epoch 18/30:  91%|███████████████████████████████▉   | 53/58 [00:02<00:00, 22.99it/s, loss=2.9083]
  Epoch 18/30:  91%|███████████████████████████████▉   | 53/58 [00:02<00:00, 22.99it/s, loss=3.3887]
  Epoch 18/30:  91%|███████████████████████████████▉   | 53/58 [00:02<00:00, 22.99it/s, loss=4.1478]
  Epoch 18/30:  97%|█████████████████████████████████▊ | 56/58 [00:02<00:00, 21.14it/s, loss=4.1478]
  Epoch 18/30:  97%|█████████████████████████████████▊ | 56/58 [00:02<00:00, 21.14it/s, loss=3.8482]
  Epoch 18/30:  97%|█████████████████████████████████▊ | 56/58 [00:02<00:00, 21.14it/s, loss=4.9923]
                                                                                                    

  Epoch 19/30:   0%|                                                         | 0/58 [00:00<?, ?it/s]
  Epoch 19/30:   0%|                                            | 0/58 [00:00<?, ?it/s, loss=4.1088]
  Epoch 19/30:   0%|                                            | 0/58 [00:00<?, ?it/s, loss=3.4292]
  Epoch 19/30:   0%|                                            | 0/58 [00:00<?, ?it/s, loss=2.9699]
  Epoch 19/30:   5%|█▊                                  | 3/58 [00:00<00:02, 25.01it/s, loss=2.9699]
  Epoch 19/30:   5%|█▊                                  | 3/58 [00:00<00:02, 25.01it/s, loss=3.1613]
  Epoch 19/30:   5%|█▊                                  | 3/58 [00:00<00:02, 25.01it/s, loss=3.1041]
  Epoch 19/30:   5%|█▊                                  | 3/58 [00:00<00:02, 25.01it/s, loss=3.3944]
  Epoch 19/30:  10%|███▋                                | 6/58 [00:00<00:02, 21.93it/s, loss=3.3944]
  Epoch 19/30:  10%|███▋                                | 6/58 [00:00<00:02, 21.93it/s, loss=3.3497]
  Epoch 19/30:  10%|███▋                                | 6/58 [00:00<00:02, 21.93it/s, loss=3.4665]
  Epoch 19/30:  10%|███▋                                | 6/58 [00:00<00:02, 21.93it/s, loss=3.4339]
  Epoch 19/30:  16%|█████▌                              | 9/58 [00:00<00:02, 20.06it/s, loss=3.4339]
  Epoch 19/30:  16%|█████▌                              | 9/58 [00:00<00:02, 20.06it/s, loss=3.8126]
  Epoch 19/30:  16%|█████▌                              | 9/58 [00:00<00:02, 20.06it/s, loss=2.9252]
  Epoch 19/30:  16%|█████▌                              | 9/58 [00:00<00:02, 20.06it/s, loss=3.5194]
  Epoch 19/30:  21%|███████▏                           | 12/58 [00:00<00:02, 18.99it/s, loss=3.5194]
  Epoch 19/30:  21%|███████▏                           | 12/58 [00:00<00:02, 18.99it/s, loss=3.1211]
  Epoch 19/30:  21%|███████▏                           | 12/58 [00:00<00:02, 18.99it/s, loss=3.8165]
  Epoch 19/30:  21%|███████▏                           | 12/58 [00:00<00:02, 18.99it/s, loss=3.3228]
  Epoch 19/30:  26%|█████████                          | 15/58 [00:00<00:02, 19.40it/s, loss=3.3228]
  Epoch 19/30:  26%|█████████                          | 15/58 [00:00<00:02, 19.40it/s, loss=3.7603]
  Epoch 19/30:  26%|█████████                          | 15/58 [00:00<00:02, 19.40it/s, loss=3.1283]
  Epoch 19/30:  26%|█████████                          | 15/58 [00:00<00:02, 19.40it/s, loss=3.4437]
  Epoch 19/30:  31%|██████████▊                        | 18/58 [00:00<00:02, 18.89it/s, loss=3.4437]
  Epoch 19/30:  31%|██████████▊                        | 18/58 [00:00<00:02, 18.89it/s, loss=2.9110]
  Epoch 19/30:  31%|██████████▊                        | 18/58 [00:01<00:02, 18.89it/s, loss=2.8992]
  Epoch 19/30:  34%|████████████                       | 20/58 [00:01<00:02, 18.56it/s, loss=2.8992]
  Epoch 19/30:  34%|████████████                       | 20/58 [00:01<00:02, 18.56it/s, loss=3.2997]
  Epoch 19/30:  34%|████████████                       | 20/58 [00:01<00:02, 18.56it/s, loss=3.2471]
  Epoch 19/30:  38%|█████████████▎                     | 22/58 [00:01<00:01, 18.86it/s, loss=3.2471]
  Epoch 19/30:  38%|█████████████▎                     | 22/58 [00:01<00:01, 18.86it/s, loss=2.9426]
  Epoch 19/30:  38%|█████████████▎                     | 22/58 [00:01<00:01, 18.86it/s, loss=2.8466]
  Epoch 19/30:  38%|█████████████▎                     | 22/58 [00:01<00:01, 18.86it/s, loss=3.3616]
  Epoch 19/30:  43%|███████████████                    | 25/58 [00:01<00:01, 19.98it/s, loss=3.3616]
  Epoch 19/30:  43%|███████████████                    | 25/58 [00:01<00:01, 19.98it/s, loss=3.0198]
  Epoch 19/30:  43%|███████████████                    | 25/58 [00:01<00:01, 19.98it/s, loss=2.9844]
  Epoch 19/30:  43%|███████████████                    | 25/58 [00:01<00:01, 19.98it/s, loss=3.3761]
  Epoch 19/30:  48%|████████████████▉                  | 28/58 [00:01<00:01, 21.99it/s, loss=3.3761]
  Epoch 19/30:  48%|████████████████▉                  | 28/58 [00:01<00:01, 21.99it/s, loss=3.3063]
  Epoch 19/30:  48%|████████████████▉                  | 28/58 [00:01<00:01, 21.99it/s, loss=2.8369]
  Epoch 19/30:  48%|████████████████▉                  | 28/58 [00:01<00:01, 21.99it/s, loss=3.3436]
  Epoch 19/30:  53%|██████████████████▋                | 31/58 [00:01<00:01, 23.78it/s, loss=3.3436]
  Epoch 19/30:  53%|██████████████████▋                | 31/58 [00:01<00:01, 23.78it/s, loss=3.1696]
  Epoch 19/30:  53%|██████████████████▋                | 31/58 [00:01<00:01, 23.78it/s, loss=2.9812]
  Epoch 19/30:  53%|██████████████████▋                | 31/58 [00:01<00:01, 23.78it/s, loss=3.0541]
  Epoch 19/30:  59%|████████████████████▌              | 34/58 [00:01<00:01, 23.75it/s, loss=3.0541]
  Epoch 19/30:  59%|████████████████████▌              | 34/58 [00:01<00:01, 23.75it/s, loss=3.2578]
  Epoch 19/30:  59%|████████████████████▌              | 34/58 [00:01<00:01, 23.75it/s, loss=2.8959]
  Epoch 19/30:  59%|████████████████████▌              | 34/58 [00:01<00:01, 23.75it/s, loss=2.9442]
  Epoch 19/30:  64%|██████████████████████▎            | 37/58 [00:01<00:00, 22.94it/s, loss=2.9442]
  Epoch 19/30:  64%|██████████████████████▎            | 37/58 [00:01<00:00, 22.94it/s, loss=3.0223]
  Epoch 19/30:  64%|██████████████████████▎            | 37/58 [00:01<00:00, 22.94it/s, loss=3.2075]
  Epoch 19/30:  64%|██████████████████████▎            | 37/58 [00:01<00:00, 22.94it/s, loss=3.3437]
  Epoch 19/30:  69%|████████████████████████▏          | 40/58 [00:01<00:00, 21.07it/s, loss=3.3437]
  Epoch 19/30:  69%|████████████████████████▏          | 40/58 [00:01<00:00, 21.07it/s, loss=3.2563]
  Epoch 19/30:  69%|████████████████████████▏          | 40/58 [00:02<00:00, 21.07it/s, loss=2.6803]
  Epoch 19/30:  69%|████████████████████████▏          | 40/58 [00:02<00:00, 21.07it/s, loss=2.9266]
  Epoch 19/30:  74%|█████████████████████████▉         | 43/58 [00:02<00:00, 20.81it/s, loss=2.9266]
  Epoch 19/30:  74%|█████████████████████████▉         | 43/58 [00:02<00:00, 20.81it/s, loss=3.0421]
  Epoch 19/30:  74%|█████████████████████████▉         | 43/58 [00:02<00:00, 20.81it/s, loss=2.9501]
  Epoch 19/30:  74%|█████████████████████████▉         | 43/58 [00:02<00:00, 20.81it/s, loss=3.2447]
  Epoch 19/30:  79%|███████████████████████████▊       | 46/58 [00:02<00:00, 19.41it/s, loss=3.2447]
  Epoch 19/30:  79%|███████████████████████████▊       | 46/58 [00:02<00:00, 19.41it/s, loss=2.7434]
  Epoch 19/30:  79%|███████████████████████████▊       | 46/58 [00:02<00:00, 19.41it/s, loss=3.1794]
  Epoch 19/30:  79%|███████████████████████████▊       | 46/58 [00:02<00:00, 19.41it/s, loss=3.1506]
  Epoch 19/30:  84%|█████████████████████████████▌     | 49/58 [00:02<00:00, 19.24it/s, loss=3.1506]
  Epoch 19/30:  84%|█████████████████████████████▌     | 49/58 [00:02<00:00, 19.24it/s, loss=3.0846]
  Epoch 19/30:  84%|█████████████████████████████▌     | 49/58 [00:02<00:00, 19.24it/s, loss=2.9721]
  Epoch 19/30:  84%|█████████████████████████████▌     | 49/58 [00:02<00:00, 19.24it/s, loss=2.8197]
  Epoch 19/30:  90%|███████████████████████████████▍   | 52/58 [00:02<00:00, 20.08it/s, loss=2.8197]
  Epoch 19/30:  90%|███████████████████████████████▍   | 52/58 [00:02<00:00, 20.08it/s, loss=2.6360]
  Epoch 19/30:  90%|███████████████████████████████▍   | 52/58 [00:02<00:00, 20.08it/s, loss=2.9841]
  Epoch 19/30:  90%|███████████████████████████████▍   | 52/58 [00:02<00:00, 20.08it/s, loss=2.4868]
  Epoch 19/30:  95%|█████████████████████████████████▏ | 55/58 [00:02<00:00, 20.34it/s, loss=2.4868]
  Epoch 19/30:  95%|█████████████████████████████████▏ | 55/58 [00:02<00:00, 20.34it/s, loss=3.0823]
  Epoch 19/30:  95%|█████████████████████████████████▏ | 55/58 [00:02<00:00, 20.34it/s, loss=3.1936]
  Epoch 19/30:  95%|█████████████████████████████████▏ | 55/58 [00:02<00:00, 20.34it/s, loss=1.9255]
  Epoch 19/30: 100%|███████████████████████████████████| 58/58 [00:02<00:00, 20.58it/s, loss=1.9255]
                                                                                                    

  Epoch 20/30:   0%|                                                         | 0/58 [00:00<?, ?it/s]
  Epoch 20/30:   0%|                                            | 0/58 [00:00<?, ?it/s, loss=2.7507]
  Epoch 20/30:   0%|                                            | 0/58 [00:00<?, ?it/s, loss=2.8475]
  Epoch 20/30:   0%|                                            | 0/58 [00:00<?, ?it/s, loss=2.7495]
  Epoch 20/30:   5%|█▊                                  | 3/58 [00:00<00:02, 20.99it/s, loss=2.7495]
  Epoch 20/30:   5%|█▊                                  | 3/58 [00:00<00:02, 20.99it/s, loss=3.0348]
  Epoch 20/30:   5%|█▊                                  | 3/58 [00:00<00:02, 20.99it/s, loss=2.4474]
  Epoch 20/30:   5%|█▊                                  | 3/58 [00:00<00:02, 20.99it/s, loss=3.0929]
  Epoch 20/30:  10%|███▋                                | 6/58 [00:00<00:02, 20.45it/s, loss=3.0929]
  Epoch 20/30:  10%|███▋                                | 6/58 [00:00<00:02, 20.45it/s, loss=2.7498]
  Epoch 20/30:  10%|███▋                                | 6/58 [00:00<00:02, 20.45it/s, loss=2.8943]
  Epoch 20/30:  10%|███▋                                | 6/58 [00:00<00:02, 20.45it/s, loss=2.7310]
  Epoch 20/30:  16%|█████▌                              | 9/58 [00:00<00:02, 18.08it/s, loss=2.7310]
  Epoch 20/30:  16%|█████▌                              | 9/58 [00:00<00:02, 18.08it/s, loss=2.8518]
  Epoch 20/30:  16%|█████▌                              | 9/58 [00:00<00:02, 18.08it/s, loss=2.8365]
  Epoch 20/30:  19%|██████▋                            | 11/58 [00:00<00:02, 18.13it/s, loss=2.8365]
  Epoch 20/30:  19%|██████▋                            | 11/58 [00:00<00:02, 18.13it/s, loss=2.7597]
  Epoch 20/30:  19%|██████▋                            | 11/58 [00:00<00:02, 18.13it/s, loss=2.7174]
  Epoch 20/30:  22%|███████▊                           | 13/58 [00:00<00:02, 18.56it/s, loss=2.7174]
  Epoch 20/30:  22%|███████▊                           | 13/58 [00:00<00:02, 18.56it/s, loss=2.9548]
  Epoch 20/30:  22%|███████▊                           | 13/58 [00:00<00:02, 18.56it/s, loss=2.6752]
  Epoch 20/30:  22%|███████▊                           | 13/58 [00:00<00:02, 18.56it/s, loss=2.4261]
  Epoch 20/30:  28%|█████████▋                         | 16/58 [00:00<00:02, 18.78it/s, loss=2.4261]
  Epoch 20/30:  28%|█████████▋                         | 16/58 [00:00<00:02, 18.78it/s, loss=2.6801]
  Epoch 20/30:  28%|█████████▋                         | 16/58 [00:00<00:02, 18.78it/s, loss=3.2130]
  Epoch 20/30:  31%|██████████▊                        | 18/58 [00:00<00:02, 18.24it/s, loss=3.2130]
  Epoch 20/30:  31%|██████████▊                        | 18/58 [00:01<00:02, 18.24it/s, loss=2.8560]
  Epoch 20/30:  31%|██████████▊                        | 18/58 [00:01<00:02, 18.24it/s, loss=2.7081]
  Epoch 20/30:  31%|██████████▊                        | 18/58 [00:01<00:02, 18.24it/s, loss=2.6057]
  Epoch 20/30:  36%|████████████▋                      | 21/58 [00:01<00:01, 19.39it/s, loss=2.6057]
  Epoch 20/30:  36%|████████████▋                      | 21/58 [00:01<00:01, 19.39it/s, loss=2.1991]
  Epoch 20/30:  36%|████████████▋                      | 21/58 [00:01<00:01, 19.39it/s, loss=2.3460]
  Epoch 20/30:  40%|█████████████▉                     | 23/58 [00:01<00:01, 18.70it/s, loss=2.3460]
  Epoch 20/30:  40%|█████████████▉                     | 23/58 [00:01<00:01, 18.70it/s, loss=2.4444]
  Epoch 20/30:  40%|█████████████▉                     | 23/58 [00:01<00:01, 18.70it/s, loss=2.7264]
  Epoch 20/30:  40%|█████████████▉                     | 23/58 [00:01<00:01, 18.70it/s, loss=2.6179]
  Epoch 20/30:  45%|███████████████▋                   | 26/58 [00:01<00:01, 18.84it/s, loss=2.6179]
  Epoch 20/30:  45%|███████████████▋                   | 26/58 [00:01<00:01, 18.84it/s, loss=2.6139]
  Epoch 20/30:  45%|███████████████▋                   | 26/58 [00:01<00:01, 18.84it/s, loss=2.5400]
  Epoch 20/30:  45%|███████████████▋                   | 26/58 [00:01<00:01, 18.84it/s, loss=2.4430]
  Epoch 20/30:  50%|█████████████████▌                 | 29/58 [00:01<00:01, 19.24it/s, loss=2.4430]
  Epoch 20/30:  50%|█████████████████▌                 | 29/58 [00:01<00:01, 19.24it/s, loss=2.9884]
  Epoch 20/30:  50%|█████████████████▌                 | 29/58 [00:01<00:01, 19.24it/s, loss=2.1911]
  Epoch 20/30:  53%|██████████████████▋                | 31/58 [00:01<00:01, 19.33it/s, loss=2.1911]
  Epoch 20/30:  53%|██████████████████▋                | 31/58 [00:01<00:01, 19.33it/s, loss=2.3553]
  Epoch 20/30:  53%|██████████████████▋                | 31/58 [00:01<00:01, 19.33it/s, loss=2.3941]
  Epoch 20/30:  53%|██████████████████▋                | 31/58 [00:01<00:01, 19.33it/s, loss=2.4599]
  Epoch 20/30:  59%|████████████████████▌              | 34/58 [00:01<00:01, 19.81it/s, loss=2.4599]
  Epoch 20/30:  59%|████████████████████▌              | 34/58 [00:01<00:01, 19.81it/s, loss=2.2108]
  Epoch 20/30:  59%|████████████████████▌              | 34/58 [00:02<00:01, 19.81it/s, loss=2.2799]
  Epoch 20/30:  62%|█████████████████████▋             | 36/58 [00:02<00:01, 13.95it/s, loss=2.2799]
  Epoch 20/30:  62%|█████████████████████▋             | 36/58 [00:02<00:01, 13.95it/s, loss=2.4185]
  Epoch 20/30:  62%|█████████████████████▋             | 36/58 [00:02<00:01, 13.95it/s, loss=2.6358]
  Epoch 20/30:  66%|██████████████████████▉            | 38/58 [00:02<00:01, 14.59it/s, loss=2.6358]
  Epoch 20/30:  66%|██████████████████████▉            | 38/58 [00:02<00:01, 14.59it/s, loss=2.2067]
  Epoch 20/30:  66%|██████████████████████▉            | 38/58 [00:02<00:01, 14.59it/s, loss=2.1891]
  Epoch 20/30:  69%|████████████████████████▏          | 40/58 [00:02<00:01, 15.07it/s, loss=2.1891]
  Epoch 20/30:  69%|████████████████████████▏          | 40/58 [00:02<00:01, 15.07it/s, loss=2.3475]
  Epoch 20/30:  69%|████████████████████████▏          | 40/58 [00:02<00:01, 15.07it/s, loss=2.5595]
  Epoch 20/30:  72%|█████████████████████████▎         | 42/58 [00:02<00:01, 15.74it/s, loss=2.5595]
  Epoch 20/30:  72%|█████████████████████████▎         | 42/58 [00:02<00:01, 15.74it/s, loss=2.7073]
  Epoch 20/30:  72%|█████████████████████████▎         | 42/58 [00:02<00:01, 15.74it/s, loss=2.3060]
  Epoch 20/30:  76%|██████████████████████████▌        | 44/58 [00:02<00:00, 16.11it/s, loss=2.3060]
  Epoch 20/30:  76%|██████████████████████████▌        | 44/58 [00:02<00:00, 16.11it/s, loss=2.1736]
  Epoch 20/30:  76%|██████████████████████████▌        | 44/58 [00:02<00:00, 16.11it/s, loss=2.1313]
  Epoch 20/30:  79%|███████████████████████████▊       | 46/58 [00:02<00:00, 16.45it/s, loss=2.1313]
  Epoch 20/30:  79%|███████████████████████████▊       | 46/58 [00:02<00:00, 16.45it/s, loss=2.4597]
  Epoch 20/30:  79%|███████████████████████████▊       | 46/58 [00:02<00:00, 16.45it/s, loss=2.4627]
  Epoch 20/30:  83%|████████████████████████████▉      | 48/58 [00:02<00:00, 16.74it/s, loss=2.4627]
  Epoch 20/30:  83%|████████████████████████████▉      | 48/58 [00:02<00:00, 16.74it/s, loss=2.3294]
  Epoch 20/30:  83%|████████████████████████████▉      | 48/58 [00:02<00:00, 16.74it/s, loss=2.3412]
  Epoch 20/30:  86%|██████████████████████████████▏    | 50/58 [00:02<00:00, 17.12it/s, loss=2.3412]
  Epoch 20/30:  86%|██████████████████████████████▏    | 50/58 [00:02<00:00, 17.12it/s, loss=2.3642]
  Epoch 20/30:  86%|██████████████████████████████▏    | 50/58 [00:02<00:00, 17.12it/s, loss=2.2315]
  Epoch 20/30:  86%|██████████████████████████████▏    | 50/58 [00:02<00:00, 17.12it/s, loss=2.4834]
  Epoch 20/30:  91%|███████████████████████████████▉   | 53/58 [00:02<00:00, 18.77it/s, loss=2.4834]
  Epoch 20/30:  91%|███████████████████████████████▉   | 53/58 [00:03<00:00, 18.77it/s, loss=2.4598]
  Epoch 20/30:  91%|███████████████████████████████▉   | 53/58 [00:03<00:00, 18.77it/s, loss=2.4122]
  Epoch 20/30:  91%|███████████████████████████████▉   | 53/58 [00:03<00:00, 18.77it/s, loss=2.4546]
  Epoch 20/30:  97%|█████████████████████████████████▊ | 56/58 [00:03<00:00, 19.87it/s, loss=2.4546]
  Epoch 20/30:  97%|█████████████████████████████████▊ | 56/58 [00:03<00:00, 19.87it/s, loss=2.3860]
  Epoch 20/30:  97%|█████████████████████████████████▊ | 56/58 [00:03<00:00, 19.87it/s, loss=1.7657]
                                                                                                    
  Epoch 20/30 │ Loss: 2.5382 │ T+1: -2053.0249 │ T+2: -4.6050 │ T+3: -2117.8738 ★ NEW BEST

  Epoch 21/30:   0%|                                                         | 0/58 [00:00<?, ?it/s]
  Epoch 21/30:   0%|                                            | 0/58 [00:00<?, ?it/s, loss=2.3164]
  Epoch 21/30:   0%|                                            | 0/58 [00:00<?, ?it/s, loss=2.1230]
  Epoch 21/30:   0%|                                            | 0/58 [00:00<?, ?it/s, loss=1.9180]
  Epoch 21/30:   5%|█▊                                  | 3/58 [00:00<00:02, 23.62it/s, loss=1.9180]
  Epoch 21/30:   5%|█▊                                  | 3/58 [00:00<00:02, 23.62it/s, loss=2.1663]
  Epoch 21/30:   5%|█▊                                  | 3/58 [00:00<00:02, 23.62it/s, loss=2.5506]
  Epoch 21/30:   5%|█▊                                  | 3/58 [00:00<00:02, 23.62it/s, loss=2.2610]
  Epoch 21/30:  10%|███▋                                | 6/58 [00:00<00:02, 24.55it/s, loss=2.2610]
  Epoch 21/30:  10%|███▋                                | 6/58 [00:00<00:02, 24.55it/s, loss=2.3060]
  Epoch 21/30:  10%|███▋                                | 6/58 [00:00<00:02, 24.55it/s, loss=2.1114]
  Epoch 21/30:  10%|███▋                                | 6/58 [00:00<00:02, 24.55it/s, loss=2.4087]
  Epoch 21/30:  16%|█████▌                              | 9/58 [00:00<00:01, 24.95it/s, loss=2.4087]
  Epoch 21/30:  16%|█████▌                              | 9/58 [00:00<00:01, 24.95it/s, loss=2.0895]
  Epoch 21/30:  16%|█████▌                              | 9/58 [00:00<00:01, 24.95it/s, loss=2.0620]
  Epoch 21/30:  16%|█████▌                              | 9/58 [00:00<00:01, 24.95it/s, loss=2.1820]
  Epoch 21/30:  21%|███████▏                           | 12/58 [00:00<00:01, 23.40it/s, loss=2.1820]
  Epoch 21/30:  21%|███████▏                           | 12/58 [00:00<00:01, 23.40it/s, loss=2.2039]
  Epoch 21/30:  21%|███████▏                           | 12/58 [00:00<00:01, 23.40it/s, loss=2.0097]
  Epoch 21/30:  21%|███████▏                           | 12/58 [00:00<00:01, 23.40it/s, loss=2.4034]
  Epoch 21/30:  26%|█████████                          | 15/58 [00:00<00:01, 22.19it/s, loss=2.4034]
  Epoch 21/30:  26%|█████████                          | 15/58 [00:00<00:01, 22.19it/s, loss=2.2431]
  Epoch 21/30:  26%|█████████                          | 15/58 [00:00<00:01, 22.19it/s, loss=2.2803]
  Epoch 21/30:  26%|█████████                          | 15/58 [00:00<00:01, 22.19it/s, loss=2.0169]
  Epoch 21/30:  31%|██████████▊                        | 18/58 [00:00<00:01, 22.74it/s, loss=2.0169]
  Epoch 21/30:  31%|██████████▊                        | 18/58 [00:00<00:01, 22.74it/s, loss=2.0706]
  Epoch 21/30:  31%|██████████▊                        | 18/58 [00:00<00:01, 22.74it/s, loss=2.1888]
  Epoch 21/30:  31%|██████████▊                        | 18/58 [00:00<00:01, 22.74it/s, loss=2.2739]
  Epoch 21/30:  36%|████████████▋                      | 21/58 [00:00<00:01, 23.02it/s, loss=2.2739]
  Epoch 21/30:  36%|████████████▋                      | 21/58 [00:00<00:01, 23.02it/s, loss=1.9353]
  Epoch 21/30:  36%|████████████▋                      | 21/58 [00:00<00:01, 23.02it/s, loss=1.6676]
  Epoch 21/30:  36%|████████████▋                      | 21/58 [00:01<00:01, 23.02it/s, loss=2.1065]
  Epoch 21/30:  41%|██████████████▍                    | 24/58 [00:01<00:01, 23.13it/s, loss=2.1065]
  Epoch 21/30:  41%|██████████████▍                    | 24/58 [00:01<00:01, 23.13it/s, loss=2.3667]
  Epoch 21/30:  41%|██████████████▍                    | 24/58 [00:01<00:01, 23.13it/s, loss=2.2664]
  Epoch 21/30:  41%|██████████████▍                    | 24/58 [00:01<00:01, 23.13it/s, loss=1.9409]
  Epoch 21/30:  47%|████████████████▎                  | 27/58 [00:01<00:01, 24.16it/s, loss=1.9409]
  Epoch 21/30:  47%|████████████████▎                  | 27/58 [00:01<00:01, 24.16it/s, loss=1.9632]
  Epoch 21/30:  47%|████████████████▎                  | 27/58 [00:01<00:01, 24.16it/s, loss=2.0585]
  Epoch 21/30:  47%|████████████████▎                  | 27/58 [00:01<00:01, 24.16it/s, loss=1.9799]
  Epoch 21/30:  52%|██████████████████                 | 30/58 [00:01<00:01, 23.54it/s, loss=1.9799]
  Epoch 21/30:  52%|██████████████████                 | 30/58 [00:01<00:01, 23.54it/s, loss=2.0004]
  Epoch 21/30:  52%|██████████████████                 | 30/58 [00:01<00:01, 23.54it/s, loss=2.0846]
  Epoch 21/30:  52%|██████████████████                 | 30/58 [00:01<00:01, 23.54it/s, loss=2.0403]
  Epoch 21/30:  57%|███████████████████▉               | 33/58 [00:01<00:01, 22.89it/s, loss=2.0403]
  Epoch 21/30:  57%|███████████████████▉               | 33/58 [00:01<00:01, 22.89it/s, loss=2.0495]
  Epoch 21/30:  57%|███████████████████▉               | 33/58 [00:01<00:01, 22.89it/s, loss=2.0191]
  Epoch 21/30:  57%|███████████████████▉               | 33/58 [00:01<00:01, 22.89it/s, loss=2.1591]
  Epoch 21/30:  62%|█████████████████████▋             | 36/58 [00:01<00:01, 20.42it/s, loss=2.1591]
  Epoch 21/30:  62%|█████████████████████▋             | 36/58 [00:01<00:01, 20.42it/s, loss=1.7772]
  Epoch 21/30:  62%|█████████████████████▋             | 36/58 [00:01<00:01, 20.42it/s, loss=1.9986]
  Epoch 21/30:  62%|█████████████████████▋             | 36/58 [00:01<00:01, 20.42it/s, loss=1.9449]
  Epoch 21/30:  67%|███████████████████████▌           | 39/58 [00:01<00:00, 19.28it/s, loss=1.9449]
  Epoch 21/30:  67%|███████████████████████▌           | 39/58 [00:01<00:00, 19.28it/s, loss=1.7966]
  Epoch 21/30:  67%|███████████████████████▌           | 39/58 [00:01<00:00, 19.28it/s, loss=1.9227]
  Epoch 21/30:  67%|███████████████████████▌           | 39/58 [00:01<00:00, 19.28it/s, loss=1.7900]
  Epoch 21/30:  72%|█████████████████████████▎         | 42/58 [00:01<00:00, 19.85it/s, loss=1.7900]
  Epoch 21/30:  72%|█████████████████████████▎         | 42/58 [00:01<00:00, 19.85it/s, loss=2.0879]
  Epoch 21/30:  72%|█████████████████████████▎         | 42/58 [00:02<00:00, 19.85it/s, loss=1.9228]
  Epoch 21/30:  72%|█████████████████████████▎         | 42/58 [00:02<00:00, 19.85it/s, loss=2.0112]
  Epoch 21/30:  78%|███████████████████████████▏       | 45/58 [00:02<00:00, 19.57it/s, loss=2.0112]
  Epoch 21/30:  78%|███████████████████████████▏       | 45/58 [00:02<00:00, 19.57it/s, loss=1.9978]
  Epoch 21/30:  78%|███████████████████████████▏       | 45/58 [00:02<00:00, 19.57it/s, loss=1.8059]
  Epoch 21/30:  81%|████████████████████████████▎      | 47/58 [00:02<00:00, 18.63it/s, loss=1.8059]
  Epoch 21/30:  81%|████████████████████████████▎      | 47/58 [00:02<00:00, 18.63it/s, loss=1.9384]
  Epoch 21/30:  81%|████████████████████████████▎      | 47/58 [00:02<00:00, 18.63it/s, loss=1.9334]
  Epoch 21/30:  84%|█████████████████████████████▌     | 49/58 [00:02<00:00, 18.57it/s, loss=1.9334]
  Epoch 21/30:  84%|█████████████████████████████▌     | 49/58 [00:02<00:00, 18.57it/s, loss=1.7306]
  Epoch 21/30:  84%|█████████████████████████████▌     | 49/58 [00:02<00:00, 18.57it/s, loss=1.9396]
  Epoch 21/30:  88%|██████████████████████████████▊    | 51/58 [00:02<00:00, 18.02it/s, loss=1.9396]
  Epoch 21/30:  88%|██████████████████████████████▊    | 51/58 [00:02<00:00, 18.02it/s, loss=1.5308]
  Epoch 21/30:  88%|██████████████████████████████▊    | 51/58 [00:02<00:00, 18.02it/s, loss=1.8824]
  Epoch 21/30:  91%|███████████████████████████████▉   | 53/58 [00:02<00:00, 18.42it/s, loss=1.8824]
  Epoch 21/30:  91%|███████████████████████████████▉   | 53/58 [00:02<00:00, 18.42it/s, loss=1.9575]
  Epoch 21/30:  91%|███████████████████████████████▉   | 53/58 [00:02<00:00, 18.42it/s, loss=1.6110]
  Epoch 21/30:  95%|█████████████████████████████████▏ | 55/58 [00:02<00:00, 18.33it/s, loss=1.6110]
  Epoch 21/30:  95%|█████████████████████████████████▏ | 55/58 [00:02<00:00, 18.33it/s, loss=1.9451]
  Epoch 21/30:  95%|█████████████████████████████████▏ | 55/58 [00:02<00:00, 18.33it/s, loss=1.9572]
  Epoch 21/30:  98%|██████████████████████████████████▍| 57/58 [00:02<00:00, 17.46it/s, loss=1.9572]
  Epoch 21/30:  98%|██████████████████████████████████▍| 57/58 [00:02<00:00, 17.46it/s, loss=1.0496]
                                                                                                    

  Epoch 22/30:   0%|                                                         | 0/58 [00:00<?, ?it/s]
  Epoch 22/30:   0%|                                            | 0/58 [00:00<?, ?it/s, loss=1.6680]
  Epoch 22/30:   0%|                                            | 0/58 [00:00<?, ?it/s, loss=1.7484]
  Epoch 22/30:   3%|█▏                                  | 2/58 [00:00<00:03, 16.68it/s, loss=1.7484]
  Epoch 22/30:   3%|█▏                                  | 2/58 [00:00<00:03, 16.68it/s, loss=1.8223]
  Epoch 22/30:   3%|█▏                                  | 2/58 [00:00<00:03, 16.68it/s, loss=1.8717]
  Epoch 22/30:   7%|██▍                                 | 4/58 [00:00<00:03, 17.62it/s, loss=1.8717]
  Epoch 22/30:   7%|██▍                                 | 4/58 [00:00<00:03, 17.62it/s, loss=2.0777]
  Epoch 22/30:   7%|██▍                                 | 4/58 [00:00<00:03, 17.62it/s, loss=1.8484]
  Epoch 22/30:  10%|███▋                                | 6/58 [00:00<00:02, 18.40it/s, loss=1.8484]
  Epoch 22/30:  10%|███▋                                | 6/58 [00:00<00:02, 18.40it/s, loss=1.8984]
  Epoch 22/30:  10%|███▋                                | 6/58 [00:00<00:02, 18.40it/s, loss=1.7859]
  Epoch 22/30:  14%|████▉                               | 8/58 [00:00<00:02, 18.16it/s, loss=1.7859]
  Epoch 22/30:  14%|████▉                               | 8/58 [00:00<00:02, 18.16it/s, loss=1.9363]
  Epoch 22/30:  14%|████▉                               | 8/58 [00:00<00:02, 18.16it/s, loss=1.7627]
  Epoch 22/30:  17%|██████                             | 10/58 [00:00<00:02, 17.95it/s, loss=1.7627]
  Epoch 22/30:  17%|██████                             | 10/58 [00:00<00:02, 17.95it/s, loss=1.8994]
  Epoch 22/30:  17%|██████                             | 10/58 [00:00<00:02, 17.95it/s, loss=1.7545]
  Epoch 22/30:  21%|███████▏                           | 12/58 [00:00<00:02, 17.28it/s, loss=1.7545]
  Epoch 22/30:  21%|███████▏                           | 12/58 [00:00<00:02, 17.28it/s, loss=1.7671]
  Epoch 22/30:  21%|███████▏                           | 12/58 [00:00<00:02, 17.28it/s, loss=1.7498]
  Epoch 22/30:  24%|████████▍                          | 14/58 [00:00<00:02, 17.41it/s, loss=1.7498]
  Epoch 22/30:  24%|████████▍                          | 14/58 [00:00<00:02, 17.41it/s, loss=1.6302]
  Epoch 22/30:  24%|████████▍                          | 14/58 [00:00<00:02, 17.41it/s, loss=1.5549]
  Epoch 22/30:  28%|█████████▋                         | 16/58 [00:00<00:02, 17.91it/s, loss=1.5549]
  Epoch 22/30:  28%|█████████▋                         | 16/58 [00:00<00:02, 17.91it/s, loss=2.0742]
  Epoch 22/30:  28%|█████████▋                         | 16/58 [00:01<00:02, 17.91it/s, loss=1.6804]
  Epoch 22/30:  31%|██████████▊                        | 18/58 [00:01<00:02, 17.58it/s, loss=1.6804]
  Epoch 22/30:  31%|██████████▊                        | 18/58 [00:01<00:02, 17.58it/s, loss=1.5218]
  Epoch 22/30:  31%|██████████▊                        | 18/58 [00:01<00:02, 17.58it/s, loss=1.7815]
  Epoch 22/30:  34%|████████████                       | 20/58 [00:01<00:02, 17.10it/s, loss=1.7815]
  Epoch 22/30:  34%|████████████                       | 20/58 [00:01<00:02, 17.10it/s, loss=1.6629]
  Epoch 22/30:  34%|████████████                       | 20/58 [00:01<00:02, 17.10it/s, loss=1.9158]
  Epoch 22/30:  34%|████████████                       | 20/58 [00:01<00:02, 17.10it/s, loss=1.6468]
  Epoch 22/30:  40%|█████████████▉                     | 23/58 [00:01<00:01, 18.36it/s, loss=1.6468]
  Epoch 22/30:  40%|█████████████▉                     | 23/58 [00:01<00:01, 18.36it/s, loss=1.6114]
  Epoch 22/30:  40%|█████████████▉                     | 23/58 [00:01<00:01, 18.36it/s, loss=1.5967]
  Epoch 22/30:  43%|███████████████                    | 25/58 [00:01<00:01, 17.74it/s, loss=1.5967]
  Epoch 22/30:  43%|███████████████                    | 25/58 [00:01<00:01, 17.74it/s, loss=1.6673]
  Epoch 22/30:  43%|███████████████                    | 25/58 [00:01<00:01, 17.74it/s, loss=1.6927]
  Epoch 22/30:  47%|████████████████▎                  | 27/58 [00:01<00:01, 17.52it/s, loss=1.6927]
  Epoch 22/30:  47%|████████████████▎                  | 27/58 [00:01<00:01, 17.52it/s, loss=1.8178]
  Epoch 22/30:  47%|████████████████▎                  | 27/58 [00:01<00:01, 17.52it/s, loss=1.6175]
  Epoch 22/30:  50%|█████████████████▌                 | 29/58 [00:01<00:01, 17.58it/s, loss=1.6175]
  Epoch 22/30:  50%|█████████████████▌                 | 29/58 [00:01<00:01, 17.58it/s, loss=1.7504]
  Epoch 22/30:  50%|█████████████████▌                 | 29/58 [00:01<00:01, 17.58it/s, loss=1.7617]
  Epoch 22/30:  50%|█████████████████▌                 | 29/58 [00:01<00:01, 17.58it/s, loss=1.8690]
  Epoch 22/30:  55%|███████████████████▎               | 32/58 [00:01<00:01, 19.19it/s, loss=1.8690]
  Epoch 22/30:  55%|███████████████████▎               | 32/58 [00:01<00:01, 19.19it/s, loss=1.8546]
  Epoch 22/30:  55%|███████████████████▎               | 32/58 [00:01<00:01, 19.19it/s, loss=1.5611]
  Epoch 22/30:  59%|████████████████████▌              | 34/58 [00:01<00:01, 18.15it/s, loss=1.5611]
  Epoch 22/30:  59%|████████████████████▌              | 34/58 [00:01<00:01, 18.15it/s, loss=1.6812]
  Epoch 22/30:  59%|████████████████████▌              | 34/58 [00:02<00:01, 18.15it/s, loss=1.6614]
  Epoch 22/30:  62%|█████████████████████▋             | 36/58 [00:02<00:01, 18.17it/s, loss=1.6614]
  Epoch 22/30:  62%|█████████████████████▋             | 36/58 [00:02<00:01, 18.17it/s, loss=1.7006]
  Epoch 22/30:  62%|█████████████████████▋             | 36/58 [00:02<00:01, 18.17it/s, loss=1.4234]
  Epoch 22/30:  62%|█████████████████████▋             | 36/58 [00:02<00:01, 18.17it/s, loss=1.7028]
  Epoch 22/30:  67%|███████████████████████▌           | 39/58 [00:02<00:01, 18.50it/s, loss=1.7028]
  Epoch 22/30:  67%|███████████████████████▌           | 39/58 [00:02<00:01, 18.50it/s, loss=1.8238]
  Epoch 22/30:  67%|███████████████████████▌           | 39/58 [00:02<00:01, 18.50it/s, loss=1.6522]
  Epoch 22/30:  67%|███████████████████████▌           | 39/58 [00:02<00:01, 18.50it/s, loss=1.8456]
  Epoch 22/30:  72%|█████████████████████████▎         | 42/58 [00:02<00:00, 19.16it/s, loss=1.8456]
  Epoch 22/30:  72%|█████████████████████████▎         | 42/58 [00:02<00:00, 19.16it/s, loss=1.5815]
  Epoch 22/30:  72%|█████████████████████████▎         | 42/58 [00:02<00:00, 19.16it/s, loss=1.5065]
  Epoch 22/30:  72%|█████████████████████████▎         | 42/58 [00:02<00:00, 19.16it/s, loss=1.5961]
  Epoch 22/30:  78%|███████████████████████████▏       | 45/58 [00:02<00:00, 19.06it/s, loss=1.5961]
  Epoch 22/30:  78%|███████████████████████████▏       | 45/58 [00:02<00:00, 19.06it/s, loss=1.4805]
  Epoch 22/30:  78%|███████████████████████████▏       | 45/58 [00:02<00:00, 19.06it/s, loss=1.6032]
  Epoch 22/30:  81%|████████████████████████████▎      | 47/58 [00:02<00:00, 19.18it/s, loss=1.6032]
  Epoch 22/30:  81%|████████████████████████████▎      | 47/58 [00:02<00:00, 19.18it/s, loss=1.5046]
  Epoch 22/30:  81%|████████████████████████████▎      | 47/58 [00:02<00:00, 19.18it/s, loss=1.4320]
  Epoch 22/30:  84%|█████████████████████████████▌     | 49/58 [00:02<00:00, 18.88it/s, loss=1.4320]
  Epoch 22/30:  84%|█████████████████████████████▌     | 49/58 [00:02<00:00, 18.88it/s, loss=1.5074]
  Epoch 22/30:  84%|█████████████████████████████▌     | 49/58 [00:02<00:00, 18.88it/s, loss=1.6134]
  Epoch 22/30:  88%|██████████████████████████████▊    | 51/58 [00:02<00:00, 18.56it/s, loss=1.6134]
  Epoch 22/30:  88%|██████████████████████████████▊    | 51/58 [00:02<00:00, 18.56it/s, loss=1.4508]
  Epoch 22/30:  88%|██████████████████████████████▊    | 51/58 [00:02<00:00, 18.56it/s, loss=1.4586]
  Epoch 22/30:  88%|██████████████████████████████▊    | 51/58 [00:02<00:00, 18.56it/s, loss=1.5285]
  Epoch 22/30:  93%|████████████████████████████████▌  | 54/58 [00:02<00:00, 20.11it/s, loss=1.5285]
  Epoch 22/30:  93%|████████████████████████████████▌  | 54/58 [00:02<00:00, 20.11it/s, loss=1.6674]
  Epoch 22/30:  93%|████████████████████████████████▌  | 54/58 [00:03<00:00, 20.11it/s, loss=1.7217]
  Epoch 22/30:  93%|████████████████████████████████▌  | 54/58 [00:03<00:00, 20.11it/s, loss=1.6024]
  Epoch 22/30:  98%|██████████████████████████████████▍| 57/58 [00:03<00:00, 19.99it/s, loss=1.6024]
  Epoch 22/30:  98%|██████████████████████████████████▍| 57/58 [00:03<00:00, 19.99it/s, loss=1.5893]
                                                                                                    

  Epoch 23/30:   0%|                                                         | 0/58 [00:00<?, ?it/s]
  Epoch 23/30:   0%|                                            | 0/58 [00:00<?, ?it/s, loss=1.6699]
  Epoch 23/30:   0%|                                            | 0/58 [00:00<?, ?it/s, loss=1.5187]
  Epoch 23/30:   3%|█▏                                  | 2/58 [00:00<00:03, 17.00it/s, loss=1.5187]
  Epoch 23/30:   3%|█▏                                  | 2/58 [00:00<00:03, 17.00it/s, loss=1.6992]
  Epoch 23/30:   3%|█▏                                  | 2/58 [00:00<00:03, 17.00it/s, loss=1.2982]
  Epoch 23/30:   3%|█▏                                  | 2/58 [00:00<00:03, 17.00it/s, loss=1.4425]
  Epoch 23/30:   9%|███                                 | 5/58 [00:00<00:02, 21.60it/s, loss=1.4425]
  Epoch 23/30:   9%|███                                 | 5/58 [00:00<00:02, 21.60it/s, loss=1.6989]
  Epoch 23/30:   9%|███                                 | 5/58 [00:00<00:02, 21.60it/s, loss=1.5019]
  Epoch 23/30:   9%|███                                 | 5/58 [00:00<00:02, 21.60it/s, loss=1.5187]
  Epoch 23/30:  14%|████▉                               | 8/58 [00:00<00:02, 23.03it/s, loss=1.5187]
  Epoch 23/30:  14%|████▉                               | 8/58 [00:00<00:02, 23.03it/s, loss=1.4376]
  Epoch 23/30:  14%|████▉                               | 8/58 [00:00<00:02, 23.03it/s, loss=1.4488]
  Epoch 23/30:  14%|████▉                               | 8/58 [00:00<00:02, 23.03it/s, loss=1.5483]
  Epoch 23/30:  19%|██████▋                            | 11/58 [00:00<00:02, 23.40it/s, loss=1.5483]
  Epoch 23/30:  19%|██████▋                            | 11/58 [00:00<00:02, 23.40it/s, loss=1.7250]
  Epoch 23/30:  19%|██████▋                            | 11/58 [00:00<00:02, 23.40it/s, loss=1.4507]
  Epoch 23/30:  19%|██████▋                            | 11/58 [00:00<00:02, 23.40it/s, loss=1.2933]
  Epoch 23/30:  24%|████████▍                          | 14/58 [00:00<00:01, 23.91it/s, loss=1.2933]
  Epoch 23/30:  24%|████████▍                          | 14/58 [00:00<00:01, 23.91it/s, loss=1.4749]
  Epoch 23/30:  24%|████████▍                          | 14/58 [00:00<00:01, 23.91it/s, loss=1.4200]
  Epoch 23/30:  24%|████████▍                          | 14/58 [00:00<00:01, 23.91it/s, loss=1.4847]
  Epoch 23/30:  29%|██████████▎                        | 17/58 [00:00<00:01, 25.13it/s, loss=1.4847]
  Epoch 23/30:  29%|██████████▎                        | 17/58 [00:00<00:01, 25.13it/s, loss=1.2313]
  Epoch 23/30:  29%|██████████▎                        | 17/58 [00:00<00:01, 25.13it/s, loss=1.4764]
  Epoch 23/30:  29%|██████████▎                        | 17/58 [00:00<00:01, 25.13it/s, loss=1.5762]
  Epoch 23/30:  29%|██████████▎                        | 17/58 [00:00<00:01, 25.13it/s, loss=1.6207]
  Epoch 23/30:  36%|████████████▋                      | 21/58 [00:00<00:01, 27.94it/s, loss=1.6207]
  Epoch 23/30:  36%|████████████▋                      | 21/58 [00:00<00:01, 27.94it/s, loss=1.3714]
  Epoch 23/30:  36%|████████████▋                      | 21/58 [00:00<00:01, 27.94it/s, loss=1.3113]
  Epoch 23/30:  36%|████████████▋                      | 21/58 [00:00<00:01, 27.94it/s, loss=1.2527]
  Epoch 23/30:  36%|████████████▋                      | 21/58 [00:00<00:01, 27.94it/s, loss=1.3098]
  Epoch 23/30:  43%|███████████████                    | 25/58 [00:00<00:01, 28.95it/s, loss=1.3098]
  Epoch 23/30:  43%|███████████████                    | 25/58 [00:01<00:01, 28.95it/s, loss=1.2395]
  Epoch 23/30:  43%|███████████████                    | 25/58 [00:01<00:01, 28.95it/s, loss=1.5077]
  Epoch 23/30:  43%|███████████████                    | 25/58 [00:01<00:01, 28.95it/s, loss=1.2460]
  Epoch 23/30:  48%|████████████████▉                  | 28/58 [00:01<00:01, 26.10it/s, loss=1.2460]
  Epoch 23/30:  48%|████████████████▉                  | 28/58 [00:01<00:01, 26.10it/s, loss=1.2938]
  Epoch 23/30:  48%|████████████████▉                  | 28/58 [00:01<00:01, 26.10it/s, loss=1.4036]
  Epoch 23/30:  48%|████████████████▉                  | 28/58 [00:01<00:01, 26.10it/s, loss=1.3975]
  Epoch 23/30:  53%|██████████████████▋                | 31/58 [00:01<00:01, 25.78it/s, loss=1.3975]
  Epoch 23/30:  53%|██████████████████▋                | 31/58 [00:01<00:01, 25.78it/s, loss=1.3931]
  Epoch 23/30:  53%|██████████████████▋                | 31/58 [00:01<00:01, 25.78it/s, loss=1.3475]
  Epoch 23/30:  53%|██████████████████▋                | 31/58 [00:01<00:01, 25.78it/s, loss=1.3429]
  Epoch 23/30:  59%|████████████████████▌              | 34/58 [00:01<00:00, 24.47it/s, loss=1.3429]
  Epoch 23/30:  59%|████████████████████▌              | 34/58 [00:01<00:00, 24.47it/s, loss=1.2686]
  Epoch 23/30:  59%|████████████████████▌              | 34/58 [00:01<00:00, 24.47it/s, loss=1.3802]
  Epoch 23/30:  59%|████████████████████▌              | 34/58 [00:01<00:00, 24.47it/s, loss=1.2433]
  Epoch 23/30:  64%|██████████████████████▎            | 37/58 [00:01<00:00, 22.89it/s, loss=1.2433]
  Epoch 23/30:  64%|██████████████████████▎            | 37/58 [00:01<00:00, 22.89it/s, loss=1.4096]
  Epoch 23/30:  64%|██████████████████████▎            | 37/58 [00:01<00:00, 22.89it/s, loss=1.4922]
  Epoch 23/30:  64%|██████████████████████▎            | 37/58 [00:01<00:00, 22.89it/s, loss=1.4262]
  Epoch 23/30:  69%|████████████████████████▏          | 40/58 [00:01<00:00, 22.41it/s, loss=1.4262]
  Epoch 23/30:  69%|████████████████████████▏          | 40/58 [00:01<00:00, 22.41it/s, loss=1.2013]
  Epoch 23/30:  69%|████████████████████████▏          | 40/58 [00:01<00:00, 22.41it/s, loss=1.2779]
  Epoch 23/30:  69%|████████████████████████▏          | 40/58 [00:01<00:00, 22.41it/s, loss=1.2594]
  Epoch 23/30:  74%|█████████████████████████▉         | 43/58 [00:01<00:00, 22.56it/s, loss=1.2594]
  Epoch 23/30:  74%|█████████████████████████▉         | 43/58 [00:01<00:00, 22.56it/s, loss=1.3427]
  Epoch 23/30:  74%|█████████████████████████▉         | 43/58 [00:01<00:00, 22.56it/s, loss=1.2853]
  Epoch 23/30:  74%|█████████████████████████▉         | 43/58 [00:01<00:00, 22.56it/s, loss=1.1804]
  Epoch 23/30:  79%|███████████████████████████▊       | 46/58 [00:01<00:00, 22.00it/s, loss=1.1804]
  Epoch 23/30:  79%|███████████████████████████▊       | 46/58 [00:01<00:00, 22.00it/s, loss=1.3468]
  Epoch 23/30:  79%|███████████████████████████▊       | 46/58 [00:02<00:00, 22.00it/s, loss=1.2926]
  Epoch 23/30:  79%|███████████████████████████▊       | 46/58 [00:02<00:00, 22.00it/s, loss=1.3625]
  Epoch 23/30:  84%|█████████████████████████████▌     | 49/58 [00:02<00:00, 20.91it/s, loss=1.3625]
  Epoch 23/30:  84%|█████████████████████████████▌     | 49/58 [00:02<00:00, 20.91it/s, loss=1.4030]
  Epoch 23/30:  84%|█████████████████████████████▌     | 49/58 [00:02<00:00, 20.91it/s, loss=1.2456]
  Epoch 23/30:  84%|█████████████████████████████▌     | 49/58 [00:02<00:00, 20.91it/s, loss=1.2268]
  Epoch 23/30:  90%|███████████████████████████████▍   | 52/58 [00:02<00:00, 20.24it/s, loss=1.2268]
  Epoch 23/30:  90%|███████████████████████████████▍   | 52/58 [00:02<00:00, 20.24it/s, loss=1.3092]
  Epoch 23/30:  90%|███████████████████████████████▍   | 52/58 [00:02<00:00, 20.24it/s, loss=1.2432]
  Epoch 23/30:  90%|███████████████████████████████▍   | 52/58 [00:02<00:00, 20.24it/s, loss=1.2175]
  Epoch 23/30:  95%|█████████████████████████████████▏ | 55/58 [00:02<00:00, 19.91it/s, loss=1.2175]
  Epoch 23/30:  95%|█████████████████████████████████▏ | 55/58 [00:02<00:00, 19.91it/s, loss=1.1043]
  Epoch 23/30:  95%|█████████████████████████████████▏ | 55/58 [00:02<00:00, 19.91it/s, loss=1.4373]
  Epoch 23/30:  95%|█████████████████████████████████▏ | 55/58 [00:02<00:00, 19.91it/s, loss=2.0490]
  Epoch 23/30: 100%|███████████████████████████████████| 58/58 [00:02<00:00, 16.25it/s, loss=2.0490]
                                                                                                    

  Epoch 24/30:   0%|                                                         | 0/58 [00:00<?, ?it/s]
  Epoch 24/30:   0%|                                            | 0/58 [00:00<?, ?it/s, loss=1.2652]
  Epoch 24/30:   0%|                                            | 0/58 [00:00<?, ?it/s, loss=1.4849]
  Epoch 24/30:   3%|█▏                                  | 2/58 [00:00<00:03, 15.70it/s, loss=1.4849]
  Epoch 24/30:   3%|█▏                                  | 2/58 [00:00<00:03, 15.70it/s, loss=1.4279]
  Epoch 24/30:   3%|█▏                                  | 2/58 [00:00<00:03, 15.70it/s, loss=1.2704]
  Epoch 24/30:   7%|██▍                                 | 4/58 [00:00<00:03, 17.04it/s, loss=1.2704]
  Epoch 24/30:   7%|██▍                                 | 4/58 [00:00<00:03, 17.04it/s, loss=1.0058]
  Epoch 24/30:   7%|██▍                                 | 4/58 [00:00<00:03, 17.04it/s, loss=1.2841]
  Epoch 24/30:  10%|███▋                                | 6/58 [00:00<00:02, 17.56it/s, loss=1.2841]
  Epoch 24/30:  10%|███▋                                | 6/58 [00:00<00:02, 17.56it/s, loss=1.2610]
  Epoch 24/30:  10%|███▋                                | 6/58 [00:00<00:02, 17.56it/s, loss=1.3124]
  Epoch 24/30:  14%|████▉                               | 8/58 [00:00<00:02, 18.13it/s, loss=1.3124]
  Epoch 24/30:  14%|████▉                               | 8/58 [00:00<00:02, 18.13it/s, loss=1.2356]
  Epoch 24/30:  14%|████▉                               | 8/58 [00:00<00:02, 18.13it/s, loss=1.1413]
  Epoch 24/30:  17%|██████                             | 10/58 [00:00<00:02, 18.42it/s, loss=1.1413]
  Epoch 24/30:  17%|██████                             | 10/58 [00:00<00:02, 18.42it/s, loss=1.3314]
  Epoch 24/30:  17%|██████                             | 10/58 [00:00<00:02, 18.42it/s, loss=1.1252]
  Epoch 24/30:  21%|███████▏                           | 12/58 [00:00<00:02, 18.86it/s, loss=1.1252]
  Epoch 24/30:  21%|███████▏                           | 12/58 [00:00<00:02, 18.86it/s, loss=1.3199]
  Epoch 24/30:  21%|███████▏                           | 12/58 [00:00<00:02, 18.86it/s, loss=1.2239]
  Epoch 24/30:  24%|████████▍                          | 14/58 [00:00<00:02, 18.46it/s, loss=1.2239]
  Epoch 24/30:  24%|████████▍                          | 14/58 [00:00<00:02, 18.46it/s, loss=1.2616]
  Epoch 24/30:  24%|████████▍                          | 14/58 [00:00<00:02, 18.46it/s, loss=1.1428]
  Epoch 24/30:  28%|█████████▋                         | 16/58 [00:00<00:02, 17.88it/s, loss=1.1428]
  Epoch 24/30:  28%|█████████▋                         | 16/58 [00:00<00:02, 17.88it/s, loss=1.1642]
  Epoch 24/30:  28%|█████████▋                         | 16/58 [00:00<00:02, 17.88it/s, loss=1.2283]
  Epoch 24/30:  28%|█████████▋                         | 16/58 [00:01<00:02, 17.88it/s, loss=1.0293]
  Epoch 24/30:  33%|███████████▍                       | 19/58 [00:01<00:01, 20.07it/s, loss=1.0293]
  Epoch 24/30:  33%|███████████▍                       | 19/58 [00:01<00:01, 20.07it/s, loss=1.1539]
  Epoch 24/30:  33%|███████████▍                       | 19/58 [00:01<00:01, 20.07it/s, loss=1.2376]
  Epoch 24/30:  33%|███████████▍                       | 19/58 [00:01<00:01, 20.07it/s, loss=1.1383]
  Epoch 24/30:  38%|█████████████▎                     | 22/58 [00:01<00:01, 20.61it/s, loss=1.1383]
  Epoch 24/30:  38%|█████████████▎                     | 22/58 [00:01<00:01, 20.61it/s, loss=1.1498]
  Epoch 24/30:  38%|█████████████▎                     | 22/58 [00:01<00:01, 20.61it/s, loss=1.2088]
  Epoch 24/30:  38%|█████████████▎                     | 22/58 [00:01<00:01, 20.61it/s, loss=0.9800]
  Epoch 24/30:  43%|███████████████                    | 25/58 [00:01<00:01, 22.21it/s, loss=0.9800]
  Epoch 24/30:  43%|███████████████                    | 25/58 [00:01<00:01, 22.21it/s, loss=1.1420]
  Epoch 24/30:  43%|███████████████                    | 25/58 [00:01<00:01, 22.21it/s, loss=1.3049]
  Epoch 24/30:  43%|███████████████                    | 25/58 [00:01<00:01, 22.21it/s, loss=1.3293]
  Epoch 24/30:  48%|████████████████▉                  | 28/58 [00:01<00:01, 22.75it/s, loss=1.3293]
  Epoch 24/30:  48%|████████████████▉                  | 28/58 [00:01<00:01, 22.75it/s, loss=1.1490]
  Epoch 24/30:  48%|████████████████▉                  | 28/58 [00:01<00:01, 22.75it/s, loss=0.9572]
  Epoch 24/30:  48%|████████████████▉                  | 28/58 [00:01<00:01, 22.75it/s, loss=1.2146]
  Epoch 24/30:  53%|██████████████████▋                | 31/58 [00:01<00:01, 24.58it/s, loss=1.2146]
  Epoch 24/30:  53%|██████████████████▋                | 31/58 [00:01<00:01, 24.58it/s, loss=1.1387]
  Epoch 24/30:  53%|██████████████████▋                | 31/58 [00:01<00:01, 24.58it/s, loss=1.1821]
  Epoch 24/30:  53%|██████████████████▋                | 31/58 [00:01<00:01, 24.58it/s, loss=1.2118]
  Epoch 24/30:  59%|████████████████████▌              | 34/58 [00:01<00:00, 24.54it/s, loss=1.2118]
  Epoch 24/30:  59%|████████████████████▌              | 34/58 [00:01<00:00, 24.54it/s, loss=1.2559]
  Epoch 24/30:  59%|████████████████████▌              | 34/58 [00:01<00:00, 24.54it/s, loss=1.2086]
  Epoch 24/30:  59%|████████████████████▌              | 34/58 [00:01<00:00, 24.54it/s, loss=1.1166]
  Epoch 24/30:  64%|██████████████████████▎            | 37/58 [00:01<00:00, 23.26it/s, loss=1.1166]
  Epoch 24/30:  64%|██████████████████████▎            | 37/58 [00:01<00:00, 23.26it/s, loss=1.1525]
  Epoch 24/30:  64%|██████████████████████▎            | 37/58 [00:01<00:00, 23.26it/s, loss=1.1064]
  Epoch 24/30:  64%|██████████████████████▎            | 37/58 [00:01<00:00, 23.26it/s, loss=1.0470]
  Epoch 24/30:  69%|████████████████████████▏          | 40/58 [00:01<00:00, 24.11it/s, loss=1.0470]
  Epoch 24/30:  69%|████████████████████████▏          | 40/58 [00:01<00:00, 24.11it/s, loss=1.1520]
  Epoch 24/30:  69%|████████████████████████▏          | 40/58 [00:01<00:00, 24.11it/s, loss=1.0477]
  Epoch 24/30:  69%|████████████████████████▏          | 40/58 [00:01<00:00, 24.11it/s, loss=1.1204]
  Epoch 24/30:  74%|█████████████████████████▉         | 43/58 [00:01<00:00, 24.77it/s, loss=1.1204]
  Epoch 24/30:  74%|█████████████████████████▉         | 43/58 [00:02<00:00, 24.77it/s, loss=1.2275]
  Epoch 24/30:  74%|█████████████████████████▉         | 43/58 [00:02<00:00, 24.77it/s, loss=1.0504]
  Epoch 24/30:  74%|█████████████████████████▉         | 43/58 [00:02<00:00, 24.77it/s, loss=0.9666]
  Epoch 24/30:  79%|███████████████████████████▊       | 46/58 [00:02<00:00, 24.33it/s, loss=0.9666]
  Epoch 24/30:  79%|███████████████████████████▊       | 46/58 [00:02<00:00, 24.33it/s, loss=1.0604]
  Epoch 24/30:  79%|███████████████████████████▊       | 46/58 [00:02<00:00, 24.33it/s, loss=0.9973]
  Epoch 24/30:  79%|███████████████████████████▊       | 46/58 [00:02<00:00, 24.33it/s, loss=0.9550]
  Epoch 24/30:  84%|█████████████████████████████▌     | 49/58 [00:02<00:00, 24.90it/s, loss=0.9550]
  Epoch 24/30:  84%|█████████████████████████████▌     | 49/58 [00:02<00:00, 24.90it/s, loss=1.0914]
  Epoch 24/30:  84%|█████████████████████████████▌     | 49/58 [00:02<00:00, 24.90it/s, loss=1.2271]
  Epoch 24/30:  84%|█████████████████████████████▌     | 49/58 [00:02<00:00, 24.90it/s, loss=1.0898]
  Epoch 24/30:  90%|███████████████████████████████▍   | 52/58 [00:02<00:00, 23.73it/s, loss=1.0898]
  Epoch 24/30:  90%|███████████████████████████████▍   | 52/58 [00:02<00:00, 23.73it/s, loss=0.9437]
  Epoch 24/30:  90%|███████████████████████████████▍   | 52/58 [00:02<00:00, 23.73it/s, loss=1.0784]
  Epoch 24/30:  90%|███████████████████████████████▍   | 52/58 [00:02<00:00, 23.73it/s, loss=1.0161]
  Epoch 24/30:  90%|███████████████████████████████▍   | 52/58 [00:02<00:00, 23.73it/s, loss=0.9815]
  Epoch 24/30:  97%|█████████████████████████████████▊ | 56/58 [00:02<00:00, 25.57it/s, loss=0.9815]
  Epoch 24/30:  97%|█████████████████████████████████▊ | 56/58 [00:02<00:00, 25.57it/s, loss=1.1207]
  Epoch 24/30:  97%|█████████████████████████████████▊ | 56/58 [00:02<00:00, 25.57it/s, loss=1.8225]
                                                                                                    

  Epoch 25/30:   0%|                                                         | 0/58 [00:00<?, ?it/s]
  Epoch 25/30:   0%|                                            | 0/58 [00:00<?, ?it/s, loss=1.1391]
  Epoch 25/30:   0%|                                            | 0/58 [00:00<?, ?it/s, loss=1.1663]
  Epoch 25/30:   0%|                                            | 0/58 [00:00<?, ?it/s, loss=1.0187]
  Epoch 25/30:   5%|█▊                                  | 3/58 [00:00<00:02, 21.65it/s, loss=1.0187]
  Epoch 25/30:   5%|█▊                                  | 3/58 [00:00<00:02, 21.65it/s, loss=1.2170]
  Epoch 25/30:   5%|█▊                                  | 3/58 [00:00<00:02, 21.65it/s, loss=1.1292]
  Epoch 25/30:   5%|█▊                                  | 3/58 [00:00<00:02, 21.65it/s, loss=1.0345]
  Epoch 25/30:  10%|███▋                                | 6/58 [00:00<00:02, 23.58it/s, loss=1.0345]
  Epoch 25/30:  10%|███▋                                | 6/58 [00:00<00:02, 23.58it/s, loss=1.0862]
  Epoch 25/30:  10%|███▋                                | 6/58 [00:00<00:02, 23.58it/s, loss=1.0896]
  Epoch 25/30:  10%|███▋                                | 6/58 [00:00<00:02, 23.58it/s, loss=1.0250]
  Epoch 25/30:  16%|█████▌                              | 9/58 [00:00<00:02, 24.22it/s, loss=1.0250]
  Epoch 25/30:  16%|█████▌                              | 9/58 [00:00<00:02, 24.22it/s, loss=1.0449]
  Epoch 25/30:  16%|█████▌                              | 9/58 [00:00<00:02, 24.22it/s, loss=0.9790]
  Epoch 25/30:  16%|█████▌                              | 9/58 [00:00<00:02, 24.22it/s, loss=0.9995]
  Epoch 25/30:  21%|███████▏                           | 12/58 [00:00<00:02, 21.87it/s, loss=0.9995]
  Epoch 25/30:  21%|███████▏                           | 12/58 [00:00<00:02, 21.87it/s, loss=1.0004]
  Epoch 25/30:  21%|███████▏                           | 12/58 [00:00<00:02, 21.87it/s, loss=1.0310]
  Epoch 25/30:  21%|███████▏                           | 12/58 [00:00<00:02, 21.87it/s, loss=1.0258]
  Epoch 25/30:  26%|█████████                          | 15/58 [00:00<00:02, 20.49it/s, loss=1.0258]
  Epoch 25/30:  26%|█████████                          | 15/58 [00:00<00:02, 20.49it/s, loss=1.1006]
  Epoch 25/30:  26%|█████████                          | 15/58 [00:00<00:02, 20.49it/s, loss=1.1484]
  Epoch 25/30:  26%|█████████                          | 15/58 [00:00<00:02, 20.49it/s, loss=0.8900]
  Epoch 25/30:  31%|██████████▊                        | 18/58 [00:00<00:01, 21.30it/s, loss=0.8900]
  Epoch 25/30:  31%|██████████▊                        | 18/58 [00:00<00:01, 21.30it/s, loss=0.9222]
  Epoch 25/30:  31%|██████████▊                        | 18/58 [00:00<00:01, 21.30it/s, loss=1.0162]
  Epoch 25/30:  31%|██████████▊                        | 18/58 [00:00<00:01, 21.30it/s, loss=1.1101]
  Epoch 25/30:  36%|████████████▋                      | 21/58 [00:00<00:01, 22.69it/s, loss=1.1101]
  Epoch 25/30:  36%|████████████▋                      | 21/58 [00:00<00:01, 22.69it/s, loss=1.0040]
  Epoch 25/30:  36%|████████████▋                      | 21/58 [00:01<00:01, 22.69it/s, loss=0.9418]
  Epoch 25/30:  36%|████████████▋                      | 21/58 [00:01<00:01, 22.69it/s, loss=1.0488]
  Epoch 25/30:  41%|██████████████▍                    | 24/58 [00:01<00:01, 23.10it/s, loss=1.0488]
  Epoch 25/30:  41%|██████████████▍                    | 24/58 [00:01<00:01, 23.10it/s, loss=1.0267]
  Epoch 25/30:  41%|██████████████▍                    | 24/58 [00:01<00:01, 23.10it/s, loss=0.8649]
  Epoch 25/30:  41%|██████████████▍                    | 24/58 [00:01<00:01, 23.10it/s, loss=0.8722]
  Epoch 25/30:  47%|████████████████▎                  | 27/58 [00:01<00:01, 24.53it/s, loss=0.8722]
  Epoch 25/30:  47%|████████████████▎                  | 27/58 [00:01<00:01, 24.53it/s, loss=0.9999]
  Epoch 25/30:  47%|████████████████▎                  | 27/58 [00:01<00:01, 24.53it/s, loss=1.0280]
  Epoch 25/30:  47%|████████████████▎                  | 27/58 [00:01<00:01, 24.53it/s, loss=1.0222]
  Epoch 25/30:  52%|██████████████████                 | 30/58 [00:01<00:01, 23.51it/s, loss=1.0222]
  Epoch 25/30:  52%|██████████████████                 | 30/58 [00:01<00:01, 23.51it/s, loss=0.9001]
  Epoch 25/30:  52%|██████████████████                 | 30/58 [00:01<00:01, 23.51it/s, loss=0.9111]
  Epoch 25/30:  52%|██████████████████                 | 30/58 [00:01<00:01, 23.51it/s, loss=1.0329]
  Epoch 25/30:  57%|███████████████████▉               | 33/58 [00:01<00:01, 24.19it/s, loss=1.0329]
  Epoch 25/30:  57%|███████████████████▉               | 33/58 [00:01<00:01, 24.19it/s, loss=0.9892]
  Epoch 25/30:  57%|███████████████████▉               | 33/58 [00:01<00:01, 24.19it/s, loss=0.8717]
  Epoch 25/30:  57%|███████████████████▉               | 33/58 [00:01<00:01, 24.19it/s, loss=0.9708]
  Epoch 25/30:  62%|█████████████████████▋             | 36/58 [00:01<00:00, 25.14it/s, loss=0.9708]
  Epoch 25/30:  62%|█████████████████████▋             | 36/58 [00:01<00:00, 25.14it/s, loss=0.9076]
  Epoch 25/30:  62%|█████████████████████▋             | 36/58 [00:01<00:00, 25.14it/s, loss=1.0258]
  Epoch 25/30:  62%|█████████████████████▋             | 36/58 [00:01<00:00, 25.14it/s, loss=0.9035]
  Epoch 25/30:  67%|███████████████████████▌           | 39/58 [00:01<00:00, 23.14it/s, loss=0.9035]
  Epoch 25/30:  67%|███████████████████████▌           | 39/58 [00:01<00:00, 23.14it/s, loss=0.9175]
  Epoch 25/30:  67%|███████████████████████▌           | 39/58 [00:01<00:00, 23.14it/s, loss=0.8579]
  Epoch 25/30:  67%|███████████████████████▌           | 39/58 [00:01<00:00, 23.14it/s, loss=0.9501]
  Epoch 25/30:  72%|█████████████████████████▎         | 42/58 [00:01<00:00, 21.83it/s, loss=0.9501]
  Epoch 25/30:  72%|█████████████████████████▎         | 42/58 [00:01<00:00, 21.83it/s, loss=0.8394]
  Epoch 25/30:  72%|█████████████████████████▎         | 42/58 [00:01<00:00, 21.83it/s, loss=0.9096]
  Epoch 25/30:  72%|█████████████████████████▎         | 42/58 [00:02<00:00, 21.83it/s, loss=0.8774]
  Epoch 25/30:  78%|███████████████████████████▏       | 45/58 [00:02<00:00, 20.81it/s, loss=0.8774]
  Epoch 25/30:  78%|███████████████████████████▏       | 45/58 [00:02<00:00, 20.81it/s, loss=0.8058]
  Epoch 25/30:  78%|███████████████████████████▏       | 45/58 [00:02<00:00, 20.81it/s, loss=0.8862]
  Epoch 25/30:  78%|███████████████████████████▏       | 45/58 [00:02<00:00, 20.81it/s, loss=0.8290]
  Epoch 25/30:  83%|████████████████████████████▉      | 48/58 [00:02<00:00, 20.72it/s, loss=0.8290]
  Epoch 25/30:  83%|████████████████████████████▉      | 48/58 [00:02<00:00, 20.72it/s, loss=0.9550]
  Epoch 25/30:  83%|████████████████████████████▉      | 48/58 [00:02<00:00, 20.72it/s, loss=0.9119]
  Epoch 25/30:  83%|████████████████████████████▉      | 48/58 [00:02<00:00, 20.72it/s, loss=0.9007]
  Epoch 25/30:  88%|██████████████████████████████▊    | 51/58 [00:02<00:00, 21.32it/s, loss=0.9007]
  Epoch 25/30:  88%|██████████████████████████████▊    | 51/58 [00:02<00:00, 21.32it/s, loss=0.9210]
  Epoch 25/30:  88%|██████████████████████████████▊    | 51/58 [00:02<00:00, 21.32it/s, loss=0.9584]
  Epoch 25/30:  88%|██████████████████████████████▊    | 51/58 [00:02<00:00, 21.32it/s, loss=0.9861]
  Epoch 25/30:  93%|████████████████████████████████▌  | 54/58 [00:02<00:00, 22.75it/s, loss=0.9861]
  Epoch 25/30:  93%|████████████████████████████████▌  | 54/58 [00:02<00:00, 22.75it/s, loss=0.9574]
  Epoch 25/30:  93%|████████████████████████████████▌  | 54/58 [00:02<00:00, 22.75it/s, loss=1.0256]
  Epoch 25/30:  93%|████████████████████████████████▌  | 54/58 [00:02<00:00, 22.75it/s, loss=0.7519]
  Epoch 25/30:  98%|██████████████████████████████████▍| 57/58 [00:02<00:00, 22.93it/s, loss=0.7519]
  Epoch 25/30:  98%|██████████████████████████████████▍| 57/58 [00:02<00:00, 22.93it/s, loss=0.5328]
                                                                                                    
  Epoch 25/30 │ Loss: 0.9701 │ T+1: -761.0073 │ T+2: -0.8103 │ T+3: -834.2781 ★ NEW BEST

  Epoch 26/30:   0%|                                                         | 0/58 [00:00<?, ?it/s]
  Epoch 26/30:   0%|                                            | 0/58 [00:00<?, ?it/s, loss=0.9568]
  Epoch 26/30:   0%|                                            | 0/58 [00:00<?, ?it/s, loss=0.9703]
  Epoch 26/30:   0%|                                            | 0/58 [00:00<?, ?it/s, loss=0.7257]
  Epoch 26/30:   5%|█▊                                  | 3/58 [00:00<00:02, 22.28it/s, loss=0.7257]
  Epoch 26/30:   5%|█▊                                  | 3/58 [00:00<00:02, 22.28it/s, loss=0.9223]
  Epoch 26/30:   5%|█▊                                  | 3/58 [00:00<00:02, 22.28it/s, loss=0.8536]
  Epoch 26/30:   5%|█▊                                  | 3/58 [00:00<00:02, 22.28it/s, loss=0.8079]
  Epoch 26/30:  10%|███▋                                | 6/58 [00:00<00:02, 20.81it/s, loss=0.8079]
  Epoch 26/30:  10%|███▋                                | 6/58 [00:00<00:02, 20.81it/s, loss=0.7553]
  Epoch 26/30:  10%|███▋                                | 6/58 [00:00<00:02, 20.81it/s, loss=0.8648]
  Epoch 26/30:  10%|███▋                                | 6/58 [00:00<00:02, 20.81it/s, loss=0.9329]
  Epoch 26/30:  16%|█████▌                              | 9/58 [00:00<00:02, 20.78it/s, loss=0.9329]
  Epoch 26/30:  16%|█████▌                              | 9/58 [00:00<00:02, 20.78it/s, loss=0.9615]
  Epoch 26/30:  16%|█████▌                              | 9/58 [00:00<00:02, 20.78it/s, loss=0.8585]
  Epoch 26/30:  16%|█████▌                              | 9/58 [00:00<00:02, 20.78it/s, loss=0.7965]
  Epoch 26/30:  21%|███████▏                           | 12/58 [00:00<00:02, 17.62it/s, loss=0.7965]
  Epoch 26/30:  21%|███████▏                           | 12/58 [00:00<00:02, 17.62it/s, loss=0.7927]
  Epoch 26/30:  21%|███████▏                           | 12/58 [00:00<00:02, 17.62it/s, loss=0.8139]
  Epoch 26/30:  21%|███████▏                           | 12/58 [00:00<00:02, 17.62it/s, loss=0.9067]
  Epoch 26/30:  26%|█████████                          | 15/58 [00:00<00:02, 19.32it/s, loss=0.9067]
  Epoch 26/30:  26%|█████████                          | 15/58 [00:00<00:02, 19.32it/s, loss=0.9005]
  Epoch 26/30:  26%|█████████                          | 15/58 [00:00<00:02, 19.32it/s, loss=0.7632]
  Epoch 26/30:  26%|█████████                          | 15/58 [00:00<00:02, 19.32it/s, loss=0.8767]
  Epoch 26/30:  31%|██████████▊                        | 18/58 [00:00<00:01, 20.80it/s, loss=0.8767]
  Epoch 26/30:  31%|██████████▊                        | 18/58 [00:00<00:01, 20.80it/s, loss=0.8476]
  Epoch 26/30:  31%|██████████▊                        | 18/58 [00:00<00:01, 20.80it/s, loss=0.7890]
  Epoch 26/30:  31%|██████████▊                        | 18/58 [00:01<00:01, 20.80it/s, loss=0.6941]
  Epoch 26/30:  36%|████████████▋                      | 21/58 [00:01<00:01, 21.83it/s, loss=0.6941]
  Epoch 26/30:  36%|████████████▋                      | 21/58 [00:01<00:01, 21.83it/s, loss=0.7574]
  Epoch 26/30:  36%|████████████▋                      | 21/58 [00:01<00:01, 21.83it/s, loss=0.9004]
  Epoch 26/30:  36%|████████████▋                      | 21/58 [00:01<00:01, 21.83it/s, loss=0.8712]
  Epoch 26/30:  41%|██████████████▍                    | 24/58 [00:01<00:01, 22.59it/s, loss=0.8712]
  Epoch 26/30:  41%|██████████████▍                    | 24/58 [00:01<00:01, 22.59it/s, loss=0.8697]
  Epoch 26/30:  41%|██████████████▍                    | 24/58 [00:01<00:01, 22.59it/s, loss=0.8087]
  Epoch 26/30:  41%|██████████████▍                    | 24/58 [00:01<00:01, 22.59it/s, loss=0.7836]
  Epoch 26/30:  47%|████████████████▎                  | 27/58 [00:01<00:01, 22.25it/s, loss=0.7836]
  Epoch 26/30:  47%|████████████████▎                  | 27/58 [00:01<00:01, 22.25it/s, loss=0.7650]
  Epoch 26/30:  47%|████████████████▎                  | 27/58 [00:01<00:01, 22.25it/s, loss=0.7421]
  Epoch 26/30:  47%|████████████████▎                  | 27/58 [00:01<00:01, 22.25it/s, loss=0.7616]
  Epoch 26/30:  52%|██████████████████                 | 30/58 [00:01<00:01, 22.88it/s, loss=0.7616]
  Epoch 26/30:  52%|██████████████████                 | 30/58 [00:01<00:01, 22.88it/s, loss=0.7542]
  Epoch 26/30:  52%|██████████████████                 | 30/58 [00:01<00:01, 22.88it/s, loss=0.7989]
  Epoch 26/30:  52%|██████████████████                 | 30/58 [00:01<00:01, 22.88it/s, loss=0.9594]
  Epoch 26/30:  57%|███████████████████▉               | 33/58 [00:01<00:01, 22.44it/s, loss=0.9594]
  Epoch 26/30:  57%|███████████████████▉               | 33/58 [00:01<00:01, 22.44it/s, loss=0.8064]
  Epoch 26/30:  57%|███████████████████▉               | 33/58 [00:01<00:01, 22.44it/s, loss=0.7349]
  Epoch 26/30:  57%|███████████████████▉               | 33/58 [00:01<00:01, 22.44it/s, loss=0.7913]
  Epoch 26/30:  62%|█████████████████████▋             | 36/58 [00:01<00:00, 23.18it/s, loss=0.7913]
  Epoch 26/30:  62%|█████████████████████▋             | 36/58 [00:01<00:00, 23.18it/s, loss=0.6552]
  Epoch 26/30:  62%|█████████████████████▋             | 36/58 [00:01<00:00, 23.18it/s, loss=0.8151]
  Epoch 26/30:  62%|█████████████████████▋             | 36/58 [00:01<00:00, 23.18it/s, loss=0.8062]
  Epoch 26/30:  62%|█████████████████████▋             | 36/58 [00:01<00:00, 23.18it/s, loss=0.8322]
  Epoch 26/30:  69%|████████████████████████▏          | 40/58 [00:01<00:00, 25.27it/s, loss=0.8322]
  Epoch 26/30:  69%|████████████████████████▏          | 40/58 [00:01<00:00, 25.27it/s, loss=0.7982]
  Epoch 26/30:  69%|████████████████████████▏          | 40/58 [00:01<00:00, 25.27it/s, loss=0.8564]
  Epoch 26/30:  69%|████████████████████████▏          | 40/58 [00:01<00:00, 25.27it/s, loss=0.7464]
  Epoch 26/30:  74%|█████████████████████████▉         | 43/58 [00:01<00:00, 25.50it/s, loss=0.7464]
  Epoch 26/30:  74%|█████████████████████████▉         | 43/58 [00:01<00:00, 25.50it/s, loss=0.7411]
  Epoch 26/30:  74%|█████████████████████████▉         | 43/58 [00:01<00:00, 25.50it/s, loss=0.6746]
  Epoch 26/30:  74%|█████████████████████████▉         | 43/58 [00:02<00:00, 25.50it/s, loss=0.8100]
  Epoch 26/30:  79%|███████████████████████████▊       | 46/58 [00:02<00:00, 26.15it/s, loss=0.8100]
  Epoch 26/30:  79%|███████████████████████████▊       | 46/58 [00:02<00:00, 26.15it/s, loss=0.6149]
  Epoch 26/30:  79%|███████████████████████████▊       | 46/58 [00:02<00:00, 26.15it/s, loss=0.7186]
  Epoch 26/30:  79%|███████████████████████████▊       | 46/58 [00:02<00:00, 26.15it/s, loss=0.7612]
  Epoch 26/30:  84%|█████████████████████████████▌     | 49/58 [00:02<00:00, 25.96it/s, loss=0.7612]
  Epoch 26/30:  84%|█████████████████████████████▌     | 49/58 [00:02<00:00, 25.96it/s, loss=0.7039]
  Epoch 26/30:  84%|█████████████████████████████▌     | 49/58 [00:02<00:00, 25.96it/s, loss=0.6861]
  Epoch 26/30:  84%|█████████████████████████████▌     | 49/58 [00:02<00:00, 25.96it/s, loss=0.7190]
  Epoch 26/30:  90%|███████████████████████████████▍   | 52/58 [00:02<00:00, 26.53it/s, loss=0.7190]
  Epoch 26/30:  90%|███████████████████████████████▍   | 52/58 [00:02<00:00, 26.53it/s, loss=0.5748]
  Epoch 26/30:  90%|███████████████████████████████▍   | 52/58 [00:02<00:00, 26.53it/s, loss=0.7683]
  Epoch 26/30:  90%|███████████████████████████████▍   | 52/58 [00:02<00:00, 26.53it/s, loss=0.7488]
  Epoch 26/30:  95%|█████████████████████████████████▏ | 55/58 [00:02<00:00, 23.37it/s, loss=0.7488]
  Epoch 26/30:  95%|█████████████████████████████████▏ | 55/58 [00:02<00:00, 23.37it/s, loss=0.7118]
  Epoch 26/30:  95%|█████████████████████████████████▏ | 55/58 [00:02<00:00, 23.37it/s, loss=0.6529]
  Epoch 26/30:  95%|█████████████████████████████████▏ | 55/58 [00:02<00:00, 23.37it/s, loss=0.6845]
                                                                                                    

  Epoch 27/30:   0%|                                                         | 0/58 [00:00<?, ?it/s]
  Epoch 27/30:   0%|                                            | 0/58 [00:00<?, ?it/s, loss=0.6925]
  Epoch 27/30:   0%|                                            | 0/58 [00:00<?, ?it/s, loss=0.6724]
  Epoch 27/30:   3%|█▏                                  | 2/58 [00:00<00:03, 18.65it/s, loss=0.6724]
  Epoch 27/30:   3%|█▏                                  | 2/58 [00:00<00:03, 18.65it/s, loss=0.6586]
  Epoch 27/30:   3%|█▏                                  | 2/58 [00:00<00:03, 18.65it/s, loss=0.6530]
  Epoch 27/30:   7%|██▍                                 | 4/58 [00:00<00:02, 19.30it/s, loss=0.6530]
  Epoch 27/30:   7%|██▍                                 | 4/58 [00:00<00:02, 19.30it/s, loss=0.7628]
  Epoch 27/30:   7%|██▍                                 | 4/58 [00:00<00:02, 19.30it/s, loss=0.7021]
  Epoch 27/30:  10%|███▋                                | 6/58 [00:00<00:02, 19.17it/s, loss=0.7021]
  Epoch 27/30:  10%|███▋                                | 6/58 [00:00<00:02, 19.17it/s, loss=0.7940]
  Epoch 27/30:  10%|███▋                                | 6/58 [00:00<00:02, 19.17it/s, loss=0.7385]
  Epoch 27/30:  10%|███▋                                | 6/58 [00:00<00:02, 19.17it/s, loss=0.6423]
  Epoch 27/30:  16%|█████▌                              | 9/58 [00:00<00:02, 19.01it/s, loss=0.6423]
  Epoch 27/30:  16%|█████▌                              | 9/58 [00:00<00:02, 19.01it/s, loss=0.6708]
  Epoch 27/30:  16%|█████▌                              | 9/58 [00:00<00:02, 19.01it/s, loss=0.6525]
  Epoch 27/30:  16%|█████▌                              | 9/58 [00:00<00:02, 19.01it/s, loss=0.6184]
  Epoch 27/30:  21%|███████▏                           | 12/58 [00:00<00:02, 21.08it/s, loss=0.6184]
  Epoch 27/30:  21%|███████▏                           | 12/58 [00:00<00:02, 21.08it/s, loss=0.6570]
  Epoch 27/30:  21%|███████▏                           | 12/58 [00:00<00:02, 21.08it/s, loss=0.7332]
  Epoch 27/30:  21%|███████▏                           | 12/58 [00:00<00:02, 21.08it/s, loss=0.6218]
  Epoch 27/30:  26%|█████████                          | 15/58 [00:00<00:01, 22.61it/s, loss=0.6218]
  Epoch 27/30:  26%|█████████                          | 15/58 [00:00<00:01, 22.61it/s, loss=0.7074]
  Epoch 27/30:  26%|█████████                          | 15/58 [00:00<00:01, 22.61it/s, loss=0.7386]
  Epoch 27/30:  26%|█████████                          | 15/58 [00:00<00:01, 22.61it/s, loss=0.8275]
  Epoch 27/30:  31%|██████████▊                        | 18/58 [00:00<00:01, 24.04it/s, loss=0.8275]
  Epoch 27/30:  31%|██████████▊                        | 18/58 [00:00<00:01, 24.04it/s, loss=0.6128]
  Epoch 27/30:  31%|██████████▊                        | 18/58 [00:00<00:01, 24.04it/s, loss=0.5651]
  Epoch 27/30:  31%|██████████▊                        | 18/58 [00:00<00:01, 24.04it/s, loss=0.6968]
  Epoch 27/30:  36%|████████████▋                      | 21/58 [00:00<00:01, 24.10it/s, loss=0.6968]
  Epoch 27/30:  36%|████████████▋                      | 21/58 [00:00<00:01, 24.10it/s, loss=0.6902]
  Epoch 27/30:  36%|████████████▋                      | 21/58 [00:01<00:01, 24.10it/s, loss=0.6121]
  Epoch 27/30:  36%|████████████▋                      | 21/58 [00:01<00:01, 24.10it/s, loss=0.6714]
  Epoch 27/30:  41%|██████████████▍                    | 24/58 [00:01<00:01, 24.76it/s, loss=0.6714]
  Epoch 27/30:  41%|██████████████▍                    | 24/58 [00:01<00:01, 24.76it/s, loss=0.6327]
  Epoch 27/30:  41%|██████████████▍                    | 24/58 [00:01<00:01, 24.76it/s, loss=0.8369]
  Epoch 27/30:  41%|██████████████▍                    | 24/58 [00:01<00:01, 24.76it/s, loss=0.6747]
  Epoch 27/30:  47%|████████████████▎                  | 27/58 [00:01<00:01, 25.06it/s, loss=0.6747]
  Epoch 27/30:  47%|████████████████▎                  | 27/58 [00:01<00:01, 25.06it/s, loss=0.5803]
  Epoch 27/30:  47%|████████████████▎                  | 27/58 [00:01<00:01, 25.06it/s, loss=0.6359]
  Epoch 27/30:  47%|████████████████▎                  | 27/58 [00:01<00:01, 25.06it/s, loss=0.6549]
  Epoch 27/30:  52%|██████████████████                 | 30/58 [00:01<00:01, 25.64it/s, loss=0.6549]
  Epoch 27/30:  52%|██████████████████                 | 30/58 [00:01<00:01, 25.64it/s, loss=0.6922]
  Epoch 27/30:  52%|██████████████████                 | 30/58 [00:01<00:01, 25.64it/s, loss=0.6492]
  Epoch 27/30:  52%|██████████████████                 | 30/58 [00:01<00:01, 25.64it/s, loss=0.5652]
  Epoch 27/30:  57%|███████████████████▉               | 33/58 [00:01<00:01, 24.58it/s, loss=0.5652]
  Epoch 27/30:  57%|███████████████████▉               | 33/58 [00:01<00:01, 24.58it/s, loss=0.6544]
  Epoch 27/30:  57%|███████████████████▉               | 33/58 [00:01<00:01, 24.58it/s, loss=0.6859]
  Epoch 27/30:  57%|███████████████████▉               | 33/58 [00:01<00:01, 24.58it/s, loss=0.7065]
  Epoch 27/30:  62%|█████████████████████▋             | 36/58 [00:01<00:00, 22.63it/s, loss=0.7065]
  Epoch 27/30:  62%|█████████████████████▋             | 36/58 [00:01<00:00, 22.63it/s, loss=0.6226]
  Epoch 27/30:  62%|█████████████████████▋             | 36/58 [00:01<00:00, 22.63it/s, loss=0.6251]
  Epoch 27/30:  62%|█████████████████████▋             | 36/58 [00:01<00:00, 22.63it/s, loss=0.6132]
  Epoch 27/30:  67%|███████████████████████▌           | 39/58 [00:01<00:00, 20.98it/s, loss=0.6132]
  Epoch 27/30:  67%|███████████████████████▌           | 39/58 [00:01<00:00, 20.98it/s, loss=0.6879]
  Epoch 27/30:  67%|███████████████████████▌           | 39/58 [00:01<00:00, 20.98it/s, loss=0.6086]
  Epoch 27/30:  67%|███████████████████████▌           | 39/58 [00:01<00:00, 20.98it/s, loss=0.7598]
  Epoch 27/30:  72%|█████████████████████████▎         | 42/58 [00:01<00:00, 20.19it/s, loss=0.7598]
  Epoch 27/30:  72%|█████████████████████████▎         | 42/58 [00:01<00:00, 20.19it/s, loss=0.5737]
  Epoch 27/30:  72%|█████████████████████████▎         | 42/58 [00:02<00:00, 20.19it/s, loss=0.6423]
  Epoch 27/30:  72%|█████████████████████████▎         | 42/58 [00:02<00:00, 20.19it/s, loss=0.6967]
  Epoch 27/30:  78%|███████████████████████████▏       | 45/58 [00:02<00:00, 19.65it/s, loss=0.6967]
  Epoch 27/30:  78%|███████████████████████████▏       | 45/58 [00:02<00:00, 19.65it/s, loss=0.5840]
  Epoch 27/30:  78%|███████████████████████████▏       | 45/58 [00:02<00:00, 19.65it/s, loss=0.6488]
  Epoch 27/30:  78%|███████████████████████████▏       | 45/58 [00:02<00:00, 19.65it/s, loss=0.6183]
  Epoch 27/30:  83%|████████████████████████████▉      | 48/58 [00:02<00:00, 19.95it/s, loss=0.6183]
  Epoch 27/30:  83%|████████████████████████████▉      | 48/58 [00:02<00:00, 19.95it/s, loss=0.5210]
  Epoch 27/30:  83%|████████████████████████████▉      | 48/58 [00:02<00:00, 19.95it/s, loss=0.5946]
  Epoch 27/30:  83%|████████████████████████████▉      | 48/58 [00:02<00:00, 19.95it/s, loss=0.6250]
  Epoch 27/30:  88%|██████████████████████████████▊    | 51/58 [00:02<00:00, 19.48it/s, loss=0.6250]
  Epoch 27/30:  88%|██████████████████████████████▊    | 51/58 [00:02<00:00, 19.48it/s, loss=0.5774]
  Epoch 27/30:  88%|██████████████████████████████▊    | 51/58 [00:02<00:00, 19.48it/s, loss=0.5758]
  Epoch 27/30:  91%|███████████████████████████████▉   | 53/58 [00:02<00:00, 19.02it/s, loss=0.5758]
  Epoch 27/30:  91%|███████████████████████████████▉   | 53/58 [00:02<00:00, 19.02it/s, loss=0.6275]
  Epoch 27/30:  91%|███████████████████████████████▉   | 53/58 [00:02<00:00, 19.02it/s, loss=0.6481]
  Epoch 27/30:  95%|█████████████████████████████████▏ | 55/58 [00:02<00:00, 18.30it/s, loss=0.6481]
  Epoch 27/30:  95%|█████████████████████████████████▏ | 55/58 [00:02<00:00, 18.30it/s, loss=0.6534]
  Epoch 27/30:  95%|█████████████████████████████████▏ | 55/58 [00:02<00:00, 18.30it/s, loss=0.6489]
  Epoch 27/30:  98%|██████████████████████████████████▍| 57/58 [00:02<00:00, 17.74it/s, loss=0.6489]
  Epoch 27/30:  98%|██████████████████████████████████▍| 57/58 [00:02<00:00, 17.74it/s, loss=0.4483]
                                                                                                    

  Epoch 28/30:   0%|                                                         | 0/58 [00:00<?, ?it/s]
  Epoch 28/30:   0%|                                            | 0/58 [00:00<?, ?it/s, loss=0.5086]
  Epoch 28/30:   0%|                                            | 0/58 [00:00<?, ?it/s, loss=0.6083]
  Epoch 28/30:   3%|█▏                                  | 2/58 [00:00<00:03, 16.78it/s, loss=0.6083]
  Epoch 28/30:   3%|█▏                                  | 2/58 [00:00<00:03, 16.78it/s, loss=0.6263]
  Epoch 28/30:   3%|█▏                                  | 2/58 [00:00<00:03, 16.78it/s, loss=0.5803]
  Epoch 28/30:   7%|██▍                                 | 4/58 [00:00<00:03, 16.69it/s, loss=0.5803]
  Epoch 28/30:   7%|██▍                                 | 4/58 [00:00<00:03, 16.69it/s, loss=0.6623]
  Epoch 28/30:   7%|██▍                                 | 4/58 [00:00<00:03, 16.69it/s, loss=0.5442]
  Epoch 28/30:  10%|███▋                                | 6/58 [00:00<00:02, 17.56it/s, loss=0.5442]
  Epoch 28/30:  10%|███▋                                | 6/58 [00:00<00:02, 17.56it/s, loss=0.5789]
  Epoch 28/30:  10%|███▋                                | 6/58 [00:00<00:02, 17.56it/s, loss=0.5455]
  Epoch 28/30:  14%|████▉                               | 8/58 [00:00<00:02, 17.34it/s, loss=0.5455]
  Epoch 28/30:  14%|████▉                               | 8/58 [00:00<00:02, 17.34it/s, loss=0.5918]
  Epoch 28/30:  14%|████▉                               | 8/58 [00:00<00:02, 17.34it/s, loss=0.5942]
  Epoch 28/30:  17%|██████                             | 10/58 [00:00<00:02, 16.83it/s, loss=0.5942]
  Epoch 28/30:  17%|██████                             | 10/58 [00:00<00:02, 16.83it/s, loss=0.5381]
  Epoch 28/30:  17%|██████                             | 10/58 [00:00<00:02, 16.83it/s, loss=0.5605]
  Epoch 28/30:  21%|███████▏                           | 12/58 [00:00<00:02, 17.51it/s, loss=0.5605]
  Epoch 28/30:  21%|███████▏                           | 12/58 [00:00<00:02, 17.51it/s, loss=0.6652]
  Epoch 28/30:  21%|███████▏                           | 12/58 [00:00<00:02, 17.51it/s, loss=0.5386]
  Epoch 28/30:  24%|████████▍                          | 14/58 [00:00<00:02, 17.68it/s, loss=0.5386]
  Epoch 28/30:  24%|████████▍                          | 14/58 [00:00<00:02, 17.68it/s, loss=0.5483]
  Epoch 28/30:  24%|████████▍                          | 14/58 [00:00<00:02, 17.68it/s, loss=0.6229]
  Epoch 28/30:  28%|█████████▋                         | 16/58 [00:00<00:02, 17.39it/s, loss=0.6229]
  Epoch 28/30:  28%|█████████▋                         | 16/58 [00:00<00:02, 17.39it/s, loss=0.5602]
  Epoch 28/30:  28%|█████████▋                         | 16/58 [00:01<00:02, 17.39it/s, loss=0.6109]
  Epoch 28/30:  31%|██████████▊                        | 18/58 [00:01<00:02, 17.33it/s, loss=0.6109]
  Epoch 28/30:  31%|██████████▊                        | 18/58 [00:01<00:02, 17.33it/s, loss=0.5182]
  Epoch 28/30:  31%|██████████▊                        | 18/58 [00:01<00:02, 17.33it/s, loss=0.6641]
  Epoch 28/30:  34%|████████████                       | 20/58 [00:01<00:02, 17.32it/s, loss=0.6641]
  Epoch 28/30:  34%|████████████                       | 20/58 [00:01<00:02, 17.32it/s, loss=0.5322]
  Epoch 28/30:  34%|████████████                       | 20/58 [00:01<00:02, 17.32it/s, loss=0.5831]
  Epoch 28/30:  38%|█████████████▎                     | 22/58 [00:01<00:02, 16.88it/s, loss=0.5831]
  Epoch 28/30:  38%|█████████████▎                     | 22/58 [00:01<00:02, 16.88it/s, loss=0.5044]
  Epoch 28/30:  38%|█████████████▎                     | 22/58 [00:01<00:02, 16.88it/s, loss=0.5814]
  Epoch 28/30:  41%|██████████████▍                    | 24/58 [00:01<00:02, 16.90it/s, loss=0.5814]
  Epoch 28/30:  41%|██████████████▍                    | 24/58 [00:01<00:02, 16.90it/s, loss=0.6149]
  Epoch 28/30:  41%|██████████████▍                    | 24/58 [00:01<00:02, 16.90it/s, loss=0.5672]
  Epoch 28/30:  45%|███████████████▋                   | 26/58 [00:01<00:01, 17.20it/s, loss=0.5672]
  Epoch 28/30:  45%|███████████████▋                   | 26/58 [00:01<00:01, 17.20it/s, loss=0.5955]
  Epoch 28/30:  45%|███████████████▋                   | 26/58 [00:01<00:01, 17.20it/s, loss=0.5660]
  Epoch 28/30:  48%|████████████████▉                  | 28/58 [00:01<00:01, 17.50it/s, loss=0.5660]
  Epoch 28/30:  48%|████████████████▉                  | 28/58 [00:01<00:01, 17.50it/s, loss=0.5107]
  Epoch 28/30:  48%|████████████████▉                  | 28/58 [00:01<00:01, 17.50it/s, loss=0.5430]
  Epoch 28/30:  52%|██████████████████                 | 30/58 [00:01<00:01, 17.35it/s, loss=0.5430]
  Epoch 28/30:  52%|██████████████████                 | 30/58 [00:01<00:01, 17.35it/s, loss=0.5814]
  Epoch 28/30:  52%|██████████████████                 | 30/58 [00:01<00:01, 17.35it/s, loss=0.5239]
  Epoch 28/30:  55%|███████████████████▎               | 32/58 [00:01<00:01, 17.23it/s, loss=0.5239]
  Epoch 28/30:  55%|███████████████████▎               | 32/58 [00:01<00:01, 17.23it/s, loss=0.5147]
  Epoch 28/30:  55%|███████████████████▎               | 32/58 [00:01<00:01, 17.23it/s, loss=0.5528]
  Epoch 28/30:  59%|████████████████████▌              | 34/58 [00:01<00:01, 16.99it/s, loss=0.5528]
  Epoch 28/30:  59%|████████████████████▌              | 34/58 [00:02<00:01, 16.99it/s, loss=0.5394]
  Epoch 28/30:  59%|████████████████████▌              | 34/58 [00:02<00:01, 16.99it/s, loss=0.4867]
  Epoch 28/30:  62%|█████████████████████▋             | 36/58 [00:02<00:01, 16.38it/s, loss=0.4867]
  Epoch 28/30:  62%|█████████████████████▋             | 36/58 [00:02<00:01, 16.38it/s, loss=0.5961]
  Epoch 28/30:  62%|█████████████████████▋             | 36/58 [00:02<00:01, 16.38it/s, loss=0.4829]
  Epoch 28/30:  66%|██████████████████████▉            | 38/58 [00:02<00:01, 16.48it/s, loss=0.4829]
  Epoch 28/30:  66%|██████████████████████▉            | 38/58 [00:02<00:01, 16.48it/s, loss=0.5594]
  Epoch 28/30:  66%|██████████████████████▉            | 38/58 [00:02<00:01, 16.48it/s, loss=0.5650]
  Epoch 28/30:  69%|████████████████████████▏          | 40/58 [00:02<00:01, 16.89it/s, loss=0.5650]
  Epoch 28/30:  69%|████████████████████████▏          | 40/58 [00:02<00:01, 16.89it/s, loss=0.4840]
  Epoch 28/30:  69%|████████████████████████▏          | 40/58 [00:02<00:01, 16.89it/s, loss=0.5099]
  Epoch 28/30:  72%|█████████████████████████▎         | 42/58 [00:02<00:00, 16.76it/s, loss=0.5099]
  Epoch 28/30:  72%|█████████████████████████▎         | 42/58 [00:02<00:00, 16.76it/s, loss=0.5698]
  Epoch 28/30:  72%|█████████████████████████▎         | 42/58 [00:02<00:00, 16.76it/s, loss=0.4822]
  Epoch 28/30:  76%|██████████████████████████▌        | 44/58 [00:02<00:00, 16.86it/s, loss=0.4822]
  Epoch 28/30:  76%|██████████████████████████▌        | 44/58 [00:02<00:00, 16.86it/s, loss=0.5387]
  Epoch 28/30:  76%|██████████████████████████▌        | 44/58 [00:02<00:00, 16.86it/s, loss=0.4941]
  Epoch 28/30:  79%|███████████████████████████▊       | 46/58 [00:02<00:00, 16.80it/s, loss=0.4941]
  Epoch 28/30:  79%|███████████████████████████▊       | 46/58 [00:02<00:00, 16.80it/s, loss=0.4918]
  Epoch 28/30:  79%|███████████████████████████▊       | 46/58 [00:02<00:00, 16.80it/s, loss=0.4490]
  Epoch 28/30:  83%|████████████████████████████▉      | 48/58 [00:02<00:00, 17.00it/s, loss=0.4490]
  Epoch 28/30:  83%|████████████████████████████▉      | 48/58 [00:02<00:00, 17.00it/s, loss=0.6170]
  Epoch 28/30:  83%|████████████████████████████▉      | 48/58 [00:02<00:00, 17.00it/s, loss=0.5260]
  Epoch 28/30:  86%|██████████████████████████████▏    | 50/58 [00:02<00:00, 16.83it/s, loss=0.5260]
  Epoch 28/30:  86%|██████████████████████████████▏    | 50/58 [00:02<00:00, 16.83it/s, loss=0.5398]
  Epoch 28/30:  86%|██████████████████████████████▏    | 50/58 [00:03<00:00, 16.83it/s, loss=0.4591]
  Epoch 28/30:  90%|███████████████████████████████▍   | 52/58 [00:03<00:00, 16.54it/s, loss=0.4591]
  Epoch 28/30:  90%|███████████████████████████████▍   | 52/58 [00:03<00:00, 16.54it/s, loss=0.5168]
  Epoch 28/30:  90%|███████████████████████████████▍   | 52/58 [00:03<00:00, 16.54it/s, loss=0.5427]
  Epoch 28/30:  93%|████████████████████████████████▌  | 54/58 [00:03<00:00, 16.51it/s, loss=0.5427]
  Epoch 28/30:  93%|████████████████████████████████▌  | 54/58 [00:03<00:00, 16.51it/s, loss=0.4699]
  Epoch 28/30:  93%|████████████████████████████████▌  | 54/58 [00:03<00:00, 16.51it/s, loss=0.5902]
  Epoch 28/30:  97%|█████████████████████████████████▊ | 56/58 [00:03<00:00, 16.50it/s, loss=0.5902]
  Epoch 28/30:  97%|█████████████████████████████████▊ | 56/58 [00:03<00:00, 16.50it/s, loss=0.5293]
  Epoch 28/30:  97%|█████████████████████████████████▊ | 56/58 [00:03<00:00, 16.50it/s, loss=0.5377]
                                                                                                    

  Epoch 29/30:   0%|                                                         | 0/58 [00:00<?, ?it/s]
  Epoch 29/30:   0%|                                            | 0/58 [00:00<?, ?it/s, loss=0.5277]
  Epoch 29/30:   0%|                                            | 0/58 [00:00<?, ?it/s, loss=0.5074]
  Epoch 29/30:   3%|█▏                                  | 2/58 [00:00<00:03, 18.13it/s, loss=0.5074]
  Epoch 29/30:   3%|█▏                                  | 2/58 [00:00<00:03, 18.13it/s, loss=0.5618]
  Epoch 29/30:   3%|█▏                                  | 2/58 [00:00<00:03, 18.13it/s, loss=0.5134]
  Epoch 29/30:   7%|██▍                                 | 4/58 [00:00<00:03, 16.72it/s, loss=0.5134]
  Epoch 29/30:   7%|██▍                                 | 4/58 [00:00<00:03, 16.72it/s, loss=0.5349]
  Epoch 29/30:   7%|██▍                                 | 4/58 [00:00<00:03, 16.72it/s, loss=0.4579]
  Epoch 29/30:  10%|███▋                                | 6/58 [00:00<00:03, 16.79it/s, loss=0.4579]
  Epoch 29/30:  10%|███▋                                | 6/58 [00:00<00:03, 16.79it/s, loss=0.5613]
  Epoch 29/30:  10%|███▋                                | 6/58 [00:00<00:03, 16.79it/s, loss=0.5402]
  Epoch 29/30:  14%|████▉                               | 8/58 [00:00<00:03, 16.55it/s, loss=0.5402]
  Epoch 29/30:  14%|████▉                               | 8/58 [00:00<00:03, 16.55it/s, loss=0.4880]
  Epoch 29/30:  14%|████▉                               | 8/58 [00:00<00:03, 16.55it/s, loss=0.5056]
  Epoch 29/30:  17%|██████                             | 10/58 [00:00<00:02, 16.89it/s, loss=0.5056]
  Epoch 29/30:  17%|██████                             | 10/58 [00:00<00:02, 16.89it/s, loss=0.5381]
  Epoch 29/30:  17%|██████                             | 10/58 [00:00<00:02, 16.89it/s, loss=0.5042]
  Epoch 29/30:  21%|███████▏                           | 12/58 [00:00<00:02, 16.41it/s, loss=0.5042]
  Epoch 29/30:  21%|███████▏                           | 12/58 [00:00<00:02, 16.41it/s, loss=0.4942]
  Epoch 29/30:  21%|███████▏                           | 12/58 [00:00<00:02, 16.41it/s, loss=0.5153]
  Epoch 29/30:  24%|████████▍                          | 14/58 [00:00<00:02, 16.74it/s, loss=0.5153]
  Epoch 29/30:  24%|████████▍                          | 14/58 [00:00<00:02, 16.74it/s, loss=0.4706]
  Epoch 29/30:  24%|████████▍                          | 14/58 [00:00<00:02, 16.74it/s, loss=0.4879]
  Epoch 29/30:  28%|█████████▋                         | 16/58 [00:00<00:02, 16.23it/s, loss=0.4879]
  Epoch 29/30:  28%|█████████▋                         | 16/58 [00:01<00:02, 16.23it/s, loss=0.5071]
  Epoch 29/30:  28%|█████████▋                         | 16/58 [00:01<00:02, 16.23it/s, loss=0.5182]
  Epoch 29/30:  31%|██████████▊                        | 18/58 [00:01<00:02, 16.30it/s, loss=0.5182]
  Epoch 29/30:  31%|██████████▊                        | 18/58 [00:01<00:02, 16.30it/s, loss=0.4476]
  Epoch 29/30:  31%|██████████▊                        | 18/58 [00:01<00:02, 16.30it/s, loss=0.4752]
  Epoch 29/30:  34%|████████████                       | 20/58 [00:01<00:02, 16.41it/s, loss=0.4752]
  Epoch 29/30:  34%|████████████                       | 20/58 [00:01<00:02, 16.41it/s, loss=0.4509]
  Epoch 29/30:  34%|████████████                       | 20/58 [00:01<00:02, 16.41it/s, loss=0.4934]
  Epoch 29/30:  38%|█████████████▎                     | 22/58 [00:01<00:02, 16.35it/s, loss=0.4934]
  Epoch 29/30:  38%|█████████████▎                     | 22/58 [00:01<00:02, 16.35it/s, loss=0.4696]
  Epoch 29/30:  38%|█████████████▎                     | 22/58 [00:01<00:02, 16.35it/s, loss=0.4641]
  Epoch 29/30:  41%|██████████████▍                    | 24/58 [00:01<00:02, 16.47it/s, loss=0.4641]
  Epoch 29/30:  41%|██████████████▍                    | 24/58 [00:01<00:02, 16.47it/s, loss=0.4303]
  Epoch 29/30:  41%|██████████████▍                    | 24/58 [00:01<00:02, 16.47it/s, loss=0.4223]
  Epoch 29/30:  45%|███████████████▋                   | 26/58 [00:01<00:01, 16.85it/s, loss=0.4223]
  Epoch 29/30:  45%|███████████████▋                   | 26/58 [00:01<00:01, 16.85it/s, loss=0.4663]
  Epoch 29/30:  45%|███████████████▋                   | 26/58 [00:01<00:01, 16.85it/s, loss=0.4417]
  Epoch 29/30:  48%|████████████████▉                  | 28/58 [00:01<00:01, 16.93it/s, loss=0.4417]
  Epoch 29/30:  48%|████████████████▉                  | 28/58 [00:01<00:01, 16.93it/s, loss=0.4505]
  Epoch 29/30:  48%|████████████████▉                  | 28/58 [00:01<00:01, 16.93it/s, loss=0.5026]
  Epoch 29/30:  52%|██████████████████                 | 30/58 [00:01<00:01, 16.85it/s, loss=0.5026]
  Epoch 29/30:  52%|██████████████████                 | 30/58 [00:01<00:01, 16.85it/s, loss=0.4344]
  Epoch 29/30:  52%|██████████████████                 | 30/58 [00:01<00:01, 16.85it/s, loss=0.5181]
  Epoch 29/30:  55%|███████████████████▎               | 32/58 [00:01<00:01, 16.60it/s, loss=0.5181]
  Epoch 29/30:  55%|███████████████████▎               | 32/58 [00:01<00:01, 16.60it/s, loss=0.4536]
  Epoch 29/30:  55%|███████████████████▎               | 32/58 [00:02<00:01, 16.60it/s, loss=0.4611]
  Epoch 29/30:  59%|████████████████████▌              | 34/58 [00:02<00:01, 16.34it/s, loss=0.4611]
  Epoch 29/30:  59%|████████████████████▌              | 34/58 [00:02<00:01, 16.34it/s, loss=0.4988]
  Epoch 29/30:  59%|████████████████████▌              | 34/58 [00:02<00:01, 16.34it/s, loss=0.4392]
  Epoch 29/30:  62%|█████████████████████▋             | 36/58 [00:02<00:01, 16.77it/s, loss=0.4392]
  Epoch 29/30:  62%|█████████████████████▋             | 36/58 [00:02<00:01, 16.77it/s, loss=0.4741]
  Epoch 29/30:  62%|█████████████████████▋             | 36/58 [00:02<00:01, 16.77it/s, loss=0.4345]
  Epoch 29/30:  66%|██████████████████████▉            | 38/58 [00:02<00:01, 16.64it/s, loss=0.4345]
  Epoch 29/30:  66%|██████████████████████▉            | 38/58 [00:02<00:01, 16.64it/s, loss=0.4801]
  Epoch 29/30:  66%|██████████████████████▉            | 38/58 [00:02<00:01, 16.64it/s, loss=0.4303]
  Epoch 29/30:  69%|████████████████████████▏          | 40/58 [00:02<00:01, 16.75it/s, loss=0.4303]
  Epoch 29/30:  69%|████████████████████████▏          | 40/58 [00:02<00:01, 16.75it/s, loss=0.4595]
  Epoch 29/30:  69%|████████████████████████▏          | 40/58 [00:02<00:01, 16.75it/s, loss=0.4036]
  Epoch 29/30:  72%|█████████████████████████▎         | 42/58 [00:02<00:00, 17.52it/s, loss=0.4036]
  Epoch 29/30:  72%|█████████████████████████▎         | 42/58 [00:02<00:00, 17.52it/s, loss=0.5281]
  Epoch 29/30:  72%|█████████████████████████▎         | 42/58 [00:02<00:00, 17.52it/s, loss=0.4502]
  Epoch 29/30:  76%|██████████████████████████▌        | 44/58 [00:02<00:00, 17.52it/s, loss=0.4502]
  Epoch 29/30:  76%|██████████████████████████▌        | 44/58 [00:02<00:00, 17.52it/s, loss=0.4749]
  Epoch 29/30:  76%|██████████████████████████▌        | 44/58 [00:02<00:00, 17.52it/s, loss=0.4668]
  Epoch 29/30:  79%|███████████████████████████▊       | 46/58 [00:02<00:00, 18.03it/s, loss=0.4668]
  Epoch 29/30:  79%|███████████████████████████▊       | 46/58 [00:02<00:00, 18.03it/s, loss=0.4380]
  Epoch 29/30:  79%|███████████████████████████▊       | 46/58 [00:02<00:00, 18.03it/s, loss=0.4135]
  Epoch 29/30:  83%|████████████████████████████▉      | 48/58 [00:02<00:00, 17.37it/s, loss=0.4135]
  Epoch 29/30:  83%|████████████████████████████▉      | 48/58 [00:02<00:00, 17.37it/s, loss=0.4720]
  Epoch 29/30:  83%|████████████████████████████▉      | 48/58 [00:02<00:00, 17.37it/s, loss=0.3971]
  Epoch 29/30:  86%|██████████████████████████████▏    | 50/58 [00:02<00:00, 16.86it/s, loss=0.3971]
  Epoch 29/30:  86%|██████████████████████████████▏    | 50/58 [00:03<00:00, 16.86it/s, loss=0.4320]
  Epoch 29/30:  86%|██████████████████████████████▏    | 50/58 [00:03<00:00, 16.86it/s, loss=0.4584]
  Epoch 29/30:  90%|███████████████████████████████▍   | 52/58 [00:03<00:00, 16.69it/s, loss=0.4584]
  Epoch 29/30:  90%|███████████████████████████████▍   | 52/58 [00:03<00:00, 16.69it/s, loss=0.4216]
  Epoch 29/30:  90%|███████████████████████████████▍   | 52/58 [00:03<00:00, 16.69it/s, loss=0.4478]
  Epoch 29/30:  93%|████████████████████████████████▌  | 54/58 [00:03<00:00, 16.45it/s, loss=0.4478]
  Epoch 29/30:  93%|████████████████████████████████▌  | 54/58 [00:03<00:00, 16.45it/s, loss=0.4508]
  Epoch 29/30:  93%|████████████████████████████████▌  | 54/58 [00:03<00:00, 16.45it/s, loss=0.4254]
  Epoch 29/30:  97%|█████████████████████████████████▊ | 56/58 [00:03<00:00, 16.70it/s, loss=0.4254]
  Epoch 29/30:  97%|█████████████████████████████████▊ | 56/58 [00:03<00:00, 16.70it/s, loss=0.3820]
  Epoch 29/30:  97%|█████████████████████████████████▊ | 56/58 [00:03<00:00, 16.70it/s, loss=0.2641]
                                                                                                    

  Epoch 30/30:   0%|                                                         | 0/58 [00:00<?, ?it/s]
  Epoch 30/30:   0%|                                            | 0/58 [00:00<?, ?it/s, loss=0.4413]
  Epoch 30/30:   0%|                                            | 0/58 [00:00<?, ?it/s, loss=0.4510]
  Epoch 30/30:   3%|█▏                                  | 2/58 [00:00<00:03, 16.05it/s, loss=0.4510]
  Epoch 30/30:   3%|█▏                                  | 2/58 [00:00<00:03, 16.05it/s, loss=0.4277]
  Epoch 30/30:   3%|█▏                                  | 2/58 [00:00<00:03, 16.05it/s, loss=0.4326]
  Epoch 30/30:   7%|██▍                                 | 4/58 [00:00<00:03, 16.46it/s, loss=0.4326]
  Epoch 30/30:   7%|██▍                                 | 4/58 [00:00<00:03, 16.46it/s, loss=0.4888]
  Epoch 30/30:   7%|██▍                                 | 4/58 [00:00<00:03, 16.46it/s, loss=0.4861]
  Epoch 30/30:  10%|███▋                                | 6/58 [00:00<00:02, 17.36it/s, loss=0.4861]
  Epoch 30/30:  10%|███▋                                | 6/58 [00:00<00:02, 17.36it/s, loss=0.4358]
  Epoch 30/30:  10%|███▋                                | 6/58 [00:00<00:02, 17.36it/s, loss=0.4442]
  Epoch 30/30:  14%|████▉                               | 8/58 [00:00<00:02, 17.68it/s, loss=0.4442]
  Epoch 30/30:  14%|████▉                               | 8/58 [00:00<00:02, 17.68it/s, loss=0.4004]
  Epoch 30/30:  14%|████▉                               | 8/58 [00:00<00:02, 17.68it/s, loss=0.4150]
  Epoch 30/30:  14%|████▉                               | 8/58 [00:00<00:02, 17.68it/s, loss=0.4325]
  Epoch 30/30:  19%|██████▋                            | 11/58 [00:00<00:02, 18.15it/s, loss=0.4325]
  Epoch 30/30:  19%|██████▋                            | 11/58 [00:00<00:02, 18.15it/s, loss=0.3594]
  Epoch 30/30:  19%|██████▋                            | 11/58 [00:00<00:02, 18.15it/s, loss=0.4176]
  Epoch 30/30:  22%|███████▊                           | 13/58 [00:00<00:02, 17.41it/s, loss=0.4176]
  Epoch 30/30:  22%|███████▊                           | 13/58 [00:00<00:02, 17.41it/s, loss=0.4336]
  Epoch 30/30:  22%|███████▊                           | 13/58 [00:00<00:02, 17.41it/s, loss=0.4218]
  Epoch 30/30:  22%|███████▊                           | 13/58 [00:00<00:02, 17.41it/s, loss=0.4285]
  Epoch 30/30:  28%|█████████▋                         | 16/58 [00:00<00:02, 18.61it/s, loss=0.4285]
  Epoch 30/30:  28%|█████████▋                         | 16/58 [00:00<00:02, 18.61it/s, loss=0.3947]
  Epoch 30/30:  28%|█████████▋                         | 16/58 [00:01<00:02, 18.61it/s, loss=0.3964]
  Epoch 30/30:  31%|██████████▊                        | 18/58 [00:01<00:02, 18.04it/s, loss=0.3964]
  Epoch 30/30:  31%|██████████▊                        | 18/58 [00:01<00:02, 18.04it/s, loss=0.3956]
  Epoch 30/30:  31%|██████████▊                        | 18/58 [00:01<00:02, 18.04it/s, loss=0.3827]
  Epoch 30/30:  34%|████████████                       | 20/58 [00:01<00:02, 18.03it/s, loss=0.3827]
  Epoch 30/30:  34%|████████████                       | 20/58 [00:01<00:02, 18.03it/s, loss=0.4043]
  Epoch 30/30:  34%|████████████                       | 20/58 [00:01<00:02, 18.03it/s, loss=0.3960]
  Epoch 30/30:  38%|█████████████▎                     | 22/58 [00:01<00:02, 17.81it/s, loss=0.3960]
  Epoch 30/30:  38%|█████████████▎                     | 22/58 [00:01<00:02, 17.81it/s, loss=0.4294]
  Epoch 30/30:  38%|█████████████▎                     | 22/58 [00:01<00:02, 17.81it/s, loss=0.3839]
  Epoch 30/30:  41%|██████████████▍                    | 24/58 [00:01<00:01, 18.01it/s, loss=0.3839]
  Epoch 30/30:  41%|██████████████▍                    | 24/58 [00:01<00:01, 18.01it/s, loss=0.3495]
  Epoch 30/30:  41%|██████████████▍                    | 24/58 [00:01<00:01, 18.01it/s, loss=0.3992]
  Epoch 30/30:  45%|███████████████▋                   | 26/58 [00:01<00:01, 17.25it/s, loss=0.3992]
  Epoch 30/30:  45%|███████████████▋                   | 26/58 [00:01<00:01, 17.25it/s, loss=0.4011]
  Epoch 30/30:  45%|███████████████▋                   | 26/58 [00:01<00:01, 17.25it/s, loss=0.4265]
  Epoch 30/30:  48%|████████████████▉                  | 28/58 [00:01<00:01, 17.13it/s, loss=0.4265]
  Epoch 30/30:  48%|████████████████▉                  | 28/58 [00:01<00:01, 17.13it/s, loss=0.3954]
  Epoch 30/30:  48%|████████████████▉                  | 28/58 [00:01<00:01, 17.13it/s, loss=0.4385]
  Epoch 30/30:  52%|██████████████████                 | 30/58 [00:01<00:01, 17.03it/s, loss=0.4385]
  Epoch 30/30:  52%|██████████████████                 | 30/58 [00:01<00:01, 17.03it/s, loss=0.4008]
  Epoch 30/30:  52%|██████████████████                 | 30/58 [00:01<00:01, 17.03it/s, loss=0.3973]
  Epoch 30/30:  55%|███████████████████▎               | 32/58 [00:01<00:01, 17.45it/s, loss=0.3973]
  Epoch 30/30:  55%|███████████████████▎               | 32/58 [00:01<00:01, 17.45it/s, loss=0.4285]
  Epoch 30/30:  55%|███████████████████▎               | 32/58 [00:01<00:01, 17.45it/s, loss=0.3598]
  Epoch 30/30:  59%|████████████████████▌              | 34/58 [00:01<00:01, 18.01it/s, loss=0.3598]
  Epoch 30/30:  59%|████████████████████▌              | 34/58 [00:01<00:01, 18.01it/s, loss=0.4160]
  Epoch 30/30:  59%|████████████████████▌              | 34/58 [00:02<00:01, 18.01it/s, loss=0.3531]
  Epoch 30/30:  59%|████████████████████▌              | 34/58 [00:02<00:01, 18.01it/s, loss=0.4051]
  Epoch 30/30:  64%|██████████████████████▎            | 37/58 [00:02<00:01, 19.18it/s, loss=0.4051]
  Epoch 30/30:  64%|██████████████████████▎            | 37/58 [00:02<00:01, 19.18it/s, loss=0.4407]
  Epoch 30/30:  64%|██████████████████████▎            | 37/58 [00:02<00:01, 19.18it/s, loss=0.4031]
  Epoch 30/30:  64%|██████████████████████▎            | 37/58 [00:02<00:01, 19.18it/s, loss=0.4038]
  Epoch 30/30:  69%|████████████████████████▏          | 40/58 [00:02<00:00, 20.43it/s, loss=0.4038]
  Epoch 30/30:  69%|████████████████████████▏          | 40/58 [00:02<00:00, 20.43it/s, loss=0.3533]
  Epoch 30/30:  69%|████████████████████████▏          | 40/58 [00:02<00:00, 20.43it/s, loss=0.4293]
  Epoch 30/30:  69%|████████████████████████▏          | 40/58 [00:02<00:00, 20.43it/s, loss=0.3982]
  Epoch 30/30:  74%|█████████████████████████▉         | 43/58 [00:02<00:00, 21.05it/s, loss=0.3982]
  Epoch 30/30:  74%|█████████████████████████▉         | 43/58 [00:02<00:00, 21.05it/s, loss=0.3536]
  Epoch 30/30:  74%|█████████████████████████▉         | 43/58 [00:02<00:00, 21.05it/s, loss=0.3402]
  Epoch 30/30:  74%|█████████████████████████▉         | 43/58 [00:02<00:00, 21.05it/s, loss=0.3601]
  Epoch 30/30:  79%|███████████████████████████▊       | 46/58 [00:02<00:00, 22.49it/s, loss=0.3601]
  Epoch 30/30:  79%|███████████████████████████▊       | 46/58 [00:02<00:00, 22.49it/s, loss=0.4237]
  Epoch 30/30:  79%|███████████████████████████▊       | 46/58 [00:02<00:00, 22.49it/s, loss=0.3791]
  Epoch 30/30:  79%|███████████████████████████▊       | 46/58 [00:02<00:00, 22.49it/s, loss=0.3828]
  Epoch 30/30:  84%|█████████████████████████████▌     | 49/58 [00:02<00:00, 23.05it/s, loss=0.3828]
  Epoch 30/30:  84%|█████████████████████████████▌     | 49/58 [00:02<00:00, 23.05it/s, loss=0.3863]
  Epoch 30/30:  84%|█████████████████████████████▌     | 49/58 [00:02<00:00, 23.05it/s, loss=0.3446]
  Epoch 30/30:  84%|█████████████████████████████▌     | 49/58 [00:02<00:00, 23.05it/s, loss=0.3285]
  Epoch 30/30:  90%|███████████████████████████████▍   | 52/58 [00:02<00:00, 22.03it/s, loss=0.3285]
  Epoch 30/30:  90%|███████████████████████████████▍   | 52/58 [00:02<00:00, 22.03it/s, loss=0.4412]
  Epoch 30/30:  90%|███████████████████████████████▍   | 52/58 [00:02<00:00, 22.03it/s, loss=0.3401]
  Epoch 30/30:  90%|███████████████████████████████▍   | 52/58 [00:02<00:00, 22.03it/s, loss=0.3845]
  Epoch 30/30:  95%|█████████████████████████████████▏ | 55/58 [00:02<00:00, 21.63it/s, loss=0.3845]
  Epoch 30/30:  95%|█████████████████████████████████▏ | 55/58 [00:02<00:00, 21.63it/s, loss=0.3505]
  Epoch 30/30:  95%|█████████████████████████████████▏ | 55/58 [00:02<00:00, 21.63it/s, loss=0.3742]
  Epoch 30/30:  95%|█████████████████████████████████▏ | 55/58 [00:02<00:00, 21.63it/s, loss=0.5660]
  Epoch 30/30: 100%|███████████████████████████████████| 58/58 [00:02<00:00, 22.30it/s, loss=0.5660]
                                                                                                    
  Epoch 30/30 │ Loss: 0.4044 │ T+1: -296.2870 │ T+2: -0.1597 │ T+3: -355.6873 ★ NEW BEST

  → Loading best model checkpoint
    Best T+1 NSE: -296.2870

  → Saving model
    Model saved: E:\SRIP 2025\Streamflow and Water-level Prediction\Final Stuff\srip-transformer\runs\seq_fitter_20260304_205512\model.pt

============================================================
  STEP 7: EVALUATING MODEL
============================================================

  → Evaluating on Test Set 1961-1970

  Testing 1961-1970:   0%|                                                   | 0/15 [00:00<?, ?it/s]
  Testing 1961-1970:  33%|██████████████▎                            | 5/15 [00:00<00:00, 43.83it/s]
  Testing 1961-1970:  73%|██████████████████████████████▊           | 11/15 [00:00<00:00, 44.50it/s]
                                                                                                    

    Results (1961-1970):
    Horizon       NSE       R²      PBIAS │      P90      P95 │    Peak%
    ----------------------------------------------------------------------
    T1        -0.0381  -0.0381    -47.97% │  -2.2321  -4.2834 │    86.2%
    T2        -0.1389  -0.1389     78.43% │  -3.6612  -6.1178 │    69.3%
    T3        -0.0051  -0.0051    -15.00% │  -2.6022  -4.7732 │    84.1%

  → Evaluating on Test Set 2011-2020

  Testing 2011-2020:   0%|                                                   | 0/15 [00:00<?, ?it/s]
  Testing 2011-2020:  33%|██████████████▎                            | 5/15 [00:00<00:00, 49.36it/s]
  Testing 2011-2020:  67%|████████████████████████████              | 10/15 [00:00<00:00, 45.58it/s]
                                                                                                    

    Results (2011-2020):
    Horizon       NSE       R²      PBIAS │      P90      P95 │    Peak%
    ----------------------------------------------------------------------
    T1        -0.3520  -0.3520   -181.92% │  -0.3144  -0.7760 │    93.5%
    T2        -0.0379  -0.0379     58.89% │  -0.8278  -1.3667 │    74.1%
    T3        -0.1551  -0.1551   -119.08% │  -0.4340  -0.9252 │    91.8%

============================================================
  STEP 8: SAVING RESULTS
============================================================

  → Saving results.json

  → Saving train_history.json

  → Computing feature saliency (gradient × input)
    Features: ['rainfall', 'tmax', 'tmin', 'waterlevel_upstream', 'streamflow_upstream', 'waterlevel_final', 'streamflow_final', 'hierarchical_feature_quantile_0.1', 'hierarchical_feature_quantile_0.5', 'hierarchical_feature_quantile_0.9', 'hierarchical_feature_quantile_0.95']
Traceback (most recent call last):
  File "E:\SRIP 2025\Streamflow and Water-level Prediction\Final Stuff\srip-transformer\src\train.py", line 895, in <module>
    main()
  File "E:\SRIP 2025\Streamflow and Water-level Prediction\Final Stuff\srip-transformer\src\train.py", line 850, in main
    saliency_results = compute_feature_saliency(
                       ^^^^^^^^^^^^^^^^^^^^^^^^^
  File "E:\SRIP 2025\Streamflow and Water-level Prediction\Final Stuff\srip-transformer\src\train.py", line 398, in compute_feature_saliency
    predictions[horizon].sum().backward(retain_graph=True)
  File "C:\Users\HP\AppData\Local\Programs\Python\Python312\Lib\site-packages\torch\_tensor.py", line 630, in backward
    torch.autograd.backward(
  File "C:\Users\HP\AppData\Local\Programs\Python\Python312\Lib\site-packages\torch\autograd\__init__.py", line 364, in backward
    _engine_run_backward(
  File "C:\Users\HP\AppData\Local\Programs\Python\Python312\Lib\site-packages\torch\autograd\graph.py", line 865, in _engine_run_backward
    return Variable._execution_engine.run_backward(  # Calls into the C++ engine to run the backward pass
           ^^^^^^^^^^^^^^^^^^^^^^^^^^^^^^^^^^^^^^^^^^^^^^^^^^^^^^^^^^^^^^^^^^^^^^^^^^^^^^^^^^^^^^^^^^^^^^
RuntimeError: cudnn RNN backward can only be called in training mode
