
============================================================
  SeqLSTM TRAINING PIPELINE
  Modular Ablation Framework
============================================================

============================================================
  STEP 1: LOADING CONFIGURATION
============================================================
  Config file: E:\SRIP 2025\Streamflow and Water-level Prediction\Final Stuff\srip-transformer\src\configs\seq_fitter.yaml
  Config name: seq_fitter

  Configuration:
    • Sequential:    ✓ ON  (3 LSTM blocks)
    • Bidirectional: ✗ OFF
    • Attention:     ✗ OFF
    • Rating Curve:  ✓ ON
    • Hierarchical:  ✓ ON

  LSTM Settings:
    • Hidden dim:    64
    • Num layers:    1
    • Dropout:       0.1

  Hard Constraints (enforced globally):
    • Lookback:      7 days
    • Batch size:    256
    • Learning rate: 0.001
    • Epochs:        30
    • Optimizer:     Adam
    • Loss:          MSE
    • Random seed:   74

  → Setting random seed: 74

  → Using device: cuda
    GPU: NVIDIA GeForce RTX 3050 4GB Laptop GPU

============================================================
  STEP 2: LOADING AND PREPARING DATA
============================================================

  → Loading station data: E:\SRIP 2025\Streamflow and Water-level Prediction\Final Stuff\srip-transformer\hierarchial\new_Handia_with_hierarchical_quantiles.csv
    Raw data shape: (22279, 23)
    Date range: 1961-01-02 to 2021-12-31

  → Detected pre-computed hierarchical features in CSV
    • hierarchical_feature_quantile_0.1
    • hierarchical_feature_quantile_0.5
    • hierarchical_feature_quantile_0.9
    • hierarchical_feature_quantile_0.95
    ✓ Will be INCLUDED (use_hierarchical=True)

  → Determining feature set
    ✓ Including 4 hierarchical features
    Using auto-detected features
    Total features: 11
       1. rainfall
       2. tmax
       3. tmin
       4. waterlevel_upstream
       5. streamflow_upstream
       6. waterlevel_final
       7. streamflow_final
       8. hierarchical_feature_quantile_0.1
       9. hierarchical_feature_quantile_0.5
      10. hierarchical_feature_quantile_0.9
      11. hierarchical_feature_quantile_0.95
    Target: streamflow_final

  → Loading processed data
    Station: Handia
    Processed shape: (22279, 23)

  → Splitting data by year
    Train (1971-2010):        14,610 samples
    Test (1961-1970):         3,651 samples
    Test (2011-2020):         3,653 samples

  → Scaling features (MinMaxScaler)
    Scaler fitted on 11 features

  → Creating PyTorch datasets
    Lookback window: 7 days (t-7 to t-1)
    Train dataset:   14,600 sequences
    Test 61-70:      3,641 sequences
    Test 11-20:      3,643 sequences
    ✓ Dual-target mode: streamflow + water level targets

  → Creating DataLoaders
    Batch size: 256
    Train batches: 58

============================================================
  STEP 3: SETTING UP OUTPUT DIRECTORY
============================================================
  Run directory: E:\SRIP 2025\Streamflow and Water-level Prediction\Final Stuff\srip-transformer\runs\seq_fitter_20260304_205648

============================================================
  STEP 4: FITTING RATING CURVE
============================================================

  → Extracting water level and streamflow data
    Data points: 14,610

  → Fitting rating curve models
  quadratic: RMSE=303.645, R²=0.9773
  exponential: RMSE=784.181, R²=0.8486
  shifted_quadratic: RMSE=303.654, R²=0.9773
  shifted_cubic: RMSE=393.396, R²=0.9619
E:\SRIP 2025\Streamflow and Water-level Prediction\Final Stuff\srip-transformer\src\models\fitter.py:41: RuntimeWarning: overflow encountered in power
  return a * np.power(np.maximum(wse - c, 0.001), b)
  power_law: RMSE=302.970, R²=0.9774

Best Rating Curve: power_law
  RMSE: 302.970
  R²: 0.9774
  Params: [179.92359923   1.95565784 260.09991935]
    ✓ Best model: power_law
    ✓ Rating curve saved: E:\SRIP 2025\Streamflow and Water-level Prediction\Final Stuff\srip-transformer\runs\seq_fitter_20260304_205648\rating_curve.pkl

============================================================
  STEP 5: CREATING MODEL
============================================================

  → Initializing SeqLSTMModel
    ✓ Rating curve injected into model
    Input dimension: 11
    Model variant:   Sequential_Fitter_Hier

  → Counting parameters & FLOPs
    Total parameters: 71,932
      • lstm_block1: 19,712
      • lstm_block2: 19,712
      • lstm_block3: 19,712
      • projection: 22
      • heads: 12,774
    FLOPs (per forward pass): 806.400K  [manual estimate]

============================================================
  STEP 6: TRAINING MODEL
============================================================

  → Setting up optimizer and loss function
    Optimizer: Adam (lr=0.001)
    Loss: MSELoss

  → Starting training loop (30 epochs)
    Progress will be shown every 5 epochs


  Epoch  1/30:   0%|                                                         | 0/58 [00:00<?, ?it/s]
  Epoch  1/30:   0%|                                            | 0/58 [00:00<?, ?it/s, loss=0.0194]
  Epoch  1/30:   2%|▌                                   | 1/58 [00:00<00:18,  3.12it/s, loss=0.0194]
  Epoch  1/30:   2%|▌                                   | 1/58 [00:00<00:18,  3.12it/s, loss=0.0178]
  Epoch  1/30:   2%|▌                                   | 1/58 [00:00<00:18,  3.12it/s, loss=0.0153]
  Epoch  1/30:   2%|▌                                   | 1/58 [00:00<00:18,  3.12it/s, loss=0.0118]
  Epoch  1/30:   2%|▌                                   | 1/58 [00:00<00:18,  3.12it/s, loss=0.0176]
  Epoch  1/30:   9%|███                                 | 5/58 [00:00<00:03, 13.47it/s, loss=0.0176]
  Epoch  1/30:   9%|███                                 | 5/58 [00:00<00:03, 13.47it/s, loss=0.0115]
  Epoch  1/30:   9%|███                                 | 5/58 [00:00<00:03, 13.47it/s, loss=0.0103]
  Epoch  1/30:   9%|███                                 | 5/58 [00:00<00:03, 13.47it/s, loss=0.0123]
  Epoch  1/30:   9%|███                                 | 5/58 [00:00<00:03, 13.47it/s, loss=0.0088]
  Epoch  1/30:  16%|█████▌                              | 9/58 [00:00<00:02, 18.98it/s, loss=0.0088]
  Epoch  1/30:  16%|█████▌                              | 9/58 [00:00<00:02, 18.98it/s, loss=0.0088]
  Epoch  1/30:  16%|█████▌                              | 9/58 [00:00<00:02, 18.98it/s, loss=0.0167]
  Epoch  1/30:  16%|█████▌                              | 9/58 [00:00<00:02, 18.98it/s, loss=0.0062]
  Epoch  1/30:  16%|█████▌                              | 9/58 [00:00<00:02, 18.98it/s, loss=0.0057]
  Epoch  1/30:  22%|███████▊                           | 13/58 [00:00<00:01, 22.96it/s, loss=0.0057]
  Epoch  1/30:  22%|███████▊                           | 13/58 [00:00<00:01, 22.96it/s, loss=0.0065]
  Epoch  1/30:  22%|███████▊                           | 13/58 [00:00<00:01, 22.96it/s, loss=0.0073]
  Epoch  1/30:  22%|███████▊                           | 13/58 [00:00<00:01, 22.96it/s, loss=0.0121]
  Epoch  1/30:  28%|█████████▋                         | 16/58 [00:00<00:01, 24.28it/s, loss=0.0121]
  Epoch  1/30:  28%|█████████▋                         | 16/58 [00:00<00:01, 24.28it/s, loss=0.0066]
  Epoch  1/30:  28%|█████████▋                         | 16/58 [00:00<00:01, 24.28it/s, loss=0.0067]
  Epoch  1/30:  28%|█████████▋                         | 16/58 [00:00<00:01, 24.28it/s, loss=0.0060]
  Epoch  1/30:  33%|███████████▍                       | 19/58 [00:00<00:01, 25.53it/s, loss=0.0060]
  Epoch  1/30:  33%|███████████▍                       | 19/58 [00:00<00:01, 25.53it/s, loss=0.0125]
  Epoch  1/30:  33%|███████████▍                       | 19/58 [00:01<00:01, 25.53it/s, loss=0.0079]
  Epoch  1/30:  33%|███████████▍                       | 19/58 [00:01<00:01, 25.53it/s, loss=0.0052]
  Epoch  1/30:  38%|█████████████▎                     | 22/58 [00:01<00:01, 24.13it/s, loss=0.0052]
  Epoch  1/30:  38%|█████████████▎                     | 22/58 [00:01<00:01, 24.13it/s, loss=0.0055]
  Epoch  1/30:  38%|█████████████▎                     | 22/58 [00:01<00:01, 24.13it/s, loss=0.0077]
  Epoch  1/30:  38%|█████████████▎                     | 22/58 [00:01<00:01, 24.13it/s, loss=0.0096]
  Epoch  1/30:  43%|███████████████                    | 25/58 [00:01<00:01, 23.52it/s, loss=0.0096]
  Epoch  1/30:  43%|███████████████                    | 25/58 [00:01<00:01, 23.52it/s, loss=0.0071]
  Epoch  1/30:  43%|███████████████                    | 25/58 [00:01<00:01, 23.52it/s, loss=0.0077]
  Epoch  1/30:  43%|███████████████                    | 25/58 [00:01<00:01, 23.52it/s, loss=0.0045]
  Epoch  1/30:  48%|████████████████▉                  | 28/58 [00:01<00:01, 24.61it/s, loss=0.0045]
  Epoch  1/30:  48%|████████████████▉                  | 28/58 [00:01<00:01, 24.61it/s, loss=0.0059]
  Epoch  1/30:  48%|████████████████▉                  | 28/58 [00:01<00:01, 24.61it/s, loss=0.0046]
  Epoch  1/30:  48%|████████████████▉                  | 28/58 [00:01<00:01, 24.61it/s, loss=0.0084]
  Epoch  1/30:  53%|██████████████████▋                | 31/58 [00:01<00:01, 23.69it/s, loss=0.0084]
  Epoch  1/30:  53%|██████████████████▋                | 31/58 [00:01<00:01, 23.69it/s, loss=0.0070]
  Epoch  1/30:  53%|██████████████████▋                | 31/58 [00:01<00:01, 23.69it/s, loss=0.0030]
  Epoch  1/30:  53%|██████████████████▋                | 31/58 [00:01<00:01, 23.69it/s, loss=0.0075]
  Epoch  1/30:  59%|████████████████████▌              | 34/58 [00:01<00:00, 24.84it/s, loss=0.0075]
  Epoch  1/30:  59%|████████████████████▌              | 34/58 [00:01<00:00, 24.84it/s, loss=0.0047]
  Epoch  1/30:  59%|████████████████████▌              | 34/58 [00:01<00:00, 24.84it/s, loss=0.0069]
  Epoch  1/30:  59%|████████████████████▌              | 34/58 [00:01<00:00, 24.84it/s, loss=0.0069]
  Epoch  1/30:  64%|██████████████████████▎            | 37/58 [00:01<00:00, 25.17it/s, loss=0.0069]
  Epoch  1/30:  64%|██████████████████████▎            | 37/58 [00:01<00:00, 25.17it/s, loss=0.0055]
  Epoch  1/30:  64%|██████████████████████▎            | 37/58 [00:01<00:00, 25.17it/s, loss=0.0064]
  Epoch  1/30:  64%|██████████████████████▎            | 37/58 [00:01<00:00, 25.17it/s, loss=0.0043]
  Epoch  1/30:  64%|██████████████████████▎            | 37/58 [00:01<00:00, 25.17it/s, loss=0.0105]
  Epoch  1/30:  71%|████████████████████████▋          | 41/58 [00:01<00:00, 27.16it/s, loss=0.0105]
  Epoch  1/30:  71%|████████████████████████▋          | 41/58 [00:01<00:00, 27.16it/s, loss=0.0032]
  Epoch  1/30:  71%|████████████████████████▋          | 41/58 [00:01<00:00, 27.16it/s, loss=0.0035]
  Epoch  1/30:  71%|████████████████████████▋          | 41/58 [00:01<00:00, 27.16it/s, loss=0.0033]
  Epoch  1/30:  71%|████████████████████████▋          | 41/58 [00:01<00:00, 27.16it/s, loss=0.0028]
  Epoch  1/30:  78%|███████████████████████████▏       | 45/58 [00:01<00:00, 28.57it/s, loss=0.0028]
  Epoch  1/30:  78%|███████████████████████████▏       | 45/58 [00:01<00:00, 28.57it/s, loss=0.0035]
  Epoch  1/30:  78%|███████████████████████████▏       | 45/58 [00:01<00:00, 28.57it/s, loss=0.0019]
  Epoch  1/30:  78%|███████████████████████████▏       | 45/58 [00:02<00:00, 28.57it/s, loss=0.0055]
  Epoch  1/30:  83%|████████████████████████████▉      | 48/58 [00:02<00:00, 28.26it/s, loss=0.0055]
  Epoch  1/30:  83%|████████████████████████████▉      | 48/58 [00:02<00:00, 28.26it/s, loss=0.0040]
  Epoch  1/30:  83%|████████████████████████████▉      | 48/58 [00:02<00:00, 28.26it/s, loss=0.0052]
  Epoch  1/30:  83%|████████████████████████████▉      | 48/58 [00:02<00:00, 28.26it/s, loss=0.0056]
  Epoch  1/30:  88%|██████████████████████████████▊    | 51/58 [00:02<00:00, 28.19it/s, loss=0.0056]
  Epoch  1/30:  88%|██████████████████████████████▊    | 51/58 [00:02<00:00, 28.19it/s, loss=0.0040]
  Epoch  1/30:  88%|██████████████████████████████▊    | 51/58 [00:02<00:00, 28.19it/s, loss=0.0038]
  Epoch  1/30:  88%|██████████████████████████████▊    | 51/58 [00:02<00:00, 28.19it/s, loss=0.0025]
  Epoch  1/30:  88%|██████████████████████████████▊    | 51/58 [00:02<00:00, 28.19it/s, loss=0.0073]
  Epoch  1/30:  95%|█████████████████████████████████▏ | 55/58 [00:02<00:00, 29.09it/s, loss=0.0073]
  Epoch  1/30:  95%|█████████████████████████████████▏ | 55/58 [00:02<00:00, 29.09it/s, loss=0.0035]
  Epoch  1/30:  95%|█████████████████████████████████▏ | 55/58 [00:02<00:00, 29.09it/s, loss=0.0055]
  Epoch  1/30:  95%|█████████████████████████████████▏ | 55/58 [00:02<00:00, 29.09it/s, loss=0.0047]
  Epoch  1/30: 100%|███████████████████████████████████| 58/58 [00:02<00:00, 28.74it/s, loss=0.0047]
                                                                                                    

  Epoch  2/30:   0%|                                                         | 0/58 [00:00<?, ?it/s]
  Epoch  2/30:   0%|                                            | 0/58 [00:00<?, ?it/s, loss=0.0034]
  Epoch  2/30:   0%|                                            | 0/58 [00:00<?, ?it/s, loss=0.0041]
  Epoch  2/30:   0%|                                            | 0/58 [00:00<?, ?it/s, loss=0.0033]
  Epoch  2/30:   5%|█▊                                  | 3/58 [00:00<00:02, 26.91it/s, loss=0.0033]
  Epoch  2/30:   5%|█▊                                  | 3/58 [00:00<00:02, 26.91it/s, loss=0.0037]
  Epoch  2/30:   5%|█▊                                  | 3/58 [00:00<00:02, 26.91it/s, loss=0.0032]
  Epoch  2/30:   5%|█▊                                  | 3/58 [00:00<00:02, 26.91it/s, loss=0.0046]
  Epoch  2/30:   5%|█▊                                  | 3/58 [00:00<00:02, 26.91it/s, loss=0.0041]
  Epoch  2/30:  12%|████▎                               | 7/58 [00:00<00:01, 28.13it/s, loss=0.0041]
  Epoch  2/30:  12%|████▎                               | 7/58 [00:00<00:01, 28.13it/s, loss=0.0041]
  Epoch  2/30:  12%|████▎                               | 7/58 [00:00<00:01, 28.13it/s, loss=0.0044]
  Epoch  2/30:  12%|████▎                               | 7/58 [00:00<00:01, 28.13it/s, loss=0.0036]
  Epoch  2/30:  17%|██████                             | 10/58 [00:00<00:01, 25.37it/s, loss=0.0036]
  Epoch  2/30:  17%|██████                             | 10/58 [00:00<00:01, 25.37it/s, loss=0.0043]
  Epoch  2/30:  17%|██████                             | 10/58 [00:00<00:01, 25.37it/s, loss=0.0051]
  Epoch  2/30:  17%|██████                             | 10/58 [00:00<00:01, 25.37it/s, loss=0.0037]
  Epoch  2/30:  22%|███████▊                           | 13/58 [00:00<00:01, 24.52it/s, loss=0.0037]
  Epoch  2/30:  22%|███████▊                           | 13/58 [00:00<00:01, 24.52it/s, loss=0.0053]
  Epoch  2/30:  22%|███████▊                           | 13/58 [00:00<00:01, 24.52it/s, loss=0.0054]
  Epoch  2/30:  22%|███████▊                           | 13/58 [00:00<00:01, 24.52it/s, loss=0.0024]
  Epoch  2/30:  28%|█████████▋                         | 16/58 [00:00<00:01, 24.68it/s, loss=0.0024]
  Epoch  2/30:  28%|█████████▋                         | 16/58 [00:00<00:01, 24.68it/s, loss=0.0028]
  Epoch  2/30:  28%|█████████▋                         | 16/58 [00:00<00:01, 24.68it/s, loss=0.0020]
  Epoch  2/30:  28%|█████████▋                         | 16/58 [00:00<00:01, 24.68it/s, loss=0.0026]
  Epoch  2/30:  33%|███████████▍                       | 19/58 [00:00<00:01, 24.31it/s, loss=0.0026]
  Epoch  2/30:  33%|███████████▍                       | 19/58 [00:00<00:01, 24.31it/s, loss=0.0022]
  Epoch  2/30:  33%|███████████▍                       | 19/58 [00:00<00:01, 24.31it/s, loss=0.0031]
  Epoch  2/30:  33%|███████████▍                       | 19/58 [00:00<00:01, 24.31it/s, loss=0.0026]
  Epoch  2/30:  38%|█████████████▎                     | 22/58 [00:00<00:01, 25.47it/s, loss=0.0026]
  Epoch  2/30:  38%|█████████████▎                     | 22/58 [00:00<00:01, 25.47it/s, loss=0.0047]
  Epoch  2/30:  38%|█████████████▎                     | 22/58 [00:00<00:01, 25.47it/s, loss=0.0046]
  Epoch  2/30:  38%|█████████████▎                     | 22/58 [00:01<00:01, 25.47it/s, loss=0.0032]
  Epoch  2/30:  43%|███████████████                    | 25/58 [00:01<00:01, 18.88it/s, loss=0.0032]
  Epoch  2/30:  43%|███████████████                    | 25/58 [00:01<00:01, 18.88it/s, loss=0.0027]
  Epoch  2/30:  43%|███████████████                    | 25/58 [00:01<00:01, 18.88it/s, loss=0.0028]
  Epoch  2/30:  43%|███████████████                    | 25/58 [00:01<00:01, 18.88it/s, loss=0.0025]
  Epoch  2/30:  43%|███████████████                    | 25/58 [00:01<00:01, 18.88it/s, loss=0.0043]
  Epoch  2/30:  50%|█████████████████▌                 | 29/58 [00:01<00:01, 22.32it/s, loss=0.0043]
  Epoch  2/30:  50%|█████████████████▌                 | 29/58 [00:01<00:01, 22.32it/s, loss=0.0030]
  Epoch  2/30:  50%|█████████████████▌                 | 29/58 [00:01<00:01, 22.32it/s, loss=0.0027]
  Epoch  2/30:  50%|█████████████████▌                 | 29/58 [00:01<00:01, 22.32it/s, loss=0.0024]
  Epoch  2/30:  50%|█████████████████▌                 | 29/58 [00:01<00:01, 22.32it/s, loss=0.0021]
  Epoch  2/30:  57%|███████████████████▉               | 33/58 [00:01<00:01, 24.82it/s, loss=0.0021]
  Epoch  2/30:  57%|███████████████████▉               | 33/58 [00:01<00:01, 24.82it/s, loss=0.0030]
  Epoch  2/30:  57%|███████████████████▉               | 33/58 [00:01<00:01, 24.82it/s, loss=0.0047]
  Epoch  2/30:  57%|███████████████████▉               | 33/58 [00:01<00:01, 24.82it/s, loss=0.0039]
  Epoch  2/30:  57%|███████████████████▉               | 33/58 [00:01<00:01, 24.82it/s, loss=0.0055]
  Epoch  2/30:  64%|██████████████████████▎            | 37/58 [00:01<00:00, 26.17it/s, loss=0.0055]
  Epoch  2/30:  64%|██████████████████████▎            | 37/58 [00:01<00:00, 26.17it/s, loss=0.0044]
  Epoch  2/30:  64%|██████████████████████▎            | 37/58 [00:01<00:00, 26.17it/s, loss=0.0038]
  Epoch  2/30:  64%|██████████████████████▎            | 37/58 [00:01<00:00, 26.17it/s, loss=0.0045]
  Epoch  2/30:  64%|██████████████████████▎            | 37/58 [00:01<00:00, 26.17it/s, loss=0.0037]
  Epoch  2/30:  71%|████████████████████████▋          | 41/58 [00:01<00:00, 27.84it/s, loss=0.0037]
  Epoch  2/30:  71%|████████████████████████▋          | 41/58 [00:01<00:00, 27.84it/s, loss=0.0033]
  Epoch  2/30:  71%|████████████████████████▋          | 41/58 [00:01<00:00, 27.84it/s, loss=0.0039]
  Epoch  2/30:  71%|████████████████████████▋          | 41/58 [00:01<00:00, 27.84it/s, loss=0.0038]
  Epoch  2/30:  76%|██████████████████████████▌        | 44/58 [00:01<00:00, 27.06it/s, loss=0.0038]
  Epoch  2/30:  76%|██████████████████████████▌        | 44/58 [00:01<00:00, 27.06it/s, loss=0.0044]
  Epoch  2/30:  76%|██████████████████████████▌        | 44/58 [00:01<00:00, 27.06it/s, loss=0.0034]
  Epoch  2/30:  76%|██████████████████████████▌        | 44/58 [00:01<00:00, 27.06it/s, loss=0.0021]
  Epoch  2/30:  81%|████████████████████████████▎      | 47/58 [00:01<00:00, 27.49it/s, loss=0.0021]
  Epoch  2/30:  81%|████████████████████████████▎      | 47/58 [00:01<00:00, 27.49it/s, loss=0.0056]
  Epoch  2/30:  81%|████████████████████████████▎      | 47/58 [00:01<00:00, 27.49it/s, loss=0.0035]
  Epoch  2/30:  81%|████████████████████████████▎      | 47/58 [00:01<00:00, 27.49it/s, loss=0.0034]
  Epoch  2/30:  86%|██████████████████████████████▏    | 50/58 [00:01<00:00, 27.12it/s, loss=0.0034]
  Epoch  2/30:  86%|██████████████████████████████▏    | 50/58 [00:01<00:00, 27.12it/s, loss=0.0040]
  Epoch  2/30:  86%|██████████████████████████████▏    | 50/58 [00:02<00:00, 27.12it/s, loss=0.0041]
  Epoch  2/30:  86%|██████████████████████████████▏    | 50/58 [00:02<00:00, 27.12it/s, loss=0.0047]
  Epoch  2/30:  91%|███████████████████████████████▉   | 53/58 [00:02<00:00, 27.24it/s, loss=0.0047]
  Epoch  2/30:  91%|███████████████████████████████▉   | 53/58 [00:02<00:00, 27.24it/s, loss=0.0056]
  Epoch  2/30:  91%|███████████████████████████████▉   | 53/58 [00:02<00:00, 27.24it/s, loss=0.0032]
  Epoch  2/30:  91%|███████████████████████████████▉   | 53/58 [00:02<00:00, 27.24it/s, loss=0.0024]
  Epoch  2/30:  97%|█████████████████████████████████▊ | 56/58 [00:02<00:00, 26.67it/s, loss=0.0024]
  Epoch  2/30:  97%|█████████████████████████████████▊ | 56/58 [00:02<00:00, 26.67it/s, loss=0.0019]
  Epoch  2/30:  97%|█████████████████████████████████▊ | 56/58 [00:02<00:00, 26.67it/s, loss=0.0013]
                                                                                                    

  Epoch  3/30:   0%|                                                         | 0/58 [00:00<?, ?it/s]
  Epoch  3/30:   0%|                                            | 0/58 [00:00<?, ?it/s, loss=0.0025]
  Epoch  3/30:   0%|                                            | 0/58 [00:00<?, ?it/s, loss=0.0023]
  Epoch  3/30:   0%|                                            | 0/58 [00:00<?, ?it/s, loss=0.0030]
  Epoch  3/30:   0%|                                            | 0/58 [00:00<?, ?it/s, loss=0.0027]
  Epoch  3/30:   7%|██▍                                 | 4/58 [00:00<00:01, 34.42it/s, loss=0.0027]
  Epoch  3/30:   7%|██▍                                 | 4/58 [00:00<00:01, 34.42it/s, loss=0.0031]
  Epoch  3/30:   7%|██▍                                 | 4/58 [00:00<00:01, 34.42it/s, loss=0.0031]
  Epoch  3/30:   7%|██▍                                 | 4/58 [00:00<00:01, 34.42it/s, loss=0.0024]
  Epoch  3/30:   7%|██▍                                 | 4/58 [00:00<00:01, 34.42it/s, loss=0.0058]
  Epoch  3/30:  14%|████▉                               | 8/58 [00:00<00:02, 22.94it/s, loss=0.0058]
  Epoch  3/30:  14%|████▉                               | 8/58 [00:00<00:02, 22.94it/s, loss=0.0031]
  Epoch  3/30:  14%|████▉                               | 8/58 [00:00<00:02, 22.94it/s, loss=0.0043]
  Epoch  3/30:  14%|████▉                               | 8/58 [00:00<00:02, 22.94it/s, loss=0.0021]
  Epoch  3/30:  19%|██████▋                            | 11/58 [00:00<00:02, 21.18it/s, loss=0.0021]
  Epoch  3/30:  19%|██████▋                            | 11/58 [00:00<00:02, 21.18it/s, loss=0.0045]
  Epoch  3/30:  19%|██████▋                            | 11/58 [00:00<00:02, 21.18it/s, loss=0.0040]
  Epoch  3/30:  19%|██████▋                            | 11/58 [00:00<00:02, 21.18it/s, loss=0.0034]
  Epoch  3/30:  24%|████████▍                          | 14/58 [00:00<00:02, 21.59it/s, loss=0.0034]
  Epoch  3/30:  24%|████████▍                          | 14/58 [00:00<00:02, 21.59it/s, loss=0.0024]
  Epoch  3/30:  24%|████████▍                          | 14/58 [00:00<00:02, 21.59it/s, loss=0.0018]
  Epoch  3/30:  24%|████████▍                          | 14/58 [00:00<00:02, 21.59it/s, loss=0.0031]
  Epoch  3/30:  29%|██████████▎                        | 17/58 [00:00<00:01, 20.64it/s, loss=0.0031]
  Epoch  3/30:  29%|██████████▎                        | 17/58 [00:00<00:01, 20.64it/s, loss=0.0034]
  Epoch  3/30:  29%|██████████▎                        | 17/58 [00:00<00:01, 20.64it/s, loss=0.0060]
  Epoch  3/30:  29%|██████████▎                        | 17/58 [00:00<00:01, 20.64it/s, loss=0.0022]
  Epoch  3/30:  34%|████████████                       | 20/58 [00:00<00:01, 20.58it/s, loss=0.0022]
  Epoch  3/30:  34%|████████████                       | 20/58 [00:00<00:01, 20.58it/s, loss=0.0049]
  Epoch  3/30:  34%|████████████                       | 20/58 [00:01<00:01, 20.58it/s, loss=0.0041]
  Epoch  3/30:  34%|████████████                       | 20/58 [00:01<00:01, 20.58it/s, loss=0.0060]
  Epoch  3/30:  40%|█████████████▉                     | 23/58 [00:01<00:01, 22.77it/s, loss=0.0060]
  Epoch  3/30:  40%|█████████████▉                     | 23/58 [00:01<00:01, 22.77it/s, loss=0.0026]
  Epoch  3/30:  40%|█████████████▉                     | 23/58 [00:01<00:01, 22.77it/s, loss=0.0021]
  Epoch  3/30:  40%|█████████████▉                     | 23/58 [00:01<00:01, 22.77it/s, loss=0.0019]
  Epoch  3/30:  40%|█████████████▉                     | 23/58 [00:01<00:01, 22.77it/s, loss=0.0012]
  Epoch  3/30:  47%|████████████████▎                  | 27/58 [00:01<00:01, 26.98it/s, loss=0.0012]
  Epoch  3/30:  47%|████████████████▎                  | 27/58 [00:01<00:01, 26.98it/s, loss=0.0030]
  Epoch  3/30:  47%|████████████████▎                  | 27/58 [00:01<00:01, 26.98it/s, loss=0.0016]
  Epoch  3/30:  47%|████████████████▎                  | 27/58 [00:01<00:01, 26.98it/s, loss=0.0017]
  Epoch  3/30:  47%|████████████████▎                  | 27/58 [00:01<00:01, 26.98it/s, loss=0.0033]
  Epoch  3/30:  53%|██████████████████▋                | 31/58 [00:01<00:00, 29.24it/s, loss=0.0033]
  Epoch  3/30:  53%|██████████████████▋                | 31/58 [00:01<00:00, 29.24it/s, loss=0.0021]
  Epoch  3/30:  53%|██████████████████▋                | 31/58 [00:01<00:00, 29.24it/s, loss=0.0042]
  Epoch  3/30:  53%|██████████████████▋                | 31/58 [00:01<00:00, 29.24it/s, loss=0.0022]
  Epoch  3/30:  53%|██████████████████▋                | 31/58 [00:01<00:00, 29.24it/s, loss=0.0036]
  Epoch  3/30:  60%|█████████████████████              | 35/58 [00:01<00:00, 31.45it/s, loss=0.0036]
  Epoch  3/30:  60%|█████████████████████              | 35/58 [00:01<00:00, 31.45it/s, loss=0.0035]
  Epoch  3/30:  60%|█████████████████████              | 35/58 [00:01<00:00, 31.45it/s, loss=0.0018]
  Epoch  3/30:  60%|█████████████████████              | 35/58 [00:01<00:00, 31.45it/s, loss=0.0020]
  Epoch  3/30:  60%|█████████████████████              | 35/58 [00:01<00:00, 31.45it/s, loss=0.0040]
  Epoch  3/30:  67%|███████████████████████▌           | 39/58 [00:01<00:00, 33.57it/s, loss=0.0040]
  Epoch  3/30:  67%|███████████████████████▌           | 39/58 [00:01<00:00, 33.57it/s, loss=0.0036]
  Epoch  3/30:  67%|███████████████████████▌           | 39/58 [00:01<00:00, 33.57it/s, loss=0.0025]
  Epoch  3/30:  67%|███████████████████████▌           | 39/58 [00:01<00:00, 33.57it/s, loss=0.0027]
  Epoch  3/30:  67%|███████████████████████▌           | 39/58 [00:01<00:00, 33.57it/s, loss=0.0017]
  Epoch  3/30:  74%|█████████████████████████▉         | 43/58 [00:01<00:00, 30.05it/s, loss=0.0017]
  Epoch  3/30:  74%|█████████████████████████▉         | 43/58 [00:01<00:00, 30.05it/s, loss=0.0033]
  Epoch  3/30:  74%|█████████████████████████▉         | 43/58 [00:01<00:00, 30.05it/s, loss=0.0024]
  Epoch  3/30:  74%|█████████████████████████▉         | 43/58 [00:01<00:00, 30.05it/s, loss=0.0017]
  Epoch  3/30:  74%|█████████████████████████▉         | 43/58 [00:01<00:00, 30.05it/s, loss=0.0020]
  Epoch  3/30:  81%|████████████████████████████▎      | 47/58 [00:01<00:00, 27.01it/s, loss=0.0020]
  Epoch  3/30:  81%|████████████████████████████▎      | 47/58 [00:01<00:00, 27.01it/s, loss=0.0037]
  Epoch  3/30:  81%|████████████████████████████▎      | 47/58 [00:01<00:00, 27.01it/s, loss=0.0013]
  Epoch  3/30:  81%|████████████████████████████▎      | 47/58 [00:01<00:00, 27.01it/s, loss=0.0029]
  Epoch  3/30:  86%|██████████████████████████████▏    | 50/58 [00:01<00:00, 25.13it/s, loss=0.0029]
  Epoch  3/30:  86%|██████████████████████████████▏    | 50/58 [00:01<00:00, 25.13it/s, loss=0.0041]
  Epoch  3/30:  86%|██████████████████████████████▏    | 50/58 [00:02<00:00, 25.13it/s, loss=0.0025]
  Epoch  3/30:  86%|██████████████████████████████▏    | 50/58 [00:02<00:00, 25.13it/s, loss=0.0057]
  Epoch  3/30:  91%|███████████████████████████████▉   | 53/58 [00:02<00:00, 25.66it/s, loss=0.0057]
  Epoch  3/30:  91%|███████████████████████████████▉   | 53/58 [00:02<00:00, 25.66it/s, loss=0.0029]
  Epoch  3/30:  91%|███████████████████████████████▉   | 53/58 [00:02<00:00, 25.66it/s, loss=0.0027]
  Epoch  3/30:  91%|███████████████████████████████▉   | 53/58 [00:02<00:00, 25.66it/s, loss=0.0028]
  Epoch  3/30:  97%|█████████████████████████████████▊ | 56/58 [00:02<00:00, 25.41it/s, loss=0.0028]
  Epoch  3/30:  97%|█████████████████████████████████▊ | 56/58 [00:02<00:00, 25.41it/s, loss=0.0014]
  Epoch  3/30:  97%|█████████████████████████████████▊ | 56/58 [00:02<00:00, 25.41it/s, loss=0.0008]
                                                                                                    

  Epoch  4/30:   0%|                                                         | 0/58 [00:00<?, ?it/s]
  Epoch  4/30:   0%|                                            | 0/58 [00:00<?, ?it/s, loss=0.0022]
  Epoch  4/30:   0%|                                            | 0/58 [00:00<?, ?it/s, loss=0.0041]
  Epoch  4/30:   0%|                                            | 0/58 [00:00<?, ?it/s, loss=0.0020]
  Epoch  4/30:   5%|█▊                                  | 3/58 [00:00<00:02, 26.83it/s, loss=0.0020]
  Epoch  4/30:   5%|█▊                                  | 3/58 [00:00<00:02, 26.83it/s, loss=0.0029]
  Epoch  4/30:   5%|█▊                                  | 3/58 [00:00<00:02, 26.83it/s, loss=0.0043]
  Epoch  4/30:   5%|█▊                                  | 3/58 [00:00<00:02, 26.83it/s, loss=0.0017]
  Epoch  4/30:  10%|███▋                                | 6/58 [00:00<00:02, 25.65it/s, loss=0.0017]
  Epoch  4/30:  10%|███▋                                | 6/58 [00:00<00:02, 25.65it/s, loss=0.0031]
  Epoch  4/30:  10%|███▋                                | 6/58 [00:00<00:02, 25.65it/s, loss=0.0035]
  Epoch  4/30:  10%|███▋                                | 6/58 [00:00<00:02, 25.65it/s, loss=0.0015]
  Epoch  4/30:  16%|█████▌                              | 9/58 [00:00<00:01, 27.44it/s, loss=0.0015]
  Epoch  4/30:  16%|█████▌                              | 9/58 [00:00<00:01, 27.44it/s, loss=0.0036]
  Epoch  4/30:  16%|█████▌                              | 9/58 [00:00<00:01, 27.44it/s, loss=0.0028]
  Epoch  4/30:  16%|█████▌                              | 9/58 [00:00<00:01, 27.44it/s, loss=0.0025]
  Epoch  4/30:  21%|███████▏                           | 12/58 [00:00<00:01, 27.42it/s, loss=0.0025]
  Epoch  4/30:  21%|███████▏                           | 12/58 [00:00<00:01, 27.42it/s, loss=0.0026]
  Epoch  4/30:  21%|███████▏                           | 12/58 [00:00<00:01, 27.42it/s, loss=0.0029]
  Epoch  4/30:  21%|███████▏                           | 12/58 [00:00<00:01, 27.42it/s, loss=0.0029]
  Epoch  4/30:  26%|█████████                          | 15/58 [00:00<00:01, 27.67it/s, loss=0.0029]
  Epoch  4/30:  26%|█████████                          | 15/58 [00:00<00:01, 27.67it/s, loss=0.0025]
  Epoch  4/30:  26%|█████████                          | 15/58 [00:00<00:01, 27.67it/s, loss=0.0017]
  Epoch  4/30:  26%|█████████                          | 15/58 [00:00<00:01, 27.67it/s, loss=0.0016]
  Epoch  4/30:  31%|██████████▊                        | 18/58 [00:00<00:01, 26.52it/s, loss=0.0016]
  Epoch  4/30:  31%|██████████▊                        | 18/58 [00:00<00:01, 26.52it/s, loss=0.0021]
  Epoch  4/30:  31%|██████████▊                        | 18/58 [00:00<00:01, 26.52it/s, loss=0.0022]
  Epoch  4/30:  31%|██████████▊                        | 18/58 [00:00<00:01, 26.52it/s, loss=0.0021]
  Epoch  4/30:  36%|████████████▋                      | 21/58 [00:00<00:01, 26.66it/s, loss=0.0021]
  Epoch  4/30:  36%|████████████▋                      | 21/58 [00:00<00:01, 26.66it/s, loss=0.0015]
  Epoch  4/30:  36%|████████████▋                      | 21/58 [00:00<00:01, 26.66it/s, loss=0.0020]
  Epoch  4/30:  36%|████████████▋                      | 21/58 [00:00<00:01, 26.66it/s, loss=0.0032]
  Epoch  4/30:  41%|██████████████▍                    | 24/58 [00:00<00:01, 26.05it/s, loss=0.0032]
  Epoch  4/30:  41%|██████████████▍                    | 24/58 [00:00<00:01, 26.05it/s, loss=0.0027]
  Epoch  4/30:  41%|██████████████▍                    | 24/58 [00:00<00:01, 26.05it/s, loss=0.0032]
  Epoch  4/30:  41%|██████████████▍                    | 24/58 [00:01<00:01, 26.05it/s, loss=0.0042]
  Epoch  4/30:  47%|████████████████▎                  | 27/58 [00:01<00:01, 27.07it/s, loss=0.0042]
  Epoch  4/30:  47%|████████████████▎                  | 27/58 [00:01<00:01, 27.07it/s, loss=0.0031]
  Epoch  4/30:  47%|████████████████▎                  | 27/58 [00:01<00:01, 27.07it/s, loss=0.0028]
  Epoch  4/30:  47%|████████████████▎                  | 27/58 [00:01<00:01, 27.07it/s, loss=0.0026]
  Epoch  4/30:  52%|██████████████████                 | 30/58 [00:01<00:01, 27.34it/s, loss=0.0026]
  Epoch  4/30:  52%|██████████████████                 | 30/58 [00:01<00:01, 27.34it/s, loss=0.0027]
  Epoch  4/30:  52%|██████████████████                 | 30/58 [00:01<00:01, 27.34it/s, loss=0.0013]
  Epoch  4/30:  52%|██████████████████                 | 30/58 [00:01<00:01, 27.34it/s, loss=0.0019]
  Epoch  4/30:  57%|███████████████████▉               | 33/58 [00:01<00:00, 26.63it/s, loss=0.0019]
  Epoch  4/30:  57%|███████████████████▉               | 33/58 [00:01<00:00, 26.63it/s, loss=0.0028]
  Epoch  4/30:  57%|███████████████████▉               | 33/58 [00:01<00:00, 26.63it/s, loss=0.0031]
  Epoch  4/30:  57%|███████████████████▉               | 33/58 [00:01<00:00, 26.63it/s, loss=0.0032]
  Epoch  4/30:  62%|█████████████████████▋             | 36/58 [00:01<00:00, 24.90it/s, loss=0.0032]
  Epoch  4/30:  62%|█████████████████████▋             | 36/58 [00:01<00:00, 24.90it/s, loss=0.0025]
  Epoch  4/30:  62%|█████████████████████▋             | 36/58 [00:01<00:00, 24.90it/s, loss=0.0040]
  Epoch  4/30:  62%|█████████████████████▋             | 36/58 [00:01<00:00, 24.90it/s, loss=0.0030]
  Epoch  4/30:  67%|███████████████████████▌           | 39/58 [00:01<00:00, 23.89it/s, loss=0.0030]
  Epoch  4/30:  67%|███████████████████████▌           | 39/58 [00:01<00:00, 23.89it/s, loss=0.0016]
  Epoch  4/30:  67%|███████████████████████▌           | 39/58 [00:01<00:00, 23.89it/s, loss=0.0023]
  Epoch  4/30:  67%|███████████████████████▌           | 39/58 [00:01<00:00, 23.89it/s, loss=0.0025]
  Epoch  4/30:  72%|█████████████████████████▎         | 42/58 [00:01<00:00, 25.38it/s, loss=0.0025]
  Epoch  4/30:  72%|█████████████████████████▎         | 42/58 [00:01<00:00, 25.38it/s, loss=0.0031]
  Epoch  4/30:  72%|█████████████████████████▎         | 42/58 [00:01<00:00, 25.38it/s, loss=0.0025]
  Epoch  4/30:  72%|█████████████████████████▎         | 42/58 [00:01<00:00, 25.38it/s, loss=0.0022]
  Epoch  4/30:  78%|███████████████████████████▏       | 45/58 [00:01<00:00, 25.05it/s, loss=0.0022]
  Epoch  4/30:  78%|███████████████████████████▏       | 45/58 [00:01<00:00, 25.05it/s, loss=0.0022]
  Epoch  4/30:  78%|███████████████████████████▏       | 45/58 [00:01<00:00, 25.05it/s, loss=0.0020]
  Epoch  4/30:  78%|███████████████████████████▏       | 45/58 [00:01<00:00, 25.05it/s, loss=0.0024]
  Epoch  4/30:  83%|████████████████████████████▉      | 48/58 [00:01<00:00, 24.50it/s, loss=0.0024]
  Epoch  4/30:  83%|████████████████████████████▉      | 48/58 [00:01<00:00, 24.50it/s, loss=0.0030]
  Epoch  4/30:  83%|████████████████████████████▉      | 48/58 [00:01<00:00, 24.50it/s, loss=0.0015]
  Epoch  4/30:  83%|████████████████████████████▉      | 48/58 [00:02<00:00, 24.50it/s, loss=0.0017]
  Epoch  4/30:  88%|██████████████████████████████▊    | 51/58 [00:02<00:00, 23.22it/s, loss=0.0017]
  Epoch  4/30:  88%|██████████████████████████████▊    | 51/58 [00:02<00:00, 23.22it/s, loss=0.0029]
  Epoch  4/30:  88%|██████████████████████████████▊    | 51/58 [00:02<00:00, 23.22it/s, loss=0.0030]
  Epoch  4/30:  88%|██████████████████████████████▊    | 51/58 [00:02<00:00, 23.22it/s, loss=0.0011]
  Epoch  4/30:  93%|████████████████████████████████▌  | 54/58 [00:02<00:00, 23.42it/s, loss=0.0011]
  Epoch  4/30:  93%|████████████████████████████████▌  | 54/58 [00:02<00:00, 23.42it/s, loss=0.0024]
  Epoch  4/30:  93%|████████████████████████████████▌  | 54/58 [00:02<00:00, 23.42it/s, loss=0.0017]
  Epoch  4/30:  93%|████████████████████████████████▌  | 54/58 [00:02<00:00, 23.42it/s, loss=0.0032]
  Epoch  4/30:  93%|████████████████████████████████▌  | 54/58 [00:02<00:00, 23.42it/s, loss=0.0004]
  Epoch  4/30: 100%|███████████████████████████████████| 58/58 [00:02<00:00, 26.16it/s, loss=0.0004]
                                                                                                    

  Epoch  5/30:   0%|                                                         | 0/58 [00:00<?, ?it/s]
  Epoch  5/30:   0%|                                            | 0/58 [00:00<?, ?it/s, loss=0.0029]
  Epoch  5/30:   0%|                                            | 0/58 [00:00<?, ?it/s, loss=0.0010]
  Epoch  5/30:   0%|                                            | 0/58 [00:00<?, ?it/s, loss=0.0014]
  Epoch  5/30:   5%|█▊                                  | 3/58 [00:00<00:02, 23.53it/s, loss=0.0014]
  Epoch  5/30:   5%|█▊                                  | 3/58 [00:00<00:02, 23.53it/s, loss=0.0022]
  Epoch  5/30:   5%|█▊                                  | 3/58 [00:00<00:02, 23.53it/s, loss=0.0017]
  Epoch  5/30:   5%|█▊                                  | 3/58 [00:00<00:02, 23.53it/s, loss=0.0026]
  Epoch  5/30:  10%|███▋                                | 6/58 [00:00<00:02, 18.56it/s, loss=0.0026]
  Epoch  5/30:  10%|███▋                                | 6/58 [00:00<00:02, 18.56it/s, loss=0.0026]
  Epoch  5/30:  10%|███▋                                | 6/58 [00:00<00:02, 18.56it/s, loss=0.0050]
  Epoch  5/30:  14%|████▉                               | 8/58 [00:00<00:02, 18.85it/s, loss=0.0050]
  Epoch  5/30:  14%|████▉                               | 8/58 [00:00<00:02, 18.85it/s, loss=0.0018]
  Epoch  5/30:  14%|████▉                               | 8/58 [00:00<00:02, 18.85it/s, loss=0.0025]
  Epoch  5/30:  14%|████▉                               | 8/58 [00:00<00:02, 18.85it/s, loss=0.0033]
  Epoch  5/30:  19%|██████▋                            | 11/58 [00:00<00:02, 19.39it/s, loss=0.0033]
  Epoch  5/30:  19%|██████▋                            | 11/58 [00:00<00:02, 19.39it/s, loss=0.0033]
  Epoch  5/30:  19%|██████▋                            | 11/58 [00:00<00:02, 19.39it/s, loss=0.0017]
  Epoch  5/30:  22%|███████▊                           | 13/58 [00:00<00:02, 19.35it/s, loss=0.0017]
  Epoch  5/30:  22%|███████▊                           | 13/58 [00:00<00:02, 19.35it/s, loss=0.0017]
  Epoch  5/30:  22%|███████▊                           | 13/58 [00:00<00:02, 19.35it/s, loss=0.0044]
  Epoch  5/30:  22%|███████▊                           | 13/58 [00:00<00:02, 19.35it/s, loss=0.0031]
  Epoch  5/30:  28%|█████████▋                         | 16/58 [00:00<00:02, 19.29it/s, loss=0.0031]
  Epoch  5/30:  28%|█████████▋                         | 16/58 [00:00<00:02, 19.29it/s, loss=0.0023]
  Epoch  5/30:  28%|█████████▋                         | 16/58 [00:00<00:02, 19.29it/s, loss=0.0026]
  Epoch  5/30:  28%|█████████▋                         | 16/58 [00:00<00:02, 19.29it/s, loss=0.0036]
  Epoch  5/30:  33%|███████████▍                       | 19/58 [00:00<00:01, 19.69it/s, loss=0.0036]
  Epoch  5/30:  33%|███████████▍                       | 19/58 [00:01<00:01, 19.69it/s, loss=0.0019]
  Epoch  5/30:  33%|███████████▍                       | 19/58 [00:01<00:01, 19.69it/s, loss=0.0023]
  Epoch  5/30:  36%|████████████▋                      | 21/58 [00:01<00:01, 19.49it/s, loss=0.0023]
  Epoch  5/30:  36%|████████████▋                      | 21/58 [00:01<00:01, 19.49it/s, loss=0.0026]
  Epoch  5/30:  36%|████████████▋                      | 21/58 [00:01<00:01, 19.49it/s, loss=0.0032]
  Epoch  5/30:  40%|█████████████▉                     | 23/58 [00:01<00:01, 19.42it/s, loss=0.0032]
  Epoch  5/30:  40%|█████████████▉                     | 23/58 [00:01<00:01, 19.42it/s, loss=0.0020]
  Epoch  5/30:  40%|█████████████▉                     | 23/58 [00:01<00:01, 19.42it/s, loss=0.0020]
  Epoch  5/30:  43%|███████████████                    | 25/58 [00:01<00:01, 19.05it/s, loss=0.0020]
  Epoch  5/30:  43%|███████████████                    | 25/58 [00:01<00:01, 19.05it/s, loss=0.0017]
  Epoch  5/30:  43%|███████████████                    | 25/58 [00:01<00:01, 19.05it/s, loss=0.0012]
  Epoch  5/30:  47%|████████████████▎                  | 27/58 [00:01<00:01, 19.07it/s, loss=0.0012]
  Epoch  5/30:  47%|████████████████▎                  | 27/58 [00:01<00:01, 19.07it/s, loss=0.0027]
  Epoch  5/30:  47%|████████████████▎                  | 27/58 [00:01<00:01, 19.07it/s, loss=0.0018]
  Epoch  5/30:  50%|█████████████████▌                 | 29/58 [00:01<00:01, 19.22it/s, loss=0.0018]
  Epoch  5/30:  50%|█████████████████▌                 | 29/58 [00:01<00:01, 19.22it/s, loss=0.0019]
  Epoch  5/30:  50%|█████████████████▌                 | 29/58 [00:01<00:01, 19.22it/s, loss=0.0035]
  Epoch  5/30:  50%|█████████████████▌                 | 29/58 [00:01<00:01, 19.22it/s, loss=0.0014]
  Epoch  5/30:  55%|███████████████████▎               | 32/58 [00:01<00:01, 19.49it/s, loss=0.0014]
  Epoch  5/30:  55%|███████████████████▎               | 32/58 [00:01<00:01, 19.49it/s, loss=0.0020]
  Epoch  5/30:  55%|███████████████████▎               | 32/58 [00:01<00:01, 19.49it/s, loss=0.0010]
  Epoch  5/30:  55%|███████████████████▎               | 32/58 [00:01<00:01, 19.49it/s, loss=0.0019]
  Epoch  5/30:  60%|█████████████████████              | 35/58 [00:01<00:01, 20.09it/s, loss=0.0019]
  Epoch  5/30:  60%|█████████████████████              | 35/58 [00:01<00:01, 20.09it/s, loss=0.0025]
  Epoch  5/30:  60%|█████████████████████              | 35/58 [00:01<00:01, 20.09it/s, loss=0.0020]
  Epoch  5/30:  60%|█████████████████████              | 35/58 [00:01<00:01, 20.09it/s, loss=0.0016]
  Epoch  5/30:  66%|██████████████████████▉            | 38/58 [00:01<00:01, 19.50it/s, loss=0.0016]
  Epoch  5/30:  66%|██████████████████████▉            | 38/58 [00:02<00:01, 19.50it/s, loss=0.0026]
  Epoch  5/30:  66%|██████████████████████▉            | 38/58 [00:02<00:01, 19.50it/s, loss=0.0011]
  Epoch  5/30:  69%|████████████████████████▏          | 40/58 [00:02<00:00, 18.71it/s, loss=0.0011]
  Epoch  5/30:  69%|████████████████████████▏          | 40/58 [00:02<00:00, 18.71it/s, loss=0.0012]
  Epoch  5/30:  69%|████████████████████████▏          | 40/58 [00:02<00:00, 18.71it/s, loss=0.0020]
  Epoch  5/30:  72%|█████████████████████████▎         | 42/58 [00:02<00:00, 18.32it/s, loss=0.0020]
  Epoch  5/30:  72%|█████████████████████████▎         | 42/58 [00:02<00:00, 18.32it/s, loss=0.0023]
  Epoch  5/30:  72%|█████████████████████████▎         | 42/58 [00:02<00:00, 18.32it/s, loss=0.0019]
  Epoch  5/30:  76%|██████████████████████████▌        | 44/58 [00:02<00:00, 18.21it/s, loss=0.0019]
  Epoch  5/30:  76%|██████████████████████████▌        | 44/58 [00:02<00:00, 18.21it/s, loss=0.0029]
  Epoch  5/30:  76%|██████████████████████████▌        | 44/58 [00:02<00:00, 18.21it/s, loss=0.0028]
  Epoch  5/30:  79%|███████████████████████████▊       | 46/58 [00:02<00:00, 17.98it/s, loss=0.0028]
  Epoch  5/30:  79%|███████████████████████████▊       | 46/58 [00:02<00:00, 17.98it/s, loss=0.0010]
  Epoch  5/30:  79%|███████████████████████████▊       | 46/58 [00:02<00:00, 17.98it/s, loss=0.0028]
  Epoch  5/30:  83%|████████████████████████████▉      | 48/58 [00:02<00:00, 17.47it/s, loss=0.0028]
  Epoch  5/30:  83%|████████████████████████████▉      | 48/58 [00:02<00:00, 17.47it/s, loss=0.0024]
  Epoch  5/30:  83%|████████████████████████████▉      | 48/58 [00:02<00:00, 17.47it/s, loss=0.0041]
  Epoch  5/30:  86%|██████████████████████████████▏    | 50/58 [00:02<00:00, 17.17it/s, loss=0.0041]
  Epoch  5/30:  86%|██████████████████████████████▏    | 50/58 [00:02<00:00, 17.17it/s, loss=0.0023]
  Epoch  5/30:  86%|██████████████████████████████▏    | 50/58 [00:02<00:00, 17.17it/s, loss=0.0032]
  Epoch  5/30:  90%|███████████████████████████████▍   | 52/58 [00:02<00:00, 17.18it/s, loss=0.0032]
  Epoch  5/30:  90%|███████████████████████████████▍   | 52/58 [00:02<00:00, 17.18it/s, loss=0.0022]
  Epoch  5/30:  90%|███████████████████████████████▍   | 52/58 [00:02<00:00, 17.18it/s, loss=0.0015]
  Epoch  5/30:  93%|████████████████████████████████▌  | 54/58 [00:02<00:00, 17.01it/s, loss=0.0015]
  Epoch  5/30:  93%|████████████████████████████████▌  | 54/58 [00:02<00:00, 17.01it/s, loss=0.0014]
  Epoch  5/30:  93%|████████████████████████████████▌  | 54/58 [00:03<00:00, 17.01it/s, loss=0.0022]
  Epoch  5/30:  97%|█████████████████████████████████▊ | 56/58 [00:03<00:00, 17.43it/s, loss=0.0022]
  Epoch  5/30:  97%|█████████████████████████████████▊ | 56/58 [00:03<00:00, 17.43it/s, loss=0.0033]
  Epoch  5/30:  97%|█████████████████████████████████▊ | 56/58 [00:03<00:00, 17.43it/s, loss=0.0003]
                                                                                                    
  Epoch  5/30 │ Loss: 0.0023 │ T+1: 0.7992 │ T+2: 0.6379 │ T+3: 0.5202 ★ NEW BEST

  Epoch  6/30:   0%|                                                         | 0/58 [00:00<?, ?it/s]
  Epoch  6/30:   0%|                                            | 0/58 [00:00<?, ?it/s, loss=0.0017]
  Epoch  6/30:   0%|                                            | 0/58 [00:00<?, ?it/s, loss=0.0019]
  Epoch  6/30:   3%|█▏                                  | 2/58 [00:00<00:03, 15.75it/s, loss=0.0019]
  Epoch  6/30:   3%|█▏                                  | 2/58 [00:00<00:03, 15.75it/s, loss=0.0020]
  Epoch  6/30:   3%|█▏                                  | 2/58 [00:00<00:03, 15.75it/s, loss=0.0021]
  Epoch  6/30:   3%|█▏                                  | 2/58 [00:00<00:03, 15.75it/s, loss=0.0029]
  Epoch  6/30:   9%|███                                 | 5/58 [00:00<00:02, 20.47it/s, loss=0.0029]
  Epoch  6/30:   9%|███                                 | 5/58 [00:00<00:02, 20.47it/s, loss=0.0011]
  Epoch  6/30:   9%|███                                 | 5/58 [00:00<00:02, 20.47it/s, loss=0.0023]
  Epoch  6/30:   9%|███                                 | 5/58 [00:00<00:02, 20.47it/s, loss=0.0011]
  Epoch  6/30:  14%|████▉                               | 8/58 [00:00<00:02, 20.20it/s, loss=0.0011]
  Epoch  6/30:  14%|████▉                               | 8/58 [00:00<00:02, 20.20it/s, loss=0.0023]
  Epoch  6/30:  14%|████▉                               | 8/58 [00:00<00:02, 20.20it/s, loss=0.0023]
  Epoch  6/30:  14%|████▉                               | 8/58 [00:00<00:02, 20.20it/s, loss=0.0019]
  Epoch  6/30:  19%|██████▋                            | 11/58 [00:00<00:02, 20.37it/s, loss=0.0019]
  Epoch  6/30:  19%|██████▋                            | 11/58 [00:00<00:02, 20.37it/s, loss=0.0030]
  Epoch  6/30:  19%|██████▋                            | 11/58 [00:00<00:02, 20.37it/s, loss=0.0018]
  Epoch  6/30:  19%|██████▋                            | 11/58 [00:00<00:02, 20.37it/s, loss=0.0021]
  Epoch  6/30:  24%|████████▍                          | 14/58 [00:00<00:02, 21.24it/s, loss=0.0021]
  Epoch  6/30:  24%|████████▍                          | 14/58 [00:00<00:02, 21.24it/s, loss=0.0019]
  Epoch  6/30:  24%|████████▍                          | 14/58 [00:00<00:02, 21.24it/s, loss=0.0020]
  Epoch  6/30:  24%|████████▍                          | 14/58 [00:00<00:02, 21.24it/s, loss=0.0014]
  Epoch  6/30:  29%|██████████▎                        | 17/58 [00:00<00:01, 21.34it/s, loss=0.0014]
  Epoch  6/30:  29%|██████████▎                        | 17/58 [00:00<00:01, 21.34it/s, loss=0.0026]
  Epoch  6/30:  29%|██████████▎                        | 17/58 [00:00<00:01, 21.34it/s, loss=0.0017]
  Epoch  6/30:  29%|██████████▎                        | 17/58 [00:00<00:01, 21.34it/s, loss=0.0024]
  Epoch  6/30:  34%|████████████                       | 20/58 [00:00<00:01, 22.73it/s, loss=0.0024]
  Epoch  6/30:  34%|████████████                       | 20/58 [00:00<00:01, 22.73it/s, loss=0.0034]
  Epoch  6/30:  34%|████████████                       | 20/58 [00:00<00:01, 22.73it/s, loss=0.0033]
  Epoch  6/30:  34%|████████████                       | 20/58 [00:01<00:01, 22.73it/s, loss=0.0027]
  Epoch  6/30:  34%|████████████                       | 20/58 [00:01<00:01, 22.73it/s, loss=0.0028]
  Epoch  6/30:  41%|██████████████▍                    | 24/58 [00:01<00:01, 25.33it/s, loss=0.0028]
  Epoch  6/30:  41%|██████████████▍                    | 24/58 [00:01<00:01, 25.33it/s, loss=0.0030]
  Epoch  6/30:  41%|██████████████▍                    | 24/58 [00:01<00:01, 25.33it/s, loss=0.0017]
  Epoch  6/30:  41%|██████████████▍                    | 24/58 [00:01<00:01, 25.33it/s, loss=0.0033]
  Epoch  6/30:  47%|████████████████▎                  | 27/58 [00:01<00:01, 25.43it/s, loss=0.0033]
  Epoch  6/30:  47%|████████████████▎                  | 27/58 [00:01<00:01, 25.43it/s, loss=0.0020]
  Epoch  6/30:  47%|████████████████▎                  | 27/58 [00:01<00:01, 25.43it/s, loss=0.0031]
  Epoch  6/30:  47%|████████████████▎                  | 27/58 [00:01<00:01, 25.43it/s, loss=0.0020]
  Epoch  6/30:  52%|██████████████████                 | 30/58 [00:01<00:01, 24.89it/s, loss=0.0020]
  Epoch  6/30:  52%|██████████████████                 | 30/58 [00:01<00:01, 24.89it/s, loss=0.0030]
  Epoch  6/30:  52%|██████████████████                 | 30/58 [00:01<00:01, 24.89it/s, loss=0.0020]
  Epoch  6/30:  52%|██████████████████                 | 30/58 [00:01<00:01, 24.89it/s, loss=0.0021]
  Epoch  6/30:  57%|███████████████████▉               | 33/58 [00:01<00:00, 25.81it/s, loss=0.0021]
  Epoch  6/30:  57%|███████████████████▉               | 33/58 [00:01<00:00, 25.81it/s, loss=0.0013]
  Epoch  6/30:  57%|███████████████████▉               | 33/58 [00:01<00:00, 25.81it/s, loss=0.0013]
  Epoch  6/30:  57%|███████████████████▉               | 33/58 [00:01<00:00, 25.81it/s, loss=0.0024]
  Epoch  6/30:  62%|█████████████████████▋             | 36/58 [00:01<00:00, 24.73it/s, loss=0.0024]
  Epoch  6/30:  62%|█████████████████████▋             | 36/58 [00:01<00:00, 24.73it/s, loss=0.0019]
  Epoch  6/30:  62%|█████████████████████▋             | 36/58 [00:01<00:00, 24.73it/s, loss=0.0020]
  Epoch  6/30:  62%|█████████████████████▋             | 36/58 [00:01<00:00, 24.73it/s, loss=0.0014]
  Epoch  6/30:  67%|███████████████████████▌           | 39/58 [00:01<00:00, 23.81it/s, loss=0.0014]
  Epoch  6/30:  67%|███████████████████████▌           | 39/58 [00:01<00:00, 23.81it/s, loss=0.0021]
  Epoch  6/30:  67%|███████████████████████▌           | 39/58 [00:01<00:00, 23.81it/s, loss=0.0026]
  Epoch  6/30:  67%|███████████████████████▌           | 39/58 [00:01<00:00, 23.81it/s, loss=0.0010]
  Epoch  6/30:  72%|█████████████████████████▎         | 42/58 [00:01<00:00, 24.80it/s, loss=0.0010]
  Epoch  6/30:  72%|█████████████████████████▎         | 42/58 [00:01<00:00, 24.80it/s, loss=0.0028]
  Epoch  6/30:  72%|█████████████████████████▎         | 42/58 [00:01<00:00, 24.80it/s, loss=0.0025]
  Epoch  6/30:  72%|█████████████████████████▎         | 42/58 [00:01<00:00, 24.80it/s, loss=0.0020]
  Epoch  6/30:  78%|███████████████████████████▏       | 45/58 [00:01<00:00, 25.52it/s, loss=0.0020]
  Epoch  6/30:  78%|███████████████████████████▏       | 45/58 [00:01<00:00, 25.52it/s, loss=0.0032]
  Epoch  6/30:  78%|███████████████████████████▏       | 45/58 [00:01<00:00, 25.52it/s, loss=0.0018]
  Epoch  6/30:  78%|███████████████████████████▏       | 45/58 [00:02<00:00, 25.52it/s, loss=0.0012]
  Epoch  6/30:  83%|████████████████████████████▉      | 48/58 [00:02<00:00, 24.53it/s, loss=0.0012]
  Epoch  6/30:  83%|████████████████████████████▉      | 48/58 [00:02<00:00, 24.53it/s, loss=0.0014]
  Epoch  6/30:  83%|████████████████████████████▉      | 48/58 [00:02<00:00, 24.53it/s, loss=0.0011]
  Epoch  6/30:  83%|████████████████████████████▉      | 48/58 [00:02<00:00, 24.53it/s, loss=0.0021]
  Epoch  6/30:  88%|██████████████████████████████▊    | 51/58 [00:02<00:00, 25.89it/s, loss=0.0021]
  Epoch  6/30:  88%|██████████████████████████████▊    | 51/58 [00:02<00:00, 25.89it/s, loss=0.0026]
  Epoch  6/30:  88%|██████████████████████████████▊    | 51/58 [00:02<00:00, 25.89it/s, loss=0.0029]
  Epoch  6/30:  88%|██████████████████████████████▊    | 51/58 [00:02<00:00, 25.89it/s, loss=0.0016]
  Epoch  6/30:  93%|████████████████████████████████▌  | 54/58 [00:02<00:00, 25.72it/s, loss=0.0016]
  Epoch  6/30:  93%|████████████████████████████████▌  | 54/58 [00:02<00:00, 25.72it/s, loss=0.0030]
  Epoch  6/30:  93%|████████████████████████████████▌  | 54/58 [00:02<00:00, 25.72it/s, loss=0.0008]
  Epoch  6/30:  93%|████████████████████████████████▌  | 54/58 [00:02<00:00, 25.72it/s, loss=0.0018]
  Epoch  6/30:  98%|██████████████████████████████████▍| 57/58 [00:02<00:00, 26.78it/s, loss=0.0018]
  Epoch  6/30:  98%|██████████████████████████████████▍| 57/58 [00:02<00:00, 26.78it/s, loss=0.0008]
                                                                                                    

  Epoch  7/30:   0%|                                                         | 0/58 [00:00<?, ?it/s]
  Epoch  7/30:   0%|                                            | 0/58 [00:00<?, ?it/s, loss=0.0023]
  Epoch  7/30:   0%|                                            | 0/58 [00:00<?, ?it/s, loss=0.0046]
  Epoch  7/30:   0%|                                            | 0/58 [00:00<?, ?it/s, loss=0.0023]
  Epoch  7/30:   5%|█▊                                  | 3/58 [00:00<00:02, 26.59it/s, loss=0.0023]
  Epoch  7/30:   5%|█▊                                  | 3/58 [00:00<00:02, 26.59it/s, loss=0.0011]
  Epoch  7/30:   5%|█▊                                  | 3/58 [00:00<00:02, 26.59it/s, loss=0.0043]
  Epoch  7/30:   5%|█▊                                  | 3/58 [00:00<00:02, 26.59it/s, loss=0.0023]
  Epoch  7/30:  10%|███▋                                | 6/58 [00:00<00:01, 27.21it/s, loss=0.0023]
  Epoch  7/30:  10%|███▋                                | 6/58 [00:00<00:01, 27.21it/s, loss=0.0018]
  Epoch  7/30:  10%|███▋                                | 6/58 [00:00<00:01, 27.21it/s, loss=0.0022]
  Epoch  7/30:  10%|███▋                                | 6/58 [00:00<00:01, 27.21it/s, loss=0.0017]
  Epoch  7/30:  16%|█████▌                              | 9/58 [00:00<00:02, 24.12it/s, loss=0.0017]
  Epoch  7/30:  16%|█████▌                              | 9/58 [00:00<00:02, 24.12it/s, loss=0.0035]
  Epoch  7/30:  16%|█████▌                              | 9/58 [00:00<00:02, 24.12it/s, loss=0.0024]
  Epoch  7/30:  16%|█████▌                              | 9/58 [00:00<00:02, 24.12it/s, loss=0.0010]
  Epoch  7/30:  21%|███████▏                           | 12/58 [00:00<00:02, 22.63it/s, loss=0.0010]
  Epoch  7/30:  21%|███████▏                           | 12/58 [00:00<00:02, 22.63it/s, loss=0.0028]
  Epoch  7/30:  21%|███████▏                           | 12/58 [00:00<00:02, 22.63it/s, loss=0.0028]
  Epoch  7/30:  21%|███████▏                           | 12/58 [00:00<00:02, 22.63it/s, loss=0.0013]
  Epoch  7/30:  26%|█████████                          | 15/58 [00:00<00:01, 23.13it/s, loss=0.0013]
  Epoch  7/30:  26%|█████████                          | 15/58 [00:00<00:01, 23.13it/s, loss=0.0010]
  Epoch  7/30:  26%|█████████                          | 15/58 [00:00<00:01, 23.13it/s, loss=0.0021]
  Epoch  7/30:  26%|█████████                          | 15/58 [00:00<00:01, 23.13it/s, loss=0.0024]
  Epoch  7/30:  31%|██████████▊                        | 18/58 [00:00<00:01, 24.33it/s, loss=0.0024]
  Epoch  7/30:  31%|██████████▊                        | 18/58 [00:00<00:01, 24.33it/s, loss=0.0018]
  Epoch  7/30:  31%|██████████▊                        | 18/58 [00:00<00:01, 24.33it/s, loss=0.0023]
  Epoch  7/30:  31%|██████████▊                        | 18/58 [00:00<00:01, 24.33it/s, loss=0.0016]
  Epoch  7/30:  31%|██████████▊                        | 18/58 [00:00<00:01, 24.33it/s, loss=0.0015]
  Epoch  7/30:  38%|█████████████▎                     | 22/58 [00:00<00:01, 25.48it/s, loss=0.0015]
  Epoch  7/30:  38%|█████████████▎                     | 22/58 [00:00<00:01, 25.48it/s, loss=0.0021]
  Epoch  7/30:  38%|█████████████▎                     | 22/58 [00:00<00:01, 25.48it/s, loss=0.0020]
  Epoch  7/30:  38%|█████████████▎                     | 22/58 [00:00<00:01, 25.48it/s, loss=0.0021]
  Epoch  7/30:  38%|█████████████▎                     | 22/58 [00:01<00:01, 25.48it/s, loss=0.0019]
  Epoch  7/30:  45%|███████████████▋                   | 26/58 [00:01<00:01, 27.76it/s, loss=0.0019]
  Epoch  7/30:  45%|███████████████▋                   | 26/58 [00:01<00:01, 27.76it/s, loss=0.0017]
  Epoch  7/30:  45%|███████████████▋                   | 26/58 [00:01<00:01, 27.76it/s, loss=0.0013]
  Epoch  7/30:  45%|███████████████▋                   | 26/58 [00:01<00:01, 27.76it/s, loss=0.0028]
  Epoch  7/30:  50%|█████████████████▌                 | 29/58 [00:01<00:01, 27.44it/s, loss=0.0028]
  Epoch  7/30:  50%|█████████████████▌                 | 29/58 [00:01<00:01, 27.44it/s, loss=0.0020]
  Epoch  7/30:  50%|█████████████████▌                 | 29/58 [00:01<00:01, 27.44it/s, loss=0.0031]
  Epoch  7/30:  50%|█████████████████▌                 | 29/58 [00:01<00:01, 27.44it/s, loss=0.0017]
  Epoch  7/30:  55%|███████████████████▎               | 32/58 [00:01<00:00, 27.79it/s, loss=0.0017]
  Epoch  7/30:  55%|███████████████████▎               | 32/58 [00:01<00:00, 27.79it/s, loss=0.0017]
  Epoch  7/30:  55%|███████████████████▎               | 32/58 [00:01<00:00, 27.79it/s, loss=0.0015]
  Epoch  7/30:  55%|███████████████████▎               | 32/58 [00:01<00:00, 27.79it/s, loss=0.0018]
  Epoch  7/30:  60%|█████████████████████              | 35/58 [00:01<00:00, 27.59it/s, loss=0.0018]
  Epoch  7/30:  60%|█████████████████████              | 35/58 [00:01<00:00, 27.59it/s, loss=0.0011]
  Epoch  7/30:  60%|█████████████████████              | 35/58 [00:01<00:00, 27.59it/s, loss=0.0018]
  Epoch  7/30:  60%|█████████████████████              | 35/58 [00:01<00:00, 27.59it/s, loss=0.0012]
  Epoch  7/30:  66%|██████████████████████▉            | 38/58 [00:01<00:00, 27.98it/s, loss=0.0012]
  Epoch  7/30:  66%|██████████████████████▉            | 38/58 [00:01<00:00, 27.98it/s, loss=0.0029]
  Epoch  7/30:  66%|██████████████████████▉            | 38/58 [00:01<00:00, 27.98it/s, loss=0.0020]
  Epoch  7/30:  66%|██████████████████████▉            | 38/58 [00:01<00:00, 27.98it/s, loss=0.0021]
  Epoch  7/30:  71%|████████████████████████▋          | 41/58 [00:01<00:00, 27.87it/s, loss=0.0021]
  Epoch  7/30:  71%|████████████████████████▋          | 41/58 [00:01<00:00, 27.87it/s, loss=0.0031]
  Epoch  7/30:  71%|████████████████████████▋          | 41/58 [00:01<00:00, 27.87it/s, loss=0.0009]
  Epoch  7/30:  71%|████████████████████████▋          | 41/58 [00:01<00:00, 27.87it/s, loss=0.0017]
  Epoch  7/30:  76%|██████████████████████████▌        | 44/58 [00:01<00:00, 26.30it/s, loss=0.0017]
  Epoch  7/30:  76%|██████████████████████████▌        | 44/58 [00:01<00:00, 26.30it/s, loss=0.0039]
  Epoch  7/30:  76%|██████████████████████████▌        | 44/58 [00:01<00:00, 26.30it/s, loss=0.0010]
  Epoch  7/30:  76%|██████████████████████████▌        | 44/58 [00:01<00:00, 26.30it/s, loss=0.0014]
  Epoch  7/30:  81%|████████████████████████████▎      | 47/58 [00:01<00:00, 26.32it/s, loss=0.0014]
  Epoch  7/30:  81%|████████████████████████████▎      | 47/58 [00:01<00:00, 26.32it/s, loss=0.0017]
  Epoch  7/30:  81%|████████████████████████████▎      | 47/58 [00:01<00:00, 26.32it/s, loss=0.0029]
  Epoch  7/30:  81%|████████████████████████████▎      | 47/58 [00:01<00:00, 26.32it/s, loss=0.0020]
  Epoch  7/30:  86%|██████████████████████████████▏    | 50/58 [00:01<00:00, 26.47it/s, loss=0.0020]
  Epoch  7/30:  86%|██████████████████████████████▏    | 50/58 [00:01<00:00, 26.47it/s, loss=0.0023]
  Epoch  7/30:  86%|██████████████████████████████▏    | 50/58 [00:01<00:00, 26.47it/s, loss=0.0023]
  Epoch  7/30:  86%|██████████████████████████████▏    | 50/58 [00:02<00:00, 26.47it/s, loss=0.0020]
  Epoch  7/30:  91%|███████████████████████████████▉   | 53/58 [00:02<00:00, 25.88it/s, loss=0.0020]
  Epoch  7/30:  91%|███████████████████████████████▉   | 53/58 [00:02<00:00, 25.88it/s, loss=0.0025]
  Epoch  7/30:  91%|███████████████████████████████▉   | 53/58 [00:02<00:00, 25.88it/s, loss=0.0023]
  Epoch  7/30:  91%|███████████████████████████████▉   | 53/58 [00:02<00:00, 25.88it/s, loss=0.0016]
  Epoch  7/30:  97%|█████████████████████████████████▊ | 56/58 [00:02<00:00, 25.19it/s, loss=0.0016]
  Epoch  7/30:  97%|█████████████████████████████████▊ | 56/58 [00:02<00:00, 25.19it/s, loss=0.0018]
  Epoch  7/30:  97%|█████████████████████████████████▊ | 56/58 [00:02<00:00, 25.19it/s, loss=0.0002]
                                                                                                    

  Epoch  8/30:   0%|                                                         | 0/58 [00:00<?, ?it/s]
  Epoch  8/30:   0%|                                            | 0/58 [00:00<?, ?it/s, loss=0.0025]
  Epoch  8/30:   0%|                                            | 0/58 [00:00<?, ?it/s, loss=0.0013]
  Epoch  8/30:   0%|                                            | 0/58 [00:00<?, ?it/s, loss=0.0032]
  Epoch  8/30:   5%|█▊                                  | 3/58 [00:00<00:02, 27.35it/s, loss=0.0032]
  Epoch  8/30:   5%|█▊                                  | 3/58 [00:00<00:02, 27.35it/s, loss=0.0030]
  Epoch  8/30:   5%|█▊                                  | 3/58 [00:00<00:02, 27.35it/s, loss=0.0031]
  Epoch  8/30:   5%|█▊                                  | 3/58 [00:00<00:02, 27.35it/s, loss=0.0019]
  Epoch  8/30:  10%|███▋                                | 6/58 [00:00<00:02, 23.49it/s, loss=0.0019]
  Epoch  8/30:  10%|███▋                                | 6/58 [00:00<00:02, 23.49it/s, loss=0.0028]
  Epoch  8/30:  10%|███▋                                | 6/58 [00:00<00:02, 23.49it/s, loss=0.0018]
  Epoch  8/30:  10%|███▋                                | 6/58 [00:00<00:02, 23.49it/s, loss=0.0016]
  Epoch  8/30:  16%|█████▌                              | 9/58 [00:00<00:02, 23.90it/s, loss=0.0016]
  Epoch  8/30:  16%|█████▌                              | 9/58 [00:00<00:02, 23.90it/s, loss=0.0016]
  Epoch  8/30:  16%|█████▌                              | 9/58 [00:00<00:02, 23.90it/s, loss=0.0022]
  Epoch  8/30:  16%|█████▌                              | 9/58 [00:00<00:02, 23.90it/s, loss=0.0019]
  Epoch  8/30:  21%|███████▏                           | 12/58 [00:00<00:01, 24.58it/s, loss=0.0019]
  Epoch  8/30:  21%|███████▏                           | 12/58 [00:00<00:01, 24.58it/s, loss=0.0021]
  Epoch  8/30:  21%|███████▏                           | 12/58 [00:00<00:01, 24.58it/s, loss=0.0020]
  Epoch  8/30:  21%|███████▏                           | 12/58 [00:00<00:01, 24.58it/s, loss=0.0019]
  Epoch  8/30:  26%|█████████                          | 15/58 [00:00<00:01, 24.83it/s, loss=0.0019]
  Epoch  8/30:  26%|█████████                          | 15/58 [00:00<00:01, 24.83it/s, loss=0.0018]
  Epoch  8/30:  26%|█████████                          | 15/58 [00:00<00:01, 24.83it/s, loss=0.0031]
  Epoch  8/30:  26%|█████████                          | 15/58 [00:00<00:01, 24.83it/s, loss=0.0014]
  Epoch  8/30:  31%|██████████▊                        | 18/58 [00:00<00:01, 22.91it/s, loss=0.0014]
  Epoch  8/30:  31%|██████████▊                        | 18/58 [00:00<00:01, 22.91it/s, loss=0.0034]
  Epoch  8/30:  31%|██████████▊                        | 18/58 [00:00<00:01, 22.91it/s, loss=0.0022]
  Epoch  8/30:  31%|██████████▊                        | 18/58 [00:00<00:01, 22.91it/s, loss=0.0035]
  Epoch  8/30:  36%|████████████▋                      | 21/58 [00:00<00:01, 23.95it/s, loss=0.0035]
  Epoch  8/30:  36%|████████████▋                      | 21/58 [00:00<00:01, 23.95it/s, loss=0.0030]
  Epoch  8/30:  36%|████████████▋                      | 21/58 [00:00<00:01, 23.95it/s, loss=0.0015]
  Epoch  8/30:  36%|████████████▋                      | 21/58 [00:00<00:01, 23.95it/s, loss=0.0009]
  Epoch  8/30:  41%|██████████████▍                    | 24/58 [00:00<00:01, 24.19it/s, loss=0.0009]
  Epoch  8/30:  41%|██████████████▍                    | 24/58 [00:01<00:01, 24.19it/s, loss=0.0013]
  Epoch  8/30:  41%|██████████████▍                    | 24/58 [00:01<00:01, 24.19it/s, loss=0.0014]
  Epoch  8/30:  41%|██████████████▍                    | 24/58 [00:01<00:01, 24.19it/s, loss=0.0021]
  Epoch  8/30:  47%|████████████████▎                  | 27/58 [00:01<00:01, 25.46it/s, loss=0.0021]
  Epoch  8/30:  47%|████████████████▎                  | 27/58 [00:01<00:01, 25.46it/s, loss=0.0021]
  Epoch  8/30:  47%|████████████████▎                  | 27/58 [00:01<00:01, 25.46it/s, loss=0.0023]
  Epoch  8/30:  47%|████████████████▎                  | 27/58 [00:01<00:01, 25.46it/s, loss=0.0009]
  Epoch  8/30:  52%|██████████████████                 | 30/58 [00:01<00:01, 26.06it/s, loss=0.0009]
  Epoch  8/30:  52%|██████████████████                 | 30/58 [00:01<00:01, 26.06it/s, loss=0.0011]
  Epoch  8/30:  52%|██████████████████                 | 30/58 [00:01<00:01, 26.06it/s, loss=0.0035]
  Epoch  8/30:  52%|██████████████████                 | 30/58 [00:01<00:01, 26.06it/s, loss=0.0005]
  Epoch  8/30:  57%|███████████████████▉               | 33/58 [00:01<00:00, 25.85it/s, loss=0.0005]
  Epoch  8/30:  57%|███████████████████▉               | 33/58 [00:01<00:00, 25.85it/s, loss=0.0019]
  Epoch  8/30:  57%|███████████████████▉               | 33/58 [00:01<00:00, 25.85it/s, loss=0.0017]
  Epoch  8/30:  57%|███████████████████▉               | 33/58 [00:01<00:00, 25.85it/s, loss=0.0016]
  Epoch  8/30:  62%|█████████████████████▋             | 36/58 [00:01<00:00, 26.72it/s, loss=0.0016]
  Epoch  8/30:  62%|█████████████████████▋             | 36/58 [00:01<00:00, 26.72it/s, loss=0.0022]
  Epoch  8/30:  62%|█████████████████████▋             | 36/58 [00:01<00:00, 26.72it/s, loss=0.0008]
  Epoch  8/30:  62%|█████████████████████▋             | 36/58 [00:01<00:00, 26.72it/s, loss=0.0020]
  Epoch  8/30:  62%|█████████████████████▋             | 36/58 [00:01<00:00, 26.72it/s, loss=0.0013]
  Epoch  8/30:  69%|████████████████████████▏          | 40/58 [00:01<00:00, 28.51it/s, loss=0.0013]
  Epoch  8/30:  69%|████████████████████████▏          | 40/58 [00:01<00:00, 28.51it/s, loss=0.0011]
  Epoch  8/30:  69%|████████████████████████▏          | 40/58 [00:01<00:00, 28.51it/s, loss=0.0024]
  Epoch  8/30:  69%|████████████████████████▏          | 40/58 [00:01<00:00, 28.51it/s, loss=0.0015]
  Epoch  8/30:  74%|█████████████████████████▉         | 43/58 [00:01<00:00, 22.84it/s, loss=0.0015]
  Epoch  8/30:  74%|█████████████████████████▉         | 43/58 [00:01<00:00, 22.84it/s, loss=0.0015]
  Epoch  8/30:  74%|█████████████████████████▉         | 43/58 [00:01<00:00, 22.84it/s, loss=0.0016]
  Epoch  8/30:  74%|█████████████████████████▉         | 43/58 [00:01<00:00, 22.84it/s, loss=0.0030]
  Epoch  8/30:  79%|███████████████████████████▊       | 46/58 [00:01<00:00, 23.89it/s, loss=0.0030]
  Epoch  8/30:  79%|███████████████████████████▊       | 46/58 [00:01<00:00, 23.89it/s, loss=0.0010]
  Epoch  8/30:  79%|███████████████████████████▊       | 46/58 [00:01<00:00, 23.89it/s, loss=0.0023]
  Epoch  8/30:  79%|███████████████████████████▊       | 46/58 [00:01<00:00, 23.89it/s, loss=0.0021]
  Epoch  8/30:  84%|█████████████████████████████▌     | 49/58 [00:01<00:00, 24.61it/s, loss=0.0021]
  Epoch  8/30:  84%|█████████████████████████████▌     | 49/58 [00:02<00:00, 24.61it/s, loss=0.0020]
  Epoch  8/30:  84%|█████████████████████████████▌     | 49/58 [00:02<00:00, 24.61it/s, loss=0.0022]
  Epoch  8/30:  84%|█████████████████████████████▌     | 49/58 [00:02<00:00, 24.61it/s, loss=0.0010]
  Epoch  8/30:  90%|███████████████████████████████▍   | 52/58 [00:02<00:00, 24.94it/s, loss=0.0010]
  Epoch  8/30:  90%|███████████████████████████████▍   | 52/58 [00:02<00:00, 24.94it/s, loss=0.0017]
  Epoch  8/30:  90%|███████████████████████████████▍   | 52/58 [00:02<00:00, 24.94it/s, loss=0.0038]
  Epoch  8/30:  90%|███████████████████████████████▍   | 52/58 [00:02<00:00, 24.94it/s, loss=0.0014]
  Epoch  8/30:  90%|███████████████████████████████▍   | 52/58 [00:02<00:00, 24.94it/s, loss=0.0029]
  Epoch  8/30:  97%|█████████████████████████████████▊ | 56/58 [00:02<00:00, 26.13it/s, loss=0.0029]
  Epoch  8/30:  97%|█████████████████████████████████▊ | 56/58 [00:02<00:00, 26.13it/s, loss=0.0011]
  Epoch  8/30:  97%|█████████████████████████████████▊ | 56/58 [00:02<00:00, 26.13it/s, loss=0.0002]
                                                                                                    

  Epoch  9/30:   0%|                                                         | 0/58 [00:00<?, ?it/s]
  Epoch  9/30:   0%|                                            | 0/58 [00:00<?, ?it/s, loss=0.0021]
  Epoch  9/30:   0%|                                            | 0/58 [00:00<?, ?it/s, loss=0.0032]
  Epoch  9/30:   3%|█▏                                  | 2/58 [00:00<00:03, 17.73it/s, loss=0.0032]
  Epoch  9/30:   3%|█▏                                  | 2/58 [00:00<00:03, 17.73it/s, loss=0.0031]
  Epoch  9/30:   3%|█▏                                  | 2/58 [00:00<00:03, 17.73it/s, loss=0.0023]
  Epoch  9/30:   3%|█▏                                  | 2/58 [00:00<00:03, 17.73it/s, loss=0.0012]
  Epoch  9/30:   9%|███                                 | 5/58 [00:00<00:02, 19.68it/s, loss=0.0012]
  Epoch  9/30:   9%|███                                 | 5/58 [00:00<00:02, 19.68it/s, loss=0.0017]
  Epoch  9/30:   9%|███                                 | 5/58 [00:00<00:02, 19.68it/s, loss=0.0033]
  Epoch  9/30:   9%|███                                 | 5/58 [00:00<00:02, 19.68it/s, loss=0.0024]
  Epoch  9/30:  14%|████▉                               | 8/58 [00:00<00:02, 22.61it/s, loss=0.0024]
  Epoch  9/30:  14%|████▉                               | 8/58 [00:00<00:02, 22.61it/s, loss=0.0015]
  Epoch  9/30:  14%|████▉                               | 8/58 [00:00<00:02, 22.61it/s, loss=0.0029]
  Epoch  9/30:  14%|████▉                               | 8/58 [00:00<00:02, 22.61it/s, loss=0.0010]
  Epoch  9/30:  19%|██████▋                            | 11/58 [00:00<00:01, 24.38it/s, loss=0.0010]
  Epoch  9/30:  19%|██████▋                            | 11/58 [00:00<00:01, 24.38it/s, loss=0.0015]
  Epoch  9/30:  19%|██████▋                            | 11/58 [00:00<00:01, 24.38it/s, loss=0.0031]
  Epoch  9/30:  19%|██████▋                            | 11/58 [00:00<00:01, 24.38it/s, loss=0.0014]
  Epoch  9/30:  24%|████████▍                          | 14/58 [00:00<00:01, 25.36it/s, loss=0.0014]
  Epoch  9/30:  24%|████████▍                          | 14/58 [00:00<00:01, 25.36it/s, loss=0.0035]
  Epoch  9/30:  24%|████████▍                          | 14/58 [00:00<00:01, 25.36it/s, loss=0.0034]
  Epoch  9/30:  24%|████████▍                          | 14/58 [00:00<00:01, 25.36it/s, loss=0.0029]
  Epoch  9/30:  29%|██████████▎                        | 17/58 [00:00<00:01, 25.05it/s, loss=0.0029]
  Epoch  9/30:  29%|██████████▎                        | 17/58 [00:00<00:01, 25.05it/s, loss=0.0019]
  Epoch  9/30:  29%|██████████▎                        | 17/58 [00:00<00:01, 25.05it/s, loss=0.0014]
  Epoch  9/30:  29%|██████████▎                        | 17/58 [00:00<00:01, 25.05it/s, loss=0.0018]
  Epoch  9/30:  34%|████████████                       | 20/58 [00:00<00:01, 24.99it/s, loss=0.0018]
  Epoch  9/30:  34%|████████████                       | 20/58 [00:00<00:01, 24.99it/s, loss=0.0013]
  Epoch  9/30:  34%|████████████                       | 20/58 [00:00<00:01, 24.99it/s, loss=0.0021]
  Epoch  9/30:  34%|████████████                       | 20/58 [00:00<00:01, 24.99it/s, loss=0.0012]
  Epoch  9/30:  40%|█████████████▉                     | 23/58 [00:00<00:01, 25.63it/s, loss=0.0012]
  Epoch  9/30:  40%|█████████████▉                     | 23/58 [00:00<00:01, 25.63it/s, loss=0.0014]
  Epoch  9/30:  40%|█████████████▉                     | 23/58 [00:01<00:01, 25.63it/s, loss=0.0013]
  Epoch  9/30:  40%|█████████████▉                     | 23/58 [00:01<00:01, 25.63it/s, loss=0.0009]
  Epoch  9/30:  45%|███████████████▋                   | 26/58 [00:01<00:01, 24.11it/s, loss=0.0009]
  Epoch  9/30:  45%|███████████████▋                   | 26/58 [00:01<00:01, 24.11it/s, loss=0.0017]
  Epoch  9/30:  45%|███████████████▋                   | 26/58 [00:01<00:01, 24.11it/s, loss=0.0022]
  Epoch  9/30:  45%|███████████████▋                   | 26/58 [00:01<00:01, 24.11it/s, loss=0.0016]
  Epoch  9/30:  50%|█████████████████▌                 | 29/58 [00:01<00:01, 22.85it/s, loss=0.0016]
  Epoch  9/30:  50%|█████████████████▌                 | 29/58 [00:01<00:01, 22.85it/s, loss=0.0013]
  Epoch  9/30:  50%|█████████████████▌                 | 29/58 [00:01<00:01, 22.85it/s, loss=0.0018]
  Epoch  9/30:  50%|█████████████████▌                 | 29/58 [00:01<00:01, 22.85it/s, loss=0.0012]
  Epoch  9/30:  55%|███████████████████▎               | 32/58 [00:01<00:01, 24.28it/s, loss=0.0012]
  Epoch  9/30:  55%|███████████████████▎               | 32/58 [00:01<00:01, 24.28it/s, loss=0.0020]
  Epoch  9/30:  55%|███████████████████▎               | 32/58 [00:01<00:01, 24.28it/s, loss=0.0010]
  Epoch  9/30:  55%|███████████████████▎               | 32/58 [00:01<00:01, 24.28it/s, loss=0.0028]
  Epoch  9/30:  55%|███████████████████▎               | 32/58 [00:01<00:01, 24.28it/s, loss=0.0021]
  Epoch  9/30:  62%|█████████████████████▋             | 36/58 [00:01<00:00, 26.22it/s, loss=0.0021]
  Epoch  9/30:  62%|█████████████████████▋             | 36/58 [00:01<00:00, 26.22it/s, loss=0.0012]
  Epoch  9/30:  62%|█████████████████████▋             | 36/58 [00:01<00:00, 26.22it/s, loss=0.0015]
  Epoch  9/30:  62%|█████████████████████▋             | 36/58 [00:01<00:00, 26.22it/s, loss=0.0020]
  Epoch  9/30:  67%|███████████████████████▌           | 39/58 [00:01<00:00, 26.99it/s, loss=0.0020]
  Epoch  9/30:  67%|███████████████████████▌           | 39/58 [00:01<00:00, 26.99it/s, loss=0.0015]
  Epoch  9/30:  67%|███████████████████████▌           | 39/58 [00:01<00:00, 26.99it/s, loss=0.0023]
  Epoch  9/30:  67%|███████████████████████▌           | 39/58 [00:01<00:00, 26.99it/s, loss=0.0037]
  Epoch  9/30:  67%|███████████████████████▌           | 39/58 [00:01<00:00, 26.99it/s, loss=0.0017]
  Epoch  9/30:  74%|█████████████████████████▉         | 43/58 [00:01<00:00, 27.49it/s, loss=0.0017]
  Epoch  9/30:  74%|█████████████████████████▉         | 43/58 [00:01<00:00, 27.49it/s, loss=0.0028]
  Epoch  9/30:  74%|█████████████████████████▉         | 43/58 [00:01<00:00, 27.49it/s, loss=0.0018]
  Epoch  9/30:  74%|█████████████████████████▉         | 43/58 [00:01<00:00, 27.49it/s, loss=0.0019]
  Epoch  9/30:  79%|███████████████████████████▊       | 46/58 [00:01<00:00, 26.78it/s, loss=0.0019]
  Epoch  9/30:  79%|███████████████████████████▊       | 46/58 [00:01<00:00, 26.78it/s, loss=0.0014]
  Epoch  9/30:  79%|███████████████████████████▊       | 46/58 [00:01<00:00, 26.78it/s, loss=0.0016]
  Epoch  9/30:  79%|███████████████████████████▊       | 46/58 [00:01<00:00, 26.78it/s, loss=0.0015]
  Epoch  9/30:  84%|█████████████████████████████▌     | 49/58 [00:01<00:00, 27.61it/s, loss=0.0015]
  Epoch  9/30:  84%|█████████████████████████████▌     | 49/58 [00:01<00:00, 27.61it/s, loss=0.0019]
  Epoch  9/30:  84%|█████████████████████████████▌     | 49/58 [00:02<00:00, 27.61it/s, loss=0.0016]
  Epoch  9/30:  84%|█████████████████████████████▌     | 49/58 [00:02<00:00, 27.61it/s, loss=0.0014]
  Epoch  9/30:  90%|███████████████████████████████▍   | 52/58 [00:02<00:00, 24.75it/s, loss=0.0014]
  Epoch  9/30:  90%|███████████████████████████████▍   | 52/58 [00:02<00:00, 24.75it/s, loss=0.0016]
  Epoch  9/30:  90%|███████████████████████████████▍   | 52/58 [00:02<00:00, 24.75it/s, loss=0.0012]
  Epoch  9/30:  90%|███████████████████████████████▍   | 52/58 [00:02<00:00, 24.75it/s, loss=0.0026]
  Epoch  9/30:  95%|█████████████████████████████████▏ | 55/58 [00:02<00:00, 22.95it/s, loss=0.0026]
  Epoch  9/30:  95%|█████████████████████████████████▏ | 55/58 [00:02<00:00, 22.95it/s, loss=0.0013]
  Epoch  9/30:  95%|█████████████████████████████████▏ | 55/58 [00:02<00:00, 22.95it/s, loss=0.0017]
  Epoch  9/30:  95%|█████████████████████████████████▏ | 55/58 [00:02<00:00, 22.95it/s, loss=0.0082]
                                                                                                    

  Epoch 10/30:   0%|                                                         | 0/58 [00:00<?, ?it/s]
  Epoch 10/30:   0%|                                            | 0/58 [00:00<?, ?it/s, loss=0.0024]
  Epoch 10/30:   0%|                                            | 0/58 [00:00<?, ?it/s, loss=0.0019]
  Epoch 10/30:   3%|█▏                                  | 2/58 [00:00<00:03, 18.55it/s, loss=0.0019]
  Epoch 10/30:   3%|█▏                                  | 2/58 [00:00<00:03, 18.55it/s, loss=0.0018]
  Epoch 10/30:   3%|█▏                                  | 2/58 [00:00<00:03, 18.55it/s, loss=0.0017]
  Epoch 10/30:   3%|█▏                                  | 2/58 [00:00<00:03, 18.55it/s, loss=0.0035]
  Epoch 10/30:   9%|███                                 | 5/58 [00:00<00:02, 22.86it/s, loss=0.0035]
  Epoch 10/30:   9%|███                                 | 5/58 [00:00<00:02, 22.86it/s, loss=0.0039]
  Epoch 10/30:   9%|███                                 | 5/58 [00:00<00:02, 22.86it/s, loss=0.0027]
  Epoch 10/30:   9%|███                                 | 5/58 [00:00<00:02, 22.86it/s, loss=0.0018]
  Epoch 10/30:  14%|████▉                               | 8/58 [00:00<00:02, 24.09it/s, loss=0.0018]
  Epoch 10/30:  14%|████▉                               | 8/58 [00:00<00:02, 24.09it/s, loss=0.0030]
  Epoch 10/30:  14%|████▉                               | 8/58 [00:00<00:02, 24.09it/s, loss=0.0029]
  Epoch 10/30:  14%|████▉                               | 8/58 [00:00<00:02, 24.09it/s, loss=0.0028]
  Epoch 10/30:  19%|██████▋                            | 11/58 [00:00<00:01, 23.91it/s, loss=0.0028]
  Epoch 10/30:  19%|██████▋                            | 11/58 [00:00<00:01, 23.91it/s, loss=0.0028]
  Epoch 10/30:  19%|██████▋                            | 11/58 [00:00<00:01, 23.91it/s, loss=0.0015]
  Epoch 10/30:  19%|██████▋                            | 11/58 [00:00<00:01, 23.91it/s, loss=0.0021]
  Epoch 10/30:  24%|████████▍                          | 14/58 [00:00<00:02, 21.03it/s, loss=0.0021]
  Epoch 10/30:  24%|████████▍                          | 14/58 [00:00<00:02, 21.03it/s, loss=0.0019]
  Epoch 10/30:  24%|████████▍                          | 14/58 [00:00<00:02, 21.03it/s, loss=0.0013]
  Epoch 10/30:  24%|████████▍                          | 14/58 [00:00<00:02, 21.03it/s, loss=0.0027]
  Epoch 10/30:  29%|██████████▎                        | 17/58 [00:00<00:02, 19.86it/s, loss=0.0027]
  Epoch 10/30:  29%|██████████▎                        | 17/58 [00:00<00:02, 19.86it/s, loss=0.0016]
  Epoch 10/30:  29%|██████████▎                        | 17/58 [00:00<00:02, 19.86it/s, loss=0.0027]
  Epoch 10/30:  29%|██████████▎                        | 17/58 [00:00<00:02, 19.86it/s, loss=0.0011]
  Epoch 10/30:  34%|████████████                       | 20/58 [00:00<00:01, 19.60it/s, loss=0.0011]
  Epoch 10/30:  34%|████████████                       | 20/58 [00:01<00:01, 19.60it/s, loss=0.0017]
  Epoch 10/30:  34%|████████████                       | 20/58 [00:01<00:01, 19.60it/s, loss=0.0011]
  Epoch 10/30:  38%|█████████████▎                     | 22/58 [00:01<00:01, 19.61it/s, loss=0.0011]
  Epoch 10/30:  38%|█████████████▎                     | 22/58 [00:01<00:01, 19.61it/s, loss=0.0017]
  Epoch 10/30:  38%|█████████████▎                     | 22/58 [00:01<00:01, 19.61it/s, loss=0.0016]
  Epoch 10/30:  38%|█████████████▎                     | 22/58 [00:01<00:01, 19.61it/s, loss=0.0015]
  Epoch 10/30:  43%|███████████████                    | 25/58 [00:01<00:01, 20.14it/s, loss=0.0015]
  Epoch 10/30:  43%|███████████████                    | 25/58 [00:01<00:01, 20.14it/s, loss=0.0020]
  Epoch 10/30:  43%|███████████████                    | 25/58 [00:01<00:01, 20.14it/s, loss=0.0040]
  Epoch 10/30:  43%|███████████████                    | 25/58 [00:01<00:01, 20.14it/s, loss=0.0017]
  Epoch 10/30:  48%|████████████████▉                  | 28/58 [00:01<00:01, 22.49it/s, loss=0.0017]
  Epoch 10/30:  48%|████████████████▉                  | 28/58 [00:01<00:01, 22.49it/s, loss=0.0015]
  Epoch 10/30:  48%|████████████████▉                  | 28/58 [00:01<00:01, 22.49it/s, loss=0.0009]
  Epoch 10/30:  48%|████████████████▉                  | 28/58 [00:01<00:01, 22.49it/s, loss=0.0012]
  Epoch 10/30:  53%|██████████████████▋                | 31/58 [00:01<00:01, 21.60it/s, loss=0.0012]
  Epoch 10/30:  53%|██████████████████▋                | 31/58 [00:01<00:01, 21.60it/s, loss=0.0020]
  Epoch 10/30:  53%|██████████████████▋                | 31/58 [00:01<00:01, 21.60it/s, loss=0.0015]
  Epoch 10/30:  53%|██████████████████▋                | 31/58 [00:01<00:01, 21.60it/s, loss=0.0017]
  Epoch 10/30:  59%|████████████████████▌              | 34/58 [00:01<00:01, 21.84it/s, loss=0.0017]
  Epoch 10/30:  59%|████████████████████▌              | 34/58 [00:01<00:01, 21.84it/s, loss=0.0022]
  Epoch 10/30:  59%|████████████████████▌              | 34/58 [00:01<00:01, 21.84it/s, loss=0.0013]
  Epoch 10/30:  59%|████████████████████▌              | 34/58 [00:01<00:01, 21.84it/s, loss=0.0011]
  Epoch 10/30:  59%|████████████████████▌              | 34/58 [00:01<00:01, 21.84it/s, loss=0.0033]
  Epoch 10/30:  66%|██████████████████████▉            | 38/58 [00:01<00:00, 24.14it/s, loss=0.0033]
  Epoch 10/30:  66%|██████████████████████▉            | 38/58 [00:01<00:00, 24.14it/s, loss=0.0020]
  Epoch 10/30:  66%|██████████████████████▉            | 38/58 [00:01<00:00, 24.14it/s, loss=0.0027]
  Epoch 10/30:  66%|██████████████████████▉            | 38/58 [00:01<00:00, 24.14it/s, loss=0.0019]
  Epoch 10/30:  71%|████████████████████████▋          | 41/58 [00:01<00:00, 23.17it/s, loss=0.0019]
  Epoch 10/30:  71%|████████████████████████▋          | 41/58 [00:01<00:00, 23.17it/s, loss=0.0015]
  Epoch 10/30:  71%|████████████████████████▋          | 41/58 [00:01<00:00, 23.17it/s, loss=0.0026]
  Epoch 10/30:  71%|████████████████████████▋          | 41/58 [00:02<00:00, 23.17it/s, loss=0.0021]
  Epoch 10/30:  76%|██████████████████████████▌        | 44/58 [00:02<00:00, 22.05it/s, loss=0.0021]
  Epoch 10/30:  76%|██████████████████████████▌        | 44/58 [00:02<00:00, 22.05it/s, loss=0.0021]
  Epoch 10/30:  76%|██████████████████████████▌        | 44/58 [00:02<00:00, 22.05it/s, loss=0.0021]
  Epoch 10/30:  76%|██████████████████████████▌        | 44/58 [00:02<00:00, 22.05it/s, loss=0.0036]
  Epoch 10/30:  81%|████████████████████████████▎      | 47/58 [00:02<00:00, 20.57it/s, loss=0.0036]
  Epoch 10/30:  81%|████████████████████████████▎      | 47/58 [00:02<00:00, 20.57it/s, loss=0.0013]
  Epoch 10/30:  81%|████████████████████████████▎      | 47/58 [00:02<00:00, 20.57it/s, loss=0.0017]
  Epoch 10/30:  81%|████████████████████████████▎      | 47/58 [00:02<00:00, 20.57it/s, loss=0.0024]
  Epoch 10/30:  86%|██████████████████████████████▏    | 50/58 [00:02<00:00, 20.70it/s, loss=0.0024]
  Epoch 10/30:  86%|██████████████████████████████▏    | 50/58 [00:02<00:00, 20.70it/s, loss=0.0019]
  Epoch 10/30:  86%|██████████████████████████████▏    | 50/58 [00:02<00:00, 20.70it/s, loss=0.0017]
  Epoch 10/30:  86%|██████████████████████████████▏    | 50/58 [00:02<00:00, 20.70it/s, loss=0.0020]
  Epoch 10/30:  91%|███████████████████████████████▉   | 53/58 [00:02<00:00, 20.36it/s, loss=0.0020]
  Epoch 10/30:  91%|███████████████████████████████▉   | 53/58 [00:02<00:00, 20.36it/s, loss=0.0029]
  Epoch 10/30:  91%|███████████████████████████████▉   | 53/58 [00:02<00:00, 20.36it/s, loss=0.0035]
  Epoch 10/30:  91%|███████████████████████████████▉   | 53/58 [00:02<00:00, 20.36it/s, loss=0.0023]
  Epoch 10/30:  91%|███████████████████████████████▉   | 53/58 [00:02<00:00, 20.36it/s, loss=0.0013]
  Epoch 10/30:  98%|██████████████████████████████████▍| 57/58 [00:02<00:00, 23.13it/s, loss=0.0013]
  Epoch 10/30:  98%|██████████████████████████████████▍| 57/58 [00:02<00:00, 23.13it/s, loss=0.0003]
                                                                                                    
  Epoch 10/30 │ Loss: 0.0021 │ T+1: 0.8461 │ T+2: 0.6754 │ T+3: 0.5523 ★ NEW BEST

  Epoch 11/30:   0%|                                                         | 0/58 [00:00<?, ?it/s]
  Epoch 11/30:   0%|                                            | 0/58 [00:00<?, ?it/s, loss=0.0027]
  Epoch 11/30:   0%|                                            | 0/58 [00:00<?, ?it/s, loss=0.0021]
  Epoch 11/30:   3%|█▏                                  | 2/58 [00:00<00:02, 18.72it/s, loss=0.0021]
  Epoch 11/30:   3%|█▏                                  | 2/58 [00:00<00:02, 18.72it/s, loss=0.0018]
  Epoch 11/30:   3%|█▏                                  | 2/58 [00:00<00:02, 18.72it/s, loss=0.0013]
  Epoch 11/30:   7%|██▍                                 | 4/58 [00:00<00:02, 18.58it/s, loss=0.0013]
  Epoch 11/30:   7%|██▍                                 | 4/58 [00:00<00:02, 18.58it/s, loss=0.0030]
  Epoch 11/30:   7%|██▍                                 | 4/58 [00:00<00:02, 18.58it/s, loss=0.0022]
  Epoch 11/30:  10%|███▋                                | 6/58 [00:00<00:02, 17.87it/s, loss=0.0022]
  Epoch 11/30:  10%|███▋                                | 6/58 [00:00<00:02, 17.87it/s, loss=0.0012]
  Epoch 11/30:  10%|███▋                                | 6/58 [00:00<00:02, 17.87it/s, loss=0.0012]
  Epoch 11/30:  14%|████▉                               | 8/58 [00:00<00:02, 17.87it/s, loss=0.0012]
  Epoch 11/30:  14%|████▉                               | 8/58 [00:00<00:02, 17.87it/s, loss=0.0022]
  Epoch 11/30:  14%|████▉                               | 8/58 [00:00<00:02, 17.87it/s, loss=0.0024]
  Epoch 11/30:  14%|████▉                               | 8/58 [00:00<00:02, 17.87it/s, loss=0.0022]
  Epoch 11/30:  19%|██████▋                            | 11/58 [00:00<00:02, 19.63it/s, loss=0.0022]
  Epoch 11/30:  19%|██████▋                            | 11/58 [00:00<00:02, 19.63it/s, loss=0.0020]
  Epoch 11/30:  19%|██████▋                            | 11/58 [00:00<00:02, 19.63it/s, loss=0.0016]
  Epoch 11/30:  19%|██████▋                            | 11/58 [00:00<00:02, 19.63it/s, loss=0.0029]
  Epoch 11/30:  24%|████████▍                          | 14/58 [00:00<00:02, 20.03it/s, loss=0.0029]
  Epoch 11/30:  24%|████████▍                          | 14/58 [00:00<00:02, 20.03it/s, loss=0.0010]
  Epoch 11/30:  24%|████████▍                          | 14/58 [00:00<00:02, 20.03it/s, loss=0.0021]
  Epoch 11/30:  24%|████████▍                          | 14/58 [00:00<00:02, 20.03it/s, loss=0.0024]
  Epoch 11/30:  29%|██████████▎                        | 17/58 [00:00<00:01, 21.72it/s, loss=0.0024]
  Epoch 11/30:  29%|██████████▎                        | 17/58 [00:00<00:01, 21.72it/s, loss=0.0020]
  Epoch 11/30:  29%|██████████▎                        | 17/58 [00:00<00:01, 21.72it/s, loss=0.0028]
  Epoch 11/30:  29%|██████████▎                        | 17/58 [00:00<00:01, 21.72it/s, loss=0.0017]
  Epoch 11/30:  34%|████████████                       | 20/58 [00:00<00:01, 23.21it/s, loss=0.0017]
  Epoch 11/30:  34%|████████████                       | 20/58 [00:00<00:01, 23.21it/s, loss=0.0017]
  Epoch 11/30:  34%|████████████                       | 20/58 [00:01<00:01, 23.21it/s, loss=0.0017]
  Epoch 11/30:  34%|████████████                       | 20/58 [00:01<00:01, 23.21it/s, loss=0.0013]
  Epoch 11/30:  34%|████████████                       | 20/58 [00:01<00:01, 23.21it/s, loss=0.0024]
  Epoch 11/30:  41%|██████████████▍                    | 24/58 [00:01<00:01, 26.34it/s, loss=0.0024]
  Epoch 11/30:  41%|██████████████▍                    | 24/58 [00:01<00:01, 26.34it/s, loss=0.0012]
  Epoch 11/30:  41%|██████████████▍                    | 24/58 [00:01<00:01, 26.34it/s, loss=0.0021]
  Epoch 11/30:  41%|██████████████▍                    | 24/58 [00:01<00:01, 26.34it/s, loss=0.0021]
  Epoch 11/30:  47%|████████████████▎                  | 27/58 [00:01<00:01, 26.85it/s, loss=0.0021]
  Epoch 11/30:  47%|████████████████▎                  | 27/58 [00:01<00:01, 26.85it/s, loss=0.0027]
  Epoch 11/30:  47%|████████████████▎                  | 27/58 [00:01<00:01, 26.85it/s, loss=0.0025]
  Epoch 11/30:  47%|████████████████▎                  | 27/58 [00:01<00:01, 26.85it/s, loss=0.0025]
  Epoch 11/30:  52%|██████████████████                 | 30/58 [00:01<00:01, 26.83it/s, loss=0.0025]
  Epoch 11/30:  52%|██████████████████                 | 30/58 [00:01<00:01, 26.83it/s, loss=0.0013]
  Epoch 11/30:  52%|██████████████████                 | 30/58 [00:01<00:01, 26.83it/s, loss=0.0009]
  Epoch 11/30:  52%|██████████████████                 | 30/58 [00:01<00:01, 26.83it/s, loss=0.0008]
  Epoch 11/30:  57%|███████████████████▉               | 33/58 [00:01<00:00, 26.46it/s, loss=0.0008]
  Epoch 11/30:  57%|███████████████████▉               | 33/58 [00:01<00:00, 26.46it/s, loss=0.0012]
  Epoch 11/30:  57%|███████████████████▉               | 33/58 [00:01<00:00, 26.46it/s, loss=0.0024]
  Epoch 11/30:  57%|███████████████████▉               | 33/58 [00:01<00:00, 26.46it/s, loss=0.0020]
  Epoch 11/30:  62%|█████████████████████▋             | 36/58 [00:01<00:00, 25.38it/s, loss=0.0020]
  Epoch 11/30:  62%|█████████████████████▋             | 36/58 [00:01<00:00, 25.38it/s, loss=0.0012]
  Epoch 11/30:  62%|█████████████████████▋             | 36/58 [00:01<00:00, 25.38it/s, loss=0.0017]
  Epoch 11/30:  62%|█████████████████████▋             | 36/58 [00:01<00:00, 25.38it/s, loss=0.0009]
  Epoch 11/30:  67%|███████████████████████▌           | 39/58 [00:01<00:00, 23.70it/s, loss=0.0009]
  Epoch 11/30:  67%|███████████████████████▌           | 39/58 [00:01<00:00, 23.70it/s, loss=0.0024]
  Epoch 11/30:  67%|███████████████████████▌           | 39/58 [00:01<00:00, 23.70it/s, loss=0.0010]
  Epoch 11/30:  67%|███████████████████████▌           | 39/58 [00:01<00:00, 23.70it/s, loss=0.0025]
  Epoch 11/30:  72%|█████████████████████████▎         | 42/58 [00:01<00:00, 23.78it/s, loss=0.0025]
  Epoch 11/30:  72%|█████████████████████████▎         | 42/58 [00:01<00:00, 23.78it/s, loss=0.0022]
  Epoch 11/30:  72%|█████████████████████████▎         | 42/58 [00:01<00:00, 23.78it/s, loss=0.0028]
  Epoch 11/30:  72%|█████████████████████████▎         | 42/58 [00:01<00:00, 23.78it/s, loss=0.0013]
  Epoch 11/30:  78%|███████████████████████████▏       | 45/58 [00:01<00:00, 24.36it/s, loss=0.0013]
  Epoch 11/30:  78%|███████████████████████████▏       | 45/58 [00:01<00:00, 24.36it/s, loss=0.0024]
  Epoch 11/30:  78%|███████████████████████████▏       | 45/58 [00:02<00:00, 24.36it/s, loss=0.0023]
  Epoch 11/30:  78%|███████████████████████████▏       | 45/58 [00:02<00:00, 24.36it/s, loss=0.0016]
  Epoch 11/30:  83%|████████████████████████████▉      | 48/58 [00:02<00:00, 25.35it/s, loss=0.0016]
  Epoch 11/30:  83%|████████████████████████████▉      | 48/58 [00:02<00:00, 25.35it/s, loss=0.0023]
  Epoch 11/30:  83%|████████████████████████████▉      | 48/58 [00:02<00:00, 25.35it/s, loss=0.0019]
  Epoch 11/30:  83%|████████████████████████████▉      | 48/58 [00:02<00:00, 25.35it/s, loss=0.0014]
  Epoch 11/30:  88%|██████████████████████████████▊    | 51/58 [00:02<00:00, 26.06it/s, loss=0.0014]
  Epoch 11/30:  88%|██████████████████████████████▊    | 51/58 [00:02<00:00, 26.06it/s, loss=0.0012]
  Epoch 11/30:  88%|██████████████████████████████▊    | 51/58 [00:02<00:00, 26.06it/s, loss=0.0031]
  Epoch 11/30:  88%|██████████████████████████████▊    | 51/58 [00:02<00:00, 26.06it/s, loss=0.0013]
  Epoch 11/30:  93%|████████████████████████████████▌  | 54/58 [00:02<00:00, 25.19it/s, loss=0.0013]
  Epoch 11/30:  93%|████████████████████████████████▌  | 54/58 [00:02<00:00, 25.19it/s, loss=0.0017]
  Epoch 11/30:  93%|████████████████████████████████▌  | 54/58 [00:02<00:00, 25.19it/s, loss=0.0023]
  Epoch 11/30:  93%|████████████████████████████████▌  | 54/58 [00:02<00:00, 25.19it/s, loss=0.0023]
  Epoch 11/30:  98%|██████████████████████████████████▍| 57/58 [00:02<00:00, 25.08it/s, loss=0.0023]
  Epoch 11/30:  98%|██████████████████████████████████▍| 57/58 [00:02<00:00, 25.08it/s, loss=0.0005]
                                                                                                    

  Epoch 12/30:   0%|                                                         | 0/58 [00:00<?, ?it/s]
  Epoch 12/30:   0%|                                            | 0/58 [00:00<?, ?it/s, loss=0.0016]
  Epoch 12/30:   0%|                                            | 0/58 [00:00<?, ?it/s, loss=0.0017]
  Epoch 12/30:   0%|                                            | 0/58 [00:00<?, ?it/s, loss=0.0026]
  Epoch 12/30:   5%|█▊                                  | 3/58 [00:00<00:02, 23.55it/s, loss=0.0026]
  Epoch 12/30:   5%|█▊                                  | 3/58 [00:00<00:02, 23.55it/s, loss=0.0016]
  Epoch 12/30:   5%|█▊                                  | 3/58 [00:00<00:02, 23.55it/s, loss=0.0024]
  Epoch 12/30:   5%|█▊                                  | 3/58 [00:00<00:02, 23.55it/s, loss=0.0011]
  Epoch 12/30:  10%|███▋                                | 6/58 [00:00<00:02, 20.60it/s, loss=0.0011]
  Epoch 12/30:  10%|███▋                                | 6/58 [00:00<00:02, 20.60it/s, loss=0.0033]
  Epoch 12/30:  10%|███▋                                | 6/58 [00:00<00:02, 20.60it/s, loss=0.0010]
  Epoch 12/30:  10%|███▋                                | 6/58 [00:00<00:02, 20.60it/s, loss=0.0029]
  Epoch 12/30:  16%|█████▌                              | 9/58 [00:00<00:03, 14.36it/s, loss=0.0029]
  Epoch 12/30:  16%|█████▌                              | 9/58 [00:00<00:03, 14.36it/s, loss=0.0020]
  Epoch 12/30:  16%|█████▌                              | 9/58 [00:00<00:03, 14.36it/s, loss=0.0024]
  Epoch 12/30:  16%|█████▌                              | 9/58 [00:00<00:03, 14.36it/s, loss=0.0015]
  Epoch 12/30:  21%|███████▏                           | 12/58 [00:00<00:02, 15.93it/s, loss=0.0015]
  Epoch 12/30:  21%|███████▏                           | 12/58 [00:00<00:02, 15.93it/s, loss=0.0019]
  Epoch 12/30:  21%|███████▏                           | 12/58 [00:00<00:02, 15.93it/s, loss=0.0028]
  Epoch 12/30:  24%|████████▍                          | 14/58 [00:00<00:02, 16.31it/s, loss=0.0028]
  Epoch 12/30:  24%|████████▍                          | 14/58 [00:00<00:02, 16.31it/s, loss=0.0023]
  Epoch 12/30:  24%|████████▍                          | 14/58 [00:00<00:02, 16.31it/s, loss=0.0011]
  Epoch 12/30:  28%|█████████▋                         | 16/58 [00:00<00:02, 16.92it/s, loss=0.0011]
  Epoch 12/30:  28%|█████████▋                         | 16/58 [00:00<00:02, 16.92it/s, loss=0.0014]
  Epoch 12/30:  28%|█████████▋                         | 16/58 [00:01<00:02, 16.92it/s, loss=0.0016]
  Epoch 12/30:  31%|██████████▊                        | 18/58 [00:01<00:02, 17.39it/s, loss=0.0016]
  Epoch 12/30:  31%|██████████▊                        | 18/58 [00:01<00:02, 17.39it/s, loss=0.0015]
  Epoch 12/30:  31%|██████████▊                        | 18/58 [00:01<00:02, 17.39it/s, loss=0.0008]
  Epoch 12/30:  34%|████████████                       | 20/58 [00:01<00:02, 17.05it/s, loss=0.0008]
  Epoch 12/30:  34%|████████████                       | 20/58 [00:01<00:02, 17.05it/s, loss=0.0011]
  Epoch 12/30:  34%|████████████                       | 20/58 [00:01<00:02, 17.05it/s, loss=0.0007]
  Epoch 12/30:  38%|█████████████▎                     | 22/58 [00:01<00:02, 16.96it/s, loss=0.0007]
  Epoch 12/30:  38%|█████████████▎                     | 22/58 [00:01<00:02, 16.96it/s, loss=0.0033]
  Epoch 12/30:  38%|█████████████▎                     | 22/58 [00:01<00:02, 16.96it/s, loss=0.0017]
  Epoch 12/30:  41%|██████████████▍                    | 24/58 [00:01<00:01, 17.12it/s, loss=0.0017]
  Epoch 12/30:  41%|██████████████▍                    | 24/58 [00:01<00:01, 17.12it/s, loss=0.0010]
  Epoch 12/30:  41%|██████████████▍                    | 24/58 [00:01<00:01, 17.12it/s, loss=0.0015]
  Epoch 12/30:  45%|███████████████▋                   | 26/58 [00:01<00:01, 16.99it/s, loss=0.0015]
  Epoch 12/30:  45%|███████████████▋                   | 26/58 [00:01<00:01, 16.99it/s, loss=0.0020]
  Epoch 12/30:  45%|███████████████▋                   | 26/58 [00:01<00:01, 16.99it/s, loss=0.0031]
  Epoch 12/30:  48%|████████████████▉                  | 28/58 [00:01<00:01, 17.29it/s, loss=0.0031]
  Epoch 12/30:  48%|████████████████▉                  | 28/58 [00:01<00:01, 17.29it/s, loss=0.0018]
  Epoch 12/30:  48%|████████████████▉                  | 28/58 [00:01<00:01, 17.29it/s, loss=0.0020]
  Epoch 12/30:  52%|██████████████████                 | 30/58 [00:01<00:01, 16.93it/s, loss=0.0020]
  Epoch 12/30:  52%|██████████████████                 | 30/58 [00:01<00:01, 16.93it/s, loss=0.0012]
  Epoch 12/30:  52%|██████████████████                 | 30/58 [00:01<00:01, 16.93it/s, loss=0.0017]
  Epoch 12/30:  55%|███████████████████▎               | 32/58 [00:01<00:01, 17.01it/s, loss=0.0017]
  Epoch 12/30:  55%|███████████████████▎               | 32/58 [00:01<00:01, 17.01it/s, loss=0.0016]
  Epoch 12/30:  55%|███████████████████▎               | 32/58 [00:01<00:01, 17.01it/s, loss=0.0012]
  Epoch 12/30:  59%|████████████████████▌              | 34/58 [00:01<00:01, 17.20it/s, loss=0.0012]
  Epoch 12/30:  59%|████████████████████▌              | 34/58 [00:02<00:01, 17.20it/s, loss=0.0012]
  Epoch 12/30:  59%|████████████████████▌              | 34/58 [00:02<00:01, 17.20it/s, loss=0.0018]
  Epoch 12/30:  62%|█████████████████████▋             | 36/58 [00:02<00:01, 17.01it/s, loss=0.0018]
  Epoch 12/30:  62%|█████████████████████▋             | 36/58 [00:02<00:01, 17.01it/s, loss=0.0016]
  Epoch 12/30:  62%|█████████████████████▋             | 36/58 [00:02<00:01, 17.01it/s, loss=0.0037]
  Epoch 12/30:  66%|██████████████████████▉            | 38/58 [00:02<00:01, 16.94it/s, loss=0.0037]
  Epoch 12/30:  66%|██████████████████████▉            | 38/58 [00:02<00:01, 16.94it/s, loss=0.0012]
  Epoch 12/30:  66%|██████████████████████▉            | 38/58 [00:02<00:01, 16.94it/s, loss=0.0014]
  Epoch 12/30:  69%|████████████████████████▏          | 40/58 [00:02<00:01, 16.94it/s, loss=0.0014]
  Epoch 12/30:  69%|████████████████████████▏          | 40/58 [00:02<00:01, 16.94it/s, loss=0.0018]
  Epoch 12/30:  69%|████████████████████████▏          | 40/58 [00:02<00:01, 16.94it/s, loss=0.0025]
  Epoch 12/30:  72%|█████████████████████████▎         | 42/58 [00:02<00:00, 16.97it/s, loss=0.0025]
  Epoch 12/30:  72%|█████████████████████████▎         | 42/58 [00:02<00:00, 16.97it/s, loss=0.0023]
  Epoch 12/30:  72%|█████████████████████████▎         | 42/58 [00:02<00:00, 16.97it/s, loss=0.0010]
  Epoch 12/30:  76%|██████████████████████████▌        | 44/58 [00:02<00:00, 17.00it/s, loss=0.0010]
  Epoch 12/30:  76%|██████████████████████████▌        | 44/58 [00:02<00:00, 17.00it/s, loss=0.0011]
  Epoch 12/30:  76%|██████████████████████████▌        | 44/58 [00:02<00:00, 17.00it/s, loss=0.0007]
  Epoch 12/30:  79%|███████████████████████████▊       | 46/58 [00:02<00:00, 17.18it/s, loss=0.0007]
  Epoch 12/30:  79%|███████████████████████████▊       | 46/58 [00:02<00:00, 17.18it/s, loss=0.0038]
  Epoch 12/30:  79%|███████████████████████████▊       | 46/58 [00:02<00:00, 17.18it/s, loss=0.0017]
  Epoch 12/30:  83%|████████████████████████████▉      | 48/58 [00:02<00:00, 16.79it/s, loss=0.0017]
  Epoch 12/30:  83%|████████████████████████████▉      | 48/58 [00:02<00:00, 16.79it/s, loss=0.0014]
  Epoch 12/30:  83%|████████████████████████████▉      | 48/58 [00:02<00:00, 16.79it/s, loss=0.0024]
  Epoch 12/30:  86%|██████████████████████████████▏    | 50/58 [00:02<00:00, 16.78it/s, loss=0.0024]
  Epoch 12/30:  86%|██████████████████████████████▏    | 50/58 [00:03<00:00, 16.78it/s, loss=0.0025]
  Epoch 12/30:  86%|██████████████████████████████▏    | 50/58 [00:03<00:00, 16.78it/s, loss=0.0009]
  Epoch 12/30:  90%|███████████████████████████████▍   | 52/58 [00:03<00:00, 16.72it/s, loss=0.0009]
  Epoch 12/30:  90%|███████████████████████████████▍   | 52/58 [00:03<00:00, 16.72it/s, loss=0.0011]
  Epoch 12/30:  90%|███████████████████████████████▍   | 52/58 [00:03<00:00, 16.72it/s, loss=0.0018]
  Epoch 12/30:  93%|████████████████████████████████▌  | 54/58 [00:03<00:00, 16.58it/s, loss=0.0018]
  Epoch 12/30:  93%|████████████████████████████████▌  | 54/58 [00:03<00:00, 16.58it/s, loss=0.0019]
  Epoch 12/30:  93%|████████████████████████████████▌  | 54/58 [00:03<00:00, 16.58it/s, loss=0.0016]
  Epoch 12/30:  97%|█████████████████████████████████▊ | 56/58 [00:03<00:00, 16.91it/s, loss=0.0016]
  Epoch 12/30:  97%|█████████████████████████████████▊ | 56/58 [00:03<00:00, 16.91it/s, loss=0.0029]
  Epoch 12/30:  97%|█████████████████████████████████▊ | 56/58 [00:03<00:00, 16.91it/s, loss=0.0009]
                                                                                                    

  Epoch 13/30:   0%|                                                         | 0/58 [00:00<?, ?it/s]
  Epoch 13/30:   0%|                                            | 0/58 [00:00<?, ?it/s, loss=0.0015]
  Epoch 13/30:   0%|                                            | 0/58 [00:00<?, ?it/s, loss=0.0023]
  Epoch 13/30:   3%|█▏                                  | 2/58 [00:00<00:03, 16.15it/s, loss=0.0023]
  Epoch 13/30:   3%|█▏                                  | 2/58 [00:00<00:03, 16.15it/s, loss=0.0013]
  Epoch 13/30:   3%|█▏                                  | 2/58 [00:00<00:03, 16.15it/s, loss=0.0011]
  Epoch 13/30:   7%|██▍                                 | 4/58 [00:00<00:03, 15.90it/s, loss=0.0011]
  Epoch 13/30:   7%|██▍                                 | 4/58 [00:00<00:03, 15.90it/s, loss=0.0020]
  Epoch 13/30:   7%|██▍                                 | 4/58 [00:00<00:03, 15.90it/s, loss=0.0023]
  Epoch 13/30:  10%|███▋                                | 6/58 [00:00<00:03, 16.21it/s, loss=0.0023]
  Epoch 13/30:  10%|███▋                                | 6/58 [00:00<00:03, 16.21it/s, loss=0.0029]
  Epoch 13/30:  10%|███▋                                | 6/58 [00:00<00:03, 16.21it/s, loss=0.0019]
  Epoch 13/30:  14%|████▉                               | 8/58 [00:00<00:03, 16.61it/s, loss=0.0019]
  Epoch 13/30:  14%|████▉                               | 8/58 [00:00<00:03, 16.61it/s, loss=0.0028]
  Epoch 13/30:  14%|████▉                               | 8/58 [00:00<00:03, 16.61it/s, loss=0.0011]
  Epoch 13/30:  17%|██████                             | 10/58 [00:00<00:02, 16.55it/s, loss=0.0011]
  Epoch 13/30:  17%|██████                             | 10/58 [00:00<00:02, 16.55it/s, loss=0.0019]
  Epoch 13/30:  17%|██████                             | 10/58 [00:00<00:02, 16.55it/s, loss=0.0033]
  Epoch 13/30:  21%|███████▏                           | 12/58 [00:00<00:02, 16.77it/s, loss=0.0033]
  Epoch 13/30:  21%|███████▏                           | 12/58 [00:00<00:02, 16.77it/s, loss=0.0016]
  Epoch 13/30:  21%|███████▏                           | 12/58 [00:00<00:02, 16.77it/s, loss=0.0020]
  Epoch 13/30:  24%|████████▍                          | 14/58 [00:00<00:02, 16.36it/s, loss=0.0020]
  Epoch 13/30:  24%|████████▍                          | 14/58 [00:00<00:02, 16.36it/s, loss=0.0014]
  Epoch 13/30:  24%|████████▍                          | 14/58 [00:00<00:02, 16.36it/s, loss=0.0014]
  Epoch 13/30:  28%|█████████▋                         | 16/58 [00:00<00:02, 15.69it/s, loss=0.0014]
  Epoch 13/30:  28%|█████████▋                         | 16/58 [00:01<00:02, 15.69it/s, loss=0.0034]
  Epoch 13/30:  28%|█████████▋                         | 16/58 [00:01<00:02, 15.69it/s, loss=0.0014]
  Epoch 13/30:  31%|██████████▊                        | 18/58 [00:01<00:02, 16.09it/s, loss=0.0014]
  Epoch 13/30:  31%|██████████▊                        | 18/58 [00:01<00:02, 16.09it/s, loss=0.0014]
  Epoch 13/30:  31%|██████████▊                        | 18/58 [00:01<00:02, 16.09it/s, loss=0.0018]
  Epoch 13/30:  34%|████████████                       | 20/58 [00:01<00:02, 16.22it/s, loss=0.0018]
  Epoch 13/30:  34%|████████████                       | 20/58 [00:01<00:02, 16.22it/s, loss=0.0017]
  Epoch 13/30:  34%|████████████                       | 20/58 [00:01<00:02, 16.22it/s, loss=0.0019]
  Epoch 13/30:  38%|█████████████▎                     | 22/58 [00:01<00:02, 16.07it/s, loss=0.0019]
  Epoch 13/30:  38%|█████████████▎                     | 22/58 [00:01<00:02, 16.07it/s, loss=0.0009]
  Epoch 13/30:  38%|█████████████▎                     | 22/58 [00:01<00:02, 16.07it/s, loss=0.0018]
  Epoch 13/30:  41%|██████████████▍                    | 24/58 [00:01<00:02, 16.57it/s, loss=0.0018]
  Epoch 13/30:  41%|██████████████▍                    | 24/58 [00:01<00:02, 16.57it/s, loss=0.0020]
  Epoch 13/30:  41%|██████████████▍                    | 24/58 [00:01<00:02, 16.57it/s, loss=0.0016]
  Epoch 13/30:  45%|███████████████▋                   | 26/58 [00:01<00:01, 17.26it/s, loss=0.0016]
  Epoch 13/30:  45%|███████████████▋                   | 26/58 [00:01<00:01, 17.26it/s, loss=0.0023]
  Epoch 13/30:  45%|███████████████▋                   | 26/58 [00:01<00:01, 17.26it/s, loss=0.0017]
  Epoch 13/30:  48%|████████████████▉                  | 28/58 [00:01<00:01, 17.34it/s, loss=0.0017]
  Epoch 13/30:  48%|████████████████▉                  | 28/58 [00:01<00:01, 17.34it/s, loss=0.0013]
  Epoch 13/30:  48%|████████████████▉                  | 28/58 [00:01<00:01, 17.34it/s, loss=0.0019]
  Epoch 13/30:  52%|██████████████████                 | 30/58 [00:01<00:01, 17.28it/s, loss=0.0019]
  Epoch 13/30:  52%|██████████████████                 | 30/58 [00:01<00:01, 17.28it/s, loss=0.0016]
  Epoch 13/30:  52%|██████████████████                 | 30/58 [00:01<00:01, 17.28it/s, loss=0.0016]
  Epoch 13/30:  55%|███████████████████▎               | 32/58 [00:01<00:01, 16.98it/s, loss=0.0016]
  Epoch 13/30:  55%|███████████████████▎               | 32/58 [00:01<00:01, 16.98it/s, loss=0.0024]
  Epoch 13/30:  55%|███████████████████▎               | 32/58 [00:02<00:01, 16.98it/s, loss=0.0018]
  Epoch 13/30:  59%|████████████████████▌              | 34/58 [00:02<00:01, 17.68it/s, loss=0.0018]
  Epoch 13/30:  59%|████████████████████▌              | 34/58 [00:02<00:01, 17.68it/s, loss=0.0007]
  Epoch 13/30:  59%|████████████████████▌              | 34/58 [00:02<00:01, 17.68it/s, loss=0.0020]
  Epoch 13/30:  62%|█████████████████████▋             | 36/58 [00:02<00:01, 17.53it/s, loss=0.0020]
  Epoch 13/30:  62%|█████████████████████▋             | 36/58 [00:02<00:01, 17.53it/s, loss=0.0027]
  Epoch 13/30:  62%|█████████████████████▋             | 36/58 [00:02<00:01, 17.53it/s, loss=0.0033]
  Epoch 13/30:  66%|██████████████████████▉            | 38/58 [00:02<00:01, 17.24it/s, loss=0.0033]
  Epoch 13/30:  66%|██████████████████████▉            | 38/58 [00:02<00:01, 17.24it/s, loss=0.0019]
  Epoch 13/30:  66%|██████████████████████▉            | 38/58 [00:02<00:01, 17.24it/s, loss=0.0016]
  Epoch 13/30:  69%|████████████████████████▏          | 40/58 [00:02<00:01, 17.91it/s, loss=0.0016]
  Epoch 13/30:  69%|████████████████████████▏          | 40/58 [00:02<00:01, 17.91it/s, loss=0.0016]
  Epoch 13/30:  69%|████████████████████████▏          | 40/58 [00:02<00:01, 17.91it/s, loss=0.0028]
  Epoch 13/30:  72%|█████████████████████████▎         | 42/58 [00:02<00:00, 17.63it/s, loss=0.0028]
  Epoch 13/30:  72%|█████████████████████████▎         | 42/58 [00:02<00:00, 17.63it/s, loss=0.0017]
  Epoch 13/30:  72%|█████████████████████████▎         | 42/58 [00:02<00:00, 17.63it/s, loss=0.0028]
  Epoch 13/30:  76%|██████████████████████████▌        | 44/58 [00:02<00:00, 17.39it/s, loss=0.0028]
  Epoch 13/30:  76%|██████████████████████████▌        | 44/58 [00:02<00:00, 17.39it/s, loss=0.0013]
  Epoch 13/30:  76%|██████████████████████████▌        | 44/58 [00:02<00:00, 17.39it/s, loss=0.0012]
  Epoch 13/30:  79%|███████████████████████████▊       | 46/58 [00:02<00:00, 17.16it/s, loss=0.0012]
  Epoch 13/30:  79%|███████████████████████████▊       | 46/58 [00:02<00:00, 17.16it/s, loss=0.0019]
  Epoch 13/30:  79%|███████████████████████████▊       | 46/58 [00:02<00:00, 17.16it/s, loss=0.0018]
  Epoch 13/30:  83%|████████████████████████████▉      | 48/58 [00:02<00:00, 17.12it/s, loss=0.0018]
  Epoch 13/30:  83%|████████████████████████████▉      | 48/58 [00:02<00:00, 17.12it/s, loss=0.0023]
  Epoch 13/30:  83%|████████████████████████████▉      | 48/58 [00:02<00:00, 17.12it/s, loss=0.0021]
  Epoch 13/30:  86%|██████████████████████████████▏    | 50/58 [00:02<00:00, 17.38it/s, loss=0.0021]
  Epoch 13/30:  86%|██████████████████████████████▏    | 50/58 [00:03<00:00, 17.38it/s, loss=0.0007]
  Epoch 13/30:  86%|██████████████████████████████▏    | 50/58 [00:03<00:00, 17.38it/s, loss=0.0020]
  Epoch 13/30:  90%|███████████████████████████████▍   | 52/58 [00:03<00:00, 17.61it/s, loss=0.0020]
  Epoch 13/30:  90%|███████████████████████████████▍   | 52/58 [00:03<00:00, 17.61it/s, loss=0.0022]
  Epoch 13/30:  90%|███████████████████████████████▍   | 52/58 [00:03<00:00, 17.61it/s, loss=0.0018]
  Epoch 13/30:  93%|████████████████████████████████▌  | 54/58 [00:03<00:00, 17.36it/s, loss=0.0018]
  Epoch 13/30:  93%|████████████████████████████████▌  | 54/58 [00:03<00:00, 17.36it/s, loss=0.0018]
  Epoch 13/30:  93%|████████████████████████████████▌  | 54/58 [00:03<00:00, 17.36it/s, loss=0.0009]
  Epoch 13/30:  97%|█████████████████████████████████▊ | 56/58 [00:03<00:00, 17.03it/s, loss=0.0009]
  Epoch 13/30:  97%|█████████████████████████████████▊ | 56/58 [00:03<00:00, 17.03it/s, loss=0.0013]
  Epoch 13/30:  97%|█████████████████████████████████▊ | 56/58 [00:03<00:00, 17.03it/s, loss=0.0005]
                                                                                                    

  Epoch 14/30:   0%|                                                         | 0/58 [00:00<?, ?it/s]
  Epoch 14/30:   0%|                                            | 0/58 [00:00<?, ?it/s, loss=0.0026]
  Epoch 14/30:   0%|                                            | 0/58 [00:00<?, ?it/s, loss=0.0012]
  Epoch 14/30:   3%|█▏                                  | 2/58 [00:00<00:03, 16.18it/s, loss=0.0012]
  Epoch 14/30:   3%|█▏                                  | 2/58 [00:00<00:03, 16.18it/s, loss=0.0010]
  Epoch 14/30:   3%|█▏                                  | 2/58 [00:00<00:03, 16.18it/s, loss=0.0022]
  Epoch 14/30:   3%|█▏                                  | 2/58 [00:00<00:03, 16.18it/s, loss=0.0013]
  Epoch 14/30:   9%|███                                 | 5/58 [00:00<00:02, 18.34it/s, loss=0.0013]
  Epoch 14/30:   9%|███                                 | 5/58 [00:00<00:02, 18.34it/s, loss=0.0021]
  Epoch 14/30:   9%|███                                 | 5/58 [00:00<00:02, 18.34it/s, loss=0.0010]
  Epoch 14/30:  12%|████▎                               | 7/58 [00:00<00:02, 17.79it/s, loss=0.0010]
  Epoch 14/30:  12%|████▎                               | 7/58 [00:00<00:02, 17.79it/s, loss=0.0013]
  Epoch 14/30:  12%|████▎                               | 7/58 [00:00<00:02, 17.79it/s, loss=0.0017]
  Epoch 14/30:  16%|█████▌                              | 9/58 [00:00<00:02, 18.17it/s, loss=0.0017]
  Epoch 14/30:  16%|█████▌                              | 9/58 [00:00<00:02, 18.17it/s, loss=0.0010]
  Epoch 14/30:  16%|█████▌                              | 9/58 [00:00<00:02, 18.17it/s, loss=0.0009]
  Epoch 14/30:  19%|██████▋                            | 11/58 [00:00<00:02, 18.06it/s, loss=0.0009]
  Epoch 14/30:  19%|██████▋                            | 11/58 [00:00<00:02, 18.06it/s, loss=0.0012]
  Epoch 14/30:  19%|██████▋                            | 11/58 [00:00<00:02, 18.06it/s, loss=0.0012]
  Epoch 14/30:  22%|███████▊                           | 13/58 [00:00<00:02, 17.78it/s, loss=0.0012]
  Epoch 14/30:  22%|███████▊                           | 13/58 [00:00<00:02, 17.78it/s, loss=0.0013]
  Epoch 14/30:  22%|███████▊                           | 13/58 [00:00<00:02, 17.78it/s, loss=0.0029]
  Epoch 14/30:  26%|█████████                          | 15/58 [00:00<00:02, 17.42it/s, loss=0.0029]
  Epoch 14/30:  26%|█████████                          | 15/58 [00:00<00:02, 17.42it/s, loss=0.0015]
  Epoch 14/30:  26%|█████████                          | 15/58 [00:00<00:02, 17.42it/s, loss=0.0017]
  Epoch 14/30:  29%|██████████▎                        | 17/58 [00:00<00:02, 17.40it/s, loss=0.0017]
  Epoch 14/30:  29%|██████████▎                        | 17/58 [00:01<00:02, 17.40it/s, loss=0.0018]
  Epoch 14/30:  29%|██████████▎                        | 17/58 [00:01<00:02, 17.40it/s, loss=0.0020]
  Epoch 14/30:  33%|███████████▍                       | 19/58 [00:01<00:03, 12.83it/s, loss=0.0020]
  Epoch 14/30:  33%|███████████▍                       | 19/58 [00:01<00:03, 12.83it/s, loss=0.0025]
  Epoch 14/30:  33%|███████████▍                       | 19/58 [00:01<00:03, 12.83it/s, loss=0.0029]
  Epoch 14/30:  33%|███████████▍                       | 19/58 [00:01<00:03, 12.83it/s, loss=0.0013]
  Epoch 14/30:  38%|█████████████▎                     | 22/58 [00:01<00:02, 15.09it/s, loss=0.0013]
  Epoch 14/30:  38%|█████████████▎                     | 22/58 [00:01<00:02, 15.09it/s, loss=0.0013]
  Epoch 14/30:  38%|█████████████▎                     | 22/58 [00:01<00:02, 15.09it/s, loss=0.0013]
  Epoch 14/30:  41%|██████████████▍                    | 24/58 [00:01<00:02, 16.12it/s, loss=0.0013]
  Epoch 14/30:  41%|██████████████▍                    | 24/58 [00:01<00:02, 16.12it/s, loss=0.0029]
  Epoch 14/30:  41%|██████████████▍                    | 24/58 [00:01<00:02, 16.12it/s, loss=0.0025]
  Epoch 14/30:  45%|███████████████▋                   | 26/58 [00:01<00:01, 16.32it/s, loss=0.0025]
  Epoch 14/30:  45%|███████████████▋                   | 26/58 [00:01<00:01, 16.32it/s, loss=0.0036]
  Epoch 14/30:  45%|███████████████▋                   | 26/58 [00:01<00:01, 16.32it/s, loss=0.0026]
  Epoch 14/30:  48%|████████████████▉                  | 28/58 [00:01<00:01, 16.95it/s, loss=0.0026]
  Epoch 14/30:  48%|████████████████▉                  | 28/58 [00:01<00:01, 16.95it/s, loss=0.0009]
  Epoch 14/30:  48%|████████████████▉                  | 28/58 [00:01<00:01, 16.95it/s, loss=0.0019]
  Epoch 14/30:  52%|██████████████████                 | 30/58 [00:01<00:01, 17.42it/s, loss=0.0019]
  Epoch 14/30:  52%|██████████████████                 | 30/58 [00:01<00:01, 17.42it/s, loss=0.0014]
  Epoch 14/30:  52%|██████████████████                 | 30/58 [00:01<00:01, 17.42it/s, loss=0.0015]
  Epoch 14/30:  55%|███████████████████▎               | 32/58 [00:01<00:01, 17.64it/s, loss=0.0015]
  Epoch 14/30:  55%|███████████████████▎               | 32/58 [00:01<00:01, 17.64it/s, loss=0.0015]
  Epoch 14/30:  55%|███████████████████▎               | 32/58 [00:02<00:01, 17.64it/s, loss=0.0031]
  Epoch 14/30:  59%|████████████████████▌              | 34/58 [00:02<00:01, 17.59it/s, loss=0.0031]
  Epoch 14/30:  59%|████████████████████▌              | 34/58 [00:02<00:01, 17.59it/s, loss=0.0020]
  Epoch 14/30:  59%|████████████████████▌              | 34/58 [00:02<00:01, 17.59it/s, loss=0.0027]
  Epoch 14/30:  62%|█████████████████████▋             | 36/58 [00:02<00:01, 17.64it/s, loss=0.0027]
  Epoch 14/30:  62%|█████████████████████▋             | 36/58 [00:02<00:01, 17.64it/s, loss=0.0021]
  Epoch 14/30:  62%|█████████████████████▋             | 36/58 [00:02<00:01, 17.64it/s, loss=0.0016]
  Epoch 14/30:  62%|█████████████████████▋             | 36/58 [00:02<00:01, 17.64it/s, loss=0.0021]
  Epoch 14/30:  67%|███████████████████████▌           | 39/58 [00:02<00:00, 19.40it/s, loss=0.0021]
  Epoch 14/30:  67%|███████████████████████▌           | 39/58 [00:02<00:00, 19.40it/s, loss=0.0017]
  Epoch 14/30:  67%|███████████████████████▌           | 39/58 [00:02<00:00, 19.40it/s, loss=0.0023]
  Epoch 14/30:  67%|███████████████████████▌           | 39/58 [00:02<00:00, 19.40it/s, loss=0.0014]
  Epoch 14/30:  72%|█████████████████████████▎         | 42/58 [00:02<00:00, 19.68it/s, loss=0.0014]
  Epoch 14/30:  72%|█████████████████████████▎         | 42/58 [00:02<00:00, 19.68it/s, loss=0.0006]
  Epoch 14/30:  72%|█████████████████████████▎         | 42/58 [00:02<00:00, 19.68it/s, loss=0.0010]
  Epoch 14/30:  76%|██████████████████████████▌        | 44/58 [00:02<00:00, 19.56it/s, loss=0.0010]
  Epoch 14/30:  76%|██████████████████████████▌        | 44/58 [00:02<00:00, 19.56it/s, loss=0.0015]
  Epoch 14/30:  76%|██████████████████████████▌        | 44/58 [00:02<00:00, 19.56it/s, loss=0.0019]
  Epoch 14/30:  79%|███████████████████████████▊       | 46/58 [00:02<00:00, 18.96it/s, loss=0.0019]
  Epoch 14/30:  79%|███████████████████████████▊       | 46/58 [00:02<00:00, 18.96it/s, loss=0.0014]
  Epoch 14/30:  79%|███████████████████████████▊       | 46/58 [00:02<00:00, 18.96it/s, loss=0.0013]
  Epoch 14/30:  83%|████████████████████████████▉      | 48/58 [00:02<00:00, 19.01it/s, loss=0.0013]
  Epoch 14/30:  83%|████████████████████████████▉      | 48/58 [00:02<00:00, 19.01it/s, loss=0.0025]
  Epoch 14/30:  83%|████████████████████████████▉      | 48/58 [00:02<00:00, 19.01it/s, loss=0.0011]
  Epoch 14/30:  86%|██████████████████████████████▏    | 50/58 [00:02<00:00, 19.22it/s, loss=0.0011]
  Epoch 14/30:  86%|██████████████████████████████▏    | 50/58 [00:02<00:00, 19.22it/s, loss=0.0019]
  Epoch 14/30:  86%|██████████████████████████████▏    | 50/58 [00:02<00:00, 19.22it/s, loss=0.0011]
  Epoch 14/30:  90%|███████████████████████████████▍   | 52/58 [00:02<00:00, 19.27it/s, loss=0.0011]
  Epoch 14/30:  90%|███████████████████████████████▍   | 52/58 [00:02<00:00, 19.27it/s, loss=0.0027]
  Epoch 14/30:  90%|███████████████████████████████▍   | 52/58 [00:03<00:00, 19.27it/s, loss=0.0022]
  Epoch 14/30:  93%|████████████████████████████████▌  | 54/58 [00:03<00:00, 18.64it/s, loss=0.0022]
  Epoch 14/30:  93%|████████████████████████████████▌  | 54/58 [00:03<00:00, 18.64it/s, loss=0.0011]
  Epoch 14/30:  93%|████████████████████████████████▌  | 54/58 [00:03<00:00, 18.64it/s, loss=0.0016]
  Epoch 14/30:  93%|████████████████████████████████▌  | 54/58 [00:03<00:00, 18.64it/s, loss=0.0021]
  Epoch 14/30:  98%|██████████████████████████████████▍| 57/58 [00:03<00:00, 19.50it/s, loss=0.0021]
  Epoch 14/30:  98%|██████████████████████████████████▍| 57/58 [00:03<00:00, 19.50it/s, loss=0.0013]
                                                                                                    

  Epoch 15/30:   0%|                                                         | 0/58 [00:00<?, ?it/s]
  Epoch 15/30:   0%|                                            | 0/58 [00:00<?, ?it/s, loss=0.0006]
  Epoch 15/30:   0%|                                            | 0/58 [00:00<?, ?it/s, loss=0.0016]
  Epoch 15/30:   3%|█▏                                  | 2/58 [00:00<00:03, 17.09it/s, loss=0.0016]
  Epoch 15/30:   3%|█▏                                  | 2/58 [00:00<00:03, 17.09it/s, loss=0.0020]
  Epoch 15/30:   3%|█▏                                  | 2/58 [00:00<00:03, 17.09it/s, loss=0.0011]
  Epoch 15/30:   7%|██▍                                 | 4/58 [00:00<00:03, 16.23it/s, loss=0.0011]
  Epoch 15/30:   7%|██▍                                 | 4/58 [00:00<00:03, 16.23it/s, loss=0.0030]
  Epoch 15/30:   7%|██▍                                 | 4/58 [00:00<00:03, 16.23it/s, loss=0.0015]
  Epoch 15/30:  10%|███▋                                | 6/58 [00:00<00:03, 16.42it/s, loss=0.0015]
  Epoch 15/30:  10%|███▋                                | 6/58 [00:00<00:03, 16.42it/s, loss=0.0019]
  Epoch 15/30:  10%|███▋                                | 6/58 [00:00<00:03, 16.42it/s, loss=0.0031]
  Epoch 15/30:  14%|████▉                               | 8/58 [00:00<00:02, 16.76it/s, loss=0.0031]
  Epoch 15/30:  14%|████▉                               | 8/58 [00:00<00:02, 16.76it/s, loss=0.0014]
  Epoch 15/30:  14%|████▉                               | 8/58 [00:00<00:02, 16.76it/s, loss=0.0010]
  Epoch 15/30:  17%|██████                             | 10/58 [00:00<00:02, 16.61it/s, loss=0.0010]
  Epoch 15/30:  17%|██████                             | 10/58 [00:00<00:02, 16.61it/s, loss=0.0017]
  Epoch 15/30:  17%|██████                             | 10/58 [00:00<00:02, 16.61it/s, loss=0.0022]
  Epoch 15/30:  21%|███████▏                           | 12/58 [00:00<00:02, 16.56it/s, loss=0.0022]
  Epoch 15/30:  21%|███████▏                           | 12/58 [00:00<00:02, 16.56it/s, loss=0.0019]
  Epoch 15/30:  21%|███████▏                           | 12/58 [00:00<00:02, 16.56it/s, loss=0.0019]
  Epoch 15/30:  21%|███████▏                           | 12/58 [00:00<00:02, 16.56it/s, loss=0.0031]
  Epoch 15/30:  26%|█████████                          | 15/58 [00:00<00:02, 17.08it/s, loss=0.0031]
  Epoch 15/30:  26%|█████████                          | 15/58 [00:00<00:02, 17.08it/s, loss=0.0023]
  Epoch 15/30:  26%|█████████                          | 15/58 [00:00<00:02, 17.08it/s, loss=0.0024]
  Epoch 15/30:  26%|█████████                          | 15/58 [00:01<00:02, 17.08it/s, loss=0.0012]
  Epoch 15/30:  31%|██████████▊                        | 18/58 [00:01<00:02, 17.91it/s, loss=0.0012]
  Epoch 15/30:  31%|██████████▊                        | 18/58 [00:01<00:02, 17.91it/s, loss=0.0010]
  Epoch 15/30:  31%|██████████▊                        | 18/58 [00:01<00:02, 17.91it/s, loss=0.0020]
  Epoch 15/30:  31%|██████████▊                        | 18/58 [00:01<00:02, 17.91it/s, loss=0.0013]
  Epoch 15/30:  36%|████████████▋                      | 21/58 [00:01<00:01, 19.33it/s, loss=0.0013]
  Epoch 15/30:  36%|████████████▋                      | 21/58 [00:01<00:01, 19.33it/s, loss=0.0018]
  Epoch 15/30:  36%|████████████▋                      | 21/58 [00:01<00:01, 19.33it/s, loss=0.0018]
  Epoch 15/30:  40%|█████████████▉                     | 23/58 [00:01<00:01, 19.49it/s, loss=0.0018]
  Epoch 15/30:  40%|█████████████▉                     | 23/58 [00:01<00:01, 19.49it/s, loss=0.0013]
  Epoch 15/30:  40%|█████████████▉                     | 23/58 [00:01<00:01, 19.49it/s, loss=0.0021]
  Epoch 15/30:  43%|███████████████                    | 25/58 [00:01<00:01, 18.40it/s, loss=0.0021]
  Epoch 15/30:  43%|███████████████                    | 25/58 [00:01<00:01, 18.40it/s, loss=0.0005]
  Epoch 15/30:  43%|███████████████                    | 25/58 [00:01<00:01, 18.40it/s, loss=0.0020]
  Epoch 15/30:  47%|████████████████▎                  | 27/58 [00:01<00:01, 18.37it/s, loss=0.0020]
  Epoch 15/30:  47%|████████████████▎                  | 27/58 [00:01<00:01, 18.37it/s, loss=0.0017]
  Epoch 15/30:  47%|████████████████▎                  | 27/58 [00:01<00:01, 18.37it/s, loss=0.0021]
  Epoch 15/30:  50%|█████████████████▌                 | 29/58 [00:01<00:01, 18.21it/s, loss=0.0021]
  Epoch 15/30:  50%|█████████████████▌                 | 29/58 [00:01<00:01, 18.21it/s, loss=0.0012]
  Epoch 15/30:  50%|█████████████████▌                 | 29/58 [00:01<00:01, 18.21it/s, loss=0.0012]
  Epoch 15/30:  53%|██████████████████▋                | 31/58 [00:01<00:01, 17.62it/s, loss=0.0012]
  Epoch 15/30:  53%|██████████████████▋                | 31/58 [00:01<00:01, 17.62it/s, loss=0.0015]
  Epoch 15/30:  53%|██████████████████▋                | 31/58 [00:01<00:01, 17.62it/s, loss=0.0018]
  Epoch 15/30:  57%|███████████████████▉               | 33/58 [00:01<00:01, 17.92it/s, loss=0.0018]
  Epoch 15/30:  57%|███████████████████▉               | 33/58 [00:01<00:01, 17.92it/s, loss=0.0033]
  Epoch 15/30:  57%|███████████████████▉               | 33/58 [00:01<00:01, 17.92it/s, loss=0.0012]
  Epoch 15/30:  60%|█████████████████████              | 35/58 [00:01<00:01, 17.87it/s, loss=0.0012]
  Epoch 15/30:  60%|█████████████████████              | 35/58 [00:02<00:01, 17.87it/s, loss=0.0017]
  Epoch 15/30:  60%|█████████████████████              | 35/58 [00:02<00:01, 17.87it/s, loss=0.0012]
  Epoch 15/30:  64%|██████████████████████▎            | 37/58 [00:02<00:01, 17.45it/s, loss=0.0012]
  Epoch 15/30:  64%|██████████████████████▎            | 37/58 [00:02<00:01, 17.45it/s, loss=0.0021]
  Epoch 15/30:  64%|██████████████████████▎            | 37/58 [00:02<00:01, 17.45it/s, loss=0.0022]
  Epoch 15/30:  67%|███████████████████████▌           | 39/58 [00:02<00:01, 17.19it/s, loss=0.0022]
  Epoch 15/30:  67%|███████████████████████▌           | 39/58 [00:02<00:01, 17.19it/s, loss=0.0020]
  Epoch 15/30:  67%|███████████████████████▌           | 39/58 [00:02<00:01, 17.19it/s, loss=0.0009]
  Epoch 15/30:  71%|████████████████████████▋          | 41/58 [00:02<00:00, 17.06it/s, loss=0.0009]
  Epoch 15/30:  71%|████████████████████████▋          | 41/58 [00:02<00:00, 17.06it/s, loss=0.0017]
  Epoch 15/30:  71%|████████████████████████▋          | 41/58 [00:02<00:00, 17.06it/s, loss=0.0017]
  Epoch 15/30:  74%|█████████████████████████▉         | 43/58 [00:02<00:00, 16.71it/s, loss=0.0017]
  Epoch 15/30:  74%|█████████████████████████▉         | 43/58 [00:02<00:00, 16.71it/s, loss=0.0009]
  Epoch 15/30:  74%|█████████████████████████▉         | 43/58 [00:02<00:00, 16.71it/s, loss=0.0015]
  Epoch 15/30:  78%|███████████████████████████▏       | 45/58 [00:02<00:00, 16.42it/s, loss=0.0015]
  Epoch 15/30:  78%|███████████████████████████▏       | 45/58 [00:02<00:00, 16.42it/s, loss=0.0024]
  Epoch 15/30:  78%|███████████████████████████▏       | 45/58 [00:02<00:00, 16.42it/s, loss=0.0019]
  Epoch 15/30:  81%|████████████████████████████▎      | 47/58 [00:02<00:00, 16.60it/s, loss=0.0019]
  Epoch 15/30:  81%|████████████████████████████▎      | 47/58 [00:02<00:00, 16.60it/s, loss=0.0012]
  Epoch 15/30:  81%|████████████████████████████▎      | 47/58 [00:02<00:00, 16.60it/s, loss=0.0009]
  Epoch 15/30:  84%|█████████████████████████████▌     | 49/58 [00:02<00:00, 17.46it/s, loss=0.0009]
  Epoch 15/30:  84%|█████████████████████████████▌     | 49/58 [00:02<00:00, 17.46it/s, loss=0.0014]
  Epoch 15/30:  84%|█████████████████████████████▌     | 49/58 [00:02<00:00, 17.46it/s, loss=0.0009]
  Epoch 15/30:  88%|██████████████████████████████▊    | 51/58 [00:02<00:00, 16.85it/s, loss=0.0009]
  Epoch 15/30:  88%|██████████████████████████████▊    | 51/58 [00:02<00:00, 16.85it/s, loss=0.0024]
  Epoch 15/30:  88%|██████████████████████████████▊    | 51/58 [00:03<00:00, 16.85it/s, loss=0.0021]
  Epoch 15/30:  91%|███████████████████████████████▉   | 53/58 [00:03<00:00, 16.82it/s, loss=0.0021]
  Epoch 15/30:  91%|███████████████████████████████▉   | 53/58 [00:03<00:00, 16.82it/s, loss=0.0037]
  Epoch 15/30:  91%|███████████████████████████████▉   | 53/58 [00:03<00:00, 16.82it/s, loss=0.0020]
  Epoch 15/30:  95%|█████████████████████████████████▏ | 55/58 [00:03<00:00, 17.37it/s, loss=0.0020]
  Epoch 15/30:  95%|█████████████████████████████████▏ | 55/58 [00:03<00:00, 17.37it/s, loss=0.0019]
  Epoch 15/30:  95%|█████████████████████████████████▏ | 55/58 [00:03<00:00, 17.37it/s, loss=0.0015]
  Epoch 15/30:  98%|██████████████████████████████████▍| 57/58 [00:03<00:00, 17.20it/s, loss=0.0015]
  Epoch 15/30:  98%|██████████████████████████████████▍| 57/58 [00:03<00:00, 17.20it/s, loss=0.0004]
                                                                                                    
  Epoch 15/30 │ Loss: 0.0017 │ T+1: 0.8644 │ T+2: 0.7446 │ T+3: 0.5903 ★ NEW BEST

  Epoch 16/30:   0%|                                                         | 0/58 [00:00<?, ?it/s]
  Epoch 16/30:   0%|                                            | 0/58 [00:00<?, ?it/s, loss=0.0011]
  Epoch 16/30:   0%|                                            | 0/58 [00:00<?, ?it/s, loss=0.0012]
  Epoch 16/30:   3%|█▏                                  | 2/58 [00:00<00:02, 18.71it/s, loss=0.0012]
  Epoch 16/30:   3%|█▏                                  | 2/58 [00:00<00:02, 18.71it/s, loss=0.0015]
  Epoch 16/30:   3%|█▏                                  | 2/58 [00:00<00:02, 18.71it/s, loss=0.0019]
  Epoch 16/30:   7%|██▍                                 | 4/58 [00:00<00:03, 17.58it/s, loss=0.0019]
  Epoch 16/30:   7%|██▍                                 | 4/58 [00:00<00:03, 17.58it/s, loss=0.0009]
  Epoch 16/30:   7%|██▍                                 | 4/58 [00:00<00:03, 17.58it/s, loss=0.0016]
  Epoch 16/30:  10%|███▋                                | 6/58 [00:00<00:02, 17.79it/s, loss=0.0016]
  Epoch 16/30:  10%|███▋                                | 6/58 [00:00<00:02, 17.79it/s, loss=0.0038]
  Epoch 16/30:  10%|███▋                                | 6/58 [00:00<00:02, 17.79it/s, loss=0.0027]
  Epoch 16/30:  14%|████▉                               | 8/58 [00:00<00:02, 17.82it/s, loss=0.0027]
  Epoch 16/30:  14%|████▉                               | 8/58 [00:00<00:02, 17.82it/s, loss=0.0006]
  Epoch 16/30:  14%|████▉                               | 8/58 [00:00<00:02, 17.82it/s, loss=0.0006]
  Epoch 16/30:  17%|██████                             | 10/58 [00:00<00:02, 17.13it/s, loss=0.0006]
  Epoch 16/30:  17%|██████                             | 10/58 [00:00<00:02, 17.13it/s, loss=0.0014]
  Epoch 16/30:  17%|██████                             | 10/58 [00:00<00:02, 17.13it/s, loss=0.0016]
  Epoch 16/30:  21%|███████▏                           | 12/58 [00:00<00:02, 17.44it/s, loss=0.0016]
  Epoch 16/30:  21%|███████▏                           | 12/58 [00:00<00:02, 17.44it/s, loss=0.0014]
  Epoch 16/30:  21%|███████▏                           | 12/58 [00:00<00:02, 17.44it/s, loss=0.0007]
  Epoch 16/30:  24%|████████▍                          | 14/58 [00:00<00:02, 17.31it/s, loss=0.0007]
  Epoch 16/30:  24%|████████▍                          | 14/58 [00:00<00:02, 17.31it/s, loss=0.0008]
  Epoch 16/30:  24%|████████▍                          | 14/58 [00:00<00:02, 17.31it/s, loss=0.0024]
  Epoch 16/30:  28%|█████████▋                         | 16/58 [00:00<00:02, 16.96it/s, loss=0.0024]
  Epoch 16/30:  28%|█████████▋                         | 16/58 [00:00<00:02, 16.96it/s, loss=0.0016]
  Epoch 16/30:  28%|█████████▋                         | 16/58 [00:01<00:02, 16.96it/s, loss=0.0007]
  Epoch 16/30:  31%|██████████▊                        | 18/58 [00:01<00:02, 17.23it/s, loss=0.0007]
  Epoch 16/30:  31%|██████████▊                        | 18/58 [00:01<00:02, 17.23it/s, loss=0.0038]
  Epoch 16/30:  31%|██████████▊                        | 18/58 [00:01<00:02, 17.23it/s, loss=0.0019]
  Epoch 16/30:  34%|████████████                       | 20/58 [00:01<00:02, 17.01it/s, loss=0.0019]
  Epoch 16/30:  34%|████████████                       | 20/58 [00:01<00:02, 17.01it/s, loss=0.0016]
  Epoch 16/30:  34%|████████████                       | 20/58 [00:01<00:02, 17.01it/s, loss=0.0018]
  Epoch 16/30:  38%|█████████████▎                     | 22/58 [00:01<00:02, 17.10it/s, loss=0.0018]
  Epoch 16/30:  38%|█████████████▎                     | 22/58 [00:01<00:02, 17.10it/s, loss=0.0036]
  Epoch 16/30:  38%|█████████████▎                     | 22/58 [00:01<00:02, 17.10it/s, loss=0.0022]
  Epoch 16/30:  41%|██████████████▍                    | 24/58 [00:01<00:02, 16.91it/s, loss=0.0022]
  Epoch 16/30:  41%|██████████████▍                    | 24/58 [00:01<00:02, 16.91it/s, loss=0.0015]
  Epoch 16/30:  41%|██████████████▍                    | 24/58 [00:01<00:02, 16.91it/s, loss=0.0022]
  Epoch 16/30:  45%|███████████████▋                   | 26/58 [00:01<00:01, 16.75it/s, loss=0.0022]
  Epoch 16/30:  45%|███████████████▋                   | 26/58 [00:01<00:01, 16.75it/s, loss=0.0012]
  Epoch 16/30:  45%|███████████████▋                   | 26/58 [00:01<00:01, 16.75it/s, loss=0.0014]
  Epoch 16/30:  48%|████████████████▉                  | 28/58 [00:01<00:01, 17.01it/s, loss=0.0014]
  Epoch 16/30:  48%|████████████████▉                  | 28/58 [00:01<00:01, 17.01it/s, loss=0.0016]
  Epoch 16/30:  48%|████████████████▉                  | 28/58 [00:01<00:01, 17.01it/s, loss=0.0018]
  Epoch 16/30:  52%|██████████████████                 | 30/58 [00:01<00:01, 16.62it/s, loss=0.0018]
  Epoch 16/30:  52%|██████████████████                 | 30/58 [00:01<00:01, 16.62it/s, loss=0.0013]
  Epoch 16/30:  52%|██████████████████                 | 30/58 [00:01<00:01, 16.62it/s, loss=0.0009]
  Epoch 16/30:  55%|███████████████████▎               | 32/58 [00:01<00:01, 17.06it/s, loss=0.0009]
  Epoch 16/30:  55%|███████████████████▎               | 32/58 [00:01<00:01, 17.06it/s, loss=0.0017]
  Epoch 16/30:  55%|███████████████████▎               | 32/58 [00:01<00:01, 17.06it/s, loss=0.0019]
  Epoch 16/30:  59%|████████████████████▌              | 34/58 [00:01<00:01, 17.33it/s, loss=0.0019]
  Epoch 16/30:  59%|████████████████████▌              | 34/58 [00:02<00:01, 17.33it/s, loss=0.0017]
  Epoch 16/30:  59%|████████████████████▌              | 34/58 [00:02<00:01, 17.33it/s, loss=0.0015]
  Epoch 16/30:  62%|█████████████████████▋             | 36/58 [00:02<00:01, 17.32it/s, loss=0.0015]
  Epoch 16/30:  62%|█████████████████████▋             | 36/58 [00:02<00:01, 17.32it/s, loss=0.0014]
  Epoch 16/30:  62%|█████████████████████▋             | 36/58 [00:02<00:01, 17.32it/s, loss=0.0012]
  Epoch 16/30:  66%|██████████████████████▉            | 38/58 [00:02<00:01, 17.24it/s, loss=0.0012]
  Epoch 16/30:  66%|██████████████████████▉            | 38/58 [00:02<00:01, 17.24it/s, loss=0.0014]
  Epoch 16/30:  66%|██████████████████████▉            | 38/58 [00:02<00:01, 17.24it/s, loss=0.0016]
  Epoch 16/30:  69%|████████████████████████▏          | 40/58 [00:02<00:01, 16.48it/s, loss=0.0016]
  Epoch 16/30:  69%|████████████████████████▏          | 40/58 [00:02<00:01, 16.48it/s, loss=0.0020]
  Epoch 16/30:  69%|████████████████████████▏          | 40/58 [00:02<00:01, 16.48it/s, loss=0.0028]
  Epoch 16/30:  72%|█████████████████████████▎         | 42/58 [00:02<00:00, 16.05it/s, loss=0.0028]
  Epoch 16/30:  72%|█████████████████████████▎         | 42/58 [00:02<00:00, 16.05it/s, loss=0.0025]
  Epoch 16/30:  72%|█████████████████████████▎         | 42/58 [00:02<00:00, 16.05it/s, loss=0.0013]
  Epoch 16/30:  76%|██████████████████████████▌        | 44/58 [00:02<00:00, 15.91it/s, loss=0.0013]
  Epoch 16/30:  76%|██████████████████████████▌        | 44/58 [00:02<00:00, 15.91it/s, loss=0.0017]
  Epoch 16/30:  76%|██████████████████████████▌        | 44/58 [00:02<00:00, 15.91it/s, loss=0.0034]
  Epoch 16/30:  79%|███████████████████████████▊       | 46/58 [00:02<00:00, 16.09it/s, loss=0.0034]
  Epoch 16/30:  79%|███████████████████████████▊       | 46/58 [00:02<00:00, 16.09it/s, loss=0.0011]
  Epoch 16/30:  79%|███████████████████████████▊       | 46/58 [00:02<00:00, 16.09it/s, loss=0.0014]
  Epoch 16/30:  83%|████████████████████████████▉      | 48/58 [00:02<00:00, 16.86it/s, loss=0.0014]
  Epoch 16/30:  83%|████████████████████████████▉      | 48/58 [00:02<00:00, 16.86it/s, loss=0.0015]
  Epoch 16/30:  83%|████████████████████████████▉      | 48/58 [00:02<00:00, 16.86it/s, loss=0.0025]
  Epoch 16/30:  86%|██████████████████████████████▏    | 50/58 [00:02<00:00, 16.72it/s, loss=0.0025]
  Epoch 16/30:  86%|██████████████████████████████▏    | 50/58 [00:03<00:00, 16.72it/s, loss=0.0032]
  Epoch 16/30:  86%|██████████████████████████████▏    | 50/58 [00:03<00:00, 16.72it/s, loss=0.0009]
  Epoch 16/30:  90%|███████████████████████████████▍   | 52/58 [00:03<00:00, 17.50it/s, loss=0.0009]
  Epoch 16/30:  90%|███████████████████████████████▍   | 52/58 [00:03<00:00, 17.50it/s, loss=0.0011]
  Epoch 16/30:  90%|███████████████████████████████▍   | 52/58 [00:03<00:00, 17.50it/s, loss=0.0016]
  Epoch 16/30:  93%|████████████████████████████████▌  | 54/58 [00:03<00:00, 17.14it/s, loss=0.0016]
  Epoch 16/30:  93%|████████████████████████████████▌  | 54/58 [00:03<00:00, 17.14it/s, loss=0.0021]
  Epoch 16/30:  93%|████████████████████████████████▌  | 54/58 [00:03<00:00, 17.14it/s, loss=0.0026]
  Epoch 16/30:  97%|█████████████████████████████████▊ | 56/58 [00:03<00:00, 17.37it/s, loss=0.0026]
  Epoch 16/30:  97%|█████████████████████████████████▊ | 56/58 [00:03<00:00, 17.37it/s, loss=0.0027]
  Epoch 16/30:  97%|█████████████████████████████████▊ | 56/58 [00:03<00:00, 17.37it/s, loss=0.0001]
                                                                                                    

  Epoch 17/30:   0%|                                                         | 0/58 [00:00<?, ?it/s]
  Epoch 17/30:   0%|                                            | 0/58 [00:00<?, ?it/s, loss=0.0019]
  Epoch 17/30:   0%|                                            | 0/58 [00:00<?, ?it/s, loss=0.0014]
  Epoch 17/30:   3%|█▏                                  | 2/58 [00:00<00:02, 19.72it/s, loss=0.0014]
  Epoch 17/30:   3%|█▏                                  | 2/58 [00:00<00:02, 19.72it/s, loss=0.0009]
  Epoch 17/30:   3%|█▏                                  | 2/58 [00:00<00:02, 19.72it/s, loss=0.0014]
  Epoch 17/30:   7%|██▍                                 | 4/58 [00:00<00:02, 19.57it/s, loss=0.0014]
  Epoch 17/30:   7%|██▍                                 | 4/58 [00:00<00:02, 19.57it/s, loss=0.0009]
  Epoch 17/30:   7%|██▍                                 | 4/58 [00:00<00:02, 19.57it/s, loss=0.0017]
  Epoch 17/30:  10%|███▋                                | 6/58 [00:00<00:02, 18.93it/s, loss=0.0017]
  Epoch 17/30:  10%|███▋                                | 6/58 [00:00<00:02, 18.93it/s, loss=0.0011]
  Epoch 17/30:  10%|███▋                                | 6/58 [00:00<00:02, 18.93it/s, loss=0.0020]
  Epoch 17/30:  14%|████▉                               | 8/58 [00:00<00:02, 19.01it/s, loss=0.0020]
  Epoch 17/30:  14%|████▉                               | 8/58 [00:00<00:02, 19.01it/s, loss=0.0025]
  Epoch 17/30:  14%|████▉                               | 8/58 [00:00<00:02, 19.01it/s, loss=0.0027]
  Epoch 17/30:  17%|██████                             | 10/58 [00:00<00:02, 18.52it/s, loss=0.0027]
  Epoch 17/30:  17%|██████                             | 10/58 [00:00<00:02, 18.52it/s, loss=0.0018]
  Epoch 17/30:  17%|██████                             | 10/58 [00:00<00:02, 18.52it/s, loss=0.0014]
  Epoch 17/30:  21%|███████▏                           | 12/58 [00:00<00:02, 17.92it/s, loss=0.0014]
  Epoch 17/30:  21%|███████▏                           | 12/58 [00:00<00:02, 17.92it/s, loss=0.0013]
  Epoch 17/30:  21%|███████▏                           | 12/58 [00:00<00:02, 17.92it/s, loss=0.0013]
  Epoch 17/30:  24%|████████▍                          | 14/58 [00:00<00:02, 17.17it/s, loss=0.0013]
  Epoch 17/30:  24%|████████▍                          | 14/58 [00:00<00:02, 17.17it/s, loss=0.0020]
  Epoch 17/30:  24%|████████▍                          | 14/58 [00:00<00:02, 17.17it/s, loss=0.0014]
  Epoch 17/30:  28%|█████████▋                         | 16/58 [00:00<00:02, 17.17it/s, loss=0.0014]
  Epoch 17/30:  28%|█████████▋                         | 16/58 [00:00<00:02, 17.17it/s, loss=0.0013]
  Epoch 17/30:  28%|█████████▋                         | 16/58 [00:01<00:02, 17.17it/s, loss=0.0015]
  Epoch 17/30:  31%|██████████▊                        | 18/58 [00:01<00:02, 16.88it/s, loss=0.0015]
  Epoch 17/30:  31%|██████████▊                        | 18/58 [00:01<00:02, 16.88it/s, loss=0.0025]
  Epoch 17/30:  31%|██████████▊                        | 18/58 [00:01<00:02, 16.88it/s, loss=0.0024]
  Epoch 17/30:  34%|████████████                       | 20/58 [00:01<00:02, 17.29it/s, loss=0.0024]
  Epoch 17/30:  34%|████████████                       | 20/58 [00:01<00:02, 17.29it/s, loss=0.0010]
  Epoch 17/30:  34%|████████████                       | 20/58 [00:01<00:02, 17.29it/s, loss=0.0021]
  Epoch 17/30:  38%|█████████████▎                     | 22/58 [00:01<00:02, 17.02it/s, loss=0.0021]
  Epoch 17/30:  38%|█████████████▎                     | 22/58 [00:01<00:02, 17.02it/s, loss=0.0022]
  Epoch 17/30:  38%|█████████████▎                     | 22/58 [00:01<00:02, 17.02it/s, loss=0.0027]
  Epoch 17/30:  41%|██████████████▍                    | 24/58 [00:01<00:01, 17.14it/s, loss=0.0027]
  Epoch 17/30:  41%|██████████████▍                    | 24/58 [00:01<00:01, 17.14it/s, loss=0.0012]
  Epoch 17/30:  41%|██████████████▍                    | 24/58 [00:01<00:01, 17.14it/s, loss=0.0009]
  Epoch 17/30:  45%|███████████████▋                   | 26/58 [00:01<00:01, 17.10it/s, loss=0.0009]
  Epoch 17/30:  45%|███████████████▋                   | 26/58 [00:01<00:01, 17.10it/s, loss=0.0023]
  Epoch 17/30:  45%|███████████████▋                   | 26/58 [00:01<00:01, 17.10it/s, loss=0.0007]
  Epoch 17/30:  48%|████████████████▉                  | 28/58 [00:01<00:01, 17.27it/s, loss=0.0007]
  Epoch 17/30:  48%|████████████████▉                  | 28/58 [00:01<00:01, 17.27it/s, loss=0.0020]
  Epoch 17/30:  48%|████████████████▉                  | 28/58 [00:01<00:01, 17.27it/s, loss=0.0023]
  Epoch 17/30:  52%|██████████████████                 | 30/58 [00:01<00:01, 16.97it/s, loss=0.0023]
  Epoch 17/30:  52%|██████████████████                 | 30/58 [00:01<00:01, 16.97it/s, loss=0.0015]
  Epoch 17/30:  52%|██████████████████                 | 30/58 [00:01<00:01, 16.97it/s, loss=0.0013]
  Epoch 17/30:  52%|██████████████████                 | 30/58 [00:01<00:01, 16.97it/s, loss=0.0019]
  Epoch 17/30:  57%|███████████████████▉               | 33/58 [00:01<00:01, 19.13it/s, loss=0.0019]
  Epoch 17/30:  57%|███████████████████▉               | 33/58 [00:01<00:01, 19.13it/s, loss=0.0017]
  Epoch 17/30:  57%|███████████████████▉               | 33/58 [00:01<00:01, 19.13it/s, loss=0.0014]
  Epoch 17/30:  57%|███████████████████▉               | 33/58 [00:01<00:01, 19.13it/s, loss=0.0012]
  Epoch 17/30:  62%|█████████████████████▋             | 36/58 [00:01<00:01, 21.76it/s, loss=0.0012]
  Epoch 17/30:  62%|█████████████████████▋             | 36/58 [00:01<00:01, 21.76it/s, loss=0.0016]
  Epoch 17/30:  62%|█████████████████████▋             | 36/58 [00:02<00:01, 21.76it/s, loss=0.0016]
  Epoch 17/30:  62%|█████████████████████▋             | 36/58 [00:02<00:01, 21.76it/s, loss=0.0006]
  Epoch 17/30:  67%|███████████████████████▌           | 39/58 [00:02<00:00, 23.23it/s, loss=0.0006]
  Epoch 17/30:  67%|███████████████████████▌           | 39/58 [00:02<00:00, 23.23it/s, loss=0.0029]
  Epoch 17/30:  67%|███████████████████████▌           | 39/58 [00:02<00:00, 23.23it/s, loss=0.0010]
  Epoch 17/30:  67%|███████████████████████▌           | 39/58 [00:02<00:00, 23.23it/s, loss=0.0025]
  Epoch 17/30:  72%|█████████████████████████▎         | 42/58 [00:02<00:00, 23.38it/s, loss=0.0025]
  Epoch 17/30:  72%|█████████████████████████▎         | 42/58 [00:02<00:00, 23.38it/s, loss=0.0016]
  Epoch 17/30:  72%|█████████████████████████▎         | 42/58 [00:02<00:00, 23.38it/s, loss=0.0019]
  Epoch 17/30:  72%|█████████████████████████▎         | 42/58 [00:02<00:00, 23.38it/s, loss=0.0011]
  Epoch 17/30:  78%|███████████████████████████▏       | 45/58 [00:02<00:00, 22.34it/s, loss=0.0011]
  Epoch 17/30:  78%|███████████████████████████▏       | 45/58 [00:02<00:00, 22.34it/s, loss=0.0040]
  Epoch 17/30:  78%|███████████████████████████▏       | 45/58 [00:02<00:00, 22.34it/s, loss=0.0015]
  Epoch 17/30:  78%|███████████████████████████▏       | 45/58 [00:02<00:00, 22.34it/s, loss=0.0014]
  Epoch 17/30:  83%|████████████████████████████▉      | 48/58 [00:02<00:00, 21.30it/s, loss=0.0014]
  Epoch 17/30:  83%|████████████████████████████▉      | 48/58 [00:02<00:00, 21.30it/s, loss=0.0024]
  Epoch 17/30:  83%|████████████████████████████▉      | 48/58 [00:02<00:00, 21.30it/s, loss=0.0015]
  Epoch 17/30:  83%|████████████████████████████▉      | 48/58 [00:02<00:00, 21.30it/s, loss=0.0018]
  Epoch 17/30:  88%|██████████████████████████████▊    | 51/58 [00:02<00:00, 20.74it/s, loss=0.0018]
  Epoch 17/30:  88%|██████████████████████████████▊    | 51/58 [00:02<00:00, 20.74it/s, loss=0.0017]
  Epoch 17/30:  88%|██████████████████████████████▊    | 51/58 [00:02<00:00, 20.74it/s, loss=0.0010]
  Epoch 17/30:  88%|██████████████████████████████▊    | 51/58 [00:02<00:00, 20.74it/s, loss=0.0036]
  Epoch 17/30:  93%|████████████████████████████████▌  | 54/58 [00:02<00:00, 20.32it/s, loss=0.0036]
  Epoch 17/30:  93%|████████████████████████████████▌  | 54/58 [00:02<00:00, 20.32it/s, loss=0.0016]
  Epoch 17/30:  93%|████████████████████████████████▌  | 54/58 [00:02<00:00, 20.32it/s, loss=0.0023]
  Epoch 17/30:  93%|████████████████████████████████▌  | 54/58 [00:02<00:00, 20.32it/s, loss=0.0026]
  Epoch 17/30:  98%|██████████████████████████████████▍| 57/58 [00:02<00:00, 21.62it/s, loss=0.0026]
  Epoch 17/30:  98%|██████████████████████████████████▍| 57/58 [00:02<00:00, 21.62it/s, loss=0.0001]
                                                                                                    

  Epoch 18/30:   0%|                                                         | 0/58 [00:00<?, ?it/s]
  Epoch 18/30:   0%|                                            | 0/58 [00:00<?, ?it/s, loss=0.0007]
  Epoch 18/30:   0%|                                            | 0/58 [00:00<?, ?it/s, loss=0.0018]
  Epoch 18/30:   0%|                                            | 0/58 [00:00<?, ?it/s, loss=0.0020]
  Epoch 18/30:   5%|█▊                                  | 3/58 [00:00<00:02, 27.43it/s, loss=0.0020]
  Epoch 18/30:   5%|█▊                                  | 3/58 [00:00<00:02, 27.43it/s, loss=0.0020]
  Epoch 18/30:   5%|█▊                                  | 3/58 [00:00<00:02, 27.43it/s, loss=0.0013]
  Epoch 18/30:   5%|█▊                                  | 3/58 [00:00<00:02, 27.43it/s, loss=0.0021]
  Epoch 18/30:  10%|███▋                                | 6/58 [00:00<00:01, 27.97it/s, loss=0.0021]
  Epoch 18/30:  10%|███▋                                | 6/58 [00:00<00:01, 27.97it/s, loss=0.0012]
  Epoch 18/30:  10%|███▋                                | 6/58 [00:00<00:01, 27.97it/s, loss=0.0013]
  Epoch 18/30:  10%|███▋                                | 6/58 [00:00<00:01, 27.97it/s, loss=0.0019]
  Epoch 18/30:  16%|█████▌                              | 9/58 [00:00<00:01, 27.53it/s, loss=0.0019]
  Epoch 18/30:  16%|█████▌                              | 9/58 [00:00<00:01, 27.53it/s, loss=0.0019]
  Epoch 18/30:  16%|█████▌                              | 9/58 [00:00<00:01, 27.53it/s, loss=0.0009]
  Epoch 18/30:  16%|█████▌                              | 9/58 [00:00<00:01, 27.53it/s, loss=0.0030]
  Epoch 18/30:  21%|███████▏                           | 12/58 [00:00<00:01, 25.89it/s, loss=0.0030]
  Epoch 18/30:  21%|███████▏                           | 12/58 [00:00<00:01, 25.89it/s, loss=0.0025]
  Epoch 18/30:  21%|███████▏                           | 12/58 [00:00<00:01, 25.89it/s, loss=0.0026]
  Epoch 18/30:  21%|███████▏                           | 12/58 [00:00<00:01, 25.89it/s, loss=0.0010]
  Epoch 18/30:  26%|█████████                          | 15/58 [00:00<00:01, 26.61it/s, loss=0.0010]
  Epoch 18/30:  26%|█████████                          | 15/58 [00:00<00:01, 26.61it/s, loss=0.0017]
  Epoch 18/30:  26%|█████████                          | 15/58 [00:00<00:01, 26.61it/s, loss=0.0013]
  Epoch 18/30:  26%|█████████                          | 15/58 [00:00<00:01, 26.61it/s, loss=0.0024]
  Epoch 18/30:  31%|██████████▊                        | 18/58 [00:00<00:01, 27.46it/s, loss=0.0024]
  Epoch 18/30:  31%|██████████▊                        | 18/58 [00:00<00:01, 27.46it/s, loss=0.0019]
  Epoch 18/30:  31%|██████████▊                        | 18/58 [00:00<00:01, 27.46it/s, loss=0.0023]
  Epoch 18/30:  31%|██████████▊                        | 18/58 [00:00<00:01, 27.46it/s, loss=0.0029]
  Epoch 18/30:  36%|████████████▋                      | 21/58 [00:00<00:01, 23.13it/s, loss=0.0029]
  Epoch 18/30:  36%|████████████▋                      | 21/58 [00:00<00:01, 23.13it/s, loss=0.0010]
  Epoch 18/30:  36%|████████████▋                      | 21/58 [00:00<00:01, 23.13it/s, loss=0.0011]
  Epoch 18/30:  36%|████████████▋                      | 21/58 [00:01<00:01, 23.13it/s, loss=0.0023]
  Epoch 18/30:  41%|██████████████▍                    | 24/58 [00:01<00:01, 20.60it/s, loss=0.0023]
  Epoch 18/30:  41%|██████████████▍                    | 24/58 [00:01<00:01, 20.60it/s, loss=0.0018]
  Epoch 18/30:  41%|██████████████▍                    | 24/58 [00:01<00:01, 20.60it/s, loss=0.0019]
  Epoch 18/30:  41%|██████████████▍                    | 24/58 [00:01<00:01, 20.60it/s, loss=0.0015]
  Epoch 18/30:  47%|████████████████▎                  | 27/58 [00:01<00:01, 20.45it/s, loss=0.0015]
  Epoch 18/30:  47%|████████████████▎                  | 27/58 [00:01<00:01, 20.45it/s, loss=0.0017]
  Epoch 18/30:  47%|████████████████▎                  | 27/58 [00:01<00:01, 20.45it/s, loss=0.0016]
  Epoch 18/30:  47%|████████████████▎                  | 27/58 [00:01<00:01, 20.45it/s, loss=0.0016]
  Epoch 18/30:  52%|██████████████████                 | 30/58 [00:01<00:01, 20.35it/s, loss=0.0016]
  Epoch 18/30:  52%|██████████████████                 | 30/58 [00:01<00:01, 20.35it/s, loss=0.0017]
  Epoch 18/30:  52%|██████████████████                 | 30/58 [00:01<00:01, 20.35it/s, loss=0.0022]
  Epoch 18/30:  52%|██████████████████                 | 30/58 [00:01<00:01, 20.35it/s, loss=0.0016]
  Epoch 18/30:  57%|███████████████████▉               | 33/58 [00:01<00:01, 19.95it/s, loss=0.0016]
  Epoch 18/30:  57%|███████████████████▉               | 33/58 [00:01<00:01, 19.95it/s, loss=0.0013]
  Epoch 18/30:  57%|███████████████████▉               | 33/58 [00:01<00:01, 19.95it/s, loss=0.0007]
  Epoch 18/30:  57%|███████████████████▉               | 33/58 [00:01<00:01, 19.95it/s, loss=0.0012]
  Epoch 18/30:  62%|█████████████████████▋             | 36/58 [00:01<00:01, 21.10it/s, loss=0.0012]
  Epoch 18/30:  62%|█████████████████████▋             | 36/58 [00:01<00:01, 21.10it/s, loss=0.0034]
  Epoch 18/30:  62%|█████████████████████▋             | 36/58 [00:01<00:01, 21.10it/s, loss=0.0017]
  Epoch 18/30:  62%|█████████████████████▋             | 36/58 [00:01<00:01, 21.10it/s, loss=0.0013]
  Epoch 18/30:  67%|███████████████████████▌           | 39/58 [00:01<00:00, 21.98it/s, loss=0.0013]
  Epoch 18/30:  67%|███████████████████████▌           | 39/58 [00:01<00:00, 21.98it/s, loss=0.0017]
  Epoch 18/30:  67%|███████████████████████▌           | 39/58 [00:01<00:00, 21.98it/s, loss=0.0028]
  Epoch 18/30:  67%|███████████████████████▌           | 39/58 [00:01<00:00, 21.98it/s, loss=0.0019]
  Epoch 18/30:  72%|█████████████████████████▎         | 42/58 [00:01<00:00, 22.78it/s, loss=0.0019]
  Epoch 18/30:  72%|█████████████████████████▎         | 42/58 [00:01<00:00, 22.78it/s, loss=0.0013]
  Epoch 18/30:  72%|█████████████████████████▎         | 42/58 [00:01<00:00, 22.78it/s, loss=0.0016]
  Epoch 18/30:  72%|█████████████████████████▎         | 42/58 [00:01<00:00, 22.78it/s, loss=0.0021]
  Epoch 18/30:  78%|███████████████████████████▏       | 45/58 [00:01<00:00, 21.55it/s, loss=0.0021]
  Epoch 18/30:  78%|███████████████████████████▏       | 45/58 [00:02<00:00, 21.55it/s, loss=0.0022]
  Epoch 18/30:  78%|███████████████████████████▏       | 45/58 [00:02<00:00, 21.55it/s, loss=0.0015]
  Epoch 18/30:  78%|███████████████████████████▏       | 45/58 [00:02<00:00, 21.55it/s, loss=0.0008]
  Epoch 18/30:  83%|████████████████████████████▉      | 48/58 [00:02<00:00, 20.94it/s, loss=0.0008]
  Epoch 18/30:  83%|████████████████████████████▉      | 48/58 [00:02<00:00, 20.94it/s, loss=0.0010]
  Epoch 18/30:  83%|████████████████████████████▉      | 48/58 [00:02<00:00, 20.94it/s, loss=0.0012]
  Epoch 18/30:  83%|████████████████████████████▉      | 48/58 [00:02<00:00, 20.94it/s, loss=0.0023]
  Epoch 18/30:  88%|██████████████████████████████▊    | 51/58 [00:02<00:00, 20.19it/s, loss=0.0023]
  Epoch 18/30:  88%|██████████████████████████████▊    | 51/58 [00:02<00:00, 20.19it/s, loss=0.0015]
  Epoch 18/30:  88%|██████████████████████████████▊    | 51/58 [00:02<00:00, 20.19it/s, loss=0.0016]
  Epoch 18/30:  88%|██████████████████████████████▊    | 51/58 [00:02<00:00, 20.19it/s, loss=0.0014]
  Epoch 18/30:  93%|████████████████████████████████▌  | 54/58 [00:02<00:00, 19.76it/s, loss=0.0014]
  Epoch 18/30:  93%|████████████████████████████████▌  | 54/58 [00:02<00:00, 19.76it/s, loss=0.0013]
  Epoch 18/30:  93%|████████████████████████████████▌  | 54/58 [00:02<00:00, 19.76it/s, loss=0.0022]
  Epoch 18/30:  97%|█████████████████████████████████▊ | 56/58 [00:02<00:00, 19.74it/s, loss=0.0022]
  Epoch 18/30:  97%|█████████████████████████████████▊ | 56/58 [00:02<00:00, 19.74it/s, loss=0.0011]
  Epoch 18/30:  97%|█████████████████████████████████▊ | 56/58 [00:02<00:00, 19.74it/s, loss=0.0011]
                                                                                                    

  Epoch 19/30:   0%|                                                         | 0/58 [00:00<?, ?it/s]
  Epoch 19/30:   0%|                                            | 0/58 [00:00<?, ?it/s, loss=0.0033]
  Epoch 19/30:   0%|                                            | 0/58 [00:00<?, ?it/s, loss=0.0006]
  Epoch 19/30:   0%|                                            | 0/58 [00:00<?, ?it/s, loss=0.0014]
  Epoch 19/30:   5%|█▊                                  | 3/58 [00:00<00:01, 28.07it/s, loss=0.0014]
  Epoch 19/30:   5%|█▊                                  | 3/58 [00:00<00:01, 28.07it/s, loss=0.0023]
  Epoch 19/30:   5%|█▊                                  | 3/58 [00:00<00:01, 28.07it/s, loss=0.0018]
  Epoch 19/30:   5%|█▊                                  | 3/58 [00:00<00:01, 28.07it/s, loss=0.0012]
  Epoch 19/30:  10%|███▋                                | 6/58 [00:00<00:02, 25.69it/s, loss=0.0012]
  Epoch 19/30:  10%|███▋                                | 6/58 [00:00<00:02, 25.69it/s, loss=0.0023]
  Epoch 19/30:  10%|███▋                                | 6/58 [00:00<00:02, 25.69it/s, loss=0.0011]
  Epoch 19/30:  10%|███▋                                | 6/58 [00:00<00:02, 25.69it/s, loss=0.0014]
  Epoch 19/30:  16%|█████▌                              | 9/58 [00:00<00:01, 26.52it/s, loss=0.0014]
  Epoch 19/30:  16%|█████▌                              | 9/58 [00:00<00:01, 26.52it/s, loss=0.0020]
  Epoch 19/30:  16%|█████▌                              | 9/58 [00:00<00:01, 26.52it/s, loss=0.0017]
  Epoch 19/30:  16%|█████▌                              | 9/58 [00:00<00:01, 26.52it/s, loss=0.0021]
  Epoch 19/30:  21%|███████▏                           | 12/58 [00:00<00:01, 25.25it/s, loss=0.0021]
  Epoch 19/30:  21%|███████▏                           | 12/58 [00:00<00:01, 25.25it/s, loss=0.0008]
  Epoch 19/30:  21%|███████▏                           | 12/58 [00:00<00:01, 25.25it/s, loss=0.0021]
  Epoch 19/30:  21%|███████▏                           | 12/58 [00:00<00:01, 25.25it/s, loss=0.0008]
  Epoch 19/30:  26%|█████████                          | 15/58 [00:00<00:01, 24.97it/s, loss=0.0008]
  Epoch 19/30:  26%|█████████                          | 15/58 [00:00<00:01, 24.97it/s, loss=0.0018]
  Epoch 19/30:  26%|█████████                          | 15/58 [00:00<00:01, 24.97it/s, loss=0.0017]
  Epoch 19/30:  26%|█████████                          | 15/58 [00:00<00:01, 24.97it/s, loss=0.0024]
  Epoch 19/30:  31%|██████████▊                        | 18/58 [00:00<00:01, 23.02it/s, loss=0.0024]
  Epoch 19/30:  31%|██████████▊                        | 18/58 [00:00<00:01, 23.02it/s, loss=0.0021]
  Epoch 19/30:  31%|██████████▊                        | 18/58 [00:00<00:01, 23.02it/s, loss=0.0018]
  Epoch 19/30:  31%|██████████▊                        | 18/58 [00:00<00:01, 23.02it/s, loss=0.0009]
  Epoch 19/30:  36%|████████████▋                      | 21/58 [00:00<00:01, 20.72it/s, loss=0.0009]
  Epoch 19/30:  36%|████████████▋                      | 21/58 [00:00<00:01, 20.72it/s, loss=0.0028]
  Epoch 19/30:  36%|████████████▋                      | 21/58 [00:01<00:01, 20.72it/s, loss=0.0009]
  Epoch 19/30:  36%|████████████▋                      | 21/58 [00:01<00:01, 20.72it/s, loss=0.0019]
  Epoch 19/30:  41%|██████████████▍                    | 24/58 [00:01<00:01, 19.05it/s, loss=0.0019]
  Epoch 19/30:  41%|██████████████▍                    | 24/58 [00:01<00:01, 19.05it/s, loss=0.0018]
  Epoch 19/30:  41%|██████████████▍                    | 24/58 [00:01<00:01, 19.05it/s, loss=0.0021]
  Epoch 19/30:  45%|███████████████▋                   | 26/58 [00:01<00:01, 18.76it/s, loss=0.0021]
  Epoch 19/30:  45%|███████████████▋                   | 26/58 [00:01<00:01, 18.76it/s, loss=0.0009]
  Epoch 19/30:  45%|███████████████▋                   | 26/58 [00:01<00:01, 18.76it/s, loss=0.0038]
  Epoch 19/30:  48%|████████████████▉                  | 28/58 [00:01<00:01, 18.19it/s, loss=0.0038]
  Epoch 19/30:  48%|████████████████▉                  | 28/58 [00:01<00:01, 18.19it/s, loss=0.0013]
  Epoch 19/30:  48%|████████████████▉                  | 28/58 [00:01<00:01, 18.19it/s, loss=0.0014]
  Epoch 19/30:  52%|██████████████████                 | 30/58 [00:01<00:01, 17.33it/s, loss=0.0014]
  Epoch 19/30:  52%|██████████████████                 | 30/58 [00:01<00:01, 17.33it/s, loss=0.0013]
  Epoch 19/30:  52%|██████████████████                 | 30/58 [00:01<00:01, 17.33it/s, loss=0.0014]
  Epoch 19/30:  55%|███████████████████▎               | 32/58 [00:01<00:01, 16.82it/s, loss=0.0014]
  Epoch 19/30:  55%|███████████████████▎               | 32/58 [00:01<00:01, 16.82it/s, loss=0.0016]
  Epoch 19/30:  55%|███████████████████▎               | 32/58 [00:01<00:01, 16.82it/s, loss=0.0024]
  Epoch 19/30:  59%|████████████████████▌              | 34/58 [00:01<00:01, 17.42it/s, loss=0.0024]
  Epoch 19/30:  59%|████████████████████▌              | 34/58 [00:01<00:01, 17.42it/s, loss=0.0023]
  Epoch 19/30:  59%|████████████████████▌              | 34/58 [00:01<00:01, 17.42it/s, loss=0.0020]
  Epoch 19/30:  59%|████████████████████▌              | 34/58 [00:01<00:01, 17.42it/s, loss=0.0010]
  Epoch 19/30:  64%|██████████████████████▎            | 37/58 [00:01<00:01, 17.89it/s, loss=0.0010]
  Epoch 19/30:  64%|██████████████████████▎            | 37/58 [00:01<00:01, 17.89it/s, loss=0.0016]
  Epoch 19/30:  64%|██████████████████████▎            | 37/58 [00:01<00:01, 17.89it/s, loss=0.0015]
  Epoch 19/30:  64%|██████████████████████▎            | 37/58 [00:01<00:01, 17.89it/s, loss=0.0024]
  Epoch 19/30:  69%|████████████████████████▏          | 40/58 [00:01<00:00, 19.17it/s, loss=0.0024]
  Epoch 19/30:  69%|████████████████████████▏          | 40/58 [00:02<00:00, 19.17it/s, loss=0.0016]
  Epoch 19/30:  69%|████████████████████████▏          | 40/58 [00:02<00:00, 19.17it/s, loss=0.0030]
  Epoch 19/30:  69%|████████████████████████▏          | 40/58 [00:02<00:00, 19.17it/s, loss=0.0012]
  Epoch 19/30:  74%|█████████████████████████▉         | 43/58 [00:02<00:00, 19.53it/s, loss=0.0012]
  Epoch 19/30:  74%|█████████████████████████▉         | 43/58 [00:02<00:00, 19.53it/s, loss=0.0013]
  Epoch 19/30:  74%|█████████████████████████▉         | 43/58 [00:02<00:00, 19.53it/s, loss=0.0013]
  Epoch 19/30:  78%|███████████████████████████▏       | 45/58 [00:02<00:00, 18.80it/s, loss=0.0013]
  Epoch 19/30:  78%|███████████████████████████▏       | 45/58 [00:02<00:00, 18.80it/s, loss=0.0027]
  Epoch 19/30:  78%|███████████████████████████▏       | 45/58 [00:02<00:00, 18.80it/s, loss=0.0018]
  Epoch 19/30:  81%|████████████████████████████▎      | 47/58 [00:02<00:00, 18.19it/s, loss=0.0018]
  Epoch 19/30:  81%|████████████████████████████▎      | 47/58 [00:02<00:00, 18.19it/s, loss=0.0026]
  Epoch 19/30:  81%|████████████████████████████▎      | 47/58 [00:02<00:00, 18.19it/s, loss=0.0014]
  Epoch 19/30:  84%|█████████████████████████████▌     | 49/58 [00:02<00:00, 18.20it/s, loss=0.0014]
  Epoch 19/30:  84%|█████████████████████████████▌     | 49/58 [00:02<00:00, 18.20it/s, loss=0.0012]
  Epoch 19/30:  84%|█████████████████████████████▌     | 49/58 [00:02<00:00, 18.20it/s, loss=0.0008]
  Epoch 19/30:  88%|██████████████████████████████▊    | 51/58 [00:02<00:00, 17.67it/s, loss=0.0008]
  Epoch 19/30:  88%|██████████████████████████████▊    | 51/58 [00:02<00:00, 17.67it/s, loss=0.0017]
  Epoch 19/30:  88%|██████████████████████████████▊    | 51/58 [00:02<00:00, 17.67it/s, loss=0.0018]
  Epoch 19/30:  91%|███████████████████████████████▉   | 53/58 [00:02<00:00, 17.80it/s, loss=0.0018]
  Epoch 19/30:  91%|███████████████████████████████▉   | 53/58 [00:02<00:00, 17.80it/s, loss=0.0016]
  Epoch 19/30:  91%|███████████████████████████████▉   | 53/58 [00:02<00:00, 17.80it/s, loss=0.0019]
  Epoch 19/30:  95%|█████████████████████████████████▏ | 55/58 [00:02<00:00, 17.22it/s, loss=0.0019]
  Epoch 19/30:  95%|█████████████████████████████████▏ | 55/58 [00:02<00:00, 17.22it/s, loss=0.0014]
  Epoch 19/30:  95%|█████████████████████████████████▏ | 55/58 [00:02<00:00, 17.22it/s, loss=0.0015]
  Epoch 19/30:  98%|██████████████████████████████████▍| 57/58 [00:02<00:00, 17.43it/s, loss=0.0015]
  Epoch 19/30:  98%|██████████████████████████████████▍| 57/58 [00:02<00:00, 17.43it/s, loss=0.0003]
                                                                                                    

  Epoch 20/30:   0%|                                                         | 0/58 [00:00<?, ?it/s]
  Epoch 20/30:   0%|                                            | 0/58 [00:00<?, ?it/s, loss=0.0013]
  Epoch 20/30:   0%|                                            | 0/58 [00:00<?, ?it/s, loss=0.0011]
  Epoch 20/30:   3%|█▏                                  | 2/58 [00:00<00:03, 17.66it/s, loss=0.0011]
  Epoch 20/30:   3%|█▏                                  | 2/58 [00:00<00:03, 17.66it/s, loss=0.0006]
  Epoch 20/30:   3%|█▏                                  | 2/58 [00:00<00:03, 17.66it/s, loss=0.0008]
  Epoch 20/30:   7%|██▍                                 | 4/58 [00:00<00:03, 17.14it/s, loss=0.0008]
  Epoch 20/30:   7%|██▍                                 | 4/58 [00:00<00:03, 17.14it/s, loss=0.0012]
  Epoch 20/30:   7%|██▍                                 | 4/58 [00:00<00:03, 17.14it/s, loss=0.0022]
  Epoch 20/30:  10%|███▋                                | 6/58 [00:00<00:02, 17.38it/s, loss=0.0022]
  Epoch 20/30:  10%|███▋                                | 6/58 [00:00<00:02, 17.38it/s, loss=0.0010]
  Epoch 20/30:  10%|███▋                                | 6/58 [00:00<00:02, 17.38it/s, loss=0.0031]
  Epoch 20/30:  14%|████▉                               | 8/58 [00:00<00:02, 16.97it/s, loss=0.0031]
  Epoch 20/30:  14%|████▉                               | 8/58 [00:00<00:02, 16.97it/s, loss=0.0014]
  Epoch 20/30:  14%|████▉                               | 8/58 [00:00<00:02, 16.97it/s, loss=0.0034]
  Epoch 20/30:  17%|██████                             | 10/58 [00:00<00:02, 17.23it/s, loss=0.0034]
  Epoch 20/30:  17%|██████                             | 10/58 [00:00<00:02, 17.23it/s, loss=0.0018]
  Epoch 20/30:  17%|██████                             | 10/58 [00:00<00:02, 17.23it/s, loss=0.0023]
  Epoch 20/30:  17%|██████                             | 10/58 [00:00<00:02, 17.23it/s, loss=0.0023]
  Epoch 20/30:  22%|███████▊                           | 13/58 [00:00<00:02, 18.81it/s, loss=0.0023]
  Epoch 20/30:  22%|███████▊                           | 13/58 [00:00<00:02, 18.81it/s, loss=0.0018]
  Epoch 20/30:  22%|███████▊                           | 13/58 [00:00<00:02, 18.81it/s, loss=0.0028]
  Epoch 20/30:  22%|███████▊                           | 13/58 [00:00<00:02, 18.81it/s, loss=0.0013]
  Epoch 20/30:  28%|█████████▋                         | 16/58 [00:00<00:02, 19.87it/s, loss=0.0013]
  Epoch 20/30:  28%|█████████▋                         | 16/58 [00:00<00:02, 19.87it/s, loss=0.0019]
  Epoch 20/30:  28%|█████████▋                         | 16/58 [00:00<00:02, 19.87it/s, loss=0.0013]
  Epoch 20/30:  28%|█████████▋                         | 16/58 [00:00<00:02, 19.87it/s, loss=0.0010]
  Epoch 20/30:  33%|███████████▍                       | 19/58 [00:00<00:01, 21.94it/s, loss=0.0010]
  Epoch 20/30:  33%|███████████▍                       | 19/58 [00:01<00:01, 21.94it/s, loss=0.0013]
  Epoch 20/30:  33%|███████████▍                       | 19/58 [00:01<00:01, 21.94it/s, loss=0.0022]
  Epoch 20/30:  33%|███████████▍                       | 19/58 [00:01<00:01, 21.94it/s, loss=0.0035]
  Epoch 20/30:  38%|█████████████▎                     | 22/58 [00:01<00:01, 23.81it/s, loss=0.0035]
  Epoch 20/30:  38%|█████████████▎                     | 22/58 [00:01<00:01, 23.81it/s, loss=0.0010]
  Epoch 20/30:  38%|█████████████▎                     | 22/58 [00:01<00:01, 23.81it/s, loss=0.0022]
  Epoch 20/30:  38%|█████████████▎                     | 22/58 [00:01<00:01, 23.81it/s, loss=0.0022]
  Epoch 20/30:  43%|███████████████                    | 25/58 [00:01<00:01, 25.32it/s, loss=0.0022]
  Epoch 20/30:  43%|███████████████                    | 25/58 [00:01<00:01, 25.32it/s, loss=0.0015]
  Epoch 20/30:  43%|███████████████                    | 25/58 [00:01<00:01, 25.32it/s, loss=0.0028]
  Epoch 20/30:  43%|███████████████                    | 25/58 [00:01<00:01, 25.32it/s, loss=0.0020]
  Epoch 20/30:  48%|████████████████▉                  | 28/58 [00:01<00:01, 25.50it/s, loss=0.0020]
  Epoch 20/30:  48%|████████████████▉                  | 28/58 [00:01<00:01, 25.50it/s, loss=0.0012]
  Epoch 20/30:  48%|████████████████▉                  | 28/58 [00:01<00:01, 25.50it/s, loss=0.0021]
  Epoch 20/30:  48%|████████████████▉                  | 28/58 [00:01<00:01, 25.50it/s, loss=0.0010]
  Epoch 20/30:  53%|██████████████████▋                | 31/58 [00:01<00:01, 26.52it/s, loss=0.0010]
  Epoch 20/30:  53%|██████████████████▋                | 31/58 [00:01<00:01, 26.52it/s, loss=0.0015]
  Epoch 20/30:  53%|██████████████████▋                | 31/58 [00:01<00:01, 26.52it/s, loss=0.0020]
  Epoch 20/30:  53%|██████████████████▋                | 31/58 [00:01<00:01, 26.52it/s, loss=0.0031]
  Epoch 20/30:  59%|████████████████████▌              | 34/58 [00:01<00:00, 26.66it/s, loss=0.0031]
  Epoch 20/30:  59%|████████████████████▌              | 34/58 [00:01<00:00, 26.66it/s, loss=0.0021]
  Epoch 20/30:  59%|████████████████████▌              | 34/58 [00:01<00:00, 26.66it/s, loss=0.0017]
  Epoch 20/30:  59%|████████████████████▌              | 34/58 [00:01<00:00, 26.66it/s, loss=0.0017]
  Epoch 20/30:  64%|██████████████████████▎            | 37/58 [00:01<00:01, 20.70it/s, loss=0.0017]
  Epoch 20/30:  64%|██████████████████████▎            | 37/58 [00:01<00:01, 20.70it/s, loss=0.0016]
  Epoch 20/30:  64%|██████████████████████▎            | 37/58 [00:01<00:01, 20.70it/s, loss=0.0009]
  Epoch 20/30:  64%|██████████████████████▎            | 37/58 [00:01<00:01, 20.70it/s, loss=0.0013]
  Epoch 20/30:  69%|████████████████████████▏          | 40/58 [00:01<00:00, 22.72it/s, loss=0.0013]
  Epoch 20/30:  69%|████████████████████████▏          | 40/58 [00:01<00:00, 22.72it/s, loss=0.0014]
  Epoch 20/30:  69%|████████████████████████▏          | 40/58 [00:01<00:00, 22.72it/s, loss=0.0010]
  Epoch 20/30:  69%|████████████████████████▏          | 40/58 [00:01<00:00, 22.72it/s, loss=0.0007]
  Epoch 20/30:  74%|█████████████████████████▉         | 43/58 [00:01<00:00, 22.12it/s, loss=0.0007]
  Epoch 20/30:  74%|█████████████████████████▉         | 43/58 [00:02<00:00, 22.12it/s, loss=0.0015]
  Epoch 20/30:  74%|█████████████████████████▉         | 43/58 [00:02<00:00, 22.12it/s, loss=0.0020]
  Epoch 20/30:  74%|█████████████████████████▉         | 43/58 [00:02<00:00, 22.12it/s, loss=0.0024]
  Epoch 20/30:  79%|███████████████████████████▊       | 46/58 [00:02<00:00, 22.45it/s, loss=0.0024]
  Epoch 20/30:  79%|███████████████████████████▊       | 46/58 [00:02<00:00, 22.45it/s, loss=0.0009]
  Epoch 20/30:  79%|███████████████████████████▊       | 46/58 [00:02<00:00, 22.45it/s, loss=0.0008]
  Epoch 20/30:  79%|███████████████████████████▊       | 46/58 [00:02<00:00, 22.45it/s, loss=0.0007]
  Epoch 20/30:  84%|█████████████████████████████▌     | 49/58 [00:02<00:00, 22.66it/s, loss=0.0007]
  Epoch 20/30:  84%|█████████████████████████████▌     | 49/58 [00:02<00:00, 22.66it/s, loss=0.0016]
  Epoch 20/30:  84%|█████████████████████████████▌     | 49/58 [00:02<00:00, 22.66it/s, loss=0.0013]
  Epoch 20/30:  84%|█████████████████████████████▌     | 49/58 [00:02<00:00, 22.66it/s, loss=0.0018]
  Epoch 20/30:  90%|███████████████████████████████▍   | 52/58 [00:02<00:00, 21.71it/s, loss=0.0018]
  Epoch 20/30:  90%|███████████████████████████████▍   | 52/58 [00:02<00:00, 21.71it/s, loss=0.0025]
  Epoch 20/30:  90%|███████████████████████████████▍   | 52/58 [00:02<00:00, 21.71it/s, loss=0.0010]
  Epoch 20/30:  90%|███████████████████████████████▍   | 52/58 [00:02<00:00, 21.71it/s, loss=0.0038]
  Epoch 20/30:  95%|█████████████████████████████████▏ | 55/58 [00:02<00:00, 20.94it/s, loss=0.0038]
  Epoch 20/30:  95%|█████████████████████████████████▏ | 55/58 [00:02<00:00, 20.94it/s, loss=0.0012]
  Epoch 20/30:  95%|█████████████████████████████████▏ | 55/58 [00:02<00:00, 20.94it/s, loss=0.0014]
  Epoch 20/30:  95%|█████████████████████████████████▏ | 55/58 [00:02<00:00, 20.94it/s, loss=0.0019]
  Epoch 20/30: 100%|███████████████████████████████████| 58/58 [00:02<00:00, 20.80it/s, loss=0.0019]
                                                                                                    
  Epoch 20/30 │ Loss: 0.0017 │ T+1: 0.8634 │ T+2: 0.7482 │ T+3: 0.6111

  Epoch 21/30:   0%|                                                         | 0/58 [00:00<?, ?it/s]
  Epoch 21/30:   0%|                                            | 0/58 [00:00<?, ?it/s, loss=0.0030]
  Epoch 21/30:   0%|                                            | 0/58 [00:00<?, ?it/s, loss=0.0013]
  Epoch 21/30:   3%|█▏                                  | 2/58 [00:00<00:03, 16.73it/s, loss=0.0013]
  Epoch 21/30:   3%|█▏                                  | 2/58 [00:00<00:03, 16.73it/s, loss=0.0015]
  Epoch 21/30:   3%|█▏                                  | 2/58 [00:00<00:03, 16.73it/s, loss=0.0016]
  Epoch 21/30:   7%|██▍                                 | 4/58 [00:00<00:03, 16.37it/s, loss=0.0016]
  Epoch 21/30:   7%|██▍                                 | 4/58 [00:00<00:03, 16.37it/s, loss=0.0038]
  Epoch 21/30:   7%|██▍                                 | 4/58 [00:00<00:03, 16.37it/s, loss=0.0013]
  Epoch 21/30:  10%|███▋                                | 6/58 [00:00<00:03, 17.32it/s, loss=0.0013]
  Epoch 21/30:  10%|███▋                                | 6/58 [00:00<00:03, 17.32it/s, loss=0.0013]
  Epoch 21/30:  10%|███▋                                | 6/58 [00:00<00:03, 17.32it/s, loss=0.0014]
  Epoch 21/30:  14%|████▉                               | 8/58 [00:00<00:02, 16.67it/s, loss=0.0014]
  Epoch 21/30:  14%|████▉                               | 8/58 [00:00<00:02, 16.67it/s, loss=0.0021]
  Epoch 21/30:  14%|████▉                               | 8/58 [00:00<00:02, 16.67it/s, loss=0.0024]
  Epoch 21/30:  17%|██████                             | 10/58 [00:00<00:02, 16.42it/s, loss=0.0024]
  Epoch 21/30:  17%|██████                             | 10/58 [00:00<00:02, 16.42it/s, loss=0.0011]
  Epoch 21/30:  17%|██████                             | 10/58 [00:00<00:02, 16.42it/s, loss=0.0011]
  Epoch 21/30:  21%|███████▏                           | 12/58 [00:00<00:02, 17.05it/s, loss=0.0011]
  Epoch 21/30:  21%|███████▏                           | 12/58 [00:00<00:02, 17.05it/s, loss=0.0008]
  Epoch 21/30:  21%|███████▏                           | 12/58 [00:00<00:02, 17.05it/s, loss=0.0015]
  Epoch 21/30:  24%|████████▍                          | 14/58 [00:00<00:02, 16.73it/s, loss=0.0015]
  Epoch 21/30:  24%|████████▍                          | 14/58 [00:00<00:02, 16.73it/s, loss=0.0038]
  Epoch 21/30:  24%|████████▍                          | 14/58 [00:00<00:02, 16.73it/s, loss=0.0011]
  Epoch 21/30:  28%|█████████▋                         | 16/58 [00:00<00:02, 16.87it/s, loss=0.0011]
  Epoch 21/30:  28%|█████████▋                         | 16/58 [00:01<00:02, 16.87it/s, loss=0.0008]
  Epoch 21/30:  28%|█████████▋                         | 16/58 [00:01<00:02, 16.87it/s, loss=0.0038]
  Epoch 21/30:  31%|██████████▊                        | 18/58 [00:01<00:02, 16.94it/s, loss=0.0038]
  Epoch 21/30:  31%|██████████▊                        | 18/58 [00:01<00:02, 16.94it/s, loss=0.0023]
  Epoch 21/30:  31%|██████████▊                        | 18/58 [00:01<00:02, 16.94it/s, loss=0.0022]
  Epoch 21/30:  34%|████████████                       | 20/58 [00:01<00:02, 16.74it/s, loss=0.0022]
  Epoch 21/30:  34%|████████████                       | 20/58 [00:01<00:02, 16.74it/s, loss=0.0030]
  Epoch 21/30:  34%|████████████                       | 20/58 [00:01<00:02, 16.74it/s, loss=0.0013]
  Epoch 21/30:  34%|████████████                       | 20/58 [00:01<00:02, 16.74it/s, loss=0.0010]
  Epoch 21/30:  40%|█████████████▉                     | 23/58 [00:01<00:01, 17.55it/s, loss=0.0010]
  Epoch 21/30:  40%|█████████████▉                     | 23/58 [00:01<00:01, 17.55it/s, loss=0.0010]
  Epoch 21/30:  40%|█████████████▉                     | 23/58 [00:01<00:01, 17.55it/s, loss=0.0015]
  Epoch 21/30:  40%|█████████████▉                     | 23/58 [00:01<00:01, 17.55it/s, loss=0.0017]
  Epoch 21/30:  45%|███████████████▋                   | 26/58 [00:01<00:01, 19.21it/s, loss=0.0017]
  Epoch 21/30:  45%|███████████████▋                   | 26/58 [00:01<00:01, 19.21it/s, loss=0.0015]
  Epoch 21/30:  45%|███████████████▋                   | 26/58 [00:01<00:01, 19.21it/s, loss=0.0017]
  Epoch 21/30:  45%|███████████████▋                   | 26/58 [00:01<00:01, 19.21it/s, loss=0.0017]
  Epoch 21/30:  45%|███████████████▋                   | 26/58 [00:01<00:01, 19.21it/s, loss=0.0017]
  Epoch 21/30:  52%|██████████████████                 | 30/58 [00:01<00:01, 22.88it/s, loss=0.0017]
  Epoch 21/30:  52%|██████████████████                 | 30/58 [00:01<00:01, 22.88it/s, loss=0.0013]
  Epoch 21/30:  52%|██████████████████                 | 30/58 [00:01<00:01, 22.88it/s, loss=0.0013]
  Epoch 21/30:  52%|██████████████████                 | 30/58 [00:01<00:01, 22.88it/s, loss=0.0011]
  Epoch 21/30:  52%|██████████████████                 | 30/58 [00:01<00:01, 22.88it/s, loss=0.0012]
  Epoch 21/30:  59%|████████████████████▌              | 34/58 [00:01<00:00, 25.83it/s, loss=0.0012]
  Epoch 21/30:  59%|████████████████████▌              | 34/58 [00:01<00:00, 25.83it/s, loss=0.0014]
  Epoch 21/30:  59%|████████████████████▌              | 34/58 [00:01<00:00, 25.83it/s, loss=0.0020]
  Epoch 21/30:  59%|████████████████████▌              | 34/58 [00:01<00:00, 25.83it/s, loss=0.0019]
  Epoch 21/30:  59%|████████████████████▌              | 34/58 [00:01<00:00, 25.83it/s, loss=0.0018]
  Epoch 21/30:  66%|██████████████████████▉            | 38/58 [00:01<00:00, 27.81it/s, loss=0.0018]
  Epoch 21/30:  66%|██████████████████████▉            | 38/58 [00:01<00:00, 27.81it/s, loss=0.0019]
  Epoch 21/30:  66%|██████████████████████▉            | 38/58 [00:01<00:00, 27.81it/s, loss=0.0014]
  Epoch 21/30:  66%|██████████████████████▉            | 38/58 [00:01<00:00, 27.81it/s, loss=0.0010]
  Epoch 21/30:  66%|██████████████████████▉            | 38/58 [00:01<00:00, 27.81it/s, loss=0.0021]
  Epoch 21/30:  72%|█████████████████████████▎         | 42/58 [00:01<00:00, 27.84it/s, loss=0.0021]
  Epoch 21/30:  72%|█████████████████████████▎         | 42/58 [00:02<00:00, 27.84it/s, loss=0.0030]
  Epoch 21/30:  72%|█████████████████████████▎         | 42/58 [00:02<00:00, 27.84it/s, loss=0.0016]
  Epoch 21/30:  72%|█████████████████████████▎         | 42/58 [00:02<00:00, 27.84it/s, loss=0.0016]
  Epoch 21/30:  78%|███████████████████████████▏       | 45/58 [00:02<00:00, 27.75it/s, loss=0.0016]
  Epoch 21/30:  78%|███████████████████████████▏       | 45/58 [00:02<00:00, 27.75it/s, loss=0.0021]
  Epoch 21/30:  78%|███████████████████████████▏       | 45/58 [00:02<00:00, 27.75it/s, loss=0.0017]
  Epoch 21/30:  78%|███████████████████████████▏       | 45/58 [00:02<00:00, 27.75it/s, loss=0.0015]
  Epoch 21/30:  83%|████████████████████████████▉      | 48/58 [00:02<00:00, 27.43it/s, loss=0.0015]
  Epoch 21/30:  83%|████████████████████████████▉      | 48/58 [00:02<00:00, 27.43it/s, loss=0.0015]
  Epoch 21/30:  83%|████████████████████████████▉      | 48/58 [00:02<00:00, 27.43it/s, loss=0.0019]
  Epoch 21/30:  83%|████████████████████████████▉      | 48/58 [00:02<00:00, 27.43it/s, loss=0.0010]
  Epoch 21/30:  88%|██████████████████████████████▊    | 51/58 [00:02<00:00, 26.47it/s, loss=0.0010]
  Epoch 21/30:  88%|██████████████████████████████▊    | 51/58 [00:02<00:00, 26.47it/s, loss=0.0016]
  Epoch 21/30:  88%|██████████████████████████████▊    | 51/58 [00:02<00:00, 26.47it/s, loss=0.0014]
  Epoch 21/30:  88%|██████████████████████████████▊    | 51/58 [00:02<00:00, 26.47it/s, loss=0.0018]
  Epoch 21/30:  93%|████████████████████████████████▌  | 54/58 [00:02<00:00, 24.49it/s, loss=0.0018]
  Epoch 21/30:  93%|████████████████████████████████▌  | 54/58 [00:02<00:00, 24.49it/s, loss=0.0007]
  Epoch 21/30:  93%|████████████████████████████████▌  | 54/58 [00:02<00:00, 24.49it/s, loss=0.0022]
  Epoch 21/30:  93%|████████████████████████████████▌  | 54/58 [00:02<00:00, 24.49it/s, loss=0.0009]
  Epoch 21/30:  98%|██████████████████████████████████▍| 57/58 [00:02<00:00, 24.15it/s, loss=0.0009]
  Epoch 21/30:  98%|██████████████████████████████████▍| 57/58 [00:02<00:00, 24.15it/s, loss=0.0002]
                                                                                                    

  Epoch 22/30:   0%|                                                         | 0/58 [00:00<?, ?it/s]
  Epoch 22/30:   0%|                                            | 0/58 [00:00<?, ?it/s, loss=0.0025]
  Epoch 22/30:   0%|                                            | 0/58 [00:00<?, ?it/s, loss=0.0008]
  Epoch 22/30:   0%|                                            | 0/58 [00:00<?, ?it/s, loss=0.0020]
  Epoch 22/30:   5%|█▊                                  | 3/58 [00:00<00:02, 25.06it/s, loss=0.0020]
  Epoch 22/30:   5%|█▊                                  | 3/58 [00:00<00:02, 25.06it/s, loss=0.0008]
  Epoch 22/30:   5%|█▊                                  | 3/58 [00:00<00:02, 25.06it/s, loss=0.0008]
  Epoch 22/30:   5%|█▊                                  | 3/58 [00:00<00:02, 25.06it/s, loss=0.0015]
  Epoch 22/30:  10%|███▋                                | 6/58 [00:00<00:01, 26.55it/s, loss=0.0015]
  Epoch 22/30:  10%|███▋                                | 6/58 [00:00<00:01, 26.55it/s, loss=0.0023]
  Epoch 22/30:  10%|███▋                                | 6/58 [00:00<00:01, 26.55it/s, loss=0.0027]
  Epoch 22/30:  10%|███▋                                | 6/58 [00:00<00:01, 26.55it/s, loss=0.0016]
  Epoch 22/30:  16%|█████▌                              | 9/58 [00:00<00:01, 25.44it/s, loss=0.0016]
  Epoch 22/30:  16%|█████▌                              | 9/58 [00:00<00:01, 25.44it/s, loss=0.0015]
  Epoch 22/30:  16%|█████▌                              | 9/58 [00:00<00:01, 25.44it/s, loss=0.0013]
  Epoch 22/30:  16%|█████▌                              | 9/58 [00:00<00:01, 25.44it/s, loss=0.0011]
  Epoch 22/30:  21%|███████▏                           | 12/58 [00:00<00:01, 27.02it/s, loss=0.0011]
  Epoch 22/30:  21%|███████▏                           | 12/58 [00:00<00:01, 27.02it/s, loss=0.0015]
  Epoch 22/30:  21%|███████▏                           | 12/58 [00:00<00:01, 27.02it/s, loss=0.0011]
  Epoch 22/30:  21%|███████▏                           | 12/58 [00:00<00:01, 27.02it/s, loss=0.0012]
  Epoch 22/30:  26%|█████████                          | 15/58 [00:00<00:01, 27.91it/s, loss=0.0012]
  Epoch 22/30:  26%|█████████                          | 15/58 [00:00<00:01, 27.91it/s, loss=0.0017]
  Epoch 22/30:  26%|█████████                          | 15/58 [00:00<00:01, 27.91it/s, loss=0.0018]
  Epoch 22/30:  26%|█████████                          | 15/58 [00:00<00:01, 27.91it/s, loss=0.0011]
  Epoch 22/30:  31%|██████████▊                        | 18/58 [00:00<00:01, 26.34it/s, loss=0.0011]
  Epoch 22/30:  31%|██████████▊                        | 18/58 [00:00<00:01, 26.34it/s, loss=0.0013]
  Epoch 22/30:  31%|██████████▊                        | 18/58 [00:00<00:01, 26.34it/s, loss=0.0023]
  Epoch 22/30:  31%|██████████▊                        | 18/58 [00:00<00:01, 26.34it/s, loss=0.0018]
  Epoch 22/30:  36%|████████████▋                      | 21/58 [00:00<00:01, 25.07it/s, loss=0.0018]
  Epoch 22/30:  36%|████████████▋                      | 21/58 [00:00<00:01, 25.07it/s, loss=0.0028]
  Epoch 22/30:  36%|████████████▋                      | 21/58 [00:00<00:01, 25.07it/s, loss=0.0021]
  Epoch 22/30:  36%|████████████▋                      | 21/58 [00:00<00:01, 25.07it/s, loss=0.0018]
  Epoch 22/30:  41%|██████████████▍                    | 24/58 [00:00<00:01, 25.25it/s, loss=0.0018]
  Epoch 22/30:  41%|██████████████▍                    | 24/58 [00:00<00:01, 25.25it/s, loss=0.0009]
  Epoch 22/30:  41%|██████████████▍                    | 24/58 [00:00<00:01, 25.25it/s, loss=0.0018]
  Epoch 22/30:  41%|██████████████▍                    | 24/58 [00:01<00:01, 25.25it/s, loss=0.0027]
  Epoch 22/30:  47%|████████████████▎                  | 27/58 [00:01<00:01, 25.80it/s, loss=0.0027]
  Epoch 22/30:  47%|████████████████▎                  | 27/58 [00:01<00:01, 25.80it/s, loss=0.0015]
  Epoch 22/30:  47%|████████████████▎                  | 27/58 [00:01<00:01, 25.80it/s, loss=0.0009]
  Epoch 22/30:  47%|████████████████▎                  | 27/58 [00:01<00:01, 25.80it/s, loss=0.0031]
  Epoch 22/30:  52%|██████████████████                 | 30/58 [00:01<00:01, 24.44it/s, loss=0.0031]
  Epoch 22/30:  52%|██████████████████                 | 30/58 [00:01<00:01, 24.44it/s, loss=0.0022]
  Epoch 22/30:  52%|██████████████████                 | 30/58 [00:01<00:01, 24.44it/s, loss=0.0013]
  Epoch 22/30:  52%|██████████████████                 | 30/58 [00:01<00:01, 24.44it/s, loss=0.0018]
  Epoch 22/30:  57%|███████████████████▉               | 33/58 [00:01<00:01, 23.12it/s, loss=0.0018]
  Epoch 22/30:  57%|███████████████████▉               | 33/58 [00:01<00:01, 23.12it/s, loss=0.0014]
  Epoch 22/30:  57%|███████████████████▉               | 33/58 [00:01<00:01, 23.12it/s, loss=0.0017]
  Epoch 22/30:  57%|███████████████████▉               | 33/58 [00:01<00:01, 23.12it/s, loss=0.0011]
  Epoch 22/30:  62%|█████████████████████▋             | 36/58 [00:01<00:01, 21.51it/s, loss=0.0011]
  Epoch 22/30:  62%|█████████████████████▋             | 36/58 [00:01<00:01, 21.51it/s, loss=0.0017]
  Epoch 22/30:  62%|█████████████████████▋             | 36/58 [00:01<00:01, 21.51it/s, loss=0.0009]
  Epoch 22/30:  62%|█████████████████████▋             | 36/58 [00:01<00:01, 21.51it/s, loss=0.0027]
  Epoch 22/30:  67%|███████████████████████▌           | 39/58 [00:01<00:00, 21.30it/s, loss=0.0027]
  Epoch 22/30:  67%|███████████████████████▌           | 39/58 [00:01<00:00, 21.30it/s, loss=0.0013]
  Epoch 22/30:  67%|███████████████████████▌           | 39/58 [00:01<00:00, 21.30it/s, loss=0.0007]
  Epoch 22/30:  67%|███████████████████████▌           | 39/58 [00:01<00:00, 21.30it/s, loss=0.0012]
  Epoch 22/30:  72%|█████████████████████████▎         | 42/58 [00:01<00:00, 21.96it/s, loss=0.0012]
  Epoch 22/30:  72%|█████████████████████████▎         | 42/58 [00:01<00:00, 21.96it/s, loss=0.0009]
  Epoch 22/30:  72%|█████████████████████████▎         | 42/58 [00:01<00:00, 21.96it/s, loss=0.0021]
  Epoch 22/30:  72%|█████████████████████████▎         | 42/58 [00:01<00:00, 21.96it/s, loss=0.0014]
  Epoch 22/30:  78%|███████████████████████████▏       | 45/58 [00:01<00:00, 23.17it/s, loss=0.0014]
  Epoch 22/30:  78%|███████████████████████████▏       | 45/58 [00:01<00:00, 23.17it/s, loss=0.0013]
  Epoch 22/30:  78%|███████████████████████████▏       | 45/58 [00:01<00:00, 23.17it/s, loss=0.0022]
  Epoch 22/30:  78%|███████████████████████████▏       | 45/58 [00:02<00:00, 23.17it/s, loss=0.0029]
  Epoch 22/30:  83%|████████████████████████████▉      | 48/58 [00:02<00:00, 22.95it/s, loss=0.0029]
  Epoch 22/30:  83%|████████████████████████████▉      | 48/58 [00:02<00:00, 22.95it/s, loss=0.0019]
  Epoch 22/30:  83%|████████████████████████████▉      | 48/58 [00:02<00:00, 22.95it/s, loss=0.0015]
  Epoch 22/30:  83%|████████████████████████████▉      | 48/58 [00:02<00:00, 22.95it/s, loss=0.0022]
  Epoch 22/30:  88%|██████████████████████████████▊    | 51/58 [00:02<00:00, 23.60it/s, loss=0.0022]
  Epoch 22/30:  88%|██████████████████████████████▊    | 51/58 [00:02<00:00, 23.60it/s, loss=0.0024]
  Epoch 22/30:  88%|██████████████████████████████▊    | 51/58 [00:02<00:00, 23.60it/s, loss=0.0019]
  Epoch 22/30:  88%|██████████████████████████████▊    | 51/58 [00:02<00:00, 23.60it/s, loss=0.0019]
  Epoch 22/30:  93%|████████████████████████████████▌  | 54/58 [00:02<00:00, 23.28it/s, loss=0.0019]
  Epoch 22/30:  93%|████████████████████████████████▌  | 54/58 [00:02<00:00, 23.28it/s, loss=0.0015]
  Epoch 22/30:  93%|████████████████████████████████▌  | 54/58 [00:02<00:00, 23.28it/s, loss=0.0019]
  Epoch 22/30:  93%|████████████████████████████████▌  | 54/58 [00:02<00:00, 23.28it/s, loss=0.0012]
  Epoch 22/30:  98%|██████████████████████████████████▍| 57/58 [00:02<00:00, 22.75it/s, loss=0.0012]
  Epoch 22/30:  98%|██████████████████████████████████▍| 57/58 [00:02<00:00, 22.75it/s, loss=0.0033]
                                                                                                    

  Epoch 23/30:   0%|                                                         | 0/58 [00:00<?, ?it/s]
  Epoch 23/30:   0%|                                            | 0/58 [00:00<?, ?it/s, loss=0.0012]
  Epoch 23/30:   0%|                                            | 0/58 [00:00<?, ?it/s, loss=0.0026]
  Epoch 23/30:   3%|█▏                                  | 2/58 [00:00<00:02, 19.97it/s, loss=0.0026]
  Epoch 23/30:   3%|█▏                                  | 2/58 [00:00<00:02, 19.97it/s, loss=0.0016]
  Epoch 23/30:   3%|█▏                                  | 2/58 [00:00<00:02, 19.97it/s, loss=0.0017]
  Epoch 23/30:   3%|█▏                                  | 2/58 [00:00<00:02, 19.97it/s, loss=0.0013]
  Epoch 23/30:   9%|███                                 | 5/58 [00:00<00:02, 20.03it/s, loss=0.0013]
  Epoch 23/30:   9%|███                                 | 5/58 [00:00<00:02, 20.03it/s, loss=0.0020]
  Epoch 23/30:   9%|███                                 | 5/58 [00:00<00:02, 20.03it/s, loss=0.0015]
  Epoch 23/30:   9%|███                                 | 5/58 [00:00<00:02, 20.03it/s, loss=0.0013]
  Epoch 23/30:  14%|████▉                               | 8/58 [00:00<00:02, 17.64it/s, loss=0.0013]
  Epoch 23/30:  14%|████▉                               | 8/58 [00:00<00:02, 17.64it/s, loss=0.0023]
  Epoch 23/30:  14%|████▉                               | 8/58 [00:00<00:02, 17.64it/s, loss=0.0015]
  Epoch 23/30:  17%|██████                             | 10/58 [00:00<00:02, 17.59it/s, loss=0.0015]
  Epoch 23/30:  17%|██████                             | 10/58 [00:00<00:02, 17.59it/s, loss=0.0033]
  Epoch 23/30:  17%|██████                             | 10/58 [00:00<00:02, 17.59it/s, loss=0.0021]
  Epoch 23/30:  21%|███████▏                           | 12/58 [00:00<00:02, 17.44it/s, loss=0.0021]
  Epoch 23/30:  21%|███████▏                           | 12/58 [00:00<00:02, 17.44it/s, loss=0.0014]
  Epoch 23/30:  21%|███████▏                           | 12/58 [00:00<00:02, 17.44it/s, loss=0.0017]
  Epoch 23/30:  24%|████████▍                          | 14/58 [00:00<00:02, 16.65it/s, loss=0.0017]
  Epoch 23/30:  24%|████████▍                          | 14/58 [00:00<00:02, 16.65it/s, loss=0.0012]
  Epoch 23/30:  24%|████████▍                          | 14/58 [00:00<00:02, 16.65it/s, loss=0.0007]
  Epoch 23/30:  28%|█████████▋                         | 16/58 [00:00<00:02, 16.77it/s, loss=0.0007]
  Epoch 23/30:  28%|█████████▋                         | 16/58 [00:00<00:02, 16.77it/s, loss=0.0016]
  Epoch 23/30:  28%|█████████▋                         | 16/58 [00:01<00:02, 16.77it/s, loss=0.0021]
  Epoch 23/30:  31%|██████████▊                        | 18/58 [00:01<00:02, 16.61it/s, loss=0.0021]
  Epoch 23/30:  31%|██████████▊                        | 18/58 [00:01<00:02, 16.61it/s, loss=0.0011]
  Epoch 23/30:  31%|██████████▊                        | 18/58 [00:01<00:02, 16.61it/s, loss=0.0013]
  Epoch 23/30:  34%|████████████                       | 20/58 [00:01<00:02, 16.49it/s, loss=0.0013]
  Epoch 23/30:  34%|████████████                       | 20/58 [00:01<00:02, 16.49it/s, loss=0.0032]
  Epoch 23/30:  34%|████████████                       | 20/58 [00:01<00:02, 16.49it/s, loss=0.0021]
  Epoch 23/30:  38%|█████████████▎                     | 22/58 [00:01<00:02, 17.24it/s, loss=0.0021]
  Epoch 23/30:  38%|█████████████▎                     | 22/58 [00:01<00:02, 17.24it/s, loss=0.0016]
  Epoch 23/30:  38%|█████████████▎                     | 22/58 [00:01<00:02, 17.24it/s, loss=0.0011]
  Epoch 23/30:  41%|██████████████▍                    | 24/58 [00:01<00:02, 16.85it/s, loss=0.0011]
  Epoch 23/30:  41%|██████████████▍                    | 24/58 [00:01<00:02, 16.85it/s, loss=0.0013]
  Epoch 23/30:  41%|██████████████▍                    | 24/58 [00:01<00:02, 16.85it/s, loss=0.0016]
  Epoch 23/30:  45%|███████████████▋                   | 26/58 [00:01<00:01, 17.19it/s, loss=0.0016]
  Epoch 23/30:  45%|███████████████▋                   | 26/58 [00:01<00:01, 17.19it/s, loss=0.0038]
  Epoch 23/30:  45%|███████████████▋                   | 26/58 [00:01<00:01, 17.19it/s, loss=0.0013]
  Epoch 23/30:  48%|████████████████▉                  | 28/58 [00:01<00:01, 17.15it/s, loss=0.0013]
  Epoch 23/30:  48%|████████████████▉                  | 28/58 [00:01<00:01, 17.15it/s, loss=0.0022]
  Epoch 23/30:  48%|████████████████▉                  | 28/58 [00:01<00:01, 17.15it/s, loss=0.0016]
  Epoch 23/30:  52%|██████████████████                 | 30/58 [00:01<00:01, 16.91it/s, loss=0.0016]
  Epoch 23/30:  52%|██████████████████                 | 30/58 [00:01<00:01, 16.91it/s, loss=0.0017]
  Epoch 23/30:  52%|██████████████████                 | 30/58 [00:01<00:01, 16.91it/s, loss=0.0013]
  Epoch 23/30:  55%|███████████████████▎               | 32/58 [00:01<00:01, 16.79it/s, loss=0.0013]
  Epoch 23/30:  55%|███████████████████▎               | 32/58 [00:01<00:01, 16.79it/s, loss=0.0014]
  Epoch 23/30:  55%|███████████████████▎               | 32/58 [00:01<00:01, 16.79it/s, loss=0.0029]
  Epoch 23/30:  59%|████████████████████▌              | 34/58 [00:01<00:01, 16.71it/s, loss=0.0029]
  Epoch 23/30:  59%|████████████████████▌              | 34/58 [00:02<00:01, 16.71it/s, loss=0.0010]
  Epoch 23/30:  59%|████████████████████▌              | 34/58 [00:02<00:01, 16.71it/s, loss=0.0015]
  Epoch 23/30:  62%|█████████████████████▋             | 36/58 [00:02<00:01, 16.39it/s, loss=0.0015]
  Epoch 23/30:  62%|█████████████████████▋             | 36/58 [00:02<00:01, 16.39it/s, loss=0.0018]
  Epoch 23/30:  62%|█████████████████████▋             | 36/58 [00:02<00:01, 16.39it/s, loss=0.0023]
  Epoch 23/30:  62%|█████████████████████▋             | 36/58 [00:02<00:01, 16.39it/s, loss=0.0016]
  Epoch 23/30:  67%|███████████████████████▌           | 39/58 [00:02<00:01, 16.25it/s, loss=0.0016]
  Epoch 23/30:  67%|███████████████████████▌           | 39/58 [00:02<00:01, 16.25it/s, loss=0.0020]
  Epoch 23/30:  67%|███████████████████████▌           | 39/58 [00:02<00:01, 16.25it/s, loss=0.0017]
  Epoch 23/30:  71%|████████████████████████▋          | 41/58 [00:02<00:01, 15.10it/s, loss=0.0017]
  Epoch 23/30:  71%|████████████████████████▋          | 41/58 [00:02<00:01, 15.10it/s, loss=0.0013]
  Epoch 23/30:  71%|████████████████████████▋          | 41/58 [00:02<00:01, 15.10it/s, loss=0.0012]
  Epoch 23/30:  74%|█████████████████████████▉         | 43/58 [00:02<00:01, 14.73it/s, loss=0.0012]
  Epoch 23/30:  74%|█████████████████████████▉         | 43/58 [00:02<00:01, 14.73it/s, loss=0.0012]
  Epoch 23/30:  74%|█████████████████████████▉         | 43/58 [00:02<00:01, 14.73it/s, loss=0.0012]
  Epoch 23/30:  78%|███████████████████████████▏       | 45/58 [00:02<00:00, 14.76it/s, loss=0.0012]
  Epoch 23/30:  78%|███████████████████████████▏       | 45/58 [00:02<00:00, 14.76it/s, loss=0.0009]
  Epoch 23/30:  78%|███████████████████████████▏       | 45/58 [00:02<00:00, 14.76it/s, loss=0.0020]
  Epoch 23/30:  81%|████████████████████████████▎      | 47/58 [00:02<00:00, 14.33it/s, loss=0.0020]
  Epoch 23/30:  81%|████████████████████████████▎      | 47/58 [00:02<00:00, 14.33it/s, loss=0.0015]
  Epoch 23/30:  81%|████████████████████████████▎      | 47/58 [00:03<00:00, 14.33it/s, loss=0.0020]
  Epoch 23/30:  84%|█████████████████████████████▌     | 49/58 [00:03<00:00, 14.39it/s, loss=0.0020]
  Epoch 23/30:  84%|█████████████████████████████▌     | 49/58 [00:03<00:00, 14.39it/s, loss=0.0019]
  Epoch 23/30:  84%|█████████████████████████████▌     | 49/58 [00:03<00:00, 14.39it/s, loss=0.0029]
  Epoch 23/30:  88%|██████████████████████████████▊    | 51/58 [00:03<00:00, 14.79it/s, loss=0.0029]
  Epoch 23/30:  88%|██████████████████████████████▊    | 51/58 [00:03<00:00, 14.79it/s, loss=0.0010]
  Epoch 23/30:  88%|██████████████████████████████▊    | 51/58 [00:03<00:00, 14.79it/s, loss=0.0018]
  Epoch 23/30:  91%|███████████████████████████████▉   | 53/58 [00:03<00:00, 15.34it/s, loss=0.0018]
  Epoch 23/30:  91%|███████████████████████████████▉   | 53/58 [00:03<00:00, 15.34it/s, loss=0.0013]
  Epoch 23/30:  91%|███████████████████████████████▉   | 53/58 [00:03<00:00, 15.34it/s, loss=0.0016]
  Epoch 23/30:  95%|█████████████████████████████████▏ | 55/58 [00:03<00:00, 16.32it/s, loss=0.0016]
  Epoch 23/30:  95%|█████████████████████████████████▏ | 55/58 [00:03<00:00, 16.32it/s, loss=0.0019]
  Epoch 23/30:  95%|█████████████████████████████████▏ | 55/58 [00:03<00:00, 16.32it/s, loss=0.0011]
  Epoch 23/30:  98%|██████████████████████████████████▍| 57/58 [00:03<00:00, 12.71it/s, loss=0.0011]
  Epoch 23/30:  98%|██████████████████████████████████▍| 57/58 [00:03<00:00, 12.71it/s, loss=0.0002]
                                                                                                    

  Epoch 24/30:   0%|                                                         | 0/58 [00:00<?, ?it/s]
  Epoch 24/30:   0%|                                            | 0/58 [00:00<?, ?it/s, loss=0.0011]
  Epoch 24/30:   0%|                                            | 0/58 [00:00<?, ?it/s, loss=0.0013]
  Epoch 24/30:   3%|█▏                                  | 2/58 [00:00<00:03, 17.12it/s, loss=0.0013]
  Epoch 24/30:   3%|█▏                                  | 2/58 [00:00<00:03, 17.12it/s, loss=0.0009]
  Epoch 24/30:   3%|█▏                                  | 2/58 [00:00<00:03, 17.12it/s, loss=0.0012]
  Epoch 24/30:   7%|██▍                                 | 4/58 [00:00<00:03, 16.54it/s, loss=0.0012]
  Epoch 24/30:   7%|██▍                                 | 4/58 [00:00<00:03, 16.54it/s, loss=0.0016]
  Epoch 24/30:   7%|██▍                                 | 4/58 [00:00<00:03, 16.54it/s, loss=0.0021]
  Epoch 24/30:  10%|███▋                                | 6/58 [00:00<00:03, 16.02it/s, loss=0.0021]
  Epoch 24/30:  10%|███▋                                | 6/58 [00:00<00:03, 16.02it/s, loss=0.0007]
  Epoch 24/30:  10%|███▋                                | 6/58 [00:00<00:03, 16.02it/s, loss=0.0017]
  Epoch 24/30:  14%|████▉                               | 8/58 [00:00<00:03, 16.27it/s, loss=0.0017]
  Epoch 24/30:  14%|████▉                               | 8/58 [00:00<00:03, 16.27it/s, loss=0.0014]
  Epoch 24/30:  14%|████▉                               | 8/58 [00:00<00:03, 16.27it/s, loss=0.0014]
  Epoch 24/30:  17%|██████                             | 10/58 [00:00<00:02, 17.13it/s, loss=0.0014]
  Epoch 24/30:  17%|██████                             | 10/58 [00:00<00:02, 17.13it/s, loss=0.0014]
  Epoch 24/30:  17%|██████                             | 10/58 [00:00<00:02, 17.13it/s, loss=0.0024]
  Epoch 24/30:  21%|███████▏                           | 12/58 [00:00<00:02, 16.63it/s, loss=0.0024]
  Epoch 24/30:  21%|███████▏                           | 12/58 [00:00<00:02, 16.63it/s, loss=0.0015]
  Epoch 24/30:  21%|███████▏                           | 12/58 [00:00<00:02, 16.63it/s, loss=0.0019]
  Epoch 24/30:  24%|████████▍                          | 14/58 [00:00<00:02, 16.85it/s, loss=0.0019]
  Epoch 24/30:  24%|████████▍                          | 14/58 [00:00<00:02, 16.85it/s, loss=0.0023]
  Epoch 24/30:  24%|████████▍                          | 14/58 [00:00<00:02, 16.85it/s, loss=0.0017]
  Epoch 24/30:  28%|█████████▋                         | 16/58 [00:00<00:02, 16.93it/s, loss=0.0017]
  Epoch 24/30:  28%|█████████▋                         | 16/58 [00:01<00:02, 16.93it/s, loss=0.0014]
  Epoch 24/30:  28%|█████████▋                         | 16/58 [00:01<00:02, 16.93it/s, loss=0.0011]
  Epoch 24/30:  31%|██████████▊                        | 18/58 [00:01<00:02, 16.54it/s, loss=0.0011]
  Epoch 24/30:  31%|██████████▊                        | 18/58 [00:01<00:02, 16.54it/s, loss=0.0010]
  Epoch 24/30:  31%|██████████▊                        | 18/58 [00:01<00:02, 16.54it/s, loss=0.0017]
  Epoch 24/30:  34%|████████████                       | 20/58 [00:01<00:02, 16.06it/s, loss=0.0017]
  Epoch 24/30:  34%|████████████                       | 20/58 [00:01<00:02, 16.06it/s, loss=0.0014]
  Epoch 24/30:  34%|████████████                       | 20/58 [00:01<00:02, 16.06it/s, loss=0.0009]
  Epoch 24/30:  38%|█████████████▎                     | 22/58 [00:01<00:02, 16.24it/s, loss=0.0009]
  Epoch 24/30:  38%|█████████████▎                     | 22/58 [00:01<00:02, 16.24it/s, loss=0.0020]
  Epoch 24/30:  38%|█████████████▎                     | 22/58 [00:01<00:02, 16.24it/s, loss=0.0034]
  Epoch 24/30:  41%|██████████████▍                    | 24/58 [00:01<00:02, 15.84it/s, loss=0.0034]
  Epoch 24/30:  41%|██████████████▍                    | 24/58 [00:01<00:02, 15.84it/s, loss=0.0023]
  Epoch 24/30:  41%|██████████████▍                    | 24/58 [00:01<00:02, 15.84it/s, loss=0.0010]
  Epoch 24/30:  45%|███████████████▋                   | 26/58 [00:01<00:02, 15.09it/s, loss=0.0010]
  Epoch 24/30:  45%|███████████████▋                   | 26/58 [00:01<00:02, 15.09it/s, loss=0.0025]
  Epoch 24/30:  45%|███████████████▋                   | 26/58 [00:01<00:02, 15.09it/s, loss=0.0027]
  Epoch 24/30:  48%|████████████████▉                  | 28/58 [00:01<00:01, 15.53it/s, loss=0.0027]
  Epoch 24/30:  48%|████████████████▉                  | 28/58 [00:01<00:01, 15.53it/s, loss=0.0020]
  Epoch 24/30:  48%|████████████████▉                  | 28/58 [00:01<00:01, 15.53it/s, loss=0.0017]
  Epoch 24/30:  48%|████████████████▉                  | 28/58 [00:01<00:01, 15.53it/s, loss=0.0009]
  Epoch 24/30:  53%|██████████████████▋                | 31/58 [00:01<00:01, 17.03it/s, loss=0.0009]
  Epoch 24/30:  53%|██████████████████▋                | 31/58 [00:01<00:01, 17.03it/s, loss=0.0025]
  Epoch 24/30:  53%|██████████████████▋                | 31/58 [00:02<00:01, 17.03it/s, loss=0.0013]
  Epoch 24/30:  57%|███████████████████▉               | 33/58 [00:02<00:01, 16.98it/s, loss=0.0013]
  Epoch 24/30:  57%|███████████████████▉               | 33/58 [00:02<00:01, 16.98it/s, loss=0.0020]
  Epoch 24/30:  57%|███████████████████▉               | 33/58 [00:02<00:01, 16.98it/s, loss=0.0018]
  Epoch 24/30:  60%|█████████████████████              | 35/58 [00:02<00:01, 17.61it/s, loss=0.0018]
  Epoch 24/30:  60%|█████████████████████              | 35/58 [00:02<00:01, 17.61it/s, loss=0.0028]
  Epoch 24/30:  60%|█████████████████████              | 35/58 [00:02<00:01, 17.61it/s, loss=0.0009]
  Epoch 24/30:  60%|█████████████████████              | 35/58 [00:02<00:01, 17.61it/s, loss=0.0012]
  Epoch 24/30:  66%|██████████████████████▉            | 38/58 [00:02<00:01, 18.06it/s, loss=0.0012]
  Epoch 24/30:  66%|██████████████████████▉            | 38/58 [00:02<00:01, 18.06it/s, loss=0.0024]
  Epoch 24/30:  66%|██████████████████████▉            | 38/58 [00:02<00:01, 18.06it/s, loss=0.0008]
  Epoch 24/30:  69%|████████████████████████▏          | 40/58 [00:02<00:00, 18.24it/s, loss=0.0008]
  Epoch 24/30:  69%|████████████████████████▏          | 40/58 [00:02<00:00, 18.24it/s, loss=0.0017]
  Epoch 24/30:  69%|████████████████████████▏          | 40/58 [00:02<00:00, 18.24it/s, loss=0.0016]
  Epoch 24/30:  72%|█████████████████████████▎         | 42/58 [00:02<00:00, 18.50it/s, loss=0.0016]
  Epoch 24/30:  72%|█████████████████████████▎         | 42/58 [00:02<00:00, 18.50it/s, loss=0.0032]
  Epoch 24/30:  72%|█████████████████████████▎         | 42/58 [00:02<00:00, 18.50it/s, loss=0.0016]
  Epoch 24/30:  72%|█████████████████████████▎         | 42/58 [00:02<00:00, 18.50it/s, loss=0.0013]
  Epoch 24/30:  78%|███████████████████████████▏       | 45/58 [00:02<00:00, 19.24it/s, loss=0.0013]
  Epoch 24/30:  78%|███████████████████████████▏       | 45/58 [00:02<00:00, 19.24it/s, loss=0.0012]
  Epoch 24/30:  78%|███████████████████████████▏       | 45/58 [00:02<00:00, 19.24it/s, loss=0.0010]
  Epoch 24/30:  78%|███████████████████████████▏       | 45/58 [00:02<00:00, 19.24it/s, loss=0.0007]
  Epoch 24/30:  83%|████████████████████████████▉      | 48/58 [00:02<00:00, 20.19it/s, loss=0.0007]
  Epoch 24/30:  83%|████████████████████████████▉      | 48/58 [00:02<00:00, 20.19it/s, loss=0.0017]
  Epoch 24/30:  83%|████████████████████████████▉      | 48/58 [00:02<00:00, 20.19it/s, loss=0.0013]
  Epoch 24/30:  83%|████████████████████████████▉      | 48/58 [00:02<00:00, 20.19it/s, loss=0.0017]
  Epoch 24/30:  88%|██████████████████████████████▊    | 51/58 [00:02<00:00, 22.05it/s, loss=0.0017]
  Epoch 24/30:  88%|██████████████████████████████▊    | 51/58 [00:02<00:00, 22.05it/s, loss=0.0018]
  Epoch 24/30:  88%|██████████████████████████████▊    | 51/58 [00:02<00:00, 22.05it/s, loss=0.0014]
  Epoch 24/30:  88%|██████████████████████████████▊    | 51/58 [00:02<00:00, 22.05it/s, loss=0.0026]
  Epoch 24/30:  93%|████████████████████████████████▌  | 54/58 [00:02<00:00, 23.09it/s, loss=0.0026]
  Epoch 24/30:  93%|████████████████████████████████▌  | 54/58 [00:03<00:00, 23.09it/s, loss=0.0009]
  Epoch 24/30:  93%|████████████████████████████████▌  | 54/58 [00:03<00:00, 23.09it/s, loss=0.0022]
  Epoch 24/30:  93%|████████████████████████████████▌  | 54/58 [00:03<00:00, 23.09it/s, loss=0.0011]
  Epoch 24/30:  98%|██████████████████████████████████▍| 57/58 [00:03<00:00, 22.89it/s, loss=0.0011]
  Epoch 24/30:  98%|██████████████████████████████████▍| 57/58 [00:03<00:00, 22.89it/s, loss=0.0001]
                                                                                                    

  Epoch 25/30:   0%|                                                         | 0/58 [00:00<?, ?it/s]
  Epoch 25/30:   0%|                                            | 0/58 [00:00<?, ?it/s, loss=0.0012]
  Epoch 25/30:   0%|                                            | 0/58 [00:00<?, ?it/s, loss=0.0020]
  Epoch 25/30:   0%|                                            | 0/58 [00:00<?, ?it/s, loss=0.0015]
  Epoch 25/30:   5%|█▊                                  | 3/58 [00:00<00:02, 21.41it/s, loss=0.0015]
  Epoch 25/30:   5%|█▊                                  | 3/58 [00:00<00:02, 21.41it/s, loss=0.0015]
  Epoch 25/30:   5%|█▊                                  | 3/58 [00:00<00:02, 21.41it/s, loss=0.0017]
  Epoch 25/30:   5%|█▊                                  | 3/58 [00:00<00:02, 21.41it/s, loss=0.0013]
  Epoch 25/30:  10%|███▋                                | 6/58 [00:00<00:02, 22.13it/s, loss=0.0013]
  Epoch 25/30:  10%|███▋                                | 6/58 [00:00<00:02, 22.13it/s, loss=0.0023]
  Epoch 25/30:  10%|███▋                                | 6/58 [00:00<00:02, 22.13it/s, loss=0.0012]
  Epoch 25/30:  10%|███▋                                | 6/58 [00:00<00:02, 22.13it/s, loss=0.0012]
  Epoch 25/30:  16%|█████▌                              | 9/58 [00:00<00:02, 21.41it/s, loss=0.0012]
  Epoch 25/30:  16%|█████▌                              | 9/58 [00:00<00:02, 21.41it/s, loss=0.0007]
  Epoch 25/30:  16%|█████▌                              | 9/58 [00:00<00:02, 21.41it/s, loss=0.0009]
  Epoch 25/30:  16%|█████▌                              | 9/58 [00:00<00:02, 21.41it/s, loss=0.0024]
  Epoch 25/30:  21%|███████▏                           | 12/58 [00:00<00:02, 20.26it/s, loss=0.0024]
  Epoch 25/30:  21%|███████▏                           | 12/58 [00:00<00:02, 20.26it/s, loss=0.0012]
  Epoch 25/30:  21%|███████▏                           | 12/58 [00:00<00:02, 20.26it/s, loss=0.0015]
  Epoch 25/30:  21%|███████▏                           | 12/58 [00:00<00:02, 20.26it/s, loss=0.0014]
  Epoch 25/30:  26%|█████████                          | 15/58 [00:00<00:02, 21.02it/s, loss=0.0014]
  Epoch 25/30:  26%|█████████                          | 15/58 [00:00<00:02, 21.02it/s, loss=0.0020]
  Epoch 25/30:  26%|█████████                          | 15/58 [00:00<00:02, 21.02it/s, loss=0.0017]
  Epoch 25/30:  26%|█████████                          | 15/58 [00:00<00:02, 21.02it/s, loss=0.0012]
  Epoch 25/30:  31%|██████████▊                        | 18/58 [00:00<00:01, 22.55it/s, loss=0.0012]
  Epoch 25/30:  31%|██████████▊                        | 18/58 [00:00<00:01, 22.55it/s, loss=0.0013]
  Epoch 25/30:  31%|██████████▊                        | 18/58 [00:00<00:01, 22.55it/s, loss=0.0021]
  Epoch 25/30:  31%|██████████▊                        | 18/58 [00:00<00:01, 22.55it/s, loss=0.0017]
  Epoch 25/30:  36%|████████████▋                      | 21/58 [00:00<00:01, 23.92it/s, loss=0.0017]
  Epoch 25/30:  36%|████████████▋                      | 21/58 [00:00<00:01, 23.92it/s, loss=0.0014]
  Epoch 25/30:  36%|████████████▋                      | 21/58 [00:01<00:01, 23.92it/s, loss=0.0022]
  Epoch 25/30:  36%|████████████▋                      | 21/58 [00:01<00:01, 23.92it/s, loss=0.0016]
  Epoch 25/30:  41%|██████████████▍                    | 24/58 [00:01<00:01, 22.94it/s, loss=0.0016]
  Epoch 25/30:  41%|██████████████▍                    | 24/58 [00:01<00:01, 22.94it/s, loss=0.0012]
  Epoch 25/30:  41%|██████████████▍                    | 24/58 [00:01<00:01, 22.94it/s, loss=0.0032]
  Epoch 25/30:  41%|██████████████▍                    | 24/58 [00:01<00:01, 22.94it/s, loss=0.0027]
  Epoch 25/30:  47%|████████████████▎                  | 27/58 [00:01<00:01, 22.69it/s, loss=0.0027]
  Epoch 25/30:  47%|████████████████▎                  | 27/58 [00:01<00:01, 22.69it/s, loss=0.0015]
  Epoch 25/30:  47%|████████████████▎                  | 27/58 [00:01<00:01, 22.69it/s, loss=0.0013]
  Epoch 25/30:  47%|████████████████▎                  | 27/58 [00:01<00:01, 22.69it/s, loss=0.0015]
  Epoch 25/30:  52%|██████████████████                 | 30/58 [00:01<00:01, 23.44it/s, loss=0.0015]
  Epoch 25/30:  52%|██████████████████                 | 30/58 [00:01<00:01, 23.44it/s, loss=0.0015]
  Epoch 25/30:  52%|██████████████████                 | 30/58 [00:01<00:01, 23.44it/s, loss=0.0011]
  Epoch 25/30:  52%|██████████████████                 | 30/58 [00:01<00:01, 23.44it/s, loss=0.0024]
  Epoch 25/30:  57%|███████████████████▉               | 33/58 [00:01<00:01, 22.91it/s, loss=0.0024]
  Epoch 25/30:  57%|███████████████████▉               | 33/58 [00:01<00:01, 22.91it/s, loss=0.0009]
  Epoch 25/30:  57%|███████████████████▉               | 33/58 [00:01<00:01, 22.91it/s, loss=0.0017]
  Epoch 25/30:  57%|███████████████████▉               | 33/58 [00:01<00:01, 22.91it/s, loss=0.0008]
  Epoch 25/30:  62%|█████████████████████▋             | 36/58 [00:01<00:01, 20.69it/s, loss=0.0008]
  Epoch 25/30:  62%|█████████████████████▋             | 36/58 [00:01<00:01, 20.69it/s, loss=0.0013]
  Epoch 25/30:  62%|█████████████████████▋             | 36/58 [00:01<00:01, 20.69it/s, loss=0.0014]
  Epoch 25/30:  62%|█████████████████████▋             | 36/58 [00:01<00:01, 20.69it/s, loss=0.0019]
  Epoch 25/30:  67%|███████████████████████▌           | 39/58 [00:01<00:00, 19.65it/s, loss=0.0019]
  Epoch 25/30:  67%|███████████████████████▌           | 39/58 [00:01<00:00, 19.65it/s, loss=0.0025]
  Epoch 25/30:  67%|███████████████████████▌           | 39/58 [00:01<00:00, 19.65it/s, loss=0.0025]
  Epoch 25/30:  67%|███████████████████████▌           | 39/58 [00:01<00:00, 19.65it/s, loss=0.0024]
  Epoch 25/30:  72%|█████████████████████████▎         | 42/58 [00:01<00:00, 18.86it/s, loss=0.0024]
  Epoch 25/30:  72%|█████████████████████████▎         | 42/58 [00:02<00:00, 18.86it/s, loss=0.0022]
  Epoch 25/30:  72%|█████████████████████████▎         | 42/58 [00:02<00:00, 18.86it/s, loss=0.0013]
  Epoch 25/30:  76%|██████████████████████████▌        | 44/58 [00:02<00:00, 18.01it/s, loss=0.0013]
  Epoch 25/30:  76%|██████████████████████████▌        | 44/58 [00:02<00:00, 18.01it/s, loss=0.0012]
  Epoch 25/30:  76%|██████████████████████████▌        | 44/58 [00:02<00:00, 18.01it/s, loss=0.0016]
  Epoch 25/30:  79%|███████████████████████████▊       | 46/58 [00:02<00:00, 17.75it/s, loss=0.0016]
  Epoch 25/30:  79%|███████████████████████████▊       | 46/58 [00:02<00:00, 17.75it/s, loss=0.0013]
  Epoch 25/30:  79%|███████████████████████████▊       | 46/58 [00:02<00:00, 17.75it/s, loss=0.0020]
  Epoch 25/30:  83%|████████████████████████████▉      | 48/58 [00:02<00:00, 17.50it/s, loss=0.0020]
  Epoch 25/30:  83%|████████████████████████████▉      | 48/58 [00:02<00:00, 17.50it/s, loss=0.0018]
  Epoch 25/30:  83%|████████████████████████████▉      | 48/58 [00:02<00:00, 17.50it/s, loss=0.0024]
  Epoch 25/30:  86%|██████████████████████████████▏    | 50/58 [00:02<00:00, 17.37it/s, loss=0.0024]
  Epoch 25/30:  86%|██████████████████████████████▏    | 50/58 [00:02<00:00, 17.37it/s, loss=0.0019]
  Epoch 25/30:  86%|██████████████████████████████▏    | 50/58 [00:02<00:00, 17.37it/s, loss=0.0016]
  Epoch 25/30:  90%|███████████████████████████████▍   | 52/58 [00:02<00:00, 17.73it/s, loss=0.0016]
  Epoch 25/30:  90%|███████████████████████████████▍   | 52/58 [00:02<00:00, 17.73it/s, loss=0.0018]
  Epoch 25/30:  90%|███████████████████████████████▍   | 52/58 [00:02<00:00, 17.73it/s, loss=0.0012]
  Epoch 25/30:  93%|████████████████████████████████▌  | 54/58 [00:02<00:00, 17.80it/s, loss=0.0012]
  Epoch 25/30:  93%|████████████████████████████████▌  | 54/58 [00:02<00:00, 17.80it/s, loss=0.0017]
  Epoch 25/30:  93%|████████████████████████████████▌  | 54/58 [00:02<00:00, 17.80it/s, loss=0.0015]
  Epoch 25/30:  97%|█████████████████████████████████▊ | 56/58 [00:02<00:00, 18.35it/s, loss=0.0015]
  Epoch 25/30:  97%|█████████████████████████████████▊ | 56/58 [00:02<00:00, 18.35it/s, loss=0.0012]
  Epoch 25/30:  97%|█████████████████████████████████▊ | 56/58 [00:02<00:00, 18.35it/s, loss=0.0004]
                                                                                                    
  Epoch 25/30 │ Loss: 0.0016 │ T+1: 0.8783 │ T+2: 0.7556 │ T+3: 0.6267 ★ NEW BEST

  Epoch 26/30:   0%|                                                         | 0/58 [00:00<?, ?it/s]
  Epoch 26/30:   0%|                                            | 0/58 [00:00<?, ?it/s, loss=0.0012]
  Epoch 26/30:   0%|                                            | 0/58 [00:00<?, ?it/s, loss=0.0027]
  Epoch 26/30:   0%|                                            | 0/58 [00:00<?, ?it/s, loss=0.0015]
  Epoch 26/30:   5%|█▊                                  | 3/58 [00:00<00:02, 20.68it/s, loss=0.0015]
  Epoch 26/30:   5%|█▊                                  | 3/58 [00:00<00:02, 20.68it/s, loss=0.0015]
  Epoch 26/30:   5%|█▊                                  | 3/58 [00:00<00:02, 20.68it/s, loss=0.0016]
  Epoch 26/30:   5%|█▊                                  | 3/58 [00:00<00:02, 20.68it/s, loss=0.0017]
  Epoch 26/30:  10%|███▋                                | 6/58 [00:00<00:02, 19.47it/s, loss=0.0017]
  Epoch 26/30:  10%|███▋                                | 6/58 [00:00<00:02, 19.47it/s, loss=0.0016]
  Epoch 26/30:  10%|███▋                                | 6/58 [00:00<00:02, 19.47it/s, loss=0.0019]
  Epoch 26/30:  10%|███▋                                | 6/58 [00:00<00:02, 19.47it/s, loss=0.0018]
  Epoch 26/30:  16%|█████▌                              | 9/58 [00:00<00:02, 19.83it/s, loss=0.0018]
  Epoch 26/30:  16%|█████▌                              | 9/58 [00:00<00:02, 19.83it/s, loss=0.0013]
  Epoch 26/30:  16%|█████▌                              | 9/58 [00:00<00:02, 19.83it/s, loss=0.0007]
  Epoch 26/30:  19%|██████▋                            | 11/58 [00:00<00:03, 15.40it/s, loss=0.0007]
  Epoch 26/30:  19%|██████▋                            | 11/58 [00:00<00:03, 15.40it/s, loss=0.0011]
  Epoch 26/30:  19%|██████▋                            | 11/58 [00:00<00:03, 15.40it/s, loss=0.0020]
  Epoch 26/30:  19%|██████▋                            | 11/58 [00:00<00:03, 15.40it/s, loss=0.0017]
  Epoch 26/30:  24%|████████▍                          | 14/58 [00:00<00:02, 18.21it/s, loss=0.0017]
  Epoch 26/30:  24%|████████▍                          | 14/58 [00:00<00:02, 18.21it/s, loss=0.0021]
  Epoch 26/30:  24%|████████▍                          | 14/58 [00:00<00:02, 18.21it/s, loss=0.0023]
  Epoch 26/30:  24%|████████▍                          | 14/58 [00:00<00:02, 18.21it/s, loss=0.0027]
  Epoch 26/30:  29%|██████████▎                        | 17/58 [00:00<00:02, 19.88it/s, loss=0.0027]
  Epoch 26/30:  29%|██████████▎                        | 17/58 [00:00<00:02, 19.88it/s, loss=0.0019]
  Epoch 26/30:  29%|██████████▎                        | 17/58 [00:00<00:02, 19.88it/s, loss=0.0016]
  Epoch 26/30:  29%|██████████▎                        | 17/58 [00:01<00:02, 19.88it/s, loss=0.0021]
  Epoch 26/30:  34%|████████████                       | 20/58 [00:01<00:01, 20.40it/s, loss=0.0021]
  Epoch 26/30:  34%|████████████                       | 20/58 [00:01<00:01, 20.40it/s, loss=0.0006]
  Epoch 26/30:  34%|████████████                       | 20/58 [00:01<00:01, 20.40it/s, loss=0.0017]
  Epoch 26/30:  34%|████████████                       | 20/58 [00:01<00:01, 20.40it/s, loss=0.0040]
  Epoch 26/30:  40%|█████████████▉                     | 23/58 [00:01<00:01, 22.48it/s, loss=0.0040]
  Epoch 26/30:  40%|█████████████▉                     | 23/58 [00:01<00:01, 22.48it/s, loss=0.0018]
  Epoch 26/30:  40%|█████████████▉                     | 23/58 [00:01<00:01, 22.48it/s, loss=0.0019]
  Epoch 26/30:  40%|█████████████▉                     | 23/58 [00:01<00:01, 22.48it/s, loss=0.0019]
  Epoch 26/30:  45%|███████████████▋                   | 26/58 [00:01<00:01, 22.72it/s, loss=0.0019]
  Epoch 26/30:  45%|███████████████▋                   | 26/58 [00:01<00:01, 22.72it/s, loss=0.0013]
  Epoch 26/30:  45%|███████████████▋                   | 26/58 [00:01<00:01, 22.72it/s, loss=0.0012]
  Epoch 26/30:  45%|███████████████▋                   | 26/58 [00:01<00:01, 22.72it/s, loss=0.0013]
  Epoch 26/30:  50%|█████████████████▌                 | 29/58 [00:01<00:01, 22.85it/s, loss=0.0013]
  Epoch 26/30:  50%|█████████████████▌                 | 29/58 [00:01<00:01, 22.85it/s, loss=0.0026]
  Epoch 26/30:  50%|█████████████████▌                 | 29/58 [00:01<00:01, 22.85it/s, loss=0.0013]
  Epoch 26/30:  50%|█████████████████▌                 | 29/58 [00:01<00:01, 22.85it/s, loss=0.0015]
  Epoch 26/30:  55%|███████████████████▎               | 32/58 [00:01<00:01, 24.53it/s, loss=0.0015]
  Epoch 26/30:  55%|███████████████████▎               | 32/58 [00:01<00:01, 24.53it/s, loss=0.0016]
  Epoch 26/30:  55%|███████████████████▎               | 32/58 [00:01<00:01, 24.53it/s, loss=0.0015]
  Epoch 26/30:  55%|███████████████████▎               | 32/58 [00:01<00:01, 24.53it/s, loss=0.0013]
  Epoch 26/30:  60%|█████████████████████              | 35/58 [00:01<00:00, 23.88it/s, loss=0.0013]
  Epoch 26/30:  60%|█████████████████████              | 35/58 [00:01<00:00, 23.88it/s, loss=0.0012]
  Epoch 26/30:  60%|█████████████████████              | 35/58 [00:01<00:00, 23.88it/s, loss=0.0011]
  Epoch 26/30:  60%|█████████████████████              | 35/58 [00:01<00:00, 23.88it/s, loss=0.0013]
  Epoch 26/30:  66%|██████████████████████▉            | 38/58 [00:01<00:00, 23.40it/s, loss=0.0013]
  Epoch 26/30:  66%|██████████████████████▉            | 38/58 [00:01<00:00, 23.40it/s, loss=0.0009]
  Epoch 26/30:  66%|██████████████████████▉            | 38/58 [00:01<00:00, 23.40it/s, loss=0.0018]
  Epoch 26/30:  66%|██████████████████████▉            | 38/58 [00:01<00:00, 23.40it/s, loss=0.0015]
  Epoch 26/30:  71%|████████████████████████▋          | 41/58 [00:01<00:00, 22.91it/s, loss=0.0015]
  Epoch 26/30:  71%|████████████████████████▋          | 41/58 [00:01<00:00, 22.91it/s, loss=0.0010]
  Epoch 26/30:  71%|████████████████████████▋          | 41/58 [00:01<00:00, 22.91it/s, loss=0.0021]
  Epoch 26/30:  71%|████████████████████████▋          | 41/58 [00:02<00:00, 22.91it/s, loss=0.0016]
  Epoch 26/30:  76%|██████████████████████████▌        | 44/58 [00:02<00:00, 24.54it/s, loss=0.0016]
  Epoch 26/30:  76%|██████████████████████████▌        | 44/58 [00:02<00:00, 24.54it/s, loss=0.0013]
  Epoch 26/30:  76%|██████████████████████████▌        | 44/58 [00:02<00:00, 24.54it/s, loss=0.0011]
  Epoch 26/30:  76%|██████████████████████████▌        | 44/58 [00:02<00:00, 24.54it/s, loss=0.0010]
  Epoch 26/30:  81%|████████████████████████████▎      | 47/58 [00:02<00:00, 24.87it/s, loss=0.0010]
  Epoch 26/30:  81%|████████████████████████████▎      | 47/58 [00:02<00:00, 24.87it/s, loss=0.0010]
  Epoch 26/30:  81%|████████████████████████████▎      | 47/58 [00:02<00:00, 24.87it/s, loss=0.0020]
  Epoch 26/30:  81%|████████████████████████████▎      | 47/58 [00:02<00:00, 24.87it/s, loss=0.0014]
  Epoch 26/30:  86%|██████████████████████████████▏    | 50/58 [00:02<00:00, 25.88it/s, loss=0.0014]
  Epoch 26/30:  86%|██████████████████████████████▏    | 50/58 [00:02<00:00, 25.88it/s, loss=0.0023]
  Epoch 26/30:  86%|██████████████████████████████▏    | 50/58 [00:02<00:00, 25.88it/s, loss=0.0023]
  Epoch 26/30:  86%|██████████████████████████████▏    | 50/58 [00:02<00:00, 25.88it/s, loss=0.0025]
  Epoch 26/30:  91%|███████████████████████████████▉   | 53/58 [00:02<00:00, 25.09it/s, loss=0.0025]
  Epoch 26/30:  91%|███████████████████████████████▉   | 53/58 [00:02<00:00, 25.09it/s, loss=0.0009]
  Epoch 26/30:  91%|███████████████████████████████▉   | 53/58 [00:02<00:00, 25.09it/s, loss=0.0010]
  Epoch 26/30:  91%|███████████████████████████████▉   | 53/58 [00:02<00:00, 25.09it/s, loss=0.0022]
  Epoch 26/30:  97%|█████████████████████████████████▊ | 56/58 [00:02<00:00, 23.93it/s, loss=0.0022]
  Epoch 26/30:  97%|█████████████████████████████████▊ | 56/58 [00:02<00:00, 23.93it/s, loss=0.0015]
  Epoch 26/30:  97%|█████████████████████████████████▊ | 56/58 [00:02<00:00, 23.93it/s, loss=0.0004]
                                                                                                    

  Epoch 27/30:   0%|                                                         | 0/58 [00:00<?, ?it/s]
  Epoch 27/30:   0%|                                            | 0/58 [00:00<?, ?it/s, loss=0.0014]
  Epoch 27/30:   0%|                                            | 0/58 [00:00<?, ?it/s, loss=0.0029]
  Epoch 27/30:   0%|                                            | 0/58 [00:00<?, ?it/s, loss=0.0017]
  Epoch 27/30:   5%|█▊                                  | 3/58 [00:00<00:02, 22.24it/s, loss=0.0017]
  Epoch 27/30:   5%|█▊                                  | 3/58 [00:00<00:02, 22.24it/s, loss=0.0014]
  Epoch 27/30:   5%|█▊                                  | 3/58 [00:00<00:02, 22.24it/s, loss=0.0012]
  Epoch 27/30:   5%|█▊                                  | 3/58 [00:00<00:02, 22.24it/s, loss=0.0007]
  Epoch 27/30:  10%|███▋                                | 6/58 [00:00<00:02, 24.49it/s, loss=0.0007]
  Epoch 27/30:  10%|███▋                                | 6/58 [00:00<00:02, 24.49it/s, loss=0.0020]
  Epoch 27/30:  10%|███▋                                | 6/58 [00:00<00:02, 24.49it/s, loss=0.0020]
  Epoch 27/30:  10%|███▋                                | 6/58 [00:00<00:02, 24.49it/s, loss=0.0009]
  Epoch 27/30:  16%|█████▌                              | 9/58 [00:00<00:02, 24.38it/s, loss=0.0009]
  Epoch 27/30:  16%|█████▌                              | 9/58 [00:00<00:02, 24.38it/s, loss=0.0012]
  Epoch 27/30:  16%|█████▌                              | 9/58 [00:00<00:02, 24.38it/s, loss=0.0027]
  Epoch 27/30:  16%|█████▌                              | 9/58 [00:00<00:02, 24.38it/s, loss=0.0012]
  Epoch 27/30:  21%|███████▏                           | 12/58 [00:00<00:01, 23.96it/s, loss=0.0012]
  Epoch 27/30:  21%|███████▏                           | 12/58 [00:00<00:01, 23.96it/s, loss=0.0016]
  Epoch 27/30:  21%|███████▏                           | 12/58 [00:00<00:01, 23.96it/s, loss=0.0015]
  Epoch 27/30:  21%|███████▏                           | 12/58 [00:00<00:01, 23.96it/s, loss=0.0016]
  Epoch 27/30:  26%|█████████                          | 15/58 [00:00<00:01, 23.54it/s, loss=0.0016]
  Epoch 27/30:  26%|█████████                          | 15/58 [00:00<00:01, 23.54it/s, loss=0.0023]
  Epoch 27/30:  26%|█████████                          | 15/58 [00:00<00:01, 23.54it/s, loss=0.0015]
  Epoch 27/30:  26%|█████████                          | 15/58 [00:00<00:01, 23.54it/s, loss=0.0011]
  Epoch 27/30:  31%|██████████▊                        | 18/58 [00:00<00:01, 24.50it/s, loss=0.0011]
  Epoch 27/30:  31%|██████████▊                        | 18/58 [00:00<00:01, 24.50it/s, loss=0.0015]
  Epoch 27/30:  31%|██████████▊                        | 18/58 [00:00<00:01, 24.50it/s, loss=0.0014]
  Epoch 27/30:  31%|██████████▊                        | 18/58 [00:00<00:01, 24.50it/s, loss=0.0022]
  Epoch 27/30:  36%|████████████▋                      | 21/58 [00:00<00:01, 24.53it/s, loss=0.0022]
  Epoch 27/30:  36%|████████████▋                      | 21/58 [00:00<00:01, 24.53it/s, loss=0.0013]
  Epoch 27/30:  36%|████████████▋                      | 21/58 [00:00<00:01, 24.53it/s, loss=0.0017]
  Epoch 27/30:  36%|████████████▋                      | 21/58 [00:00<00:01, 24.53it/s, loss=0.0020]
  Epoch 27/30:  41%|██████████████▍                    | 24/58 [00:00<00:01, 24.65it/s, loss=0.0020]
  Epoch 27/30:  41%|██████████████▍                    | 24/58 [00:01<00:01, 24.65it/s, loss=0.0010]
  Epoch 27/30:  41%|██████████████▍                    | 24/58 [00:01<00:01, 24.65it/s, loss=0.0009]
  Epoch 27/30:  41%|██████████████▍                    | 24/58 [00:01<00:01, 24.65it/s, loss=0.0027]
  Epoch 27/30:  47%|████████████████▎                  | 27/58 [00:01<00:01, 25.24it/s, loss=0.0027]
  Epoch 27/30:  47%|████████████████▎                  | 27/58 [00:01<00:01, 25.24it/s, loss=0.0016]
  Epoch 27/30:  47%|████████████████▎                  | 27/58 [00:01<00:01, 25.24it/s, loss=0.0014]
  Epoch 27/30:  47%|████████████████▎                  | 27/58 [00:01<00:01, 25.24it/s, loss=0.0015]
  Epoch 27/30:  52%|██████████████████                 | 30/58 [00:01<00:01, 25.25it/s, loss=0.0015]
  Epoch 27/30:  52%|██████████████████                 | 30/58 [00:01<00:01, 25.25it/s, loss=0.0015]
  Epoch 27/30:  52%|██████████████████                 | 30/58 [00:01<00:01, 25.25it/s, loss=0.0017]
  Epoch 27/30:  52%|██████████████████                 | 30/58 [00:01<00:01, 25.25it/s, loss=0.0024]
  Epoch 27/30:  57%|███████████████████▉               | 33/58 [00:01<00:01, 24.81it/s, loss=0.0024]
  Epoch 27/30:  57%|███████████████████▉               | 33/58 [00:01<00:01, 24.81it/s, loss=0.0020]
  Epoch 27/30:  57%|███████████████████▉               | 33/58 [00:01<00:01, 24.81it/s, loss=0.0014]
  Epoch 27/30:  57%|███████████████████▉               | 33/58 [00:01<00:01, 24.81it/s, loss=0.0018]
  Epoch 27/30:  62%|█████████████████████▋             | 36/58 [00:01<00:00, 24.44it/s, loss=0.0018]
  Epoch 27/30:  62%|█████████████████████▋             | 36/58 [00:01<00:00, 24.44it/s, loss=0.0010]
  Epoch 27/30:  62%|█████████████████████▋             | 36/58 [00:01<00:00, 24.44it/s, loss=0.0010]
  Epoch 27/30:  62%|█████████████████████▋             | 36/58 [00:01<00:00, 24.44it/s, loss=0.0011]
  Epoch 27/30:  67%|███████████████████████▌           | 39/58 [00:01<00:00, 24.61it/s, loss=0.0011]
  Epoch 27/30:  67%|███████████████████████▌           | 39/58 [00:01<00:00, 24.61it/s, loss=0.0018]
  Epoch 27/30:  67%|███████████████████████▌           | 39/58 [00:01<00:00, 24.61it/s, loss=0.0010]
  Epoch 27/30:  67%|███████████████████████▌           | 39/58 [00:01<00:00, 24.61it/s, loss=0.0016]
  Epoch 27/30:  72%|█████████████████████████▎         | 42/58 [00:01<00:00, 23.68it/s, loss=0.0016]
  Epoch 27/30:  72%|█████████████████████████▎         | 42/58 [00:01<00:00, 23.68it/s, loss=0.0014]
  Epoch 27/30:  72%|█████████████████████████▎         | 42/58 [00:01<00:00, 23.68it/s, loss=0.0016]
  Epoch 27/30:  72%|█████████████████████████▎         | 42/58 [00:01<00:00, 23.68it/s, loss=0.0023]
  Epoch 27/30:  78%|███████████████████████████▏       | 45/58 [00:01<00:00, 23.70it/s, loss=0.0023]
  Epoch 27/30:  78%|███████████████████████████▏       | 45/58 [00:01<00:00, 23.70it/s, loss=0.0020]
  Epoch 27/30:  78%|███████████████████████████▏       | 45/58 [00:01<00:00, 23.70it/s, loss=0.0011]
  Epoch 27/30:  78%|███████████████████████████▏       | 45/58 [00:01<00:00, 23.70it/s, loss=0.0018]
  Epoch 27/30:  83%|████████████████████████████▉      | 48/58 [00:01<00:00, 25.07it/s, loss=0.0018]
  Epoch 27/30:  83%|████████████████████████████▉      | 48/58 [00:01<00:00, 25.07it/s, loss=0.0015]
  Epoch 27/30:  83%|████████████████████████████▉      | 48/58 [00:02<00:00, 25.07it/s, loss=0.0008]
  Epoch 27/30:  83%|████████████████████████████▉      | 48/58 [00:02<00:00, 25.07it/s, loss=0.0027]
  Epoch 27/30:  88%|██████████████████████████████▊    | 51/58 [00:02<00:00, 24.39it/s, loss=0.0027]
  Epoch 27/30:  88%|██████████████████████████████▊    | 51/58 [00:02<00:00, 24.39it/s, loss=0.0022]
  Epoch 27/30:  88%|██████████████████████████████▊    | 51/58 [00:02<00:00, 24.39it/s, loss=0.0014]
  Epoch 27/30:  88%|██████████████████████████████▊    | 51/58 [00:02<00:00, 24.39it/s, loss=0.0027]
  Epoch 27/30:  93%|████████████████████████████████▌  | 54/58 [00:02<00:00, 23.52it/s, loss=0.0027]
  Epoch 27/30:  93%|████████████████████████████████▌  | 54/58 [00:02<00:00, 23.52it/s, loss=0.0023]
  Epoch 27/30:  93%|████████████████████████████████▌  | 54/58 [00:02<00:00, 23.52it/s, loss=0.0014]
  Epoch 27/30:  93%|████████████████████████████████▌  | 54/58 [00:02<00:00, 23.52it/s, loss=0.0017]
  Epoch 27/30:  98%|██████████████████████████████████▍| 57/58 [00:02<00:00, 21.34it/s, loss=0.0017]
  Epoch 27/30:  98%|██████████████████████████████████▍| 57/58 [00:02<00:00, 21.34it/s, loss=0.0002]
                                                                                                    

  Epoch 28/30:   0%|                                                         | 0/58 [00:00<?, ?it/s]
  Epoch 28/30:   0%|                                            | 0/58 [00:00<?, ?it/s, loss=0.0030]
  Epoch 28/30:   0%|                                            | 0/58 [00:00<?, ?it/s, loss=0.0028]
  Epoch 28/30:   3%|█▏                                  | 2/58 [00:00<00:02, 19.68it/s, loss=0.0028]
  Epoch 28/30:   3%|█▏                                  | 2/58 [00:00<00:02, 19.68it/s, loss=0.0021]
  Epoch 28/30:   3%|█▏                                  | 2/58 [00:00<00:02, 19.68it/s, loss=0.0012]
  Epoch 28/30:   7%|██▍                                 | 4/58 [00:00<00:02, 18.49it/s, loss=0.0012]
  Epoch 28/30:   7%|██▍                                 | 4/58 [00:00<00:02, 18.49it/s, loss=0.0019]
  Epoch 28/30:   7%|██▍                                 | 4/58 [00:00<00:02, 18.49it/s, loss=0.0011]
  Epoch 28/30:  10%|███▋                                | 6/58 [00:00<00:02, 18.30it/s, loss=0.0011]
  Epoch 28/30:  10%|███▋                                | 6/58 [00:00<00:02, 18.30it/s, loss=0.0010]
  Epoch 28/30:  10%|███▋                                | 6/58 [00:00<00:02, 18.30it/s, loss=0.0017]
  Epoch 28/30:  10%|███▋                                | 6/58 [00:00<00:02, 18.30it/s, loss=0.0011]
  Epoch 28/30:  16%|█████▌                              | 9/58 [00:00<00:02, 19.50it/s, loss=0.0011]
  Epoch 28/30:  16%|█████▌                              | 9/58 [00:00<00:02, 19.50it/s, loss=0.0019]
  Epoch 28/30:  16%|█████▌                              | 9/58 [00:00<00:02, 19.50it/s, loss=0.0020]
  Epoch 28/30:  16%|█████▌                              | 9/58 [00:00<00:02, 19.50it/s, loss=0.0011]
  Epoch 28/30:  21%|███████▏                           | 12/58 [00:00<00:02, 19.99it/s, loss=0.0011]
  Epoch 28/30:  21%|███████▏                           | 12/58 [00:00<00:02, 19.99it/s, loss=0.0008]
  Epoch 28/30:  21%|███████▏                           | 12/58 [00:00<00:02, 19.99it/s, loss=0.0025]
  Epoch 28/30:  24%|████████▍                          | 14/58 [00:00<00:02, 19.16it/s, loss=0.0025]
  Epoch 28/30:  24%|████████▍                          | 14/58 [00:00<00:02, 19.16it/s, loss=0.0010]
  Epoch 28/30:  24%|████████▍                          | 14/58 [00:00<00:02, 19.16it/s, loss=0.0021]
  Epoch 28/30:  24%|████████▍                          | 14/58 [00:00<00:02, 19.16it/s, loss=0.0022]
  Epoch 28/30:  29%|██████████▎                        | 17/58 [00:00<00:02, 19.95it/s, loss=0.0022]
  Epoch 28/30:  29%|██████████▎                        | 17/58 [00:00<00:02, 19.95it/s, loss=0.0012]
  Epoch 28/30:  29%|██████████▎                        | 17/58 [00:00<00:02, 19.95it/s, loss=0.0009]
  Epoch 28/30:  33%|███████████▍                       | 19/58 [00:00<00:02, 19.38it/s, loss=0.0009]
  Epoch 28/30:  33%|███████████▍                       | 19/58 [00:01<00:02, 19.38it/s, loss=0.0009]
  Epoch 28/30:  33%|███████████▍                       | 19/58 [00:01<00:02, 19.38it/s, loss=0.0010]
  Epoch 28/30:  33%|███████████▍                       | 19/58 [00:01<00:02, 19.38it/s, loss=0.0014]
  Epoch 28/30:  38%|█████████████▎                     | 22/58 [00:01<00:01, 19.63it/s, loss=0.0014]
  Epoch 28/30:  38%|█████████████▎                     | 22/58 [00:01<00:01, 19.63it/s, loss=0.0007]
  Epoch 28/30:  38%|█████████████▎                     | 22/58 [00:01<00:01, 19.63it/s, loss=0.0016]
  Epoch 28/30:  41%|██████████████▍                    | 24/58 [00:01<00:01, 19.35it/s, loss=0.0016]
  Epoch 28/30:  41%|██████████████▍                    | 24/58 [00:01<00:01, 19.35it/s, loss=0.0017]
  Epoch 28/30:  41%|██████████████▍                    | 24/58 [00:01<00:01, 19.35it/s, loss=0.0026]
  Epoch 28/30:  41%|██████████████▍                    | 24/58 [00:01<00:01, 19.35it/s, loss=0.0024]
  Epoch 28/30:  47%|████████████████▎                  | 27/58 [00:01<00:01, 19.62it/s, loss=0.0024]
  Epoch 28/30:  47%|████████████████▎                  | 27/58 [00:01<00:01, 19.62it/s, loss=0.0026]
  Epoch 28/30:  47%|████████████████▎                  | 27/58 [00:01<00:01, 19.62it/s, loss=0.0008]
  Epoch 28/30:  50%|█████████████████▌                 | 29/58 [00:01<00:01, 18.73it/s, loss=0.0008]
  Epoch 28/30:  50%|█████████████████▌                 | 29/58 [00:01<00:01, 18.73it/s, loss=0.0024]
  Epoch 28/30:  50%|█████████████████▌                 | 29/58 [00:01<00:01, 18.73it/s, loss=0.0015]
  Epoch 28/30:  53%|██████████████████▋                | 31/58 [00:01<00:01, 18.34it/s, loss=0.0015]
  Epoch 28/30:  53%|██████████████████▋                | 31/58 [00:01<00:01, 18.34it/s, loss=0.0021]
  Epoch 28/30:  53%|██████████████████▋                | 31/58 [00:01<00:01, 18.34it/s, loss=0.0006]
  Epoch 28/30:  57%|███████████████████▉               | 33/58 [00:01<00:01, 18.37it/s, loss=0.0006]
  Epoch 28/30:  57%|███████████████████▉               | 33/58 [00:01<00:01, 18.37it/s, loss=0.0008]
  Epoch 28/30:  57%|███████████████████▉               | 33/58 [00:01<00:01, 18.37it/s, loss=0.0013]
  Epoch 28/30:  60%|█████████████████████              | 35/58 [00:01<00:01, 18.62it/s, loss=0.0013]
  Epoch 28/30:  60%|█████████████████████              | 35/58 [00:01<00:01, 18.62it/s, loss=0.0016]
  Epoch 28/30:  60%|█████████████████████              | 35/58 [00:01<00:01, 18.62it/s, loss=0.0013]
  Epoch 28/30:  64%|██████████████████████▎            | 37/58 [00:01<00:01, 18.64it/s, loss=0.0013]
  Epoch 28/30:  64%|██████████████████████▎            | 37/58 [00:01<00:01, 18.64it/s, loss=0.0014]
  Epoch 28/30:  64%|██████████████████████▎            | 37/58 [00:02<00:01, 18.64it/s, loss=0.0013]
  Epoch 28/30:  67%|███████████████████████▌           | 39/58 [00:02<00:01, 18.72it/s, loss=0.0013]
  Epoch 28/30:  67%|███████████████████████▌           | 39/58 [00:02<00:01, 18.72it/s, loss=0.0018]
  Epoch 28/30:  67%|███████████████████████▌           | 39/58 [00:02<00:01, 18.72it/s, loss=0.0026]
  Epoch 28/30:  71%|████████████████████████▋          | 41/58 [00:02<00:00, 18.57it/s, loss=0.0026]
  Epoch 28/30:  71%|████████████████████████▋          | 41/58 [00:02<00:00, 18.57it/s, loss=0.0019]
  Epoch 28/30:  71%|████████████████████████▋          | 41/58 [00:02<00:00, 18.57it/s, loss=0.0016]
  Epoch 28/30:  74%|█████████████████████████▉         | 43/58 [00:02<00:00, 18.42it/s, loss=0.0016]
  Epoch 28/30:  74%|█████████████████████████▉         | 43/58 [00:02<00:00, 18.42it/s, loss=0.0009]
  Epoch 28/30:  74%|█████████████████████████▉         | 43/58 [00:02<00:00, 18.42it/s, loss=0.0015]
  Epoch 28/30:  78%|███████████████████████████▏       | 45/58 [00:02<00:00, 17.68it/s, loss=0.0015]
  Epoch 28/30:  78%|███████████████████████████▏       | 45/58 [00:02<00:00, 17.68it/s, loss=0.0014]
  Epoch 28/30:  78%|███████████████████████████▏       | 45/58 [00:02<00:00, 17.68it/s, loss=0.0008]
  Epoch 28/30:  81%|████████████████████████████▎      | 47/58 [00:02<00:00, 17.70it/s, loss=0.0008]
  Epoch 28/30:  81%|████████████████████████████▎      | 47/58 [00:02<00:00, 17.70it/s, loss=0.0011]
  Epoch 28/30:  81%|████████████████████████████▎      | 47/58 [00:02<00:00, 17.70it/s, loss=0.0027]
  Epoch 28/30:  81%|████████████████████████████▎      | 47/58 [00:02<00:00, 17.70it/s, loss=0.0016]
  Epoch 28/30:  86%|██████████████████████████████▏    | 50/58 [00:02<00:00, 18.48it/s, loss=0.0016]
  Epoch 28/30:  86%|██████████████████████████████▏    | 50/58 [00:02<00:00, 18.48it/s, loss=0.0021]
  Epoch 28/30:  86%|██████████████████████████████▏    | 50/58 [00:02<00:00, 18.48it/s, loss=0.0023]
  Epoch 28/30:  90%|███████████████████████████████▍   | 52/58 [00:02<00:00, 17.96it/s, loss=0.0023]
  Epoch 28/30:  90%|███████████████████████████████▍   | 52/58 [00:02<00:00, 17.96it/s, loss=0.0017]
  Epoch 28/30:  90%|███████████████████████████████▍   | 52/58 [00:02<00:00, 17.96it/s, loss=0.0011]
  Epoch 28/30:  90%|███████████████████████████████▍   | 52/58 [00:02<00:00, 17.96it/s, loss=0.0015]
  Epoch 28/30:  95%|█████████████████████████████████▏ | 55/58 [00:02<00:00, 19.21it/s, loss=0.0015]
  Epoch 28/30:  95%|█████████████████████████████████▏ | 55/58 [00:02<00:00, 19.21it/s, loss=0.0022]
  Epoch 28/30:  95%|█████████████████████████████████▏ | 55/58 [00:03<00:00, 19.21it/s, loss=0.0022]
  Epoch 28/30:  98%|██████████████████████████████████▍| 57/58 [00:03<00:00, 19.41it/s, loss=0.0022]
  Epoch 28/30:  98%|██████████████████████████████████▍| 57/58 [00:03<00:00, 19.41it/s, loss=0.0006]
                                                                                                    

  Epoch 29/30:   0%|                                                         | 0/58 [00:00<?, ?it/s]
  Epoch 29/30:   0%|                                            | 0/58 [00:00<?, ?it/s, loss=0.0011]
  Epoch 29/30:   0%|                                            | 0/58 [00:00<?, ?it/s, loss=0.0018]
  Epoch 29/30:   3%|█▏                                  | 2/58 [00:00<00:02, 19.82it/s, loss=0.0018]
  Epoch 29/30:   3%|█▏                                  | 2/58 [00:00<00:02, 19.82it/s, loss=0.0021]
  Epoch 29/30:   3%|█▏                                  | 2/58 [00:00<00:02, 19.82it/s, loss=0.0016]
  Epoch 29/30:   3%|█▏                                  | 2/58 [00:00<00:02, 19.82it/s, loss=0.0027]
  Epoch 29/30:   9%|███                                 | 5/58 [00:00<00:02, 23.85it/s, loss=0.0027]
  Epoch 29/30:   9%|███                                 | 5/58 [00:00<00:02, 23.85it/s, loss=0.0010]
  Epoch 29/30:   9%|███                                 | 5/58 [00:00<00:02, 23.85it/s, loss=0.0013]
  Epoch 29/30:   9%|███                                 | 5/58 [00:00<00:02, 23.85it/s, loss=0.0008]
  Epoch 29/30:  14%|████▉                               | 8/58 [00:00<00:02, 24.11it/s, loss=0.0008]
  Epoch 29/30:  14%|████▉                               | 8/58 [00:00<00:02, 24.11it/s, loss=0.0010]
  Epoch 29/30:  14%|████▉                               | 8/58 [00:00<00:02, 24.11it/s, loss=0.0010]
  Epoch 29/30:  14%|████▉                               | 8/58 [00:00<00:02, 24.11it/s, loss=0.0031]
  Epoch 29/30:  19%|██████▋                            | 11/58 [00:00<00:01, 26.05it/s, loss=0.0031]
  Epoch 29/30:  19%|██████▋                            | 11/58 [00:00<00:01, 26.05it/s, loss=0.0016]
  Epoch 29/30:  19%|██████▋                            | 11/58 [00:00<00:01, 26.05it/s, loss=0.0017]
  Epoch 29/30:  19%|██████▋                            | 11/58 [00:00<00:01, 26.05it/s, loss=0.0010]
  Epoch 29/30:  24%|████████▍                          | 14/58 [00:00<00:01, 24.81it/s, loss=0.0010]
  Epoch 29/30:  24%|████████▍                          | 14/58 [00:00<00:01, 24.81it/s, loss=0.0018]
  Epoch 29/30:  24%|████████▍                          | 14/58 [00:00<00:01, 24.81it/s, loss=0.0011]
  Epoch 29/30:  24%|████████▍                          | 14/58 [00:00<00:01, 24.81it/s, loss=0.0016]
  Epoch 29/30:  29%|██████████▎                        | 17/58 [00:00<00:01, 24.83it/s, loss=0.0016]
  Epoch 29/30:  29%|██████████▎                        | 17/58 [00:00<00:01, 24.83it/s, loss=0.0012]
  Epoch 29/30:  29%|██████████▎                        | 17/58 [00:00<00:01, 24.83it/s, loss=0.0017]
  Epoch 29/30:  29%|██████████▎                        | 17/58 [00:00<00:01, 24.83it/s, loss=0.0015]
  Epoch 29/30:  34%|████████████                       | 20/58 [00:00<00:01, 24.74it/s, loss=0.0015]
  Epoch 29/30:  34%|████████████                       | 20/58 [00:00<00:01, 24.74it/s, loss=0.0025]
  Epoch 29/30:  34%|████████████                       | 20/58 [00:00<00:01, 24.74it/s, loss=0.0014]
  Epoch 29/30:  34%|████████████                       | 20/58 [00:00<00:01, 24.74it/s, loss=0.0008]
  Epoch 29/30:  40%|█████████████▉                     | 23/58 [00:00<00:01, 23.12it/s, loss=0.0008]
  Epoch 29/30:  40%|█████████████▉                     | 23/58 [00:00<00:01, 23.12it/s, loss=0.0015]
  Epoch 29/30:  40%|█████████████▉                     | 23/58 [00:01<00:01, 23.12it/s, loss=0.0019]
  Epoch 29/30:  40%|█████████████▉                     | 23/58 [00:01<00:01, 23.12it/s, loss=0.0008]
  Epoch 29/30:  45%|███████████████▋                   | 26/58 [00:01<00:01, 22.68it/s, loss=0.0008]
  Epoch 29/30:  45%|███████████████▋                   | 26/58 [00:01<00:01, 22.68it/s, loss=0.0019]
  Epoch 29/30:  45%|███████████████▋                   | 26/58 [00:01<00:01, 22.68it/s, loss=0.0031]
  Epoch 29/30:  45%|███████████████▋                   | 26/58 [00:01<00:01, 22.68it/s, loss=0.0023]
  Epoch 29/30:  50%|█████████████████▌                 | 29/58 [00:01<00:01, 23.71it/s, loss=0.0023]
  Epoch 29/30:  50%|█████████████████▌                 | 29/58 [00:01<00:01, 23.71it/s, loss=0.0012]
  Epoch 29/30:  50%|█████████████████▌                 | 29/58 [00:01<00:01, 23.71it/s, loss=0.0018]
  Epoch 29/30:  50%|█████████████████▌                 | 29/58 [00:01<00:01, 23.71it/s, loss=0.0016]
  Epoch 29/30:  55%|███████████████████▎               | 32/58 [00:01<00:01, 23.81it/s, loss=0.0016]
  Epoch 29/30:  55%|███████████████████▎               | 32/58 [00:01<00:01, 23.81it/s, loss=0.0011]
  Epoch 29/30:  55%|███████████████████▎               | 32/58 [00:01<00:01, 23.81it/s, loss=0.0027]
  Epoch 29/30:  55%|███████████████████▎               | 32/58 [00:01<00:01, 23.81it/s, loss=0.0013]
  Epoch 29/30:  60%|█████████████████████              | 35/58 [00:01<00:01, 21.92it/s, loss=0.0013]
  Epoch 29/30:  60%|█████████████████████              | 35/58 [00:01<00:01, 21.92it/s, loss=0.0007]
  Epoch 29/30:  60%|█████████████████████              | 35/58 [00:01<00:01, 21.92it/s, loss=0.0026]
  Epoch 29/30:  60%|█████████████████████              | 35/58 [00:01<00:01, 21.92it/s, loss=0.0021]
  Epoch 29/30:  66%|██████████████████████▉            | 38/58 [00:01<00:00, 21.63it/s, loss=0.0021]
  Epoch 29/30:  66%|██████████████████████▉            | 38/58 [00:01<00:00, 21.63it/s, loss=0.0008]
  Epoch 29/30:  66%|██████████████████████▉            | 38/58 [00:01<00:00, 21.63it/s, loss=0.0011]
  Epoch 29/30:  66%|██████████████████████▉            | 38/58 [00:01<00:00, 21.63it/s, loss=0.0019]
  Epoch 29/30:  71%|████████████████████████▋          | 41/58 [00:01<00:00, 19.95it/s, loss=0.0019]
  Epoch 29/30:  71%|████████████████████████▋          | 41/58 [00:01<00:00, 19.95it/s, loss=0.0008]
  Epoch 29/30:  71%|████████████████████████▋          | 41/58 [00:01<00:00, 19.95it/s, loss=0.0007]
  Epoch 29/30:  71%|████████████████████████▋          | 41/58 [00:01<00:00, 19.95it/s, loss=0.0008]
  Epoch 29/30:  76%|██████████████████████████▌        | 44/58 [00:01<00:00, 18.88it/s, loss=0.0008]
  Epoch 29/30:  76%|██████████████████████████▌        | 44/58 [00:02<00:00, 18.88it/s, loss=0.0021]
  Epoch 29/30:  76%|██████████████████████████▌        | 44/58 [00:02<00:00, 18.88it/s, loss=0.0013]
  Epoch 29/30:  79%|███████████████████████████▊       | 46/58 [00:02<00:00, 18.26it/s, loss=0.0013]
  Epoch 29/30:  79%|███████████████████████████▊       | 46/58 [00:02<00:00, 18.26it/s, loss=0.0010]
  Epoch 29/30:  79%|███████████████████████████▊       | 46/58 [00:02<00:00, 18.26it/s, loss=0.0017]
  Epoch 29/30:  83%|████████████████████████████▉      | 48/58 [00:02<00:00, 18.16it/s, loss=0.0017]
  Epoch 29/30:  83%|████████████████████████████▉      | 48/58 [00:02<00:00, 18.16it/s, loss=0.0011]
  Epoch 29/30:  83%|████████████████████████████▉      | 48/58 [00:02<00:00, 18.16it/s, loss=0.0014]
  Epoch 29/30:  86%|██████████████████████████████▏    | 50/58 [00:02<00:00, 18.38it/s, loss=0.0014]
  Epoch 29/30:  86%|██████████████████████████████▏    | 50/58 [00:02<00:00, 18.38it/s, loss=0.0015]
  Epoch 29/30:  86%|██████████████████████████████▏    | 50/58 [00:02<00:00, 18.38it/s, loss=0.0017]
  Epoch 29/30:  90%|███████████████████████████████▍   | 52/58 [00:02<00:00, 18.38it/s, loss=0.0017]
  Epoch 29/30:  90%|███████████████████████████████▍   | 52/58 [00:02<00:00, 18.38it/s, loss=0.0018]
  Epoch 29/30:  90%|███████████████████████████████▍   | 52/58 [00:02<00:00, 18.38it/s, loss=0.0028]
  Epoch 29/30:  93%|████████████████████████████████▌  | 54/58 [00:02<00:00, 17.72it/s, loss=0.0028]
  Epoch 29/30:  93%|████████████████████████████████▌  | 54/58 [00:02<00:00, 17.72it/s, loss=0.0016]
  Epoch 29/30:  93%|████████████████████████████████▌  | 54/58 [00:02<00:00, 17.72it/s, loss=0.0023]
  Epoch 29/30:  97%|█████████████████████████████████▊ | 56/58 [00:02<00:00, 17.82it/s, loss=0.0023]
  Epoch 29/30:  97%|█████████████████████████████████▊ | 56/58 [00:02<00:00, 17.82it/s, loss=0.0020]
  Epoch 29/30:  97%|█████████████████████████████████▊ | 56/58 [00:02<00:00, 17.82it/s, loss=0.0000]
                                                                                                    

  Epoch 30/30:   0%|                                                         | 0/58 [00:00<?, ?it/s]
  Epoch 30/30:   0%|                                            | 0/58 [00:00<?, ?it/s, loss=0.0031]
  Epoch 30/30:   0%|                                            | 0/58 [00:00<?, ?it/s, loss=0.0009]
  Epoch 30/30:   3%|█▏                                  | 2/58 [00:00<00:03, 14.83it/s, loss=0.0009]
  Epoch 30/30:   3%|█▏                                  | 2/58 [00:00<00:03, 14.83it/s, loss=0.0018]
  Epoch 30/30:   3%|█▏                                  | 2/58 [00:00<00:03, 14.83it/s, loss=0.0025]
  Epoch 30/30:   7%|██▍                                 | 4/58 [00:00<00:03, 15.97it/s, loss=0.0025]
  Epoch 30/30:   7%|██▍                                 | 4/58 [00:00<00:03, 15.97it/s, loss=0.0009]
  Epoch 30/30:   7%|██▍                                 | 4/58 [00:00<00:03, 15.97it/s, loss=0.0015]
  Epoch 30/30:  10%|███▋                                | 6/58 [00:00<00:03, 17.12it/s, loss=0.0015]
  Epoch 30/30:  10%|███▋                                | 6/58 [00:00<00:03, 17.12it/s, loss=0.0017]
  Epoch 30/30:  10%|███▋                                | 6/58 [00:00<00:03, 17.12it/s, loss=0.0021]
  Epoch 30/30:  10%|███▋                                | 6/58 [00:00<00:03, 17.12it/s, loss=0.0018]
  Epoch 30/30:  16%|█████▌                              | 9/58 [00:00<00:02, 17.96it/s, loss=0.0018]
  Epoch 30/30:  16%|█████▌                              | 9/58 [00:00<00:02, 17.96it/s, loss=0.0017]
  Epoch 30/30:  16%|█████▌                              | 9/58 [00:00<00:02, 17.96it/s, loss=0.0023]
  Epoch 30/30:  19%|██████▋                            | 11/58 [00:00<00:02, 17.75it/s, loss=0.0023]
  Epoch 30/30:  19%|██████▋                            | 11/58 [00:00<00:02, 17.75it/s, loss=0.0014]
  Epoch 30/30:  19%|██████▋                            | 11/58 [00:00<00:02, 17.75it/s, loss=0.0014]
  Epoch 30/30:  22%|███████▊                           | 13/58 [00:00<00:02, 17.37it/s, loss=0.0014]
  Epoch 30/30:  22%|███████▊                           | 13/58 [00:00<00:02, 17.37it/s, loss=0.0012]
  Epoch 30/30:  22%|███████▊                           | 13/58 [00:00<00:02, 17.37it/s, loss=0.0017]
  Epoch 30/30:  26%|█████████                          | 15/58 [00:00<00:02, 17.47it/s, loss=0.0017]
  Epoch 30/30:  26%|█████████                          | 15/58 [00:00<00:02, 17.47it/s, loss=0.0023]
  Epoch 30/30:  26%|█████████                          | 15/58 [00:00<00:02, 17.47it/s, loss=0.0016]
  Epoch 30/30:  29%|██████████▎                        | 17/58 [00:00<00:02, 17.25it/s, loss=0.0016]
  Epoch 30/30:  29%|██████████▎                        | 17/58 [00:01<00:02, 17.25it/s, loss=0.0015]
  Epoch 30/30:  29%|██████████▎                        | 17/58 [00:01<00:02, 17.25it/s, loss=0.0014]
  Epoch 30/30:  33%|███████████▍                       | 19/58 [00:01<00:02, 17.01it/s, loss=0.0014]
  Epoch 30/30:  33%|███████████▍                       | 19/58 [00:01<00:02, 17.01it/s, loss=0.0018]
  Epoch 30/30:  33%|███████████▍                       | 19/58 [00:01<00:02, 17.01it/s, loss=0.0011]
  Epoch 30/30:  36%|████████████▋                      | 21/58 [00:01<00:02, 16.94it/s, loss=0.0011]
  Epoch 30/30:  36%|████████████▋                      | 21/58 [00:01<00:02, 16.94it/s, loss=0.0011]
  Epoch 30/30:  36%|████████████▋                      | 21/58 [00:01<00:02, 16.94it/s, loss=0.0010]
  Epoch 30/30:  40%|█████████████▉                     | 23/58 [00:01<00:02, 16.74it/s, loss=0.0010]
  Epoch 30/30:  40%|█████████████▉                     | 23/58 [00:01<00:02, 16.74it/s, loss=0.0010]
  Epoch 30/30:  40%|█████████████▉                     | 23/58 [00:01<00:02, 16.74it/s, loss=0.0016]
  Epoch 30/30:  43%|███████████████                    | 25/58 [00:01<00:01, 17.07it/s, loss=0.0016]
  Epoch 30/30:  43%|███████████████                    | 25/58 [00:01<00:01, 17.07it/s, loss=0.0027]
  Epoch 30/30:  43%|███████████████                    | 25/58 [00:01<00:01, 17.07it/s, loss=0.0019]
  Epoch 30/30:  47%|████████████████▎                  | 27/58 [00:01<00:01, 17.80it/s, loss=0.0019]
  Epoch 30/30:  47%|████████████████▎                  | 27/58 [00:01<00:01, 17.80it/s, loss=0.0012]
  Epoch 30/30:  47%|████████████████▎                  | 27/58 [00:01<00:01, 17.80it/s, loss=0.0013]
  Epoch 30/30:  50%|█████████████████▌                 | 29/58 [00:01<00:01, 18.18it/s, loss=0.0013]
  Epoch 30/30:  50%|█████████████████▌                 | 29/58 [00:01<00:01, 18.18it/s, loss=0.0014]
  Epoch 30/30:  50%|█████████████████▌                 | 29/58 [00:01<00:01, 18.18it/s, loss=0.0013]
  Epoch 30/30:  50%|█████████████████▌                 | 29/58 [00:01<00:01, 18.18it/s, loss=0.0012]
  Epoch 30/30:  55%|███████████████████▎               | 32/58 [00:01<00:01, 19.17it/s, loss=0.0012]
  Epoch 30/30:  55%|███████████████████▎               | 32/58 [00:01<00:01, 19.17it/s, loss=0.0019]
  Epoch 30/30:  55%|███████████████████▎               | 32/58 [00:01<00:01, 19.17it/s, loss=0.0010]
  Epoch 30/30:  55%|███████████████████▎               | 32/58 [00:01<00:01, 19.17it/s, loss=0.0020]
  Epoch 30/30:  60%|█████████████████████              | 35/58 [00:01<00:01, 19.75it/s, loss=0.0020]
  Epoch 30/30:  60%|█████████████████████              | 35/58 [00:01<00:01, 19.75it/s, loss=0.0018]
  Epoch 30/30:  60%|█████████████████████              | 35/58 [00:02<00:01, 19.75it/s, loss=0.0028]
  Epoch 30/30:  60%|█████████████████████              | 35/58 [00:02<00:01, 19.75it/s, loss=0.0013]
  Epoch 30/30:  66%|██████████████████████▉            | 38/58 [00:02<00:00, 21.01it/s, loss=0.0013]
  Epoch 30/30:  66%|██████████████████████▉            | 38/58 [00:02<00:00, 21.01it/s, loss=0.0009]
  Epoch 30/30:  66%|██████████████████████▉            | 38/58 [00:02<00:00, 21.01it/s, loss=0.0014]
  Epoch 30/30:  66%|██████████████████████▉            | 38/58 [00:02<00:00, 21.01it/s, loss=0.0013]
  Epoch 30/30:  71%|████████████████████████▋          | 41/58 [00:02<00:00, 21.18it/s, loss=0.0013]
  Epoch 30/30:  71%|████████████████████████▋          | 41/58 [00:02<00:00, 21.18it/s, loss=0.0005]
  Epoch 30/30:  71%|████████████████████████▋          | 41/58 [00:02<00:00, 21.18it/s, loss=0.0032]
  Epoch 30/30:  71%|████████████████████████▋          | 41/58 [00:02<00:00, 21.18it/s, loss=0.0011]
  Epoch 30/30:  76%|██████████████████████████▌        | 44/58 [00:02<00:00, 21.63it/s, loss=0.0011]
  Epoch 30/30:  76%|██████████████████████████▌        | 44/58 [00:02<00:00, 21.63it/s, loss=0.0022]
  Epoch 30/30:  76%|██████████████████████████▌        | 44/58 [00:02<00:00, 21.63it/s, loss=0.0011]
  Epoch 30/30:  76%|██████████████████████████▌        | 44/58 [00:02<00:00, 21.63it/s, loss=0.0019]
  Epoch 30/30:  81%|████████████████████████████▎      | 47/58 [00:02<00:00, 20.51it/s, loss=0.0019]
  Epoch 30/30:  81%|████████████████████████████▎      | 47/58 [00:02<00:00, 20.51it/s, loss=0.0015]
  Epoch 30/30:  81%|████████████████████████████▎      | 47/58 [00:02<00:00, 20.51it/s, loss=0.0013]
  Epoch 30/30:  81%|████████████████████████████▎      | 47/58 [00:02<00:00, 20.51it/s, loss=0.0018]
  Epoch 30/30:  86%|██████████████████████████████▏    | 50/58 [00:02<00:00, 20.16it/s, loss=0.0018]
  Epoch 30/30:  86%|██████████████████████████████▏    | 50/58 [00:02<00:00, 20.16it/s, loss=0.0011]
  Epoch 30/30:  86%|██████████████████████████████▏    | 50/58 [00:02<00:00, 20.16it/s, loss=0.0014]
  Epoch 30/30:  86%|██████████████████████████████▏    | 50/58 [00:02<00:00, 20.16it/s, loss=0.0017]
  Epoch 30/30:  91%|███████████████████████████████▉   | 53/58 [00:02<00:00, 21.01it/s, loss=0.0017]
  Epoch 30/30:  91%|███████████████████████████████▉   | 53/58 [00:02<00:00, 21.01it/s, loss=0.0008]
  Epoch 30/30:  91%|███████████████████████████████▉   | 53/58 [00:02<00:00, 21.01it/s, loss=0.0020]
  Epoch 30/30:  91%|███████████████████████████████▉   | 53/58 [00:02<00:00, 21.01it/s, loss=0.0010]
  Epoch 30/30:  97%|█████████████████████████████████▊ | 56/58 [00:02<00:00, 20.82it/s, loss=0.0010]
  Epoch 30/30:  97%|█████████████████████████████████▊ | 56/58 [00:02<00:00, 20.82it/s, loss=0.0007]
  Epoch 30/30:  97%|█████████████████████████████████▊ | 56/58 [00:03<00:00, 20.82it/s, loss=0.0033]
                                                                                                    
  Epoch 30/30 │ Loss: 0.0016 │ T+1: 0.8773 │ T+2: 0.7692 │ T+3: 0.6382

  → Loading best model checkpoint
    Best T+1 NSE: 0.8783

  → Saving model
    Model saved: E:\SRIP 2025\Streamflow and Water-level Prediction\Final Stuff\srip-transformer\runs\seq_fitter_20260304_205648\model.pt

============================================================
  STEP 7: EVALUATING MODEL
============================================================

  → Evaluating on Test Set 1961-1970

  Testing 1961-1970:   0%|                                                   | 0/15 [00:00<?, ?it/s]
  Testing 1961-1970:  33%|██████████████▎                            | 5/15 [00:00<00:00, 41.30it/s]
  Testing 1961-1970:  73%|██████████████████████████████▊           | 11/15 [00:00<00:00, 43.82it/s]
                                                                                                    

    Results (1961-1970):
    Horizon       NSE       R²      PBIAS │      P90      P95 │    Peak%
    ----------------------------------------------------------------------
    T1         0.9380   0.9380      2.39% │   0.8722   0.8300 │    84.9%
    T2         0.8705   0.8705      3.47% │   0.7296   0.6414 │    70.4%
    T3         0.7632   0.7632     13.81% │   0.4801   0.2379 │    71.5%

  → Evaluating on Test Set 2011-2020

  Testing 2011-2020:   0%|                                                   | 0/15 [00:00<?, ?it/s]
  Testing 2011-2020:  33%|██████████████▎                            | 5/15 [00:00<00:00, 38.81it/s]
  Testing 2011-2020:  60%|█████████████████████████▊                 | 9/15 [00:00<00:00, 36.68it/s]
  Testing 2011-2020:  93%|███████████████████████████████████████▏  | 14/15 [00:00<00:00, 37.67it/s]
                                                                                                    

    Results (2011-2020):
    Horizon       NSE       R²      PBIAS │      P90      P95 │    Peak%
    ----------------------------------------------------------------------
    T1         0.8593   0.8593      1.26% │   0.7530   0.7201 │    74.7%
    T2         0.6201   0.6201    -19.36% │   0.3094   0.2280 │    91.0%
    T3         0.4907   0.4907     -1.59% │   0.0568  -0.0590 │    70.2%

============================================================
  STEP 8: SAVING RESULTS
============================================================

  → Saving results.json

  → Saving train_history.json

  → Computing feature saliency (gradient × input)
    Features: ['rainfall', 'tmax', 'tmin', 'waterlevel_upstream', 'streamflow_upstream', 'waterlevel_final', 'streamflow_final', 'hierarchical_feature_quantile_0.1', 'hierarchical_feature_quantile_0.5', 'hierarchical_feature_quantile_0.9', 'hierarchical_feature_quantile_0.95']
Traceback (most recent call last):
  File "E:\SRIP 2025\Streamflow and Water-level Prediction\Final Stuff\srip-transformer\src\train.py", line 895, in <module>
    main()
  File "E:\SRIP 2025\Streamflow and Water-level Prediction\Final Stuff\srip-transformer\src\train.py", line 850, in main
    saliency_results = compute_feature_saliency(
                       ^^^^^^^^^^^^^^^^^^^^^^^^^
  File "E:\SRIP 2025\Streamflow and Water-level Prediction\Final Stuff\srip-transformer\src\train.py", line 398, in compute_feature_saliency
    predictions[horizon].sum().backward(retain_graph=True)
  File "C:\Users\HP\AppData\Local\Programs\Python\Python312\Lib\site-packages\torch\_tensor.py", line 630, in backward
    torch.autograd.backward(
  File "C:\Users\HP\AppData\Local\Programs\Python\Python312\Lib\site-packages\torch\autograd\__init__.py", line 364, in backward
    _engine_run_backward(
  File "C:\Users\HP\AppData\Local\Programs\Python\Python312\Lib\site-packages\torch\autograd\graph.py", line 865, in _engine_run_backward
    return Variable._execution_engine.run_backward(  # Calls into the C++ engine to run the backward pass
           ^^^^^^^^^^^^^^^^^^^^^^^^^^^^^^^^^^^^^^^^^^^^^^^^^^^^^^^^^^^^^^^^^^^^^^^^^^^^^^^^^^^^^^^^^^^^^^
RuntimeError: cudnn RNN backward can only be called in training mode
