
============================================================
  SeqLSTM TRAINING PIPELINE
  Modular Ablation Framework
============================================================

============================================================
  STEP 1: LOADING CONFIGURATION
============================================================
  Config file: E:\SRIP 2025\Streamflow and Water-level Prediction\Final Stuff\srip-transformer\src\configs\full.yaml
  Config name: full

  Configuration:
    • Sequential:    ✓ ON  (3 LSTM blocks)
    • Bidirectional: ✗ OFF
    • Attention:     ✓ ON  (MHA)
    • Rating Curve:  ✓ ON
    • Hierarchical:  ✓ ON

  LSTM Settings:
    • Hidden dim:    64
    • Num layers:    1
    • Dropout:       0.1

  Attention Settings:
    • Num heads:     8

  Hard Constraints (enforced globally):
    • Lookback:      7 days
    • Batch size:    256
    • Learning rate: 0.001
    • Epochs:        30
    • Optimizer:     Adam
    • Loss:          MSE
    • Random seed:   74

  → Setting random seed: 74

  → Using device: cuda
    GPU: NVIDIA GeForce RTX 3050 4GB Laptop GPU

============================================================
  STEP 2: LOADING AND PREPARING DATA
============================================================

  → Loading station data: E:\SRIP 2025\Streamflow and Water-level Prediction\Final Stuff\srip-transformer\hierarchial\new_Barmanghat_with_hierarchical_quantiles.csv
    Raw data shape: (22279, 23)
    Date range: 1961-01-02 to 2021-12-31

  → Detected pre-computed hierarchical features in CSV
    • hierarchical_feature_quantile_0.1
    • hierarchical_feature_quantile_0.5
    • hierarchical_feature_quantile_0.9
    • hierarchical_feature_quantile_0.95
    ✓ Will be INCLUDED (use_hierarchical=True)

  → Determining feature set
    ✓ Including 4 hierarchical features
    Using auto-detected features
    Total features: 11
       1. rainfall
       2. tmax
       3. tmin
       4. waterlevel_upstream
       5. streamflow_upstream
       6. waterlevel_final
       7. streamflow_final
       8. hierarchical_feature_quantile_0.1
       9. hierarchical_feature_quantile_0.5
      10. hierarchical_feature_quantile_0.9
      11. hierarchical_feature_quantile_0.95
    Target: streamflow_final

  → Loading processed data
    Station: Barmanghat
    Processed shape: (22279, 23)

  → Splitting data by year
    Train (1971-2010):        14,610 samples
    Test (1961-1970):         3,651 samples
    Test (2011-2020):         3,653 samples

  → Scaling features (MinMaxScaler)
    Scaler fitted on 11 features

  → Creating PyTorch datasets
    Lookback window: 7 days (t-7 to t-1)
    Train dataset:   14,600 sequences
    Test 61-70:      3,641 sequences
    Test 11-20:      3,643 sequences
    ✓ Dual-target mode: streamflow + water level targets

  → Creating DataLoaders
    Batch size: 256
    Train batches: 58

============================================================
  STEP 3: SETTING UP OUTPUT DIRECTORY
============================================================
  Run directory: E:\SRIP 2025\Streamflow and Water-level Prediction\Final Stuff\srip-transformer\runs\full_20260304_210427

============================================================
  STEP 4: FITTING RATING CURVE
============================================================

  → Extracting water level and streamflow data
    Data points: 14,610

  → Fitting rating curve models
  quadratic: RMSE=115.120, R²=0.9871
  exponential: RMSE=448.236, R²=0.8051
  shifted_quadratic: RMSE=115.380, R²=0.9871
  shifted_cubic: RMSE=191.167, R²=0.9645
E:\SRIP 2025\Streamflow and Water-level Prediction\Final Stuff\srip-transformer\src\models\fitter.py:115: OptimizeWarning: Covariance of the parameters could not be estimated
  params, _ = curve_fit(
  power_law: RMSE=1015.323, R²=-0.0000

Best Rating Curve: quadratic
  RMSE: 115.120
  R²: 0.9871
  Params: [ 3.47045164e+01 -2.12834858e+04  3.26315134e+06]
    ✓ Best model: quadratic
    ✓ Rating curve saved: E:\SRIP 2025\Streamflow and Water-level Prediction\Final Stuff\srip-transformer\runs\full_20260304_210427\rating_curve.pkl

============================================================
  STEP 5: CREATING MODEL
============================================================

  → Initializing SeqLSTMModel
    ✓ Rating curve injected into model
    Input dimension: 11
    Model variant:   Sequential_Fitter_MHA_Hier

  → Counting parameters & FLOPs
    Total parameters: 122,236
      • lstm_block1: 19,712
      • lstm_block2: 19,712
      • lstm_block3: 19,712
      • projection: 22
      • attention: 50,304
      • heads: 12,774
    FLOPs (per forward pass): 1.169M  [manual estimate]

============================================================
  STEP 6: TRAINING MODEL
============================================================

  → Setting up optimizer and loss function
    Optimizer: Adam (lr=0.001)
    Loss: MSELoss

  → Starting training loop (30 epochs)
    Progress will be shown every 5 epochs


  Epoch  1/30:   0%|                                                         | 0/58 [00:00<?, ?it/s]
  Epoch  1/30:   0%|                                   | 0/58 [00:00<?, ?it/s, loss=5315055616.0000]
  Epoch  1/30:   2%|▍                          | 1/58 [00:00<00:22,  2.50it/s, loss=5315055616.0000]
  Epoch  1/30:   2%|▍                          | 1/58 [00:00<00:22,  2.50it/s, loss=4352519680.0000]
  Epoch  1/30:   2%|▍                          | 1/58 [00:00<00:22,  2.50it/s, loss=3497867264.0000]
  Epoch  1/30:   2%|▍                          | 1/58 [00:00<00:22,  2.50it/s, loss=2614670848.0000]
  Epoch  1/30:   7%|█▊                         | 4/58 [00:00<00:06,  8.66it/s, loss=2614670848.0000]
  Epoch  1/30:   7%|█▊                         | 4/58 [00:00<00:06,  8.66it/s, loss=2300694016.0000]
  Epoch  1/30:   7%|█▊                         | 4/58 [00:00<00:06,  8.66it/s, loss=1804912640.0000]
  Epoch  1/30:  10%|██▊                        | 6/58 [00:00<00:04, 11.26it/s, loss=1804912640.0000]
  Epoch  1/30:  10%|██▊                        | 6/58 [00:00<00:04, 11.26it/s, loss=1576596864.0000]
  Epoch  1/30:  10%|██▊                        | 6/58 [00:00<00:04, 11.26it/s, loss=1207831296.0000]
  Epoch  1/30:  14%|███▋                       | 8/58 [00:00<00:04, 12.26it/s, loss=1207831296.0000]
  Epoch  1/30:  14%|███▊                        | 8/58 [00:00<00:04, 12.26it/s, loss=995195392.0000]
  Epoch  1/30:  14%|███▋                       | 8/58 [00:00<00:04, 12.26it/s, loss=1180236544.0000]
  Epoch  1/30:  14%|███▋                       | 8/58 [00:00<00:04, 12.26it/s, loss=1154449280.0000]
  Epoch  1/30:  19%|████▉                     | 11/58 [00:00<00:03, 15.42it/s, loss=1154449280.0000]
  Epoch  1/30:  19%|████▉                     | 11/58 [00:00<00:03, 15.42it/s, loss=1189955840.0000]
  Epoch  1/30:  19%|████▉                     | 11/58 [00:01<00:03, 15.42it/s, loss=1188938368.0000]
  Epoch  1/30:  19%|████▉                     | 11/58 [00:01<00:03, 15.42it/s, loss=1266729728.0000]
  Epoch  1/30:  24%|██████▎                   | 14/58 [00:01<00:02, 17.34it/s, loss=1266729728.0000]
  Epoch  1/30:  24%|██████▎                   | 14/58 [00:01<00:02, 17.34it/s, loss=1431041408.0000]
  Epoch  1/30:  24%|██████▎                   | 14/58 [00:01<00:02, 17.34it/s, loss=1258053632.0000]
  Epoch  1/30:  28%|███████▏                  | 16/58 [00:01<00:02, 17.43it/s, loss=1258053632.0000]
  Epoch  1/30:  28%|███████▏                  | 16/58 [00:01<00:02, 17.43it/s, loss=1453772800.0000]
  Epoch  1/30:  28%|███████▏                  | 16/58 [00:01<00:02, 17.43it/s, loss=1366224896.0000]
  Epoch  1/30:  31%|████████                  | 18/58 [00:01<00:02, 18.02it/s, loss=1366224896.0000]
  Epoch  1/30:  31%|████████                  | 18/58 [00:01<00:02, 18.02it/s, loss=1235433344.0000]
  Epoch  1/30:  31%|████████                  | 18/58 [00:01<00:02, 18.02it/s, loss=1239285120.0000]
  Epoch  1/30:  31%|████████                  | 18/58 [00:01<00:02, 18.02it/s, loss=1338589824.0000]
  Epoch  1/30:  36%|█████████▍                | 21/58 [00:01<00:01, 19.85it/s, loss=1338589824.0000]
  Epoch  1/30:  36%|█████████▍                | 21/58 [00:01<00:01, 19.85it/s, loss=1299903232.0000]
  Epoch  1/30:  36%|█████████▍                | 21/58 [00:01<00:01, 19.85it/s, loss=1174164736.0000]
  Epoch  1/30:  36%|█████████▍                | 21/58 [00:01<00:01, 19.85it/s, loss=1120987008.0000]
  Epoch  1/30:  41%|██████████▊               | 24/58 [00:01<00:02, 16.06it/s, loss=1120987008.0000]
  Epoch  1/30:  41%|███████████▏               | 24/58 [00:01<00:02, 16.06it/s, loss=993152192.0000]
  Epoch  1/30:  41%|██████████▊               | 24/58 [00:01<00:02, 16.06it/s, loss=1013248384.0000]
  Epoch  1/30:  45%|███████████▋              | 26/58 [00:01<00:02, 14.58it/s, loss=1013248384.0000]
  Epoch  1/30:  45%|███████████▋              | 26/58 [00:01<00:02, 14.58it/s, loss=1127426048.0000]
  Epoch  1/30:  45%|████████████               | 26/58 [00:01<00:02, 14.58it/s, loss=911213568.0000]
  Epoch  1/30:  48%|█████████████              | 28/58 [00:01<00:02, 14.88it/s, loss=911213568.0000]
  Epoch  1/30:  48%|█████████████              | 28/58 [00:02<00:02, 14.88it/s, loss=985242112.0000]
  Epoch  1/30:  48%|█████████████              | 28/58 [00:02<00:02, 14.88it/s, loss=949633920.0000]
  Epoch  1/30:  52%|█████████████▉             | 30/58 [00:02<00:01, 15.26it/s, loss=949633920.0000]
  Epoch  1/30:  52%|█████████████▉             | 30/58 [00:02<00:01, 15.26it/s, loss=946964096.0000]
  Epoch  1/30:  52%|█████████████▍            | 30/58 [00:02<00:01, 15.26it/s, loss=1062008576.0000]
  Epoch  1/30:  55%|██████████████▎           | 32/58 [00:02<00:01, 15.32it/s, loss=1062008576.0000]
  Epoch  1/30:  55%|██████████████▉            | 32/58 [00:02<00:01, 15.32it/s, loss=944525824.0000]
  Epoch  1/30:  55%|██████████████▉            | 32/58 [00:02<00:01, 15.32it/s, loss=888470400.0000]
  Epoch  1/30:  59%|███████████████▊           | 34/58 [00:02<00:01, 15.19it/s, loss=888470400.0000]
  Epoch  1/30:  59%|███████████████▊           | 34/58 [00:02<00:01, 15.19it/s, loss=914339328.0000]
  Epoch  1/30:  59%|███████████████▏          | 34/58 [00:02<00:01, 15.19it/s, loss=1067436416.0000]
  Epoch  1/30:  59%|███████████████▊           | 34/58 [00:02<00:01, 15.19it/s, loss=919608000.0000]
  Epoch  1/30:  64%|█████████████████▏         | 37/58 [00:02<00:01, 17.11it/s, loss=919608000.0000]
  Epoch  1/30:  64%|█████████████████▏         | 37/58 [00:02<00:01, 17.11it/s, loss=954512320.0000]
  Epoch  1/30:  64%|█████████████████▏         | 37/58 [00:02<00:01, 17.11it/s, loss=919862464.0000]
  Epoch  1/30:  67%|██████████████████▏        | 39/58 [00:02<00:01, 17.12it/s, loss=919862464.0000]
  Epoch  1/30:  67%|██████████████████▏        | 39/58 [00:02<00:01, 17.12it/s, loss=837768384.0000]
  Epoch  1/30:  67%|██████████████████▏        | 39/58 [00:02<00:01, 17.12it/s, loss=999024640.0000]
  Epoch  1/30:  67%|██████████████████▏        | 39/58 [00:02<00:01, 17.12it/s, loss=854702976.0000]
  Epoch  1/30:  72%|███████████████████▌       | 42/58 [00:02<00:00, 18.05it/s, loss=854702976.0000]
  Epoch  1/30:  72%|███████████████████▌       | 42/58 [00:02<00:00, 18.05it/s, loss=916176576.0000]
  Epoch  1/30:  72%|███████████████████▌       | 42/58 [00:02<00:00, 18.05it/s, loss=798559744.0000]
  Epoch  1/30:  72%|███████████████████▌       | 42/58 [00:02<00:00, 18.05it/s, loss=790965440.0000]
  Epoch  1/30:  78%|████████████████████▉      | 45/58 [00:02<00:00, 18.37it/s, loss=790965440.0000]
  Epoch  1/30:  78%|████████████████████▉      | 45/58 [00:02<00:00, 18.37it/s, loss=813911680.0000]
  Epoch  1/30:  78%|████████████████████▉      | 45/58 [00:03<00:00, 18.37it/s, loss=914329536.0000]
  Epoch  1/30:  81%|█████████████████████▉     | 47/58 [00:03<00:00, 18.54it/s, loss=914329536.0000]
  Epoch  1/30:  81%|█████████████████████▉     | 47/58 [00:03<00:00, 18.54it/s, loss=879844480.0000]
  Epoch  1/30:  81%|█████████████████████▉     | 47/58 [00:03<00:00, 18.54it/s, loss=802352320.0000]
  Epoch  1/30:  84%|██████████████████████▊    | 49/58 [00:03<00:00, 18.84it/s, loss=802352320.0000]
  Epoch  1/30:  84%|██████████████████████▊    | 49/58 [00:03<00:00, 18.84it/s, loss=805013504.0000]
  Epoch  1/30:  84%|██████████████████████▊    | 49/58 [00:03<00:00, 18.84it/s, loss=771463680.0000]
  Epoch  1/30:  84%|██████████████████████▊    | 49/58 [00:03<00:00, 18.84it/s, loss=801911552.0000]
  Epoch  1/30:  90%|████████████████████████▏  | 52/58 [00:03<00:00, 19.67it/s, loss=801911552.0000]
  Epoch  1/30:  90%|████████████████████████▏  | 52/58 [00:03<00:00, 19.67it/s, loss=823790464.0000]
  Epoch  1/30:  90%|████████████████████████▏  | 52/58 [00:03<00:00, 19.67it/s, loss=753439744.0000]
  Epoch  1/30:  93%|█████████████████████████▏ | 54/58 [00:03<00:00, 18.94it/s, loss=753439744.0000]
  Epoch  1/30:  93%|█████████████████████████▏ | 54/58 [00:03<00:00, 18.94it/s, loss=737668992.0000]
  Epoch  1/30:  93%|█████████████████████████▏ | 54/58 [00:03<00:00, 18.94it/s, loss=718064576.0000]
  Epoch  1/30:  93%|█████████████████████████▏ | 54/58 [00:03<00:00, 18.94it/s, loss=776159424.0000]
  Epoch  1/30:  98%|██████████████████████████▌| 57/58 [00:03<00:00, 19.31it/s, loss=776159424.0000]
  Epoch  1/30:  98%|██████████████████████████▌| 57/58 [00:03<00:00, 19.31it/s, loss=775846912.0000]
                                                                                                    

  Epoch  2/30:   0%|                                                         | 0/58 [00:00<?, ?it/s]
  Epoch  2/30:   0%|                                    | 0/58 [00:00<?, ?it/s, loss=766708672.0000]
  Epoch  2/30:   0%|                                    | 0/58 [00:00<?, ?it/s, loss=701045376.0000]
  Epoch  2/30:   3%|▉                           | 2/58 [00:00<00:02, 19.84it/s, loss=701045376.0000]
  Epoch  2/30:   3%|▉                           | 2/58 [00:00<00:02, 19.84it/s, loss=800831680.0000]
  Epoch  2/30:   3%|▉                           | 2/58 [00:00<00:02, 19.84it/s, loss=633124992.0000]
  Epoch  2/30:   3%|▉                           | 2/58 [00:00<00:02, 19.84it/s, loss=613885184.0000]
  Epoch  2/30:   9%|██▍                         | 5/58 [00:00<00:02, 21.09it/s, loss=613885184.0000]
  Epoch  2/30:   9%|██▍                         | 5/58 [00:00<00:02, 21.09it/s, loss=658369856.0000]
  Epoch  2/30:   9%|██▍                         | 5/58 [00:00<00:02, 21.09it/s, loss=696857280.0000]
  Epoch  2/30:   9%|██▍                         | 5/58 [00:00<00:02, 21.09it/s, loss=743768768.0000]
  Epoch  2/30:  14%|███▊                        | 8/58 [00:00<00:02, 20.52it/s, loss=743768768.0000]
  Epoch  2/30:  14%|███▊                        | 8/58 [00:00<00:02, 20.52it/s, loss=693943808.0000]
  Epoch  2/30:  14%|███▊                        | 8/58 [00:00<00:02, 20.52it/s, loss=722635520.0000]
  Epoch  2/30:  14%|███▊                        | 8/58 [00:00<00:02, 20.52it/s, loss=642834944.0000]
  Epoch  2/30:  19%|█████                      | 11/58 [00:00<00:02, 19.81it/s, loss=642834944.0000]
  Epoch  2/30:  19%|█████                      | 11/58 [00:00<00:02, 19.81it/s, loss=678151424.0000]
  Epoch  2/30:  19%|█████                      | 11/58 [00:00<00:02, 19.81it/s, loss=593825664.0000]
  Epoch  2/30:  19%|█████                      | 11/58 [00:00<00:02, 19.81it/s, loss=596781120.0000]
  Epoch  2/30:  24%|██████▌                    | 14/58 [00:00<00:02, 20.53it/s, loss=596781120.0000]
  Epoch  2/30:  24%|██████▌                    | 14/58 [00:00<00:02, 20.53it/s, loss=688227584.0000]
  Epoch  2/30:  24%|██████▌                    | 14/58 [00:00<00:02, 20.53it/s, loss=651239808.0000]
  Epoch  2/30:  24%|██████▌                    | 14/58 [00:00<00:02, 20.53it/s, loss=572014848.0000]
  Epoch  2/30:  29%|███████▉                   | 17/58 [00:00<00:02, 19.34it/s, loss=572014848.0000]
  Epoch  2/30:  29%|███████▉                   | 17/58 [00:00<00:02, 19.34it/s, loss=656728576.0000]
  Epoch  2/30:  29%|███████▉                   | 17/58 [00:00<00:02, 19.34it/s, loss=640907392.0000]
  Epoch  2/30:  33%|████████▊                  | 19/58 [00:00<00:02, 19.18it/s, loss=640907392.0000]
  Epoch  2/30:  33%|████████▊                  | 19/58 [00:01<00:02, 19.18it/s, loss=650956352.0000]
  Epoch  2/30:  33%|████████▊                  | 19/58 [00:01<00:02, 19.18it/s, loss=622002816.0000]
  Epoch  2/30:  33%|████████▊                  | 19/58 [00:01<00:02, 19.18it/s, loss=535395680.0000]
  Epoch  2/30:  38%|██████████▏                | 22/58 [00:01<00:01, 19.41it/s, loss=535395680.0000]
  Epoch  2/30:  38%|██████████▏                | 22/58 [00:01<00:01, 19.41it/s, loss=566958400.0000]
  Epoch  2/30:  38%|██████████▏                | 22/58 [00:01<00:01, 19.41it/s, loss=587548928.0000]
  Epoch  2/30:  38%|██████████▏                | 22/58 [00:01<00:01, 19.41it/s, loss=500511232.0000]
  Epoch  2/30:  43%|███████████▋               | 25/58 [00:01<00:01, 19.97it/s, loss=500511232.0000]
  Epoch  2/30:  43%|███████████▋               | 25/58 [00:01<00:01, 19.97it/s, loss=566367424.0000]
  Epoch  2/30:  43%|███████████▋               | 25/58 [00:01<00:01, 19.97it/s, loss=584844032.0000]
  Epoch  2/30:  43%|███████████▋               | 25/58 [00:01<00:01, 19.97it/s, loss=565374272.0000]
  Epoch  2/30:  48%|█████████████              | 28/58 [00:01<00:01, 20.41it/s, loss=565374272.0000]
  Epoch  2/30:  48%|█████████████              | 28/58 [00:01<00:01, 20.41it/s, loss=545642496.0000]
  Epoch  2/30:  48%|█████████████              | 28/58 [00:01<00:01, 20.41it/s, loss=591939904.0000]
  Epoch  2/30:  48%|█████████████              | 28/58 [00:01<00:01, 20.41it/s, loss=600100928.0000]
  Epoch  2/30:  53%|██████████████▍            | 31/58 [00:01<00:01, 20.80it/s, loss=600100928.0000]
  Epoch  2/30:  53%|██████████████▍            | 31/58 [00:01<00:01, 20.80it/s, loss=621093056.0000]
  Epoch  2/30:  53%|██████████████▍            | 31/58 [00:01<00:01, 20.80it/s, loss=566624256.0000]
  Epoch  2/30:  53%|██████████████▍            | 31/58 [00:01<00:01, 20.80it/s, loss=499732608.0000]
  Epoch  2/30:  59%|███████████████▊           | 34/58 [00:01<00:01, 20.05it/s, loss=499732608.0000]
  Epoch  2/30:  59%|███████████████▊           | 34/58 [00:01<00:01, 20.05it/s, loss=644747776.0000]
  Epoch  2/30:  59%|███████████████▊           | 34/58 [00:01<00:01, 20.05it/s, loss=534359776.0000]
  Epoch  2/30:  59%|███████████████▊           | 34/58 [00:01<00:01, 20.05it/s, loss=517521408.0000]
  Epoch  2/30:  64%|█████████████████▏         | 37/58 [00:01<00:01, 18.37it/s, loss=517521408.0000]
  Epoch  2/30:  64%|█████████████████▏         | 37/58 [00:01<00:01, 18.37it/s, loss=497454784.0000]
  Epoch  2/30:  64%|█████████████████▏         | 37/58 [00:01<00:01, 18.37it/s, loss=494487424.0000]
  Epoch  2/30:  64%|█████████████████▏         | 37/58 [00:02<00:01, 18.37it/s, loss=478201984.0000]
  Epoch  2/30:  69%|██████████████████▌        | 40/58 [00:02<00:00, 19.12it/s, loss=478201984.0000]
  Epoch  2/30:  69%|██████████████████▌        | 40/58 [00:02<00:00, 19.12it/s, loss=505477216.0000]
  Epoch  2/30:  69%|██████████████████▌        | 40/58 [00:02<00:00, 19.12it/s, loss=499865312.0000]
  Epoch  2/30:  69%|██████████████████▌        | 40/58 [00:02<00:00, 19.12it/s, loss=512392800.0000]
  Epoch  2/30:  74%|████████████████████       | 43/58 [00:02<00:00, 19.88it/s, loss=512392800.0000]
  Epoch  2/30:  74%|████████████████████       | 43/58 [00:02<00:00, 19.88it/s, loss=498936256.0000]
  Epoch  2/30:  74%|████████████████████       | 43/58 [00:02<00:00, 19.88it/s, loss=469437952.0000]
  Epoch  2/30:  74%|████████████████████       | 43/58 [00:02<00:00, 19.88it/s, loss=496647104.0000]
  Epoch  2/30:  79%|█████████████████████▍     | 46/58 [00:02<00:00, 20.59it/s, loss=496647104.0000]
  Epoch  2/30:  79%|█████████████████████▍     | 46/58 [00:02<00:00, 20.59it/s, loss=478462336.0000]
  Epoch  2/30:  79%|█████████████████████▍     | 46/58 [00:02<00:00, 20.59it/s, loss=497981056.0000]
  Epoch  2/30:  79%|█████████████████████▍     | 46/58 [00:02<00:00, 20.59it/s, loss=432000448.0000]
  Epoch  2/30:  84%|██████████████████████▊    | 49/58 [00:02<00:00, 20.25it/s, loss=432000448.0000]
  Epoch  2/30:  84%|██████████████████████▊    | 49/58 [00:02<00:00, 20.25it/s, loss=400478560.0000]
  Epoch  2/30:  84%|██████████████████████▊    | 49/58 [00:02<00:00, 20.25it/s, loss=405997312.0000]
  Epoch  2/30:  84%|██████████████████████▊    | 49/58 [00:02<00:00, 20.25it/s, loss=434853728.0000]
  Epoch  2/30:  90%|████████████████████████▏  | 52/58 [00:02<00:00, 21.29it/s, loss=434853728.0000]
  Epoch  2/30:  90%|████████████████████████▏  | 52/58 [00:02<00:00, 21.29it/s, loss=475011072.0000]
  Epoch  2/30:  90%|████████████████████████▏  | 52/58 [00:02<00:00, 21.29it/s, loss=471243360.0000]
  Epoch  2/30:  90%|████████████████████████▏  | 52/58 [00:02<00:00, 21.29it/s, loss=467719616.0000]
  Epoch  2/30:  95%|█████████████████████████▌ | 55/58 [00:02<00:00, 20.30it/s, loss=467719616.0000]
  Epoch  2/30:  95%|█████████████████████████▌ | 55/58 [00:02<00:00, 20.30it/s, loss=394491968.0000]
  Epoch  2/30:  95%|█████████████████████████▌ | 55/58 [00:02<00:00, 20.30it/s, loss=451161344.0000]
  Epoch  2/30:  95%|█████████████████████████▌ | 55/58 [00:02<00:00, 20.30it/s, loss=276733280.0000]
  Epoch  2/30: 100%|███████████████████████████| 58/58 [00:02<00:00, 21.05it/s, loss=276733280.0000]
                                                                                                    

  Epoch  3/30:   0%|                                                         | 0/58 [00:00<?, ?it/s]
  Epoch  3/30:   0%|                                    | 0/58 [00:00<?, ?it/s, loss=462471520.0000]
  Epoch  3/30:   0%|                                    | 0/58 [00:00<?, ?it/s, loss=417201600.0000]
  Epoch  3/30:   0%|                                    | 0/58 [00:00<?, ?it/s, loss=432907648.0000]
  Epoch  3/30:   5%|█▍                          | 3/58 [00:00<00:02, 21.69it/s, loss=432907648.0000]
  Epoch  3/30:   5%|█▍                          | 3/58 [00:00<00:02, 21.69it/s, loss=444779456.0000]
  Epoch  3/30:   5%|█▍                          | 3/58 [00:00<00:02, 21.69it/s, loss=383638208.0000]
  Epoch  3/30:   5%|█▍                          | 3/58 [00:00<00:02, 21.69it/s, loss=368602976.0000]
  Epoch  3/30:  10%|██▉                         | 6/58 [00:00<00:02, 22.19it/s, loss=368602976.0000]
  Epoch  3/30:  10%|██▉                         | 6/58 [00:00<00:02, 22.19it/s, loss=409631168.0000]
  Epoch  3/30:  10%|██▉                         | 6/58 [00:00<00:02, 22.19it/s, loss=423062208.0000]
  Epoch  3/30:  10%|██▉                         | 6/58 [00:00<00:02, 22.19it/s, loss=408926976.0000]
  Epoch  3/30:  16%|████▎                       | 9/58 [00:00<00:02, 21.52it/s, loss=408926976.0000]
  Epoch  3/30:  16%|████▎                       | 9/58 [00:00<00:02, 21.52it/s, loss=353403456.0000]
  Epoch  3/30:  16%|████▎                       | 9/58 [00:00<00:02, 21.52it/s, loss=354440288.0000]
  Epoch  3/30:  16%|████▎                       | 9/58 [00:00<00:02, 21.52it/s, loss=385972992.0000]
  Epoch  3/30:  21%|█████▌                     | 12/58 [00:00<00:02, 15.71it/s, loss=385972992.0000]
  Epoch  3/30:  21%|█████▌                     | 12/58 [00:00<00:02, 15.71it/s, loss=379185600.0000]
  Epoch  3/30:  21%|█████▌                     | 12/58 [00:00<00:02, 15.71it/s, loss=395751008.0000]
  Epoch  3/30:  21%|█████▌                     | 12/58 [00:00<00:02, 15.71it/s, loss=333009280.0000]
  Epoch  3/30:  26%|██████▉                    | 15/58 [00:00<00:02, 17.27it/s, loss=333009280.0000]
  Epoch  3/30:  26%|██████▉                    | 15/58 [00:00<00:02, 17.27it/s, loss=358853216.0000]
  Epoch  3/30:  26%|██████▉                    | 15/58 [00:00<00:02, 17.27it/s, loss=391331840.0000]
  Epoch  3/30:  29%|███████▉                   | 17/58 [00:00<00:02, 17.11it/s, loss=391331840.0000]
  Epoch  3/30:  29%|███████▉                   | 17/58 [00:00<00:02, 17.11it/s, loss=340110304.0000]
  Epoch  3/30:  29%|███████▉                   | 17/58 [00:01<00:02, 17.11it/s, loss=350338240.0000]
  Epoch  3/30:  33%|████████▊                  | 19/58 [00:01<00:02, 17.66it/s, loss=350338240.0000]
  Epoch  3/30:  33%|████████▊                  | 19/58 [00:01<00:02, 17.66it/s, loss=401915392.0000]
  Epoch  3/30:  33%|████████▊                  | 19/58 [00:01<00:02, 17.66it/s, loss=364176320.0000]
  Epoch  3/30:  33%|████████▊                  | 19/58 [00:01<00:02, 17.66it/s, loss=339556416.0000]
  Epoch  3/30:  38%|██████████▏                | 22/58 [00:01<00:01, 18.79it/s, loss=339556416.0000]
  Epoch  3/30:  38%|██████████▏                | 22/58 [00:01<00:01, 18.79it/s, loss=346566720.0000]
  Epoch  3/30:  38%|██████████▏                | 22/58 [00:01<00:01, 18.79it/s, loss=340640608.0000]
  Epoch  3/30:  38%|██████████▏                | 22/58 [00:01<00:01, 18.79it/s, loss=360193248.0000]
  Epoch  3/30:  43%|███████████▋               | 25/58 [00:01<00:01, 19.65it/s, loss=360193248.0000]
  Epoch  3/30:  43%|███████████▋               | 25/58 [00:01<00:01, 19.65it/s, loss=360760768.0000]
  Epoch  3/30:  43%|███████████▋               | 25/58 [00:01<00:01, 19.65it/s, loss=319423264.0000]
  Epoch  3/30:  43%|███████████▋               | 25/58 [00:01<00:01, 19.65it/s, loss=339860608.0000]
  Epoch  3/30:  48%|█████████████              | 28/58 [00:01<00:01, 20.44it/s, loss=339860608.0000]
  Epoch  3/30:  48%|█████████████              | 28/58 [00:01<00:01, 20.44it/s, loss=336979008.0000]
  Epoch  3/30:  48%|█████████████              | 28/58 [00:01<00:01, 20.44it/s, loss=334494016.0000]
  Epoch  3/30:  48%|█████████████              | 28/58 [00:01<00:01, 20.44it/s, loss=356248608.0000]
  Epoch  3/30:  53%|██████████████▍            | 31/58 [00:01<00:01, 21.25it/s, loss=356248608.0000]
  Epoch  3/30:  53%|██████████████▍            | 31/58 [00:01<00:01, 21.25it/s, loss=332094592.0000]
  Epoch  3/30:  53%|██████████████▍            | 31/58 [00:01<00:01, 21.25it/s, loss=340583168.0000]
  Epoch  3/30:  53%|██████████████▍            | 31/58 [00:01<00:01, 21.25it/s, loss=342029760.0000]
  Epoch  3/30:  59%|███████████████▊           | 34/58 [00:01<00:01, 21.33it/s, loss=342029760.0000]
  Epoch  3/30:  59%|███████████████▊           | 34/58 [00:01<00:01, 21.33it/s, loss=284575168.0000]
  Epoch  3/30:  59%|███████████████▊           | 34/58 [00:01<00:01, 21.33it/s, loss=327482176.0000]
  Epoch  3/30:  59%|███████████████▊           | 34/58 [00:01<00:01, 21.33it/s, loss=308404416.0000]
  Epoch  3/30:  64%|█████████████████▏         | 37/58 [00:01<00:00, 21.36it/s, loss=308404416.0000]
  Epoch  3/30:  64%|█████████████████▏         | 37/58 [00:01<00:00, 21.36it/s, loss=285768224.0000]
  Epoch  3/30:  64%|█████████████████▏         | 37/58 [00:01<00:00, 21.36it/s, loss=298507008.0000]
  Epoch  3/30:  64%|█████████████████▏         | 37/58 [00:02<00:00, 21.36it/s, loss=307712224.0000]
  Epoch  3/30:  69%|██████████████████▌        | 40/58 [00:02<00:00, 20.83it/s, loss=307712224.0000]
  Epoch  3/30:  69%|██████████████████▌        | 40/58 [00:02<00:00, 20.83it/s, loss=283817856.0000]
  Epoch  3/30:  69%|██████████████████▌        | 40/58 [00:02<00:00, 20.83it/s, loss=302637440.0000]
  Epoch  3/30:  69%|██████████████████▌        | 40/58 [00:02<00:00, 20.83it/s, loss=289828672.0000]
  Epoch  3/30:  74%|████████████████████       | 43/58 [00:02<00:00, 20.58it/s, loss=289828672.0000]
  Epoch  3/30:  74%|████████████████████       | 43/58 [00:02<00:00, 20.58it/s, loss=280924992.0000]
  Epoch  3/30:  74%|████████████████████       | 43/58 [00:02<00:00, 20.58it/s, loss=285358976.0000]
  Epoch  3/30:  74%|████████████████████       | 43/58 [00:02<00:00, 20.58it/s, loss=298601984.0000]
  Epoch  3/30:  79%|█████████████████████▍     | 46/58 [00:02<00:00, 21.01it/s, loss=298601984.0000]
  Epoch  3/30:  79%|█████████████████████▍     | 46/58 [00:02<00:00, 21.01it/s, loss=318257344.0000]
  Epoch  3/30:  79%|█████████████████████▍     | 46/58 [00:02<00:00, 21.01it/s, loss=263085104.0000]
  Epoch  3/30:  79%|█████████████████████▍     | 46/58 [00:02<00:00, 21.01it/s, loss=279923968.0000]
  Epoch  3/30:  84%|██████████████████████▊    | 49/58 [00:02<00:00, 20.36it/s, loss=279923968.0000]
  Epoch  3/30:  84%|██████████████████████▊    | 49/58 [00:02<00:00, 20.36it/s, loss=272239264.0000]
  Epoch  3/30:  84%|██████████████████████▊    | 49/58 [00:02<00:00, 20.36it/s, loss=260880704.0000]
  Epoch  3/30:  84%|██████████████████████▊    | 49/58 [00:02<00:00, 20.36it/s, loss=246698032.0000]
  Epoch  3/30:  90%|████████████████████████▏  | 52/58 [00:02<00:00, 19.62it/s, loss=246698032.0000]
  Epoch  3/30:  90%|████████████████████████▏  | 52/58 [00:02<00:00, 19.62it/s, loss=259714976.0000]
  Epoch  3/30:  90%|████████████████████████▏  | 52/58 [00:02<00:00, 19.62it/s, loss=242555392.0000]
  Epoch  3/30:  90%|████████████████████████▏  | 52/58 [00:02<00:00, 19.62it/s, loss=237207296.0000]
  Epoch  3/30:  95%|█████████████████████████▌ | 55/58 [00:02<00:00, 20.15it/s, loss=237207296.0000]
  Epoch  3/30:  95%|█████████████████████████▌ | 55/58 [00:02<00:00, 20.15it/s, loss=250549312.0000]
  Epoch  3/30:  95%|█████████████████████████▌ | 55/58 [00:02<00:00, 20.15it/s, loss=280053504.0000]
  Epoch  3/30:  95%|█████████████████████████▌ | 55/58 [00:02<00:00, 20.15it/s, loss=217226416.0000]
                                                                                                    

  Epoch  4/30:   0%|                                                         | 0/58 [00:00<?, ?it/s]
  Epoch  4/30:   0%|                                    | 0/58 [00:00<?, ?it/s, loss=273146688.0000]
  Epoch  4/30:   0%|                                    | 0/58 [00:00<?, ?it/s, loss=276306144.0000]
  Epoch  4/30:   0%|                                    | 0/58 [00:00<?, ?it/s, loss=232342016.0000]
  Epoch  4/30:   5%|█▍                          | 3/58 [00:00<00:01, 29.36it/s, loss=232342016.0000]
  Epoch  4/30:   5%|█▍                          | 3/58 [00:00<00:01, 29.36it/s, loss=229920256.0000]
  Epoch  4/30:   5%|█▍                          | 3/58 [00:00<00:01, 29.36it/s, loss=236019392.0000]
  Epoch  4/30:   5%|█▍                          | 3/58 [00:00<00:01, 29.36it/s, loss=255084608.0000]
  Epoch  4/30:  10%|██▉                         | 6/58 [00:00<00:01, 29.36it/s, loss=255084608.0000]
  Epoch  4/30:  10%|██▉                         | 6/58 [00:00<00:01, 29.36it/s, loss=234364832.0000]
  Epoch  4/30:  10%|██▉                         | 6/58 [00:00<00:01, 29.36it/s, loss=233817120.0000]
  Epoch  4/30:  10%|██▉                         | 6/58 [00:00<00:01, 29.36it/s, loss=247475248.0000]
  Epoch  4/30:  16%|████▎                       | 9/58 [00:00<00:01, 29.50it/s, loss=247475248.0000]
  Epoch  4/30:  16%|████▎                       | 9/58 [00:00<00:01, 29.50it/s, loss=242541056.0000]
  Epoch  4/30:  16%|████▎                       | 9/58 [00:00<00:01, 29.50it/s, loss=221328560.0000]
  Epoch  4/30:  16%|████▎                       | 9/58 [00:00<00:01, 29.50it/s, loss=252133344.0000]
  Epoch  4/30:  21%|█████▌                     | 12/58 [00:00<00:01, 29.61it/s, loss=252133344.0000]
  Epoch  4/30:  21%|█████▌                     | 12/58 [00:00<00:01, 29.61it/s, loss=211565472.0000]
  Epoch  4/30:  21%|█████▌                     | 12/58 [00:00<00:01, 29.61it/s, loss=223202944.0000]
  Epoch  4/30:  21%|█████▌                     | 12/58 [00:00<00:01, 29.61it/s, loss=205697984.0000]
  Epoch  4/30:  26%|██████▉                    | 15/58 [00:00<00:01, 28.05it/s, loss=205697984.0000]
  Epoch  4/30:  26%|██████▉                    | 15/58 [00:00<00:01, 28.05it/s, loss=223008672.0000]
  Epoch  4/30:  26%|██████▉                    | 15/58 [00:00<00:01, 28.05it/s, loss=228625824.0000]
  Epoch  4/30:  26%|██████▉                    | 15/58 [00:00<00:01, 28.05it/s, loss=237699264.0000]
  Epoch  4/30:  31%|████████▍                  | 18/58 [00:00<00:01, 25.29it/s, loss=237699264.0000]
  Epoch  4/30:  31%|████████▍                  | 18/58 [00:00<00:01, 25.29it/s, loss=212899504.0000]
  Epoch  4/30:  31%|████████▍                  | 18/58 [00:00<00:01, 25.29it/s, loss=216389600.0000]
  Epoch  4/30:  31%|████████▍                  | 18/58 [00:00<00:01, 25.29it/s, loss=221720416.0000]
  Epoch  4/30:  36%|█████████▊                 | 21/58 [00:00<00:01, 23.88it/s, loss=221720416.0000]
  Epoch  4/30:  36%|█████████▊                 | 21/58 [00:00<00:01, 23.88it/s, loss=197239648.0000]
  Epoch  4/30:  36%|█████████▊                 | 21/58 [00:00<00:01, 23.88it/s, loss=196905264.0000]
  Epoch  4/30:  36%|█████████▊                 | 21/58 [00:00<00:01, 23.88it/s, loss=218832512.0000]
  Epoch  4/30:  41%|███████████▏               | 24/58 [00:00<00:01, 21.57it/s, loss=218832512.0000]
  Epoch  4/30:  41%|███████████▏               | 24/58 [00:01<00:01, 21.57it/s, loss=194464000.0000]
  Epoch  4/30:  41%|███████████▏               | 24/58 [00:01<00:01, 21.57it/s, loss=200502560.0000]
  Epoch  4/30:  41%|███████████▏               | 24/58 [00:01<00:01, 21.57it/s, loss=214887328.0000]
  Epoch  4/30:  47%|████████████▌              | 27/58 [00:01<00:01, 22.73it/s, loss=214887328.0000]
  Epoch  4/30:  47%|████████████▌              | 27/58 [00:01<00:01, 22.73it/s, loss=206207072.0000]
  Epoch  4/30:  47%|████████████▌              | 27/58 [00:01<00:01, 22.73it/s, loss=218586288.0000]
  Epoch  4/30:  47%|████████████▌              | 27/58 [00:01<00:01, 22.73it/s, loss=204217824.0000]
  Epoch  4/30:  52%|█████████████▉             | 30/58 [00:01<00:01, 22.99it/s, loss=204217824.0000]
  Epoch  4/30:  52%|█████████████▉             | 30/58 [00:01<00:01, 22.99it/s, loss=184509872.0000]
  Epoch  4/30:  52%|█████████████▉             | 30/58 [00:01<00:01, 22.99it/s, loss=186267584.0000]
  Epoch  4/30:  52%|█████████████▉             | 30/58 [00:01<00:01, 22.99it/s, loss=181555328.0000]
  Epoch  4/30:  57%|███████████████▎           | 33/58 [00:01<00:01, 22.64it/s, loss=181555328.0000]
  Epoch  4/30:  57%|███████████████▎           | 33/58 [00:01<00:01, 22.64it/s, loss=213394944.0000]
  Epoch  4/30:  57%|███████████████▎           | 33/58 [00:01<00:01, 22.64it/s, loss=178660176.0000]
  Epoch  4/30:  57%|███████████████▎           | 33/58 [00:01<00:01, 22.64it/s, loss=199672448.0000]
  Epoch  4/30:  62%|████████████████▊          | 36/58 [00:01<00:00, 23.51it/s, loss=199672448.0000]
  Epoch  4/30:  62%|████████████████▊          | 36/58 [00:01<00:00, 23.51it/s, loss=178230288.0000]
  Epoch  4/30:  62%|████████████████▊          | 36/58 [00:01<00:00, 23.51it/s, loss=181749888.0000]
  Epoch  4/30:  62%|████████████████▊          | 36/58 [00:01<00:00, 23.51it/s, loss=178560976.0000]
  Epoch  4/30:  67%|██████████████████▏        | 39/58 [00:01<00:00, 23.62it/s, loss=178560976.0000]
  Epoch  4/30:  67%|██████████████████▏        | 39/58 [00:01<00:00, 23.62it/s, loss=193241392.0000]
  Epoch  4/30:  67%|██████████████████▏        | 39/58 [00:01<00:00, 23.62it/s, loss=157308336.0000]
  Epoch  4/30:  67%|██████████████████▏        | 39/58 [00:01<00:00, 23.62it/s, loss=175285120.0000]
  Epoch  4/30:  72%|███████████████████▌       | 42/58 [00:01<00:00, 23.14it/s, loss=175285120.0000]
  Epoch  4/30:  72%|███████████████████▌       | 42/58 [00:01<00:00, 23.14it/s, loss=185227904.0000]
  Epoch  4/30:  72%|███████████████████▌       | 42/58 [00:01<00:00, 23.14it/s, loss=166969696.0000]
  Epoch  4/30:  72%|███████████████████▌       | 42/58 [00:01<00:00, 23.14it/s, loss=198777216.0000]
  Epoch  4/30:  78%|████████████████████▉      | 45/58 [00:01<00:00, 21.55it/s, loss=198777216.0000]
  Epoch  4/30:  78%|████████████████████▉      | 45/58 [00:01<00:00, 21.55it/s, loss=168827536.0000]
  Epoch  4/30:  78%|████████████████████▉      | 45/58 [00:01<00:00, 21.55it/s, loss=177930784.0000]
  Epoch  4/30:  78%|████████████████████▉      | 45/58 [00:02<00:00, 21.55it/s, loss=150740288.0000]
  Epoch  4/30:  83%|██████████████████████▎    | 48/58 [00:02<00:00, 21.66it/s, loss=150740288.0000]
  Epoch  4/30:  83%|██████████████████████▎    | 48/58 [00:02<00:00, 21.66it/s, loss=166100544.0000]
  Epoch  4/30:  83%|██████████████████████▎    | 48/58 [00:02<00:00, 21.66it/s, loss=162478992.0000]
  Epoch  4/30:  83%|██████████████████████▎    | 48/58 [00:02<00:00, 21.66it/s, loss=153364240.0000]
  Epoch  4/30:  88%|███████████████████████▋   | 51/58 [00:02<00:00, 22.29it/s, loss=153364240.0000]
  Epoch  4/30:  88%|███████████████████████▋   | 51/58 [00:02<00:00, 22.29it/s, loss=168309088.0000]
  Epoch  4/30:  88%|███████████████████████▋   | 51/58 [00:02<00:00, 22.29it/s, loss=172558656.0000]
  Epoch  4/30:  88%|███████████████████████▋   | 51/58 [00:02<00:00, 22.29it/s, loss=162304160.0000]
  Epoch  4/30:  93%|█████████████████████████▏ | 54/58 [00:02<00:00, 21.59it/s, loss=162304160.0000]
  Epoch  4/30:  93%|█████████████████████████▏ | 54/58 [00:02<00:00, 21.59it/s, loss=146588256.0000]
  Epoch  4/30:  93%|█████████████████████████▏ | 54/58 [00:02<00:00, 21.59it/s, loss=171851888.0000]
  Epoch  4/30:  93%|█████████████████████████▏ | 54/58 [00:02<00:00, 21.59it/s, loss=154550880.0000]
  Epoch  4/30:  98%|██████████████████████████▌| 57/58 [00:02<00:00, 20.73it/s, loss=154550880.0000]
  Epoch  4/30:  98%|███████████████████████████▌| 57/58 [00:02<00:00, 20.73it/s, loss=98101808.0000]
                                                                                                    

  Epoch  5/30:   0%|                                                         | 0/58 [00:00<?, ?it/s]
  Epoch  5/30:   0%|                                    | 0/58 [00:00<?, ?it/s, loss=168084640.0000]
  Epoch  5/30:   0%|                                    | 0/58 [00:00<?, ?it/s, loss=171925360.0000]
  Epoch  5/30:   0%|                                    | 0/58 [00:00<?, ?it/s, loss=157977888.0000]
  Epoch  5/30:   5%|█▍                          | 3/58 [00:00<00:01, 29.73it/s, loss=157977888.0000]
  Epoch  5/30:   5%|█▍                          | 3/58 [00:00<00:01, 29.73it/s, loss=164216480.0000]
  Epoch  5/30:   5%|█▍                          | 3/58 [00:00<00:01, 29.73it/s, loss=139698784.0000]
  Epoch  5/30:   5%|█▍                          | 3/58 [00:00<00:01, 29.73it/s, loss=131743088.0000]
  Epoch  5/30:  10%|██▉                         | 6/58 [00:00<00:01, 29.82it/s, loss=131743088.0000]
  Epoch  5/30:  10%|██▉                         | 6/58 [00:00<00:01, 29.82it/s, loss=130814912.0000]
  Epoch  5/30:  10%|██▉                         | 6/58 [00:00<00:01, 29.82it/s, loss=156218800.0000]
  Epoch  5/30:  10%|██▉                         | 6/58 [00:00<00:01, 29.82it/s, loss=151420272.0000]
  Epoch  5/30:  10%|██▉                         | 6/58 [00:00<00:01, 29.82it/s, loss=139975488.0000]
  Epoch  5/30:  17%|████▋                      | 10/58 [00:00<00:01, 30.57it/s, loss=139975488.0000]
  Epoch  5/30:  17%|████▋                      | 10/58 [00:00<00:01, 30.57it/s, loss=142442768.0000]
  Epoch  5/30:  17%|████▋                      | 10/58 [00:00<00:01, 30.57it/s, loss=128530688.0000]
  Epoch  5/30:  17%|████▋                      | 10/58 [00:00<00:01, 30.57it/s, loss=140118720.0000]
  Epoch  5/30:  17%|████▋                      | 10/58 [00:00<00:01, 30.57it/s, loss=154388192.0000]
  Epoch  5/30:  24%|██████▌                    | 14/58 [00:00<00:01, 31.61it/s, loss=154388192.0000]
  Epoch  5/30:  24%|██████▌                    | 14/58 [00:00<00:01, 31.61it/s, loss=127277328.0000]
  Epoch  5/30:  24%|██████▌                    | 14/58 [00:00<00:01, 31.61it/s, loss=139819072.0000]
  Epoch  5/30:  24%|██████▌                    | 14/58 [00:00<00:01, 31.61it/s, loss=145832192.0000]
  Epoch  5/30:  24%|██████▌                    | 14/58 [00:00<00:01, 31.61it/s, loss=164317856.0000]
  Epoch  5/30:  31%|████████▍                  | 18/58 [00:00<00:01, 29.33it/s, loss=164317856.0000]
  Epoch  5/30:  31%|████████▍                  | 18/58 [00:00<00:01, 29.33it/s, loss=139612576.0000]
  Epoch  5/30:  31%|████████▍                  | 18/58 [00:00<00:01, 29.33it/s, loss=137726464.0000]
  Epoch  5/30:  31%|████████▍                  | 18/58 [00:00<00:01, 29.33it/s, loss=138868160.0000]
  Epoch  5/30:  36%|█████████▊                 | 21/58 [00:00<00:01, 26.57it/s, loss=138868160.0000]
  Epoch  5/30:  36%|█████████▊                 | 21/58 [00:00<00:01, 26.57it/s, loss=135234112.0000]
  Epoch  5/30:  36%|█████████▊                 | 21/58 [00:00<00:01, 26.57it/s, loss=124200344.0000]
  Epoch  5/30:  36%|█████████▊                 | 21/58 [00:00<00:01, 26.57it/s, loss=121994816.0000]
  Epoch  5/30:  41%|███████████▏               | 24/58 [00:00<00:01, 21.13it/s, loss=121994816.0000]
  Epoch  5/30:  41%|███████████▏               | 24/58 [00:00<00:01, 21.13it/s, loss=131351568.0000]
  Epoch  5/30:  41%|███████████▏               | 24/58 [00:01<00:01, 21.13it/s, loss=117681456.0000]
  Epoch  5/30:  41%|███████████▏               | 24/58 [00:01<00:01, 21.13it/s, loss=119094616.0000]
  Epoch  5/30:  47%|████████████▌              | 27/58 [00:01<00:01, 22.71it/s, loss=119094616.0000]
  Epoch  5/30:  47%|████████████▌              | 27/58 [00:01<00:01, 22.71it/s, loss=116598720.0000]
  Epoch  5/30:  47%|████████████▌              | 27/58 [00:01<00:01, 22.71it/s, loss=121026904.0000]
  Epoch  5/30:  47%|████████████▌              | 27/58 [00:01<00:01, 22.71it/s, loss=114236280.0000]
  Epoch  5/30:  52%|█████████████▉             | 30/58 [00:01<00:01, 22.05it/s, loss=114236280.0000]
  Epoch  5/30:  52%|█████████████▉             | 30/58 [00:01<00:01, 22.05it/s, loss=127955904.0000]
  Epoch  5/30:  52%|█████████████▉             | 30/58 [00:01<00:01, 22.05it/s, loss=116341336.0000]
  Epoch  5/30:  52%|█████████████▉             | 30/58 [00:01<00:01, 22.05it/s, loss=116338008.0000]
  Epoch  5/30:  57%|███████████████▎           | 33/58 [00:01<00:01, 22.99it/s, loss=116338008.0000]
  Epoch  5/30:  57%|███████████████▎           | 33/58 [00:01<00:01, 22.99it/s, loss=111544336.0000]
  Epoch  5/30:  57%|███████████████▎           | 33/58 [00:01<00:01, 22.99it/s, loss=121162328.0000]
  Epoch  5/30:  57%|███████████████▎           | 33/58 [00:01<00:01, 22.99it/s, loss=111998704.0000]
  Epoch  5/30:  62%|████████████████▊          | 36/58 [00:01<00:01, 20.24it/s, loss=111998704.0000]
  Epoch  5/30:  62%|████████████████▊          | 36/58 [00:01<00:01, 20.24it/s, loss=103029824.0000]
  Epoch  5/30:  62%|████████████████▊          | 36/58 [00:01<00:01, 20.24it/s, loss=124799384.0000]
  Epoch  5/30:  62%|████████████████▊          | 36/58 [00:01<00:01, 20.24it/s, loss=125423360.0000]
  Epoch  5/30:  67%|██████████████████▏        | 39/58 [00:01<00:00, 19.08it/s, loss=125423360.0000]
  Epoch  5/30:  67%|██████████████████▊         | 39/58 [00:01<00:00, 19.08it/s, loss=98973408.0000]
  Epoch  5/30:  67%|██████████████████▏        | 39/58 [00:01<00:00, 19.08it/s, loss=122345536.0000]
  Epoch  5/30:  67%|██████████████████▏        | 39/58 [00:01<00:00, 19.08it/s, loss=122973496.0000]
  Epoch  5/30:  72%|███████████████████▌       | 42/58 [00:01<00:00, 17.35it/s, loss=122973496.0000]
  Epoch  5/30:  72%|████████████████████▎       | 42/58 [00:01<00:00, 17.35it/s, loss=91627376.0000]
  Epoch  5/30:  72%|███████████████████▌       | 42/58 [00:02<00:00, 17.35it/s, loss=103867888.0000]
  Epoch  5/30:  76%|████████████████████▍      | 44/58 [00:02<00:00, 16.90it/s, loss=103867888.0000]
  Epoch  5/30:  76%|████████████████████▍      | 44/58 [00:02<00:00, 16.90it/s, loss=106725240.0000]
  Epoch  5/30:  76%|█████████████████████▏      | 44/58 [00:02<00:00, 16.90it/s, loss=98832800.0000]
  Epoch  5/30:  76%|████████████████████▍      | 44/58 [00:02<00:00, 16.90it/s, loss=110002672.0000]
  Epoch  5/30:  81%|█████████████████████▉     | 47/58 [00:02<00:00, 17.64it/s, loss=110002672.0000]
  Epoch  5/30:  81%|█████████████████████▉     | 47/58 [00:02<00:00, 17.64it/s, loss=106732504.0000]
  Epoch  5/30:  81%|█████████████████████▉     | 47/58 [00:02<00:00, 17.64it/s, loss=113201272.0000]
  Epoch  5/30:  84%|██████████████████████▊    | 49/58 [00:02<00:00, 17.98it/s, loss=113201272.0000]
  Epoch  5/30:  84%|██████████████████████▊    | 49/58 [00:02<00:00, 17.98it/s, loss=106183256.0000]
  Epoch  5/30:  84%|██████████████████████▊    | 49/58 [00:02<00:00, 17.98it/s, loss=104339888.0000]
  Epoch  5/30:  88%|███████████████████████▋   | 51/58 [00:02<00:00, 18.19it/s, loss=104339888.0000]
  Epoch  5/30:  88%|████████████████████████▌   | 51/58 [00:02<00:00, 18.19it/s, loss=97179800.0000]
  Epoch  5/30:  88%|████████████████████████▌   | 51/58 [00:02<00:00, 18.19it/s, loss=83311440.0000]
  Epoch  5/30:  88%|████████████████████████▌   | 51/58 [00:02<00:00, 18.19it/s, loss=97846832.0000]
  Epoch  5/30:  93%|██████████████████████████  | 54/58 [00:02<00:00, 19.78it/s, loss=97846832.0000]
  Epoch  5/30:  93%|██████████████████████████  | 54/58 [00:02<00:00, 19.78it/s, loss=92979896.0000]
  Epoch  5/30:  93%|█████████████████████████▏ | 54/58 [00:02<00:00, 19.78it/s, loss=100702832.0000]
  Epoch  5/30:  93%|██████████████████████████  | 54/58 [00:02<00:00, 19.78it/s, loss=95048656.0000]
  Epoch  5/30:  98%|███████████████████████████▌| 57/58 [00:02<00:00, 21.27it/s, loss=95048656.0000]
  Epoch  5/30:  98%|██████████████████████████▌| 57/58 [00:02<00:00, 21.27it/s, loss=127229176.0000]
                                                                                                    
  Epoch  5/30 │ Loss: 124329753.3793 │ T+1: -40360865792.0000 │ T+2: -31454031872.0000 │ T+3: -95247073280.0000 ★ NEW BEST

  Epoch  6/30:   0%|                                                         | 0/58 [00:00<?, ?it/s]
  Epoch  6/30:   0%|                                    | 0/58 [00:00<?, ?it/s, loss=102249944.0000]
  Epoch  6/30:   0%|                                     | 0/58 [00:00<?, ?it/s, loss=86468408.0000]
  Epoch  6/30:   3%|█                            | 2/58 [00:00<00:03, 18.55it/s, loss=86468408.0000]
  Epoch  6/30:   3%|█                            | 2/58 [00:00<00:03, 18.55it/s, loss=96694704.0000]
  Epoch  6/30:   3%|█                            | 2/58 [00:00<00:03, 18.55it/s, loss=97267264.0000]
  Epoch  6/30:   7%|██                           | 4/58 [00:00<00:02, 18.48it/s, loss=97267264.0000]
  Epoch  6/30:   7%|██                           | 4/58 [00:00<00:02, 18.48it/s, loss=95268784.0000]
  Epoch  6/30:   7%|██                           | 4/58 [00:00<00:02, 18.48it/s, loss=94515608.0000]
  Epoch  6/30:   7%|██                           | 4/58 [00:00<00:02, 18.48it/s, loss=92512792.0000]
  Epoch  6/30:  12%|███▌                         | 7/58 [00:00<00:02, 19.85it/s, loss=92512792.0000]
  Epoch  6/30:  12%|███▌                         | 7/58 [00:00<00:02, 19.85it/s, loss=88434480.0000]
  Epoch  6/30:  12%|███▌                         | 7/58 [00:00<00:02, 19.85it/s, loss=84533384.0000]
  Epoch  6/30:  16%|████▌                        | 9/58 [00:00<00:02, 19.63it/s, loss=84533384.0000]
  Epoch  6/30:  16%|████▌                        | 9/58 [00:00<00:02, 19.63it/s, loss=91306848.0000]
  Epoch  6/30:  16%|████▌                        | 9/58 [00:00<00:02, 19.63it/s, loss=90948096.0000]
  Epoch  6/30:  19%|█████▎                      | 11/58 [00:00<00:02, 19.73it/s, loss=90948096.0000]
  Epoch  6/30:  19%|█████                      | 11/58 [00:00<00:02, 19.73it/s, loss=100197144.0000]
  Epoch  6/30:  19%|█████▎                      | 11/58 [00:00<00:02, 19.73it/s, loss=94952768.0000]
  Epoch  6/30:  19%|█████▎                      | 11/58 [00:00<00:02, 19.73it/s, loss=84400024.0000]
  Epoch  6/30:  24%|██████▊                     | 14/58 [00:00<00:02, 21.02it/s, loss=84400024.0000]
  Epoch  6/30:  24%|██████▊                     | 14/58 [00:00<00:02, 21.02it/s, loss=88799408.0000]
  Epoch  6/30:  24%|██████▊                     | 14/58 [00:00<00:02, 21.02it/s, loss=84716112.0000]
  Epoch  6/30:  24%|██████▊                     | 14/58 [00:00<00:02, 21.02it/s, loss=79100920.0000]
  Epoch  6/30:  29%|████████▏                   | 17/58 [00:00<00:02, 20.10it/s, loss=79100920.0000]
  Epoch  6/30:  29%|████████▏                   | 17/58 [00:00<00:02, 20.10it/s, loss=84384856.0000]
  Epoch  6/30:  29%|████████▏                   | 17/58 [00:00<00:02, 20.10it/s, loss=81953384.0000]
  Epoch  6/30:  29%|████████▏                   | 17/58 [00:00<00:02, 20.10it/s, loss=86494272.0000]
  Epoch  6/30:  34%|█████████▋                  | 20/58 [00:00<00:01, 20.35it/s, loss=86494272.0000]
  Epoch  6/30:  34%|█████████▋                  | 20/58 [00:01<00:01, 20.35it/s, loss=83371808.0000]
  Epoch  6/30:  34%|█████████▋                  | 20/58 [00:01<00:01, 20.35it/s, loss=89764376.0000]
  Epoch  6/30:  34%|█████████▋                  | 20/58 [00:01<00:01, 20.35it/s, loss=80720408.0000]
  Epoch  6/30:  40%|███████████                 | 23/58 [00:01<00:01, 20.32it/s, loss=80720408.0000]
  Epoch  6/30:  40%|███████████                 | 23/58 [00:01<00:01, 20.32it/s, loss=83474160.0000]
  Epoch  6/30:  40%|███████████                 | 23/58 [00:01<00:01, 20.32it/s, loss=77567776.0000]
  Epoch  6/30:  40%|███████████                 | 23/58 [00:01<00:01, 20.32it/s, loss=80710104.0000]
  Epoch  6/30:  45%|████████████▌               | 26/58 [00:01<00:01, 20.41it/s, loss=80710104.0000]
  Epoch  6/30:  45%|████████████▌               | 26/58 [00:01<00:01, 20.41it/s, loss=79619704.0000]
  Epoch  6/30:  45%|████████████▌               | 26/58 [00:01<00:01, 20.41it/s, loss=80899104.0000]
  Epoch  6/30:  45%|████████████▌               | 26/58 [00:01<00:01, 20.41it/s, loss=81232160.0000]
  Epoch  6/30:  50%|██████████████              | 29/58 [00:01<00:01, 20.72it/s, loss=81232160.0000]
  Epoch  6/30:  50%|██████████████              | 29/58 [00:01<00:01, 20.72it/s, loss=70127720.0000]
  Epoch  6/30:  50%|██████████████              | 29/58 [00:01<00:01, 20.72it/s, loss=73412400.0000]
  Epoch  6/30:  50%|██████████████              | 29/58 [00:01<00:01, 20.72it/s, loss=78869432.0000]
  Epoch  6/30:  55%|███████████████▍            | 32/58 [00:01<00:01, 20.80it/s, loss=78869432.0000]
  Epoch  6/30:  55%|███████████████▍            | 32/58 [00:01<00:01, 20.80it/s, loss=72837880.0000]
  Epoch  6/30:  55%|███████████████▍            | 32/58 [00:01<00:01, 20.80it/s, loss=74911248.0000]
  Epoch  6/30:  55%|███████████████▍            | 32/58 [00:01<00:01, 20.80it/s, loss=68306240.0000]
  Epoch  6/30:  60%|████████████████▉           | 35/58 [00:01<00:01, 20.49it/s, loss=68306240.0000]
  Epoch  6/30:  60%|████████████████▉           | 35/58 [00:01<00:01, 20.49it/s, loss=70518224.0000]
  Epoch  6/30:  60%|████████████████▉           | 35/58 [00:01<00:01, 20.49it/s, loss=73779544.0000]
  Epoch  6/30:  60%|████████████████▉           | 35/58 [00:01<00:01, 20.49it/s, loss=71571536.0000]
  Epoch  6/30:  66%|██████████████████▎         | 38/58 [00:01<00:01, 19.61it/s, loss=71571536.0000]
  Epoch  6/30:  66%|██████████████████▎         | 38/58 [00:01<00:01, 19.61it/s, loss=75316232.0000]
  Epoch  6/30:  66%|██████████████████▎         | 38/58 [00:01<00:01, 19.61it/s, loss=61049824.0000]
  Epoch  6/30:  66%|██████████████████▎         | 38/58 [00:02<00:01, 19.61it/s, loss=78207088.0000]
  Epoch  6/30:  71%|███████████████████▊        | 41/58 [00:02<00:00, 20.01it/s, loss=78207088.0000]
  Epoch  6/30:  71%|███████████████████▊        | 41/58 [00:02<00:00, 20.01it/s, loss=66586680.0000]
  Epoch  6/30:  71%|███████████████████▊        | 41/58 [00:02<00:00, 20.01it/s, loss=72624848.0000]
  Epoch  6/30:  71%|███████████████████▊        | 41/58 [00:02<00:00, 20.01it/s, loss=71691344.0000]
  Epoch  6/30:  76%|█████████████████████▏      | 44/58 [00:02<00:00, 20.79it/s, loss=71691344.0000]
  Epoch  6/30:  76%|█████████████████████▏      | 44/58 [00:02<00:00, 20.79it/s, loss=71331280.0000]
  Epoch  6/30:  76%|█████████████████████▏      | 44/58 [00:02<00:00, 20.79it/s, loss=63599416.0000]
  Epoch  6/30:  76%|█████████████████████▏      | 44/58 [00:02<00:00, 20.79it/s, loss=66640480.0000]
  Epoch  6/30:  81%|██████████████████████▋     | 47/58 [00:02<00:00, 19.32it/s, loss=66640480.0000]
  Epoch  6/30:  81%|██████████████████████▋     | 47/58 [00:02<00:00, 19.32it/s, loss=64550752.0000]
  Epoch  6/30:  81%|██████████████████████▋     | 47/58 [00:02<00:00, 19.32it/s, loss=64644536.0000]
  Epoch  6/30:  84%|███████████████████████▋    | 49/58 [00:02<00:00, 19.33it/s, loss=64644536.0000]
  Epoch  6/30:  84%|███████████████████████▋    | 49/58 [00:02<00:00, 19.33it/s, loss=64963464.0000]
  Epoch  6/30:  84%|███████████████████████▋    | 49/58 [00:02<00:00, 19.33it/s, loss=67369784.0000]
  Epoch  6/30:  84%|███████████████████████▋    | 49/58 [00:02<00:00, 19.33it/s, loss=59195840.0000]
  Epoch  6/30:  90%|█████████████████████████   | 52/58 [00:02<00:00, 19.45it/s, loss=59195840.0000]
  Epoch  6/30:  90%|█████████████████████████   | 52/58 [00:02<00:00, 19.45it/s, loss=69246264.0000]
  Epoch  6/30:  90%|█████████████████████████   | 52/58 [00:02<00:00, 19.45it/s, loss=70307728.0000]
  Epoch  6/30:  90%|█████████████████████████   | 52/58 [00:02<00:00, 19.45it/s, loss=61791936.0000]
  Epoch  6/30:  95%|██████████████████████████▌ | 55/58 [00:02<00:00, 19.65it/s, loss=61791936.0000]
  Epoch  6/30:  95%|██████████████████████████▌ | 55/58 [00:02<00:00, 19.65it/s, loss=64244880.0000]
  Epoch  6/30:  95%|██████████████████████████▌ | 55/58 [00:02<00:00, 19.65it/s, loss=62199968.0000]
  Epoch  6/30:  95%|██████████████████████████▌ | 55/58 [00:02<00:00, 19.65it/s, loss=88647776.0000]
  Epoch  6/30: 100%|████████████████████████████| 58/58 [00:02<00:00, 21.00it/s, loss=88647776.0000]
                                                                                                    

  Epoch  7/30:   0%|                                                         | 0/58 [00:00<?, ?it/s]
  Epoch  7/30:   0%|                                     | 0/58 [00:00<?, ?it/s, loss=57953384.0000]
  Epoch  7/30:   0%|                                     | 0/58 [00:00<?, ?it/s, loss=62447500.0000]
  Epoch  7/30:   0%|                                     | 0/58 [00:00<?, ?it/s, loss=62010156.0000]
  Epoch  7/30:   5%|█▌                           | 3/58 [00:00<00:02, 21.03it/s, loss=62010156.0000]
  Epoch  7/30:   5%|█▌                           | 3/58 [00:00<00:02, 21.03it/s, loss=69893680.0000]
  Epoch  7/30:   5%|█▌                           | 3/58 [00:00<00:02, 21.03it/s, loss=65982928.0000]
  Epoch  7/30:   5%|█▌                           | 3/58 [00:00<00:02, 21.03it/s, loss=63199500.0000]
  Epoch  7/30:  10%|███                          | 6/58 [00:00<00:02, 20.17it/s, loss=63199500.0000]
  Epoch  7/30:  10%|███                          | 6/58 [00:00<00:02, 20.17it/s, loss=57869720.0000]
  Epoch  7/30:  10%|███                          | 6/58 [00:00<00:02, 20.17it/s, loss=64915832.0000]
  Epoch  7/30:  10%|███                          | 6/58 [00:00<00:02, 20.17it/s, loss=58598316.0000]
  Epoch  7/30:  16%|████▌                        | 9/58 [00:00<00:02, 17.08it/s, loss=58598316.0000]
  Epoch  7/30:  16%|████▌                        | 9/58 [00:00<00:02, 17.08it/s, loss=63257056.0000]
  Epoch  7/30:  16%|████▌                        | 9/58 [00:00<00:02, 17.08it/s, loss=57266364.0000]
  Epoch  7/30:  19%|█████▎                      | 11/58 [00:00<00:02, 16.44it/s, loss=57266364.0000]
  Epoch  7/30:  19%|█████▎                      | 11/58 [00:00<00:02, 16.44it/s, loss=60769920.0000]
  Epoch  7/30:  19%|█████▎                      | 11/58 [00:00<00:02, 16.44it/s, loss=57513420.0000]
  Epoch  7/30:  22%|██████▎                     | 13/58 [00:00<00:02, 16.35it/s, loss=57513420.0000]
  Epoch  7/30:  22%|██████▎                     | 13/58 [00:00<00:02, 16.35it/s, loss=64284504.0000]
  Epoch  7/30:  22%|██████▎                     | 13/58 [00:00<00:02, 16.35it/s, loss=54716432.0000]
  Epoch  7/30:  22%|██████▎                     | 13/58 [00:00<00:02, 16.35it/s, loss=51630872.0000]
  Epoch  7/30:  28%|███████▋                    | 16/58 [00:00<00:02, 18.48it/s, loss=51630872.0000]
  Epoch  7/30:  28%|███████▋                    | 16/58 [00:00<00:02, 18.48it/s, loss=57443644.0000]
  Epoch  7/30:  28%|███████▋                    | 16/58 [00:00<00:02, 18.48it/s, loss=58060624.0000]
  Epoch  7/30:  28%|███████▋                    | 16/58 [00:01<00:02, 18.48it/s, loss=59029584.0000]
  Epoch  7/30:  33%|█████████▏                  | 19/58 [00:01<00:01, 20.30it/s, loss=59029584.0000]
  Epoch  7/30:  33%|█████████▏                  | 19/58 [00:01<00:01, 20.30it/s, loss=62348092.0000]
  Epoch  7/30:  33%|█████████▏                  | 19/58 [00:01<00:01, 20.30it/s, loss=54220268.0000]
  Epoch  7/30:  33%|█████████▏                  | 19/58 [00:01<00:01, 20.30it/s, loss=55587368.0000]
  Epoch  7/30:  38%|██████████▌                 | 22/58 [00:01<00:01, 20.87it/s, loss=55587368.0000]
  Epoch  7/30:  38%|██████████▌                 | 22/58 [00:01<00:01, 20.87it/s, loss=59224584.0000]
  Epoch  7/30:  38%|██████████▌                 | 22/58 [00:01<00:01, 20.87it/s, loss=52707884.0000]
  Epoch  7/30:  38%|██████████▌                 | 22/58 [00:01<00:01, 20.87it/s, loss=56508768.0000]
  Epoch  7/30:  43%|████████████                | 25/58 [00:01<00:01, 21.63it/s, loss=56508768.0000]
  Epoch  7/30:  43%|████████████                | 25/58 [00:01<00:01, 21.63it/s, loss=54222732.0000]
  Epoch  7/30:  43%|████████████                | 25/58 [00:01<00:01, 21.63it/s, loss=50180072.0000]
  Epoch  7/30:  43%|████████████                | 25/58 [00:01<00:01, 21.63it/s, loss=54066176.0000]
  Epoch  7/30:  48%|█████████████▌              | 28/58 [00:01<00:01, 21.24it/s, loss=54066176.0000]
  Epoch  7/30:  48%|█████████████▌              | 28/58 [00:01<00:01, 21.24it/s, loss=46888668.0000]
  Epoch  7/30:  48%|█████████████▌              | 28/58 [00:01<00:01, 21.24it/s, loss=53402236.0000]
  Epoch  7/30:  48%|█████████████▌              | 28/58 [00:01<00:01, 21.24it/s, loss=50584268.0000]
  Epoch  7/30:  53%|██████████████▉             | 31/58 [00:01<00:01, 21.44it/s, loss=50584268.0000]
  Epoch  7/30:  53%|██████████████▉             | 31/58 [00:01<00:01, 21.44it/s, loss=50381464.0000]
  Epoch  7/30:  53%|██████████████▉             | 31/58 [00:01<00:01, 21.44it/s, loss=49243552.0000]
  Epoch  7/30:  53%|██████████████▉             | 31/58 [00:01<00:01, 21.44it/s, loss=46736236.0000]
  Epoch  7/30:  59%|████████████████▍           | 34/58 [00:01<00:01, 21.09it/s, loss=46736236.0000]
  Epoch  7/30:  59%|████████████████▍           | 34/58 [00:01<00:01, 21.09it/s, loss=50903088.0000]
  Epoch  7/30:  59%|████████████████▍           | 34/58 [00:01<00:01, 21.09it/s, loss=55621720.0000]
  Epoch  7/30:  59%|████████████████▍           | 34/58 [00:01<00:01, 21.09it/s, loss=49410616.0000]
  Epoch  7/30:  64%|█████████████████▊          | 37/58 [00:01<00:00, 21.14it/s, loss=49410616.0000]
  Epoch  7/30:  64%|█████████████████▊          | 37/58 [00:01<00:00, 21.14it/s, loss=52589120.0000]
  Epoch  7/30:  64%|█████████████████▊          | 37/58 [00:01<00:00, 21.14it/s, loss=50391584.0000]
  Epoch  7/30:  64%|█████████████████▊          | 37/58 [00:01<00:00, 21.14it/s, loss=53627404.0000]
  Epoch  7/30:  69%|███████████████████▎        | 40/58 [00:01<00:00, 21.20it/s, loss=53627404.0000]
  Epoch  7/30:  69%|███████████████████▎        | 40/58 [00:02<00:00, 21.20it/s, loss=49521340.0000]
  Epoch  7/30:  69%|███████████████████▎        | 40/58 [00:02<00:00, 21.20it/s, loss=46534496.0000]
  Epoch  7/30:  69%|███████████████████▎        | 40/58 [00:02<00:00, 21.20it/s, loss=50516524.0000]
  Epoch  7/30:  74%|████████████████████▊       | 43/58 [00:02<00:00, 21.18it/s, loss=50516524.0000]
  Epoch  7/30:  74%|████████████████████▊       | 43/58 [00:02<00:00, 21.18it/s, loss=44128476.0000]
  Epoch  7/30:  74%|████████████████████▊       | 43/58 [00:02<00:00, 21.18it/s, loss=50033688.0000]
  Epoch  7/30:  74%|████████████████████▊       | 43/58 [00:02<00:00, 21.18it/s, loss=43962800.0000]
  Epoch  7/30:  79%|██████████████████████▏     | 46/58 [00:02<00:00, 20.96it/s, loss=43962800.0000]
  Epoch  7/30:  79%|██████████████████████▏     | 46/58 [00:02<00:00, 20.96it/s, loss=44827340.0000]
  Epoch  7/30:  79%|██████████████████████▏     | 46/58 [00:02<00:00, 20.96it/s, loss=44016352.0000]
  Epoch  7/30:  79%|██████████████████████▏     | 46/58 [00:02<00:00, 20.96it/s, loss=44535308.0000]
  Epoch  7/30:  84%|███████████████████████▋    | 49/58 [00:02<00:00, 20.66it/s, loss=44535308.0000]
  Epoch  7/30:  84%|███████████████████████▋    | 49/58 [00:02<00:00, 20.66it/s, loss=47596204.0000]
  Epoch  7/30:  84%|███████████████████████▋    | 49/58 [00:02<00:00, 20.66it/s, loss=42162300.0000]
  Epoch  7/30:  84%|███████████████████████▋    | 49/58 [00:02<00:00, 20.66it/s, loss=49671148.0000]
  Epoch  7/30:  90%|█████████████████████████   | 52/58 [00:02<00:00, 20.79it/s, loss=49671148.0000]
  Epoch  7/30:  90%|█████████████████████████   | 52/58 [00:02<00:00, 20.79it/s, loss=50050316.0000]
  Epoch  7/30:  90%|█████████████████████████   | 52/58 [00:02<00:00, 20.79it/s, loss=43837480.0000]
  Epoch  7/30:  90%|█████████████████████████   | 52/58 [00:02<00:00, 20.79it/s, loss=41512040.0000]
  Epoch  7/30:  95%|██████████████████████████▌ | 55/58 [00:02<00:00, 20.27it/s, loss=41512040.0000]
  Epoch  7/30:  95%|██████████████████████████▌ | 55/58 [00:02<00:00, 20.27it/s, loss=43130928.0000]
  Epoch  7/30:  95%|██████████████████████████▌ | 55/58 [00:02<00:00, 20.27it/s, loss=45152640.0000]
  Epoch  7/30:  95%|██████████████████████████▌ | 55/58 [00:02<00:00, 20.27it/s, loss=51000380.0000]
  Epoch  7/30: 100%|████████████████████████████| 58/58 [00:02<00:00, 20.57it/s, loss=51000380.0000]
                                                                                                    

  Epoch  8/30:   0%|                                                         | 0/58 [00:00<?, ?it/s]
  Epoch  8/30:   0%|                                     | 0/58 [00:00<?, ?it/s, loss=47553880.0000]
  Epoch  8/30:   0%|                                     | 0/58 [00:00<?, ?it/s, loss=43133312.0000]
  Epoch  8/30:   0%|                                     | 0/58 [00:00<?, ?it/s, loss=42458492.0000]
  Epoch  8/30:   5%|█▌                           | 3/58 [00:00<00:02, 22.82it/s, loss=42458492.0000]
  Epoch  8/30:   5%|█▌                           | 3/58 [00:00<00:02, 22.82it/s, loss=42473788.0000]
  Epoch  8/30:   5%|█▌                           | 3/58 [00:00<00:02, 22.82it/s, loss=46670104.0000]
  Epoch  8/30:   5%|█▌                           | 3/58 [00:00<00:02, 22.82it/s, loss=41479052.0000]
  Epoch  8/30:  10%|███                          | 6/58 [00:00<00:02, 23.89it/s, loss=41479052.0000]
  Epoch  8/30:  10%|███                          | 6/58 [00:00<00:02, 23.89it/s, loss=40741164.0000]
  Epoch  8/30:  10%|███                          | 6/58 [00:00<00:02, 23.89it/s, loss=37796384.0000]
  Epoch  8/30:  10%|███                          | 6/58 [00:00<00:02, 23.89it/s, loss=37698872.0000]
  Epoch  8/30:  16%|████▌                        | 9/58 [00:00<00:02, 23.72it/s, loss=37698872.0000]
  Epoch  8/30:  16%|████▌                        | 9/58 [00:00<00:02, 23.72it/s, loss=40750044.0000]
  Epoch  8/30:  16%|████▌                        | 9/58 [00:00<00:02, 23.72it/s, loss=44472816.0000]
  Epoch  8/30:  16%|████▌                        | 9/58 [00:00<00:02, 23.72it/s, loss=32772936.0000]
  Epoch  8/30:  21%|█████▊                      | 12/58 [00:00<00:01, 23.99it/s, loss=32772936.0000]
  Epoch  8/30:  21%|█████▊                      | 12/58 [00:00<00:01, 23.99it/s, loss=34096784.0000]
  Epoch  8/30:  21%|█████▊                      | 12/58 [00:00<00:01, 23.99it/s, loss=41318744.0000]
  Epoch  8/30:  21%|█████▊                      | 12/58 [00:00<00:01, 23.99it/s, loss=42483704.0000]
  Epoch  8/30:  26%|███████▏                    | 15/58 [00:00<00:01, 24.80it/s, loss=42483704.0000]
  Epoch  8/30:  26%|███████▏                    | 15/58 [00:00<00:01, 24.80it/s, loss=41028408.0000]
  Epoch  8/30:  26%|███████▏                    | 15/58 [00:00<00:01, 24.80it/s, loss=34917072.0000]
  Epoch  8/30:  26%|███████▏                    | 15/58 [00:00<00:01, 24.80it/s, loss=33544486.0000]
  Epoch  8/30:  31%|████████▋                   | 18/58 [00:00<00:01, 24.37it/s, loss=33544486.0000]
  Epoch  8/30:  31%|████████▋                   | 18/58 [00:00<00:01, 24.37it/s, loss=37856636.0000]
  Epoch  8/30:  31%|████████▋                   | 18/58 [00:00<00:01, 24.37it/s, loss=36823424.0000]
  Epoch  8/30:  31%|████████▋                   | 18/58 [00:00<00:01, 24.37it/s, loss=37185644.0000]
  Epoch  8/30:  36%|██████████▏                 | 21/58 [00:00<00:01, 23.85it/s, loss=37185644.0000]
  Epoch  8/30:  36%|██████████▏                 | 21/58 [00:00<00:01, 23.85it/s, loss=39525664.0000]
  Epoch  8/30:  36%|██████████▏                 | 21/58 [00:00<00:01, 23.85it/s, loss=38028284.0000]
  Epoch  8/30:  36%|██████████▏                 | 21/58 [00:00<00:01, 23.85it/s, loss=38515848.0000]
  Epoch  8/30:  41%|███████████▌                | 24/58 [00:00<00:01, 24.20it/s, loss=38515848.0000]
  Epoch  8/30:  41%|███████████▌                | 24/58 [00:01<00:01, 24.20it/s, loss=33785904.0000]
  Epoch  8/30:  41%|███████████▌                | 24/58 [00:01<00:01, 24.20it/s, loss=34707164.0000]
  Epoch  8/30:  41%|███████████▌                | 24/58 [00:01<00:01, 24.20it/s, loss=34112704.0000]
  Epoch  8/30:  47%|█████████████               | 27/58 [00:01<00:01, 24.59it/s, loss=34112704.0000]
  Epoch  8/30:  47%|█████████████               | 27/58 [00:01<00:01, 24.59it/s, loss=34685656.0000]
  Epoch  8/30:  47%|█████████████               | 27/58 [00:01<00:01, 24.59it/s, loss=35982568.0000]
  Epoch  8/30:  47%|█████████████               | 27/58 [00:01<00:01, 24.59it/s, loss=32996598.0000]
  Epoch  8/30:  52%|██████████████▍             | 30/58 [00:01<00:01, 24.83it/s, loss=32996598.0000]
  Epoch  8/30:  52%|██████████████▍             | 30/58 [00:01<00:01, 24.83it/s, loss=37647528.0000]
  Epoch  8/30:  52%|██████████████▍             | 30/58 [00:01<00:01, 24.83it/s, loss=35469228.0000]
  Epoch  8/30:  52%|██████████████▍             | 30/58 [00:01<00:01, 24.83it/s, loss=33626448.0000]
  Epoch  8/30:  57%|███████████████▉            | 33/58 [00:01<00:01, 24.24it/s, loss=33626448.0000]
  Epoch  8/30:  57%|███████████████▉            | 33/58 [00:01<00:01, 24.24it/s, loss=34635744.0000]
  Epoch  8/30:  57%|███████████████▉            | 33/58 [00:01<00:01, 24.24it/s, loss=38020284.0000]
  Epoch  8/30:  57%|███████████████▉            | 33/58 [00:01<00:01, 24.24it/s, loss=34393712.0000]
  Epoch  8/30:  62%|█████████████████▍          | 36/58 [00:01<00:00, 23.64it/s, loss=34393712.0000]
  Epoch  8/30:  62%|█████████████████▍          | 36/58 [00:01<00:00, 23.64it/s, loss=35187504.0000]
  Epoch  8/30:  62%|█████████████████▍          | 36/58 [00:01<00:00, 23.64it/s, loss=32133204.0000]
  Epoch  8/30:  62%|█████████████████▍          | 36/58 [00:01<00:00, 23.64it/s, loss=35580064.0000]
  Epoch  8/30:  67%|██████████████████▊         | 39/58 [00:01<00:00, 23.63it/s, loss=35580064.0000]
  Epoch  8/30:  67%|██████████████████▊         | 39/58 [00:01<00:00, 23.63it/s, loss=34875632.0000]
  Epoch  8/30:  67%|██████████████████▊         | 39/58 [00:01<00:00, 23.63it/s, loss=34495168.0000]
  Epoch  8/30:  67%|██████████████████▊         | 39/58 [00:01<00:00, 23.63it/s, loss=32911720.0000]
  Epoch  8/30:  72%|████████████████████▎       | 42/58 [00:01<00:00, 23.85it/s, loss=32911720.0000]
  Epoch  8/30:  72%|████████████████████▎       | 42/58 [00:01<00:00, 23.85it/s, loss=27450456.0000]
  Epoch  8/30:  72%|████████████████████▎       | 42/58 [00:01<00:00, 23.85it/s, loss=33142742.0000]
  Epoch  8/30:  72%|████████████████████▎       | 42/58 [00:01<00:00, 23.85it/s, loss=32280940.0000]
  Epoch  8/30:  78%|█████████████████████▋      | 45/58 [00:01<00:00, 21.55it/s, loss=32280940.0000]
  Epoch  8/30:  78%|█████████████████████▋      | 45/58 [00:01<00:00, 21.55it/s, loss=32206572.0000]
  Epoch  8/30:  78%|█████████████████████▋      | 45/58 [00:02<00:00, 21.55it/s, loss=28918806.0000]
  Epoch  8/30:  78%|█████████████████████▋      | 45/58 [00:02<00:00, 21.55it/s, loss=31923620.0000]
  Epoch  8/30:  83%|███████████████████████▏    | 48/58 [00:02<00:00, 21.96it/s, loss=31923620.0000]
  Epoch  8/30:  83%|███████████████████████▏    | 48/58 [00:02<00:00, 21.96it/s, loss=27154920.0000]
  Epoch  8/30:  83%|███████████████████████▏    | 48/58 [00:02<00:00, 21.96it/s, loss=30380932.0000]
  Epoch  8/30:  83%|███████████████████████▏    | 48/58 [00:02<00:00, 21.96it/s, loss=30761788.0000]
  Epoch  8/30:  88%|████████████████████████▌   | 51/58 [00:02<00:00, 21.95it/s, loss=30761788.0000]
  Epoch  8/30:  88%|████████████████████████▌   | 51/58 [00:02<00:00, 21.95it/s, loss=29903280.0000]
  Epoch  8/30:  88%|████████████████████████▌   | 51/58 [00:02<00:00, 21.95it/s, loss=32370916.0000]
  Epoch  8/30:  88%|████████████████████████▌   | 51/58 [00:02<00:00, 21.95it/s, loss=26330072.0000]
  Epoch  8/30:  93%|██████████████████████████  | 54/58 [00:02<00:00, 22.56it/s, loss=26330072.0000]
  Epoch  8/30:  93%|██████████████████████████  | 54/58 [00:02<00:00, 22.56it/s, loss=29919980.0000]
  Epoch  8/30:  93%|██████████████████████████  | 54/58 [00:02<00:00, 22.56it/s, loss=30320934.0000]
  Epoch  8/30:  93%|██████████████████████████  | 54/58 [00:02<00:00, 22.56it/s, loss=27124454.0000]
  Epoch  8/30:  98%|███████████████████████████▌| 57/58 [00:02<00:00, 23.38it/s, loss=27124454.0000]
  Epoch  8/30:  98%|███████████████████████████▌| 57/58 [00:02<00:00, 23.38it/s, loss=19371444.0000]
                                                                                                    

  Epoch  9/30:   0%|                                                         | 0/58 [00:00<?, ?it/s]
  Epoch  9/30:   0%|                                     | 0/58 [00:00<?, ?it/s, loss=30740320.0000]
  Epoch  9/30:   0%|                                     | 0/58 [00:00<?, ?it/s, loss=28407228.0000]
  Epoch  9/30:   0%|                                     | 0/58 [00:00<?, ?it/s, loss=31661788.0000]
  Epoch  9/30:   5%|█▌                           | 3/58 [00:00<00:02, 21.44it/s, loss=31661788.0000]
  Epoch  9/30:   5%|█▌                           | 3/58 [00:00<00:02, 21.44it/s, loss=31848940.0000]
  Epoch  9/30:   5%|█▌                           | 3/58 [00:00<00:02, 21.44it/s, loss=31023156.0000]
  Epoch  9/30:   5%|█▌                           | 3/58 [00:00<00:02, 21.44it/s, loss=29762272.0000]
  Epoch  9/30:  10%|███                          | 6/58 [00:00<00:02, 21.88it/s, loss=29762272.0000]
  Epoch  9/30:  10%|███                          | 6/58 [00:00<00:02, 21.88it/s, loss=29671134.0000]
  Epoch  9/30:  10%|███                          | 6/58 [00:00<00:02, 21.88it/s, loss=30985756.0000]
  Epoch  9/30:  10%|███                          | 6/58 [00:00<00:02, 21.88it/s, loss=27428038.0000]
  Epoch  9/30:  16%|████▌                        | 9/58 [00:00<00:02, 20.46it/s, loss=27428038.0000]
  Epoch  9/30:  16%|████▌                        | 9/58 [00:00<00:02, 20.46it/s, loss=25293676.0000]
  Epoch  9/30:  16%|████▌                        | 9/58 [00:00<00:02, 20.46it/s, loss=27998726.0000]
  Epoch  9/30:  16%|████▌                        | 9/58 [00:00<00:02, 20.46it/s, loss=24946622.0000]
  Epoch  9/30:  21%|█████▊                      | 12/58 [00:00<00:02, 20.33it/s, loss=24946622.0000]
  Epoch  9/30:  21%|█████▊                      | 12/58 [00:00<00:02, 20.33it/s, loss=25051262.0000]
  Epoch  9/30:  21%|█████▊                      | 12/58 [00:00<00:02, 20.33it/s, loss=28056318.0000]
  Epoch  9/30:  21%|█████▊                      | 12/58 [00:00<00:02, 20.33it/s, loss=25777960.0000]
  Epoch  9/30:  26%|███████▏                    | 15/58 [00:00<00:02, 19.79it/s, loss=25777960.0000]
  Epoch  9/30:  26%|███████▏                    | 15/58 [00:00<00:02, 19.79it/s, loss=29988678.0000]
  Epoch  9/30:  26%|███████▏                    | 15/58 [00:00<00:02, 19.79it/s, loss=25660326.0000]
  Epoch  9/30:  29%|████████▏                   | 17/58 [00:00<00:02, 19.75it/s, loss=25660326.0000]
  Epoch  9/30:  29%|████████▏                   | 17/58 [00:00<00:02, 19.75it/s, loss=22557296.0000]
  Epoch  9/30:  29%|████████▏                   | 17/58 [00:00<00:02, 19.75it/s, loss=28517200.0000]
  Epoch  9/30:  33%|█████████▏                  | 19/58 [00:00<00:02, 19.33it/s, loss=28517200.0000]
  Epoch  9/30:  33%|█████████▏                  | 19/58 [00:00<00:02, 19.33it/s, loss=25571804.0000]
  Epoch  9/30:  33%|█████████▏                  | 19/58 [00:01<00:02, 19.33it/s, loss=27668860.0000]
  Epoch  9/30:  33%|█████████▏                  | 19/58 [00:01<00:02, 19.33it/s, loss=27964542.0000]
  Epoch  9/30:  38%|██████████▌                 | 22/58 [00:01<00:01, 20.33it/s, loss=27964542.0000]
  Epoch  9/30:  38%|██████████▌                 | 22/58 [00:01<00:01, 20.33it/s, loss=24134846.0000]
  Epoch  9/30:  38%|██████████▌                 | 22/58 [00:01<00:01, 20.33it/s, loss=24983702.0000]
  Epoch  9/30:  38%|██████████▌                 | 22/58 [00:01<00:01, 20.33it/s, loss=25769214.0000]
  Epoch  9/30:  43%|████████████                | 25/58 [00:01<00:01, 20.33it/s, loss=25769214.0000]
  Epoch  9/30:  43%|████████████                | 25/58 [00:01<00:01, 20.33it/s, loss=22021262.0000]
  Epoch  9/30:  43%|████████████                | 25/58 [00:01<00:01, 20.33it/s, loss=25265036.0000]
  Epoch  9/30:  43%|████████████                | 25/58 [00:01<00:01, 20.33it/s, loss=26930368.0000]
  Epoch  9/30:  48%|█████████████▌              | 28/58 [00:01<00:01, 20.30it/s, loss=26930368.0000]
  Epoch  9/30:  48%|█████████████▌              | 28/58 [00:01<00:01, 20.30it/s, loss=23970000.0000]
  Epoch  9/30:  48%|█████████████▌              | 28/58 [00:01<00:01, 20.30it/s, loss=24072704.0000]
  Epoch  9/30:  48%|█████████████▌              | 28/58 [00:01<00:01, 20.30it/s, loss=26065870.0000]
  Epoch  9/30:  53%|██████████████▉             | 31/58 [00:01<00:01, 21.14it/s, loss=26065870.0000]
  Epoch  9/30:  53%|██████████████▉             | 31/58 [00:01<00:01, 21.14it/s, loss=28622320.0000]
  Epoch  9/30:  53%|██████████████▉             | 31/58 [00:01<00:01, 21.14it/s, loss=23531118.0000]
  Epoch  9/30:  53%|██████████████▉             | 31/58 [00:01<00:01, 21.14it/s, loss=23171182.0000]
  Epoch  9/30:  59%|████████████████▍           | 34/58 [00:01<00:01, 22.03it/s, loss=23171182.0000]
  Epoch  9/30:  59%|████████████████▍           | 34/58 [00:01<00:01, 22.03it/s, loss=22392460.0000]
  Epoch  9/30:  59%|████████████████▍           | 34/58 [00:01<00:01, 22.03it/s, loss=21515884.0000]
  Epoch  9/30:  59%|████████████████▍           | 34/58 [00:01<00:01, 22.03it/s, loss=23198120.0000]
  Epoch  9/30:  64%|█████████████████▊          | 37/58 [00:01<00:00, 23.38it/s, loss=23198120.0000]
  Epoch  9/30:  64%|█████████████████▊          | 37/58 [00:01<00:00, 23.38it/s, loss=24449820.0000]
  Epoch  9/30:  64%|█████████████████▊          | 37/58 [00:01<00:00, 23.38it/s, loss=21744594.0000]
  Epoch  9/30:  64%|█████████████████▊          | 37/58 [00:01<00:00, 23.38it/s, loss=22371804.0000]
  Epoch  9/30:  69%|███████████████████▎        | 40/58 [00:01<00:00, 24.75it/s, loss=22371804.0000]
  Epoch  9/30:  69%|███████████████████▎        | 40/58 [00:01<00:00, 24.75it/s, loss=24192086.0000]
  Epoch  9/30:  69%|███████████████████▎        | 40/58 [00:01<00:00, 24.75it/s, loss=25483772.0000]
  Epoch  9/30:  69%|███████████████████▎        | 40/58 [00:01<00:00, 24.75it/s, loss=22031940.0000]
  Epoch  9/30:  74%|████████████████████▊       | 43/58 [00:01<00:00, 25.20it/s, loss=22031940.0000]
  Epoch  9/30:  74%|████████████████████▊       | 43/58 [00:02<00:00, 25.20it/s, loss=22515168.0000]
  Epoch  9/30:  74%|████████████████████▊       | 43/58 [00:02<00:00, 25.20it/s, loss=23515356.0000]
  Epoch  9/30:  74%|████████████████████▊       | 43/58 [00:02<00:00, 25.20it/s, loss=23268734.0000]
  Epoch  9/30:  79%|██████████████████████▏     | 46/58 [00:02<00:00, 25.15it/s, loss=23268734.0000]
  Epoch  9/30:  79%|██████████████████████▏     | 46/58 [00:02<00:00, 25.15it/s, loss=22368480.0000]
  Epoch  9/30:  79%|██████████████████████▏     | 46/58 [00:02<00:00, 25.15it/s, loss=21017302.0000]
  Epoch  9/30:  79%|██████████████████████▏     | 46/58 [00:02<00:00, 25.15it/s, loss=24870212.0000]
  Epoch  9/30:  84%|███████████████████████▋    | 49/58 [00:02<00:00, 25.70it/s, loss=24870212.0000]
  Epoch  9/30:  84%|███████████████████████▋    | 49/58 [00:02<00:00, 25.70it/s, loss=21066528.0000]
  Epoch  9/30:  84%|███████████████████████▋    | 49/58 [00:02<00:00, 25.70it/s, loss=21858878.0000]
  Epoch  9/30:  84%|███████████████████████▋    | 49/58 [00:02<00:00, 25.70it/s, loss=21088426.0000]
  Epoch  9/30:  90%|█████████████████████████   | 52/58 [00:02<00:00, 24.05it/s, loss=21088426.0000]
  Epoch  9/30:  90%|█████████████████████████   | 52/58 [00:02<00:00, 24.05it/s, loss=21150514.0000]
  Epoch  9/30:  90%|█████████████████████████   | 52/58 [00:02<00:00, 24.05it/s, loss=21123212.0000]
  Epoch  9/30:  90%|█████████████████████████   | 52/58 [00:02<00:00, 24.05it/s, loss=20443560.0000]
  Epoch  9/30:  95%|██████████████████████████▌ | 55/58 [00:02<00:00, 23.81it/s, loss=20443560.0000]
  Epoch  9/30:  95%|██████████████████████████▌ | 55/58 [00:02<00:00, 23.81it/s, loss=23399596.0000]
  Epoch  9/30:  95%|██████████████████████████▌ | 55/58 [00:02<00:00, 23.81it/s, loss=22398876.0000]
  Epoch  9/30:  95%|██████████████████████████▌ | 55/58 [00:02<00:00, 23.81it/s, loss=18174400.0000]
  Epoch  9/30: 100%|████████████████████████████| 58/58 [00:02<00:00, 24.20it/s, loss=18174400.0000]
                                                                                                    

  Epoch 10/30:   0%|                                                         | 0/58 [00:00<?, ?it/s]
  Epoch 10/30:   0%|                                     | 0/58 [00:00<?, ?it/s, loss=22168132.0000]
  Epoch 10/30:   0%|                                     | 0/58 [00:00<?, ?it/s, loss=19350356.0000]
  Epoch 10/30:   0%|                                     | 0/58 [00:00<?, ?it/s, loss=18210476.0000]
  Epoch 10/30:   5%|█▌                           | 3/58 [00:00<00:02, 21.73it/s, loss=18210476.0000]
  Epoch 10/30:   5%|█▌                           | 3/58 [00:00<00:02, 21.73it/s, loss=20929146.0000]
  Epoch 10/30:   5%|█▌                           | 3/58 [00:00<00:02, 21.73it/s, loss=20664492.0000]
  Epoch 10/30:   5%|█▌                           | 3/58 [00:00<00:02, 21.73it/s, loss=20109528.0000]
  Epoch 10/30:  10%|███                          | 6/58 [00:00<00:02, 24.18it/s, loss=20109528.0000]
  Epoch 10/30:  10%|███                          | 6/58 [00:00<00:02, 24.18it/s, loss=21158570.0000]
  Epoch 10/30:  10%|███                          | 6/58 [00:00<00:02, 24.18it/s, loss=18680172.0000]
  Epoch 10/30:  10%|███                          | 6/58 [00:00<00:02, 24.18it/s, loss=20941464.0000]
  Epoch 10/30:  16%|████▌                        | 9/58 [00:00<00:02, 22.87it/s, loss=20941464.0000]
  Epoch 10/30:  16%|████▌                        | 9/58 [00:00<00:02, 22.87it/s, loss=20434656.0000]
  Epoch 10/30:  16%|████▌                        | 9/58 [00:00<00:02, 22.87it/s, loss=18233362.0000]
  Epoch 10/30:  16%|████▌                        | 9/58 [00:00<00:02, 22.87it/s, loss=20142628.0000]
  Epoch 10/30:  21%|█████▊                      | 12/58 [00:00<00:02, 20.89it/s, loss=20142628.0000]
  Epoch 10/30:  21%|█████▊                      | 12/58 [00:00<00:02, 20.89it/s, loss=21337372.0000]
  Epoch 10/30:  21%|█████▊                      | 12/58 [00:00<00:02, 20.89it/s, loss=18857438.0000]
  Epoch 10/30:  21%|█████▊                      | 12/58 [00:00<00:02, 20.89it/s, loss=15521094.0000]
  Epoch 10/30:  26%|███████▏                    | 15/58 [00:00<00:01, 22.58it/s, loss=15521094.0000]
  Epoch 10/30:  26%|███████▏                    | 15/58 [00:00<00:01, 22.58it/s, loss=17823276.0000]
  Epoch 10/30:  26%|███████▏                    | 15/58 [00:00<00:01, 22.58it/s, loss=18810982.0000]
  Epoch 10/30:  26%|███████▏                    | 15/58 [00:00<00:01, 22.58it/s, loss=17454596.0000]
  Epoch 10/30:  31%|████████▋                   | 18/58 [00:00<00:01, 23.04it/s, loss=17454596.0000]
  Epoch 10/30:  31%|████████▋                   | 18/58 [00:00<00:01, 23.04it/s, loss=18163720.0000]
  Epoch 10/30:  31%|████████▋                   | 18/58 [00:00<00:01, 23.04it/s, loss=22061384.0000]
  Epoch 10/30:  31%|████████▋                   | 18/58 [00:00<00:01, 23.04it/s, loss=17469966.0000]
  Epoch 10/30:  36%|██████████▏                 | 21/58 [00:00<00:01, 22.46it/s, loss=17469966.0000]
  Epoch 10/30:  36%|██████████▏                 | 21/58 [00:00<00:01, 22.46it/s, loss=22066480.0000]
  Epoch 10/30:  36%|██████████▏                 | 21/58 [00:01<00:01, 22.46it/s, loss=18580328.0000]
  Epoch 10/30:  36%|██████████▏                 | 21/58 [00:01<00:01, 22.46it/s, loss=16738554.0000]
  Epoch 10/30:  41%|███████████▌                | 24/58 [00:01<00:01, 23.53it/s, loss=16738554.0000]
  Epoch 10/30:  41%|███████████▌                | 24/58 [00:01<00:01, 23.53it/s, loss=18671358.0000]
  Epoch 10/30:  41%|███████████▌                | 24/58 [00:01<00:01, 23.53it/s, loss=17318864.0000]
  Epoch 10/30:  41%|███████████▌                | 24/58 [00:01<00:01, 23.53it/s, loss=17476874.0000]
  Epoch 10/30:  47%|█████████████               | 27/58 [00:01<00:01, 24.02it/s, loss=17476874.0000]
  Epoch 10/30:  47%|█████████████               | 27/58 [00:01<00:01, 24.02it/s, loss=18342716.0000]
  Epoch 10/30:  47%|█████████████               | 27/58 [00:01<00:01, 24.02it/s, loss=18196054.0000]
  Epoch 10/30:  47%|█████████████               | 27/58 [00:01<00:01, 24.02it/s, loss=17299912.0000]
  Epoch 10/30:  52%|██████████████▍             | 30/58 [00:01<00:01, 25.04it/s, loss=17299912.0000]
  Epoch 10/30:  52%|██████████████▍             | 30/58 [00:01<00:01, 25.04it/s, loss=16326459.0000]
  Epoch 10/30:  52%|██████████████▍             | 30/58 [00:01<00:01, 25.04it/s, loss=17986088.0000]
  Epoch 10/30:  52%|██████████████▍             | 30/58 [00:01<00:01, 25.04it/s, loss=17492052.0000]
  Epoch 10/30:  57%|███████████████▉            | 33/58 [00:01<00:01, 23.66it/s, loss=17492052.0000]
  Epoch 10/30:  57%|███████████████▉            | 33/58 [00:01<00:01, 23.66it/s, loss=17581566.0000]
  Epoch 10/30:  57%|███████████████▉            | 33/58 [00:01<00:01, 23.66it/s, loss=16712536.0000]
  Epoch 10/30:  57%|███████████████▉            | 33/58 [00:01<00:01, 23.66it/s, loss=16179646.0000]
  Epoch 10/30:  62%|█████████████████▍          | 36/58 [00:01<00:00, 23.21it/s, loss=16179646.0000]
  Epoch 10/30:  62%|█████████████████▍          | 36/58 [00:01<00:00, 23.21it/s, loss=16234656.0000]
  Epoch 10/30:  62%|█████████████████▍          | 36/58 [00:01<00:00, 23.21it/s, loss=16940886.0000]
  Epoch 10/30:  62%|█████████████████▍          | 36/58 [00:01<00:00, 23.21it/s, loss=14123462.0000]
  Epoch 10/30:  67%|██████████████████▊         | 39/58 [00:01<00:00, 23.06it/s, loss=14123462.0000]
  Epoch 10/30:  67%|██████████████████▊         | 39/58 [00:01<00:00, 23.06it/s, loss=15421040.0000]
  Epoch 10/30:  67%|██████████████████▊         | 39/58 [00:01<00:00, 23.06it/s, loss=14899076.0000]
  Epoch 10/30:  67%|██████████████████▊         | 39/58 [00:01<00:00, 23.06it/s, loss=17198782.0000]
  Epoch 10/30:  72%|████████████████████▎       | 42/58 [00:01<00:00, 21.47it/s, loss=17198782.0000]
  Epoch 10/30:  72%|████████████████████▎       | 42/58 [00:01<00:00, 21.47it/s, loss=17745782.0000]
  Epoch 10/30:  72%|████████████████████▎       | 42/58 [00:01<00:00, 21.47it/s, loss=15771070.0000]
  Epoch 10/30:  72%|████████████████████▎       | 42/58 [00:01<00:00, 21.47it/s, loss=15888800.0000]
  Epoch 10/30:  78%|█████████████████████▋      | 45/58 [00:01<00:00, 22.39it/s, loss=15888800.0000]
  Epoch 10/30:  78%|█████████████████████▋      | 45/58 [00:02<00:00, 22.39it/s, loss=15278568.0000]
  Epoch 10/30:  78%|█████████████████████▋      | 45/58 [00:02<00:00, 22.39it/s, loss=18540632.0000]
  Epoch 10/30:  78%|█████████████████████▋      | 45/58 [00:02<00:00, 22.39it/s, loss=16018998.0000]
  Epoch 10/30:  83%|███████████████████████▏    | 48/58 [00:02<00:00, 21.60it/s, loss=16018998.0000]
  Epoch 10/30:  83%|███████████████████████▏    | 48/58 [00:02<00:00, 21.60it/s, loss=15772771.0000]
  Epoch 10/30:  83%|███████████████████████▏    | 48/58 [00:02<00:00, 21.60it/s, loss=16396275.0000]
  Epoch 10/30:  83%|███████████████████████▏    | 48/58 [00:02<00:00, 21.60it/s, loss=16906550.0000]
  Epoch 10/30:  88%|████████████████████████▌   | 51/58 [00:02<00:00, 21.72it/s, loss=16906550.0000]
  Epoch 10/30:  88%|████████████████████████▌   | 51/58 [00:02<00:00, 21.72it/s, loss=14208404.0000]
  Epoch 10/30:  88%|████████████████████████▌   | 51/58 [00:02<00:00, 21.72it/s, loss=15741435.0000]
  Epoch 10/30:  88%|████████████████████████▌   | 51/58 [00:02<00:00, 21.72it/s, loss=14233648.0000]
  Epoch 10/30:  93%|██████████████████████████  | 54/58 [00:02<00:00, 22.81it/s, loss=14233648.0000]
  Epoch 10/30:  93%|██████████████████████████  | 54/58 [00:02<00:00, 22.81it/s, loss=13493875.0000]
  Epoch 10/30:  93%|██████████████████████████  | 54/58 [00:02<00:00, 22.81it/s, loss=14798951.0000]
  Epoch 10/30:  93%|██████████████████████████  | 54/58 [00:02<00:00, 22.81it/s, loss=15592790.0000]
  Epoch 10/30:  98%|███████████████████████████▌| 57/58 [00:02<00:00, 23.06it/s, loss=15592790.0000]
  Epoch 10/30:  98%|████████████████████████████▌| 57/58 [00:02<00:00, 23.06it/s, loss=5075952.0000]
                                                                                                    
  Epoch 10/30 │ Loss: 17444391.3793 │ T+1: -5709335552.0000 │ T+2: -2566383104.0000 │ T+3: -15456037888.0000 ★ NEW BEST

  Epoch 11/30:   0%|                                                         | 0/58 [00:00<?, ?it/s]
  Epoch 11/30:   0%|                                     | 0/58 [00:00<?, ?it/s, loss=13852760.0000]
  Epoch 11/30:   0%|                                     | 0/58 [00:00<?, ?it/s, loss=16376856.0000]
  Epoch 11/30:   3%|█                            | 2/58 [00:00<00:02, 19.92it/s, loss=16376856.0000]
  Epoch 11/30:   3%|█                            | 2/58 [00:00<00:02, 19.92it/s, loss=13601611.0000]
  Epoch 11/30:   3%|█                            | 2/58 [00:00<00:02, 19.92it/s, loss=14465022.0000]
  Epoch 11/30:   3%|█                            | 2/58 [00:00<00:02, 19.92it/s, loss=14485587.0000]
  Epoch 11/30:   9%|██▌                          | 5/58 [00:00<00:02, 22.80it/s, loss=14485587.0000]
  Epoch 11/30:   9%|██▌                          | 5/58 [00:00<00:02, 22.80it/s, loss=15513416.0000]
  Epoch 11/30:   9%|██▌                          | 5/58 [00:00<00:02, 22.80it/s, loss=14940742.0000]
  Epoch 11/30:   9%|██▌                          | 5/58 [00:00<00:02, 22.80it/s, loss=14408640.0000]
  Epoch 11/30:  14%|████                         | 8/58 [00:00<00:02, 22.75it/s, loss=14408640.0000]
  Epoch 11/30:  14%|████                         | 8/58 [00:00<00:02, 22.75it/s, loss=13735707.0000]
  Epoch 11/30:  14%|████                         | 8/58 [00:00<00:02, 22.75it/s, loss=11671950.0000]
  Epoch 11/30:  14%|████                         | 8/58 [00:00<00:02, 22.75it/s, loss=13778010.0000]
  Epoch 11/30:  19%|█████▎                      | 11/58 [00:00<00:01, 24.60it/s, loss=13778010.0000]
  Epoch 11/30:  19%|█████▎                      | 11/58 [00:00<00:01, 24.60it/s, loss=15545166.0000]
  Epoch 11/30:  19%|█████▎                      | 11/58 [00:00<00:01, 24.60it/s, loss=15252002.0000]
  Epoch 11/30:  19%|█████▎                      | 11/58 [00:00<00:01, 24.60it/s, loss=14826252.0000]
  Epoch 11/30:  24%|██████▊                     | 14/58 [00:00<00:01, 23.11it/s, loss=14826252.0000]
  Epoch 11/30:  24%|██████▊                     | 14/58 [00:00<00:01, 23.11it/s, loss=14332859.0000]
  Epoch 11/30:  24%|██████▊                     | 14/58 [00:00<00:01, 23.11it/s, loss=12897594.0000]
  Epoch 11/30:  24%|██████▊                     | 14/58 [00:00<00:01, 23.11it/s, loss=14246200.0000]
  Epoch 11/30:  29%|████████▏                   | 17/58 [00:00<00:01, 23.90it/s, loss=14246200.0000]
  Epoch 11/30:  29%|████████▏                   | 17/58 [00:00<00:01, 23.90it/s, loss=13082442.0000]
  Epoch 11/30:  29%|████████▏                   | 17/58 [00:00<00:01, 23.90it/s, loss=13866358.0000]
  Epoch 11/30:  29%|████████▏                   | 17/58 [00:00<00:01, 23.90it/s, loss=13076747.0000]
  Epoch 11/30:  34%|█████████▋                  | 20/58 [00:00<00:01, 23.11it/s, loss=13076747.0000]
  Epoch 11/30:  34%|█████████▋                  | 20/58 [00:00<00:01, 23.11it/s, loss=12149796.0000]
  Epoch 11/30:  34%|█████████▋                  | 20/58 [00:00<00:01, 23.11it/s, loss=12275466.0000]
  Epoch 11/30:  34%|█████████▋                  | 20/58 [00:01<00:01, 23.11it/s, loss=13011368.0000]
  Epoch 11/30:  40%|███████████                 | 23/58 [00:01<00:01, 21.30it/s, loss=13011368.0000]
  Epoch 11/30:  40%|███████████                 | 23/58 [00:01<00:01, 21.30it/s, loss=12286135.0000]
  Epoch 11/30:  40%|███████████                 | 23/58 [00:01<00:01, 21.30it/s, loss=13265258.0000]
  Epoch 11/30:  40%|███████████                 | 23/58 [00:01<00:01, 21.30it/s, loss=12107771.0000]
  Epoch 11/30:  45%|████████████▌               | 26/58 [00:01<00:01, 21.09it/s, loss=12107771.0000]
  Epoch 11/30:  45%|████████████▌               | 26/58 [00:01<00:01, 21.09it/s, loss=12391546.0000]
  Epoch 11/30:  45%|████████████▌               | 26/58 [00:01<00:01, 21.09it/s, loss=13109284.0000]
  Epoch 11/30:  45%|████████████▌               | 26/58 [00:01<00:01, 21.09it/s, loss=12673718.0000]
  Epoch 11/30:  50%|██████████████              | 29/58 [00:01<00:01, 20.85it/s, loss=12673718.0000]
  Epoch 11/30:  50%|██████████████              | 29/58 [00:01<00:01, 20.85it/s, loss=12311710.0000]
  Epoch 11/30:  50%|██████████████              | 29/58 [00:01<00:01, 20.85it/s, loss=12135411.0000]
  Epoch 11/30:  50%|██████████████              | 29/58 [00:01<00:01, 20.85it/s, loss=12281155.0000]
  Epoch 11/30:  55%|███████████████▍            | 32/58 [00:01<00:01, 21.33it/s, loss=12281155.0000]
  Epoch 11/30:  55%|███████████████▍            | 32/58 [00:01<00:01, 21.33it/s, loss=12310659.0000]
  Epoch 11/30:  55%|███████████████▍            | 32/58 [00:01<00:01, 21.33it/s, loss=11918330.0000]
  Epoch 11/30:  55%|███████████████▍            | 32/58 [00:01<00:01, 21.33it/s, loss=11506982.0000]
  Epoch 11/30:  60%|████████████████▉           | 35/58 [00:01<00:01, 21.25it/s, loss=11506982.0000]
  Epoch 11/30:  60%|████████████████▉           | 35/58 [00:01<00:01, 21.25it/s, loss=12751491.0000]
  Epoch 11/30:  60%|████████████████▉           | 35/58 [00:01<00:01, 21.25it/s, loss=11643892.0000]
  Epoch 11/30:  60%|█████████████████▌           | 35/58 [00:01<00:01, 21.25it/s, loss=9922058.0000]
  Epoch 11/30:  66%|███████████████████          | 38/58 [00:01<00:00, 20.91it/s, loss=9922058.0000]
  Epoch 11/30:  66%|██████████████████▎         | 38/58 [00:01<00:00, 20.91it/s, loss=12420238.0000]
  Epoch 11/30:  66%|██████████████████▎         | 38/58 [00:01<00:00, 20.91it/s, loss=11173670.0000]
  Epoch 11/30:  66%|██████████████████▎         | 38/58 [00:01<00:00, 20.91it/s, loss=11471478.0000]
  Epoch 11/30:  71%|███████████████████▊        | 41/58 [00:01<00:00, 17.64it/s, loss=11471478.0000]
  Epoch 11/30:  71%|███████████████████▊        | 41/58 [00:02<00:00, 17.64it/s, loss=11135423.0000]
  Epoch 11/30:  71%|███████████████████▊        | 41/58 [00:02<00:00, 17.64it/s, loss=13657496.0000]
  Epoch 11/30:  74%|████████████████████▊       | 43/58 [00:02<00:00, 16.51it/s, loss=13657496.0000]
  Epoch 11/30:  74%|████████████████████▊       | 43/58 [00:02<00:00, 16.51it/s, loss=10148489.0000]
  Epoch 11/30:  74%|████████████████████▊       | 43/58 [00:02<00:00, 16.51it/s, loss=12712907.0000]
  Epoch 11/30:  78%|█████████████████████▋      | 45/58 [00:02<00:00, 16.47it/s, loss=12712907.0000]
  Epoch 11/30:  78%|█████████████████████▋      | 45/58 [00:02<00:00, 16.47it/s, loss=12392716.0000]
  Epoch 11/30:  78%|█████████████████████▋      | 45/58 [00:02<00:00, 16.47it/s, loss=11178868.0000]
  Epoch 11/30:  81%|██████████████████████▋     | 47/58 [00:02<00:00, 16.40it/s, loss=11178868.0000]
  Epoch 11/30:  81%|██████████████████████▋     | 47/58 [00:02<00:00, 16.40it/s, loss=10711460.0000]
  Epoch 11/30:  81%|██████████████████████▋     | 47/58 [00:02<00:00, 16.40it/s, loss=11017179.0000]
  Epoch 11/30:  84%|███████████████████████▋    | 49/58 [00:02<00:00, 15.84it/s, loss=11017179.0000]
  Epoch 11/30:  84%|███████████████████████▋    | 49/58 [00:02<00:00, 15.84it/s, loss=12417951.0000]
  Epoch 11/30:  84%|███████████████████████▋    | 49/58 [00:02<00:00, 15.84it/s, loss=11281292.0000]
  Epoch 11/30:  88%|████████████████████████▌   | 51/58 [00:02<00:00, 16.01it/s, loss=11281292.0000]
  Epoch 11/30:  88%|████████████████████████▌   | 51/58 [00:02<00:00, 16.01it/s, loss=11386686.0000]
  Epoch 11/30:  88%|████████████████████████▌   | 51/58 [00:02<00:00, 16.01it/s, loss=10318928.0000]
  Epoch 11/30:  88%|████████████████████████▌   | 51/58 [00:02<00:00, 16.01it/s, loss=10656678.0000]
  Epoch 11/30:  93%|██████████████████████████  | 54/58 [00:02<00:00, 17.17it/s, loss=10656678.0000]
  Epoch 11/30:  93%|██████████████████████████  | 54/58 [00:02<00:00, 17.17it/s, loss=11164194.0000]
  Epoch 11/30:  93%|██████████████████████████  | 54/58 [00:02<00:00, 17.17it/s, loss=10008316.0000]
  Epoch 11/30:  97%|███████████████████████████ | 56/58 [00:02<00:00, 16.57it/s, loss=10008316.0000]
  Epoch 11/30:  97%|███████████████████████████ | 56/58 [00:02<00:00, 16.57it/s, loss=10630269.0000]
  Epoch 11/30:  97%|████████████████████████████ | 56/58 [00:03<00:00, 16.57it/s, loss=9557824.0000]
                                                                                                    

  Epoch 12/30:   0%|                                                         | 0/58 [00:00<?, ?it/s]
  Epoch 12/30:   0%|                                      | 0/58 [00:00<?, ?it/s, loss=9953262.0000]
  Epoch 12/30:   0%|                                     | 0/58 [00:00<?, ?it/s, loss=10487074.0000]
  Epoch 12/30:   3%|█                            | 2/58 [00:00<00:03, 14.53it/s, loss=10487074.0000]
  Epoch 12/30:   3%|█                            | 2/58 [00:00<00:03, 14.53it/s, loss=10782963.0000]
  Epoch 12/30:   3%|█                            | 2/58 [00:00<00:03, 14.53it/s, loss=10869007.0000]
  Epoch 12/30:   7%|██                           | 4/58 [00:00<00:03, 14.96it/s, loss=10869007.0000]
  Epoch 12/30:   7%|██                            | 4/58 [00:00<00:03, 14.96it/s, loss=9560312.0000]
  Epoch 12/30:   7%|██                            | 4/58 [00:00<00:03, 14.96it/s, loss=9811894.0000]
  Epoch 12/30:  10%|███                           | 6/58 [00:00<00:03, 15.83it/s, loss=9811894.0000]
  Epoch 12/30:  10%|███                           | 6/58 [00:00<00:03, 15.83it/s, loss=9942552.0000]
  Epoch 12/30:  10%|███                           | 6/58 [00:00<00:03, 15.83it/s, loss=9554958.0000]
  Epoch 12/30:  14%|████▏                         | 8/58 [00:00<00:03, 16.13it/s, loss=9554958.0000]
  Epoch 12/30:  14%|████                         | 8/58 [00:00<00:03, 16.13it/s, loss=10344768.0000]
  Epoch 12/30:  14%|████                         | 8/58 [00:00<00:03, 16.13it/s, loss=10060910.0000]
  Epoch 12/30:  17%|████▊                       | 10/58 [00:00<00:02, 16.89it/s, loss=10060910.0000]
  Epoch 12/30:  17%|█████                        | 10/58 [00:00<00:02, 16.89it/s, loss=9702369.0000]
  Epoch 12/30:  17%|█████                        | 10/58 [00:00<00:02, 16.89it/s, loss=9221563.0000]
  Epoch 12/30:  21%|██████                       | 12/58 [00:00<00:02, 16.98it/s, loss=9221563.0000]
  Epoch 12/30:  21%|██████                       | 12/58 [00:00<00:02, 16.98it/s, loss=8907739.0000]
  Epoch 12/30:  21%|██████                       | 12/58 [00:00<00:02, 16.98it/s, loss=9851430.0000]
  Epoch 12/30:  21%|██████                       | 12/58 [00:00<00:02, 16.98it/s, loss=9715355.0000]
  Epoch 12/30:  26%|███████▌                     | 15/58 [00:00<00:02, 18.73it/s, loss=9715355.0000]
  Epoch 12/30:  26%|███████▏                    | 15/58 [00:00<00:02, 18.73it/s, loss=10755427.0000]
  Epoch 12/30:  26%|███████▌                     | 15/58 [00:00<00:02, 18.73it/s, loss=9862660.0000]
  Epoch 12/30:  26%|███████▌                     | 15/58 [00:01<00:02, 18.73it/s, loss=9604375.0000]
  Epoch 12/30:  31%|█████████                    | 18/58 [00:01<00:01, 20.06it/s, loss=9604375.0000]
  Epoch 12/30:  31%|████████▋                   | 18/58 [00:01<00:01, 20.06it/s, loss=10718662.0000]
  Epoch 12/30:  31%|█████████                    | 18/58 [00:01<00:01, 20.06it/s, loss=8988166.0000]
  Epoch 12/30:  34%|██████████                   | 20/58 [00:01<00:01, 19.91it/s, loss=8988166.0000]
  Epoch 12/30:  34%|██████████                   | 20/58 [00:01<00:01, 19.91it/s, loss=9567316.0000]
  Epoch 12/30:  34%|██████████                   | 20/58 [00:01<00:01, 19.91it/s, loss=9013752.0000]
  Epoch 12/30:  38%|███████████                  | 22/58 [00:01<00:01, 19.49it/s, loss=9013752.0000]
  Epoch 12/30:  38%|██████████▌                 | 22/58 [00:01<00:01, 19.49it/s, loss=10814936.0000]
  Epoch 12/30:  38%|███████████                  | 22/58 [00:01<00:01, 19.49it/s, loss=9259363.0000]
  Epoch 12/30:  41%|████████████                 | 24/58 [00:01<00:01, 19.26it/s, loss=9259363.0000]
  Epoch 12/30:  41%|████████████                 | 24/58 [00:01<00:01, 19.26it/s, loss=8774185.0000]
  Epoch 12/30:  41%|████████████                 | 24/58 [00:01<00:01, 19.26it/s, loss=7814329.5000]
  Epoch 12/30:  45%|█████████████                | 26/58 [00:01<00:01, 17.96it/s, loss=7814329.5000]
  Epoch 12/30:  45%|█████████████                | 26/58 [00:01<00:01, 17.96it/s, loss=8504535.0000]
  Epoch 12/30:  45%|█████████████                | 26/58 [00:01<00:01, 17.96it/s, loss=9792323.0000]
  Epoch 12/30:  48%|██████████████               | 28/58 [00:01<00:01, 16.76it/s, loss=9792323.0000]
  Epoch 12/30:  48%|██████████████               | 28/58 [00:01<00:01, 16.76it/s, loss=8749270.0000]
  Epoch 12/30:  48%|██████████████               | 28/58 [00:01<00:01, 16.76it/s, loss=8489591.0000]
  Epoch 12/30:  52%|███████████████              | 30/58 [00:01<00:01, 17.32it/s, loss=8489591.0000]
  Epoch 12/30:  52%|███████████████              | 30/58 [00:01<00:01, 17.32it/s, loss=9184615.0000]
  Epoch 12/30:  52%|███████████████              | 30/58 [00:01<00:01, 17.32it/s, loss=8753198.0000]
  Epoch 12/30:  55%|████████████████             | 32/58 [00:01<00:01, 16.85it/s, loss=8753198.0000]
  Epoch 12/30:  55%|████████████████             | 32/58 [00:01<00:01, 16.85it/s, loss=7760297.0000]
  Epoch 12/30:  55%|████████████████             | 32/58 [00:01<00:01, 16.85it/s, loss=9597418.0000]
  Epoch 12/30:  59%|█████████████████            | 34/58 [00:01<00:01, 15.98it/s, loss=9597418.0000]
  Epoch 12/30:  59%|█████████████████            | 34/58 [00:02<00:01, 15.98it/s, loss=8294866.0000]
  Epoch 12/30:  59%|█████████████████            | 34/58 [00:02<00:01, 15.98it/s, loss=9325154.0000]
  Epoch 12/30:  62%|██████████████████           | 36/58 [00:02<00:01, 15.94it/s, loss=9325154.0000]
  Epoch 12/30:  62%|██████████████████           | 36/58 [00:02<00:01, 15.94it/s, loss=8979731.0000]
  Epoch 12/30:  62%|██████████████████           | 36/58 [00:02<00:01, 15.94it/s, loss=8842551.0000]
  Epoch 12/30:  66%|███████████████████          | 38/58 [00:02<00:01, 15.88it/s, loss=8842551.0000]
  Epoch 12/30:  66%|███████████████████          | 38/58 [00:02<00:01, 15.88it/s, loss=8758650.0000]
  Epoch 12/30:  66%|███████████████████          | 38/58 [00:02<00:01, 15.88it/s, loss=8987232.0000]
  Epoch 12/30:  69%|████████████████████         | 40/58 [00:02<00:01, 16.54it/s, loss=8987232.0000]
  Epoch 12/30:  69%|████████████████████         | 40/58 [00:02<00:01, 16.54it/s, loss=7746544.0000]
  Epoch 12/30:  69%|████████████████████         | 40/58 [00:02<00:01, 16.54it/s, loss=8270740.0000]
  Epoch 12/30:  72%|█████████████████████        | 42/58 [00:02<00:00, 16.52it/s, loss=8270740.0000]
  Epoch 12/30:  72%|█████████████████████        | 42/58 [00:02<00:00, 16.52it/s, loss=8306158.0000]
  Epoch 12/30:  72%|█████████████████████        | 42/58 [00:02<00:00, 16.52it/s, loss=9650481.0000]
  Epoch 12/30:  76%|██████████████████████       | 44/58 [00:02<00:00, 15.83it/s, loss=9650481.0000]
  Epoch 12/30:  76%|██████████████████████       | 44/58 [00:02<00:00, 15.83it/s, loss=8300141.5000]
  Epoch 12/30:  76%|██████████████████████       | 44/58 [00:02<00:00, 15.83it/s, loss=7838518.0000]
  Epoch 12/30:  79%|███████████████████████      | 46/58 [00:02<00:00, 15.89it/s, loss=7838518.0000]
  Epoch 12/30:  79%|███████████████████████      | 46/58 [00:02<00:00, 15.89it/s, loss=9035212.0000]
  Epoch 12/30:  79%|███████████████████████      | 46/58 [00:02<00:00, 15.89it/s, loss=7407475.0000]
  Epoch 12/30:  83%|████████████████████████     | 48/58 [00:02<00:00, 16.33it/s, loss=7407475.0000]
  Epoch 12/30:  83%|████████████████████████     | 48/58 [00:02<00:00, 16.33it/s, loss=8923959.0000]
  Epoch 12/30:  83%|████████████████████████     | 48/58 [00:02<00:00, 16.33it/s, loss=8607707.0000]
  Epoch 12/30:  86%|█████████████████████████    | 50/58 [00:02<00:00, 16.70it/s, loss=8607707.0000]
  Epoch 12/30:  86%|█████████████████████████    | 50/58 [00:03<00:00, 16.70it/s, loss=8895044.0000]
  Epoch 12/30:  86%|█████████████████████████    | 50/58 [00:03<00:00, 16.70it/s, loss=7414728.0000]
  Epoch 12/30:  90%|██████████████████████████   | 52/58 [00:03<00:00, 16.86it/s, loss=7414728.0000]
  Epoch 12/30:  90%|██████████████████████████   | 52/58 [00:03<00:00, 16.86it/s, loss=8311403.0000]
  Epoch 12/30:  90%|██████████████████████████   | 52/58 [00:03<00:00, 16.86it/s, loss=8453317.0000]
  Epoch 12/30:  93%|███████████████████████████  | 54/58 [00:03<00:00, 16.30it/s, loss=8453317.0000]
  Epoch 12/30:  93%|███████████████████████████  | 54/58 [00:03<00:00, 16.30it/s, loss=7893920.0000]
  Epoch 12/30:  93%|███████████████████████████  | 54/58 [00:03<00:00, 16.30it/s, loss=7838853.5000]
  Epoch 12/30:  97%|████████████████████████████ | 56/58 [00:03<00:00, 16.07it/s, loss=7838853.5000]
  Epoch 12/30:  97%|████████████████████████████ | 56/58 [00:03<00:00, 16.07it/s, loss=7355085.0000]
  Epoch 12/30:  97%|███████████████████████████ | 56/58 [00:03<00:00, 16.07it/s, loss=10509842.0000]
  Epoch 12/30: 100%|████████████████████████████| 58/58 [00:03<00:00, 16.67it/s, loss=10509842.0000]
                                                                                                    

  Epoch 13/30:   0%|                                                         | 0/58 [00:00<?, ?it/s]
  Epoch 13/30:   0%|                                      | 0/58 [00:00<?, ?it/s, loss=7435647.0000]
  Epoch 13/30:   0%|                                      | 0/58 [00:00<?, ?it/s, loss=7741293.5000]
  Epoch 13/30:   3%|█                             | 2/58 [00:00<00:03, 15.29it/s, loss=7741293.5000]
  Epoch 13/30:   3%|█                             | 2/58 [00:00<00:03, 15.29it/s, loss=8039717.0000]
  Epoch 13/30:   3%|█                             | 2/58 [00:00<00:03, 15.29it/s, loss=7077103.0000]
  Epoch 13/30:   7%|██                            | 4/58 [00:00<00:03, 15.34it/s, loss=7077103.0000]
  Epoch 13/30:   7%|██                            | 4/58 [00:00<00:03, 15.34it/s, loss=8201860.0000]
  Epoch 13/30:   7%|██                            | 4/58 [00:00<00:03, 15.34it/s, loss=7225159.5000]
  Epoch 13/30:  10%|███                           | 6/58 [00:00<00:03, 14.78it/s, loss=7225159.5000]
  Epoch 13/30:  10%|███                           | 6/58 [00:00<00:03, 14.78it/s, loss=7859843.0000]
  Epoch 13/30:  10%|███                           | 6/58 [00:00<00:03, 14.78it/s, loss=7264591.0000]
  Epoch 13/30:  14%|████▏                         | 8/58 [00:00<00:03, 13.57it/s, loss=7264591.0000]
  Epoch 13/30:  14%|████▏                         | 8/58 [00:00<00:03, 13.57it/s, loss=7603846.0000]
  Epoch 13/30:  14%|████▏                         | 8/58 [00:00<00:03, 13.57it/s, loss=7760313.0000]
  Epoch 13/30:  17%|█████                        | 10/58 [00:00<00:03, 14.94it/s, loss=7760313.0000]
  Epoch 13/30:  17%|█████                        | 10/58 [00:00<00:03, 14.94it/s, loss=7136987.5000]
  Epoch 13/30:  17%|█████                        | 10/58 [00:00<00:03, 14.94it/s, loss=6990361.5000]
  Epoch 13/30:  21%|██████                       | 12/58 [00:00<00:02, 16.23it/s, loss=6990361.5000]
  Epoch 13/30:  21%|██████                       | 12/58 [00:00<00:02, 16.23it/s, loss=6486783.0000]
  Epoch 13/30:  21%|██████                       | 12/58 [00:00<00:02, 16.23it/s, loss=7316264.0000]
  Epoch 13/30:  24%|███████                      | 14/58 [00:00<00:02, 17.03it/s, loss=7316264.0000]
  Epoch 13/30:  24%|███████                      | 14/58 [00:00<00:02, 17.03it/s, loss=7343589.5000]
  Epoch 13/30:  24%|███████                      | 14/58 [00:00<00:02, 17.03it/s, loss=7478400.0000]
  Epoch 13/30:  28%|████████                     | 16/58 [00:00<00:02, 17.73it/s, loss=7478400.0000]
  Epoch 13/30:  28%|████████                     | 16/58 [00:01<00:02, 17.73it/s, loss=7258985.5000]
  Epoch 13/30:  28%|████████                     | 16/58 [00:01<00:02, 17.73it/s, loss=6061332.0000]
  Epoch 13/30:  31%|█████████                    | 18/58 [00:01<00:02, 17.85it/s, loss=6061332.0000]
  Epoch 13/30:  31%|█████████                    | 18/58 [00:01<00:02, 17.85it/s, loss=7404224.0000]
  Epoch 13/30:  31%|█████████                    | 18/58 [00:01<00:02, 17.85it/s, loss=6599257.0000]
  Epoch 13/30:  34%|██████████                   | 20/58 [00:01<00:02, 17.65it/s, loss=6599257.0000]
  Epoch 13/30:  34%|██████████                   | 20/58 [00:01<00:02, 17.65it/s, loss=6483044.0000]
  Epoch 13/30:  34%|██████████                   | 20/58 [00:01<00:02, 17.65it/s, loss=5673403.0000]
  Epoch 13/30:  38%|███████████                  | 22/58 [00:01<00:01, 18.23it/s, loss=5673403.0000]
  Epoch 13/30:  38%|███████████                  | 22/58 [00:01<00:01, 18.23it/s, loss=7223484.0000]
  Epoch 13/30:  38%|███████████                  | 22/58 [00:01<00:01, 18.23it/s, loss=7291036.0000]
  Epoch 13/30:  38%|███████████                  | 22/58 [00:01<00:01, 18.23it/s, loss=6636348.0000]
  Epoch 13/30:  43%|████████████▌                | 25/58 [00:01<00:01, 19.10it/s, loss=6636348.0000]
  Epoch 13/30:  43%|████████████▌                | 25/58 [00:01<00:01, 19.10it/s, loss=5887883.0000]
  Epoch 13/30:  43%|████████████▌                | 25/58 [00:01<00:01, 19.10it/s, loss=7473943.0000]
  Epoch 13/30:  43%|████████████▌                | 25/58 [00:01<00:01, 19.10it/s, loss=6814286.0000]
  Epoch 13/30:  48%|██████████████               | 28/58 [00:01<00:01, 20.50it/s, loss=6814286.0000]
  Epoch 13/30:  48%|██████████████               | 28/58 [00:01<00:01, 20.50it/s, loss=6106760.0000]
  Epoch 13/30:  48%|██████████████               | 28/58 [00:01<00:01, 20.50it/s, loss=6803395.0000]
  Epoch 13/30:  48%|██████████████               | 28/58 [00:01<00:01, 20.50it/s, loss=5842528.0000]
  Epoch 13/30:  53%|███████████████▍             | 31/58 [00:01<00:01, 20.52it/s, loss=5842528.0000]
  Epoch 13/30:  53%|███████████████▍             | 31/58 [00:01<00:01, 20.52it/s, loss=5928155.5000]
  Epoch 13/30:  53%|███████████████▍             | 31/58 [00:01<00:01, 20.52it/s, loss=6608231.0000]
  Epoch 13/30:  53%|███████████████▍             | 31/58 [00:01<00:01, 20.52it/s, loss=6115753.5000]
  Epoch 13/30:  59%|█████████████████            | 34/58 [00:01<00:01, 19.82it/s, loss=6115753.5000]
  Epoch 13/30:  59%|█████████████████            | 34/58 [00:01<00:01, 19.82it/s, loss=5527829.5000]
  Epoch 13/30:  59%|█████████████████            | 34/58 [00:01<00:01, 19.82it/s, loss=6561267.5000]
  Epoch 13/30:  59%|█████████████████            | 34/58 [00:02<00:01, 19.82it/s, loss=5723963.0000]
  Epoch 13/30:  64%|██████████████████▌          | 37/58 [00:02<00:01, 20.37it/s, loss=5723963.0000]
  Epoch 13/30:  64%|██████████████████▌          | 37/58 [00:02<00:01, 20.37it/s, loss=6694393.5000]
  Epoch 13/30:  64%|██████████████████▌          | 37/58 [00:02<00:01, 20.37it/s, loss=7561209.0000]
  Epoch 13/30:  64%|██████████████████▌          | 37/58 [00:02<00:01, 20.37it/s, loss=5543429.5000]
  Epoch 13/30:  69%|████████████████████         | 40/58 [00:02<00:00, 20.95it/s, loss=5543429.5000]
  Epoch 13/30:  69%|████████████████████         | 40/58 [00:02<00:00, 20.95it/s, loss=6348507.5000]
  Epoch 13/30:  69%|████████████████████         | 40/58 [00:02<00:00, 20.95it/s, loss=5995887.0000]
  Epoch 13/30:  69%|████████████████████         | 40/58 [00:02<00:00, 20.95it/s, loss=6233343.0000]
  Epoch 13/30:  74%|█████████████████████▌       | 43/58 [00:02<00:00, 20.94it/s, loss=6233343.0000]
  Epoch 13/30:  74%|█████████████████████▌       | 43/58 [00:02<00:00, 20.94it/s, loss=6648153.5000]
  Epoch 13/30:  74%|█████████████████████▌       | 43/58 [00:02<00:00, 20.94it/s, loss=6346231.0000]
  Epoch 13/30:  74%|█████████████████████▌       | 43/58 [00:02<00:00, 20.94it/s, loss=5656200.0000]
  Epoch 13/30:  79%|███████████████████████      | 46/58 [00:02<00:00, 21.09it/s, loss=5656200.0000]
  Epoch 13/30:  79%|███████████████████████      | 46/58 [00:02<00:00, 21.09it/s, loss=6866413.5000]
  Epoch 13/30:  79%|███████████████████████      | 46/58 [00:02<00:00, 21.09it/s, loss=5504137.5000]
  Epoch 13/30:  79%|███████████████████████      | 46/58 [00:02<00:00, 21.09it/s, loss=5156641.5000]
  Epoch 13/30:  84%|████████████████████████▌    | 49/58 [00:02<00:00, 19.82it/s, loss=5156641.5000]
  Epoch 13/30:  84%|████████████████████████▌    | 49/58 [00:02<00:00, 19.82it/s, loss=5339729.0000]
  Epoch 13/30:  84%|████████████████████████▌    | 49/58 [00:02<00:00, 19.82it/s, loss=5225493.5000]
  Epoch 13/30:  84%|████████████████████████▌    | 49/58 [00:02<00:00, 19.82it/s, loss=6193185.5000]
  Epoch 13/30:  90%|██████████████████████████   | 52/58 [00:02<00:00, 20.45it/s, loss=6193185.5000]
  Epoch 13/30:  90%|██████████████████████████   | 52/58 [00:02<00:00, 20.45it/s, loss=6237088.0000]
  Epoch 13/30:  90%|██████████████████████████   | 52/58 [00:02<00:00, 20.45it/s, loss=6029728.0000]
  Epoch 13/30:  90%|██████████████████████████   | 52/58 [00:02<00:00, 20.45it/s, loss=5666164.0000]
  Epoch 13/30:  95%|███████████████████████████▌ | 55/58 [00:02<00:00, 20.46it/s, loss=5666164.0000]
  Epoch 13/30:  95%|███████████████████████████▌ | 55/58 [00:02<00:00, 20.46it/s, loss=5835081.0000]
  Epoch 13/30:  95%|███████████████████████████▌ | 55/58 [00:03<00:00, 20.46it/s, loss=6316392.0000]
  Epoch 13/30:  95%|███████████████████████████▌ | 55/58 [00:03<00:00, 20.46it/s, loss=7077649.0000]
  Epoch 13/30: 100%|█████████████████████████████| 58/58 [00:03<00:00, 20.68it/s, loss=7077649.0000]
                                                                                                    

  Epoch 14/30:   0%|                                                         | 0/58 [00:00<?, ?it/s]
  Epoch 14/30:   0%|                                      | 0/58 [00:00<?, ?it/s, loss=5108708.0000]
  Epoch 14/30:   0%|                                      | 0/58 [00:00<?, ?it/s, loss=5474311.5000]
  Epoch 14/30:   3%|█                             | 2/58 [00:00<00:03, 16.40it/s, loss=5474311.5000]
  Epoch 14/30:   3%|█                             | 2/58 [00:00<00:03, 16.40it/s, loss=5948160.0000]
  Epoch 14/30:   3%|█                             | 2/58 [00:00<00:03, 16.40it/s, loss=5199364.0000]
  Epoch 14/30:   3%|█                             | 2/58 [00:00<00:03, 16.40it/s, loss=5538795.0000]
  Epoch 14/30:   9%|██▌                           | 5/58 [00:00<00:02, 20.95it/s, loss=5538795.0000]
  Epoch 14/30:   9%|██▌                           | 5/58 [00:00<00:02, 20.95it/s, loss=5644067.0000]
  Epoch 14/30:   9%|██▌                           | 5/58 [00:00<00:02, 20.95it/s, loss=5821052.0000]
  Epoch 14/30:   9%|██▌                           | 5/58 [00:00<00:02, 20.95it/s, loss=5697996.0000]
  Epoch 14/30:  14%|████▏                         | 8/58 [00:00<00:02, 19.95it/s, loss=5697996.0000]
  Epoch 14/30:  14%|████▏                         | 8/58 [00:00<00:02, 19.95it/s, loss=5943807.5000]
  Epoch 14/30:  14%|████▏                         | 8/58 [00:00<00:02, 19.95it/s, loss=5435414.0000]
  Epoch 14/30:  14%|████▏                         | 8/58 [00:00<00:02, 19.95it/s, loss=5468712.0000]
  Epoch 14/30:  19%|█████▌                       | 11/58 [00:00<00:02, 20.04it/s, loss=5468712.0000]
  Epoch 14/30:  19%|█████▌                       | 11/58 [00:00<00:02, 20.04it/s, loss=5793712.0000]
  Epoch 14/30:  19%|█████▌                       | 11/58 [00:00<00:02, 20.04it/s, loss=4876275.5000]
  Epoch 14/30:  19%|█████▌                       | 11/58 [00:00<00:02, 20.04it/s, loss=5603092.0000]
  Epoch 14/30:  24%|███████                      | 14/58 [00:00<00:02, 20.94it/s, loss=5603092.0000]
  Epoch 14/30:  24%|███████                      | 14/58 [00:00<00:02, 20.94it/s, loss=5907716.0000]
  Epoch 14/30:  24%|███████                      | 14/58 [00:00<00:02, 20.94it/s, loss=5336590.5000]
  Epoch 14/30:  24%|███████                      | 14/58 [00:00<00:02, 20.94it/s, loss=5068759.5000]
  Epoch 14/30:  29%|████████▌                    | 17/58 [00:00<00:02, 20.01it/s, loss=5068759.5000]
  Epoch 14/30:  29%|████████▌                    | 17/58 [00:00<00:02, 20.01it/s, loss=5050738.0000]
  Epoch 14/30:  29%|████████▌                    | 17/58 [00:00<00:02, 20.01it/s, loss=5198920.0000]
  Epoch 14/30:  29%|████████▌                    | 17/58 [00:00<00:02, 20.01it/s, loss=4766538.0000]
  Epoch 14/30:  34%|██████████                   | 20/58 [00:00<00:01, 20.51it/s, loss=4766538.0000]
  Epoch 14/30:  34%|██████████                   | 20/58 [00:01<00:01, 20.51it/s, loss=5553643.5000]
  Epoch 14/30:  34%|██████████                   | 20/58 [00:01<00:01, 20.51it/s, loss=4523204.0000]
  Epoch 14/30:  34%|██████████                   | 20/58 [00:01<00:01, 20.51it/s, loss=5723652.0000]
  Epoch 14/30:  40%|███████████▌                 | 23/58 [00:01<00:01, 19.80it/s, loss=5723652.0000]
  Epoch 14/30:  40%|███████████▌                 | 23/58 [00:01<00:01, 19.80it/s, loss=5563432.0000]
  Epoch 14/30:  40%|███████████▌                 | 23/58 [00:01<00:01, 19.80it/s, loss=5042318.5000]
  Epoch 14/30:  40%|███████████▌                 | 23/58 [00:01<00:01, 19.80it/s, loss=5784159.5000]
  Epoch 14/30:  45%|█████████████                | 26/58 [00:01<00:01, 20.54it/s, loss=5784159.5000]
  Epoch 14/30:  45%|█████████████                | 26/58 [00:01<00:01, 20.54it/s, loss=5362177.0000]
  Epoch 14/30:  45%|█████████████                | 26/58 [00:01<00:01, 20.54it/s, loss=5090967.5000]
  Epoch 14/30:  45%|█████████████                | 26/58 [00:01<00:01, 20.54it/s, loss=4543292.5000]
  Epoch 14/30:  50%|██████████████▌              | 29/58 [00:01<00:01, 21.43it/s, loss=4543292.5000]
  Epoch 14/30:  50%|██████████████▌              | 29/58 [00:01<00:01, 21.43it/s, loss=4286972.0000]
  Epoch 14/30:  50%|██████████████▌              | 29/58 [00:01<00:01, 21.43it/s, loss=4786204.5000]
  Epoch 14/30:  50%|██████████████▌              | 29/58 [00:01<00:01, 21.43it/s, loss=5676953.5000]
  Epoch 14/30:  55%|████████████████             | 32/58 [00:01<00:01, 21.37it/s, loss=5676953.5000]
  Epoch 14/30:  55%|████████████████             | 32/58 [00:01<00:01, 21.37it/s, loss=5274869.5000]
  Epoch 14/30:  55%|████████████████             | 32/58 [00:01<00:01, 21.37it/s, loss=4959608.0000]
  Epoch 14/30:  55%|████████████████             | 32/58 [00:01<00:01, 21.37it/s, loss=4840005.0000]
  Epoch 14/30:  60%|█████████████████▌           | 35/58 [00:01<00:01, 21.00it/s, loss=4840005.0000]
  Epoch 14/30:  60%|█████████████████▌           | 35/58 [00:01<00:01, 21.00it/s, loss=4439112.0000]
  Epoch 14/30:  60%|█████████████████▌           | 35/58 [00:01<00:01, 21.00it/s, loss=4383515.0000]
  Epoch 14/30:  60%|█████████████████▌           | 35/58 [00:01<00:01, 21.00it/s, loss=4187637.5000]
  Epoch 14/30:  66%|███████████████████          | 38/58 [00:01<00:01, 19.82it/s, loss=4187637.5000]
  Epoch 14/30:  66%|███████████████████          | 38/58 [00:01<00:01, 19.82it/s, loss=4452604.5000]
  Epoch 14/30:  66%|███████████████████          | 38/58 [00:01<00:01, 19.82it/s, loss=3740795.5000]
  Epoch 14/30:  66%|███████████████████          | 38/58 [00:02<00:01, 19.82it/s, loss=5036081.5000]
  Epoch 14/30:  71%|████████████████████▌        | 41/58 [00:02<00:00, 19.90it/s, loss=5036081.5000]
  Epoch 14/30:  71%|████████████████████▌        | 41/58 [00:02<00:00, 19.90it/s, loss=4646872.0000]
  Epoch 14/30:  71%|████████████████████▌        | 41/58 [00:02<00:00, 19.90it/s, loss=4271212.0000]
  Epoch 14/30:  71%|████████████████████▌        | 41/58 [00:02<00:00, 19.90it/s, loss=4520298.0000]
  Epoch 14/30:  76%|██████████████████████       | 44/58 [00:02<00:00, 20.75it/s, loss=4520298.0000]
  Epoch 14/30:  76%|██████████████████████       | 44/58 [00:02<00:00, 20.75it/s, loss=3946363.0000]
  Epoch 14/30:  76%|██████████████████████       | 44/58 [00:02<00:00, 20.75it/s, loss=4523441.0000]
  Epoch 14/30:  76%|██████████████████████       | 44/58 [00:02<00:00, 20.75it/s, loss=4502003.0000]
  Epoch 14/30:  81%|███████████████████████▌     | 47/58 [00:02<00:00, 21.11it/s, loss=4502003.0000]
  Epoch 14/30:  81%|███████████████████████▌     | 47/58 [00:02<00:00, 21.11it/s, loss=4911165.0000]
  Epoch 14/30:  81%|███████████████████████▌     | 47/58 [00:02<00:00, 21.11it/s, loss=4762517.0000]
  Epoch 14/30:  81%|███████████████████████▌     | 47/58 [00:02<00:00, 21.11it/s, loss=4513290.0000]
  Epoch 14/30:  86%|█████████████████████████    | 50/58 [00:02<00:00, 20.94it/s, loss=4513290.0000]
  Epoch 14/30:  86%|█████████████████████████    | 50/58 [00:02<00:00, 20.94it/s, loss=4464953.5000]
  Epoch 14/30:  86%|█████████████████████████    | 50/58 [00:02<00:00, 20.94it/s, loss=3843208.7500]
  Epoch 14/30:  86%|█████████████████████████    | 50/58 [00:02<00:00, 20.94it/s, loss=3993351.5000]
  Epoch 14/30:  91%|██████████████████████████▌  | 53/58 [00:02<00:00, 20.87it/s, loss=3993351.5000]
  Epoch 14/30:  91%|██████████████████████████▌  | 53/58 [00:02<00:00, 20.87it/s, loss=4576853.0000]
  Epoch 14/30:  91%|██████████████████████████▌  | 53/58 [00:02<00:00, 20.87it/s, loss=4482909.5000]
  Epoch 14/30:  91%|██████████████████████████▌  | 53/58 [00:02<00:00, 20.87it/s, loss=4267000.0000]
  Epoch 14/30:  97%|████████████████████████████ | 56/58 [00:02<00:00, 20.73it/s, loss=4267000.0000]
  Epoch 14/30:  97%|████████████████████████████ | 56/58 [00:02<00:00, 20.73it/s, loss=3716878.7500]
  Epoch 14/30:  97%|████████████████████████████ | 56/58 [00:02<00:00, 20.73it/s, loss=4043899.0000]
                                                                                                    

  Epoch 15/30:   0%|                                                         | 0/58 [00:00<?, ?it/s]
  Epoch 15/30:   0%|                                      | 0/58 [00:00<?, ?it/s, loss=4439747.0000]
  Epoch 15/30:   0%|                                      | 0/58 [00:00<?, ?it/s, loss=3715297.7500]
  Epoch 15/30:   0%|                                      | 0/58 [00:00<?, ?it/s, loss=4050831.5000]
  Epoch 15/30:   5%|█▌                            | 3/58 [00:00<00:02, 20.91it/s, loss=4050831.5000]
  Epoch 15/30:   5%|█▌                            | 3/58 [00:00<00:02, 20.91it/s, loss=4071192.0000]
  Epoch 15/30:   5%|█▌                            | 3/58 [00:00<00:02, 20.91it/s, loss=3521021.5000]
  Epoch 15/30:   5%|█▌                            | 3/58 [00:00<00:02, 20.91it/s, loss=3798061.0000]
  Epoch 15/30:  10%|███                           | 6/58 [00:00<00:03, 15.10it/s, loss=3798061.0000]
  Epoch 15/30:  10%|███                           | 6/58 [00:00<00:03, 15.10it/s, loss=4386669.0000]
  Epoch 15/30:  10%|███                           | 6/58 [00:00<00:03, 15.10it/s, loss=4078480.5000]
  Epoch 15/30:  10%|███                           | 6/58 [00:00<00:03, 15.10it/s, loss=4026489.5000]
  Epoch 15/30:  16%|████▋                         | 9/58 [00:00<00:02, 17.76it/s, loss=4026489.5000]
  Epoch 15/30:  16%|████▋                         | 9/58 [00:00<00:02, 17.76it/s, loss=4179311.5000]
  Epoch 15/30:  16%|████▋                         | 9/58 [00:00<00:02, 17.76it/s, loss=4086856.0000]
  Epoch 15/30:  19%|█████▌                       | 11/58 [00:00<00:02, 18.38it/s, loss=4086856.0000]
  Epoch 15/30:  19%|█████▌                       | 11/58 [00:00<00:02, 18.38it/s, loss=4232199.0000]
  Epoch 15/30:  19%|█████▌                       | 11/58 [00:00<00:02, 18.38it/s, loss=4321644.0000]
  Epoch 15/30:  19%|█████▌                       | 11/58 [00:00<00:02, 18.38it/s, loss=3861790.0000]
  Epoch 15/30:  24%|███████                      | 14/58 [00:00<00:02, 19.72it/s, loss=3861790.0000]
  Epoch 15/30:  24%|███████                      | 14/58 [00:00<00:02, 19.72it/s, loss=3911140.0000]
  Epoch 15/30:  24%|███████                      | 14/58 [00:00<00:02, 19.72it/s, loss=3788676.0000]
  Epoch 15/30:  24%|███████                      | 14/58 [00:00<00:02, 19.72it/s, loss=4012927.7500]
  Epoch 15/30:  29%|████████▌                    | 17/58 [00:00<00:02, 20.13it/s, loss=4012927.7500]
  Epoch 15/30:  29%|████████▌                    | 17/58 [00:00<00:02, 20.13it/s, loss=4063338.7500]
  Epoch 15/30:  29%|████████▌                    | 17/58 [00:00<00:02, 20.13it/s, loss=3984146.7500]
  Epoch 15/30:  29%|████████▌                    | 17/58 [00:01<00:02, 20.13it/s, loss=3532674.5000]
  Epoch 15/30:  34%|██████████                   | 20/58 [00:01<00:01, 20.44it/s, loss=3532674.5000]
  Epoch 15/30:  34%|██████████                   | 20/58 [00:01<00:01, 20.44it/s, loss=3754496.7500]
  Epoch 15/30:  34%|██████████                   | 20/58 [00:01<00:01, 20.44it/s, loss=3889847.7500]
  Epoch 15/30:  34%|██████████                   | 20/58 [00:01<00:01, 20.44it/s, loss=3636849.7500]
  Epoch 15/30:  40%|███████████▌                 | 23/58 [00:01<00:01, 19.78it/s, loss=3636849.7500]
  Epoch 15/30:  40%|███████████▌                 | 23/58 [00:01<00:01, 19.78it/s, loss=3663007.0000]
  Epoch 15/30:  40%|███████████▌                 | 23/58 [00:01<00:01, 19.78it/s, loss=3753868.5000]
  Epoch 15/30:  40%|███████████▌                 | 23/58 [00:01<00:01, 19.78it/s, loss=3824010.5000]
  Epoch 15/30:  45%|█████████████                | 26/58 [00:01<00:01, 19.80it/s, loss=3824010.5000]
  Epoch 15/30:  45%|█████████████                | 26/58 [00:01<00:01, 19.80it/s, loss=3821152.7500]
  Epoch 15/30:  45%|█████████████                | 26/58 [00:01<00:01, 19.80it/s, loss=3210834.5000]
  Epoch 15/30:  45%|█████████████                | 26/58 [00:01<00:01, 19.80it/s, loss=3335017.0000]
  Epoch 15/30:  50%|██████████████▌              | 29/58 [00:01<00:01, 20.41it/s, loss=3335017.0000]
  Epoch 15/30:  50%|██████████████▌              | 29/58 [00:01<00:01, 20.41it/s, loss=4009122.0000]
  Epoch 15/30:  50%|██████████████▌              | 29/58 [00:01<00:01, 20.41it/s, loss=3401780.0000]
  Epoch 15/30:  50%|██████████████▌              | 29/58 [00:01<00:01, 20.41it/s, loss=3301048.0000]
  Epoch 15/30:  55%|████████████████             | 32/58 [00:01<00:01, 20.78it/s, loss=3301048.0000]
  Epoch 15/30:  55%|████████████████             | 32/58 [00:01<00:01, 20.78it/s, loss=3872854.7500]
  Epoch 15/30:  55%|████████████████             | 32/58 [00:01<00:01, 20.78it/s, loss=4273960.0000]
  Epoch 15/30:  55%|████████████████             | 32/58 [00:01<00:01, 20.78it/s, loss=4052432.0000]
  Epoch 15/30:  60%|█████████████████▌           | 35/58 [00:01<00:01, 21.18it/s, loss=4052432.0000]
  Epoch 15/30:  60%|█████████████████▌           | 35/58 [00:01<00:01, 21.18it/s, loss=3566905.7500]
  Epoch 15/30:  60%|█████████████████▌           | 35/58 [00:01<00:01, 21.18it/s, loss=3991882.0000]
  Epoch 15/30:  60%|█████████████████▌           | 35/58 [00:01<00:01, 21.18it/s, loss=3505081.7500]
  Epoch 15/30:  66%|███████████████████          | 38/58 [00:01<00:00, 21.91it/s, loss=3505081.7500]
  Epoch 15/30:  66%|███████████████████          | 38/58 [00:01<00:00, 21.91it/s, loss=3715950.7500]
  Epoch 15/30:  66%|███████████████████          | 38/58 [00:01<00:00, 21.91it/s, loss=3679756.7500]
  Epoch 15/30:  66%|███████████████████          | 38/58 [00:02<00:00, 21.91it/s, loss=3024448.7500]
  Epoch 15/30:  71%|████████████████████▌        | 41/58 [00:02<00:00, 21.54it/s, loss=3024448.7500]
  Epoch 15/30:  71%|████████████████████▌        | 41/58 [00:02<00:00, 21.54it/s, loss=2995486.7500]
  Epoch 15/30:  71%|████████████████████▌        | 41/58 [00:02<00:00, 21.54it/s, loss=3097838.7500]
  Epoch 15/30:  71%|████████████████████▌        | 41/58 [00:02<00:00, 21.54it/s, loss=3185652.0000]
  Epoch 15/30:  76%|██████████████████████       | 44/58 [00:02<00:00, 20.53it/s, loss=3185652.0000]
  Epoch 15/30:  76%|██████████████████████       | 44/58 [00:02<00:00, 20.53it/s, loss=3730747.5000]
  Epoch 15/30:  76%|██████████████████████       | 44/58 [00:02<00:00, 20.53it/s, loss=3575134.0000]
  Epoch 15/30:  76%|██████████████████████       | 44/58 [00:02<00:00, 20.53it/s, loss=3275781.0000]
  Epoch 15/30:  81%|███████████████████████▌     | 47/58 [00:02<00:00, 20.55it/s, loss=3275781.0000]
  Epoch 15/30:  81%|███████████████████████▌     | 47/58 [00:02<00:00, 20.55it/s, loss=3445411.7500]
  Epoch 15/30:  81%|███████████████████████▌     | 47/58 [00:02<00:00, 20.55it/s, loss=3468042.7500]
  Epoch 15/30:  81%|███████████████████████▌     | 47/58 [00:02<00:00, 20.55it/s, loss=3310576.5000]
  Epoch 15/30:  86%|█████████████████████████    | 50/58 [00:02<00:00, 20.79it/s, loss=3310576.5000]
  Epoch 15/30:  86%|█████████████████████████    | 50/58 [00:02<00:00, 20.79it/s, loss=3823983.7500]
  Epoch 15/30:  86%|█████████████████████████    | 50/58 [00:02<00:00, 20.79it/s, loss=3219590.7500]
  Epoch 15/30:  86%|█████████████████████████    | 50/58 [00:02<00:00, 20.79it/s, loss=2939438.5000]
  Epoch 15/30:  91%|██████████████████████████▌  | 53/58 [00:02<00:00, 20.06it/s, loss=2939438.5000]
  Epoch 15/30:  91%|██████████████████████████▌  | 53/58 [00:02<00:00, 20.06it/s, loss=3017863.7500]
  Epoch 15/30:  91%|██████████████████████████▌  | 53/58 [00:02<00:00, 20.06it/s, loss=3095581.0000]
  Epoch 15/30:  91%|██████████████████████████▌  | 53/58 [00:02<00:00, 20.06it/s, loss=3228570.0000]
  Epoch 15/30:  97%|████████████████████████████ | 56/58 [00:02<00:00, 17.28it/s, loss=3228570.0000]
  Epoch 15/30:  97%|████████████████████████████ | 56/58 [00:02<00:00, 17.28it/s, loss=3536950.7500]
  Epoch 15/30:  97%|████████████████████████████ | 56/58 [00:02<00:00, 17.28it/s, loss=4913224.0000]
  Epoch 15/30: 100%|█████████████████████████████| 58/58 [00:02<00:00, 17.52it/s, loss=4913224.0000]
                                                                                                    
  Epoch 15/30 │ Loss: 3710459.9052 │ T+1: -1103985664.0000 │ T+2: -456100576.0000 │ T+3: -3400177664.0000 ★ NEW BEST

  Epoch 16/30:   0%|                                                         | 0/58 [00:00<?, ?it/s]
  Epoch 16/30:   0%|                                      | 0/58 [00:00<?, ?it/s, loss=3590722.7500]
  Epoch 16/30:   0%|                                      | 0/58 [00:00<?, ?it/s, loss=3410636.7500]
  Epoch 16/30:   3%|█                             | 2/58 [00:00<00:04, 13.76it/s, loss=3410636.7500]
  Epoch 16/30:   3%|█                             | 2/58 [00:00<00:04, 13.76it/s, loss=3030705.0000]
  Epoch 16/30:   3%|█                             | 2/58 [00:00<00:04, 13.76it/s, loss=3331605.5000]
  Epoch 16/30:   7%|██                            | 4/58 [00:00<00:03, 15.68it/s, loss=3331605.5000]
  Epoch 16/30:   7%|██                            | 4/58 [00:00<00:03, 15.68it/s, loss=3284914.0000]
  Epoch 16/30:   7%|██                            | 4/58 [00:00<00:03, 15.68it/s, loss=3243163.7500]
  Epoch 16/30:   7%|██                            | 4/58 [00:00<00:03, 15.68it/s, loss=3026346.7500]
  Epoch 16/30:  12%|███▌                          | 7/58 [00:00<00:02, 17.99it/s, loss=3026346.7500]
  Epoch 16/30:  12%|███▌                          | 7/58 [00:00<00:02, 17.99it/s, loss=3066554.0000]
  Epoch 16/30:  12%|███▌                          | 7/58 [00:00<00:02, 17.99it/s, loss=2639043.0000]
  Epoch 16/30:  12%|███▌                          | 7/58 [00:00<00:02, 17.99it/s, loss=3215756.7500]
  Epoch 16/30:  17%|█████                        | 10/58 [00:00<00:02, 19.21it/s, loss=3215756.7500]
  Epoch 16/30:  17%|█████                        | 10/58 [00:00<00:02, 19.21it/s, loss=3134053.7500]
  Epoch 16/30:  17%|█████                        | 10/58 [00:00<00:02, 19.21it/s, loss=3016372.0000]
  Epoch 16/30:  21%|██████                       | 12/58 [00:00<00:02, 19.11it/s, loss=3016372.0000]
  Epoch 16/30:  21%|██████                       | 12/58 [00:00<00:02, 19.11it/s, loss=2791304.7500]
  Epoch 16/30:  21%|██████                       | 12/58 [00:00<00:02, 19.11it/s, loss=2971214.7500]
  Epoch 16/30:  21%|██████                       | 12/58 [00:00<00:02, 19.11it/s, loss=2496652.5000]
  Epoch 16/30:  26%|███████▌                     | 15/58 [00:00<00:02, 19.52it/s, loss=2496652.5000]
  Epoch 16/30:  26%|███████▌                     | 15/58 [00:00<00:02, 19.52it/s, loss=2760541.7500]
  Epoch 16/30:  26%|███████▌                     | 15/58 [00:00<00:02, 19.52it/s, loss=2662263.2500]
  Epoch 16/30:  26%|███████▌                     | 15/58 [00:00<00:02, 19.52it/s, loss=3271924.0000]
  Epoch 16/30:  31%|█████████                    | 18/58 [00:00<00:01, 20.14it/s, loss=3271924.0000]
  Epoch 16/30:  31%|█████████                    | 18/58 [00:00<00:01, 20.14it/s, loss=2758415.7500]
  Epoch 16/30:  31%|█████████                    | 18/58 [00:01<00:01, 20.14it/s, loss=2790919.5000]
  Epoch 16/30:  31%|█████████                    | 18/58 [00:01<00:01, 20.14it/s, loss=2962610.7500]
  Epoch 16/30:  36%|██████████▌                  | 21/58 [00:01<00:01, 19.27it/s, loss=2962610.7500]
  Epoch 16/30:  36%|██████████▌                  | 21/58 [00:01<00:01, 19.27it/s, loss=2978802.0000]
  Epoch 16/30:  36%|██████████▌                  | 21/58 [00:01<00:01, 19.27it/s, loss=2761796.7500]
  Epoch 16/30:  40%|███████████▌                 | 23/58 [00:01<00:01, 18.92it/s, loss=2761796.7500]
  Epoch 16/30:  40%|███████████▌                 | 23/58 [00:01<00:01, 18.92it/s, loss=2832884.5000]
  Epoch 16/30:  40%|███████████▌                 | 23/58 [00:01<00:01, 18.92it/s, loss=2940343.5000]
  Epoch 16/30:  40%|███████████▌                 | 23/58 [00:01<00:01, 18.92it/s, loss=2711030.0000]
  Epoch 16/30:  45%|█████████████                | 26/58 [00:01<00:01, 20.46it/s, loss=2711030.0000]
  Epoch 16/30:  45%|█████████████                | 26/58 [00:01<00:01, 20.46it/s, loss=3062059.0000]
  Epoch 16/30:  45%|█████████████                | 26/58 [00:01<00:01, 20.46it/s, loss=2843292.0000]
  Epoch 16/30:  45%|█████████████                | 26/58 [00:01<00:01, 20.46it/s, loss=2635173.7500]
  Epoch 16/30:  50%|██████████████▌              | 29/58 [00:01<00:01, 20.52it/s, loss=2635173.7500]
  Epoch 16/30:  50%|██████████████▌              | 29/58 [00:01<00:01, 20.52it/s, loss=2889009.5000]
  Epoch 16/30:  50%|██████████████▌              | 29/58 [00:01<00:01, 20.52it/s, loss=2610978.2500]
  Epoch 16/30:  50%|██████████████▌              | 29/58 [00:01<00:01, 20.52it/s, loss=2661662.5000]
  Epoch 16/30:  55%|████████████████             | 32/58 [00:01<00:01, 21.57it/s, loss=2661662.5000]
  Epoch 16/30:  55%|████████████████             | 32/58 [00:01<00:01, 21.57it/s, loss=2812269.5000]
  Epoch 16/30:  55%|████████████████             | 32/58 [00:01<00:01, 21.57it/s, loss=2553881.7500]
  Epoch 16/30:  55%|████████████████             | 32/58 [00:01<00:01, 21.57it/s, loss=3192109.7500]
  Epoch 16/30:  60%|█████████████████▌           | 35/58 [00:01<00:01, 22.17it/s, loss=3192109.7500]
  Epoch 16/30:  60%|█████████████████▌           | 35/58 [00:01<00:01, 22.17it/s, loss=3296036.7500]
  Epoch 16/30:  60%|█████████████████▌           | 35/58 [00:01<00:01, 22.17it/s, loss=2600165.5000]
  Epoch 16/30:  60%|█████████████████▌           | 35/58 [00:01<00:01, 22.17it/s, loss=2782290.5000]
  Epoch 16/30:  66%|███████████████████          | 38/58 [00:01<00:00, 22.40it/s, loss=2782290.5000]
  Epoch 16/30:  66%|███████████████████          | 38/58 [00:01<00:00, 22.40it/s, loss=2655370.7500]
  Epoch 16/30:  66%|███████████████████          | 38/58 [00:01<00:00, 22.40it/s, loss=2378533.0000]
  Epoch 16/30:  66%|███████████████████          | 38/58 [00:02<00:00, 22.40it/s, loss=2689894.5000]
  Epoch 16/30:  71%|████████████████████▌        | 41/58 [00:02<00:00, 21.09it/s, loss=2689894.5000]
  Epoch 16/30:  71%|████████████████████▌        | 41/58 [00:02<00:00, 21.09it/s, loss=2242851.5000]
  Epoch 16/30:  71%|████████████████████▌        | 41/58 [00:02<00:00, 21.09it/s, loss=2849764.5000]
  Epoch 16/30:  71%|████████████████████▌        | 41/58 [00:02<00:00, 21.09it/s, loss=2551452.5000]
  Epoch 16/30:  76%|██████████████████████       | 44/58 [00:02<00:00, 19.12it/s, loss=2551452.5000]
  Epoch 16/30:  76%|██████████████████████       | 44/58 [00:02<00:00, 19.12it/s, loss=2782862.7500]
  Epoch 16/30:  76%|██████████████████████       | 44/58 [00:02<00:00, 19.12it/s, loss=2204238.5000]
  Epoch 16/30:  76%|██████████████████████       | 44/58 [00:02<00:00, 19.12it/s, loss=2520617.5000]
  Epoch 16/30:  81%|███████████████████████▌     | 47/58 [00:02<00:00, 19.81it/s, loss=2520617.5000]
  Epoch 16/30:  81%|███████████████████████▌     | 47/58 [00:02<00:00, 19.81it/s, loss=2710195.5000]
  Epoch 16/30:  81%|███████████████████████▌     | 47/58 [00:02<00:00, 19.81it/s, loss=2296419.5000]
  Epoch 16/30:  81%|███████████████████████▌     | 47/58 [00:02<00:00, 19.81it/s, loss=2694197.0000]
  Epoch 16/30:  86%|█████████████████████████    | 50/58 [00:02<00:00, 20.78it/s, loss=2694197.0000]
  Epoch 16/30:  86%|█████████████████████████    | 50/58 [00:02<00:00, 20.78it/s, loss=2265573.7500]
  Epoch 16/30:  86%|█████████████████████████    | 50/58 [00:02<00:00, 20.78it/s, loss=2410784.0000]
  Epoch 16/30:  86%|█████████████████████████    | 50/58 [00:02<00:00, 20.78it/s, loss=2330649.2500]
  Epoch 16/30:  91%|██████████████████████████▌  | 53/58 [00:02<00:00, 21.90it/s, loss=2330649.2500]
  Epoch 16/30:  91%|██████████████████████████▌  | 53/58 [00:02<00:00, 21.90it/s, loss=1957781.7500]
  Epoch 16/30:  91%|██████████████████████████▌  | 53/58 [00:02<00:00, 21.90it/s, loss=1988190.3750]
  Epoch 16/30:  91%|██████████████████████████▌  | 53/58 [00:02<00:00, 21.90it/s, loss=2649847.7500]
  Epoch 16/30:  97%|████████████████████████████ | 56/58 [00:02<00:00, 22.15it/s, loss=2649847.7500]
  Epoch 16/30:  97%|████████████████████████████ | 56/58 [00:02<00:00, 22.15it/s, loss=2432371.5000]
  Epoch 16/30:  97%|████████████████████████████ | 56/58 [00:02<00:00, 22.15it/s, loss=2364236.2500]
                                                                                                    

  Epoch 17/30:   0%|                                                         | 0/58 [00:00<?, ?it/s]
  Epoch 17/30:   0%|                                      | 0/58 [00:00<?, ?it/s, loss=2400107.0000]
  Epoch 17/30:   0%|                                      | 0/58 [00:00<?, ?it/s, loss=2276198.7500]
  Epoch 17/30:   3%|█                             | 2/58 [00:00<00:02, 19.86it/s, loss=2276198.7500]
  Epoch 17/30:   3%|█                             | 2/58 [00:00<00:02, 19.86it/s, loss=2017904.7500]
  Epoch 17/30:   3%|█                             | 2/58 [00:00<00:02, 19.86it/s, loss=2880381.7500]
  Epoch 17/30:   3%|█                             | 2/58 [00:00<00:02, 19.86it/s, loss=2295732.0000]
  Epoch 17/30:   9%|██▌                           | 5/58 [00:00<00:02, 18.56it/s, loss=2295732.0000]
  Epoch 17/30:   9%|██▌                           | 5/58 [00:00<00:02, 18.56it/s, loss=2286170.7500]
  Epoch 17/30:   9%|██▌                           | 5/58 [00:00<00:02, 18.56it/s, loss=2207724.7500]
  Epoch 17/30:   9%|██▌                           | 5/58 [00:00<00:02, 18.56it/s, loss=2086095.8750]
  Epoch 17/30:  14%|████▏                         | 8/58 [00:00<00:02, 18.31it/s, loss=2086095.8750]
  Epoch 17/30:  14%|████▏                         | 8/58 [00:00<00:02, 18.31it/s, loss=2093722.0000]
  Epoch 17/30:  14%|████▏                         | 8/58 [00:00<00:02, 18.31it/s, loss=2068508.8750]
  Epoch 17/30:  17%|█████                        | 10/58 [00:00<00:02, 18.29it/s, loss=2068508.8750]
  Epoch 17/30:  17%|█████                        | 10/58 [00:00<00:02, 18.29it/s, loss=1986791.8750]
  Epoch 17/30:  17%|█████                        | 10/58 [00:00<00:02, 18.29it/s, loss=2333243.0000]
  Epoch 17/30:  17%|█████                        | 10/58 [00:00<00:02, 18.29it/s, loss=2170273.7500]
  Epoch 17/30:  22%|██████▌                      | 13/58 [00:00<00:02, 20.06it/s, loss=2170273.7500]
  Epoch 17/30:  22%|██████▌                      | 13/58 [00:00<00:02, 20.06it/s, loss=2102111.0000]
  Epoch 17/30:  22%|██████▌                      | 13/58 [00:00<00:02, 20.06it/s, loss=2334141.7500]
  Epoch 17/30:  22%|██████▌                      | 13/58 [00:00<00:02, 20.06it/s, loss=2105178.7500]
  Epoch 17/30:  28%|████████                     | 16/58 [00:00<00:02, 14.50it/s, loss=2105178.7500]
  Epoch 17/30:  28%|████████                     | 16/58 [00:01<00:02, 14.50it/s, loss=1967422.3750]
  Epoch 17/30:  28%|████████                     | 16/58 [00:01<00:02, 14.50it/s, loss=2196742.0000]
  Epoch 17/30:  28%|████████                     | 16/58 [00:01<00:02, 14.50it/s, loss=2011234.2500]
  Epoch 17/30:  33%|█████████▌                   | 19/58 [00:01<00:02, 16.50it/s, loss=2011234.2500]
  Epoch 17/30:  33%|█████████▌                   | 19/58 [00:01<00:02, 16.50it/s, loss=2082809.0000]
  Epoch 17/30:  33%|█████████▌                   | 19/58 [00:01<00:02, 16.50it/s, loss=2532220.0000]
  Epoch 17/30:  33%|█████████▌                   | 19/58 [00:01<00:02, 16.50it/s, loss=1846015.7500]
  Epoch 17/30:  38%|███████████                  | 22/58 [00:01<00:02, 17.55it/s, loss=1846015.7500]
  Epoch 17/30:  38%|███████████                  | 22/58 [00:01<00:02, 17.55it/s, loss=2396983.7500]
  Epoch 17/30:  38%|███████████                  | 22/58 [00:01<00:02, 17.55it/s, loss=2093728.0000]
  Epoch 17/30:  38%|███████████                  | 22/58 [00:01<00:02, 17.55it/s, loss=2223151.2500]
  Epoch 17/30:  43%|████████████▌                | 25/58 [00:01<00:01, 18.98it/s, loss=2223151.2500]
  Epoch 17/30:  43%|████████████▌                | 25/58 [00:01<00:01, 18.98it/s, loss=2478196.0000]
  Epoch 17/30:  43%|████████████▌                | 25/58 [00:01<00:01, 18.98it/s, loss=2370422.0000]
  Epoch 17/30:  43%|████████████▌                | 25/58 [00:01<00:01, 18.98it/s, loss=2193038.0000]
  Epoch 17/30:  48%|██████████████               | 28/58 [00:01<00:01, 20.24it/s, loss=2193038.0000]
  Epoch 17/30:  48%|██████████████               | 28/58 [00:01<00:01, 20.24it/s, loss=2150402.0000]
  Epoch 17/30:  48%|██████████████               | 28/58 [00:01<00:01, 20.24it/s, loss=1859337.3750]
  Epoch 17/30:  48%|██████████████               | 28/58 [00:01<00:01, 20.24it/s, loss=2228040.7500]
  Epoch 17/30:  53%|███████████████▍             | 31/58 [00:01<00:01, 20.53it/s, loss=2228040.7500]
  Epoch 17/30:  53%|███████████████▍             | 31/58 [00:01<00:01, 20.53it/s, loss=1888996.3750]
  Epoch 17/30:  53%|███████████████▍             | 31/58 [00:01<00:01, 20.53it/s, loss=2076028.5000]
  Epoch 17/30:  53%|███████████████▍             | 31/58 [00:01<00:01, 20.53it/s, loss=2096938.0000]
  Epoch 17/30:  59%|█████████████████            | 34/58 [00:01<00:01, 20.32it/s, loss=2096938.0000]
  Epoch 17/30:  59%|█████████████████            | 34/58 [00:01<00:01, 20.32it/s, loss=2081175.7500]
  Epoch 17/30:  59%|█████████████████            | 34/58 [00:01<00:01, 20.32it/s, loss=1811542.0000]
  Epoch 17/30:  59%|█████████████████            | 34/58 [00:01<00:01, 20.32it/s, loss=2206663.5000]
  Epoch 17/30:  64%|██████████████████▌          | 37/58 [00:01<00:00, 21.01it/s, loss=2206663.5000]
  Epoch 17/30:  64%|██████████████████▌          | 37/58 [00:01<00:00, 21.01it/s, loss=1952927.8750]
  Epoch 17/30:  64%|██████████████████▌          | 37/58 [00:02<00:00, 21.01it/s, loss=1779875.3750]
  Epoch 17/30:  64%|██████████████████▌          | 37/58 [00:02<00:00, 21.01it/s, loss=1974005.7500]
  Epoch 17/30:  69%|████████████████████         | 40/58 [00:02<00:00, 21.77it/s, loss=1974005.7500]
  Epoch 17/30:  69%|████████████████████         | 40/58 [00:02<00:00, 21.77it/s, loss=2092004.2500]
  Epoch 17/30:  69%|████████████████████         | 40/58 [00:02<00:00, 21.77it/s, loss=1950060.7500]
  Epoch 17/30:  69%|████████████████████         | 40/58 [00:02<00:00, 21.77it/s, loss=2020891.3750]
  Epoch 17/30:  74%|█████████████████████▌       | 43/58 [00:02<00:00, 21.64it/s, loss=2020891.3750]
  Epoch 17/30:  74%|█████████████████████▌       | 43/58 [00:02<00:00, 21.64it/s, loss=1733648.8750]
  Epoch 17/30:  74%|█████████████████████▌       | 43/58 [00:02<00:00, 21.64it/s, loss=1881440.0000]
  Epoch 17/30:  74%|█████████████████████▌       | 43/58 [00:02<00:00, 21.64it/s, loss=1909115.3750]
  Epoch 17/30:  79%|███████████████████████      | 46/58 [00:02<00:00, 20.86it/s, loss=1909115.3750]
  Epoch 17/30:  79%|███████████████████████      | 46/58 [00:02<00:00, 20.86it/s, loss=2147472.5000]
  Epoch 17/30:  79%|███████████████████████      | 46/58 [00:02<00:00, 20.86it/s, loss=2003812.7500]
  Epoch 17/30:  79%|███████████████████████      | 46/58 [00:02<00:00, 20.86it/s, loss=1875920.0000]
  Epoch 17/30:  84%|████████████████████████▌    | 49/58 [00:02<00:00, 20.47it/s, loss=1875920.0000]
  Epoch 17/30:  84%|████████████████████████▌    | 49/58 [00:02<00:00, 20.47it/s, loss=1654936.0000]
  Epoch 17/30:  84%|████████████████████████▌    | 49/58 [00:02<00:00, 20.47it/s, loss=2082214.5000]
  Epoch 17/30:  84%|████████████████████████▌    | 49/58 [00:02<00:00, 20.47it/s, loss=1853424.2500]
  Epoch 17/30:  90%|██████████████████████████   | 52/58 [00:02<00:00, 21.47it/s, loss=1853424.2500]
  Epoch 17/30:  90%|██████████████████████████   | 52/58 [00:02<00:00, 21.47it/s, loss=1903090.7500]
  Epoch 17/30:  90%|██████████████████████████   | 52/58 [00:02<00:00, 21.47it/s, loss=1936165.8750]
  Epoch 17/30:  90%|██████████████████████████   | 52/58 [00:02<00:00, 21.47it/s, loss=1816550.3750]
  Epoch 17/30:  95%|███████████████████████████▌ | 55/58 [00:02<00:00, 22.15it/s, loss=1816550.3750]
  Epoch 17/30:  95%|███████████████████████████▌ | 55/58 [00:02<00:00, 22.15it/s, loss=1670206.0000]
  Epoch 17/30:  95%|███████████████████████████▌ | 55/58 [00:02<00:00, 22.15it/s, loss=1726103.0000]
  Epoch 17/30:  95%|███████████████████████████▌ | 55/58 [00:02<00:00, 22.15it/s, loss=2413186.0000]
  Epoch 17/30: 100%|█████████████████████████████| 58/58 [00:02<00:00, 23.24it/s, loss=2413186.0000]
                                                                                                    

  Epoch 18/30:   0%|                                                         | 0/58 [00:00<?, ?it/s]
  Epoch 18/30:   0%|                                      | 0/58 [00:00<?, ?it/s, loss=1624206.8750]
  Epoch 18/30:   0%|                                      | 0/58 [00:00<?, ?it/s, loss=1650147.2500]
  Epoch 18/30:   0%|                                      | 0/58 [00:00<?, ?it/s, loss=1815350.8750]
  Epoch 18/30:   5%|█▌                            | 3/58 [00:00<00:02, 21.21it/s, loss=1815350.8750]
  Epoch 18/30:   5%|█▌                            | 3/58 [00:00<00:02, 21.21it/s, loss=1513663.5000]
  Epoch 18/30:   5%|█▌                            | 3/58 [00:00<00:02, 21.21it/s, loss=1732250.7500]
  Epoch 18/30:   5%|█▌                            | 3/58 [00:00<00:02, 21.21it/s, loss=1752342.3750]
  Epoch 18/30:  10%|███                           | 6/58 [00:00<00:02, 22.35it/s, loss=1752342.3750]
  Epoch 18/30:  10%|███                           | 6/58 [00:00<00:02, 22.35it/s, loss=1616924.7500]
  Epoch 18/30:  10%|███                           | 6/58 [00:00<00:02, 22.35it/s, loss=1818364.2500]
  Epoch 18/30:  10%|███                           | 6/58 [00:00<00:02, 22.35it/s, loss=1830326.7500]
  Epoch 18/30:  16%|████▋                         | 9/58 [00:00<00:02, 21.26it/s, loss=1830326.7500]
  Epoch 18/30:  16%|████▋                         | 9/58 [00:00<00:02, 21.26it/s, loss=1800352.3750]
  Epoch 18/30:  16%|████▋                         | 9/58 [00:00<00:02, 21.26it/s, loss=1818981.7500]
  Epoch 18/30:  16%|████▋                         | 9/58 [00:00<00:02, 21.26it/s, loss=1730131.3750]
  Epoch 18/30:  21%|██████                       | 12/58 [00:00<00:02, 20.38it/s, loss=1730131.3750]
  Epoch 18/30:  21%|██████                       | 12/58 [00:00<00:02, 20.38it/s, loss=1501340.2500]
  Epoch 18/30:  21%|██████                       | 12/58 [00:00<00:02, 20.38it/s, loss=2074291.8750]
  Epoch 18/30:  21%|██████                       | 12/58 [00:00<00:02, 20.38it/s, loss=1718085.7500]
  Epoch 18/30:  26%|███████▌                     | 15/58 [00:00<00:02, 21.29it/s, loss=1718085.7500]
  Epoch 18/30:  26%|███████▌                     | 15/58 [00:00<00:02, 21.29it/s, loss=2045868.0000]
  Epoch 18/30:  26%|███████▌                     | 15/58 [00:00<00:02, 21.29it/s, loss=1443657.5000]
  Epoch 18/30:  26%|███████▌                     | 15/58 [00:00<00:02, 21.29it/s, loss=1634728.0000]
  Epoch 18/30:  31%|█████████                    | 18/58 [00:00<00:01, 21.25it/s, loss=1634728.0000]
  Epoch 18/30:  31%|█████████                    | 18/58 [00:00<00:01, 21.25it/s, loss=1651781.2500]
  Epoch 18/30:  31%|█████████                    | 18/58 [00:00<00:01, 21.25it/s, loss=1568450.5000]
  Epoch 18/30:  31%|█████████                    | 18/58 [00:00<00:01, 21.25it/s, loss=1645474.5000]
  Epoch 18/30:  36%|██████████▌                  | 21/58 [00:00<00:01, 21.34it/s, loss=1645474.5000]
  Epoch 18/30:  36%|██████████▌                  | 21/58 [00:01<00:01, 21.34it/s, loss=1360521.7500]
  Epoch 18/30:  36%|██████████▌                  | 21/58 [00:01<00:01, 21.34it/s, loss=1683664.7500]
  Epoch 18/30:  36%|██████████▌                  | 21/58 [00:01<00:01, 21.34it/s, loss=1718158.2500]
  Epoch 18/30:  41%|████████████                 | 24/58 [00:01<00:01, 22.33it/s, loss=1718158.2500]
  Epoch 18/30:  41%|████████████                 | 24/58 [00:01<00:01, 22.33it/s, loss=1440940.8750]
  Epoch 18/30:  41%|████████████                 | 24/58 [00:01<00:01, 22.33it/s, loss=1493447.0000]
  Epoch 18/30:  41%|████████████                 | 24/58 [00:01<00:01, 22.33it/s, loss=1590846.5000]
  Epoch 18/30:  47%|█████████████▌               | 27/58 [00:01<00:01, 22.62it/s, loss=1590846.5000]
  Epoch 18/30:  47%|█████████████▌               | 27/58 [00:01<00:01, 22.62it/s, loss=1515352.3750]
  Epoch 18/30:  47%|█████████████▌               | 27/58 [00:01<00:01, 22.62it/s, loss=1474718.0000]
  Epoch 18/30:  47%|█████████████▌               | 27/58 [00:01<00:01, 22.62it/s, loss=1609796.3750]
  Epoch 18/30:  52%|███████████████              | 30/58 [00:01<00:01, 23.20it/s, loss=1609796.3750]
  Epoch 18/30:  52%|███████████████              | 30/58 [00:01<00:01, 23.20it/s, loss=1530929.7500]
  Epoch 18/30:  52%|███████████████              | 30/58 [00:01<00:01, 23.20it/s, loss=1541598.8750]
  Epoch 18/30:  52%|███████████████              | 30/58 [00:01<00:01, 23.20it/s, loss=1528449.0000]
  Epoch 18/30:  57%|████████████████▌            | 33/58 [00:01<00:01, 21.22it/s, loss=1528449.0000]
  Epoch 18/30:  57%|████████████████▌            | 33/58 [00:01<00:01, 21.22it/s, loss=1630084.0000]
  Epoch 18/30:  57%|████████████████▌            | 33/58 [00:01<00:01, 21.22it/s, loss=1495162.7500]
  Epoch 18/30:  57%|████████████████▌            | 33/58 [00:01<00:01, 21.22it/s, loss=1685101.0000]
  Epoch 18/30:  62%|██████████████████           | 36/58 [00:01<00:01, 20.13it/s, loss=1685101.0000]
  Epoch 18/30:  62%|██████████████████           | 36/58 [00:01<00:01, 20.13it/s, loss=1547758.3750]
  Epoch 18/30:  62%|██████████████████           | 36/58 [00:01<00:01, 20.13it/s, loss=1577542.7500]
  Epoch 18/30:  62%|██████████████████           | 36/58 [00:01<00:01, 20.13it/s, loss=1370094.3750]
  Epoch 18/30:  67%|███████████████████▌         | 39/58 [00:01<00:00, 21.63it/s, loss=1370094.3750]
  Epoch 18/30:  67%|███████████████████▌         | 39/58 [00:01<00:00, 21.63it/s, loss=1375876.8750]
  Epoch 18/30:  67%|███████████████████▌         | 39/58 [00:01<00:00, 21.63it/s, loss=1497110.0000]
  Epoch 18/30:  67%|███████████████████▌         | 39/58 [00:01<00:00, 21.63it/s, loss=1395608.5000]
  Epoch 18/30:  72%|█████████████████████        | 42/58 [00:01<00:00, 23.16it/s, loss=1395608.5000]
  Epoch 18/30:  72%|█████████████████████        | 42/58 [00:01<00:00, 23.16it/s, loss=1599972.0000]
  Epoch 18/30:  72%|█████████████████████        | 42/58 [00:02<00:00, 23.16it/s, loss=1300665.5000]
  Epoch 18/30:  72%|█████████████████████        | 42/58 [00:02<00:00, 23.16it/s, loss=1448192.8750]
  Epoch 18/30:  78%|██████████████████████▌      | 45/58 [00:02<00:00, 21.80it/s, loss=1448192.8750]
  Epoch 18/30:  78%|██████████████████████▌      | 45/58 [00:02<00:00, 21.80it/s, loss=1360758.5000]
  Epoch 18/30:  78%|██████████████████████▌      | 45/58 [00:02<00:00, 21.80it/s, loss=1530451.8750]
  Epoch 18/30:  78%|██████████████████████▌      | 45/58 [00:02<00:00, 21.80it/s, loss=1537780.7500]
  Epoch 18/30:  83%|████████████████████████     | 48/58 [00:02<00:00, 22.86it/s, loss=1537780.7500]
  Epoch 18/30:  83%|████████████████████████     | 48/58 [00:02<00:00, 22.86it/s, loss=1378298.6250]
  Epoch 18/30:  83%|████████████████████████     | 48/58 [00:02<00:00, 22.86it/s, loss=1305860.6250]
  Epoch 18/30:  83%|████████████████████████     | 48/58 [00:02<00:00, 22.86it/s, loss=1512678.7500]
  Epoch 18/30:  88%|█████████████████████████▌   | 51/58 [00:02<00:00, 21.62it/s, loss=1512678.7500]
  Epoch 18/30:  88%|█████████████████████████▌   | 51/58 [00:02<00:00, 21.62it/s, loss=1492688.8750]
  Epoch 18/30:  88%|█████████████████████████▌   | 51/58 [00:02<00:00, 21.62it/s, loss=1185938.0000]
  Epoch 18/30:  88%|█████████████████████████▌   | 51/58 [00:02<00:00, 21.62it/s, loss=1429548.3750]
  Epoch 18/30:  93%|███████████████████████████  | 54/58 [00:02<00:00, 20.65it/s, loss=1429548.3750]
  Epoch 18/30:  93%|███████████████████████████  | 54/58 [00:02<00:00, 20.65it/s, loss=1277099.3750]
  Epoch 18/30:  93%|███████████████████████████  | 54/58 [00:02<00:00, 20.65it/s, loss=1343006.7500]
  Epoch 18/30:  93%|███████████████████████████  | 54/58 [00:02<00:00, 20.65it/s, loss=1184326.7500]
  Epoch 18/30:  98%|████████████████████████████▌| 57/58 [00:02<00:00, 19.45it/s, loss=1184326.7500]
  Epoch 18/30:  98%|████████████████████████████▌| 57/58 [00:02<00:00, 19.45it/s, loss=1315794.0000]
                                                                                                    

  Epoch 19/30:   0%|                                                         | 0/58 [00:00<?, ?it/s]
  Epoch 19/30:   0%|                                      | 0/58 [00:00<?, ?it/s, loss=1343237.1250]
  Epoch 19/30:   0%|                                      | 0/58 [00:00<?, ?it/s, loss=1362349.3750]
  Epoch 19/30:   3%|█                             | 2/58 [00:00<00:03, 16.51it/s, loss=1362349.3750]
  Epoch 19/30:   3%|█                             | 2/58 [00:00<00:03, 16.51it/s, loss=1399218.0000]
  Epoch 19/30:   3%|█                             | 2/58 [00:00<00:03, 16.51it/s, loss=1318582.2500]
  Epoch 19/30:   3%|█                             | 2/58 [00:00<00:03, 16.51it/s, loss=1523118.2500]
  Epoch 19/30:   9%|██▌                           | 5/58 [00:00<00:02, 21.46it/s, loss=1523118.2500]
  Epoch 19/30:   9%|██▌                           | 5/58 [00:00<00:02, 21.46it/s, loss=1279700.1250]
  Epoch 19/30:   9%|██▌                           | 5/58 [00:00<00:02, 21.46it/s, loss=1285624.1250]
  Epoch 19/30:   9%|██▌                           | 5/58 [00:00<00:02, 21.46it/s, loss=1325045.8750]
  Epoch 19/30:  14%|████▏                         | 8/58 [00:00<00:02, 23.03it/s, loss=1325045.8750]
  Epoch 19/30:  14%|████▏                         | 8/58 [00:00<00:02, 23.03it/s, loss=1403730.7500]
  Epoch 19/30:  14%|████▏                         | 8/58 [00:00<00:02, 23.03it/s, loss=1437470.3750]
  Epoch 19/30:  14%|████▏                         | 8/58 [00:00<00:02, 23.03it/s, loss=1282950.2500]
  Epoch 19/30:  19%|█████▌                       | 11/58 [00:00<00:02, 22.89it/s, loss=1282950.2500]
  Epoch 19/30:  19%|█████▌                       | 11/58 [00:00<00:02, 22.89it/s, loss=1193118.8750]
  Epoch 19/30:  19%|█████▌                       | 11/58 [00:00<00:02, 22.89it/s, loss=1506829.0000]
  Epoch 19/30:  19%|█████▌                       | 11/58 [00:00<00:02, 22.89it/s, loss=1480219.7500]
  Epoch 19/30:  24%|███████                      | 14/58 [00:00<00:01, 22.46it/s, loss=1480219.7500]
  Epoch 19/30:  24%|███████                      | 14/58 [00:00<00:01, 22.46it/s, loss=1308177.7500]
  Epoch 19/30:  24%|███████                      | 14/58 [00:00<00:01, 22.46it/s, loss=1234055.7500]
  Epoch 19/30:  24%|███████                      | 14/58 [00:00<00:01, 22.46it/s, loss=1335908.0000]
  Epoch 19/30:  29%|████████▌                    | 17/58 [00:00<00:02, 19.72it/s, loss=1335908.0000]
  Epoch 19/30:  29%|████████▌                    | 17/58 [00:00<00:02, 19.72it/s, loss=1565238.0000]
  Epoch 19/30:  29%|████████▌                    | 17/58 [00:00<00:02, 19.72it/s, loss=1343540.0000]
  Epoch 19/30:  29%|████████▌                    | 17/58 [00:01<00:02, 19.72it/s, loss=1269352.0000]
  Epoch 19/30:  34%|██████████                   | 20/58 [00:01<00:02, 17.13it/s, loss=1269352.0000]
  Epoch 19/30:  34%|██████████                   | 20/58 [00:01<00:02, 17.13it/s, loss=1294592.0000]
  Epoch 19/30:  34%|██████████                   | 20/58 [00:01<00:02, 17.13it/s, loss=1377398.3750]
  Epoch 19/30:  34%|██████████                   | 20/58 [00:01<00:02, 17.13it/s, loss=1245888.0000]
  Epoch 19/30:  40%|███████████▌                 | 23/58 [00:01<00:01, 17.96it/s, loss=1245888.0000]
  Epoch 19/30:  40%|███████████▌                 | 23/58 [00:01<00:01, 17.96it/s, loss=1247995.5000]
  Epoch 19/30:  40%|███████████▌                 | 23/58 [00:01<00:01, 17.96it/s, loss=1240818.0000]
  Epoch 19/30:  40%|███████████▌                 | 23/58 [00:01<00:01, 17.96it/s, loss=1282483.7500]
  Epoch 19/30:  45%|█████████████                | 26/58 [00:01<00:01, 19.58it/s, loss=1282483.7500]
  Epoch 19/30:  45%|█████████████                | 26/58 [00:01<00:01, 19.58it/s, loss=1086262.5000]
  Epoch 19/30:  45%|█████████████                | 26/58 [00:01<00:01, 19.58it/s, loss=1310996.5000]
  Epoch 19/30:  45%|█████████████                | 26/58 [00:01<00:01, 19.58it/s, loss=1226246.7500]
  Epoch 19/30:  50%|██████████████▌              | 29/58 [00:01<00:01, 20.75it/s, loss=1226246.7500]
  Epoch 19/30:  50%|██████████████▌              | 29/58 [00:01<00:01, 20.75it/s, loss=1182776.0000]
  Epoch 19/30:  50%|██████████████▌              | 29/58 [00:01<00:01, 20.75it/s, loss=1236850.0000]
  Epoch 19/30:  50%|██████████████▌              | 29/58 [00:01<00:01, 20.75it/s, loss=1307888.0000]
  Epoch 19/30:  55%|████████████████             | 32/58 [00:01<00:01, 20.93it/s, loss=1307888.0000]
  Epoch 19/30:  55%|████████████████             | 32/58 [00:01<00:01, 20.93it/s, loss=1138367.8750]
  Epoch 19/30:  55%|████████████████             | 32/58 [00:01<00:01, 20.93it/s, loss=1065549.7500]
  Epoch 19/30:  55%|████████████████             | 32/58 [00:01<00:01, 20.93it/s, loss=1190189.0000]
  Epoch 19/30:  60%|█████████████████▌           | 35/58 [00:01<00:01, 22.55it/s, loss=1190189.0000]
  Epoch 19/30:  60%|█████████████████▌           | 35/58 [00:01<00:01, 22.55it/s, loss=1185586.0000]
  Epoch 19/30:  60%|█████████████████▌           | 35/58 [00:01<00:01, 22.55it/s, loss=1117271.1250]
  Epoch 19/30:  60%|█████████████████▌           | 35/58 [00:01<00:01, 22.55it/s, loss=1111738.5000]
  Epoch 19/30:  66%|███████████████████          | 38/58 [00:01<00:00, 22.04it/s, loss=1111738.5000]
  Epoch 19/30:  66%|███████████████████          | 38/58 [00:01<00:00, 22.04it/s, loss=1212670.3750]
  Epoch 19/30:  66%|███████████████████          | 38/58 [00:01<00:00, 22.04it/s, loss=1114186.5000]
  Epoch 19/30:  66%|███████████████████          | 38/58 [00:01<00:00, 22.04it/s, loss=1325695.7500]
  Epoch 19/30:  71%|████████████████████▌        | 41/58 [00:01<00:00, 21.95it/s, loss=1325695.7500]
  Epoch 19/30:  71%|████████████████████▌        | 41/58 [00:02<00:00, 21.95it/s, loss=1119649.2500]
  Epoch 19/30:  71%|████████████████████▌        | 41/58 [00:02<00:00, 21.95it/s, loss=1092501.0000]
  Epoch 19/30:  71%|████████████████████▌        | 41/58 [00:02<00:00, 21.95it/s, loss=1112407.7500]
  Epoch 19/30:  76%|██████████████████████       | 44/58 [00:02<00:00, 21.28it/s, loss=1112407.7500]
  Epoch 19/30:  76%|██████████████████████       | 44/58 [00:02<00:00, 21.28it/s, loss=1201051.5000]
  Epoch 19/30:  76%|██████████████████████       | 44/58 [00:02<00:00, 21.28it/s, loss=1002958.8750]
  Epoch 19/30:  76%|██████████████████████       | 44/58 [00:02<00:00, 21.28it/s, loss=1056356.7500]
  Epoch 19/30:  81%|███████████████████████▌     | 47/58 [00:02<00:00, 20.68it/s, loss=1056356.7500]
  Epoch 19/30:  81%|███████████████████████▌     | 47/58 [00:02<00:00, 20.68it/s, loss=1099946.0000]
  Epoch 19/30:  81%|███████████████████████▌     | 47/58 [00:02<00:00, 20.68it/s, loss=1197023.0000]
  Epoch 19/30:  81%|███████████████████████▌     | 47/58 [00:02<00:00, 20.68it/s, loss=1152099.2500]
  Epoch 19/30:  86%|█████████████████████████    | 50/58 [00:02<00:00, 21.62it/s, loss=1152099.2500]
  Epoch 19/30:  86%|█████████████████████████▊    | 50/58 [00:02<00:00, 21.62it/s, loss=960637.1875]
  Epoch 19/30:  86%|█████████████████████████    | 50/58 [00:02<00:00, 21.62it/s, loss=1016388.8750]
  Epoch 19/30:  86%|█████████████████████████    | 50/58 [00:02<00:00, 21.62it/s, loss=1106155.0000]
  Epoch 19/30:  91%|██████████████████████████▌  | 53/58 [00:02<00:00, 22.07it/s, loss=1106155.0000]
  Epoch 19/30:  91%|███████████████████████████▍  | 53/58 [00:02<00:00, 22.07it/s, loss=895425.8750]
  Epoch 19/30:  91%|██████████████████████████▌  | 53/58 [00:02<00:00, 22.07it/s, loss=1079590.0000]
  Epoch 19/30:  91%|██████████████████████████▌  | 53/58 [00:02<00:00, 22.07it/s, loss=1124762.1250]
  Epoch 19/30:  97%|████████████████████████████ | 56/58 [00:02<00:00, 22.08it/s, loss=1124762.1250]
  Epoch 19/30:  97%|████████████████████████████▉ | 56/58 [00:02<00:00, 22.08it/s, loss=890788.4375]
  Epoch 19/30:  97%|████████████████████████████ | 56/58 [00:02<00:00, 22.08it/s, loss=1186054.0000]
                                                                                                    

  Epoch 20/30:   0%|                                                         | 0/58 [00:00<?, ?it/s]
  Epoch 20/30:   0%|                                       | 0/58 [00:00<?, ?it/s, loss=885729.6875]
  Epoch 20/30:   0%|                                      | 0/58 [00:00<?, ?it/s, loss=1034415.3750]
  Epoch 20/30:   3%|█                             | 2/58 [00:00<00:03, 14.19it/s, loss=1034415.3750]
  Epoch 20/30:   3%|█                              | 2/58 [00:00<00:03, 14.19it/s, loss=935915.2500]
  Epoch 20/30:   3%|█                              | 2/58 [00:00<00:03, 14.19it/s, loss=952410.6875]
  Epoch 20/30:   3%|█                             | 2/58 [00:00<00:03, 14.19it/s, loss=1095276.0000]
  Epoch 20/30:   9%|██▌                           | 5/58 [00:00<00:02, 20.22it/s, loss=1095276.0000]
  Epoch 20/30:   9%|██▌                           | 5/58 [00:00<00:02, 20.22it/s, loss=1063292.7500]
  Epoch 20/30:   9%|██▌                           | 5/58 [00:00<00:02, 20.22it/s, loss=1044870.4375]
  Epoch 20/30:   9%|██▌                           | 5/58 [00:00<00:02, 20.22it/s, loss=1168399.3750]
  Epoch 20/30:  14%|████▏                         | 8/58 [00:00<00:02, 20.18it/s, loss=1168399.3750]
  Epoch 20/30:  14%|████▏                         | 8/58 [00:00<00:02, 20.18it/s, loss=1096820.8750]
  Epoch 20/30:  14%|████▏                         | 8/58 [00:00<00:02, 20.18it/s, loss=1200806.5000]
  Epoch 20/30:  14%|████▎                          | 8/58 [00:00<00:02, 20.18it/s, loss=924274.6875]
  Epoch 20/30:  19%|█████▋                        | 11/58 [00:00<00:02, 21.58it/s, loss=924274.6875]
  Epoch 20/30:  19%|█████▌                       | 11/58 [00:00<00:02, 21.58it/s, loss=1052487.0000]
  Epoch 20/30:  19%|█████▋                        | 11/58 [00:00<00:02, 21.58it/s, loss=986976.1250]
  Epoch 20/30:  19%|█████▌                       | 11/58 [00:00<00:02, 21.58it/s, loss=1023100.3750]
  Epoch 20/30:  24%|███████                      | 14/58 [00:00<00:02, 21.27it/s, loss=1023100.3750]
  Epoch 20/30:  24%|███████▏                      | 14/58 [00:00<00:02, 21.27it/s, loss=967995.6875]
  Epoch 20/30:  24%|███████▏                      | 14/58 [00:00<00:02, 21.27it/s, loss=974701.3750]
  Epoch 20/30:  24%|███████                      | 14/58 [00:00<00:02, 21.27it/s, loss=1049335.2500]
  Epoch 20/30:  29%|████████▌                    | 17/58 [00:00<00:01, 21.80it/s, loss=1049335.2500]
  Epoch 20/30:  29%|████████▊                     | 17/58 [00:00<00:01, 21.80it/s, loss=970123.2500]
  Epoch 20/30:  29%|████████▊                     | 17/58 [00:00<00:01, 21.80it/s, loss=947884.2500]
  Epoch 20/30:  29%|████████▌                    | 17/58 [00:00<00:01, 21.80it/s, loss=1004107.1875]
  Epoch 20/30:  34%|██████████                   | 20/58 [00:00<00:01, 21.57it/s, loss=1004107.1875]
  Epoch 20/30:  34%|██████████▎                   | 20/58 [00:00<00:01, 21.57it/s, loss=909204.7500]
  Epoch 20/30:  34%|██████████▎                   | 20/58 [00:01<00:01, 21.57it/s, loss=948536.6875]
  Epoch 20/30:  34%|██████████▎                   | 20/58 [00:01<00:01, 21.57it/s, loss=892936.0000]
  Epoch 20/30:  40%|███████████▉                  | 23/58 [00:01<00:01, 21.16it/s, loss=892936.0000]
  Epoch 20/30:  40%|███████████▉                  | 23/58 [00:01<00:01, 21.16it/s, loss=870334.6250]
  Epoch 20/30:  40%|███████████▉                  | 23/58 [00:01<00:01, 21.16it/s, loss=830484.0000]
  Epoch 20/30:  40%|███████████▉                  | 23/58 [00:01<00:01, 21.16it/s, loss=891352.3750]
  Epoch 20/30:  45%|█████████████▍                | 26/58 [00:01<00:01, 21.00it/s, loss=891352.3750]
  Epoch 20/30:  45%|█████████████▍                | 26/58 [00:01<00:01, 21.00it/s, loss=965132.1250]
  Epoch 20/30:  45%|█████████████▍                | 26/58 [00:01<00:01, 21.00it/s, loss=988566.4375]
  Epoch 20/30:  45%|█████████████▍                | 26/58 [00:01<00:01, 21.00it/s, loss=841143.8750]
  Epoch 20/30:  50%|███████████████               | 29/58 [00:01<00:01, 21.48it/s, loss=841143.8750]
  Epoch 20/30:  50%|███████████████               | 29/58 [00:01<00:01, 21.48it/s, loss=986978.8750]
  Epoch 20/30:  50%|███████████████               | 29/58 [00:01<00:01, 21.48it/s, loss=830526.0000]
  Epoch 20/30:  50%|███████████████               | 29/58 [00:01<00:01, 21.48it/s, loss=840589.7500]
  Epoch 20/30:  55%|████████████████▌             | 32/58 [00:01<00:01, 21.07it/s, loss=840589.7500]
  Epoch 20/30:  55%|████████████████▌             | 32/58 [00:01<00:01, 21.07it/s, loss=947378.0000]
  Epoch 20/30:  55%|████████████████▌             | 32/58 [00:01<00:01, 21.07it/s, loss=810557.1250]
  Epoch 20/30:  55%|████████████████▌             | 32/58 [00:01<00:01, 21.07it/s, loss=853434.5000]
  Epoch 20/30:  60%|██████████████████            | 35/58 [00:01<00:01, 19.84it/s, loss=853434.5000]
  Epoch 20/30:  60%|██████████████████            | 35/58 [00:01<00:01, 19.84it/s, loss=858425.6250]
  Epoch 20/30:  60%|██████████████████            | 35/58 [00:01<00:01, 19.84it/s, loss=865283.0000]
  Epoch 20/30:  60%|██████████████████            | 35/58 [00:01<00:01, 19.84it/s, loss=987342.4375]
  Epoch 20/30:  66%|███████████████████▋          | 38/58 [00:01<00:01, 19.35it/s, loss=987342.4375]
  Epoch 20/30:  66%|███████████████████▋          | 38/58 [00:01<00:01, 19.35it/s, loss=946868.4375]
  Epoch 20/30:  66%|███████████████████▋          | 38/58 [00:01<00:01, 19.35it/s, loss=892235.3750]
  Epoch 20/30:  66%|███████████████████▋          | 38/58 [00:01<00:01, 19.35it/s, loss=984532.4375]
  Epoch 20/30:  71%|█████████████████████▏        | 41/58 [00:01<00:00, 20.64it/s, loss=984532.4375]
  Epoch 20/30:  71%|█████████████████████▏        | 41/58 [00:02<00:00, 20.64it/s, loss=912955.6250]
  Epoch 20/30:  71%|█████████████████████▏        | 41/58 [00:02<00:00, 20.64it/s, loss=894706.5000]
  Epoch 20/30:  71%|█████████████████████▏        | 41/58 [00:02<00:00, 20.64it/s, loss=852028.8750]
  Epoch 20/30:  76%|██████████████████████▊       | 44/58 [00:02<00:00, 21.43it/s, loss=852028.8750]
  Epoch 20/30:  76%|██████████████████████▊       | 44/58 [00:02<00:00, 21.43it/s, loss=934580.7500]
  Epoch 20/30:  76%|██████████████████████▊       | 44/58 [00:02<00:00, 21.43it/s, loss=827208.5000]
  Epoch 20/30:  76%|██████████████████████▊       | 44/58 [00:02<00:00, 21.43it/s, loss=838441.9375]
  Epoch 20/30:  81%|████████████████████████▎     | 47/58 [00:02<00:00, 21.16it/s, loss=838441.9375]
  Epoch 20/30:  81%|████████████████████████▎     | 47/58 [00:02<00:00, 21.16it/s, loss=844328.1875]
  Epoch 20/30:  81%|████████████████████████▎     | 47/58 [00:02<00:00, 21.16it/s, loss=893388.6250]
  Epoch 20/30:  81%|████████████████████████▎     | 47/58 [00:02<00:00, 21.16it/s, loss=848574.1250]
  Epoch 20/30:  86%|█████████████████████████▊    | 50/58 [00:02<00:00, 21.55it/s, loss=848574.1250]
  Epoch 20/30:  86%|█████████████████████████▊    | 50/58 [00:02<00:00, 21.55it/s, loss=770350.7500]
  Epoch 20/30:  86%|█████████████████████████▊    | 50/58 [00:02<00:00, 21.55it/s, loss=866997.3750]
  Epoch 20/30:  86%|█████████████████████████▊    | 50/58 [00:02<00:00, 21.55it/s, loss=786324.9375]
  Epoch 20/30:  91%|███████████████████████████▍  | 53/58 [00:02<00:00, 21.81it/s, loss=786324.9375]
  Epoch 20/30:  91%|███████████████████████████▍  | 53/58 [00:02<00:00, 21.81it/s, loss=810109.5000]
  Epoch 20/30:  91%|███████████████████████████▍  | 53/58 [00:02<00:00, 21.81it/s, loss=831516.3750]
  Epoch 20/30:  91%|███████████████████████████▍  | 53/58 [00:02<00:00, 21.81it/s, loss=803696.5000]
  Epoch 20/30:  97%|████████████████████████████▉ | 56/58 [00:02<00:00, 22.44it/s, loss=803696.5000]
  Epoch 20/30:  97%|████████████████████████████▉ | 56/58 [00:02<00:00, 22.44it/s, loss=834546.1875]
  Epoch 20/30:  97%|████████████████████████████▉ | 56/58 [00:02<00:00, 22.44it/s, loss=625716.7500]
                                                                                                    
  Epoch 20/30 │ Loss: 922348.8976 │ T+1: -253175648.0000 │ T+2: -125507368.0000 │ T+3: -867943296.0000 ★ NEW BEST

  Epoch 21/30:   0%|                                                         | 0/58 [00:00<?, ?it/s]
  Epoch 21/30:   0%|                                       | 0/58 [00:00<?, ?it/s, loss=787993.8750]
  Epoch 21/30:   0%|                                       | 0/58 [00:00<?, ?it/s, loss=842409.2500]
  Epoch 21/30:   0%|                                       | 0/58 [00:00<?, ?it/s, loss=844847.8750]
  Epoch 21/30:   5%|█▌                             | 3/58 [00:00<00:02, 21.31it/s, loss=844847.8750]
  Epoch 21/30:   5%|█▌                             | 3/58 [00:00<00:02, 21.31it/s, loss=800313.6875]
  Epoch 21/30:   5%|█▌                             | 3/58 [00:00<00:02, 21.31it/s, loss=986035.5000]
  Epoch 21/30:   5%|█▌                             | 3/58 [00:00<00:02, 21.31it/s, loss=816574.3750]
  Epoch 21/30:  10%|███▏                           | 6/58 [00:00<00:02, 19.58it/s, loss=816574.3750]
  Epoch 21/30:  10%|███▏                           | 6/58 [00:00<00:02, 19.58it/s, loss=738033.4375]
  Epoch 21/30:  10%|███▏                           | 6/58 [00:00<00:02, 19.58it/s, loss=746462.5000]
  Epoch 21/30:  14%|████▎                          | 8/58 [00:00<00:02, 19.06it/s, loss=746462.5000]
  Epoch 21/30:  14%|████▎                          | 8/58 [00:00<00:02, 19.06it/s, loss=803622.3750]
  Epoch 21/30:  14%|████▎                          | 8/58 [00:00<00:02, 19.06it/s, loss=829044.0000]
  Epoch 21/30:  14%|████▎                          | 8/58 [00:00<00:02, 19.06it/s, loss=696929.3750]
  Epoch 21/30:  19%|█████▋                        | 11/58 [00:00<00:02, 20.99it/s, loss=696929.3750]
  Epoch 21/30:  19%|█████▋                        | 11/58 [00:00<00:02, 20.99it/s, loss=933049.8750]
  Epoch 21/30:  19%|█████▋                        | 11/58 [00:00<00:02, 20.99it/s, loss=748974.6250]
  Epoch 21/30:  19%|█████▋                        | 11/58 [00:00<00:02, 20.99it/s, loss=775923.1875]
  Epoch 21/30:  24%|███████▏                      | 14/58 [00:00<00:01, 22.15it/s, loss=775923.1875]
  Epoch 21/30:  24%|███████▏                      | 14/58 [00:00<00:01, 22.15it/s, loss=793823.3750]
  Epoch 21/30:  24%|███████▏                      | 14/58 [00:00<00:01, 22.15it/s, loss=791711.0000]
  Epoch 21/30:  24%|███████▏                      | 14/58 [00:00<00:01, 22.15it/s, loss=726316.7500]
  Epoch 21/30:  29%|████████▊                     | 17/58 [00:00<00:01, 23.17it/s, loss=726316.7500]
  Epoch 21/30:  29%|████████▊                     | 17/58 [00:00<00:01, 23.17it/s, loss=657794.1875]
  Epoch 21/30:  29%|████████▊                     | 17/58 [00:00<00:01, 23.17it/s, loss=828057.4375]
  Epoch 21/30:  29%|████████▊                     | 17/58 [00:00<00:01, 23.17it/s, loss=720045.5000]
  Epoch 21/30:  34%|██████████▎                   | 20/58 [00:00<00:01, 23.26it/s, loss=720045.5000]
  Epoch 21/30:  34%|██████████▎                   | 20/58 [00:00<00:01, 23.26it/s, loss=637529.0000]
  Epoch 21/30:  34%|██████████▎                   | 20/58 [00:01<00:01, 23.26it/s, loss=693821.2500]
  Epoch 21/30:  34%|██████████▎                   | 20/58 [00:01<00:01, 23.26it/s, loss=706063.1250]
  Epoch 21/30:  40%|███████████▉                  | 23/58 [00:01<00:01, 21.82it/s, loss=706063.1250]
  Epoch 21/30:  40%|███████████▉                  | 23/58 [00:01<00:01, 21.82it/s, loss=758106.9375]
  Epoch 21/30:  40%|███████████▉                  | 23/58 [00:01<00:01, 21.82it/s, loss=790140.4375]
  Epoch 21/30:  40%|███████████▉                  | 23/58 [00:01<00:01, 21.82it/s, loss=747982.9375]
  Epoch 21/30:  45%|█████████████▍                | 26/58 [00:01<00:01, 22.22it/s, loss=747982.9375]
  Epoch 21/30:  45%|█████████████▍                | 26/58 [00:01<00:01, 22.22it/s, loss=727156.8750]
  Epoch 21/30:  45%|█████████████▍                | 26/58 [00:01<00:01, 22.22it/s, loss=726750.1875]
  Epoch 21/30:  45%|█████████████▍                | 26/58 [00:01<00:01, 22.22it/s, loss=656548.9375]
  Epoch 21/30:  50%|███████████████               | 29/58 [00:01<00:01, 22.56it/s, loss=656548.9375]
  Epoch 21/30:  50%|███████████████               | 29/58 [00:01<00:01, 22.56it/s, loss=757149.3750]
  Epoch 21/30:  50%|███████████████               | 29/58 [00:01<00:01, 22.56it/s, loss=726721.6250]
  Epoch 21/30:  50%|███████████████               | 29/58 [00:01<00:01, 22.56it/s, loss=687592.1250]
  Epoch 21/30:  55%|████████████████▌             | 32/58 [00:01<00:01, 21.02it/s, loss=687592.1250]
  Epoch 21/30:  55%|████████████████▌             | 32/58 [00:01<00:01, 21.02it/s, loss=643466.1875]
  Epoch 21/30:  55%|████████████████▌             | 32/58 [00:01<00:01, 21.02it/s, loss=675249.4375]
  Epoch 21/30:  55%|████████████████▌             | 32/58 [00:01<00:01, 21.02it/s, loss=664812.3750]
  Epoch 21/30:  60%|██████████████████            | 35/58 [00:01<00:01, 21.26it/s, loss=664812.3750]
  Epoch 21/30:  60%|██████████████████            | 35/58 [00:01<00:01, 21.26it/s, loss=711157.3750]
  Epoch 21/30:  60%|██████████████████            | 35/58 [00:01<00:01, 21.26it/s, loss=695412.7500]
  Epoch 21/30:  60%|██████████████████            | 35/58 [00:01<00:01, 21.26it/s, loss=648025.8125]
  Epoch 21/30:  66%|███████████████████▋          | 38/58 [00:01<00:00, 21.68it/s, loss=648025.8125]
  Epoch 21/30:  66%|███████████████████▋          | 38/58 [00:01<00:00, 21.68it/s, loss=749815.3750]
  Epoch 21/30:  66%|███████████████████▋          | 38/58 [00:01<00:00, 21.68it/s, loss=695311.3750]
  Epoch 21/30:  66%|███████████████████▋          | 38/58 [00:01<00:00, 21.68it/s, loss=609861.6250]
  Epoch 21/30:  71%|█████████████████████▏        | 41/58 [00:01<00:00, 22.71it/s, loss=609861.6250]
  Epoch 21/30:  71%|█████████████████████▏        | 41/58 [00:01<00:00, 22.71it/s, loss=740495.6875]
  Epoch 21/30:  71%|█████████████████████▏        | 41/58 [00:01<00:00, 22.71it/s, loss=619544.5000]
  Epoch 21/30:  71%|█████████████████████▏        | 41/58 [00:02<00:00, 22.71it/s, loss=746658.5000]
  Epoch 21/30:  76%|██████████████████████▊       | 44/58 [00:02<00:00, 22.88it/s, loss=746658.5000]
  Epoch 21/30:  76%|██████████████████████▊       | 44/58 [00:02<00:00, 22.88it/s, loss=596773.6250]
  Epoch 21/30:  76%|██████████████████████▊       | 44/58 [00:02<00:00, 22.88it/s, loss=645162.5625]
  Epoch 21/30:  76%|██████████████████████▊       | 44/58 [00:02<00:00, 22.88it/s, loss=736773.8750]
  Epoch 21/30:  81%|████████████████████████▎     | 47/58 [00:02<00:00, 23.63it/s, loss=736773.8750]
  Epoch 21/30:  81%|████████████████████████▎     | 47/58 [00:02<00:00, 23.63it/s, loss=700784.6250]
  Epoch 21/30:  81%|████████████████████████▎     | 47/58 [00:02<00:00, 23.63it/s, loss=549235.8750]
  Epoch 21/30:  81%|████████████████████████▎     | 47/58 [00:02<00:00, 23.63it/s, loss=618462.5000]
  Epoch 21/30:  86%|█████████████████████████▊    | 50/58 [00:02<00:00, 24.05it/s, loss=618462.5000]
  Epoch 21/30:  86%|█████████████████████████▊    | 50/58 [00:02<00:00, 24.05it/s, loss=634638.6875]
  Epoch 21/30:  86%|█████████████████████████▊    | 50/58 [00:02<00:00, 24.05it/s, loss=753244.6250]
  Epoch 21/30:  86%|█████████████████████████▊    | 50/58 [00:02<00:00, 24.05it/s, loss=715375.0000]
  Epoch 21/30:  91%|███████████████████████████▍  | 53/58 [00:02<00:00, 23.41it/s, loss=715375.0000]
  Epoch 21/30:  91%|███████████████████████████▍  | 53/58 [00:02<00:00, 23.41it/s, loss=661198.8750]
  Epoch 21/30:  91%|███████████████████████████▍  | 53/58 [00:02<00:00, 23.41it/s, loss=599646.8750]
  Epoch 21/30:  91%|███████████████████████████▍  | 53/58 [00:02<00:00, 23.41it/s, loss=549169.7500]
  Epoch 21/30:  97%|████████████████████████████▉ | 56/58 [00:02<00:00, 23.55it/s, loss=549169.7500]
  Epoch 21/30:  97%|████████████████████████████▉ | 56/58 [00:02<00:00, 23.55it/s, loss=567543.1875]
  Epoch 21/30:  97%|████████████████████████████▉ | 56/58 [00:02<00:00, 23.55it/s, loss=256766.9219]
                                                                                                    

  Epoch 22/30:   0%|                                                         | 0/58 [00:00<?, ?it/s]
  Epoch 22/30:   0%|                                       | 0/58 [00:00<?, ?it/s, loss=573253.8125]
  Epoch 22/30:   0%|                                       | 0/58 [00:00<?, ?it/s, loss=634213.6250]
  Epoch 22/30:   3%|█                              | 2/58 [00:00<00:02, 19.90it/s, loss=634213.6250]
  Epoch 22/30:   3%|█                              | 2/58 [00:00<00:02, 19.90it/s, loss=555593.1250]
  Epoch 22/30:   3%|█                              | 2/58 [00:00<00:02, 19.90it/s, loss=677618.5000]
  Epoch 22/30:   3%|█                              | 2/58 [00:00<00:02, 19.90it/s, loss=499980.4375]
  Epoch 22/30:   9%|██▋                            | 5/58 [00:00<00:02, 22.62it/s, loss=499980.4375]
  Epoch 22/30:   9%|██▋                            | 5/58 [00:00<00:02, 22.62it/s, loss=613789.8750]
  Epoch 22/30:   9%|██▋                            | 5/58 [00:00<00:02, 22.62it/s, loss=617999.8125]
  Epoch 22/30:   9%|██▋                            | 5/58 [00:00<00:02, 22.62it/s, loss=640961.1250]
  Epoch 22/30:  14%|████▎                          | 8/58 [00:00<00:02, 20.53it/s, loss=640961.1250]
  Epoch 22/30:  14%|████▎                          | 8/58 [00:00<00:02, 20.53it/s, loss=594884.0625]
  Epoch 22/30:  14%|████▎                          | 8/58 [00:00<00:02, 20.53it/s, loss=578852.8750]
  Epoch 22/30:  14%|████▎                          | 8/58 [00:00<00:02, 20.53it/s, loss=590042.5625]
  Epoch 22/30:  19%|█████▋                        | 11/58 [00:00<00:02, 20.95it/s, loss=590042.5625]
  Epoch 22/30:  19%|█████▋                        | 11/58 [00:00<00:02, 20.95it/s, loss=646192.8750]
  Epoch 22/30:  19%|█████▋                        | 11/58 [00:00<00:02, 20.95it/s, loss=587100.0000]
  Epoch 22/30:  19%|█████▋                        | 11/58 [00:00<00:02, 20.95it/s, loss=644707.8750]
  Epoch 22/30:  24%|███████▏                      | 14/58 [00:00<00:02, 21.39it/s, loss=644707.8750]
  Epoch 22/30:  24%|███████▏                      | 14/58 [00:00<00:02, 21.39it/s, loss=545436.6875]
  Epoch 22/30:  24%|███████▏                      | 14/58 [00:00<00:02, 21.39it/s, loss=568133.6875]
  Epoch 22/30:  24%|███████▏                      | 14/58 [00:00<00:02, 21.39it/s, loss=551535.2500]
  Epoch 22/30:  29%|████████▊                     | 17/58 [00:00<00:01, 22.15it/s, loss=551535.2500]
  Epoch 22/30:  29%|████████▊                     | 17/58 [00:00<00:01, 22.15it/s, loss=545696.3750]
  Epoch 22/30:  29%|████████▊                     | 17/58 [00:00<00:01, 22.15it/s, loss=573038.1250]
  Epoch 22/30:  29%|████████▊                     | 17/58 [00:00<00:01, 22.15it/s, loss=643276.0000]
  Epoch 22/30:  34%|██████████▎                   | 20/58 [00:00<00:01, 22.47it/s, loss=643276.0000]
  Epoch 22/30:  34%|██████████▎                   | 20/58 [00:00<00:01, 22.47it/s, loss=633624.4375]
  Epoch 22/30:  34%|██████████▎                   | 20/58 [00:01<00:01, 22.47it/s, loss=489532.6250]
  Epoch 22/30:  34%|██████████▎                   | 20/58 [00:01<00:01, 22.47it/s, loss=698905.8125]
  Epoch 22/30:  40%|███████████▉                  | 23/58 [00:01<00:01, 22.20it/s, loss=698905.8125]
  Epoch 22/30:  40%|███████████▉                  | 23/58 [00:01<00:01, 22.20it/s, loss=540513.1250]
  Epoch 22/30:  40%|███████████▉                  | 23/58 [00:01<00:01, 22.20it/s, loss=584674.3750]
  Epoch 22/30:  40%|███████████▉                  | 23/58 [00:01<00:01, 22.20it/s, loss=574057.5000]
  Epoch 22/30:  45%|█████████████▍                | 26/58 [00:01<00:01, 21.55it/s, loss=574057.5000]
  Epoch 22/30:  45%|█████████████▍                | 26/58 [00:01<00:01, 21.55it/s, loss=616115.7500]
  Epoch 22/30:  45%|█████████████▍                | 26/58 [00:01<00:01, 21.55it/s, loss=483917.2188]
  Epoch 22/30:  45%|█████████████▍                | 26/58 [00:01<00:01, 21.55it/s, loss=593135.7500]
  Epoch 22/30:  50%|███████████████               | 29/58 [00:01<00:01, 22.19it/s, loss=593135.7500]
  Epoch 22/30:  50%|███████████████               | 29/58 [00:01<00:01, 22.19it/s, loss=649757.0000]
  Epoch 22/30:  50%|███████████████               | 29/58 [00:01<00:01, 22.19it/s, loss=543981.2500]
  Epoch 22/30:  50%|███████████████               | 29/58 [00:01<00:01, 22.19it/s, loss=519311.4688]
  Epoch 22/30:  55%|████████████████▌             | 32/58 [00:01<00:01, 21.54it/s, loss=519311.4688]
  Epoch 22/30:  55%|████████████████▌             | 32/58 [00:01<00:01, 21.54it/s, loss=567263.0000]
  Epoch 22/30:  55%|████████████████▌             | 32/58 [00:01<00:01, 21.54it/s, loss=568706.0000]
  Epoch 22/30:  55%|████████████████▌             | 32/58 [00:01<00:01, 21.54it/s, loss=589430.5000]
  Epoch 22/30:  60%|██████████████████            | 35/58 [00:01<00:01, 22.61it/s, loss=589430.5000]
  Epoch 22/30:  60%|██████████████████            | 35/58 [00:01<00:01, 22.61it/s, loss=520059.1875]
  Epoch 22/30:  60%|██████████████████            | 35/58 [00:01<00:01, 22.61it/s, loss=593765.5000]
  Epoch 22/30:  60%|██████████████████            | 35/58 [00:01<00:01, 22.61it/s, loss=511240.8750]
  Epoch 22/30:  66%|███████████████████▋          | 38/58 [00:01<00:00, 20.98it/s, loss=511240.8750]
  Epoch 22/30:  66%|███████████████████▋          | 38/58 [00:01<00:00, 20.98it/s, loss=499703.0000]
  Epoch 22/30:  66%|███████████████████▋          | 38/58 [00:01<00:00, 20.98it/s, loss=548466.8750]
  Epoch 22/30:  66%|███████████████████▋          | 38/58 [00:01<00:00, 20.98it/s, loss=526313.1875]
  Epoch 22/30:  71%|█████████████████████▏        | 41/58 [00:01<00:00, 21.68it/s, loss=526313.1875]
  Epoch 22/30:  71%|█████████████████████▏        | 41/58 [00:01<00:00, 21.68it/s, loss=638658.4375]
  Epoch 22/30:  71%|█████████████████████▏        | 41/58 [00:01<00:00, 21.68it/s, loss=443195.7500]
  Epoch 22/30:  71%|█████████████████████▏        | 41/58 [00:02<00:00, 21.68it/s, loss=559209.1875]
  Epoch 22/30:  76%|██████████████████████▊       | 44/58 [00:02<00:00, 21.34it/s, loss=559209.1875]
  Epoch 22/30:  76%|██████████████████████▊       | 44/58 [00:02<00:00, 21.34it/s, loss=618575.2500]
  Epoch 22/30:  76%|██████████████████████▊       | 44/58 [00:02<00:00, 21.34it/s, loss=565763.7500]
  Epoch 22/30:  76%|██████████████████████▊       | 44/58 [00:02<00:00, 21.34it/s, loss=567312.0625]
  Epoch 22/30:  81%|████████████████████████▎     | 47/58 [00:02<00:00, 21.12it/s, loss=567312.0625]
  Epoch 22/30:  81%|████████████████████████▎     | 47/58 [00:02<00:00, 21.12it/s, loss=488383.6875]
  Epoch 22/30:  81%|████████████████████████▎     | 47/58 [00:02<00:00, 21.12it/s, loss=586107.0625]
  Epoch 22/30:  81%|████████████████████████▎     | 47/58 [00:02<00:00, 21.12it/s, loss=527725.0000]
  Epoch 22/30:  86%|█████████████████████████▊    | 50/58 [00:02<00:00, 20.97it/s, loss=527725.0000]
  Epoch 22/30:  86%|█████████████████████████▊    | 50/58 [00:02<00:00, 20.97it/s, loss=507135.3125]
  Epoch 22/30:  86%|█████████████████████████▊    | 50/58 [00:02<00:00, 20.97it/s, loss=562825.2500]
  Epoch 22/30:  86%|█████████████████████████▊    | 50/58 [00:02<00:00, 20.97it/s, loss=578719.5000]
  Epoch 22/30:  91%|███████████████████████████▍  | 53/58 [00:02<00:00, 21.51it/s, loss=578719.5000]
  Epoch 22/30:  91%|███████████████████████████▍  | 53/58 [00:02<00:00, 21.51it/s, loss=527271.8750]
  Epoch 22/30:  91%|███████████████████████████▍  | 53/58 [00:02<00:00, 21.51it/s, loss=543456.5625]
  Epoch 22/30:  91%|███████████████████████████▍  | 53/58 [00:02<00:00, 21.51it/s, loss=457197.2188]
  Epoch 22/30:  97%|████████████████████████████▉ | 56/58 [00:02<00:00, 21.44it/s, loss=457197.2188]
  Epoch 22/30:  97%|████████████████████████████▉ | 56/58 [00:02<00:00, 21.44it/s, loss=567500.1250]
  Epoch 22/30:  97%|████████████████████████████▉ | 56/58 [00:02<00:00, 21.44it/s, loss=321844.3125]
                                                                                                    

  Epoch 23/30:   0%|                                                         | 0/58 [00:00<?, ?it/s]
  Epoch 23/30:   0%|                                       | 0/58 [00:00<?, ?it/s, loss=486878.7500]
  Epoch 23/30:   0%|                                       | 0/58 [00:00<?, ?it/s, loss=501290.5625]
  Epoch 23/30:   0%|                                       | 0/58 [00:00<?, ?it/s, loss=508069.2500]
  Epoch 23/30:   5%|█▌                             | 3/58 [00:00<00:02, 21.19it/s, loss=508069.2500]
  Epoch 23/30:   5%|█▌                             | 3/58 [00:00<00:02, 21.19it/s, loss=512071.4688]
  Epoch 23/30:   5%|█▌                             | 3/58 [00:00<00:02, 21.19it/s, loss=531431.1250]
  Epoch 23/30:   5%|█▌                             | 3/58 [00:00<00:02, 21.19it/s, loss=426331.2500]
  Epoch 23/30:  10%|███▏                           | 6/58 [00:00<00:02, 20.55it/s, loss=426331.2500]
  Epoch 23/30:  10%|███▏                           | 6/58 [00:00<00:02, 20.55it/s, loss=461950.5000]
  Epoch 23/30:  10%|███▏                           | 6/58 [00:00<00:02, 20.55it/s, loss=479668.4375]
  Epoch 23/30:  10%|███▏                           | 6/58 [00:00<00:02, 20.55it/s, loss=456716.1875]
  Epoch 23/30:  16%|████▊                          | 9/58 [00:00<00:02, 19.09it/s, loss=456716.1875]
  Epoch 23/30:  16%|████▊                          | 9/58 [00:00<00:02, 19.09it/s, loss=434170.6250]
  Epoch 23/30:  16%|████▊                          | 9/58 [00:00<00:02, 19.09it/s, loss=479873.9688]
  Epoch 23/30:  19%|█████▋                        | 11/58 [00:00<00:02, 18.09it/s, loss=479873.9688]
  Epoch 23/30:  19%|█████▋                        | 11/58 [00:00<00:02, 18.09it/s, loss=460201.3125]
  Epoch 23/30:  19%|█████▋                        | 11/58 [00:00<00:02, 18.09it/s, loss=437397.9375]
  Epoch 23/30:  22%|██████▋                       | 13/58 [00:00<00:02, 16.64it/s, loss=437397.9375]
  Epoch 23/30:  22%|██████▋                       | 13/58 [00:00<00:02, 16.64it/s, loss=426225.5938]
  Epoch 23/30:  22%|██████▋                       | 13/58 [00:00<00:02, 16.64it/s, loss=424052.6250]
  Epoch 23/30:  26%|███████▊                      | 15/58 [00:00<00:02, 17.08it/s, loss=424052.6250]
  Epoch 23/30:  26%|███████▊                      | 15/58 [00:00<00:02, 17.08it/s, loss=440244.9375]
  Epoch 23/30:  26%|███████▊                      | 15/58 [00:00<00:02, 17.08it/s, loss=460359.5000]
  Epoch 23/30:  26%|███████▊                      | 15/58 [00:00<00:02, 17.08it/s, loss=412553.8438]
  Epoch 23/30:  31%|█████████▎                    | 18/58 [00:00<00:02, 18.91it/s, loss=412553.8438]
  Epoch 23/30:  31%|█████████▎                    | 18/58 [00:01<00:02, 18.91it/s, loss=510296.0625]
  Epoch 23/30:  31%|█████████▎                    | 18/58 [00:01<00:02, 18.91it/s, loss=455231.4375]
  Epoch 23/30:  31%|█████████▎                    | 18/58 [00:01<00:02, 18.91it/s, loss=419759.8438]
  Epoch 23/30:  36%|██████████▊                   | 21/58 [00:01<00:01, 20.47it/s, loss=419759.8438]
  Epoch 23/30:  36%|██████████▊                   | 21/58 [00:01<00:01, 20.47it/s, loss=438559.1875]
  Epoch 23/30:  36%|██████████▊                   | 21/58 [00:01<00:01, 20.47it/s, loss=424472.0938]
  Epoch 23/30:  36%|██████████▊                   | 21/58 [00:01<00:01, 20.47it/s, loss=389009.0000]
  Epoch 23/30:  41%|████████████▍                 | 24/58 [00:01<00:01, 21.37it/s, loss=389009.0000]
  Epoch 23/30:  41%|████████████▍                 | 24/58 [00:01<00:01, 21.37it/s, loss=479032.5000]
  Epoch 23/30:  41%|████████████▍                 | 24/58 [00:01<00:01, 21.37it/s, loss=495383.3438]
  Epoch 23/30:  41%|████████████▍                 | 24/58 [00:01<00:01, 21.37it/s, loss=451316.1875]
  Epoch 23/30:  47%|█████████████▉                | 27/58 [00:01<00:01, 21.92it/s, loss=451316.1875]
  Epoch 23/30:  47%|█████████████▉                | 27/58 [00:01<00:01, 21.92it/s, loss=464475.2188]
  Epoch 23/30:  47%|█████████████▉                | 27/58 [00:01<00:01, 21.92it/s, loss=457065.0625]
  Epoch 23/30:  47%|█████████████▉                | 27/58 [00:01<00:01, 21.92it/s, loss=422568.3125]
  Epoch 23/30:  52%|███████████████▌              | 30/58 [00:01<00:01, 23.17it/s, loss=422568.3125]
  Epoch 23/30:  52%|███████████████▌              | 30/58 [00:01<00:01, 23.17it/s, loss=377916.0625]
  Epoch 23/30:  52%|███████████████▌              | 30/58 [00:01<00:01, 23.17it/s, loss=395125.7500]
  Epoch 23/30:  52%|███████████████▌              | 30/58 [00:01<00:01, 23.17it/s, loss=428081.8438]
  Epoch 23/30:  57%|█████████████████             | 33/58 [00:01<00:01, 19.07it/s, loss=428081.8438]
  Epoch 23/30:  57%|█████████████████             | 33/58 [00:01<00:01, 19.07it/s, loss=416178.5938]
  Epoch 23/30:  57%|█████████████████             | 33/58 [00:01<00:01, 19.07it/s, loss=476453.0938]
  Epoch 23/30:  57%|█████████████████             | 33/58 [00:01<00:01, 19.07it/s, loss=398217.8438]
  Epoch 23/30:  62%|██████████████████▌           | 36/58 [00:01<00:01, 20.94it/s, loss=398217.8438]
  Epoch 23/30:  62%|██████████████████▌           | 36/58 [00:01<00:01, 20.94it/s, loss=477052.7500]
  Epoch 23/30:  62%|██████████████████▌           | 36/58 [00:01<00:01, 20.94it/s, loss=392097.3438]
  Epoch 23/30:  62%|██████████████████▌           | 36/58 [00:01<00:01, 20.94it/s, loss=357684.7500]
  Epoch 23/30:  67%|████████████████████▏         | 39/58 [00:01<00:00, 21.89it/s, loss=357684.7500]
  Epoch 23/30:  67%|████████████████████▏         | 39/58 [00:01<00:00, 21.89it/s, loss=378315.3438]
  Epoch 23/30:  67%|████████████████████▏         | 39/58 [00:02<00:00, 21.89it/s, loss=430606.4375]
  Epoch 23/30:  67%|████████████████████▏         | 39/58 [00:02<00:00, 21.89it/s, loss=429883.3438]
  Epoch 23/30:  72%|█████████████████████▋        | 42/58 [00:02<00:00, 21.21it/s, loss=429883.3438]
  Epoch 23/30:  72%|█████████████████████▋        | 42/58 [00:02<00:00, 21.21it/s, loss=392118.8438]
  Epoch 23/30:  72%|█████████████████████▋        | 42/58 [00:02<00:00, 21.21it/s, loss=398672.5000]
  Epoch 23/30:  72%|█████████████████████▋        | 42/58 [00:02<00:00, 21.21it/s, loss=458373.2500]
  Epoch 23/30:  78%|███████████████████████▎      | 45/58 [00:02<00:00, 20.95it/s, loss=458373.2500]
  Epoch 23/30:  78%|███████████████████████▎      | 45/58 [00:02<00:00, 20.95it/s, loss=361764.2188]
  Epoch 23/30:  78%|███████████████████████▎      | 45/58 [00:02<00:00, 20.95it/s, loss=381900.5625]
  Epoch 23/30:  78%|███████████████████████▎      | 45/58 [00:02<00:00, 20.95it/s, loss=408541.9688]
  Epoch 23/30:  83%|████████████████████████▊     | 48/58 [00:02<00:00, 19.67it/s, loss=408541.9688]
  Epoch 23/30:  83%|████████████████████████▊     | 48/58 [00:02<00:00, 19.67it/s, loss=406335.0000]
  Epoch 23/30:  83%|████████████████████████▊     | 48/58 [00:02<00:00, 19.67it/s, loss=482239.2500]
  Epoch 23/30:  83%|████████████████████████▊     | 48/58 [00:02<00:00, 19.67it/s, loss=457518.3438]
  Epoch 23/30:  88%|██████████████████████████▍   | 51/58 [00:02<00:00, 19.95it/s, loss=457518.3438]
  Epoch 23/30:  88%|██████████████████████████▍   | 51/58 [00:02<00:00, 19.95it/s, loss=430590.0938]
  Epoch 23/30:  88%|██████████████████████████▍   | 51/58 [00:02<00:00, 19.95it/s, loss=429312.2500]
  Epoch 23/30:  88%|██████████████████████████▍   | 51/58 [00:02<00:00, 19.95it/s, loss=357900.3438]
  Epoch 23/30:  93%|███████████████████████████▉  | 54/58 [00:02<00:00, 20.88it/s, loss=357900.3438]
  Epoch 23/30:  93%|███████████████████████████▉  | 54/58 [00:02<00:00, 20.88it/s, loss=395207.5938]
  Epoch 23/30:  93%|███████████████████████████▉  | 54/58 [00:02<00:00, 20.88it/s, loss=423003.3750]
  Epoch 23/30:  93%|███████████████████████████▉  | 54/58 [00:02<00:00, 20.88it/s, loss=313881.9062]
  Epoch 23/30:  98%|█████████████████████████████▍| 57/58 [00:02<00:00, 21.28it/s, loss=313881.9062]
  Epoch 23/30:  98%|█████████████████████████████▍| 57/58 [00:02<00:00, 21.28it/s, loss=163282.0000]
                                                                                                    

  Epoch 24/30:   0%|                                                         | 0/58 [00:00<?, ?it/s]
  Epoch 24/30:   0%|                                       | 0/58 [00:00<?, ?it/s, loss=384721.9375]
  Epoch 24/30:   0%|                                       | 0/58 [00:00<?, ?it/s, loss=395304.7500]
  Epoch 24/30:   0%|                                       | 0/58 [00:00<?, ?it/s, loss=389365.6250]
  Epoch 24/30:   5%|█▌                             | 3/58 [00:00<00:02, 25.14it/s, loss=389365.6250]
  Epoch 24/30:   5%|█▌                             | 3/58 [00:00<00:02, 25.14it/s, loss=387216.9375]
  Epoch 24/30:   5%|█▌                             | 3/58 [00:00<00:02, 25.14it/s, loss=385416.7500]
  Epoch 24/30:   5%|█▌                             | 3/58 [00:00<00:02, 25.14it/s, loss=413989.2500]
  Epoch 24/30:  10%|███▏                           | 6/58 [00:00<00:02, 23.93it/s, loss=413989.2500]
  Epoch 24/30:  10%|███▏                           | 6/58 [00:00<00:02, 23.93it/s, loss=395819.7500]
  Epoch 24/30:  10%|███▏                           | 6/58 [00:00<00:02, 23.93it/s, loss=342330.5000]
  Epoch 24/30:  10%|███▏                           | 6/58 [00:00<00:02, 23.93it/s, loss=334066.2500]
  Epoch 24/30:  16%|████▊                          | 9/58 [00:00<00:01, 24.52it/s, loss=334066.2500]
  Epoch 24/30:  16%|████▊                          | 9/58 [00:00<00:01, 24.52it/s, loss=410464.3438]
  Epoch 24/30:  16%|████▊                          | 9/58 [00:00<00:01, 24.52it/s, loss=352576.5938]
  Epoch 24/30:  16%|████▊                          | 9/58 [00:00<00:01, 24.52it/s, loss=411363.3438]
  Epoch 24/30:  21%|██████▏                       | 12/58 [00:00<00:01, 23.20it/s, loss=411363.3438]
  Epoch 24/30:  21%|██████▏                       | 12/58 [00:00<00:01, 23.20it/s, loss=410847.6875]
  Epoch 24/30:  21%|██████▏                       | 12/58 [00:00<00:01, 23.20it/s, loss=312354.7188]
  Epoch 24/30:  21%|██████▏                       | 12/58 [00:00<00:01, 23.20it/s, loss=403914.1250]
  Epoch 24/30:  26%|███████▊                      | 15/58 [00:00<00:02, 21.39it/s, loss=403914.1250]
  Epoch 24/30:  26%|███████▊                      | 15/58 [00:00<00:02, 21.39it/s, loss=389552.8438]
  Epoch 24/30:  26%|███████▊                      | 15/58 [00:00<00:02, 21.39it/s, loss=308776.9375]
  Epoch 24/30:  26%|███████▊                      | 15/58 [00:00<00:02, 21.39it/s, loss=363436.1250]
  Epoch 24/30:  31%|█████████▎                    | 18/58 [00:00<00:01, 22.18it/s, loss=363436.1250]
  Epoch 24/30:  31%|█████████▎                    | 18/58 [00:00<00:01, 22.18it/s, loss=352702.5938]
  Epoch 24/30:  31%|█████████▎                    | 18/58 [00:00<00:01, 22.18it/s, loss=375028.8750]
  Epoch 24/30:  31%|█████████▎                    | 18/58 [00:00<00:01, 22.18it/s, loss=330504.6875]
  Epoch 24/30:  36%|██████████▊                   | 21/58 [00:00<00:01, 20.21it/s, loss=330504.6875]
  Epoch 24/30:  36%|██████████▊                   | 21/58 [00:01<00:01, 20.21it/s, loss=350366.0625]
  Epoch 24/30:  36%|██████████▊                   | 21/58 [00:01<00:01, 20.21it/s, loss=304861.0312]
  Epoch 24/30:  36%|██████████▊                   | 21/58 [00:01<00:01, 20.21it/s, loss=355323.4375]
  Epoch 24/30:  41%|████████████▍                 | 24/58 [00:01<00:01, 20.23it/s, loss=355323.4375]
  Epoch 24/30:  41%|████████████▍                 | 24/58 [00:01<00:01, 20.23it/s, loss=363816.3750]
  Epoch 24/30:  41%|████████████▍                 | 24/58 [00:01<00:01, 20.23it/s, loss=317497.6250]
  Epoch 24/30:  41%|████████████▍                 | 24/58 [00:01<00:01, 20.23it/s, loss=339020.7500]
  Epoch 24/30:  47%|█████████████▉                | 27/58 [00:01<00:01, 20.67it/s, loss=339020.7500]
  Epoch 24/30:  47%|█████████████▉                | 27/58 [00:01<00:01, 20.67it/s, loss=339529.3750]
  Epoch 24/30:  47%|█████████████▉                | 27/58 [00:01<00:01, 20.67it/s, loss=345150.5000]
  Epoch 24/30:  47%|█████████████▉                | 27/58 [00:01<00:01, 20.67it/s, loss=313557.0000]
  Epoch 24/30:  52%|███████████████▌              | 30/58 [00:01<00:01, 21.92it/s, loss=313557.0000]
  Epoch 24/30:  52%|███████████████▌              | 30/58 [00:01<00:01, 21.92it/s, loss=284694.0938]
  Epoch 24/30:  52%|███████████████▌              | 30/58 [00:01<00:01, 21.92it/s, loss=309280.8438]
  Epoch 24/30:  52%|███████████████▌              | 30/58 [00:01<00:01, 21.92it/s, loss=361205.2188]
  Epoch 24/30:  57%|█████████████████             | 33/58 [00:01<00:01, 21.72it/s, loss=361205.2188]
  Epoch 24/30:  57%|█████████████████             | 33/58 [00:01<00:01, 21.72it/s, loss=356575.0938]
  Epoch 24/30:  57%|█████████████████             | 33/58 [00:01<00:01, 21.72it/s, loss=346316.3125]
  Epoch 24/30:  57%|█████████████████             | 33/58 [00:01<00:01, 21.72it/s, loss=314850.9375]
  Epoch 24/30:  62%|██████████████████▌           | 36/58 [00:01<00:01, 21.94it/s, loss=314850.9375]
  Epoch 24/30:  62%|██████████████████▌           | 36/58 [00:01<00:01, 21.94it/s, loss=369969.7188]
  Epoch 24/30:  62%|██████████████████▌           | 36/58 [00:01<00:01, 21.94it/s, loss=281417.2500]
  Epoch 24/30:  62%|██████████████████▌           | 36/58 [00:01<00:01, 21.94it/s, loss=357367.7500]
  Epoch 24/30:  67%|████████████████████▏         | 39/58 [00:01<00:00, 22.45it/s, loss=357367.7500]
  Epoch 24/30:  67%|████████████████████▏         | 39/58 [00:01<00:00, 22.45it/s, loss=332987.7812]
  Epoch 24/30:  67%|████████████████████▏         | 39/58 [00:01<00:00, 22.45it/s, loss=314393.3125]
  Epoch 24/30:  67%|████████████████████▏         | 39/58 [00:01<00:00, 22.45it/s, loss=332409.8750]
  Epoch 24/30:  72%|█████████████████████▋        | 42/58 [00:01<00:00, 22.93it/s, loss=332409.8750]
  Epoch 24/30:  72%|█████████████████████▋        | 42/58 [00:01<00:00, 22.93it/s, loss=322092.0625]
  Epoch 24/30:  72%|█████████████████████▋        | 42/58 [00:02<00:00, 22.93it/s, loss=372795.8750]
  Epoch 24/30:  72%|█████████████████████▋        | 42/58 [00:02<00:00, 22.93it/s, loss=315253.3438]
  Epoch 24/30:  78%|███████████████████████▎      | 45/58 [00:02<00:00, 22.03it/s, loss=315253.3438]
  Epoch 24/30:  78%|███████████████████████▎      | 45/58 [00:02<00:00, 22.03it/s, loss=323910.1875]
  Epoch 24/30:  78%|███████████████████████▎      | 45/58 [00:02<00:00, 22.03it/s, loss=347780.8125]
  Epoch 24/30:  78%|███████████████████████▎      | 45/58 [00:02<00:00, 22.03it/s, loss=309669.1875]
  Epoch 24/30:  83%|████████████████████████▊     | 48/58 [00:02<00:00, 21.66it/s, loss=309669.1875]
  Epoch 24/30:  83%|████████████████████████▊     | 48/58 [00:02<00:00, 21.66it/s, loss=274120.4688]
  Epoch 24/30:  83%|████████████████████████▊     | 48/58 [00:02<00:00, 21.66it/s, loss=310467.0938]
  Epoch 24/30:  83%|████████████████████████▊     | 48/58 [00:02<00:00, 21.66it/s, loss=332524.0938]
  Epoch 24/30:  88%|██████████████████████████▍   | 51/58 [00:02<00:00, 22.15it/s, loss=332524.0938]
  Epoch 24/30:  88%|██████████████████████████▍   | 51/58 [00:02<00:00, 22.15it/s, loss=337880.6250]
  Epoch 24/30:  88%|██████████████████████████▍   | 51/58 [00:02<00:00, 22.15it/s, loss=298850.4688]
  Epoch 24/30:  88%|██████████████████████████▍   | 51/58 [00:02<00:00, 22.15it/s, loss=303590.3438]
  Epoch 24/30:  93%|███████████████████████████▉  | 54/58 [00:02<00:00, 22.31it/s, loss=303590.3438]
  Epoch 24/30:  93%|███████████████████████████▉  | 54/58 [00:02<00:00, 22.31it/s, loss=325064.0625]
  Epoch 24/30:  93%|███████████████████████████▉  | 54/58 [00:02<00:00, 22.31it/s, loss=303503.0000]
  Epoch 24/30:  93%|███████████████████████████▉  | 54/58 [00:02<00:00, 22.31it/s, loss=260074.3750]
  Epoch 24/30:  98%|█████████████████████████████▍| 57/58 [00:02<00:00, 20.88it/s, loss=260074.3750]
  Epoch 24/30:  98%|█████████████████████████████▍| 57/58 [00:02<00:00, 20.88it/s, loss=217394.2500]
                                                                                                    

  Epoch 25/30:   0%|                                                         | 0/58 [00:00<?, ?it/s]
  Epoch 25/30:   0%|                                       | 0/58 [00:00<?, ?it/s, loss=335746.7500]
  Epoch 25/30:   0%|                                       | 0/58 [00:00<?, ?it/s, loss=327732.5000]
  Epoch 25/30:   3%|█                              | 2/58 [00:00<00:03, 14.06it/s, loss=327732.5000]
  Epoch 25/30:   3%|█                              | 2/58 [00:00<00:03, 14.06it/s, loss=290091.2812]
  Epoch 25/30:   3%|█                              | 2/58 [00:00<00:03, 14.06it/s, loss=282267.5625]
  Epoch 25/30:   7%|██▏                            | 4/58 [00:00<00:03, 14.85it/s, loss=282267.5625]
  Epoch 25/30:   7%|██▏                            | 4/58 [00:00<00:03, 14.85it/s, loss=289035.5938]
  Epoch 25/30:   7%|██▏                            | 4/58 [00:00<00:03, 14.85it/s, loss=307999.6250]
  Epoch 25/30:  10%|███▏                           | 6/58 [00:00<00:03, 15.83it/s, loss=307999.6250]
  Epoch 25/30:  10%|███▏                           | 6/58 [00:00<00:03, 15.83it/s, loss=277503.4062]
  Epoch 25/30:  10%|███▏                           | 6/58 [00:00<00:03, 15.83it/s, loss=288271.5625]
  Epoch 25/30:  14%|████▎                          | 8/58 [00:00<00:03, 15.99it/s, loss=288271.5625]
  Epoch 25/30:  14%|████▎                          | 8/58 [00:00<00:03, 15.99it/s, loss=276868.5000]
  Epoch 25/30:  14%|████▎                          | 8/58 [00:00<00:03, 15.99it/s, loss=328172.4375]
  Epoch 25/30:  17%|█████▏                        | 10/58 [00:00<00:03, 15.03it/s, loss=328172.4375]
  Epoch 25/30:  17%|█████▏                        | 10/58 [00:00<00:03, 15.03it/s, loss=269223.9375]
  Epoch 25/30:  17%|█████▏                        | 10/58 [00:00<00:03, 15.03it/s, loss=270698.2812]
  Epoch 25/30:  17%|█████▏                        | 10/58 [00:00<00:03, 15.03it/s, loss=352187.6250]
  Epoch 25/30:  22%|██████▋                       | 13/58 [00:00<00:02, 17.34it/s, loss=352187.6250]
  Epoch 25/30:  22%|██████▋                       | 13/58 [00:00<00:02, 17.34it/s, loss=245418.4219]
  Epoch 25/30:  22%|██████▋                       | 13/58 [00:00<00:02, 17.34it/s, loss=280528.3125]
  Epoch 25/30:  22%|██████▋                       | 13/58 [00:00<00:02, 17.34it/s, loss=307219.7500]
  Epoch 25/30:  28%|████████▎                     | 16/58 [00:00<00:02, 19.81it/s, loss=307219.7500]
  Epoch 25/30:  28%|████████▎                     | 16/58 [00:00<00:02, 19.81it/s, loss=264338.4375]
  Epoch 25/30:  28%|████████▎                     | 16/58 [00:01<00:02, 19.81it/s, loss=282672.5625]
  Epoch 25/30:  28%|████████▎                     | 16/58 [00:01<00:02, 19.81it/s, loss=329070.7188]
  Epoch 25/30:  33%|█████████▊                    | 19/58 [00:01<00:01, 19.86it/s, loss=329070.7188]
  Epoch 25/30:  33%|█████████▊                    | 19/58 [00:01<00:01, 19.86it/s, loss=287266.0938]
  Epoch 25/30:  33%|█████████▊                    | 19/58 [00:01<00:01, 19.86it/s, loss=273565.8750]
  Epoch 25/30:  33%|█████████▊                    | 19/58 [00:01<00:01, 19.86it/s, loss=302019.5625]
  Epoch 25/30:  38%|███████████▍                  | 22/58 [00:01<00:01, 18.39it/s, loss=302019.5625]
  Epoch 25/30:  38%|███████████▍                  | 22/58 [00:01<00:01, 18.39it/s, loss=290035.1875]
  Epoch 25/30:  38%|███████████▍                  | 22/58 [00:01<00:01, 18.39it/s, loss=255624.4219]
  Epoch 25/30:  41%|████████████▍                 | 24/58 [00:01<00:01, 17.70it/s, loss=255624.4219]
  Epoch 25/30:  41%|████████████▍                 | 24/58 [00:01<00:01, 17.70it/s, loss=286598.5938]
  Epoch 25/30:  41%|████████████▍                 | 24/58 [00:01<00:01, 17.70it/s, loss=287421.7812]
  Epoch 25/30:  45%|█████████████▍                | 26/58 [00:01<00:01, 17.49it/s, loss=287421.7812]
  Epoch 25/30:  45%|█████████████▍                | 26/58 [00:01<00:01, 17.49it/s, loss=260153.4844]
  Epoch 25/30:  45%|█████████████▍                | 26/58 [00:01<00:01, 17.49it/s, loss=291642.6250]
  Epoch 25/30:  48%|██████████████▍               | 28/58 [00:01<00:01, 16.68it/s, loss=291642.6250]
  Epoch 25/30:  48%|██████████████▍               | 28/58 [00:01<00:01, 16.68it/s, loss=242238.5625]
  Epoch 25/30:  48%|██████████████▍               | 28/58 [00:01<00:01, 16.68it/s, loss=251027.4688]
  Epoch 25/30:  52%|███████████████▌              | 30/58 [00:01<00:01, 16.77it/s, loss=251027.4688]
  Epoch 25/30:  52%|███████████████▌              | 30/58 [00:01<00:01, 16.77it/s, loss=269533.7188]
  Epoch 25/30:  52%|███████████████▌              | 30/58 [00:01<00:01, 16.77it/s, loss=210642.2969]
  Epoch 25/30:  55%|████████████████▌             | 32/58 [00:01<00:01, 16.40it/s, loss=210642.2969]
  Epoch 25/30:  55%|████████████████▌             | 32/58 [00:01<00:01, 16.40it/s, loss=267565.1562]
  Epoch 25/30:  55%|████████████████▌             | 32/58 [00:01<00:01, 16.40it/s, loss=253563.6719]
  Epoch 25/30:  59%|█████████████████▌            | 34/58 [00:01<00:01, 16.37it/s, loss=253563.6719]
  Epoch 25/30:  59%|█████████████████▌            | 34/58 [00:02<00:01, 16.37it/s, loss=306707.2812]
  Epoch 25/30:  59%|█████████████████▌            | 34/58 [00:02<00:01, 16.37it/s, loss=304488.4062]
  Epoch 25/30:  62%|██████████████████▌           | 36/58 [00:02<00:01, 16.00it/s, loss=304488.4062]
  Epoch 25/30:  62%|██████████████████▌           | 36/58 [00:02<00:01, 16.00it/s, loss=231827.0469]
  Epoch 25/30:  62%|██████████████████▌           | 36/58 [00:02<00:01, 16.00it/s, loss=221830.5469]
  Epoch 25/30:  66%|███████████████████▋          | 38/58 [00:02<00:01, 16.24it/s, loss=221830.5469]
  Epoch 25/30:  66%|███████████████████▋          | 38/58 [00:02<00:01, 16.24it/s, loss=249526.8750]
  Epoch 25/30:  66%|███████████████████▋          | 38/58 [00:02<00:01, 16.24it/s, loss=250891.7812]
  Epoch 25/30:  69%|████████████████████▋         | 40/58 [00:02<00:01, 16.51it/s, loss=250891.7812]
  Epoch 25/30:  69%|████████████████████▋         | 40/58 [00:02<00:01, 16.51it/s, loss=279224.1250]
  Epoch 25/30:  69%|████████████████████▋         | 40/58 [00:02<00:01, 16.51it/s, loss=206978.9375]
  Epoch 25/30:  72%|█████████████████████▋        | 42/58 [00:02<00:00, 16.40it/s, loss=206978.9375]
  Epoch 25/30:  72%|█████████████████████▋        | 42/58 [00:02<00:00, 16.40it/s, loss=288587.1875]
  Epoch 25/30:  72%|█████████████████████▋        | 42/58 [00:02<00:00, 16.40it/s, loss=270191.6250]
  Epoch 25/30:  76%|██████████████████████▊       | 44/58 [00:02<00:00, 15.93it/s, loss=270191.6250]
  Epoch 25/30:  76%|██████████████████████▊       | 44/58 [00:02<00:00, 15.93it/s, loss=242086.1719]
  Epoch 25/30:  76%|██████████████████████▊       | 44/58 [00:02<00:00, 15.93it/s, loss=273693.3750]
  Epoch 25/30:  76%|██████████████████████▊       | 44/58 [00:02<00:00, 15.93it/s, loss=253056.1719]
  Epoch 25/30:  81%|████████████████████████▎     | 47/58 [00:02<00:00, 17.67it/s, loss=253056.1719]
  Epoch 25/30:  81%|████████████████████████▎     | 47/58 [00:02<00:00, 17.67it/s, loss=240107.6719]
  Epoch 25/30:  81%|████████████████████████▎     | 47/58 [00:02<00:00, 17.67it/s, loss=203311.0469]
  Epoch 25/30:  81%|████████████████████████▎     | 47/58 [00:02<00:00, 17.67it/s, loss=212126.8438]
  Epoch 25/30:  86%|█████████████████████████▊    | 50/58 [00:02<00:00, 19.38it/s, loss=212126.8438]
  Epoch 25/30:  86%|█████████████████████████▊    | 50/58 [00:02<00:00, 19.38it/s, loss=263120.0000]
  Epoch 25/30:  86%|█████████████████████████▊    | 50/58 [00:02<00:00, 19.38it/s, loss=244989.7969]
  Epoch 25/30:  90%|██████████████████████████▉   | 52/58 [00:02<00:00, 19.42it/s, loss=244989.7969]
  Epoch 25/30:  90%|██████████████████████████▉   | 52/58 [00:03<00:00, 19.42it/s, loss=235268.3750]
  Epoch 25/30:  90%|██████████████████████████▉   | 52/58 [00:03<00:00, 19.42it/s, loss=220290.2188]
  Epoch 25/30:  90%|██████████████████████████▉   | 52/58 [00:03<00:00, 19.42it/s, loss=287298.0000]
  Epoch 25/30:  95%|████████████████████████████▍ | 55/58 [00:03<00:00, 19.96it/s, loss=287298.0000]
  Epoch 25/30:  95%|████████████████████████████▍ | 55/58 [00:03<00:00, 19.96it/s, loss=241535.2188]
  Epoch 25/30:  95%|████████████████████████████▍ | 55/58 [00:03<00:00, 19.96it/s, loss=229988.3594]
  Epoch 25/30:  95%|████████████████████████████▍ | 55/58 [00:03<00:00, 19.96it/s, loss=229281.7188]
  Epoch 25/30: 100%|██████████████████████████████| 58/58 [00:03<00:00, 21.96it/s, loss=229281.7188]
                                                                                                    
  Epoch 25/30 │ Loss: 269316.4232 │ T+1: -62603316.0000 │ T+2: -46600724.0000 │ T+3: -253734592.0000 ★ NEW BEST

  Epoch 26/30:   0%|                                                         | 0/58 [00:00<?, ?it/s]
  Epoch 26/30:   0%|                                       | 0/58 [00:00<?, ?it/s, loss=221894.4219]
  Epoch 26/30:   0%|                                       | 0/58 [00:00<?, ?it/s, loss=237906.7500]
  Epoch 26/30:   0%|                                       | 0/58 [00:00<?, ?it/s, loss=234274.0312]
  Epoch 26/30:   5%|█▌                             | 3/58 [00:00<00:02, 22.48it/s, loss=234274.0312]
  Epoch 26/30:   5%|█▌                             | 3/58 [00:00<00:02, 22.48it/s, loss=251727.4688]
  Epoch 26/30:   5%|█▌                             | 3/58 [00:00<00:02, 22.48it/s, loss=233089.2969]
  Epoch 26/30:   5%|█▌                             | 3/58 [00:00<00:02, 22.48it/s, loss=222189.4062]
  Epoch 26/30:  10%|███▏                           | 6/58 [00:00<00:02, 23.88it/s, loss=222189.4062]
  Epoch 26/30:  10%|███▏                           | 6/58 [00:00<00:02, 23.88it/s, loss=231242.8594]
  Epoch 26/30:  10%|███▏                           | 6/58 [00:00<00:02, 23.88it/s, loss=217594.8594]
  Epoch 26/30:  10%|███▏                           | 6/58 [00:00<00:02, 23.88it/s, loss=210650.7812]
  Epoch 26/30:  16%|████▊                          | 9/58 [00:00<00:02, 23.01it/s, loss=210650.7812]
  Epoch 26/30:  16%|████▊                          | 9/58 [00:00<00:02, 23.01it/s, loss=217789.1719]
  Epoch 26/30:  16%|████▊                          | 9/58 [00:00<00:02, 23.01it/s, loss=256001.7344]
  Epoch 26/30:  16%|████▊                          | 9/58 [00:00<00:02, 23.01it/s, loss=255264.1562]
  Epoch 26/30:  21%|██████▏                       | 12/58 [00:00<00:02, 21.65it/s, loss=255264.1562]
  Epoch 26/30:  21%|██████▏                       | 12/58 [00:00<00:02, 21.65it/s, loss=207122.5938]
  Epoch 26/30:  21%|██████▏                       | 12/58 [00:00<00:02, 21.65it/s, loss=240994.2969]
  Epoch 26/30:  21%|██████▏                       | 12/58 [00:00<00:02, 21.65it/s, loss=251639.5938]
  Epoch 26/30:  26%|███████▊                      | 15/58 [00:00<00:01, 22.14it/s, loss=251639.5938]
  Epoch 26/30:  26%|███████▊                      | 15/58 [00:00<00:01, 22.14it/s, loss=218397.6875]
  Epoch 26/30:  26%|███████▊                      | 15/58 [00:00<00:01, 22.14it/s, loss=209486.2188]
  Epoch 26/30:  26%|███████▊                      | 15/58 [00:00<00:01, 22.14it/s, loss=226972.1719]
  Epoch 26/30:  31%|█████████▎                    | 18/58 [00:00<00:01, 21.43it/s, loss=226972.1719]
  Epoch 26/30:  31%|█████████▎                    | 18/58 [00:00<00:01, 21.43it/s, loss=224622.8594]
  Epoch 26/30:  31%|█████████▎                    | 18/58 [00:00<00:01, 21.43it/s, loss=214283.1250]
  Epoch 26/30:  31%|█████████▎                    | 18/58 [00:00<00:01, 21.43it/s, loss=231792.0312]
  Epoch 26/30:  36%|██████████▊                   | 21/58 [00:00<00:01, 21.01it/s, loss=231792.0312]
  Epoch 26/30:  36%|██████████▊                   | 21/58 [00:01<00:01, 21.01it/s, loss=238913.9688]
  Epoch 26/30:  36%|██████████▊                   | 21/58 [00:01<00:01, 21.01it/s, loss=234195.4219]
  Epoch 26/30:  36%|██████████▊                   | 21/58 [00:01<00:01, 21.01it/s, loss=207501.0000]
  Epoch 26/30:  41%|████████████▍                 | 24/58 [00:01<00:01, 20.91it/s, loss=207501.0000]
  Epoch 26/30:  41%|████████████▍                 | 24/58 [00:01<00:01, 20.91it/s, loss=209492.5625]
  Epoch 26/30:  41%|████████████▍                 | 24/58 [00:01<00:01, 20.91it/s, loss=204186.1562]
  Epoch 26/30:  41%|████████████▍                 | 24/58 [00:01<00:01, 20.91it/s, loss=201689.9688]
  Epoch 26/30:  47%|█████████████▉                | 27/58 [00:01<00:01, 20.53it/s, loss=201689.9688]
  Epoch 26/30:  47%|█████████████▉                | 27/58 [00:01<00:01, 20.53it/s, loss=232498.6719]
  Epoch 26/30:  47%|█████████████▉                | 27/58 [00:01<00:01, 20.53it/s, loss=182791.8125]
  Epoch 26/30:  47%|█████████████▉                | 27/58 [00:01<00:01, 20.53it/s, loss=187129.8750]
  Epoch 26/30:  52%|███████████████▌              | 30/58 [00:01<00:01, 21.68it/s, loss=187129.8750]
  Epoch 26/30:  52%|███████████████▌              | 30/58 [00:01<00:01, 21.68it/s, loss=210543.0469]
  Epoch 26/30:  52%|███████████████▌              | 30/58 [00:01<00:01, 21.68it/s, loss=210794.4844]
  Epoch 26/30:  52%|███████████████▌              | 30/58 [00:01<00:01, 21.68it/s, loss=240662.0938]
  Epoch 26/30:  57%|█████████████████             | 33/58 [00:01<00:01, 22.61it/s, loss=240662.0938]
  Epoch 26/30:  57%|█████████████████             | 33/58 [00:01<00:01, 22.61it/s, loss=225206.7969]
  Epoch 26/30:  57%|█████████████████             | 33/58 [00:01<00:01, 22.61it/s, loss=212472.0938]
  Epoch 26/30:  57%|█████████████████             | 33/58 [00:01<00:01, 22.61it/s, loss=171444.3125]
  Epoch 26/30:  62%|██████████████████▌           | 36/58 [00:01<00:00, 24.00it/s, loss=171444.3125]
  Epoch 26/30:  62%|██████████████████▌           | 36/58 [00:01<00:00, 24.00it/s, loss=219556.0625]
  Epoch 26/30:  62%|██████████████████▌           | 36/58 [00:01<00:00, 24.00it/s, loss=235997.1719]
  Epoch 26/30:  62%|██████████████████▌           | 36/58 [00:01<00:00, 24.00it/s, loss=195204.2969]
  Epoch 26/30:  67%|████████████████████▏         | 39/58 [00:01<00:00, 22.66it/s, loss=195204.2969]
  Epoch 26/30:  67%|████████████████████▏         | 39/58 [00:01<00:00, 22.66it/s, loss=216516.5000]
  Epoch 26/30:  67%|████████████████████▏         | 39/58 [00:01<00:00, 22.66it/s, loss=228246.8594]
  Epoch 26/30:  67%|████████████████████▏         | 39/58 [00:01<00:00, 22.66it/s, loss=184086.7969]
  Epoch 26/30:  72%|█████████████████████▋        | 42/58 [00:01<00:00, 20.32it/s, loss=184086.7969]
  Epoch 26/30:  72%|█████████████████████▋        | 42/58 [00:01<00:00, 20.32it/s, loss=180776.4219]
  Epoch 26/30:  72%|█████████████████████▋        | 42/58 [00:02<00:00, 20.32it/s, loss=197404.6562]
  Epoch 26/30:  72%|█████████████████████▋        | 42/58 [00:02<00:00, 20.32it/s, loss=183589.1250]
  Epoch 26/30:  78%|███████████████████████▎      | 45/58 [00:02<00:00, 20.12it/s, loss=183589.1250]
  Epoch 26/30:  78%|███████████████████████▎      | 45/58 [00:02<00:00, 20.12it/s, loss=188829.1250]
  Epoch 26/30:  78%|███████████████████████▎      | 45/58 [00:02<00:00, 20.12it/s, loss=218064.9688]
  Epoch 26/30:  78%|███████████████████████▎      | 45/58 [00:02<00:00, 20.12it/s, loss=202202.1875]
  Epoch 26/30:  83%|████████████████████████▊     | 48/58 [00:02<00:00, 18.57it/s, loss=202202.1875]
  Epoch 26/30:  83%|████████████████████████▊     | 48/58 [00:02<00:00, 18.57it/s, loss=186893.4375]
  Epoch 26/30:  83%|████████████████████████▊     | 48/58 [00:02<00:00, 18.57it/s, loss=201404.1719]
  Epoch 26/30:  86%|█████████████████████████▊    | 50/58 [00:02<00:00, 17.03it/s, loss=201404.1719]
  Epoch 26/30:  86%|█████████████████████████▊    | 50/58 [00:02<00:00, 17.03it/s, loss=185060.4375]
  Epoch 26/30:  86%|█████████████████████████▊    | 50/58 [00:02<00:00, 17.03it/s, loss=221324.4219]
  Epoch 26/30:  90%|██████████████████████████▉   | 52/58 [00:02<00:00, 16.37it/s, loss=221324.4219]
  Epoch 26/30:  90%|██████████████████████████▉   | 52/58 [00:02<00:00, 16.37it/s, loss=207848.9219]
  Epoch 26/30:  90%|██████████████████████████▉   | 52/58 [00:02<00:00, 16.37it/s, loss=173384.0312]
  Epoch 26/30:  93%|███████████████████████████▉  | 54/58 [00:02<00:00, 13.02it/s, loss=173384.0312]
  Epoch 26/30:  93%|███████████████████████████▉  | 54/58 [00:02<00:00, 13.02it/s, loss=182461.3438]
  Epoch 26/30:  93%|███████████████████████████▉  | 54/58 [00:02<00:00, 13.02it/s, loss=184504.4062]
  Epoch 26/30:  97%|████████████████████████████▉ | 56/58 [00:02<00:00, 13.85it/s, loss=184504.4062]
  Epoch 26/30:  97%|████████████████████████████▉ | 56/58 [00:02<00:00, 13.85it/s, loss=191133.7188]
  Epoch 26/30:  97%|████████████████████████████▉ | 56/58 [00:03<00:00, 13.85it/s, loss=103637.6719]
  Epoch 26/30: 100%|██████████████████████████████| 58/58 [00:03<00:00, 15.03it/s, loss=103637.6719]
                                                                                                    

  Epoch 27/30:   0%|                                                         | 0/58 [00:00<?, ?it/s]
  Epoch 27/30:   0%|                                       | 0/58 [00:00<?, ?it/s, loss=191878.2188]
  Epoch 27/30:   0%|                                       | 0/58 [00:00<?, ?it/s, loss=177316.4688]
  Epoch 27/30:   3%|█                              | 2/58 [00:00<00:03, 15.63it/s, loss=177316.4688]
  Epoch 27/30:   3%|█                              | 2/58 [00:00<00:03, 15.63it/s, loss=200495.3438]
  Epoch 27/30:   3%|█                              | 2/58 [00:00<00:03, 15.63it/s, loss=180240.2344]
  Epoch 27/30:   7%|██▏                            | 4/58 [00:00<00:03, 16.38it/s, loss=180240.2344]
  Epoch 27/30:   7%|██▏                            | 4/58 [00:00<00:03, 16.38it/s, loss=184488.0469]
  Epoch 27/30:   7%|██▏                            | 4/58 [00:00<00:03, 16.38it/s, loss=185276.2500]
  Epoch 27/30:  10%|███▏                           | 6/58 [00:00<00:03, 16.85it/s, loss=185276.2500]
  Epoch 27/30:  10%|███▏                           | 6/58 [00:00<00:03, 16.85it/s, loss=197402.2500]
  Epoch 27/30:  10%|███▏                           | 6/58 [00:00<00:03, 16.85it/s, loss=167617.7344]
  Epoch 27/30:  14%|████▎                          | 8/58 [00:00<00:03, 16.34it/s, loss=167617.7344]
  Epoch 27/30:  14%|████▎                          | 8/58 [00:00<00:03, 16.34it/s, loss=158754.4688]
  Epoch 27/30:  14%|████▎                          | 8/58 [00:00<00:03, 16.34it/s, loss=173246.9062]
  Epoch 27/30:  17%|█████▏                        | 10/58 [00:00<00:03, 15.80it/s, loss=173246.9062]
  Epoch 27/30:  17%|█████▏                        | 10/58 [00:00<00:03, 15.80it/s, loss=180027.9375]
  Epoch 27/30:  17%|█████▏                        | 10/58 [00:00<00:03, 15.80it/s, loss=196359.4688]
  Epoch 27/30:  21%|██████▏                       | 12/58 [00:00<00:02, 15.81it/s, loss=196359.4688]
  Epoch 27/30:  21%|██████▏                       | 12/58 [00:00<00:02, 15.81it/s, loss=196891.5625]
  Epoch 27/30:  21%|██████▏                       | 12/58 [00:00<00:02, 15.81it/s, loss=172282.0000]
  Epoch 27/30:  24%|███████▏                      | 14/58 [00:00<00:02, 15.71it/s, loss=172282.0000]
  Epoch 27/30:  24%|███████▏                      | 14/58 [00:00<00:02, 15.71it/s, loss=161539.6562]
  Epoch 27/30:  24%|███████▏                      | 14/58 [00:00<00:02, 15.71it/s, loss=188075.5469]
  Epoch 27/30:  28%|████████▎                     | 16/58 [00:00<00:02, 15.92it/s, loss=188075.5469]
  Epoch 27/30:  28%|████████▎                     | 16/58 [00:01<00:02, 15.92it/s, loss=193579.0312]
  Epoch 27/30:  28%|████████▎                     | 16/58 [00:01<00:02, 15.92it/s, loss=181107.2188]
  Epoch 27/30:  31%|█████████▎                    | 18/58 [00:01<00:02, 15.66it/s, loss=181107.2188]
  Epoch 27/30:  31%|█████████▎                    | 18/58 [00:01<00:02, 15.66it/s, loss=174489.8594]
  Epoch 27/30:  31%|█████████▎                    | 18/58 [00:01<00:02, 15.66it/s, loss=179245.3594]
  Epoch 27/30:  34%|██████████▎                   | 20/58 [00:01<00:02, 15.44it/s, loss=179245.3594]
  Epoch 27/30:  34%|██████████▎                   | 20/58 [00:01<00:02, 15.44it/s, loss=203172.0000]
  Epoch 27/30:  34%|██████████▎                   | 20/58 [00:01<00:02, 15.44it/s, loss=178962.8750]
  Epoch 27/30:  38%|███████████▍                  | 22/58 [00:01<00:02, 15.34it/s, loss=178962.8750]
  Epoch 27/30:  38%|███████████▍                  | 22/58 [00:01<00:02, 15.34it/s, loss=146146.5312]
  Epoch 27/30:  38%|███████████▍                  | 22/58 [00:01<00:02, 15.34it/s, loss=145184.8906]
  Epoch 27/30:  41%|████████████▍                 | 24/58 [00:01<00:02, 15.25it/s, loss=145184.8906]
  Epoch 27/30:  41%|████████████▍                 | 24/58 [00:01<00:02, 15.25it/s, loss=176110.3750]
  Epoch 27/30:  41%|████████████▍                 | 24/58 [00:01<00:02, 15.25it/s, loss=134953.1562]
  Epoch 27/30:  45%|█████████████▍                | 26/58 [00:01<00:02, 14.88it/s, loss=134953.1562]
  Epoch 27/30:  45%|█████████████▍                | 26/58 [00:01<00:02, 14.88it/s, loss=151265.7344]
  Epoch 27/30:  45%|█████████████▍                | 26/58 [00:01<00:02, 14.88it/s, loss=157436.2812]
  Epoch 27/30:  48%|██████████████▍               | 28/58 [00:01<00:01, 15.73it/s, loss=157436.2812]
  Epoch 27/30:  48%|██████████████▍               | 28/58 [00:01<00:01, 15.73it/s, loss=165804.3125]
  Epoch 27/30:  48%|██████████████▍               | 28/58 [00:01<00:01, 15.73it/s, loss=196395.5469]
  Epoch 27/30:  52%|███████████████▌              | 30/58 [00:01<00:01, 16.17it/s, loss=196395.5469]
  Epoch 27/30:  52%|███████████████▌              | 30/58 [00:01<00:01, 16.17it/s, loss=189265.1094]
  Epoch 27/30:  52%|███████████████▌              | 30/58 [00:02<00:01, 16.17it/s, loss=165147.3125]
  Epoch 27/30:  55%|████████████████▌             | 32/58 [00:02<00:01, 15.93it/s, loss=165147.3125]
  Epoch 27/30:  55%|████████████████▌             | 32/58 [00:02<00:01, 15.93it/s, loss=185839.2969]
  Epoch 27/30:  55%|████████████████▌             | 32/58 [00:02<00:01, 15.93it/s, loss=158390.6875]
  Epoch 27/30:  59%|█████████████████▌            | 34/58 [00:02<00:01, 15.86it/s, loss=158390.6875]
  Epoch 27/30:  59%|█████████████████▌            | 34/58 [00:02<00:01, 15.86it/s, loss=150326.2188]
  Epoch 27/30:  59%|█████████████████▌            | 34/58 [00:02<00:01, 15.86it/s, loss=184470.1094]
  Epoch 27/30:  62%|██████████████████▌           | 36/58 [00:02<00:01, 15.86it/s, loss=184470.1094]
  Epoch 27/30:  62%|██████████████████▌           | 36/58 [00:02<00:01, 15.86it/s, loss=145640.6719]
  Epoch 27/30:  62%|██████████████████▌           | 36/58 [00:02<00:01, 15.86it/s, loss=158893.5000]
  Epoch 27/30:  66%|███████████████████▋          | 38/58 [00:02<00:01, 15.63it/s, loss=158893.5000]
  Epoch 27/30:  66%|███████████████████▋          | 38/58 [00:02<00:01, 15.63it/s, loss=187220.8438]
  Epoch 27/30:  66%|███████████████████▋          | 38/58 [00:02<00:01, 15.63it/s, loss=161197.4375]
  Epoch 27/30:  69%|████████████████████▋         | 40/58 [00:02<00:01, 15.78it/s, loss=161197.4375]
  Epoch 27/30:  69%|████████████████████▋         | 40/58 [00:02<00:01, 15.78it/s, loss=174517.0156]
  Epoch 27/30:  69%|████████████████████▋         | 40/58 [00:02<00:01, 15.78it/s, loss=154638.3125]
  Epoch 27/30:  72%|█████████████████████▋        | 42/58 [00:02<00:01, 15.31it/s, loss=154638.3125]
  Epoch 27/30:  72%|█████████████████████▋        | 42/58 [00:02<00:01, 15.31it/s, loss=171073.9062]
  Epoch 27/30:  72%|█████████████████████▋        | 42/58 [00:02<00:01, 15.31it/s, loss=164081.9688]
  Epoch 27/30:  76%|██████████████████████▊       | 44/58 [00:02<00:00, 15.63it/s, loss=164081.9688]
  Epoch 27/30:  76%|██████████████████████▊       | 44/58 [00:02<00:00, 15.63it/s, loss=165192.1406]
  Epoch 27/30:  76%|██████████████████████▊       | 44/58 [00:02<00:00, 15.63it/s, loss=151077.7812]
  Epoch 27/30:  79%|███████████████████████▊      | 46/58 [00:02<00:00, 15.47it/s, loss=151077.7812]
  Epoch 27/30:  79%|███████████████████████▊      | 46/58 [00:02<00:00, 15.47it/s, loss=166757.5938]
  Epoch 27/30:  79%|███████████████████████▊      | 46/58 [00:03<00:00, 15.47it/s, loss=154700.8906]
  Epoch 27/30:  83%|████████████████████████▊     | 48/58 [00:03<00:00, 15.63it/s, loss=154700.8906]
  Epoch 27/30:  83%|████████████████████████▊     | 48/58 [00:03<00:00, 15.63it/s, loss=162207.3125]
  Epoch 27/30:  83%|████████████████████████▊     | 48/58 [00:03<00:00, 15.63it/s, loss=172680.7188]
  Epoch 27/30:  86%|█████████████████████████▊    | 50/58 [00:03<00:00, 15.37it/s, loss=172680.7188]
  Epoch 27/30:  86%|█████████████████████████▊    | 50/58 [00:03<00:00, 15.37it/s, loss=157791.2500]
  Epoch 27/30:  86%|█████████████████████████▊    | 50/58 [00:03<00:00, 15.37it/s, loss=182485.9062]
  Epoch 27/30:  90%|██████████████████████████▉   | 52/58 [00:03<00:00, 15.45it/s, loss=182485.9062]
  Epoch 27/30:  90%|██████████████████████████▉   | 52/58 [00:03<00:00, 15.45it/s, loss=160703.8906]
  Epoch 27/30:  90%|██████████████████████████▉   | 52/58 [00:03<00:00, 15.45it/s, loss=144033.1875]
  Epoch 27/30:  93%|███████████████████████████▉  | 54/58 [00:03<00:00, 16.02it/s, loss=144033.1875]
  Epoch 27/30:  93%|███████████████████████████▉  | 54/58 [00:03<00:00, 16.02it/s, loss=145484.1719]
  Epoch 27/30:  93%|███████████████████████████▉  | 54/58 [00:03<00:00, 16.02it/s, loss=160403.4844]
  Epoch 27/30:  97%|████████████████████████████▉ | 56/58 [00:03<00:00, 15.78it/s, loss=160403.4844]
  Epoch 27/30:  97%|████████████████████████████▉ | 56/58 [00:03<00:00, 15.78it/s, loss=140901.1562]
  Epoch 27/30:  97%|█████████████████████████████▉ | 56/58 [00:03<00:00, 15.78it/s, loss=71204.4297]
  Epoch 27/30: 100%|███████████████████████████████| 58/58 [00:03<00:00, 16.63it/s, loss=71204.4297]
                                                                                                    

  Epoch 28/30:   0%|                                                         | 0/58 [00:00<?, ?it/s]
  Epoch 28/30:   0%|                                       | 0/58 [00:00<?, ?it/s, loss=151341.0000]
  Epoch 28/30:   0%|                                       | 0/58 [00:00<?, ?it/s, loss=152823.4844]
  Epoch 28/30:   3%|█                              | 2/58 [00:00<00:04, 13.72it/s, loss=152823.4844]
  Epoch 28/30:   3%|█                              | 2/58 [00:00<00:04, 13.72it/s, loss=153540.5000]
  Epoch 28/30:   3%|█                              | 2/58 [00:00<00:04, 13.72it/s, loss=154727.9062]
  Epoch 28/30:   7%|██▏                            | 4/58 [00:00<00:03, 14.62it/s, loss=154727.9062]
  Epoch 28/30:   7%|██▏                            | 4/58 [00:00<00:03, 14.62it/s, loss=154917.8125]
  Epoch 28/30:   7%|██▏                            | 4/58 [00:00<00:03, 14.62it/s, loss=138406.1875]
  Epoch 28/30:  10%|███▏                           | 6/58 [00:00<00:03, 15.02it/s, loss=138406.1875]
  Epoch 28/30:  10%|███▏                           | 6/58 [00:00<00:03, 15.02it/s, loss=150870.8594]
  Epoch 28/30:  10%|███▏                           | 6/58 [00:00<00:03, 15.02it/s, loss=164335.4062]
  Epoch 28/30:  14%|████▎                          | 8/58 [00:00<00:03, 15.45it/s, loss=164335.4062]
  Epoch 28/30:  14%|████▎                          | 8/58 [00:00<00:03, 15.45it/s, loss=152246.0938]
  Epoch 28/30:  14%|████▎                          | 8/58 [00:00<00:03, 15.45it/s, loss=116394.6250]
  Epoch 28/30:  17%|█████▏                        | 10/58 [00:00<00:03, 15.93it/s, loss=116394.6250]
  Epoch 28/30:  17%|█████▏                        | 10/58 [00:00<00:03, 15.93it/s, loss=144422.7344]
  Epoch 28/30:  17%|█████▏                        | 10/58 [00:00<00:03, 15.93it/s, loss=130116.0469]
  Epoch 28/30:  21%|██████▏                       | 12/58 [00:00<00:02, 16.89it/s, loss=130116.0469]
  Epoch 28/30:  21%|██████▏                       | 12/58 [00:00<00:02, 16.89it/s, loss=137236.6250]
  Epoch 28/30:  21%|██████▏                       | 12/58 [00:00<00:02, 16.89it/s, loss=132756.0938]
  Epoch 28/30:  24%|███████▏                      | 14/58 [00:00<00:02, 17.06it/s, loss=132756.0938]
  Epoch 28/30:  24%|███████▏                      | 14/58 [00:00<00:02, 17.06it/s, loss=153675.6875]
  Epoch 28/30:  24%|███████▏                      | 14/58 [00:00<00:02, 17.06it/s, loss=138149.0000]
  Epoch 28/30:  28%|████████▎                     | 16/58 [00:00<00:02, 17.87it/s, loss=138149.0000]
  Epoch 28/30:  28%|████████▎                     | 16/58 [00:01<00:02, 17.87it/s, loss=156070.1562]
  Epoch 28/30:  28%|████████▎                     | 16/58 [00:01<00:02, 17.87it/s, loss=154452.3594]
  Epoch 28/30:  31%|█████████▎                    | 18/58 [00:01<00:02, 18.12it/s, loss=154452.3594]
  Epoch 28/30:  31%|█████████▎                    | 18/58 [00:01<00:02, 18.12it/s, loss=127532.5938]
  Epoch 28/30:  31%|█████████▎                    | 18/58 [00:01<00:02, 18.12it/s, loss=163918.9062]
  Epoch 28/30:  31%|█████████▎                    | 18/58 [00:01<00:02, 18.12it/s, loss=126191.2500]
  Epoch 28/30:  36%|██████████▊                   | 21/58 [00:01<00:02, 18.26it/s, loss=126191.2500]
  Epoch 28/30:  36%|██████████▊                   | 21/58 [00:01<00:02, 18.26it/s, loss=174232.5625]
  Epoch 28/30:  36%|██████████▊                   | 21/58 [00:01<00:02, 18.26it/s, loss=124579.3750]
  Epoch 28/30:  40%|███████████▉                  | 23/58 [00:01<00:01, 17.80it/s, loss=124579.3750]
  Epoch 28/30:  40%|███████████▉                  | 23/58 [00:01<00:01, 17.80it/s, loss=127677.8359]
  Epoch 28/30:  40%|███████████▉                  | 23/58 [00:01<00:01, 17.80it/s, loss=148743.7188]
  Epoch 28/30:  43%|████████████▉                 | 25/58 [00:01<00:01, 18.18it/s, loss=148743.7188]
  Epoch 28/30:  43%|████████████▉                 | 25/58 [00:01<00:01, 18.18it/s, loss=128775.7656]
  Epoch 28/30:  43%|████████████▉                 | 25/58 [00:01<00:01, 18.18it/s, loss=142499.6562]
  Epoch 28/30:  43%|████████████▉                 | 25/58 [00:01<00:01, 18.18it/s, loss=125636.4609]
  Epoch 28/30:  48%|██████████████▍               | 28/58 [00:01<00:01, 18.56it/s, loss=125636.4609]
  Epoch 28/30:  48%|██████████████▍               | 28/58 [00:01<00:01, 18.56it/s, loss=119124.4609]
  Epoch 28/30:  48%|██████████████▍               | 28/58 [00:01<00:01, 18.56it/s, loss=138650.0938]
  Epoch 28/30:  52%|███████████████▌              | 30/58 [00:01<00:01, 18.75it/s, loss=138650.0938]
  Epoch 28/30:  52%|███████████████▌              | 30/58 [00:01<00:01, 18.75it/s, loss=127912.0000]
  Epoch 28/30:  52%|███████████████▌              | 30/58 [00:01<00:01, 18.75it/s, loss=122367.6875]
  Epoch 28/30:  55%|████████████████▌             | 32/58 [00:01<00:01, 18.76it/s, loss=122367.6875]
  Epoch 28/30:  55%|████████████████▌             | 32/58 [00:01<00:01, 18.76it/s, loss=131627.8125]
  Epoch 28/30:  55%|████████████████▌             | 32/58 [00:01<00:01, 18.76it/s, loss=141137.3438]
  Epoch 28/30:  55%|████████████████▌             | 32/58 [00:01<00:01, 18.76it/s, loss=110950.2344]
  Epoch 28/30:  60%|██████████████████            | 35/58 [00:01<00:01, 18.54it/s, loss=110950.2344]
  Epoch 28/30:  60%|██████████████████            | 35/58 [00:02<00:01, 18.54it/s, loss=127735.8594]
  Epoch 28/30:  60%|██████████████████            | 35/58 [00:02<00:01, 18.54it/s, loss=133814.9688]
  Epoch 28/30:  60%|██████████████████            | 35/58 [00:02<00:01, 18.54it/s, loss=130513.1719]
  Epoch 28/30:  66%|███████████████████▋          | 38/58 [00:02<00:01, 18.97it/s, loss=130513.1719]
  Epoch 28/30:  66%|███████████████████▋          | 38/58 [00:02<00:01, 18.97it/s, loss=104264.2969]
  Epoch 28/30:  66%|███████████████████▋          | 38/58 [00:02<00:01, 18.97it/s, loss=138234.0156]
  Epoch 28/30:  69%|████████████████████▋         | 40/58 [00:02<00:00, 19.21it/s, loss=138234.0156]
  Epoch 28/30:  69%|████████████████████▋         | 40/58 [00:02<00:00, 19.21it/s, loss=130969.6875]
  Epoch 28/30:  69%|████████████████████▋         | 40/58 [00:02<00:00, 19.21it/s, loss=128989.2734]
  Epoch 28/30:  72%|█████████████████████▋        | 42/58 [00:02<00:00, 18.33it/s, loss=128989.2734]
  Epoch 28/30:  72%|█████████████████████▋        | 42/58 [00:02<00:00, 18.33it/s, loss=136635.7656]
  Epoch 28/30:  72%|█████████████████████▋        | 42/58 [00:02<00:00, 18.33it/s, loss=143581.8438]
  Epoch 28/30:  76%|██████████████████████▊       | 44/58 [00:02<00:00, 18.50it/s, loss=143581.8438]
  Epoch 28/30:  76%|██████████████████████▊       | 44/58 [00:02<00:00, 18.50it/s, loss=124275.0781]
  Epoch 28/30:  76%|██████████████████████▊       | 44/58 [00:02<00:00, 18.50it/s, loss=139584.1406]
  Epoch 28/30:  79%|███████████████████████▊      | 46/58 [00:02<00:00, 18.15it/s, loss=139584.1406]
  Epoch 28/30:  79%|███████████████████████▊      | 46/58 [00:02<00:00, 18.15it/s, loss=116828.1250]
  Epoch 28/30:  79%|███████████████████████▊      | 46/58 [00:02<00:00, 18.15it/s, loss=137548.3125]
  Epoch 28/30:  83%|████████████████████████▊     | 48/58 [00:02<00:00, 17.11it/s, loss=137548.3125]
  Epoch 28/30:  83%|████████████████████████▊     | 48/58 [00:02<00:00, 17.11it/s, loss=116489.5156]
  Epoch 28/30:  83%|████████████████████████▊     | 48/58 [00:02<00:00, 17.11it/s, loss=131139.9062]
  Epoch 28/30:  86%|█████████████████████████▊    | 50/58 [00:02<00:00, 15.82it/s, loss=131139.9062]
  Epoch 28/30:  86%|█████████████████████████▊    | 50/58 [00:02<00:00, 15.82it/s, loss=118201.2344]
  Epoch 28/30:  86%|█████████████████████████▊    | 50/58 [00:02<00:00, 15.82it/s, loss=157973.1250]
  Epoch 28/30:  90%|██████████████████████████▉   | 52/58 [00:02<00:00, 16.55it/s, loss=157973.1250]
  Epoch 28/30:  90%|██████████████████████████▉   | 52/58 [00:03<00:00, 16.55it/s, loss=118166.0859]
  Epoch 28/30:  90%|██████████████████████████▉   | 52/58 [00:03<00:00, 16.55it/s, loss=118721.2969]
  Epoch 28/30:  93%|███████████████████████████▉  | 54/58 [00:03<00:00, 17.14it/s, loss=118721.2969]
  Epoch 28/30:  93%|███████████████████████████▉  | 54/58 [00:03<00:00, 17.14it/s, loss=132466.9375]
  Epoch 28/30:  93%|███████████████████████████▉  | 54/58 [00:03<00:00, 17.14it/s, loss=115073.6250]
  Epoch 28/30:  97%|████████████████████████████▉ | 56/58 [00:03<00:00, 16.71it/s, loss=115073.6250]
  Epoch 28/30:  97%|████████████████████████████▉ | 56/58 [00:03<00:00, 16.71it/s, loss=133388.7188]
  Epoch 28/30:  97%|████████████████████████████▉ | 56/58 [00:03<00:00, 16.71it/s, loss=138531.5469]
  Epoch 28/30: 100%|██████████████████████████████| 58/58 [00:03<00:00, 17.02it/s, loss=138531.5469]
                                                                                                    

  Epoch 29/30:   0%|                                                         | 0/58 [00:00<?, ?it/s]
  Epoch 29/30:   0%|                                       | 0/58 [00:00<?, ?it/s, loss=143925.5312]
  Epoch 29/30:   0%|                                       | 0/58 [00:00<?, ?it/s, loss=129167.8438]
  Epoch 29/30:   3%|█                              | 2/58 [00:00<00:03, 16.56it/s, loss=129167.8438]
  Epoch 29/30:   3%|█                              | 2/58 [00:00<00:03, 16.56it/s, loss=121093.9297]
  Epoch 29/30:   3%|█                              | 2/58 [00:00<00:03, 16.56it/s, loss=124368.5234]
  Epoch 29/30:   7%|██▏                            | 4/58 [00:00<00:03, 16.10it/s, loss=124368.5234]
  Epoch 29/30:   7%|██▏                            | 4/58 [00:00<00:03, 16.10it/s, loss=101868.3750]
  Epoch 29/30:   7%|██▏                            | 4/58 [00:00<00:03, 16.10it/s, loss=115193.5625]
  Epoch 29/30:   7%|██▏                            | 4/58 [00:00<00:03, 16.10it/s, loss=127047.2812]
  Epoch 29/30:  12%|███▋                           | 7/58 [00:00<00:02, 18.77it/s, loss=127047.2812]
  Epoch 29/30:  12%|███▋                           | 7/58 [00:00<00:02, 18.77it/s, loss=120376.5547]
  Epoch 29/30:  12%|███▋                           | 7/58 [00:00<00:02, 18.77it/s, loss=109630.7969]
  Epoch 29/30:  16%|████▊                          | 9/58 [00:00<00:03, 13.84it/s, loss=109630.7969]
  Epoch 29/30:  16%|████▊                          | 9/58 [00:00<00:03, 13.84it/s, loss=107164.5625]
  Epoch 29/30:  16%|████▊                          | 9/58 [00:00<00:03, 13.84it/s, loss=120178.2109]
  Epoch 29/30:  19%|█████▋                        | 11/58 [00:00<00:03, 14.77it/s, loss=120178.2109]
  Epoch 29/30:  19%|█████▋                        | 11/58 [00:00<00:03, 14.77it/s, loss=117172.4375]
  Epoch 29/30:  19%|█████▋                        | 11/58 [00:00<00:03, 14.77it/s, loss=113806.9688]
  Epoch 29/30:  19%|█████▋                        | 11/58 [00:00<00:03, 14.77it/s, loss=103833.3438]
  Epoch 29/30:  24%|███████▏                      | 14/58 [00:00<00:02, 16.46it/s, loss=103833.3438]
  Epoch 29/30:  24%|███████▏                      | 14/58 [00:00<00:02, 16.46it/s, loss=112947.5000]
  Epoch 29/30:  24%|███████▏                      | 14/58 [00:00<00:02, 16.46it/s, loss=118426.2188]
  Epoch 29/30:  28%|████████▎                     | 16/58 [00:00<00:02, 17.07it/s, loss=118426.2188]
  Epoch 29/30:  28%|████████▎                     | 16/58 [00:01<00:02, 17.07it/s, loss=123425.6250]
  Epoch 29/30:  28%|████████▎                     | 16/58 [00:01<00:02, 17.07it/s, loss=106115.2812]
  Epoch 29/30:  31%|█████████▎                    | 18/58 [00:01<00:02, 17.69it/s, loss=106115.2812]
  Epoch 29/30:  31%|█████████▎                    | 18/58 [00:01<00:02, 17.69it/s, loss=100174.8672]
  Epoch 29/30:  31%|█████████▎                    | 18/58 [00:01<00:02, 17.69it/s, loss=111942.3750]
  Epoch 29/30:  34%|██████████▎                   | 20/58 [00:01<00:02, 17.94it/s, loss=111942.3750]
  Epoch 29/30:  34%|██████████▎                   | 20/58 [00:01<00:02, 17.94it/s, loss=103574.8984]
  Epoch 29/30:  34%|██████████▎                   | 20/58 [00:01<00:02, 17.94it/s, loss=114914.7734]
  Epoch 29/30:  38%|███████████▍                  | 22/58 [00:01<00:02, 17.95it/s, loss=114914.7734]
  Epoch 29/30:  38%|███████████▍                  | 22/58 [00:01<00:02, 17.95it/s, loss=112713.4531]
  Epoch 29/30:  38%|███████████▍                  | 22/58 [00:01<00:02, 17.95it/s, loss=112594.0469]
  Epoch 29/30:  41%|████████████▍                 | 24/58 [00:01<00:01, 17.95it/s, loss=112594.0469]
  Epoch 29/30:  41%|████████████▍                 | 24/58 [00:01<00:01, 17.95it/s, loss=102517.7109]
  Epoch 29/30:  41%|████████████▍                 | 24/58 [00:01<00:01, 17.95it/s, loss=103098.1719]
  Epoch 29/30:  41%|████████████▍                 | 24/58 [00:01<00:01, 17.95it/s, loss=109325.8125]
  Epoch 29/30:  47%|█████████████▉                | 27/58 [00:01<00:01, 19.42it/s, loss=109325.8125]
  Epoch 29/30:  47%|█████████████▉                | 27/58 [00:01<00:01, 19.42it/s, loss=112413.0000]
  Epoch 29/30:  47%|█████████████▉                | 27/58 [00:01<00:01, 19.42it/s, loss=115773.6719]
  Epoch 29/30:  47%|█████████████▉                | 27/58 [00:01<00:01, 19.42it/s, loss=105872.8672]
  Epoch 29/30:  52%|███████████████▌              | 30/58 [00:01<00:01, 19.13it/s, loss=105872.8672]
  Epoch 29/30:  52%|███████████████▌              | 30/58 [00:01<00:01, 19.13it/s, loss=103339.8125]
  Epoch 29/30:  52%|███████████████▌              | 30/58 [00:01<00:01, 19.13it/s, loss=112362.1875]
  Epoch 29/30:  55%|████████████████▌             | 32/58 [00:01<00:01, 19.11it/s, loss=112362.1875]
  Epoch 29/30:  55%|█████████████████              | 32/58 [00:01<00:01, 19.11it/s, loss=94480.4609]
  Epoch 29/30:  55%|█████████████████              | 32/58 [00:01<00:01, 19.11it/s, loss=96044.7969]
  Epoch 29/30:  59%|██████████████████▏            | 34/58 [00:01<00:01, 18.35it/s, loss=96044.7969]
  Epoch 29/30:  59%|█████████████████▌            | 34/58 [00:02<00:01, 18.35it/s, loss=108004.0469]
  Epoch 29/30:  59%|█████████████████▌            | 34/58 [00:02<00:01, 18.35it/s, loss=104934.9219]
  Epoch 29/30:  62%|██████████████████▌           | 36/58 [00:02<00:01, 16.71it/s, loss=104934.9219]
  Epoch 29/30:  62%|██████████████████▌           | 36/58 [00:02<00:01, 16.71it/s, loss=101570.8906]
  Epoch 29/30:  62%|███████████████████▏           | 36/58 [00:02<00:01, 16.71it/s, loss=97653.9609]
  Epoch 29/30:  66%|████████████████████▎          | 38/58 [00:02<00:01, 16.83it/s, loss=97653.9609]
  Epoch 29/30:  66%|███████████████████▋          | 38/58 [00:02<00:01, 16.83it/s, loss=120004.3750]
  Epoch 29/30:  66%|███████████████████▋          | 38/58 [00:02<00:01, 16.83it/s, loss=118431.1172]
  Epoch 29/30:  66%|████████████████████▎          | 38/58 [00:02<00:01, 16.83it/s, loss=95441.1094]
  Epoch 29/30:  71%|█████████████████████▉         | 41/58 [00:02<00:00, 18.00it/s, loss=95441.1094]
  Epoch 29/30:  71%|█████████████████████▉         | 41/58 [00:02<00:00, 18.00it/s, loss=96057.4219]
  Epoch 29/30:  71%|█████████████████████▉         | 41/58 [00:02<00:00, 18.00it/s, loss=92811.3125]
  Epoch 29/30:  74%|██████████████████████▉        | 43/58 [00:02<00:00, 18.42it/s, loss=92811.3125]
  Epoch 29/30:  74%|██████████████████████▉        | 43/58 [00:02<00:00, 18.42it/s, loss=87903.4219]
  Epoch 29/30:  74%|██████████████████████▉        | 43/58 [00:02<00:00, 18.42it/s, loss=91436.0625]
  Epoch 29/30:  74%|██████████████████████▉        | 43/58 [00:02<00:00, 18.42it/s, loss=95441.3750]
  Epoch 29/30:  79%|████████████████████████▌      | 46/58 [00:02<00:00, 18.77it/s, loss=95441.3750]
  Epoch 29/30:  79%|███████████████████████▊      | 46/58 [00:02<00:00, 18.77it/s, loss=108358.9062]
  Epoch 29/30:  79%|████████████████████████▌      | 46/58 [00:02<00:00, 18.77it/s, loss=85538.9375]
  Epoch 29/30:  79%|███████████████████████▊      | 46/58 [00:02<00:00, 18.77it/s, loss=104587.9375]
  Epoch 29/30:  84%|█████████████████████████▎    | 49/58 [00:02<00:00, 19.92it/s, loss=104587.9375]
  Epoch 29/30:  84%|██████████████████████████▏    | 49/58 [00:02<00:00, 19.92it/s, loss=98514.2344]
  Epoch 29/30:  84%|██████████████████████████▏    | 49/58 [00:02<00:00, 19.92it/s, loss=83865.6406]
  Epoch 29/30:  88%|███████████████████████████▎   | 51/58 [00:02<00:00, 19.89it/s, loss=83865.6406]
  Epoch 29/30:  88%|███████████████████████████▎   | 51/58 [00:02<00:00, 19.89it/s, loss=97343.4844]
  Epoch 29/30:  88%|███████████████████████████▎   | 51/58 [00:02<00:00, 19.89it/s, loss=91865.4609]
  Epoch 29/30:  91%|████████████████████████████▎  | 53/58 [00:02<00:00, 19.67it/s, loss=91865.4609]
  Epoch 29/30:  91%|███████████████████████████▍  | 53/58 [00:02<00:00, 19.67it/s, loss=118735.1172]
  Epoch 29/30:  91%|███████████████████████████▍  | 53/58 [00:03<00:00, 19.67it/s, loss=104012.1406]
  Epoch 29/30:  95%|████████████████████████████▍ | 55/58 [00:03<00:00, 18.57it/s, loss=104012.1406]
  Epoch 29/30:  95%|████████████████████████████▍ | 55/58 [00:03<00:00, 18.57it/s, loss=103608.5234]
  Epoch 29/30:  95%|█████████████████████████████▍ | 55/58 [00:03<00:00, 18.57it/s, loss=90262.2109]
  Epoch 29/30:  98%|██████████████████████████████▍| 57/58 [00:03<00:00, 18.39it/s, loss=90262.2109]
  Epoch 29/30:  98%|█████████████████████████████▍| 57/58 [00:03<00:00, 18.39it/s, loss=102891.8984]
                                                                                                    

  Epoch 30/30:   0%|                                                         | 0/58 [00:00<?, ?it/s]
  Epoch 30/30:   0%|                                        | 0/58 [00:00<?, ?it/s, loss=96195.9219]
  Epoch 30/30:   0%|                                       | 0/58 [00:00<?, ?it/s, loss=100809.5469]
  Epoch 30/30:   3%|█                              | 2/58 [00:00<00:03, 17.28it/s, loss=100809.5469]
  Epoch 30/30:   3%|█                               | 2/58 [00:00<00:03, 17.28it/s, loss=94495.7109]
  Epoch 30/30:   3%|█                               | 2/58 [00:00<00:03, 17.28it/s, loss=99590.2734]
  Epoch 30/30:   7%|██▏                             | 4/58 [00:00<00:03, 17.68it/s, loss=99590.2734]
  Epoch 30/30:   7%|██▏                             | 4/58 [00:00<00:03, 17.68it/s, loss=99495.1250]
  Epoch 30/30:   7%|██▏                            | 4/58 [00:00<00:03, 17.68it/s, loss=118451.8672]
  Epoch 30/30:  10%|███▏                           | 6/58 [00:00<00:03, 16.00it/s, loss=118451.8672]
  Epoch 30/30:  10%|███▎                            | 6/58 [00:00<00:03, 16.00it/s, loss=95605.0625]
  Epoch 30/30:  10%|███▎                            | 6/58 [00:00<00:03, 16.00it/s, loss=88357.3047]
  Epoch 30/30:  14%|████▍                           | 8/58 [00:00<00:03, 16.52it/s, loss=88357.3047]
  Epoch 30/30:  14%|████▍                           | 8/58 [00:00<00:03, 16.52it/s, loss=84172.2891]
  Epoch 30/30:  14%|████▍                           | 8/58 [00:00<00:03, 16.52it/s, loss=90729.0234]
  Epoch 30/30:  17%|█████▎                         | 10/58 [00:00<00:03, 15.80it/s, loss=90729.0234]
  Epoch 30/30:  17%|█████▏                        | 10/58 [00:00<00:03, 15.80it/s, loss=107415.3906]
  Epoch 30/30:  17%|█████▎                         | 10/58 [00:00<00:03, 15.80it/s, loss=89303.0625]
  Epoch 30/30:  21%|██████▍                        | 12/58 [00:00<00:02, 16.23it/s, loss=89303.0625]
  Epoch 30/30:  21%|██████▍                        | 12/58 [00:00<00:02, 16.23it/s, loss=95215.9609]
  Epoch 30/30:  21%|██████▍                        | 12/58 [00:00<00:02, 16.23it/s, loss=85871.8672]
  Epoch 30/30:  24%|███████▍                       | 14/58 [00:00<00:02, 15.64it/s, loss=85871.8672]
  Epoch 30/30:  24%|███████▏                      | 14/58 [00:00<00:02, 15.64it/s, loss=100688.7422]
  Epoch 30/30:  24%|███████▍                       | 14/58 [00:01<00:02, 15.64it/s, loss=90291.5625]
  Epoch 30/30:  28%|████████▌                      | 16/58 [00:01<00:02, 15.60it/s, loss=90291.5625]
  Epoch 30/30:  28%|████████▌                      | 16/58 [00:01<00:02, 15.60it/s, loss=95588.9688]
  Epoch 30/30:  28%|████████▌                      | 16/58 [00:01<00:02, 15.60it/s, loss=85229.5234]
  Epoch 30/30:  31%|█████████▌                     | 18/58 [00:01<00:02, 15.36it/s, loss=85229.5234]
  Epoch 30/30:  31%|█████████▌                     | 18/58 [00:01<00:02, 15.36it/s, loss=99175.4297]
  Epoch 30/30:  31%|█████████▌                     | 18/58 [00:01<00:02, 15.36it/s, loss=83348.7500]
  Epoch 30/30:  34%|██████████▋                    | 20/58 [00:01<00:02, 15.88it/s, loss=83348.7500]
  Epoch 30/30:  34%|██████████▋                    | 20/58 [00:01<00:02, 15.88it/s, loss=92298.0547]
  Epoch 30/30:  34%|██████████▋                    | 20/58 [00:01<00:02, 15.88it/s, loss=96479.0312]
  Epoch 30/30:  38%|███████████▊                   | 22/58 [00:01<00:02, 15.50it/s, loss=96479.0312]
  Epoch 30/30:  38%|███████████▊                   | 22/58 [00:01<00:02, 15.50it/s, loss=77359.3125]
  Epoch 30/30:  38%|███████████▊                   | 22/58 [00:01<00:02, 15.50it/s, loss=94635.0234]
  Epoch 30/30:  41%|████████████▊                  | 24/58 [00:01<00:02, 15.12it/s, loss=94635.0234]
  Epoch 30/30:  41%|████████████▊                  | 24/58 [00:01<00:02, 15.12it/s, loss=94866.3594]
  Epoch 30/30:  41%|████████████▊                  | 24/58 [00:01<00:02, 15.12it/s, loss=71190.7109]
  Epoch 30/30:  45%|█████████████▉                 | 26/58 [00:01<00:02, 15.98it/s, loss=71190.7109]
  Epoch 30/30:  45%|█████████████▉                 | 26/58 [00:01<00:02, 15.98it/s, loss=97460.5469]
  Epoch 30/30:  45%|█████████████▉                 | 26/58 [00:01<00:02, 15.98it/s, loss=73983.3516]
  Epoch 30/30:  48%|██████████████▉                | 28/58 [00:01<00:01, 16.85it/s, loss=73983.3516]
  Epoch 30/30:  48%|██████████████▉                | 28/58 [00:01<00:01, 16.85it/s, loss=78185.8906]
  Epoch 30/30:  48%|██████████████▉                | 28/58 [00:01<00:01, 16.85it/s, loss=78420.3828]
  Epoch 30/30:  52%|████████████████               | 30/58 [00:01<00:01, 17.61it/s, loss=78420.3828]
  Epoch 30/30:  52%|████████████████               | 30/58 [00:01<00:01, 17.61it/s, loss=92363.3984]
  Epoch 30/30:  52%|████████████████               | 30/58 [00:01<00:01, 17.61it/s, loss=95186.5469]
  Epoch 30/30:  55%|█████████████████              | 32/58 [00:01<00:01, 18.04it/s, loss=95186.5469]
  Epoch 30/30:  55%|█████████████████              | 32/58 [00:02<00:01, 18.04it/s, loss=87561.4219]
  Epoch 30/30:  55%|█████████████████              | 32/58 [00:02<00:01, 18.04it/s, loss=71708.3750]
  Epoch 30/30:  59%|██████████████████▏            | 34/58 [00:02<00:01, 17.83it/s, loss=71708.3750]
  Epoch 30/30:  59%|██████████████████▏            | 34/58 [00:02<00:01, 17.83it/s, loss=85530.8438]
  Epoch 30/30:  59%|██████████████████▏            | 34/58 [00:02<00:01, 17.83it/s, loss=74621.0938]
  Epoch 30/30:  59%|██████████████████▏            | 34/58 [00:02<00:01, 17.83it/s, loss=75162.3672]
  Epoch 30/30:  64%|███████████████████▊           | 37/58 [00:02<00:01, 18.96it/s, loss=75162.3672]
  Epoch 30/30:  64%|███████████████████▊           | 37/58 [00:02<00:01, 18.96it/s, loss=77065.3281]
  Epoch 30/30:  64%|███████████████████▊           | 37/58 [00:02<00:01, 18.96it/s, loss=73794.6406]
  Epoch 30/30:  64%|███████████████████▊           | 37/58 [00:02<00:01, 18.96it/s, loss=79564.2266]
  Epoch 30/30:  69%|█████████████████████▍         | 40/58 [00:02<00:00, 19.72it/s, loss=79564.2266]
  Epoch 30/30:  69%|█████████████████████▍         | 40/58 [00:02<00:00, 19.72it/s, loss=83991.4688]
  Epoch 30/30:  69%|█████████████████████▍         | 40/58 [00:02<00:00, 19.72it/s, loss=84965.5000]
  Epoch 30/30:  72%|██████████████████████▍        | 42/58 [00:02<00:00, 18.98it/s, loss=84965.5000]
  Epoch 30/30:  72%|██████████████████████▍        | 42/58 [00:02<00:00, 18.98it/s, loss=74786.9297]
  Epoch 30/30:  72%|██████████████████████▍        | 42/58 [00:02<00:00, 18.98it/s, loss=85504.6250]
  Epoch 30/30:  72%|██████████████████████▍        | 42/58 [00:02<00:00, 18.98it/s, loss=74003.4219]
  Epoch 30/30:  78%|████████████████████████       | 45/58 [00:02<00:00, 19.72it/s, loss=74003.4219]
  Epoch 30/30:  78%|████████████████████████       | 45/58 [00:02<00:00, 19.72it/s, loss=73449.8438]
  Epoch 30/30:  78%|████████████████████████       | 45/58 [00:02<00:00, 19.72it/s, loss=76366.2109]
  Epoch 30/30:  78%|████████████████████████       | 45/58 [00:02<00:00, 19.72it/s, loss=97844.3906]
  Epoch 30/30:  83%|█████████████████████████▋     | 48/58 [00:02<00:00, 19.17it/s, loss=97844.3906]
  Epoch 30/30:  83%|█████████████████████████▋     | 48/58 [00:02<00:00, 19.17it/s, loss=78949.2031]
  Epoch 30/30:  83%|█████████████████████████▋     | 48/58 [00:02<00:00, 19.17it/s, loss=72346.8984]
  Epoch 30/30:  86%|██████████████████████████▋    | 50/58 [00:02<00:00, 19.04it/s, loss=72346.8984]
  Epoch 30/30:  86%|██████████████████████████▋    | 50/58 [00:02<00:00, 19.04it/s, loss=91258.6875]
  Epoch 30/30:  86%|██████████████████████████▋    | 50/58 [00:02<00:00, 19.04it/s, loss=82370.9062]
  Epoch 30/30:  90%|███████████████████████████▊   | 52/58 [00:02<00:00, 18.76it/s, loss=82370.9062]
  Epoch 30/30:  90%|███████████████████████████▊   | 52/58 [00:03<00:00, 18.76it/s, loss=85162.1406]
  Epoch 30/30:  90%|███████████████████████████▊   | 52/58 [00:03<00:00, 18.76it/s, loss=93790.6484]
  Epoch 30/30:  90%|███████████████████████████▊   | 52/58 [00:03<00:00, 18.76it/s, loss=74207.0625]
  Epoch 30/30:  95%|█████████████████████████████▍ | 55/58 [00:03<00:00, 19.58it/s, loss=74207.0625]
  Epoch 30/30:  95%|█████████████████████████████▍ | 55/58 [00:03<00:00, 19.58it/s, loss=90772.1406]
  Epoch 30/30:  95%|█████████████████████████████▍ | 55/58 [00:03<00:00, 19.58it/s, loss=73265.7344]
  Epoch 30/30:  95%|█████████████████████████████▍ | 55/58 [00:03<00:00, 19.58it/s, loss=43998.9609]
  Epoch 30/30: 100%|███████████████████████████████| 58/58 [00:03<00:00, 22.10it/s, loss=43998.9609]
                                                                                                    
  Epoch 30/30 │ Loss: 86284.5356 │ T+1: -14968564.0000 │ T+2: -20899124.0000 │ T+3: -81084536.0000 ★ NEW BEST

  → Loading best model checkpoint
    Best T+1 NSE: -14968564.0000

  → Saving model
    Model saved: E:\SRIP 2025\Streamflow and Water-level Prediction\Final Stuff\srip-transformer\runs\full_20260304_210427\model.pt

============================================================
  STEP 7: EVALUATING MODEL
============================================================

  → Evaluating on Test Set 1961-1970

  Testing 1961-1970:   0%|                                                   | 0/15 [00:00<?, ?it/s]
  Testing 1961-1970:  33%|██████████████▎                            | 5/15 [00:00<00:00, 44.48it/s]
  Testing 1961-1970:  67%|████████████████████████████              | 10/15 [00:00<00:00, 45.56it/s]
                                                                                                    

    Results (1961-1970):
    Horizon       NSE       R²      PBIAS │      P90      P95 │    Peak%
    ----------------------------------------------------------------------
    T1       -15584.0509 -15584.0509 -30827.98% │ -4436.8455 -3279.6207 │   100.0%
    T2       -74603.7933 -74603.7933 -67449.91% │ -21686.9672 -16182.6825 │   100.0%
    T3       -733633.9422 -733633.9422 -211512.68% │ -215727.9759 -161828.2359 │   100.0%

  → Evaluating on Test Set 2011-2020

  Testing 2011-2020:   0%|                                                   | 0/15 [00:00<?, ?it/s]
  Testing 2011-2020:  33%|██████████████▎                            | 5/15 [00:00<00:00, 49.75it/s]
  Testing 2011-2020:  67%|████████████████████████████              | 10/15 [00:00<00:00, 46.42it/s]
                                                                                                    

    Results (2011-2020):
    Horizon       NSE       R²      PBIAS │      P90      P95 │    Peak%
    ----------------------------------------------------------------------
    T1       -25229.0981 -25229.0981 -32150.64% │ -6027.5946 -4777.4456 │   100.0%
    T2       -120751.0617 -120751.0617 -70334.10% │ -29299.1766 -23420.1217 │   100.0%
    T3       -1187331.4029 -1187331.4029 -220540.81% │ -290576.0431 -233393.2074 │   100.0%

============================================================
  STEP 8: SAVING RESULTS
============================================================

  → Saving results.json

  → Saving train_history.json

  → Computing feature saliency (gradient × input)
    Features: ['rainfall', 'tmax', 'tmin', 'waterlevel_upstream', 'streamflow_upstream', 'waterlevel_final', 'streamflow_final', 'hierarchical_feature_quantile_0.1', 'hierarchical_feature_quantile_0.5', 'hierarchical_feature_quantile_0.9', 'hierarchical_feature_quantile_0.95']
Traceback (most recent call last):
  File "E:\SRIP 2025\Streamflow and Water-level Prediction\Final Stuff\srip-transformer\src\train.py", line 895, in <module>
    main()
  File "E:\SRIP 2025\Streamflow and Water-level Prediction\Final Stuff\srip-transformer\src\train.py", line 850, in main
    saliency_results = compute_feature_saliency(
                       ^^^^^^^^^^^^^^^^^^^^^^^^^
  File "E:\SRIP 2025\Streamflow and Water-level Prediction\Final Stuff\srip-transformer\src\train.py", line 398, in compute_feature_saliency
    predictions[horizon].sum().backward(retain_graph=True)
  File "C:\Users\HP\AppData\Local\Programs\Python\Python312\Lib\site-packages\torch\_tensor.py", line 630, in backward
    torch.autograd.backward(
  File "C:\Users\HP\AppData\Local\Programs\Python\Python312\Lib\site-packages\torch\autograd\__init__.py", line 364, in backward
    _engine_run_backward(
  File "C:\Users\HP\AppData\Local\Programs\Python\Python312\Lib\site-packages\torch\autograd\graph.py", line 865, in _engine_run_backward
    return Variable._execution_engine.run_backward(  # Calls into the C++ engine to run the backward pass
           ^^^^^^^^^^^^^^^^^^^^^^^^^^^^^^^^^^^^^^^^^^^^^^^^^^^^^^^^^^^^^^^^^^^^^^^^^^^^^^^^^^^^^^^^^^^^^^
RuntimeError: cudnn RNN backward can only be called in training mode
