
============================================================
  SeqLSTM TRAINING PIPELINE
  Modular Ablation Framework
============================================================

============================================================
  STEP 1: LOADING CONFIGURATION
============================================================
  Config file: E:\SRIP 2025\Streamflow and Water-level Prediction\Final Stuff\srip-transformer\src\configs\full.yaml
  Config name: full

  Configuration:
    • Sequential:    ✓ ON  (3 LSTM blocks)
    • Bidirectional: ✗ OFF
    • Attention:     ✓ ON  (MHA)
    • Rating Curve:  ✓ ON
    • Hierarchical:  ✓ ON

  LSTM Settings:
    • Hidden dim:    64
    • Num layers:    1
    • Dropout:       0.1

  Attention Settings:
    • Num heads:     8

  Hard Constraints (enforced globally):
    • Lookback:      7 days
    • Batch size:    256
    • Learning rate: 0.001
    • Epochs:        30
    • Optimizer:     Adam
    • Loss:          MSE
    • Random seed:   74

  → Setting random seed: 74

  → Using device: cuda
    GPU: NVIDIA GeForce RTX 3050 4GB Laptop GPU

============================================================
  STEP 2: LOADING AND PREPARING DATA
============================================================

  → Loading station data: E:\SRIP 2025\Streamflow and Water-level Prediction\Final Stuff\srip-transformer\hierarchial\new_Garudeshwar_with_hierarchical_quantiles.csv
    Raw data shape: (22279, 23)
    Date range: 1961-01-02 to 2021-12-31

  → Detected pre-computed hierarchical features in CSV
    • hierarchical_feature_quantile_0.1
    • hierarchical_feature_quantile_0.5
    • hierarchical_feature_quantile_0.9
    • hierarchical_feature_quantile_0.95
    ✓ Will be INCLUDED (use_hierarchical=True)

  → Determining feature set
    ✓ Including 4 hierarchical features
    Using auto-detected features
    Total features: 11
       1. rainfall
       2. tmax
       3. tmin
       4. waterlevel_upstream
       5. streamflow_upstream
       6. waterlevel_final
       7. streamflow_final
       8. hierarchical_feature_quantile_0.1
       9. hierarchical_feature_quantile_0.5
      10. hierarchical_feature_quantile_0.9
      11. hierarchical_feature_quantile_0.95
    Target: streamflow_final

  → Loading processed data
    Station: Garudeshwar
    Processed shape: (22279, 23)

  → Splitting data by year
    Train (1971-2010):        14,610 samples
    Test (1961-1970):         3,651 samples
    Test (2011-2020):         3,653 samples

  → Scaling features (MinMaxScaler)
    Scaler fitted on 11 features

  → Creating PyTorch datasets
    Lookback window: 7 days (t-7 to t-1)
    Train dataset:   14,600 sequences
    Test 61-70:      3,641 sequences
    Test 11-20:      3,643 sequences
    ✓ Dual-target mode: streamflow + water level targets

  → Creating DataLoaders
    Batch size: 256
    Train batches: 58

============================================================
  STEP 3: SETTING UP OUTPUT DIRECTORY
============================================================
  Run directory: E:\SRIP 2025\Streamflow and Water-level Prediction\Final Stuff\srip-transformer\runs\full_20260304_210604

============================================================
  STEP 4: FITTING RATING CURVE
============================================================

  → Extracting water level and streamflow data
    Data points: 14,610

  → Fitting rating curve models
  quadratic: RMSE=500.853, R²=0.9627
  exponential: RMSE=1487.062, R²=0.6713
  shifted_quadratic: RMSE=2593.613, R²=-0.0000
  shifted_cubic: RMSE=824.721, R²=0.8989
E:\SRIP 2025\Streamflow and Water-level Prediction\Final Stuff\srip-transformer\src\models\fitter.py:41: RuntimeWarning: overflow encountered in power
  return a * np.power(np.maximum(wse - c, 0.001), b)
E:\SRIP 2025\Streamflow and Water-level Prediction\Final Stuff\srip-transformer\src\models\fitter.py:115: OptimizeWarning: Covariance of the parameters could not be estimated
  params, _ = curve_fit(
  power_law: RMSE=2757.469, R²=-0.1303

Best Rating Curve: quadratic
  RMSE: 500.853
  R²: 0.9627
  Params: [   61.91865487 -1230.98728429  5044.98695027]
    ✓ Best model: quadratic
    ✓ Rating curve saved: E:\SRIP 2025\Streamflow and Water-level Prediction\Final Stuff\srip-transformer\runs\full_20260304_210604\rating_curve.pkl

============================================================
  STEP 5: CREATING MODEL
============================================================

  → Initializing SeqLSTMModel
    ✓ Rating curve injected into model
    Input dimension: 11
    Model variant:   Sequential_Fitter_MHA_Hier

  → Counting parameters & FLOPs
    Total parameters: 122,236
      • lstm_block1: 19,712
      • lstm_block2: 19,712
      • lstm_block3: 19,712
      • projection: 22
      • attention: 50,304
      • heads: 12,774
    FLOPs (per forward pass): 1.169M  [manual estimate]

============================================================
  STEP 6: TRAINING MODEL
============================================================

  → Setting up optimizer and loss function
    Optimizer: Adam (lr=0.001)
    Loss: MSELoss

  → Starting training loop (30 epochs)
    Progress will be shown every 5 epochs


  Epoch  1/30:   0%|                                                         | 0/58 [00:00<?, ?it/s]
  Epoch  1/30:   0%|                                        | 0/58 [00:00<?, ?it/s, loss=14001.2666]
  Epoch  1/30:   2%|▌                               | 1/58 [00:00<00:24,  2.35it/s, loss=14001.2666]
  Epoch  1/30:   2%|▌                               | 1/58 [00:00<00:24,  2.35it/s, loss=10820.2861]
  Epoch  1/30:   2%|▌                                | 1/58 [00:00<00:24,  2.35it/s, loss=8625.5459]
  Epoch  1/30:   2%|▌                                | 1/58 [00:00<00:24,  2.35it/s, loss=6396.0562]
  Epoch  1/30:   7%|██▎                              | 4/58 [00:00<00:06,  8.56it/s, loss=6396.0562]
  Epoch  1/30:   7%|██▎                              | 4/58 [00:00<00:06,  8.56it/s, loss=5590.9165]
  Epoch  1/30:   7%|██▎                              | 4/58 [00:00<00:06,  8.56it/s, loss=4317.5459]
  Epoch  1/30:  10%|███▍                             | 6/58 [00:00<00:04, 11.02it/s, loss=4317.5459]
  Epoch  1/30:  10%|███▍                             | 6/58 [00:00<00:04, 11.02it/s, loss=3755.4800]
  Epoch  1/30:  10%|███▍                             | 6/58 [00:00<00:04, 11.02it/s, loss=2881.3735]
  Epoch  1/30:  10%|███▍                             | 6/58 [00:00<00:04, 11.02it/s, loss=2348.9563]
  Epoch  1/30:  16%|█████                            | 9/58 [00:00<00:03, 14.14it/s, loss=2348.9563]
  Epoch  1/30:  16%|█████                            | 9/58 [00:00<00:03, 14.14it/s, loss=2785.3809]
  Epoch  1/30:  16%|█████                            | 9/58 [00:00<00:03, 14.14it/s, loss=2716.1765]
  Epoch  1/30:  16%|█████                            | 9/58 [00:00<00:03, 14.14it/s, loss=2803.4937]
  Epoch  1/30:  21%|██████▌                         | 12/58 [00:00<00:02, 16.59it/s, loss=2803.4937]
  Epoch  1/30:  21%|██████▌                         | 12/58 [00:01<00:02, 16.59it/s, loss=2816.7644]
  Epoch  1/30:  21%|██████▌                         | 12/58 [00:01<00:02, 16.59it/s, loss=3004.5498]
  Epoch  1/30:  24%|███████▋                        | 14/58 [00:01<00:02, 17.35it/s, loss=3004.5498]
  Epoch  1/30:  24%|███████▋                        | 14/58 [00:01<00:02, 17.35it/s, loss=3397.9456]
  Epoch  1/30:  24%|███████▋                        | 14/58 [00:01<00:02, 17.35it/s, loss=3008.9043]
  Epoch  1/30:  24%|███████▋                        | 14/58 [00:01<00:02, 17.35it/s, loss=3513.1450]
  Epoch  1/30:  29%|█████████▍                      | 17/58 [00:01<00:02, 18.56it/s, loss=3513.1450]
  Epoch  1/30:  29%|█████████▍                      | 17/58 [00:01<00:02, 18.56it/s, loss=3297.6470]
  Epoch  1/30:  29%|█████████▍                      | 17/58 [00:01<00:02, 18.56it/s, loss=2986.2063]
  Epoch  1/30:  29%|█████████▍                      | 17/58 [00:01<00:02, 18.56it/s, loss=3029.0630]
  Epoch  1/30:  34%|███████████                     | 20/58 [00:01<00:01, 19.33it/s, loss=3029.0630]
  Epoch  1/30:  34%|███████████                     | 20/58 [00:01<00:01, 19.33it/s, loss=3250.3069]
  Epoch  1/30:  34%|███████████                     | 20/58 [00:01<00:01, 19.33it/s, loss=3172.0239]
  Epoch  1/30:  34%|███████████                     | 20/58 [00:01<00:01, 19.33it/s, loss=2841.2444]
  Epoch  1/30:  40%|████████████▋                   | 23/58 [00:01<00:01, 18.54it/s, loss=2841.2444]
  Epoch  1/30:  40%|████████████▋                   | 23/58 [00:01<00:01, 18.54it/s, loss=2720.9883]
  Epoch  1/30:  40%|████████████▋                   | 23/58 [00:01<00:01, 18.54it/s, loss=2396.1289]
  Epoch  1/30:  43%|█████████████▊                  | 25/58 [00:01<00:01, 18.17it/s, loss=2396.1289]
  Epoch  1/30:  43%|█████████████▊                  | 25/58 [00:01<00:01, 18.17it/s, loss=2416.4861]
  Epoch  1/30:  43%|█████████████▊                  | 25/58 [00:01<00:01, 18.17it/s, loss=2703.4836]
  Epoch  1/30:  47%|██████████████▉                 | 27/58 [00:01<00:01, 17.85it/s, loss=2703.4836]
  Epoch  1/30:  47%|██████████████▉                 | 27/58 [00:01<00:01, 17.85it/s, loss=2185.1499]
  Epoch  1/30:  47%|██████████████▉                 | 27/58 [00:01<00:01, 17.85it/s, loss=2347.6719]
  Epoch  1/30:  47%|██████████████▉                 | 27/58 [00:01<00:01, 17.85it/s, loss=2236.8865]
  Epoch  1/30:  52%|████████████████▌               | 30/58 [00:01<00:01, 18.79it/s, loss=2236.8865]
  Epoch  1/30:  52%|████████████████▌               | 30/58 [00:01<00:01, 18.79it/s, loss=2220.6245]
  Epoch  1/30:  52%|████████████████▌               | 30/58 [00:02<00:01, 18.79it/s, loss=2477.8262]
  Epoch  1/30:  55%|█████████████████▋              | 32/58 [00:02<00:01, 18.83it/s, loss=2477.8262]
  Epoch  1/30:  55%|█████████████████▋              | 32/58 [00:02<00:01, 18.83it/s, loss=2219.6631]
  Epoch  1/30:  55%|█████████████████▋              | 32/58 [00:02<00:01, 18.83it/s, loss=2077.2861]
  Epoch  1/30:  59%|██████████████████▊             | 34/58 [00:02<00:01, 18.75it/s, loss=2077.2861]
  Epoch  1/30:  59%|██████████████████▊             | 34/58 [00:02<00:01, 18.75it/s, loss=2158.9136]
  Epoch  1/30:  59%|██████████████████▊             | 34/58 [00:02<00:01, 18.75it/s, loss=2500.2600]
  Epoch  1/30:  59%|██████████████████▊             | 34/58 [00:02<00:01, 18.75it/s, loss=2163.1958]
  Epoch  1/30:  64%|████████████████████▍           | 37/58 [00:02<00:01, 20.36it/s, loss=2163.1958]
  Epoch  1/30:  64%|████████████████████▍           | 37/58 [00:02<00:01, 20.36it/s, loss=2256.6191]
  Epoch  1/30:  64%|████████████████████▍           | 37/58 [00:02<00:01, 20.36it/s, loss=2177.6921]
  Epoch  1/30:  64%|████████████████████▍           | 37/58 [00:02<00:01, 20.36it/s, loss=1986.1115]
  Epoch  1/30:  69%|██████████████████████          | 40/58 [00:02<00:00, 21.80it/s, loss=1986.1115]
  Epoch  1/30:  69%|██████████████████████          | 40/58 [00:02<00:00, 21.80it/s, loss=2380.5588]
  Epoch  1/30:  69%|██████████████████████          | 40/58 [00:02<00:00, 21.80it/s, loss=2044.1278]
  Epoch  1/30:  69%|██████████████████████          | 40/58 [00:02<00:00, 21.80it/s, loss=2202.0327]
  Epoch  1/30:  74%|███████████████████████▋        | 43/58 [00:02<00:00, 22.73it/s, loss=2202.0327]
  Epoch  1/30:  74%|███████████████████████▋        | 43/58 [00:02<00:00, 22.73it/s, loss=1925.7577]
  Epoch  1/30:  74%|███████████████████████▋        | 43/58 [00:02<00:00, 22.73it/s, loss=1926.6368]
  Epoch  1/30:  74%|███████████████████████▋        | 43/58 [00:02<00:00, 22.73it/s, loss=1966.4070]
  Epoch  1/30:  79%|█████████████████████████▍      | 46/58 [00:02<00:00, 23.95it/s, loss=1966.4070]
  Epoch  1/30:  79%|█████████████████████████▍      | 46/58 [00:02<00:00, 23.95it/s, loss=2215.7253]
  Epoch  1/30:  79%|█████████████████████████▍      | 46/58 [00:02<00:00, 23.95it/s, loss=2133.6558]
  Epoch  1/30:  79%|█████████████████████████▍      | 46/58 [00:02<00:00, 23.95it/s, loss=1931.8417]
  Epoch  1/30:  84%|███████████████████████████     | 49/58 [00:02<00:00, 24.67it/s, loss=1931.8417]
  Epoch  1/30:  84%|███████████████████████████     | 49/58 [00:02<00:00, 24.67it/s, loss=1916.2163]
  Epoch  1/30:  84%|███████████████████████████     | 49/58 [00:02<00:00, 24.67it/s, loss=1848.9572]
  Epoch  1/30:  84%|███████████████████████████     | 49/58 [00:02<00:00, 24.67it/s, loss=1911.9493]
  Epoch  1/30:  90%|████████████████████████████▋   | 52/58 [00:02<00:00, 22.77it/s, loss=1911.9493]
  Epoch  1/30:  90%|████████████████████████████▋   | 52/58 [00:02<00:00, 22.77it/s, loss=1970.1010]
  Epoch  1/30:  90%|████████████████████████████▋   | 52/58 [00:02<00:00, 22.77it/s, loss=1787.9583]
  Epoch  1/30:  90%|████████████████████████████▋   | 52/58 [00:03<00:00, 22.77it/s, loss=1762.4330]
  Epoch  1/30:  95%|██████████████████████████████▎ | 55/58 [00:03<00:00, 20.85it/s, loss=1762.4330]
  Epoch  1/30:  95%|██████████████████████████████▎ | 55/58 [00:03<00:00, 20.85it/s, loss=1714.9414]
  Epoch  1/30:  95%|██████████████████████████████▎ | 55/58 [00:03<00:00, 20.85it/s, loss=1866.1454]
  Epoch  1/30:  95%|██████████████████████████████▎ | 55/58 [00:03<00:00, 20.85it/s, loss=1859.7753]
  Epoch  1/30: 100%|████████████████████████████████| 58/58 [00:03<00:00, 19.87it/s, loss=1859.7753]
                                                                                                    

  Epoch  2/30:   0%|                                                         | 0/58 [00:00<?, ?it/s]
  Epoch  2/30:   0%|                                         | 0/58 [00:00<?, ?it/s, loss=1850.6478]
  Epoch  2/30:   0%|                                         | 0/58 [00:00<?, ?it/s, loss=1679.2563]
  Epoch  2/30:   3%|█▏                               | 2/58 [00:00<00:03, 18.33it/s, loss=1679.2563]
  Epoch  2/30:   3%|█▏                               | 2/58 [00:00<00:03, 18.33it/s, loss=1906.1100]
  Epoch  2/30:   3%|█▏                               | 2/58 [00:00<00:03, 18.33it/s, loss=1510.8337]
  Epoch  2/30:   7%|██▎                              | 4/58 [00:00<00:03, 17.96it/s, loss=1510.8337]
  Epoch  2/30:   7%|██▎                              | 4/58 [00:00<00:03, 17.96it/s, loss=1469.2000]
  Epoch  2/30:   7%|██▎                              | 4/58 [00:00<00:03, 17.96it/s, loss=1578.4003]
  Epoch  2/30:   7%|██▎                              | 4/58 [00:00<00:03, 17.96it/s, loss=1674.9202]
  Epoch  2/30:  12%|███▉                             | 7/58 [00:00<00:02, 19.19it/s, loss=1674.9202]
  Epoch  2/30:  12%|███▉                             | 7/58 [00:00<00:02, 19.19it/s, loss=1787.2275]
  Epoch  2/30:  12%|███▉                             | 7/58 [00:00<00:02, 19.19it/s, loss=1665.7769]
  Epoch  2/30:  16%|█████                            | 9/58 [00:00<00:02, 18.67it/s, loss=1665.7769]
  Epoch  2/30:  16%|█████                            | 9/58 [00:00<00:02, 18.67it/s, loss=1749.0284]
  Epoch  2/30:  16%|█████                            | 9/58 [00:00<00:02, 18.67it/s, loss=1549.6038]
  Epoch  2/30:  19%|██████                          | 11/58 [00:00<00:02, 18.72it/s, loss=1549.6038]
  Epoch  2/30:  19%|██████                          | 11/58 [00:00<00:02, 18.72it/s, loss=1644.0560]
  Epoch  2/30:  19%|██████                          | 11/58 [00:00<00:02, 18.72it/s, loss=1429.4069]
  Epoch  2/30:  19%|██████                          | 11/58 [00:00<00:02, 18.72it/s, loss=1439.0532]
  Epoch  2/30:  24%|███████▋                        | 14/58 [00:00<00:02, 19.97it/s, loss=1439.0532]
  Epoch  2/30:  24%|███████▋                        | 14/58 [00:00<00:02, 19.97it/s, loss=1656.2496]
  Epoch  2/30:  24%|███████▋                        | 14/58 [00:00<00:02, 19.97it/s, loss=1564.3213]
  Epoch  2/30:  28%|████████▊                       | 16/58 [00:00<00:02, 19.01it/s, loss=1564.3213]
  Epoch  2/30:  28%|████████▊                       | 16/58 [00:00<00:02, 19.01it/s, loss=1366.7809]
  Epoch  2/30:  28%|████████▊                       | 16/58 [00:00<00:02, 19.01it/s, loss=1577.4679]
  Epoch  2/30:  28%|████████▊                       | 16/58 [00:00<00:02, 19.01it/s, loss=1537.2836]
  Epoch  2/30:  33%|██████████▍                     | 19/58 [00:00<00:01, 19.78it/s, loss=1537.2836]
  Epoch  2/30:  33%|██████████▍                     | 19/58 [00:01<00:01, 19.78it/s, loss=1564.9805]
  Epoch  2/30:  33%|██████████▍                     | 19/58 [00:01<00:01, 19.78it/s, loss=1497.1971]
  Epoch  2/30:  36%|███████████▌                    | 21/58 [00:01<00:01, 18.78it/s, loss=1497.1971]
  Epoch  2/30:  36%|███████████▌                    | 21/58 [00:01<00:01, 18.78it/s, loss=1287.7301]
  Epoch  2/30:  36%|███████████▌                    | 21/58 [00:01<00:01, 18.78it/s, loss=1370.4059]
  Epoch  2/30:  40%|████████████▋                   | 23/58 [00:01<00:01, 18.52it/s, loss=1370.4059]
  Epoch  2/30:  40%|████████████▋                   | 23/58 [00:01<00:01, 18.52it/s, loss=1427.1068]
  Epoch  2/30:  40%|████████████▋                   | 23/58 [00:01<00:01, 18.52it/s, loss=1208.6652]
  Epoch  2/30:  40%|████████████▋                   | 23/58 [00:01<00:01, 18.52it/s, loss=1368.3252]
  Epoch  2/30:  45%|██████████████▎                 | 26/58 [00:01<00:01, 18.97it/s, loss=1368.3252]
  Epoch  2/30:  45%|██████████████▎                 | 26/58 [00:01<00:01, 18.97it/s, loss=1413.7534]
  Epoch  2/30:  45%|██████████████▎                 | 26/58 [00:01<00:01, 18.97it/s, loss=1365.4948]
  Epoch  2/30:  48%|███████████████▍                | 28/58 [00:01<00:01, 18.52it/s, loss=1365.4948]
  Epoch  2/30:  48%|███████████████▍                | 28/58 [00:01<00:01, 18.52it/s, loss=1314.0538]
  Epoch  2/30:  48%|███████████████▍                | 28/58 [00:01<00:01, 18.52it/s, loss=1421.9517]
  Epoch  2/30:  52%|████████████████▌               | 30/58 [00:01<00:01, 17.95it/s, loss=1421.9517]
  Epoch  2/30:  52%|████████████████▌               | 30/58 [00:01<00:01, 17.95it/s, loss=1452.0526]
  Epoch  2/30:  52%|████████████████▌               | 30/58 [00:01<00:01, 17.95it/s, loss=1489.1583]
  Epoch  2/30:  55%|█████████████████▋              | 32/58 [00:01<00:01, 17.42it/s, loss=1489.1583]
  Epoch  2/30:  55%|█████████████████▋              | 32/58 [00:01<00:01, 17.42it/s, loss=1367.9973]
  Epoch  2/30:  55%|█████████████████▋              | 32/58 [00:01<00:01, 17.42it/s, loss=1201.2986]
  Epoch  2/30:  55%|█████████████████▋              | 32/58 [00:01<00:01, 17.42it/s, loss=1545.3131]
  Epoch  2/30:  60%|███████████████████▎            | 35/58 [00:01<00:01, 18.60it/s, loss=1545.3131]
  Epoch  2/30:  60%|███████████████████▎            | 35/58 [00:01<00:01, 18.60it/s, loss=1281.0265]
  Epoch  2/30:  60%|███████████████████▎            | 35/58 [00:01<00:01, 18.60it/s, loss=1241.1302]
  Epoch  2/30:  64%|████████████████████▍           | 37/58 [00:01<00:01, 18.89it/s, loss=1241.1302]
  Epoch  2/30:  64%|████████████████████▍           | 37/58 [00:02<00:01, 18.89it/s, loss=1190.8477]
  Epoch  2/30:  64%|████████████████████▍           | 37/58 [00:02<00:01, 18.89it/s, loss=1187.2866]
  Epoch  2/30:  67%|█████████████████████▌          | 39/58 [00:02<00:01, 18.79it/s, loss=1187.2866]
  Epoch  2/30:  67%|█████████████████████▌          | 39/58 [00:02<00:01, 18.79it/s, loss=1145.5020]
  Epoch  2/30:  67%|█████████████████████▌          | 39/58 [00:02<00:01, 18.79it/s, loss=1212.7332]
  Epoch  2/30:  71%|██████████████████████▌         | 41/58 [00:02<00:00, 17.57it/s, loss=1212.7332]
  Epoch  2/30:  71%|██████████████████████▌         | 41/58 [00:02<00:00, 17.57it/s, loss=1202.6465]
  Epoch  2/30:  71%|██████████████████████▌         | 41/58 [00:02<00:00, 17.57it/s, loss=1235.9812]
  Epoch  2/30:  74%|███████████████████████▋        | 43/58 [00:02<00:00, 16.73it/s, loss=1235.9812]
  Epoch  2/30:  74%|███████████████████████▋        | 43/58 [00:02<00:00, 16.73it/s, loss=1205.9336]
  Epoch  2/30:  74%|███████████████████████▋        | 43/58 [00:02<00:00, 16.73it/s, loss=1129.5575]
  Epoch  2/30:  78%|████████████████████████▊       | 45/58 [00:02<00:00, 17.00it/s, loss=1129.5575]
  Epoch  2/30:  78%|████████████████████████▊       | 45/58 [00:02<00:00, 17.00it/s, loss=1196.8107]
  Epoch  2/30:  78%|████████████████████████▊       | 45/58 [00:02<00:00, 17.00it/s, loss=1153.6930]
  Epoch  2/30:  78%|████████████████████████▊       | 45/58 [00:02<00:00, 17.00it/s, loss=1199.3588]
  Epoch  2/30:  83%|██████████████████████████▍     | 48/58 [00:02<00:00, 18.76it/s, loss=1199.3588]
  Epoch  2/30:  83%|██████████████████████████▍     | 48/58 [00:02<00:00, 18.76it/s, loss=1039.0072]
  Epoch  2/30:  83%|███████████████████████████▎     | 48/58 [00:02<00:00, 18.76it/s, loss=963.6065]
  Epoch  2/30:  83%|███████████████████████████▎     | 48/58 [00:02<00:00, 18.76it/s, loss=971.5629]
  Epoch  2/30:  88%|█████████████████████████████    | 51/58 [00:02<00:00, 19.19it/s, loss=971.5629]
  Epoch  2/30:  88%|████████████████████████████▏   | 51/58 [00:02<00:00, 19.19it/s, loss=1040.7844]
  Epoch  2/30:  88%|████████████████████████████▏   | 51/58 [00:02<00:00, 19.19it/s, loss=1140.6222]
  Epoch  2/30:  88%|████████████████████████████▏   | 51/58 [00:02<00:00, 19.19it/s, loss=1133.9684]
  Epoch  2/30:  93%|█████████████████████████████▊  | 54/58 [00:02<00:00, 20.63it/s, loss=1133.9684]
  Epoch  2/30:  93%|█████████████████████████████▊  | 54/58 [00:02<00:00, 20.63it/s, loss=1131.2725]
  Epoch  2/30:  93%|██████████████████████████████▋  | 54/58 [00:02<00:00, 20.63it/s, loss=951.1677]
  Epoch  2/30:  93%|█████████████████████████████▊  | 54/58 [00:03<00:00, 20.63it/s, loss=1083.1018]
  Epoch  2/30:  98%|███████████████████████████████▍| 57/58 [00:03<00:00, 18.20it/s, loss=1083.1018]
  Epoch  2/30:  98%|████████████████████████████████▍| 57/58 [00:03<00:00, 18.20it/s, loss=655.2728]
                                                                                                    

  Epoch  3/30:   0%|                                                         | 0/58 [00:00<?, ?it/s]
  Epoch  3/30:   0%|                                         | 0/58 [00:00<?, ?it/s, loss=1117.0117]
  Epoch  3/30:   0%|                                          | 0/58 [00:00<?, ?it/s, loss=999.8879]
  Epoch  3/30:   3%|█▏                                | 2/58 [00:00<00:03, 14.73it/s, loss=999.8879]
  Epoch  3/30:   3%|█▏                               | 2/58 [00:00<00:03, 14.73it/s, loss=1042.4196]
  Epoch  3/30:   3%|█▏                               | 2/58 [00:00<00:03, 14.73it/s, loss=1072.4745]
  Epoch  3/30:   7%|██▎                              | 4/58 [00:00<00:03, 17.26it/s, loss=1072.4745]
  Epoch  3/30:   7%|██▎                               | 4/58 [00:00<00:03, 17.26it/s, loss=925.4805]
  Epoch  3/30:   7%|██▎                               | 4/58 [00:00<00:03, 17.26it/s, loss=884.3907]
  Epoch  3/30:   7%|██▎                               | 4/58 [00:00<00:03, 17.26it/s, loss=981.7869]
  Epoch  3/30:  12%|████                              | 7/58 [00:00<00:02, 18.82it/s, loss=981.7869]
  Epoch  3/30:  12%|███▉                             | 7/58 [00:00<00:02, 18.82it/s, loss=1012.6069]
  Epoch  3/30:  12%|████                              | 7/58 [00:00<00:02, 18.82it/s, loss=979.9356]
  Epoch  3/30:  16%|█████▎                            | 9/58 [00:00<00:02, 17.88it/s, loss=979.9356]
  Epoch  3/30:  16%|█████▎                            | 9/58 [00:00<00:02, 17.88it/s, loss=848.1409]
  Epoch  3/30:  16%|█████▎                            | 9/58 [00:00<00:02, 17.88it/s, loss=852.9603]
  Epoch  3/30:  19%|██████▎                          | 11/58 [00:00<00:03, 12.48it/s, loss=852.9603]
  Epoch  3/30:  19%|██████▎                          | 11/58 [00:00<00:03, 12.48it/s, loss=926.7327]
  Epoch  3/30:  19%|██████▎                          | 11/58 [00:00<00:03, 12.48it/s, loss=909.3230]
  Epoch  3/30:  22%|███████▍                         | 13/58 [00:00<00:03, 13.68it/s, loss=909.3230]
  Epoch  3/30:  22%|███████▍                         | 13/58 [00:00<00:03, 13.68it/s, loss=952.3006]
  Epoch  3/30:  22%|███████▍                         | 13/58 [00:01<00:03, 13.68it/s, loss=801.5916]
  Epoch  3/30:  26%|████████▌                        | 15/58 [00:01<00:03, 13.43it/s, loss=801.5916]
  Epoch  3/30:  26%|████████▌                        | 15/58 [00:01<00:03, 13.43it/s, loss=867.2986]
  Epoch  3/30:  26%|████████▌                        | 15/58 [00:01<00:03, 13.43it/s, loss=942.1988]
  Epoch  3/30:  29%|█████████▋                       | 17/58 [00:01<00:02, 14.66it/s, loss=942.1988]
  Epoch  3/30:  29%|█████████▋                       | 17/58 [00:01<00:02, 14.66it/s, loss=816.3806]
  Epoch  3/30:  29%|█████████▋                       | 17/58 [00:01<00:02, 14.66it/s, loss=840.1751]
  Epoch  3/30:  33%|██████████▊                      | 19/58 [00:01<00:02, 15.68it/s, loss=840.1751]
  Epoch  3/30:  33%|██████████▊                      | 19/58 [00:01<00:02, 15.68it/s, loss=960.2780]
  Epoch  3/30:  33%|██████████▊                      | 19/58 [00:01<00:02, 15.68it/s, loss=869.7247]
  Epoch  3/30:  36%|███████████▉                     | 21/58 [00:01<00:02, 15.96it/s, loss=869.7247]
  Epoch  3/30:  36%|███████████▉                     | 21/58 [00:01<00:02, 15.96it/s, loss=816.8705]
  Epoch  3/30:  36%|███████████▉                     | 21/58 [00:01<00:02, 15.96it/s, loss=831.8773]
  Epoch  3/30:  40%|█████████████                    | 23/58 [00:01<00:02, 16.79it/s, loss=831.8773]
  Epoch  3/30:  40%|█████████████                    | 23/58 [00:01<00:02, 16.79it/s, loss=820.5948]
  Epoch  3/30:  40%|█████████████                    | 23/58 [00:01<00:02, 16.79it/s, loss=866.4863]
  Epoch  3/30:  43%|██████████████▏                  | 25/58 [00:01<00:01, 16.86it/s, loss=866.4863]
  Epoch  3/30:  43%|██████████████▏                  | 25/58 [00:01<00:01, 16.86it/s, loss=863.3802]
  Epoch  3/30:  43%|██████████████▏                  | 25/58 [00:01<00:01, 16.86it/s, loss=765.3118]
  Epoch  3/30:  47%|███████████████▎                 | 27/58 [00:01<00:01, 16.79it/s, loss=765.3118]
  Epoch  3/30:  47%|███████████████▎                 | 27/58 [00:01<00:01, 16.79it/s, loss=817.9229]
  Epoch  3/30:  47%|███████████████▎                 | 27/58 [00:01<00:01, 16.79it/s, loss=805.4142]
  Epoch  3/30:  47%|███████████████▎                 | 27/58 [00:01<00:01, 16.79it/s, loss=804.6857]
  Epoch  3/30:  52%|█████████████████                | 30/58 [00:01<00:01, 17.67it/s, loss=804.6857]
  Epoch  3/30:  52%|█████████████████                | 30/58 [00:01<00:01, 17.67it/s, loss=854.7520]
  Epoch  3/30:  52%|█████████████████                | 30/58 [00:01<00:01, 17.67it/s, loss=797.0193]
  Epoch  3/30:  55%|██████████████████▏              | 32/58 [00:01<00:01, 17.76it/s, loss=797.0193]
  Epoch  3/30:  55%|██████████████████▏              | 32/58 [00:02<00:01, 17.76it/s, loss=819.7403]
  Epoch  3/30:  55%|██████████████████▏              | 32/58 [00:02<00:01, 17.76it/s, loss=819.1968]
  Epoch  3/30:  59%|███████████████████▎             | 34/58 [00:02<00:01, 17.80it/s, loss=819.1968]
  Epoch  3/30:  59%|███████████████████▎             | 34/58 [00:02<00:01, 17.80it/s, loss=683.8394]
  Epoch  3/30:  59%|███████████████████▎             | 34/58 [00:02<00:01, 17.80it/s, loss=785.6943]
  Epoch  3/30:  59%|███████████████████▎             | 34/58 [00:02<00:01, 17.80it/s, loss=739.8328]
  Epoch  3/30:  64%|█████████████████████            | 37/58 [00:02<00:01, 18.53it/s, loss=739.8328]
  Epoch  3/30:  64%|█████████████████████            | 37/58 [00:02<00:01, 18.53it/s, loss=684.4639]
  Epoch  3/30:  64%|█████████████████████            | 37/58 [00:02<00:01, 18.53it/s, loss=715.7075]
  Epoch  3/30:  67%|██████████████████████▏          | 39/58 [00:02<00:01, 18.52it/s, loss=715.7075]
  Epoch  3/30:  67%|██████████████████████▏          | 39/58 [00:02<00:01, 18.52it/s, loss=739.4886]
  Epoch  3/30:  67%|██████████████████████▏          | 39/58 [00:02<00:01, 18.52it/s, loss=684.8709]
  Epoch  3/30:  71%|███████████████████████▎         | 41/58 [00:02<00:00, 18.79it/s, loss=684.8709]
  Epoch  3/30:  71%|███████████████████████▎         | 41/58 [00:02<00:00, 18.79it/s, loss=723.2838]
  Epoch  3/30:  71%|███████████████████████▎         | 41/58 [00:02<00:00, 18.79it/s, loss=695.7444]
  Epoch  3/30:  74%|████████████████████████▍        | 43/58 [00:02<00:00, 18.52it/s, loss=695.7444]
  Epoch  3/30:  74%|████████████████████████▍        | 43/58 [00:02<00:00, 18.52it/s, loss=676.7161]
  Epoch  3/30:  74%|████████████████████████▍        | 43/58 [00:02<00:00, 18.52it/s, loss=683.9115]
  Epoch  3/30:  74%|████████████████████████▍        | 43/58 [00:02<00:00, 18.52it/s, loss=716.6479]
  Epoch  3/30:  79%|██████████████████████████▏      | 46/58 [00:02<00:00, 18.50it/s, loss=716.6479]
  Epoch  3/30:  79%|██████████████████████████▏      | 46/58 [00:02<00:00, 18.50it/s, loss=762.7617]
  Epoch  3/30:  79%|██████████████████████████▏      | 46/58 [00:02<00:00, 18.50it/s, loss=631.5252]
  Epoch  3/30:  83%|███████████████████████████▎     | 48/58 [00:02<00:00, 17.20it/s, loss=631.5252]
  Epoch  3/30:  83%|███████████████████████████▎     | 48/58 [00:02<00:00, 17.20it/s, loss=669.0205]
  Epoch  3/30:  83%|███████████████████████████▎     | 48/58 [00:02<00:00, 17.20it/s, loss=654.5325]
  Epoch  3/30:  86%|████████████████████████████▍    | 50/58 [00:02<00:00, 17.51it/s, loss=654.5325]
  Epoch  3/30:  86%|████████████████████████████▍    | 50/58 [00:03<00:00, 17.51it/s, loss=625.9308]
  Epoch  3/30:  86%|████████████████████████████▍    | 50/58 [00:03<00:00, 17.51it/s, loss=596.3084]
  Epoch  3/30:  90%|█████████████████████████████▌   | 52/58 [00:03<00:00, 17.87it/s, loss=596.3084]
  Epoch  3/30:  90%|█████████████████████████████▌   | 52/58 [00:03<00:00, 17.87it/s, loss=624.5853]
  Epoch  3/30:  90%|█████████████████████████████▌   | 52/58 [00:03<00:00, 17.87it/s, loss=582.1732]
  Epoch  3/30:  90%|█████████████████████████████▌   | 52/58 [00:03<00:00, 17.87it/s, loss=569.1163]
  Epoch  3/30:  95%|███████████████████████████████▎ | 55/58 [00:03<00:00, 18.44it/s, loss=569.1163]
  Epoch  3/30:  95%|███████████████████████████████▎ | 55/58 [00:03<00:00, 18.44it/s, loss=603.6309]
  Epoch  3/30:  95%|███████████████████████████████▎ | 55/58 [00:03<00:00, 18.44it/s, loss=670.0889]
  Epoch  3/30:  95%|███████████████████████████████▎ | 55/58 [00:03<00:00, 18.44it/s, loss=523.5315]
  Epoch  3/30: 100%|█████████████████████████████████| 58/58 [00:03<00:00, 19.32it/s, loss=523.5315]
                                                                                                    

  Epoch  4/30:   0%|                                                         | 0/58 [00:00<?, ?it/s]
  Epoch  4/30:   0%|                                          | 0/58 [00:00<?, ?it/s, loss=651.9034]
  Epoch  4/30:   0%|                                          | 0/58 [00:00<?, ?it/s, loss=660.9772]
  Epoch  4/30:   3%|█▏                                | 2/58 [00:00<00:03, 18.30it/s, loss=660.9772]
  Epoch  4/30:   3%|█▏                                | 2/58 [00:00<00:03, 18.30it/s, loss=557.8010]
  Epoch  4/30:   3%|█▏                                | 2/58 [00:00<00:03, 18.30it/s, loss=548.1772]
  Epoch  4/30:   7%|██▎                               | 4/58 [00:00<00:03, 17.96it/s, loss=548.1772]
  Epoch  4/30:   7%|██▎                               | 4/58 [00:00<00:03, 17.96it/s, loss=561.5856]
  Epoch  4/30:   7%|██▎                               | 4/58 [00:00<00:03, 17.96it/s, loss=606.0072]
  Epoch  4/30:  10%|███▌                              | 6/58 [00:00<00:03, 17.05it/s, loss=606.0072]
  Epoch  4/30:  10%|███▌                              | 6/58 [00:00<00:03, 17.05it/s, loss=554.6602]
  Epoch  4/30:  10%|███▌                              | 6/58 [00:00<00:03, 17.05it/s, loss=557.0152]
  Epoch  4/30:  14%|████▋                             | 8/58 [00:00<00:03, 16.62it/s, loss=557.0152]
  Epoch  4/30:  14%|████▋                             | 8/58 [00:00<00:03, 16.62it/s, loss=588.3601]
  Epoch  4/30:  14%|████▋                             | 8/58 [00:00<00:03, 16.62it/s, loss=578.3210]
  Epoch  4/30:  17%|█████▋                           | 10/58 [00:00<00:03, 14.70it/s, loss=578.3210]
  Epoch  4/30:  17%|█████▋                           | 10/58 [00:00<00:03, 14.70it/s, loss=526.8229]
  Epoch  4/30:  17%|█████▋                           | 10/58 [00:00<00:03, 14.70it/s, loss=602.7534]
  Epoch  4/30:  21%|██████▊                          | 12/58 [00:00<00:03, 13.97it/s, loss=602.7534]
  Epoch  4/30:  21%|██████▊                          | 12/58 [00:00<00:03, 13.97it/s, loss=505.7926]
  Epoch  4/30:  21%|██████▊                          | 12/58 [00:00<00:03, 13.97it/s, loss=537.0434]
  Epoch  4/30:  24%|███████▉                         | 14/58 [00:00<00:03, 13.58it/s, loss=537.0434]
  Epoch  4/30:  24%|███████▉                         | 14/58 [00:01<00:03, 13.58it/s, loss=492.8092]
  Epoch  4/30:  24%|███████▉                         | 14/58 [00:01<00:03, 13.58it/s, loss=536.3672]
  Epoch  4/30:  28%|█████████                        | 16/58 [00:01<00:02, 14.17it/s, loss=536.3672]
  Epoch  4/30:  28%|█████████                        | 16/58 [00:01<00:02, 14.17it/s, loss=546.1522]
  Epoch  4/30:  28%|█████████                        | 16/58 [00:01<00:02, 14.17it/s, loss=567.7493]
  Epoch  4/30:  31%|██████████▏                      | 18/58 [00:01<00:02, 14.78it/s, loss=567.7493]
  Epoch  4/30:  31%|██████████▏                      | 18/58 [00:01<00:02, 14.78it/s, loss=507.6165]
  Epoch  4/30:  31%|██████████▏                      | 18/58 [00:01<00:02, 14.78it/s, loss=516.9390]
  Epoch  4/30:  34%|███████████▍                     | 20/58 [00:01<00:02, 15.20it/s, loss=516.9390]
  Epoch  4/30:  34%|███████████▍                     | 20/58 [00:01<00:02, 15.20it/s, loss=533.0959]
  Epoch  4/30:  34%|███████████▍                     | 20/58 [00:01<00:02, 15.20it/s, loss=472.1110]
  Epoch  4/30:  38%|████████████▌                    | 22/58 [00:01<00:02, 15.53it/s, loss=472.1110]
  Epoch  4/30:  38%|████████████▌                    | 22/58 [00:01<00:02, 15.53it/s, loss=470.1941]
  Epoch  4/30:  38%|████████████▌                    | 22/58 [00:01<00:02, 15.53it/s, loss=524.2550]
  Epoch  4/30:  41%|█████████████▋                   | 24/58 [00:01<00:02, 16.02it/s, loss=524.2550]
  Epoch  4/30:  41%|█████████████▋                   | 24/58 [00:01<00:02, 16.02it/s, loss=467.8293]
  Epoch  4/30:  41%|█████████████▋                   | 24/58 [00:01<00:02, 16.02it/s, loss=479.3685]
  Epoch  4/30:  45%|██████████████▊                  | 26/58 [00:01<00:02, 15.27it/s, loss=479.3685]
  Epoch  4/30:  45%|██████████████▊                  | 26/58 [00:01<00:02, 15.27it/s, loss=516.3617]
  Epoch  4/30:  45%|██████████████▊                  | 26/58 [00:01<00:02, 15.27it/s, loss=492.7555]
  Epoch  4/30:  48%|███████████████▉                 | 28/58 [00:01<00:01, 15.21it/s, loss=492.7555]
  Epoch  4/30:  48%|███████████████▉                 | 28/58 [00:01<00:01, 15.21it/s, loss=518.5586]
  Epoch  4/30:  48%|███████████████▉                 | 28/58 [00:01<00:01, 15.21it/s, loss=489.3466]
  Epoch  4/30:  52%|█████████████████                | 30/58 [00:01<00:01, 15.86it/s, loss=489.3466]
  Epoch  4/30:  52%|█████████████████                | 30/58 [00:02<00:01, 15.86it/s, loss=442.0613]
  Epoch  4/30:  52%|█████████████████                | 30/58 [00:02<00:01, 15.86it/s, loss=443.2902]
  Epoch  4/30:  55%|██████████████████▏              | 32/58 [00:02<00:01, 15.67it/s, loss=443.2902]
  Epoch  4/30:  55%|██████████████████▏              | 32/58 [00:02<00:01, 15.67it/s, loss=433.6057]
  Epoch  4/30:  55%|██████████████████▏              | 32/58 [00:02<00:01, 15.67it/s, loss=506.8300]
  Epoch  4/30:  59%|███████████████████▎             | 34/58 [00:02<00:01, 15.49it/s, loss=506.8300]
  Epoch  4/30:  59%|███████████████████▎             | 34/58 [00:02<00:01, 15.49it/s, loss=423.8275]
  Epoch  4/30:  59%|███████████████████▎             | 34/58 [00:02<00:01, 15.49it/s, loss=476.7633]
  Epoch  4/30:  62%|████████████████████▍            | 36/58 [00:02<00:01, 15.76it/s, loss=476.7633]
  Epoch  4/30:  62%|████████████████████▍            | 36/58 [00:02<00:01, 15.76it/s, loss=425.7676]
  Epoch  4/30:  62%|████████████████████▍            | 36/58 [00:02<00:01, 15.76it/s, loss=432.9526]
  Epoch  4/30:  66%|█████████████████████▌           | 38/58 [00:02<00:01, 15.45it/s, loss=432.9526]
  Epoch  4/30:  66%|█████████████████████▌           | 38/58 [00:02<00:01, 15.45it/s, loss=427.0453]
  Epoch  4/30:  66%|█████████████████████▌           | 38/58 [00:02<00:01, 15.45it/s, loss=459.5438]
  Epoch  4/30:  69%|██████████████████████▊          | 40/58 [00:02<00:01, 15.65it/s, loss=459.5438]
  Epoch  4/30:  69%|██████████████████████▊          | 40/58 [00:02<00:01, 15.65it/s, loss=375.4208]
  Epoch  4/30:  69%|██████████████████████▊          | 40/58 [00:02<00:01, 15.65it/s, loss=417.9349]
  Epoch  4/30:  72%|███████████████████████▉         | 42/58 [00:02<00:01, 15.59it/s, loss=417.9349]
  Epoch  4/30:  72%|███████████████████████▉         | 42/58 [00:02<00:01, 15.59it/s, loss=439.8985]
  Epoch  4/30:  72%|███████████████████████▉         | 42/58 [00:02<00:01, 15.59it/s, loss=397.0381]
  Epoch  4/30:  76%|█████████████████████████        | 44/58 [00:02<00:00, 15.59it/s, loss=397.0381]
  Epoch  4/30:  76%|█████████████████████████        | 44/58 [00:02<00:00, 15.59it/s, loss=471.7732]
  Epoch  4/30:  76%|█████████████████████████        | 44/58 [00:02<00:00, 15.59it/s, loss=404.0744]
  Epoch  4/30:  79%|██████████████████████████▏      | 46/58 [00:02<00:00, 15.60it/s, loss=404.0744]
  Epoch  4/30:  79%|██████████████████████████▏      | 46/58 [00:03<00:00, 15.60it/s, loss=423.1032]
  Epoch  4/30:  79%|██████████████████████████▏      | 46/58 [00:03<00:00, 15.60it/s, loss=361.6252]
  Epoch  4/30:  83%|███████████████████████████▎     | 48/58 [00:03<00:00, 15.65it/s, loss=361.6252]
  Epoch  4/30:  83%|███████████████████████████▎     | 48/58 [00:03<00:00, 15.65it/s, loss=394.3683]
  Epoch  4/30:  83%|███████████████████████████▎     | 48/58 [00:03<00:00, 15.65it/s, loss=384.2771]
  Epoch  4/30:  86%|████████████████████████████▍    | 50/58 [00:03<00:00, 15.38it/s, loss=384.2771]
  Epoch  4/30:  86%|████████████████████████████▍    | 50/58 [00:03<00:00, 15.38it/s, loss=364.4996]
  Epoch  4/30:  86%|████████████████████████████▍    | 50/58 [00:03<00:00, 15.38it/s, loss=398.1768]
  Epoch  4/30:  90%|█████████████████████████████▌   | 52/58 [00:03<00:00, 15.62it/s, loss=398.1768]
  Epoch  4/30:  90%|█████████████████████████████▌   | 52/58 [00:03<00:00, 15.62it/s, loss=410.1622]
  Epoch  4/30:  90%|█████████████████████████████▌   | 52/58 [00:03<00:00, 15.62it/s, loss=388.7963]
  Epoch  4/30:  93%|██████████████████████████████▋  | 54/58 [00:03<00:00, 15.58it/s, loss=388.7963]
  Epoch  4/30:  93%|██████████████████████████████▋  | 54/58 [00:03<00:00, 15.58it/s, loss=347.5717]
  Epoch  4/30:  93%|██████████████████████████████▋  | 54/58 [00:03<00:00, 15.58it/s, loss=409.0569]
  Epoch  4/30:  97%|███████████████████████████████▊ | 56/58 [00:03<00:00, 15.23it/s, loss=409.0569]
  Epoch  4/30:  97%|███████████████████████████████▊ | 56/58 [00:03<00:00, 15.23it/s, loss=366.4026]
  Epoch  4/30:  97%|███████████████████████████████▊ | 56/58 [00:03<00:00, 15.23it/s, loss=230.1367]
  Epoch  4/30: 100%|█████████████████████████████████| 58/58 [00:03<00:00, 15.81it/s, loss=230.1367]
                                                                                                    

  Epoch  5/30:   0%|                                                         | 0/58 [00:00<?, ?it/s]
  Epoch  5/30:   0%|                                          | 0/58 [00:00<?, ?it/s, loss=399.5309]
  Epoch  5/30:   0%|                                          | 0/58 [00:00<?, ?it/s, loss=407.1910]
  Epoch  5/30:   3%|█▏                                | 2/58 [00:00<00:03, 14.43it/s, loss=407.1910]
  Epoch  5/30:   3%|█▏                                | 2/58 [00:00<00:03, 14.43it/s, loss=376.9770]
  Epoch  5/30:   3%|█▏                                | 2/58 [00:00<00:03, 14.43it/s, loss=389.8962]
  Epoch  5/30:   7%|██▎                               | 4/58 [00:00<00:03, 14.55it/s, loss=389.8962]
  Epoch  5/30:   7%|██▎                               | 4/58 [00:00<00:03, 14.55it/s, loss=332.0768]
  Epoch  5/30:   7%|██▎                               | 4/58 [00:00<00:03, 14.55it/s, loss=311.9678]
  Epoch  5/30:  10%|███▌                              | 6/58 [00:00<00:03, 14.58it/s, loss=311.9678]
  Epoch  5/30:  10%|███▌                              | 6/58 [00:00<00:03, 14.58it/s, loss=308.8705]
  Epoch  5/30:  10%|███▌                              | 6/58 [00:00<00:03, 14.58it/s, loss=370.3149]
  Epoch  5/30:  14%|████▋                             | 8/58 [00:00<00:03, 14.58it/s, loss=370.3149]
  Epoch  5/30:  14%|████▋                             | 8/58 [00:00<00:03, 14.58it/s, loss=357.3943]
  Epoch  5/30:  14%|████▋                             | 8/58 [00:00<00:03, 14.58it/s, loss=328.8686]
  Epoch  5/30:  17%|█████▋                           | 10/58 [00:00<00:03, 14.71it/s, loss=328.8686]
  Epoch  5/30:  17%|█████▋                           | 10/58 [00:00<00:03, 14.71it/s, loss=338.6341]
  Epoch  5/30:  17%|█████▋                           | 10/58 [00:00<00:03, 14.71it/s, loss=304.9782]
  Epoch  5/30:  21%|██████▊                          | 12/58 [00:00<00:03, 14.78it/s, loss=304.9782]
  Epoch  5/30:  21%|██████▊                          | 12/58 [00:00<00:03, 14.78it/s, loss=333.2405]
  Epoch  5/30:  21%|██████▊                          | 12/58 [00:00<00:03, 14.78it/s, loss=363.0836]
  Epoch  5/30:  24%|███████▉                         | 14/58 [00:00<00:02, 15.41it/s, loss=363.0836]
  Epoch  5/30:  24%|███████▉                         | 14/58 [00:01<00:02, 15.41it/s, loss=301.9769]
  Epoch  5/30:  24%|███████▉                         | 14/58 [00:01<00:02, 15.41it/s, loss=333.1418]
  Epoch  5/30:  28%|█████████                        | 16/58 [00:01<00:02, 14.41it/s, loss=333.1418]
  Epoch  5/30:  28%|█████████                        | 16/58 [00:01<00:02, 14.41it/s, loss=344.8752]
  Epoch  5/30:  28%|█████████                        | 16/58 [00:01<00:02, 14.41it/s, loss=388.5878]
  Epoch  5/30:  31%|██████████▏                      | 18/58 [00:01<00:02, 14.83it/s, loss=388.5878]
  Epoch  5/30:  31%|██████████▏                      | 18/58 [00:01<00:02, 14.83it/s, loss=331.1891]
  Epoch  5/30:  31%|██████████▏                      | 18/58 [00:01<00:02, 14.83it/s, loss=327.0259]
  Epoch  5/30:  34%|███████████▍                     | 20/58 [00:01<00:02, 14.79it/s, loss=327.0259]
  Epoch  5/30:  34%|███████████▍                     | 20/58 [00:01<00:02, 14.79it/s, loss=329.6020]
  Epoch  5/30:  34%|███████████▍                     | 20/58 [00:01<00:02, 14.79it/s, loss=321.7908]
  Epoch  5/30:  38%|████████████▌                    | 22/58 [00:01<00:03, 11.59it/s, loss=321.7908]
  Epoch  5/30:  38%|████████████▌                    | 22/58 [00:01<00:03, 11.59it/s, loss=292.9645]
  Epoch  5/30:  38%|████████████▌                    | 22/58 [00:01<00:03, 11.59it/s, loss=287.5996]
  Epoch  5/30:  41%|█████████████▋                   | 24/58 [00:01<00:02, 12.71it/s, loss=287.5996]
  Epoch  5/30:  41%|█████████████▋                   | 24/58 [00:01<00:02, 12.71it/s, loss=310.1348]
  Epoch  5/30:  41%|█████████████▋                   | 24/58 [00:01<00:02, 12.71it/s, loss=277.8577]
  Epoch  5/30:  45%|██████████████▊                  | 26/58 [00:01<00:02, 13.48it/s, loss=277.8577]
  Epoch  5/30:  45%|██████████████▊                  | 26/58 [00:01<00:02, 13.48it/s, loss=282.1144]
  Epoch  5/30:  45%|██████████████▊                  | 26/58 [00:01<00:02, 13.48it/s, loss=275.0117]
  Epoch  5/30:  48%|███████████████▉                 | 28/58 [00:01<00:02, 13.97it/s, loss=275.0117]
  Epoch  5/30:  48%|███████████████▉                 | 28/58 [00:02<00:02, 13.97it/s, loss=285.7823]
  Epoch  5/30:  48%|███████████████▉                 | 28/58 [00:02<00:02, 13.97it/s, loss=269.3861]
  Epoch  5/30:  52%|█████████████████                | 30/58 [00:02<00:01, 14.26it/s, loss=269.3861]
  Epoch  5/30:  52%|█████████████████                | 30/58 [00:02<00:01, 14.26it/s, loss=302.0056]
  Epoch  5/30:  52%|█████████████████                | 30/58 [00:02<00:01, 14.26it/s, loss=273.6364]
  Epoch  5/30:  55%|██████████████████▏              | 32/58 [00:02<00:01, 14.30it/s, loss=273.6364]
  Epoch  5/30:  55%|██████████████████▏              | 32/58 [00:02<00:01, 14.30it/s, loss=274.1347]
  Epoch  5/30:  55%|██████████████████▏              | 32/58 [00:02<00:01, 14.30it/s, loss=262.5780]
  Epoch  5/30:  59%|███████████████████▎             | 34/58 [00:02<00:01, 14.47it/s, loss=262.5780]
  Epoch  5/30:  59%|███████████████████▎             | 34/58 [00:02<00:01, 14.47it/s, loss=285.6859]
  Epoch  5/30:  59%|███████████████████▎             | 34/58 [00:02<00:01, 14.47it/s, loss=264.4847]
  Epoch  5/30:  62%|████████████████████▍            | 36/58 [00:02<00:01, 15.33it/s, loss=264.4847]
  Epoch  5/30:  62%|████████████████████▍            | 36/58 [00:02<00:01, 15.33it/s, loss=242.0246]
  Epoch  5/30:  62%|████████████████████▍            | 36/58 [00:02<00:01, 15.33it/s, loss=294.3063]
  Epoch  5/30:  66%|█████████████████████▌           | 38/58 [00:02<00:01, 15.15it/s, loss=294.3063]
  Epoch  5/30:  66%|█████████████████████▌           | 38/58 [00:02<00:01, 15.15it/s, loss=295.2745]
  Epoch  5/30:  66%|█████████████████████▌           | 38/58 [00:02<00:01, 15.15it/s, loss=232.7348]
  Epoch  5/30:  69%|██████████████████████▊          | 40/58 [00:02<00:01, 15.04it/s, loss=232.7348]
  Epoch  5/30:  69%|██████████████████████▊          | 40/58 [00:02<00:01, 15.04it/s, loss=286.6190]
  Epoch  5/30:  69%|██████████████████████▊          | 40/58 [00:02<00:01, 15.04it/s, loss=288.7304]
  Epoch  5/30:  72%|███████████████████████▉         | 42/58 [00:02<00:01, 15.08it/s, loss=288.7304]
  Epoch  5/30:  72%|███████████████████████▉         | 42/58 [00:02<00:01, 15.08it/s, loss=216.1643]
  Epoch  5/30:  72%|███████████████████████▉         | 42/58 [00:03<00:01, 15.08it/s, loss=243.6487]
  Epoch  5/30:  76%|█████████████████████████        | 44/58 [00:03<00:00, 15.05it/s, loss=243.6487]
  Epoch  5/30:  76%|█████████████████████████        | 44/58 [00:03<00:00, 15.05it/s, loss=251.3046]
  Epoch  5/30:  76%|█████████████████████████        | 44/58 [00:03<00:00, 15.05it/s, loss=234.5280]
  Epoch  5/30:  79%|██████████████████████████▏      | 46/58 [00:03<00:00, 14.92it/s, loss=234.5280]
  Epoch  5/30:  79%|██████████████████████████▏      | 46/58 [00:03<00:00, 14.92it/s, loss=259.7073]
  Epoch  5/30:  79%|██████████████████████████▏      | 46/58 [00:03<00:00, 14.92it/s, loss=252.6458]
  Epoch  5/30:  83%|███████████████████████████▎     | 48/58 [00:03<00:00, 15.08it/s, loss=252.6458]
  Epoch  5/30:  83%|███████████████████████████▎     | 48/58 [00:03<00:00, 15.08it/s, loss=265.5750]
  Epoch  5/30:  83%|███████████████████████████▎     | 48/58 [00:03<00:00, 15.08it/s, loss=250.3140]
  Epoch  5/30:  86%|████████████████████████████▍    | 50/58 [00:03<00:00, 15.63it/s, loss=250.3140]
  Epoch  5/30:  86%|████████████████████████████▍    | 50/58 [00:03<00:00, 15.63it/s, loss=244.3394]
  Epoch  5/30:  86%|████████████████████████████▍    | 50/58 [00:03<00:00, 15.63it/s, loss=229.8285]
  Epoch  5/30:  86%|████████████████████████████▍    | 50/58 [00:03<00:00, 15.63it/s, loss=196.9807]
  Epoch  5/30:  91%|██████████████████████████████▏  | 53/58 [00:03<00:00, 16.99it/s, loss=196.9807]
  Epoch  5/30:  91%|██████████████████████████████▏  | 53/58 [00:03<00:00, 16.99it/s, loss=230.0082]
  Epoch  5/30:  91%|██████████████████████████████▏  | 53/58 [00:03<00:00, 16.99it/s, loss=216.9400]
  Epoch  5/30:  91%|██████████████████████████████▏  | 53/58 [00:03<00:00, 16.99it/s, loss=235.9300]
  Epoch  5/30:  97%|███████████████████████████████▊ | 56/58 [00:03<00:00, 17.47it/s, loss=235.9300]
  Epoch  5/30:  97%|███████████████████████████████▊ | 56/58 [00:03<00:00, 17.47it/s, loss=222.5938]
  Epoch  5/30:  97%|███████████████████████████████▊ | 56/58 [00:03<00:00, 17.47it/s, loss=294.4362]
  Epoch  5/30: 100%|█████████████████████████████████| 58/58 [00:03<00:00, 17.64it/s, loss=294.4362]
                                                                                                    
  Epoch  5/30 │ Loss: 293.6073 │ T+1: -130958.3828 │ T+2: -85403.6797 │ T+3: -264825.5312 ★ NEW BEST

  Epoch  6/30:   0%|                                                         | 0/58 [00:00<?, ?it/s]
  Epoch  6/30:   0%|                                          | 0/58 [00:00<?, ?it/s, loss=238.9853]
  Epoch  6/30:   0%|                                          | 0/58 [00:00<?, ?it/s, loss=202.7445]
  Epoch  6/30:   3%|█▏                                | 2/58 [00:00<00:03, 14.21it/s, loss=202.7445]
  Epoch  6/30:   3%|█▏                                | 2/58 [00:00<00:03, 14.21it/s, loss=226.2483]
  Epoch  6/30:   3%|█▏                                | 2/58 [00:00<00:03, 14.21it/s, loss=227.5064]
  Epoch  6/30:   7%|██▎                               | 4/58 [00:00<00:03, 14.58it/s, loss=227.5064]
  Epoch  6/30:   7%|██▎                               | 4/58 [00:00<00:03, 14.58it/s, loss=223.1557]
  Epoch  6/30:   7%|██▎                               | 4/58 [00:00<00:03, 14.58it/s, loss=222.8574]
  Epoch  6/30:  10%|███▌                              | 6/58 [00:00<00:03, 14.62it/s, loss=222.8574]
  Epoch  6/30:  10%|███▌                              | 6/58 [00:00<00:03, 14.62it/s, loss=218.1514]
  Epoch  6/30:  10%|███▌                              | 6/58 [00:00<00:03, 14.62it/s, loss=207.2710]
  Epoch  6/30:  14%|████▋                             | 8/58 [00:00<00:03, 15.18it/s, loss=207.2710]
  Epoch  6/30:  14%|████▋                             | 8/58 [00:00<00:03, 15.18it/s, loss=196.4370]
  Epoch  6/30:  14%|████▋                             | 8/58 [00:00<00:03, 15.18it/s, loss=211.4442]
  Epoch  6/30:  17%|█████▋                           | 10/58 [00:00<00:03, 15.83it/s, loss=211.4442]
  Epoch  6/30:  17%|█████▋                           | 10/58 [00:00<00:03, 15.83it/s, loss=210.9857]
  Epoch  6/30:  17%|█████▋                           | 10/58 [00:00<00:03, 15.83it/s, loss=234.1523]
  Epoch  6/30:  21%|██████▊                          | 12/58 [00:00<00:02, 15.81it/s, loss=234.1523]
  Epoch  6/30:  21%|██████▊                          | 12/58 [00:00<00:02, 15.81it/s, loss=222.5326]
  Epoch  6/30:  21%|██████▊                          | 12/58 [00:00<00:02, 15.81it/s, loss=197.9214]
  Epoch  6/30:  24%|███████▉                         | 14/58 [00:00<00:02, 15.67it/s, loss=197.9214]
  Epoch  6/30:  24%|███████▉                         | 14/58 [00:00<00:02, 15.67it/s, loss=207.8546]
  Epoch  6/30:  24%|███████▉                         | 14/58 [00:01<00:02, 15.67it/s, loss=200.1416]
  Epoch  6/30:  28%|█████████                        | 16/58 [00:01<00:02, 16.02it/s, loss=200.1416]
  Epoch  6/30:  28%|█████████                        | 16/58 [00:01<00:02, 16.02it/s, loss=185.5683]
  Epoch  6/30:  28%|█████████                        | 16/58 [00:01<00:02, 16.02it/s, loss=196.1670]
  Epoch  6/30:  31%|██████████▏                      | 18/58 [00:01<00:02, 16.49it/s, loss=196.1670]
  Epoch  6/30:  31%|██████████▏                      | 18/58 [00:01<00:02, 16.49it/s, loss=190.2539]
  Epoch  6/30:  31%|██████████▏                      | 18/58 [00:01<00:02, 16.49it/s, loss=201.6712]
  Epoch  6/30:  34%|███████████▍                     | 20/58 [00:01<00:02, 15.78it/s, loss=201.6712]
  Epoch  6/30:  34%|███████████▍                     | 20/58 [00:01<00:02, 15.78it/s, loss=193.0229]
  Epoch  6/30:  34%|███████████▍                     | 20/58 [00:01<00:02, 15.78it/s, loss=209.6534]
  Epoch  6/30:  38%|████████████▌                    | 22/58 [00:01<00:02, 16.11it/s, loss=209.6534]
  Epoch  6/30:  38%|████████████▌                    | 22/58 [00:01<00:02, 16.11it/s, loss=186.8976]
  Epoch  6/30:  38%|████████████▌                    | 22/58 [00:01<00:02, 16.11it/s, loss=194.9567]
  Epoch  6/30:  41%|█████████████▋                   | 24/58 [00:01<00:02, 14.58it/s, loss=194.9567]
  Epoch  6/30:  41%|█████████████▋                   | 24/58 [00:01<00:02, 14.58it/s, loss=179.3038]
  Epoch  6/30:  41%|█████████████▋                   | 24/58 [00:01<00:02, 14.58it/s, loss=188.7389]
  Epoch  6/30:  45%|██████████████▊                  | 26/58 [00:01<00:02, 13.89it/s, loss=188.7389]
  Epoch  6/30:  45%|██████████████▊                  | 26/58 [00:01<00:02, 13.89it/s, loss=187.1671]
  Epoch  6/30:  45%|██████████████▊                  | 26/58 [00:01<00:02, 13.89it/s, loss=187.7677]
  Epoch  6/30:  48%|███████████████▉                 | 28/58 [00:01<00:02, 14.02it/s, loss=187.7677]
  Epoch  6/30:  48%|███████████████▉                 | 28/58 [00:01<00:02, 14.02it/s, loss=188.1465]
  Epoch  6/30:  48%|███████████████▉                 | 28/58 [00:01<00:02, 14.02it/s, loss=163.3848]
  Epoch  6/30:  52%|█████████████████                | 30/58 [00:01<00:01, 14.70it/s, loss=163.3848]
  Epoch  6/30:  52%|█████████████████                | 30/58 [00:02<00:01, 14.70it/s, loss=169.4853]
  Epoch  6/30:  52%|█████████████████                | 30/58 [00:02<00:01, 14.70it/s, loss=184.1349]
  Epoch  6/30:  55%|██████████████████▏              | 32/58 [00:02<00:01, 14.99it/s, loss=184.1349]
  Epoch  6/30:  55%|██████████████████▏              | 32/58 [00:02<00:01, 14.99it/s, loss=168.9153]
  Epoch  6/30:  55%|██████████████████▏              | 32/58 [00:02<00:01, 14.99it/s, loss=174.4598]
  Epoch  6/30:  59%|███████████████████▎             | 34/58 [00:02<00:01, 14.93it/s, loss=174.4598]
  Epoch  6/30:  59%|███████████████████▎             | 34/58 [00:02<00:01, 14.93it/s, loss=157.0473]
  Epoch  6/30:  59%|███████████████████▎             | 34/58 [00:02<00:01, 14.93it/s, loss=163.7446]
  Epoch  6/30:  62%|████████████████████▍            | 36/58 [00:02<00:01, 15.03it/s, loss=163.7446]
  Epoch  6/30:  62%|████████████████████▍            | 36/58 [00:02<00:01, 15.03it/s, loss=170.8304]
  Epoch  6/30:  62%|████████████████████▍            | 36/58 [00:02<00:01, 15.03it/s, loss=167.4486]
  Epoch  6/30:  66%|█████████████████████▌           | 38/58 [00:02<00:01, 15.29it/s, loss=167.4486]
  Epoch  6/30:  66%|█████████████████████▌           | 38/58 [00:02<00:01, 15.29it/s, loss=174.5984]
  Epoch  6/30:  66%|█████████████████████▌           | 38/58 [00:02<00:01, 15.29it/s, loss=142.8080]
  Epoch  6/30:  69%|██████████████████████▊          | 40/58 [00:02<00:01, 15.61it/s, loss=142.8080]
  Epoch  6/30:  69%|██████████████████████▊          | 40/58 [00:02<00:01, 15.61it/s, loss=181.0490]
  Epoch  6/30:  69%|██████████████████████▊          | 40/58 [00:02<00:01, 15.61it/s, loss=154.7784]
  Epoch  6/30:  72%|███████████████████████▉         | 42/58 [00:02<00:01, 15.55it/s, loss=154.7784]
  Epoch  6/30:  72%|███████████████████████▉         | 42/58 [00:02<00:01, 15.55it/s, loss=168.8146]
  Epoch  6/30:  72%|███████████████████████▉         | 42/58 [00:02<00:01, 15.55it/s, loss=165.2910]
  Epoch  6/30:  76%|█████████████████████████        | 44/58 [00:02<00:00, 16.29it/s, loss=165.2910]
  Epoch  6/30:  76%|█████████████████████████        | 44/58 [00:02<00:00, 16.29it/s, loss=165.2246]
  Epoch  6/30:  76%|█████████████████████████        | 44/58 [00:02<00:00, 16.29it/s, loss=146.3485]
  Epoch  6/30:  79%|██████████████████████████▏      | 46/58 [00:02<00:00, 16.69it/s, loss=146.3485]
  Epoch  6/30:  79%|██████████████████████████▏      | 46/58 [00:03<00:00, 16.69it/s, loss=153.0850]
  Epoch  6/30:  79%|██████████████████████████▏      | 46/58 [00:03<00:00, 16.69it/s, loss=148.0900]
  Epoch  6/30:  83%|███████████████████████████▎     | 48/58 [00:03<00:00, 16.64it/s, loss=148.0900]
  Epoch  6/30:  83%|███████████████████████████▎     | 48/58 [00:03<00:00, 16.64it/s, loss=149.1461]
  Epoch  6/30:  83%|███████████████████████████▎     | 48/58 [00:03<00:00, 16.64it/s, loss=150.7190]
  Epoch  6/30:  86%|████████████████████████████▍    | 50/58 [00:03<00:00, 15.86it/s, loss=150.7190]
  Epoch  6/30:  86%|████████████████████████████▍    | 50/58 [00:03<00:00, 15.86it/s, loss=155.0067]
  Epoch  6/30:  86%|████████████████████████████▍    | 50/58 [00:03<00:00, 15.86it/s, loss=138.0131]
  Epoch  6/30:  90%|█████████████████████████████▌   | 52/58 [00:03<00:00, 15.62it/s, loss=138.0131]
  Epoch  6/30:  90%|█████████████████████████████▌   | 52/58 [00:03<00:00, 15.62it/s, loss=157.4200]
  Epoch  6/30:  90%|█████████████████████████████▌   | 52/58 [00:03<00:00, 15.62it/s, loss=162.1323]
  Epoch  6/30:  93%|██████████████████████████████▋  | 54/58 [00:03<00:00, 15.72it/s, loss=162.1323]
  Epoch  6/30:  93%|██████████████████████████████▋  | 54/58 [00:03<00:00, 15.72it/s, loss=142.6124]
  Epoch  6/30:  93%|██████████████████████████████▋  | 54/58 [00:03<00:00, 15.72it/s, loss=148.3198]
  Epoch  6/30:  97%|███████████████████████████████▊ | 56/58 [00:03<00:00, 15.73it/s, loss=148.3198]
  Epoch  6/30:  97%|███████████████████████████████▊ | 56/58 [00:03<00:00, 15.73it/s, loss=144.5473]
  Epoch  6/30:  97%|███████████████████████████████▊ | 56/58 [00:03<00:00, 15.73it/s, loss=204.3693]
                                                                                                    

  Epoch  7/30:   0%|                                                         | 0/58 [00:00<?, ?it/s]
  Epoch  7/30:   0%|                                          | 0/58 [00:00<?, ?it/s, loss=134.2881]
  Epoch  7/30:   0%|                                          | 0/58 [00:00<?, ?it/s, loss=143.1261]
  Epoch  7/30:   3%|█▏                                | 2/58 [00:00<00:03, 14.80it/s, loss=143.1261]
  Epoch  7/30:   3%|█▏                                | 2/58 [00:00<00:03, 14.80it/s, loss=142.3127]
  Epoch  7/30:   3%|█▏                                | 2/58 [00:00<00:03, 14.80it/s, loss=160.1586]
  Epoch  7/30:   7%|██▎                               | 4/58 [00:00<00:03, 15.73it/s, loss=160.1586]
  Epoch  7/30:   7%|██▎                               | 4/58 [00:00<00:03, 15.73it/s, loss=152.8235]
  Epoch  7/30:   7%|██▎                               | 4/58 [00:00<00:03, 15.73it/s, loss=145.1328]
  Epoch  7/30:  10%|███▌                              | 6/58 [00:00<00:03, 16.92it/s, loss=145.1328]
  Epoch  7/30:  10%|███▌                              | 6/58 [00:00<00:03, 16.92it/s, loss=132.6512]
  Epoch  7/30:  10%|███▌                              | 6/58 [00:00<00:03, 16.92it/s, loss=149.1249]
  Epoch  7/30:  14%|████▋                             | 8/58 [00:00<00:02, 16.73it/s, loss=149.1249]
  Epoch  7/30:  14%|████▋                             | 8/58 [00:00<00:02, 16.73it/s, loss=134.7631]
  Epoch  7/30:  14%|████▋                             | 8/58 [00:00<00:02, 16.73it/s, loss=146.5954]
  Epoch  7/30:  17%|█████▋                           | 10/58 [00:00<00:03, 15.67it/s, loss=146.5954]
  Epoch  7/30:  17%|█████▋                           | 10/58 [00:00<00:03, 15.67it/s, loss=130.7737]
  Epoch  7/30:  17%|█████▋                           | 10/58 [00:00<00:03, 15.67it/s, loss=138.2599]
  Epoch  7/30:  21%|██████▊                          | 12/58 [00:00<00:02, 15.38it/s, loss=138.2599]
  Epoch  7/30:  21%|██████▊                          | 12/58 [00:00<00:02, 15.38it/s, loss=131.5516]
  Epoch  7/30:  21%|██████▊                          | 12/58 [00:00<00:02, 15.38it/s, loss=147.5197]
  Epoch  7/30:  24%|███████▉                         | 14/58 [00:00<00:02, 15.05it/s, loss=147.5197]
  Epoch  7/30:  24%|███████▉                         | 14/58 [00:00<00:02, 15.05it/s, loss=125.8931]
  Epoch  7/30:  24%|███████▉                         | 14/58 [00:01<00:02, 15.05it/s, loss=119.5163]
  Epoch  7/30:  28%|█████████                        | 16/58 [00:01<00:02, 16.15it/s, loss=119.5163]
  Epoch  7/30:  28%|█████████                        | 16/58 [00:01<00:02, 16.15it/s, loss=131.7696]
  Epoch  7/30:  28%|█████████                        | 16/58 [00:01<00:02, 16.15it/s, loss=133.0809]
  Epoch  7/30:  31%|██████████▏                      | 18/58 [00:01<00:02, 15.26it/s, loss=133.0809]
  Epoch  7/30:  31%|██████████▏                      | 18/58 [00:01<00:02, 15.26it/s, loss=134.6245]
  Epoch  7/30:  31%|██████████▏                      | 18/58 [00:01<00:02, 15.26it/s, loss=143.4866]
  Epoch  7/30:  34%|███████████▍                     | 20/58 [00:01<00:02, 15.34it/s, loss=143.4866]
  Epoch  7/30:  34%|███████████▍                     | 20/58 [00:01<00:02, 15.34it/s, loss=123.8409]
  Epoch  7/30:  34%|███████████▍                     | 20/58 [00:01<00:02, 15.34it/s, loss=126.2375]
  Epoch  7/30:  38%|████████████▌                    | 22/58 [00:01<00:02, 14.86it/s, loss=126.2375]
  Epoch  7/30:  38%|████████████▌                    | 22/58 [00:01<00:02, 14.86it/s, loss=135.4048]
  Epoch  7/30:  38%|████████████▌                    | 22/58 [00:01<00:02, 14.86it/s, loss=121.9890]
  Epoch  7/30:  41%|█████████████▋                   | 24/58 [00:01<00:02, 15.28it/s, loss=121.9890]
  Epoch  7/30:  41%|█████████████▋                   | 24/58 [00:01<00:02, 15.28it/s, loss=128.3143]
  Epoch  7/30:  41%|█████████████▋                   | 24/58 [00:01<00:02, 15.28it/s, loss=124.9135]
  Epoch  7/30:  45%|██████████████▊                  | 26/58 [00:01<00:02, 14.92it/s, loss=124.9135]
  Epoch  7/30:  45%|██████████████▊                  | 26/58 [00:01<00:02, 14.92it/s, loss=113.9014]
  Epoch  7/30:  45%|██████████████▊                  | 26/58 [00:01<00:02, 14.92it/s, loss=124.2757]
  Epoch  7/30:  48%|███████████████▉                 | 28/58 [00:01<00:01, 15.24it/s, loss=124.2757]
  Epoch  7/30:  48%|███████████████▉                 | 28/58 [00:01<00:01, 15.24it/s, loss=107.5958]
  Epoch  7/30:  48%|███████████████▉                 | 28/58 [00:01<00:01, 15.24it/s, loss=122.2113]
  Epoch  7/30:  52%|█████████████████                | 30/58 [00:01<00:01, 15.33it/s, loss=122.2113]
  Epoch  7/30:  52%|█████████████████                | 30/58 [00:02<00:01, 15.33it/s, loss=115.5738]
  Epoch  7/30:  52%|█████████████████                | 30/58 [00:02<00:01, 15.33it/s, loss=115.7940]
  Epoch  7/30:  55%|██████████████████▏              | 32/58 [00:02<00:01, 15.25it/s, loss=115.7940]
  Epoch  7/30:  55%|██████████████████▏              | 32/58 [00:02<00:01, 15.25it/s, loss=112.0697]
  Epoch  7/30:  55%|██████████████████▏              | 32/58 [00:02<00:01, 15.25it/s, loss=107.1673]
  Epoch  7/30:  59%|███████████████████▎             | 34/58 [00:02<00:01, 14.96it/s, loss=107.1673]
  Epoch  7/30:  59%|███████████████████▎             | 34/58 [00:02<00:01, 14.96it/s, loss=115.7871]
  Epoch  7/30:  59%|███████████████████▎             | 34/58 [00:02<00:01, 14.96it/s, loss=125.9137]
  Epoch  7/30:  62%|████████████████████▍            | 36/58 [00:02<00:01, 15.03it/s, loss=125.9137]
  Epoch  7/30:  62%|████████████████████▍            | 36/58 [00:02<00:01, 15.03it/s, loss=111.8103]
  Epoch  7/30:  62%|████████████████████▍            | 36/58 [00:02<00:01, 15.03it/s, loss=120.5742]
  Epoch  7/30:  66%|█████████████████████▌           | 38/58 [00:02<00:01, 14.85it/s, loss=120.5742]
  Epoch  7/30:  66%|█████████████████████▌           | 38/58 [00:02<00:01, 14.85it/s, loss=114.9650]
  Epoch  7/30:  66%|█████████████████████▌           | 38/58 [00:02<00:01, 14.85it/s, loss=122.5222]
  Epoch  7/30:  69%|██████████████████████▊          | 40/58 [00:02<00:01, 14.93it/s, loss=122.5222]
  Epoch  7/30:  69%|██████████████████████▊          | 40/58 [00:02<00:01, 14.93it/s, loss=112.1959]
  Epoch  7/30:  69%|██████████████████████▊          | 40/58 [00:02<00:01, 14.93it/s, loss=106.9561]
  Epoch  7/30:  72%|███████████████████████▉         | 42/58 [00:02<00:01, 15.07it/s, loss=106.9561]
  Epoch  7/30:  72%|███████████████████████▉         | 42/58 [00:02<00:01, 15.07it/s, loss=115.8377]
  Epoch  7/30:  72%|███████████████████████▉         | 42/58 [00:02<00:01, 15.07it/s, loss=100.7716]
  Epoch  7/30:  76%|█████████████████████████        | 44/58 [00:02<00:00, 15.29it/s, loss=100.7716]
  Epoch  7/30:  76%|█████████████████████████        | 44/58 [00:02<00:00, 15.29it/s, loss=113.3734]
  Epoch  7/30:  76%|█████████████████████████▊        | 44/58 [00:03<00:00, 15.29it/s, loss=99.4349]
  Epoch  7/30:  79%|██████████████████████████▉       | 46/58 [00:03<00:00, 15.36it/s, loss=99.4349]
  Epoch  7/30:  79%|██████████████████████████▏      | 46/58 [00:03<00:00, 15.36it/s, loss=101.6582]
  Epoch  7/30:  79%|██████████████████████████▉       | 46/58 [00:03<00:00, 15.36it/s, loss=99.8549]
  Epoch  7/30:  83%|████████████████████████████▏     | 48/58 [00:03<00:00, 15.98it/s, loss=99.8549]
  Epoch  7/30:  83%|███████████████████████████▎     | 48/58 [00:03<00:00, 15.98it/s, loss=101.2034]
  Epoch  7/30:  83%|███████████████████████████▎     | 48/58 [00:03<00:00, 15.98it/s, loss=107.9836]
  Epoch  7/30:  86%|████████████████████████████▍    | 50/58 [00:03<00:00, 15.47it/s, loss=107.9836]
  Epoch  7/30:  86%|█████████████████████████████▎    | 50/58 [00:03<00:00, 15.47it/s, loss=94.9999]
  Epoch  7/30:  86%|████████████████████████████▍    | 50/58 [00:03<00:00, 15.47it/s, loss=112.2518]
  Epoch  7/30:  90%|█████████████████████████████▌   | 52/58 [00:03<00:00, 15.52it/s, loss=112.2518]
  Epoch  7/30:  90%|█████████████████████████████▌   | 52/58 [00:03<00:00, 15.52it/s, loss=112.4784]
  Epoch  7/30:  90%|██████████████████████████████▍   | 52/58 [00:03<00:00, 15.52it/s, loss=99.3615]
  Epoch  7/30:  93%|███████████████████████████████▋  | 54/58 [00:03<00:00, 15.81it/s, loss=99.3615]
  Epoch  7/30:  93%|███████████████████████████████▋  | 54/58 [00:03<00:00, 15.81it/s, loss=95.1197]
  Epoch  7/30:  93%|███████████████████████████████▋  | 54/58 [00:03<00:00, 15.81it/s, loss=97.5175]
  Epoch  7/30:  97%|████████████████████████████████▊ | 56/58 [00:03<00:00, 16.15it/s, loss=97.5175]
  Epoch  7/30:  97%|███████████████████████████████▊ | 56/58 [00:03<00:00, 16.15it/s, loss=101.5333]
  Epoch  7/30:  97%|███████████████████████████████▊ | 56/58 [00:03<00:00, 16.15it/s, loss=117.6924]
  Epoch  7/30: 100%|█████████████████████████████████| 58/58 [00:03<00:00, 16.23it/s, loss=117.6924]
                                                                                                    

  Epoch  8/30:   0%|                                                         | 0/58 [00:00<?, ?it/s]
  Epoch  8/30:   0%|                                          | 0/58 [00:00<?, ?it/s, loss=106.1825]
  Epoch  8/30:   0%|                                           | 0/58 [00:00<?, ?it/s, loss=97.3119]
  Epoch  8/30:   3%|█▏                                 | 2/58 [00:00<00:03, 17.04it/s, loss=97.3119]
  Epoch  8/30:   3%|█▏                                 | 2/58 [00:00<00:03, 17.04it/s, loss=95.1692]
  Epoch  8/30:   3%|█▏                                 | 2/58 [00:00<00:03, 17.04it/s, loss=95.4935]
  Epoch  8/30:   7%|██▍                                | 4/58 [00:00<00:03, 15.60it/s, loss=95.4935]
  Epoch  8/30:   7%|██▎                               | 4/58 [00:00<00:03, 15.60it/s, loss=105.0043]
  Epoch  8/30:   7%|██▍                                | 4/58 [00:00<00:03, 15.60it/s, loss=94.0410]
  Epoch  8/30:  10%|███▌                               | 6/58 [00:00<00:03, 15.50it/s, loss=94.0410]
  Epoch  8/30:  10%|███▌                               | 6/58 [00:00<00:03, 15.50it/s, loss=92.7003]
  Epoch  8/30:  10%|███▌                               | 6/58 [00:00<00:03, 15.50it/s, loss=84.9967]
  Epoch  8/30:  14%|████▊                              | 8/58 [00:00<00:03, 15.13it/s, loss=84.9967]
  Epoch  8/30:  14%|████▊                              | 8/58 [00:00<00:03, 15.13it/s, loss=84.7355]
  Epoch  8/30:  14%|████▊                              | 8/58 [00:00<00:03, 15.13it/s, loss=91.1623]
  Epoch  8/30:  17%|█████▊                            | 10/58 [00:00<00:03, 15.28it/s, loss=91.1623]
  Epoch  8/30:  17%|█████▊                            | 10/58 [00:00<00:03, 15.28it/s, loss=99.4037]
  Epoch  8/30:  17%|█████▊                            | 10/58 [00:00<00:03, 15.28it/s, loss=74.3794]
  Epoch  8/30:  21%|███████                           | 12/58 [00:00<00:02, 15.56it/s, loss=74.3794]
  Epoch  8/30:  21%|███████                           | 12/58 [00:00<00:02, 15.56it/s, loss=77.3065]
  Epoch  8/30:  21%|███████                           | 12/58 [00:00<00:02, 15.56it/s, loss=93.1475]
  Epoch  8/30:  24%|████████▏                         | 14/58 [00:00<00:02, 15.74it/s, loss=93.1475]
  Epoch  8/30:  24%|████████▏                         | 14/58 [00:00<00:02, 15.74it/s, loss=96.7846]
  Epoch  8/30:  24%|████████▏                         | 14/58 [00:01<00:02, 15.74it/s, loss=93.2174]
  Epoch  8/30:  28%|█████████▍                        | 16/58 [00:01<00:02, 14.92it/s, loss=93.2174]
  Epoch  8/30:  28%|█████████▍                        | 16/58 [00:01<00:02, 14.92it/s, loss=79.5306]
  Epoch  8/30:  28%|█████████▍                        | 16/58 [00:01<00:02, 14.92it/s, loss=74.6753]
  Epoch  8/30:  31%|██████████▌                       | 18/58 [00:01<00:02, 14.98it/s, loss=74.6753]
  Epoch  8/30:  31%|██████████▌                       | 18/58 [00:01<00:02, 14.98it/s, loss=85.2042]
  Epoch  8/30:  31%|██████████▌                       | 18/58 [00:01<00:02, 14.98it/s, loss=82.0514]
  Epoch  8/30:  34%|███████████▋                      | 20/58 [00:01<00:02, 15.44it/s, loss=82.0514]
  Epoch  8/30:  34%|███████████▋                      | 20/58 [00:01<00:02, 15.44it/s, loss=83.1021]
  Epoch  8/30:  34%|███████████▋                      | 20/58 [00:01<00:02, 15.44it/s, loss=88.2053]
  Epoch  8/30:  38%|████████████▉                     | 22/58 [00:01<00:02, 15.43it/s, loss=88.2053]
  Epoch  8/30:  38%|████████████▉                     | 22/58 [00:01<00:02, 15.43it/s, loss=84.9824]
  Epoch  8/30:  38%|████████████▉                     | 22/58 [00:01<00:02, 15.43it/s, loss=86.6607]
  Epoch  8/30:  41%|██████████████                    | 24/58 [00:01<00:02, 15.45it/s, loss=86.6607]
  Epoch  8/30:  41%|██████████████                    | 24/58 [00:01<00:02, 15.45it/s, loss=75.4261]
  Epoch  8/30:  41%|██████████████                    | 24/58 [00:01<00:02, 15.45it/s, loss=77.4564]
  Epoch  8/30:  45%|███████████████▏                  | 26/58 [00:01<00:02, 15.23it/s, loss=77.4564]
  Epoch  8/30:  45%|███████████████▏                  | 26/58 [00:01<00:02, 15.23it/s, loss=76.7916]
  Epoch  8/30:  45%|███████████████▏                  | 26/58 [00:01<00:02, 15.23it/s, loss=78.5224]
  Epoch  8/30:  48%|████████████████▍                 | 28/58 [00:01<00:01, 15.31it/s, loss=78.5224]
  Epoch  8/30:  48%|████████████████▍                 | 28/58 [00:01<00:01, 15.31it/s, loss=81.2416]
  Epoch  8/30:  48%|████████████████▍                 | 28/58 [00:01<00:01, 15.31it/s, loss=74.7188]
  Epoch  8/30:  52%|█████████████████▌                | 30/58 [00:01<00:01, 15.02it/s, loss=74.7188]
  Epoch  8/30:  52%|█████████████████▌                | 30/58 [00:02<00:01, 15.02it/s, loss=84.7922]
  Epoch  8/30:  52%|█████████████████▌                | 30/58 [00:02<00:01, 15.02it/s, loss=79.0105]
  Epoch  8/30:  55%|██████████████████▊               | 32/58 [00:02<00:01, 14.97it/s, loss=79.0105]
  Epoch  8/30:  55%|██████████████████▊               | 32/58 [00:02<00:01, 14.97it/s, loss=76.3507]
  Epoch  8/30:  55%|██████████████████▊               | 32/58 [00:02<00:01, 14.97it/s, loss=77.4366]
  Epoch  8/30:  59%|███████████████████▉              | 34/58 [00:02<00:01, 15.34it/s, loss=77.4366]
  Epoch  8/30:  59%|███████████████████▉              | 34/58 [00:02<00:01, 15.34it/s, loss=85.8958]
  Epoch  8/30:  59%|███████████████████▉              | 34/58 [00:02<00:01, 15.34it/s, loss=76.8526]
  Epoch  8/30:  62%|█████████████████████             | 36/58 [00:02<00:01, 15.64it/s, loss=76.8526]
  Epoch  8/30:  62%|█████████████████████             | 36/58 [00:02<00:01, 15.64it/s, loss=77.9561]
  Epoch  8/30:  62%|█████████████████████             | 36/58 [00:02<00:01, 15.64it/s, loss=71.6840]
  Epoch  8/30:  66%|██████████████████████▎           | 38/58 [00:02<00:01, 15.29it/s, loss=71.6840]
  Epoch  8/30:  66%|██████████████████████▎           | 38/58 [00:02<00:01, 15.29it/s, loss=79.1944]
  Epoch  8/30:  66%|██████████████████████▎           | 38/58 [00:02<00:01, 15.29it/s, loss=77.2416]
  Epoch  8/30:  69%|███████████████████████▍          | 40/58 [00:02<00:01, 16.06it/s, loss=77.2416]
  Epoch  8/30:  69%|███████████████████████▍          | 40/58 [00:02<00:01, 16.06it/s, loss=76.5781]
  Epoch  8/30:  69%|███████████████████████▍          | 40/58 [00:02<00:01, 16.06it/s, loss=74.1336]
  Epoch  8/30:  72%|████████████████████████▌         | 42/58 [00:02<00:00, 16.12it/s, loss=74.1336]
  Epoch  8/30:  72%|████████████████████████▌         | 42/58 [00:02<00:00, 16.12it/s, loss=61.4505]
  Epoch  8/30:  72%|████████████████████████▌         | 42/58 [00:02<00:00, 16.12it/s, loss=74.4714]
  Epoch  8/30:  76%|█████████████████████████▊        | 44/58 [00:02<00:00, 15.90it/s, loss=74.4714]
  Epoch  8/30:  76%|█████████████████████████▊        | 44/58 [00:02<00:00, 15.90it/s, loss=72.1486]
  Epoch  8/30:  76%|█████████████████████████▊        | 44/58 [00:02<00:00, 15.90it/s, loss=71.5824]
  Epoch  8/30:  79%|██████████████████████████▉       | 46/58 [00:02<00:00, 15.81it/s, loss=71.5824]
  Epoch  8/30:  79%|██████████████████████████▉       | 46/58 [00:03<00:00, 15.81it/s, loss=64.5042]
  Epoch  8/30:  79%|██████████████████████████▉       | 46/58 [00:03<00:00, 15.81it/s, loss=72.0194]
  Epoch  8/30:  83%|████████████████████████████▏     | 48/58 [00:03<00:00, 16.18it/s, loss=72.0194]
  Epoch  8/30:  83%|████████████████████████████▏     | 48/58 [00:03<00:00, 16.18it/s, loss=61.8710]
  Epoch  8/30:  83%|████████████████████████████▏     | 48/58 [00:03<00:00, 16.18it/s, loss=68.4445]
  Epoch  8/30:  86%|█████████████████████████████▎    | 50/58 [00:03<00:00, 16.38it/s, loss=68.4445]
  Epoch  8/30:  86%|█████████████████████████████▎    | 50/58 [00:03<00:00, 16.38it/s, loss=67.9985]
  Epoch  8/30:  86%|█████████████████████████████▎    | 50/58 [00:03<00:00, 16.38it/s, loss=67.8864]
  Epoch  8/30:  90%|██████████████████████████████▍   | 52/58 [00:03<00:00, 15.80it/s, loss=67.8864]
  Epoch  8/30:  90%|██████████████████████████████▍   | 52/58 [00:03<00:00, 15.80it/s, loss=71.5474]
  Epoch  8/30:  90%|██████████████████████████████▍   | 52/58 [00:03<00:00, 15.80it/s, loss=58.4412]
  Epoch  8/30:  93%|███████████████████████████████▋  | 54/58 [00:03<00:00, 15.50it/s, loss=58.4412]
  Epoch  8/30:  93%|███████████████████████████████▋  | 54/58 [00:03<00:00, 15.50it/s, loss=66.7915]
  Epoch  8/30:  93%|███████████████████████████████▋  | 54/58 [00:03<00:00, 15.50it/s, loss=66.9361]
  Epoch  8/30:  97%|████████████████████████████████▊ | 56/58 [00:03<00:00, 15.27it/s, loss=66.9361]
  Epoch  8/30:  97%|████████████████████████████████▊ | 56/58 [00:03<00:00, 15.27it/s, loss=59.3867]
  Epoch  8/30:  97%|████████████████████████████████▊ | 56/58 [00:03<00:00, 15.27it/s, loss=44.0807]
  Epoch  8/30: 100%|██████████████████████████████████| 58/58 [00:03<00:00, 16.43it/s, loss=44.0807]
                                                                                                    

  Epoch  9/30:   0%|                                                         | 0/58 [00:00<?, ?it/s]
  Epoch  9/30:   0%|                                           | 0/58 [00:00<?, ?it/s, loss=68.4062]
  Epoch  9/30:   0%|                                           | 0/58 [00:00<?, ?it/s, loss=63.6823]
  Epoch  9/30:   3%|█▏                                 | 2/58 [00:00<00:03, 15.37it/s, loss=63.6823]
  Epoch  9/30:   3%|█▏                                 | 2/58 [00:00<00:03, 15.37it/s, loss=70.2895]
  Epoch  9/30:   3%|█▏                                 | 2/58 [00:00<00:03, 15.37it/s, loss=70.2187]
  Epoch  9/30:   7%|██▍                                | 4/58 [00:00<00:03, 14.53it/s, loss=70.2187]
  Epoch  9/30:   7%|██▍                                | 4/58 [00:00<00:03, 14.53it/s, loss=68.8960]
  Epoch  9/30:   7%|██▍                                | 4/58 [00:00<00:03, 14.53it/s, loss=66.4777]
  Epoch  9/30:  10%|███▌                               | 6/58 [00:00<00:03, 14.83it/s, loss=66.4777]
  Epoch  9/30:  10%|███▌                               | 6/58 [00:00<00:03, 14.83it/s, loss=65.2957]
  Epoch  9/30:  10%|███▌                               | 6/58 [00:00<00:03, 14.83it/s, loss=68.4700]
  Epoch  9/30:  14%|████▊                              | 8/58 [00:00<00:03, 14.65it/s, loss=68.4700]
  Epoch  9/30:  14%|████▊                              | 8/58 [00:00<00:03, 14.65it/s, loss=61.0807]
  Epoch  9/30:  14%|████▊                              | 8/58 [00:00<00:03, 14.65it/s, loss=56.1260]
  Epoch  9/30:  17%|█████▊                            | 10/58 [00:00<00:03, 14.44it/s, loss=56.1260]
  Epoch  9/30:  17%|█████▊                            | 10/58 [00:00<00:03, 14.44it/s, loss=62.1380]
  Epoch  9/30:  17%|█████▊                            | 10/58 [00:00<00:03, 14.44it/s, loss=55.0156]
  Epoch  9/30:  21%|███████                           | 12/58 [00:00<00:03, 14.67it/s, loss=55.0156]
  Epoch  9/30:  21%|███████                           | 12/58 [00:00<00:03, 14.67it/s, loss=55.1320]
  Epoch  9/30:  21%|███████                           | 12/58 [00:00<00:03, 14.67it/s, loss=62.4496]
  Epoch  9/30:  24%|████████▏                         | 14/58 [00:00<00:02, 15.18it/s, loss=62.4496]
  Epoch  9/30:  24%|████████▏                         | 14/58 [00:01<00:02, 15.18it/s, loss=57.4531]
  Epoch  9/30:  24%|████████▏                         | 14/58 [00:01<00:02, 15.18it/s, loss=66.5293]
  Epoch  9/30:  28%|█████████▍                        | 16/58 [00:01<00:02, 15.09it/s, loss=66.5293]
  Epoch  9/30:  28%|█████████▍                        | 16/58 [00:01<00:02, 15.09it/s, loss=57.0184]
  Epoch  9/30:  28%|█████████▍                        | 16/58 [00:01<00:02, 15.09it/s, loss=50.0492]
  Epoch  9/30:  31%|██████████▌                       | 18/58 [00:01<00:02, 15.25it/s, loss=50.0492]
  Epoch  9/30:  31%|██████████▌                       | 18/58 [00:01<00:02, 15.25it/s, loss=63.4961]
  Epoch  9/30:  31%|██████████▌                       | 18/58 [00:01<00:02, 15.25it/s, loss=56.9289]
  Epoch  9/30:  34%|███████████▋                      | 20/58 [00:01<00:02, 15.72it/s, loss=56.9289]
  Epoch  9/30:  34%|███████████▋                      | 20/58 [00:01<00:02, 15.72it/s, loss=60.6326]
  Epoch  9/30:  34%|███████████▋                      | 20/58 [00:01<00:02, 15.72it/s, loss=61.9207]
  Epoch  9/30:  38%|████████████▉                     | 22/58 [00:01<00:02, 15.65it/s, loss=61.9207]
  Epoch  9/30:  38%|████████████▉                     | 22/58 [00:01<00:02, 15.65it/s, loss=53.4010]
  Epoch  9/30:  38%|████████████▉                     | 22/58 [00:01<00:02, 15.65it/s, loss=55.9378]
  Epoch  9/30:  41%|██████████████                    | 24/58 [00:01<00:02, 15.66it/s, loss=55.9378]
  Epoch  9/30:  41%|██████████████                    | 24/58 [00:01<00:02, 15.66it/s, loss=56.9001]
  Epoch  9/30:  41%|██████████████                    | 24/58 [00:01<00:02, 15.66it/s, loss=48.3771]
  Epoch  9/30:  45%|███████████████▏                  | 26/58 [00:01<00:02, 15.44it/s, loss=48.3771]
  Epoch  9/30:  45%|███████████████▏                  | 26/58 [00:01<00:02, 15.44it/s, loss=56.8450]
  Epoch  9/30:  45%|███████████████▏                  | 26/58 [00:01<00:02, 15.44it/s, loss=58.5676]
  Epoch  9/30:  48%|████████████████▍                 | 28/58 [00:01<00:01, 15.27it/s, loss=58.5676]
  Epoch  9/30:  48%|████████████████▍                 | 28/58 [00:01<00:01, 15.27it/s, loss=51.8729]
  Epoch  9/30:  48%|████████████████▍                 | 28/58 [00:01<00:01, 15.27it/s, loss=52.9204]
  Epoch  9/30:  52%|█████████████████▌                | 30/58 [00:01<00:01, 15.35it/s, loss=52.9204]
  Epoch  9/30:  52%|█████████████████▌                | 30/58 [00:02<00:01, 15.35it/s, loss=57.0099]
  Epoch  9/30:  52%|█████████████████▌                | 30/58 [00:02<00:01, 15.35it/s, loss=62.2981]
  Epoch  9/30:  55%|██████████████████▊               | 32/58 [00:02<00:01, 15.26it/s, loss=62.2981]
  Epoch  9/30:  55%|██████████████████▊               | 32/58 [00:02<00:01, 15.26it/s, loss=51.8304]
  Epoch  9/30:  55%|██████████████████▊               | 32/58 [00:02<00:01, 15.26it/s, loss=50.4832]
  Epoch  9/30:  59%|███████████████████▉              | 34/58 [00:02<00:01, 15.42it/s, loss=50.4832]
  Epoch  9/30:  59%|███████████████████▉              | 34/58 [00:02<00:01, 15.42it/s, loss=49.3240]
  Epoch  9/30:  59%|███████████████████▉              | 34/58 [00:02<00:01, 15.42it/s, loss=46.6974]
  Epoch  9/30:  62%|█████████████████████             | 36/58 [00:02<00:01, 15.55it/s, loss=46.6974]
  Epoch  9/30:  62%|█████████████████████             | 36/58 [00:02<00:01, 15.55it/s, loss=50.8168]
  Epoch  9/30:  62%|█████████████████████             | 36/58 [00:02<00:01, 15.55it/s, loss=53.7275]
  Epoch  9/30:  66%|██████████████████████▎           | 38/58 [00:02<00:01, 15.40it/s, loss=53.7275]
  Epoch  9/30:  66%|██████████████████████▎           | 38/58 [00:02<00:01, 15.40it/s, loss=47.9152]
  Epoch  9/30:  66%|██████████████████████▎           | 38/58 [00:02<00:01, 15.40it/s, loss=49.0836]
  Epoch  9/30:  69%|███████████████████████▍          | 40/58 [00:02<00:01, 15.95it/s, loss=49.0836]
  Epoch  9/30:  69%|███████████████████████▍          | 40/58 [00:02<00:01, 15.95it/s, loss=52.6104]
  Epoch  9/30:  69%|███████████████████████▍          | 40/58 [00:02<00:01, 15.95it/s, loss=55.4217]
  Epoch  9/30:  72%|████████████████████████▌         | 42/58 [00:02<00:01, 15.58it/s, loss=55.4217]
  Epoch  9/30:  72%|████████████████████████▌         | 42/58 [00:02<00:01, 15.58it/s, loss=48.1980]
  Epoch  9/30:  72%|████████████████████████▌         | 42/58 [00:02<00:01, 15.58it/s, loss=49.0471]
  Epoch  9/30:  76%|█████████████████████████▊        | 44/58 [00:02<00:00, 15.50it/s, loss=49.0471]
  Epoch  9/30:  76%|█████████████████████████▊        | 44/58 [00:02<00:00, 15.50it/s, loss=51.8830]
  Epoch  9/30:  76%|█████████████████████████▊        | 44/58 [00:03<00:00, 15.50it/s, loss=50.2474]
  Epoch  9/30:  79%|██████████████████████████▉       | 46/58 [00:03<00:00, 14.12it/s, loss=50.2474]
  Epoch  9/30:  79%|██████████████████████████▉       | 46/58 [00:03<00:00, 14.12it/s, loss=49.5416]
  Epoch  9/30:  79%|██████████████████████████▉       | 46/58 [00:03<00:00, 14.12it/s, loss=46.2191]
  Epoch  9/30:  83%|████████████████████████████▏     | 48/58 [00:03<00:00, 14.29it/s, loss=46.2191]
  Epoch  9/30:  83%|████████████████████████████▏     | 48/58 [00:03<00:00, 14.29it/s, loss=54.2024]
  Epoch  9/30:  83%|████████████████████████████▏     | 48/58 [00:03<00:00, 14.29it/s, loss=45.6926]
  Epoch  9/30:  86%|█████████████████████████████▎    | 50/58 [00:03<00:00, 14.36it/s, loss=45.6926]
  Epoch  9/30:  86%|█████████████████████████████▎    | 50/58 [00:03<00:00, 14.36it/s, loss=47.5828]
  Epoch  9/30:  86%|█████████████████████████████▎    | 50/58 [00:03<00:00, 14.36it/s, loss=46.1718]
  Epoch  9/30:  90%|██████████████████████████████▍   | 52/58 [00:03<00:00, 14.63it/s, loss=46.1718]
  Epoch  9/30:  90%|██████████████████████████████▍   | 52/58 [00:03<00:00, 14.63it/s, loss=46.7605]
  Epoch  9/30:  90%|██████████████████████████████▍   | 52/58 [00:03<00:00, 14.63it/s, loss=45.4254]
  Epoch  9/30:  93%|███████████████████████████████▋  | 54/58 [00:03<00:00, 14.80it/s, loss=45.4254]
  Epoch  9/30:  93%|███████████████████████████████▋  | 54/58 [00:03<00:00, 14.80it/s, loss=44.7421]
  Epoch  9/30:  93%|███████████████████████████████▋  | 54/58 [00:03<00:00, 14.80it/s, loss=50.2575]
  Epoch  9/30:  97%|████████████████████████████████▊ | 56/58 [00:03<00:00, 15.04it/s, loss=50.2575]
  Epoch  9/30:  97%|████████████████████████████████▊ | 56/58 [00:03<00:00, 15.04it/s, loss=49.2908]
  Epoch  9/30:  97%|████████████████████████████████▊ | 56/58 [00:03<00:00, 15.04it/s, loss=42.2647]
  Epoch  9/30: 100%|██████████████████████████████████| 58/58 [00:03<00:00, 15.55it/s, loss=42.2647]
                                                                                                    

  Epoch 10/30:   0%|                                                         | 0/58 [00:00<?, ?it/s]
  Epoch 10/30:   0%|                                           | 0/58 [00:00<?, ?it/s, loss=47.4262]
  Epoch 10/30:   0%|                                           | 0/58 [00:00<?, ?it/s, loss=41.0998]
  Epoch 10/30:   3%|█▏                                 | 2/58 [00:00<00:03, 16.64it/s, loss=41.0998]
  Epoch 10/30:   3%|█▏                                 | 2/58 [00:00<00:03, 16.64it/s, loss=39.7145]
  Epoch 10/30:   3%|█▏                                 | 2/58 [00:00<00:03, 16.64it/s, loss=45.1000]
  Epoch 10/30:   7%|██▍                                | 4/58 [00:00<00:03, 16.91it/s, loss=45.1000]
  Epoch 10/30:   7%|██▍                                | 4/58 [00:00<00:03, 16.91it/s, loss=45.0554]
  Epoch 10/30:   7%|██▍                                | 4/58 [00:00<00:03, 16.91it/s, loss=44.2226]
  Epoch 10/30:  10%|███▌                               | 6/58 [00:00<00:03, 15.96it/s, loss=44.2226]
  Epoch 10/30:  10%|███▌                               | 6/58 [00:00<00:03, 15.96it/s, loss=45.3150]
  Epoch 10/30:  10%|███▌                               | 6/58 [00:00<00:03, 15.96it/s, loss=40.4491]
  Epoch 10/30:  14%|████▊                              | 8/58 [00:00<00:03, 15.97it/s, loss=40.4491]
  Epoch 10/30:  14%|████▊                              | 8/58 [00:00<00:03, 15.97it/s, loss=45.1649]
  Epoch 10/30:  14%|████▊                              | 8/58 [00:00<00:03, 15.97it/s, loss=44.6090]
  Epoch 10/30:  17%|█████▊                            | 10/58 [00:00<00:03, 15.61it/s, loss=44.6090]
  Epoch 10/30:  17%|█████▊                            | 10/58 [00:00<00:03, 15.61it/s, loss=39.3862]
  Epoch 10/30:  17%|█████▊                            | 10/58 [00:00<00:03, 15.61it/s, loss=43.4695]
  Epoch 10/30:  21%|███████                           | 12/58 [00:00<00:02, 15.46it/s, loss=43.4695]
  Epoch 10/30:  21%|███████                           | 12/58 [00:00<00:02, 15.46it/s, loss=45.8997]
  Epoch 10/30:  21%|███████                           | 12/58 [00:00<00:02, 15.46it/s, loss=40.3858]
  Epoch 10/30:  24%|████████▏                         | 14/58 [00:00<00:02, 15.65it/s, loss=40.3858]
  Epoch 10/30:  24%|████████▏                         | 14/58 [00:00<00:02, 15.65it/s, loss=33.3370]
  Epoch 10/30:  24%|████████▏                         | 14/58 [00:01<00:02, 15.65it/s, loss=38.0950]
  Epoch 10/30:  28%|█████████▍                        | 16/58 [00:01<00:02, 15.22it/s, loss=38.0950]
  Epoch 10/30:  28%|█████████▍                        | 16/58 [00:01<00:02, 15.22it/s, loss=40.3319]
  Epoch 10/30:  28%|█████████▍                        | 16/58 [00:01<00:02, 15.22it/s, loss=37.4679]
  Epoch 10/30:  31%|██████████▌                       | 18/58 [00:01<00:02, 15.04it/s, loss=37.4679]
  Epoch 10/30:  31%|██████████▌                       | 18/58 [00:01<00:02, 15.04it/s, loss=39.2783]
  Epoch 10/30:  31%|██████████▌                       | 18/58 [00:01<00:02, 15.04it/s, loss=47.4199]
  Epoch 10/30:  34%|███████████▋                      | 20/58 [00:01<00:02, 15.17it/s, loss=47.4199]
  Epoch 10/30:  34%|███████████▋                      | 20/58 [00:01<00:02, 15.17it/s, loss=37.8483]
  Epoch 10/30:  34%|███████████▋                      | 20/58 [00:01<00:02, 15.17it/s, loss=47.6411]
  Epoch 10/30:  38%|████████████▉                     | 22/58 [00:01<00:02, 15.53it/s, loss=47.6411]
  Epoch 10/30:  38%|████████████▉                     | 22/58 [00:01<00:02, 15.53it/s, loss=40.0834]
  Epoch 10/30:  38%|████████████▉                     | 22/58 [00:01<00:02, 15.53it/s, loss=36.5700]
  Epoch 10/30:  41%|██████████████                    | 24/58 [00:01<00:02, 15.63it/s, loss=36.5700]
  Epoch 10/30:  41%|██████████████                    | 24/58 [00:01<00:02, 15.63it/s, loss=39.8993]
  Epoch 10/30:  41%|██████████████                    | 24/58 [00:01<00:02, 15.63it/s, loss=36.8456]
  Epoch 10/30:  45%|███████████████▏                  | 26/58 [00:01<00:02, 15.51it/s, loss=36.8456]
  Epoch 10/30:  45%|███████████████▏                  | 26/58 [00:01<00:02, 15.51it/s, loss=37.2419]
  Epoch 10/30:  45%|███████████████▏                  | 26/58 [00:01<00:02, 15.51it/s, loss=39.5017]
  Epoch 10/30:  48%|████████████████▍                 | 28/58 [00:01<00:01, 15.33it/s, loss=39.5017]
  Epoch 10/30:  48%|████████████████▍                 | 28/58 [00:01<00:01, 15.33it/s, loss=38.8120]
  Epoch 10/30:  48%|████████████████▍                 | 28/58 [00:01<00:01, 15.33it/s, loss=37.4284]
  Epoch 10/30:  52%|█████████████████▌                | 30/58 [00:01<00:01, 15.20it/s, loss=37.4284]
  Epoch 10/30:  52%|█████████████████▌                | 30/58 [00:02<00:01, 15.20it/s, loss=35.3518]
  Epoch 10/30:  52%|█████████████████▌                | 30/58 [00:02<00:01, 15.20it/s, loss=37.6376]
  Epoch 10/30:  55%|██████████████████▊               | 32/58 [00:02<00:01, 15.54it/s, loss=37.6376]
  Epoch 10/30:  55%|██████████████████▊               | 32/58 [00:02<00:01, 15.54it/s, loss=37.7330]
  Epoch 10/30:  55%|██████████████████▊               | 32/58 [00:02<00:01, 15.54it/s, loss=36.7393]
  Epoch 10/30:  59%|███████████████████▉              | 34/58 [00:02<00:01, 15.30it/s, loss=36.7393]
  Epoch 10/30:  59%|███████████████████▉              | 34/58 [00:02<00:01, 15.30it/s, loss=35.6262]
  Epoch 10/30:  59%|███████████████████▉              | 34/58 [00:02<00:01, 15.30it/s, loss=35.8724]
  Epoch 10/30:  62%|█████████████████████             | 36/58 [00:02<00:01, 15.24it/s, loss=35.8724]
  Epoch 10/30:  62%|█████████████████████             | 36/58 [00:02<00:01, 15.24it/s, loss=34.7991]
  Epoch 10/30:  62%|█████████████████████             | 36/58 [00:02<00:01, 15.24it/s, loss=36.7105]
  Epoch 10/30:  66%|██████████████████████▎           | 38/58 [00:02<00:01, 15.21it/s, loss=36.7105]
  Epoch 10/30:  66%|██████████████████████▎           | 38/58 [00:02<00:01, 15.21it/s, loss=30.6807]
  Epoch 10/30:  66%|██████████████████████▎           | 38/58 [00:02<00:01, 15.21it/s, loss=33.0694]
  Epoch 10/30:  69%|███████████████████████▍          | 40/58 [00:02<00:01, 15.62it/s, loss=33.0694]
  Epoch 10/30:  69%|███████████████████████▍          | 40/58 [00:02<00:01, 15.62it/s, loss=32.3312]
  Epoch 10/30:  69%|███████████████████████▍          | 40/58 [00:02<00:01, 15.62it/s, loss=36.7329]
  Epoch 10/30:  72%|████████████████████████▌         | 42/58 [00:02<00:01, 15.15it/s, loss=36.7329]
  Epoch 10/30:  72%|████████████████████████▌         | 42/58 [00:02<00:01, 15.15it/s, loss=38.2197]
  Epoch 10/30:  72%|████████████████████████▌         | 42/58 [00:02<00:01, 15.15it/s, loss=33.9716]
  Epoch 10/30:  76%|█████████████████████████▊        | 44/58 [00:02<00:00, 15.20it/s, loss=33.9716]
  Epoch 10/30:  76%|█████████████████████████▊        | 44/58 [00:02<00:00, 15.20it/s, loss=34.4894]
  Epoch 10/30:  76%|█████████████████████████▊        | 44/58 [00:02<00:00, 15.20it/s, loss=33.0215]
  Epoch 10/30:  79%|██████████████████████████▉       | 46/58 [00:02<00:00, 15.60it/s, loss=33.0215]
  Epoch 10/30:  79%|██████████████████████████▉       | 46/58 [00:03<00:00, 15.60it/s, loss=39.4875]
  Epoch 10/30:  79%|██████████████████████████▉       | 46/58 [00:03<00:00, 15.60it/s, loss=33.6749]
  Epoch 10/30:  83%|████████████████████████████▏     | 48/58 [00:03<00:00, 15.86it/s, loss=33.6749]
  Epoch 10/30:  83%|████████████████████████████▏     | 48/58 [00:03<00:00, 15.86it/s, loss=34.0548]
  Epoch 10/30:  83%|████████████████████████████▏     | 48/58 [00:03<00:00, 15.86it/s, loss=34.8572]
  Epoch 10/30:  86%|█████████████████████████████▎    | 50/58 [00:03<00:00, 15.85it/s, loss=34.8572]
  Epoch 10/30:  86%|█████████████████████████████▎    | 50/58 [00:03<00:00, 15.85it/s, loss=35.7773]
  Epoch 10/30:  86%|█████████████████████████████▎    | 50/58 [00:03<00:00, 15.85it/s, loss=30.1965]
  Epoch 10/30:  90%|██████████████████████████████▍   | 52/58 [00:03<00:00, 15.51it/s, loss=30.1965]
  Epoch 10/30:  90%|██████████████████████████████▍   | 52/58 [00:03<00:00, 15.51it/s, loss=33.5139]
  Epoch 10/30:  90%|██████████████████████████████▍   | 52/58 [00:03<00:00, 15.51it/s, loss=30.0955]
  Epoch 10/30:  93%|███████████████████████████████▋  | 54/58 [00:03<00:00, 15.48it/s, loss=30.0955]
  Epoch 10/30:  93%|███████████████████████████████▋  | 54/58 [00:03<00:00, 15.48it/s, loss=29.0364]
  Epoch 10/30:  93%|███████████████████████████████▋  | 54/58 [00:03<00:00, 15.48it/s, loss=31.2691]
  Epoch 10/30:  97%|████████████████████████████████▊ | 56/58 [00:03<00:00, 16.56it/s, loss=31.2691]
  Epoch 10/30:  97%|████████████████████████████████▊ | 56/58 [00:03<00:00, 16.56it/s, loss=32.8938]
  Epoch 10/30:  97%|████████████████████████████████▊ | 56/58 [00:03<00:00, 16.56it/s, loss=11.8991]
                                                                                                    
  Epoch 10/30 │ Loss: 37.4973 │ T+1: -18655.3848 │ T+2: -5979.9214 │ T+3: -37529.0508 ★ NEW BEST

  Epoch 11/30:   0%|                                                         | 0/58 [00:00<?, ?it/s]
  Epoch 11/30:   0%|                                           | 0/58 [00:00<?, ?it/s, loss=29.1190]
  Epoch 11/30:   0%|                                           | 0/58 [00:00<?, ?it/s, loss=35.3267]
  Epoch 11/30:   0%|                                           | 0/58 [00:00<?, ?it/s, loss=29.8404]
  Epoch 11/30:   5%|█▊                                 | 3/58 [00:00<00:02, 20.11it/s, loss=29.8404]
  Epoch 11/30:   5%|█▊                                 | 3/58 [00:00<00:02, 20.11it/s, loss=30.8823]
  Epoch 11/30:   5%|█▊                                 | 3/58 [00:00<00:02, 20.11it/s, loss=30.2710]
  Epoch 11/30:   5%|█▊                                 | 3/58 [00:00<00:02, 20.11it/s, loss=32.6363]
  Epoch 11/30:  10%|███▌                               | 6/58 [00:00<00:02, 18.46it/s, loss=32.6363]
  Epoch 11/30:  10%|███▌                               | 6/58 [00:00<00:02, 18.46it/s, loss=31.3405]
  Epoch 11/30:  10%|███▌                               | 6/58 [00:00<00:02, 18.46it/s, loss=30.2697]
  Epoch 11/30:  14%|████▊                              | 8/58 [00:00<00:02, 18.28it/s, loss=30.2697]
  Epoch 11/30:  14%|████▊                              | 8/58 [00:00<00:02, 18.28it/s, loss=28.9649]
  Epoch 11/30:  14%|████▊                              | 8/58 [00:00<00:02, 18.28it/s, loss=24.9383]
  Epoch 11/30:  17%|█████▊                            | 10/58 [00:00<00:02, 17.81it/s, loss=24.9383]
  Epoch 11/30:  17%|█████▊                            | 10/58 [00:00<00:02, 17.81it/s, loss=28.6081]
  Epoch 11/30:  17%|█████▊                            | 10/58 [00:00<00:02, 17.81it/s, loss=32.5575]
  Epoch 11/30:  21%|███████                           | 12/58 [00:00<00:02, 18.06it/s, loss=32.5575]
  Epoch 11/30:  21%|███████                           | 12/58 [00:00<00:02, 18.06it/s, loss=32.1833]
  Epoch 11/30:  21%|███████                           | 12/58 [00:00<00:02, 18.06it/s, loss=31.3058]
  Epoch 11/30:  21%|███████                           | 12/58 [00:00<00:02, 18.06it/s, loss=30.1702]
  Epoch 11/30:  26%|████████▊                         | 15/58 [00:00<00:02, 19.16it/s, loss=30.1702]
  Epoch 11/30:  26%|████████▊                         | 15/58 [00:00<00:02, 19.16it/s, loss=27.8928]
  Epoch 11/30:  26%|████████▊                         | 15/58 [00:00<00:02, 19.16it/s, loss=30.2776]
  Epoch 11/30:  29%|█████████▉                        | 17/58 [00:00<00:02, 18.94it/s, loss=30.2776]
  Epoch 11/30:  29%|█████████▉                        | 17/58 [00:00<00:02, 18.94it/s, loss=27.3913]
  Epoch 11/30:  29%|█████████▉                        | 17/58 [00:00<00:02, 18.94it/s, loss=28.9365]
  Epoch 11/30:  29%|█████████▉                        | 17/58 [00:01<00:02, 18.94it/s, loss=27.3788]
  Epoch 11/30:  34%|███████████▋                      | 20/58 [00:01<00:01, 20.49it/s, loss=27.3788]
  Epoch 11/30:  34%|███████████▋                      | 20/58 [00:01<00:01, 20.49it/s, loss=25.8507]
  Epoch 11/30:  34%|███████████▋                      | 20/58 [00:01<00:01, 20.49it/s, loss=25.6156]
  Epoch 11/30:  34%|███████████▋                      | 20/58 [00:01<00:01, 20.49it/s, loss=26.9234]
  Epoch 11/30:  40%|█████████████▍                    | 23/58 [00:01<00:01, 19.60it/s, loss=26.9234]
  Epoch 11/30:  40%|█████████████▍                    | 23/58 [00:01<00:01, 19.60it/s, loss=25.9217]
  Epoch 11/30:  40%|█████████████▍                    | 23/58 [00:01<00:01, 19.60it/s, loss=28.0599]
  Epoch 11/30:  43%|██████████████▋                   | 25/58 [00:01<00:01, 17.67it/s, loss=28.0599]
  Epoch 11/30:  43%|██████████████▋                   | 25/58 [00:01<00:01, 17.67it/s, loss=25.4760]
  Epoch 11/30:  43%|██████████████▋                   | 25/58 [00:01<00:01, 17.67it/s, loss=26.1664]
  Epoch 11/30:  47%|███████████████▊                  | 27/58 [00:01<00:01, 17.19it/s, loss=26.1664]
  Epoch 11/30:  47%|███████████████▊                  | 27/58 [00:01<00:01, 17.19it/s, loss=27.3845]
  Epoch 11/30:  47%|███████████████▊                  | 27/58 [00:01<00:01, 17.19it/s, loss=26.6050]
  Epoch 11/30:  50%|█████████████████                 | 29/58 [00:01<00:01, 16.68it/s, loss=26.6050]
  Epoch 11/30:  50%|█████████████████                 | 29/58 [00:01<00:01, 16.68it/s, loss=25.5488]
  Epoch 11/30:  50%|█████████████████                 | 29/58 [00:01<00:01, 16.68it/s, loss=25.1841]
  Epoch 11/30:  53%|██████████████████▏               | 31/58 [00:01<00:01, 16.77it/s, loss=25.1841]
  Epoch 11/30:  53%|██████████████████▏               | 31/58 [00:01<00:01, 16.77it/s, loss=25.4187]
  Epoch 11/30:  53%|██████████████████▏               | 31/58 [00:01<00:01, 16.77it/s, loss=25.8306]
  Epoch 11/30:  57%|███████████████████▎              | 33/58 [00:01<00:01, 16.54it/s, loss=25.8306]
  Epoch 11/30:  57%|███████████████████▎              | 33/58 [00:01<00:01, 16.54it/s, loss=25.0532]
  Epoch 11/30:  57%|███████████████████▎              | 33/58 [00:01<00:01, 16.54it/s, loss=24.1108]
  Epoch 11/30:  60%|████████████████████▌             | 35/58 [00:01<00:01, 16.51it/s, loss=24.1108]
  Epoch 11/30:  60%|████████████████████▌             | 35/58 [00:02<00:01, 16.51it/s, loss=26.5556]
  Epoch 11/30:  60%|████████████████████▌             | 35/58 [00:02<00:01, 16.51it/s, loss=24.2361]
  Epoch 11/30:  64%|█████████████████████▋            | 37/58 [00:02<00:01, 16.08it/s, loss=24.2361]
  Epoch 11/30:  64%|█████████████████████▋            | 37/58 [00:02<00:01, 16.08it/s, loss=21.4118]
  Epoch 11/30:  64%|█████████████████████▋            | 37/58 [00:02<00:01, 16.08it/s, loss=25.9911]
  Epoch 11/30:  67%|██████████████████████▊           | 39/58 [00:02<00:01, 16.34it/s, loss=25.9911]
  Epoch 11/30:  67%|██████████████████████▊           | 39/58 [00:02<00:01, 16.34it/s, loss=23.4675]
  Epoch 11/30:  67%|██████████████████████▊           | 39/58 [00:02<00:01, 16.34it/s, loss=23.9177]
  Epoch 11/30:  71%|████████████████████████          | 41/58 [00:02<00:01, 13.00it/s, loss=23.9177]
  Epoch 11/30:  71%|████████████████████████          | 41/58 [00:02<00:01, 13.00it/s, loss=23.4885]
  Epoch 11/30:  71%|████████████████████████          | 41/58 [00:02<00:01, 13.00it/s, loss=28.7067]
  Epoch 11/30:  74%|█████████████████████████▏        | 43/58 [00:02<00:01, 13.74it/s, loss=28.7067]
  Epoch 11/30:  74%|█████████████████████████▏        | 43/58 [00:02<00:01, 13.74it/s, loss=21.2030]
  Epoch 11/30:  74%|█████████████████████████▏        | 43/58 [00:02<00:01, 13.74it/s, loss=26.4036]
  Epoch 11/30:  78%|██████████████████████████▍       | 45/58 [00:02<00:00, 14.02it/s, loss=26.4036]
  Epoch 11/30:  78%|██████████████████████████▍       | 45/58 [00:02<00:00, 14.02it/s, loss=26.5296]
  Epoch 11/30:  78%|██████████████████████████▍       | 45/58 [00:02<00:00, 14.02it/s, loss=22.9519]
  Epoch 11/30:  81%|███████████████████████████▌      | 47/58 [00:02<00:00, 14.40it/s, loss=22.9519]
  Epoch 11/30:  81%|███████████████████████████▌      | 47/58 [00:02<00:00, 14.40it/s, loss=22.4652]
  Epoch 11/30:  81%|███████████████████████████▌      | 47/58 [00:02<00:00, 14.40it/s, loss=23.0781]
  Epoch 11/30:  84%|████████████████████████████▋     | 49/58 [00:02<00:00, 15.04it/s, loss=23.0781]
  Epoch 11/30:  84%|████████████████████████████▋     | 49/58 [00:03<00:00, 15.04it/s, loss=25.7620]
  Epoch 11/30:  84%|████████████████████████████▋     | 49/58 [00:03<00:00, 15.04it/s, loss=23.4468]
  Epoch 11/30:  88%|█████████████████████████████▉    | 51/58 [00:03<00:00, 15.03it/s, loss=23.4468]
  Epoch 11/30:  88%|█████████████████████████████▉    | 51/58 [00:03<00:00, 15.03it/s, loss=23.5288]
  Epoch 11/30:  88%|█████████████████████████████▉    | 51/58 [00:03<00:00, 15.03it/s, loss=21.7375]
  Epoch 11/30:  91%|███████████████████████████████   | 53/58 [00:03<00:00, 15.12it/s, loss=21.7375]
  Epoch 11/30:  91%|███████████████████████████████   | 53/58 [00:03<00:00, 15.12it/s, loss=22.3307]
  Epoch 11/30:  91%|███████████████████████████████   | 53/58 [00:03<00:00, 15.12it/s, loss=23.0846]
  Epoch 11/30:  95%|████████████████████████████████▏ | 55/58 [00:03<00:00, 15.06it/s, loss=23.0846]
  Epoch 11/30:  95%|████████████████████████████████▏ | 55/58 [00:03<00:00, 15.06it/s, loss=20.9457]
  Epoch 11/30:  95%|████████████████████████████████▏ | 55/58 [00:03<00:00, 15.06it/s, loss=22.0520]
  Epoch 11/30:  98%|█████████████████████████████████▍| 57/58 [00:03<00:00, 14.93it/s, loss=22.0520]
  Epoch 11/30:  98%|█████████████████████████████████▍| 57/58 [00:03<00:00, 14.93it/s, loss=19.9382]
                                                                                                    

  Epoch 12/30:   0%|                                                         | 0/58 [00:00<?, ?it/s]
  Epoch 12/30:   0%|                                           | 0/58 [00:00<?, ?it/s, loss=21.3441]
  Epoch 12/30:   0%|                                           | 0/58 [00:00<?, ?it/s, loss=21.6442]
  Epoch 12/30:   3%|█▏                                 | 2/58 [00:00<00:03, 15.20it/s, loss=21.6442]
  Epoch 12/30:   3%|█▏                                 | 2/58 [00:00<00:03, 15.20it/s, loss=22.6179]
  Epoch 12/30:   3%|█▏                                 | 2/58 [00:00<00:03, 15.20it/s, loss=22.2279]
  Epoch 12/30:   7%|██▍                                | 4/58 [00:00<00:03, 15.27it/s, loss=22.2279]
  Epoch 12/30:   7%|██▍                                | 4/58 [00:00<00:03, 15.27it/s, loss=19.9093]
  Epoch 12/30:   7%|██▍                                | 4/58 [00:00<00:03, 15.27it/s, loss=20.1874]
  Epoch 12/30:  10%|███▌                               | 6/58 [00:00<00:03, 15.74it/s, loss=20.1874]
  Epoch 12/30:  10%|███▌                               | 6/58 [00:00<00:03, 15.74it/s, loss=20.0393]
  Epoch 12/30:  10%|███▌                               | 6/58 [00:00<00:03, 15.74it/s, loss=20.3204]
  Epoch 12/30:  14%|████▊                              | 8/58 [00:00<00:03, 15.32it/s, loss=20.3204]
  Epoch 12/30:  14%|████▊                              | 8/58 [00:00<00:03, 15.32it/s, loss=21.3112]
  Epoch 12/30:  14%|████▊                              | 8/58 [00:00<00:03, 15.32it/s, loss=21.1593]
  Epoch 12/30:  17%|█████▊                            | 10/58 [00:00<00:03, 14.95it/s, loss=21.1593]
  Epoch 12/30:  17%|█████▊                            | 10/58 [00:00<00:03, 14.95it/s, loss=20.2108]
  Epoch 12/30:  17%|█████▊                            | 10/58 [00:00<00:03, 14.95it/s, loss=19.0201]
  Epoch 12/30:  21%|███████                           | 12/58 [00:00<00:02, 15.38it/s, loss=19.0201]
  Epoch 12/30:  21%|███████                           | 12/58 [00:00<00:02, 15.38it/s, loss=18.7656]
  Epoch 12/30:  21%|███████                           | 12/58 [00:00<00:02, 15.38it/s, loss=20.2818]
  Epoch 12/30:  24%|████████▏                         | 14/58 [00:00<00:02, 15.44it/s, loss=20.2818]
  Epoch 12/30:  24%|████████▏                         | 14/58 [00:00<00:02, 15.44it/s, loss=19.6003]
  Epoch 12/30:  24%|████████▏                         | 14/58 [00:01<00:02, 15.44it/s, loss=22.0626]
  Epoch 12/30:  28%|█████████▍                        | 16/58 [00:01<00:02, 15.00it/s, loss=22.0626]
  Epoch 12/30:  28%|█████████▍                        | 16/58 [00:01<00:02, 15.00it/s, loss=20.3290]
  Epoch 12/30:  28%|█████████▍                        | 16/58 [00:01<00:02, 15.00it/s, loss=19.7795]
  Epoch 12/30:  31%|██████████▌                       | 18/58 [00:01<00:02, 15.08it/s, loss=19.7795]
  Epoch 12/30:  31%|██████████▌                       | 18/58 [00:01<00:02, 15.08it/s, loss=21.8040]
  Epoch 12/30:  31%|██████████▌                       | 18/58 [00:01<00:02, 15.08it/s, loss=18.2472]
  Epoch 12/30:  34%|███████████▋                      | 20/58 [00:01<00:02, 15.36it/s, loss=18.2472]
  Epoch 12/30:  34%|███████████▋                      | 20/58 [00:01<00:02, 15.36it/s, loss=19.5098]
  Epoch 12/30:  34%|███████████▋                      | 20/58 [00:01<00:02, 15.36it/s, loss=18.7565]
  Epoch 12/30:  38%|████████████▉                     | 22/58 [00:01<00:02, 15.46it/s, loss=18.7565]
  Epoch 12/30:  38%|████████████▉                     | 22/58 [00:01<00:02, 15.46it/s, loss=22.4518]
  Epoch 12/30:  38%|████████████▉                     | 22/58 [00:01<00:02, 15.46it/s, loss=18.6580]
  Epoch 12/30:  41%|██████████████                    | 24/58 [00:01<00:02, 16.28it/s, loss=18.6580]
  Epoch 12/30:  41%|██████████████                    | 24/58 [00:01<00:02, 16.28it/s, loss=17.9366]
  Epoch 12/30:  41%|██████████████                    | 24/58 [00:01<00:02, 16.28it/s, loss=16.3405]
  Epoch 12/30:  45%|███████████████▏                  | 26/58 [00:01<00:02, 15.43it/s, loss=16.3405]
  Epoch 12/30:  45%|███████████████▏                  | 26/58 [00:01<00:02, 15.43it/s, loss=17.1487]
  Epoch 12/30:  45%|███████████████▏                  | 26/58 [00:01<00:02, 15.43it/s, loss=20.0232]
  Epoch 12/30:  48%|████████████████▍                 | 28/58 [00:01<00:01, 16.04it/s, loss=20.0232]
  Epoch 12/30:  48%|████████████████▍                 | 28/58 [00:01<00:01, 16.04it/s, loss=17.7145]
  Epoch 12/30:  48%|████████████████▍                 | 28/58 [00:01<00:01, 16.04it/s, loss=17.2974]
  Epoch 12/30:  52%|█████████████████▌                | 30/58 [00:01<00:01, 15.25it/s, loss=17.2974]
  Epoch 12/30:  52%|█████████████████▌                | 30/58 [00:02<00:01, 15.25it/s, loss=18.4186]
  Epoch 12/30:  52%|█████████████████▌                | 30/58 [00:02<00:01, 15.25it/s, loss=17.9626]
  Epoch 12/30:  55%|██████████████████▊               | 32/58 [00:02<00:01, 15.11it/s, loss=17.9626]
  Epoch 12/30:  55%|██████████████████▊               | 32/58 [00:02<00:01, 15.11it/s, loss=15.5460]
  Epoch 12/30:  55%|██████████████████▊               | 32/58 [00:02<00:01, 15.11it/s, loss=19.0280]
  Epoch 12/30:  59%|███████████████████▉              | 34/58 [00:02<00:01, 15.39it/s, loss=19.0280]
  Epoch 12/30:  59%|███████████████████▉              | 34/58 [00:02<00:01, 15.39it/s, loss=16.8659]
  Epoch 12/30:  59%|███████████████████▉              | 34/58 [00:02<00:01, 15.39it/s, loss=18.9163]
  Epoch 12/30:  62%|█████████████████████             | 36/58 [00:02<00:01, 16.04it/s, loss=18.9163]
  Epoch 12/30:  62%|█████████████████████             | 36/58 [00:02<00:01, 16.04it/s, loss=18.0986]
  Epoch 12/30:  62%|█████████████████████             | 36/58 [00:02<00:01, 16.04it/s, loss=18.0395]
  Epoch 12/30:  62%|█████████████████████             | 36/58 [00:02<00:01, 16.04it/s, loss=17.3555]
  Epoch 12/30:  67%|██████████████████████▊           | 39/58 [00:02<00:01, 17.17it/s, loss=17.3555]
  Epoch 12/30:  67%|██████████████████████▊           | 39/58 [00:02<00:01, 17.17it/s, loss=17.9812]
  Epoch 12/30:  67%|██████████████████████▊           | 39/58 [00:02<00:01, 17.17it/s, loss=15.3687]
  Epoch 12/30:  71%|████████████████████████          | 41/58 [00:02<00:00, 17.65it/s, loss=15.3687]
  Epoch 12/30:  71%|████████████████████████          | 41/58 [00:02<00:00, 17.65it/s, loss=17.1059]
  Epoch 12/30:  71%|████████████████████████          | 41/58 [00:02<00:00, 17.65it/s, loss=16.6240]
  Epoch 12/30:  74%|█████████████████████████▏        | 43/58 [00:02<00:00, 18.17it/s, loss=16.6240]
  Epoch 12/30:  74%|█████████████████████████▏        | 43/58 [00:02<00:00, 18.17it/s, loss=19.3157]
  Epoch 12/30:  74%|█████████████████████████▏        | 43/58 [00:02<00:00, 18.17it/s, loss=17.1294]
  Epoch 12/30:  74%|█████████████████████████▏        | 43/58 [00:02<00:00, 18.17it/s, loss=16.1086]
  Epoch 12/30:  79%|██████████████████████████▉       | 46/58 [00:02<00:00, 19.29it/s, loss=16.1086]
  Epoch 12/30:  79%|██████████████████████████▉       | 46/58 [00:02<00:00, 19.29it/s, loss=18.3312]
  Epoch 12/30:  79%|██████████████████████████▉       | 46/58 [00:02<00:00, 19.29it/s, loss=14.9803]
  Epoch 12/30:  83%|████████████████████████████▏     | 48/58 [00:02<00:00, 19.34it/s, loss=14.9803]
  Epoch 12/30:  83%|████████████████████████████▏     | 48/58 [00:02<00:00, 19.34it/s, loss=18.2285]
  Epoch 12/30:  83%|████████████████████████████▏     | 48/58 [00:03<00:00, 19.34it/s, loss=17.5050]
  Epoch 12/30:  86%|█████████████████████████████▎    | 50/58 [00:03<00:00, 19.01it/s, loss=17.5050]
  Epoch 12/30:  86%|█████████████████████████████▎    | 50/58 [00:03<00:00, 19.01it/s, loss=17.9420]
  Epoch 12/30:  86%|█████████████████████████████▎    | 50/58 [00:03<00:00, 19.01it/s, loss=15.0672]
  Epoch 12/30:  86%|█████████████████████████████▎    | 50/58 [00:03<00:00, 19.01it/s, loss=16.7355]
  Epoch 12/30:  91%|███████████████████████████████   | 53/58 [00:03<00:00, 19.57it/s, loss=16.7355]
  Epoch 12/30:  91%|███████████████████████████████   | 53/58 [00:03<00:00, 19.57it/s, loss=17.1533]
  Epoch 12/30:  91%|███████████████████████████████   | 53/58 [00:03<00:00, 19.57it/s, loss=15.7646]
  Epoch 12/30:  91%|███████████████████████████████   | 53/58 [00:03<00:00, 19.57it/s, loss=16.0521]
  Epoch 12/30:  97%|████████████████████████████████▊ | 56/58 [00:03<00:00, 20.01it/s, loss=16.0521]
  Epoch 12/30:  97%|████████████████████████████████▊ | 56/58 [00:03<00:00, 20.01it/s, loss=14.7449]
  Epoch 12/30:  97%|████████████████████████████████▊ | 56/58 [00:03<00:00, 20.01it/s, loss=26.4454]
                                                                                                    

  Epoch 13/30:   0%|                                                         | 0/58 [00:00<?, ?it/s]
  Epoch 13/30:   0%|                                           | 0/58 [00:00<?, ?it/s, loss=14.8199]
  Epoch 13/30:   0%|                                           | 0/58 [00:00<?, ?it/s, loss=15.2629]
  Epoch 13/30:   3%|█▏                                 | 2/58 [00:00<00:02, 19.51it/s, loss=15.2629]
  Epoch 13/30:   3%|█▏                                 | 2/58 [00:00<00:02, 19.51it/s, loss=16.2030]
  Epoch 13/30:   3%|█▏                                 | 2/58 [00:00<00:02, 19.51it/s, loss=14.3327]
  Epoch 13/30:   7%|██▍                                | 4/58 [00:00<00:03, 17.41it/s, loss=14.3327]
  Epoch 13/30:   7%|██▍                                | 4/58 [00:00<00:03, 17.41it/s, loss=16.3919]
  Epoch 13/30:   7%|██▍                                | 4/58 [00:00<00:03, 17.41it/s, loss=14.3700]
  Epoch 13/30:  10%|███▌                               | 6/58 [00:00<00:02, 17.84it/s, loss=14.3700]
  Epoch 13/30:  10%|███▌                               | 6/58 [00:00<00:02, 17.84it/s, loss=15.4641]
  Epoch 13/30:  10%|███▌                               | 6/58 [00:00<00:02, 17.84it/s, loss=14.4639]
  Epoch 13/30:  10%|███▌                               | 6/58 [00:00<00:02, 17.84it/s, loss=15.4284]
  Epoch 13/30:  16%|█████▍                             | 9/58 [00:00<00:02, 19.91it/s, loss=15.4284]
  Epoch 13/30:  16%|█████▍                             | 9/58 [00:00<00:02, 19.91it/s, loss=15.3686]
  Epoch 13/30:  16%|█████▍                             | 9/58 [00:00<00:02, 19.91it/s, loss=14.3738]
  Epoch 13/30:  16%|█████▍                             | 9/58 [00:00<00:02, 19.91it/s, loss=13.9543]
  Epoch 13/30:  21%|███████                           | 12/58 [00:00<00:02, 20.28it/s, loss=13.9543]
  Epoch 13/30:  21%|███████                           | 12/58 [00:00<00:02, 20.28it/s, loss=13.0232]
  Epoch 13/30:  21%|███████                           | 12/58 [00:00<00:02, 20.28it/s, loss=14.5373]
  Epoch 13/30:  21%|███████                           | 12/58 [00:00<00:02, 20.28it/s, loss=14.6296]
  Epoch 13/30:  26%|████████▊                         | 15/58 [00:00<00:02, 19.84it/s, loss=14.6296]
  Epoch 13/30:  26%|████████▊                         | 15/58 [00:00<00:02, 19.84it/s, loss=14.9185]
  Epoch 13/30:  26%|████████▊                         | 15/58 [00:00<00:02, 19.84it/s, loss=14.3090]
  Epoch 13/30:  29%|█████████▉                        | 17/58 [00:00<00:02, 19.86it/s, loss=14.3090]
  Epoch 13/30:  29%|█████████▉                        | 17/58 [00:00<00:02, 19.86it/s, loss=12.2619]
  Epoch 13/30:  29%|█████████▉                        | 17/58 [00:00<00:02, 19.86it/s, loss=14.6387]
  Epoch 13/30:  33%|███████████▏                      | 19/58 [00:00<00:02, 18.54it/s, loss=14.6387]
  Epoch 13/30:  33%|███████████▏                      | 19/58 [00:01<00:02, 18.54it/s, loss=12.9783]
  Epoch 13/30:  33%|███████████▏                      | 19/58 [00:01<00:02, 18.54it/s, loss=12.9694]
  Epoch 13/30:  36%|████████████▎                     | 21/58 [00:01<00:02, 16.92it/s, loss=12.9694]
  Epoch 13/30:  36%|████████████▎                     | 21/58 [00:01<00:02, 16.92it/s, loss=11.5582]
  Epoch 13/30:  36%|████████████▎                     | 21/58 [00:01<00:02, 16.92it/s, loss=14.2815]
  Epoch 13/30:  40%|█████████████▍                    | 23/58 [00:01<00:02, 15.74it/s, loss=14.2815]
  Epoch 13/30:  40%|█████████████▍                    | 23/58 [00:01<00:02, 15.74it/s, loss=14.8582]
  Epoch 13/30:  40%|█████████████▍                    | 23/58 [00:01<00:02, 15.74it/s, loss=13.0980]
  Epoch 13/30:  43%|██████████████▋                   | 25/58 [00:01<00:02, 15.96it/s, loss=13.0980]
  Epoch 13/30:  43%|██████████████▋                   | 25/58 [00:01<00:02, 15.96it/s, loss=12.0636]
  Epoch 13/30:  43%|██████████████▋                   | 25/58 [00:01<00:02, 15.96it/s, loss=14.7687]
  Epoch 13/30:  43%|██████████████▋                   | 25/58 [00:01<00:02, 15.96it/s, loss=13.5426]
  Epoch 13/30:  48%|████████████████▍                 | 28/58 [00:01<00:01, 17.93it/s, loss=13.5426]
  Epoch 13/30:  48%|████████████████▍                 | 28/58 [00:01<00:01, 17.93it/s, loss=12.2374]
  Epoch 13/30:  48%|████████████████▍                 | 28/58 [00:01<00:01, 17.93it/s, loss=13.6653]
  Epoch 13/30:  48%|████████████████▍                 | 28/58 [00:01<00:01, 17.93it/s, loss=11.8961]
  Epoch 13/30:  53%|██████████████████▏               | 31/58 [00:01<00:01, 18.59it/s, loss=11.8961]
  Epoch 13/30:  53%|██████████████████▏               | 31/58 [00:01<00:01, 18.59it/s, loss=11.9059]
  Epoch 13/30:  53%|██████████████████▏               | 31/58 [00:01<00:01, 18.59it/s, loss=13.0637]
  Epoch 13/30:  57%|███████████████████▎              | 33/58 [00:01<00:01, 18.78it/s, loss=13.0637]
  Epoch 13/30:  57%|███████████████████▎              | 33/58 [00:01<00:01, 18.78it/s, loss=12.1392]
  Epoch 13/30:  57%|███████████████████▎              | 33/58 [00:01<00:01, 18.78it/s, loss=11.0121]
  Epoch 13/30:  57%|███████████████████▎              | 33/58 [00:01<00:01, 18.78it/s, loss=13.6818]
  Epoch 13/30:  62%|█████████████████████             | 36/58 [00:01<00:01, 19.41it/s, loss=13.6818]
  Epoch 13/30:  62%|█████████████████████             | 36/58 [00:01<00:01, 19.41it/s, loss=11.5680]
  Epoch 13/30:  62%|█████████████████████             | 36/58 [00:02<00:01, 19.41it/s, loss=13.5070]
  Epoch 13/30:  62%|█████████████████████             | 36/58 [00:02<00:01, 19.41it/s, loss=14.9289]
  Epoch 13/30:  67%|██████████████████████▊           | 39/58 [00:02<00:00, 19.66it/s, loss=14.9289]
  Epoch 13/30:  67%|██████████████████████▊           | 39/58 [00:02<00:00, 19.66it/s, loss=10.9136]
  Epoch 13/30:  67%|██████████████████████▊           | 39/58 [00:02<00:00, 19.66it/s, loss=12.2114]
  Epoch 13/30:  67%|██████████████████████▊           | 39/58 [00:02<00:00, 19.66it/s, loss=12.0168]
  Epoch 13/30:  72%|████████████████████████▌         | 42/58 [00:02<00:00, 20.37it/s, loss=12.0168]
  Epoch 13/30:  72%|████████████████████████▌         | 42/58 [00:02<00:00, 20.37it/s, loss=12.3924]
  Epoch 13/30:  72%|████████████████████████▌         | 42/58 [00:02<00:00, 20.37it/s, loss=13.1812]
  Epoch 13/30:  72%|████████████████████████▌         | 42/58 [00:02<00:00, 20.37it/s, loss=12.2640]
  Epoch 13/30:  78%|██████████████████████████▍       | 45/58 [00:02<00:00, 20.38it/s, loss=12.2640]
  Epoch 13/30:  78%|██████████████████████████▍       | 45/58 [00:02<00:00, 20.38it/s, loss=11.0566]
  Epoch 13/30:  78%|██████████████████████████▍       | 45/58 [00:02<00:00, 20.38it/s, loss=13.5087]
  Epoch 13/30:  78%|██████████████████████████▍       | 45/58 [00:02<00:00, 20.38it/s, loss=10.9336]
  Epoch 13/30:  83%|████████████████████████████▏     | 48/58 [00:02<00:00, 19.18it/s, loss=10.9336]
  Epoch 13/30:  83%|████████████████████████████▏     | 48/58 [00:02<00:00, 19.18it/s, loss=10.3193]
  Epoch 13/30:  83%|████████████████████████████▏     | 48/58 [00:02<00:00, 19.18it/s, loss=10.3407]
  Epoch 13/30:  83%|████████████████████████████▏     | 48/58 [00:02<00:00, 19.18it/s, loss=10.5431]
  Epoch 13/30:  88%|█████████████████████████████▉    | 51/58 [00:02<00:00, 19.43it/s, loss=10.5431]
  Epoch 13/30:  88%|█████████████████████████████▉    | 51/58 [00:02<00:00, 19.43it/s, loss=12.0800]
  Epoch 13/30:  88%|█████████████████████████████▉    | 51/58 [00:02<00:00, 19.43it/s, loss=12.3404]
  Epoch 13/30:  88%|█████████████████████████████▉    | 51/58 [00:02<00:00, 19.43it/s, loss=11.8562]
  Epoch 13/30:  93%|███████████████████████████████▋  | 54/58 [00:02<00:00, 20.47it/s, loss=11.8562]
  Epoch 13/30:  93%|███████████████████████████████▋  | 54/58 [00:02<00:00, 20.47it/s, loss=11.1320]
  Epoch 13/30:  93%|███████████████████████████████▋  | 54/58 [00:02<00:00, 20.47it/s, loss=11.2590]
  Epoch 13/30:  93%|███████████████████████████████▋  | 54/58 [00:02<00:00, 20.47it/s, loss=12.2470]
  Epoch 13/30:  98%|█████████████████████████████████▍| 57/58 [00:02<00:00, 20.61it/s, loss=12.2470]
  Epoch 13/30:  98%|█████████████████████████████████▍| 57/58 [00:03<00:00, 20.61it/s, loss=14.8863]
                                                                                                    

  Epoch 14/30:   0%|                                                         | 0/58 [00:00<?, ?it/s]
  Epoch 14/30:   0%|                                           | 0/58 [00:00<?, ?it/s, loss=10.1077]
  Epoch 14/30:   0%|                                           | 0/58 [00:00<?, ?it/s, loss=10.7849]
  Epoch 14/30:   3%|█▏                                 | 2/58 [00:00<00:03, 18.59it/s, loss=10.7849]
  Epoch 14/30:   3%|█▏                                 | 2/58 [00:00<00:03, 18.59it/s, loss=11.6596]
  Epoch 14/30:   3%|█▏                                 | 2/58 [00:00<00:03, 18.59it/s, loss=10.2458]
  Epoch 14/30:   7%|██▍                                | 4/58 [00:00<00:03, 18.00it/s, loss=10.2458]
  Epoch 14/30:   7%|██▍                                | 4/58 [00:00<00:03, 18.00it/s, loss=10.8187]
  Epoch 14/30:   7%|██▍                                | 4/58 [00:00<00:03, 18.00it/s, loss=11.0217]
  Epoch 14/30:   7%|██▍                                | 4/58 [00:00<00:03, 18.00it/s, loss=11.4071]
  Epoch 14/30:  12%|████▏                              | 7/58 [00:00<00:02, 19.21it/s, loss=11.4071]
  Epoch 14/30:  12%|████▏                              | 7/58 [00:00<00:02, 19.21it/s, loss=11.0051]
  Epoch 14/30:  12%|████▏                              | 7/58 [00:00<00:02, 19.21it/s, loss=11.5864]
  Epoch 14/30:  12%|████▏                              | 7/58 [00:00<00:02, 19.21it/s, loss=10.5647]
  Epoch 14/30:  17%|█████▊                            | 10/58 [00:00<00:02, 20.19it/s, loss=10.5647]
  Epoch 14/30:  17%|█████▊                            | 10/58 [00:00<00:02, 20.19it/s, loss=10.6435]
  Epoch 14/30:  17%|█████▊                            | 10/58 [00:00<00:02, 20.19it/s, loss=11.2839]
  Epoch 14/30:  17%|██████                             | 10/58 [00:00<00:02, 20.19it/s, loss=9.4247]
  Epoch 14/30:  22%|███████▊                           | 13/58 [00:00<00:02, 20.96it/s, loss=9.4247]
  Epoch 14/30:  22%|███████▌                          | 13/58 [00:00<00:02, 20.96it/s, loss=10.5778]
  Epoch 14/30:  22%|███████▌                          | 13/58 [00:00<00:02, 20.96it/s, loss=11.4521]
  Epoch 14/30:  22%|███████▌                          | 13/58 [00:00<00:02, 20.96it/s, loss=10.4505]
  Epoch 14/30:  28%|█████████▍                        | 16/58 [00:00<00:02, 20.42it/s, loss=10.4505]
  Epoch 14/30:  28%|█████████▋                         | 16/58 [00:00<00:02, 20.42it/s, loss=9.9303]
  Epoch 14/30:  28%|█████████▋                         | 16/58 [00:00<00:02, 20.42it/s, loss=9.9073]
  Epoch 14/30:  28%|█████████▍                        | 16/58 [00:00<00:02, 20.42it/s, loss=10.0831]
  Epoch 14/30:  33%|███████████▏                      | 19/58 [00:00<00:01, 20.91it/s, loss=10.0831]
  Epoch 14/30:  33%|███████████▍                       | 19/58 [00:00<00:01, 20.91it/s, loss=9.3367]
  Epoch 14/30:  33%|███████████▏                      | 19/58 [00:01<00:01, 20.91it/s, loss=10.7705]
  Epoch 14/30:  33%|███████████▍                       | 19/58 [00:01<00:01, 20.91it/s, loss=9.1295]
  Epoch 14/30:  38%|█████████████▎                     | 22/58 [00:01<00:01, 20.59it/s, loss=9.1295]
  Epoch 14/30:  38%|████████████▉                     | 22/58 [00:01<00:01, 20.59it/s, loss=10.7942]
  Epoch 14/30:  38%|████████████▉                     | 22/58 [00:01<00:01, 20.59it/s, loss=10.6558]
  Epoch 14/30:  38%|█████████████▎                     | 22/58 [00:01<00:01, 20.59it/s, loss=9.6958]
  Epoch 14/30:  43%|███████████████                    | 25/58 [00:01<00:01, 20.42it/s, loss=9.6958]
  Epoch 14/30:  43%|██████████████▋                   | 25/58 [00:01<00:01, 20.42it/s, loss=10.9442]
  Epoch 14/30:  43%|██████████████▋                   | 25/58 [00:01<00:01, 20.42it/s, loss=10.3380]
  Epoch 14/30:  43%|███████████████                    | 25/58 [00:01<00:01, 20.42it/s, loss=9.6209]
  Epoch 14/30:  48%|████████████████▉                  | 28/58 [00:01<00:01, 21.13it/s, loss=9.6209]
  Epoch 14/30:  48%|████████████████▉                  | 28/58 [00:01<00:01, 21.13it/s, loss=8.8052]
  Epoch 14/30:  48%|████████████████▉                  | 28/58 [00:01<00:01, 21.13it/s, loss=8.0366]
  Epoch 14/30:  48%|████████████████▉                  | 28/58 [00:01<00:01, 21.13it/s, loss=9.8025]
  Epoch 14/30:  53%|██████████████████▋                | 31/58 [00:01<00:01, 21.00it/s, loss=9.8025]
  Epoch 14/30:  53%|██████████████████▏               | 31/58 [00:01<00:01, 21.00it/s, loss=10.7730]
  Epoch 14/30:  53%|██████████████████▏               | 31/58 [00:01<00:01, 21.00it/s, loss=10.6437]
  Epoch 14/30:  53%|██████████████████▋                | 31/58 [00:01<00:01, 21.00it/s, loss=9.7604]
  Epoch 14/30:  59%|████████████████████▌              | 34/58 [00:01<00:01, 21.02it/s, loss=9.7604]
  Epoch 14/30:  59%|████████████████████▌              | 34/58 [00:01<00:01, 21.02it/s, loss=9.4591]
  Epoch 14/30:  59%|████████████████████▌              | 34/58 [00:01<00:01, 21.02it/s, loss=8.5406]
  Epoch 14/30:  59%|████████████████████▌              | 34/58 [00:01<00:01, 21.02it/s, loss=8.4277]
  Epoch 14/30:  64%|██████████████████████▎            | 37/58 [00:01<00:00, 21.15it/s, loss=8.4277]
  Epoch 14/30:  64%|██████████████████████▎            | 37/58 [00:01<00:00, 21.15it/s, loss=8.1242]
  Epoch 14/30:  64%|██████████████████████▎            | 37/58 [00:01<00:00, 21.15it/s, loss=8.2399]
  Epoch 14/30:  64%|██████████████████████▎            | 37/58 [00:01<00:00, 21.15it/s, loss=7.0810]
  Epoch 14/30:  69%|████████████████████████▏          | 40/58 [00:01<00:00, 20.87it/s, loss=7.0810]
  Epoch 14/30:  69%|████████████████████████▏          | 40/58 [00:01<00:00, 20.87it/s, loss=9.4131]
  Epoch 14/30:  69%|████████████████████████▏          | 40/58 [00:02<00:00, 20.87it/s, loss=8.8102]
  Epoch 14/30:  69%|████████████████████████▏          | 40/58 [00:02<00:00, 20.87it/s, loss=8.3336]
  Epoch 14/30:  74%|█████████████████████████▉         | 43/58 [00:02<00:00, 19.00it/s, loss=8.3336]
  Epoch 14/30:  74%|█████████████████████████▉         | 43/58 [00:02<00:00, 19.00it/s, loss=8.5086]
  Epoch 14/30:  74%|█████████████████████████▉         | 43/58 [00:02<00:00, 19.00it/s, loss=7.4921]
  Epoch 14/30:  78%|███████████████████████████▏       | 45/58 [00:02<00:00, 18.67it/s, loss=7.4921]
  Epoch 14/30:  78%|███████████████████████████▏       | 45/58 [00:02<00:00, 18.67it/s, loss=9.1203]
  Epoch 14/30:  78%|███████████████████████████▏       | 45/58 [00:02<00:00, 18.67it/s, loss=8.5258]
  Epoch 14/30:  78%|███████████████████████████▏       | 45/58 [00:02<00:00, 18.67it/s, loss=9.1973]
  Epoch 14/30:  83%|████████████████████████████▉      | 48/58 [00:02<00:00, 19.69it/s, loss=9.1973]
  Epoch 14/30:  83%|████████████████████████████▉      | 48/58 [00:02<00:00, 19.69it/s, loss=9.0819]
  Epoch 14/30:  83%|████████████████████████████▉      | 48/58 [00:02<00:00, 19.69it/s, loss=8.5204]
  Epoch 14/30:  83%|████████████████████████████▉      | 48/58 [00:02<00:00, 19.69it/s, loss=8.6356]
  Epoch 14/30:  88%|██████████████████████████████▊    | 51/58 [00:02<00:00, 19.74it/s, loss=8.6356]
  Epoch 14/30:  88%|██████████████████████████████▊    | 51/58 [00:02<00:00, 19.74it/s, loss=7.5817]
  Epoch 14/30:  88%|██████████████████████████████▊    | 51/58 [00:02<00:00, 19.74it/s, loss=7.6937]
  Epoch 14/30:  91%|███████████████████████████████▉   | 53/58 [00:02<00:00, 19.13it/s, loss=7.6937]
  Epoch 14/30:  91%|███████████████████████████████▉   | 53/58 [00:02<00:00, 19.13it/s, loss=8.5458]
  Epoch 14/30:  91%|███████████████████████████████▉   | 53/58 [00:02<00:00, 19.13it/s, loss=8.4732]
  Epoch 14/30:  95%|█████████████████████████████████▏ | 55/58 [00:02<00:00, 17.99it/s, loss=8.4732]
  Epoch 14/30:  95%|█████████████████████████████████▏ | 55/58 [00:02<00:00, 17.99it/s, loss=8.1694]
  Epoch 14/30:  95%|█████████████████████████████████▏ | 55/58 [00:02<00:00, 17.99it/s, loss=7.3304]
  Epoch 14/30:  98%|██████████████████████████████████▍| 57/58 [00:02<00:00, 17.13it/s, loss=7.3304]
  Epoch 14/30:  98%|██████████████████████████████████▍| 57/58 [00:02<00:00, 17.13it/s, loss=8.2772]
                                                                                                    

  Epoch 15/30:   0%|                                                         | 0/58 [00:00<?, ?it/s]
  Epoch 15/30:   0%|                                            | 0/58 [00:00<?, ?it/s, loss=8.4051]
  Epoch 15/30:   0%|                                            | 0/58 [00:00<?, ?it/s, loss=7.3199]
  Epoch 15/30:   3%|█▏                                  | 2/58 [00:00<00:03, 16.10it/s, loss=7.3199]
  Epoch 15/30:   3%|█▏                                  | 2/58 [00:00<00:03, 16.10it/s, loss=7.6974]
  Epoch 15/30:   3%|█▏                                  | 2/58 [00:00<00:03, 16.10it/s, loss=7.8657]
  Epoch 15/30:   7%|██▍                                 | 4/58 [00:00<00:05, 10.53it/s, loss=7.8657]
  Epoch 15/30:   7%|██▍                                 | 4/58 [00:00<00:05, 10.53it/s, loss=6.8206]
  Epoch 15/30:   7%|██▍                                 | 4/58 [00:00<00:05, 10.53it/s, loss=7.3901]
  Epoch 15/30:  10%|███▋                                | 6/58 [00:00<00:04, 12.92it/s, loss=7.3901]
  Epoch 15/30:  10%|███▋                                | 6/58 [00:00<00:04, 12.92it/s, loss=8.2790]
  Epoch 15/30:  10%|███▋                                | 6/58 [00:00<00:04, 12.92it/s, loss=7.8865]
  Epoch 15/30:  14%|████▉                               | 8/58 [00:00<00:03, 14.80it/s, loss=7.8865]
  Epoch 15/30:  14%|████▉                               | 8/58 [00:00<00:03, 14.80it/s, loss=7.6916]
  Epoch 15/30:  14%|████▉                               | 8/58 [00:00<00:03, 14.80it/s, loss=8.0888]
  Epoch 15/30:  14%|████▉                               | 8/58 [00:00<00:03, 14.80it/s, loss=7.6564]
  Epoch 15/30:  19%|██████▋                            | 11/58 [00:00<00:02, 17.63it/s, loss=7.6564]
  Epoch 15/30:  19%|██████▋                            | 11/58 [00:00<00:02, 17.63it/s, loss=8.0196]
  Epoch 15/30:  19%|██████▋                            | 11/58 [00:00<00:02, 17.63it/s, loss=8.4749]
  Epoch 15/30:  19%|██████▋                            | 11/58 [00:00<00:02, 17.63it/s, loss=7.2338]
  Epoch 15/30:  24%|████████▍                          | 14/58 [00:00<00:02, 18.87it/s, loss=7.2338]
  Epoch 15/30:  24%|████████▍                          | 14/58 [00:00<00:02, 18.87it/s, loss=7.2237]
  Epoch 15/30:  24%|████████▍                          | 14/58 [00:00<00:02, 18.87it/s, loss=7.2910]
  Epoch 15/30:  24%|████████▍                          | 14/58 [00:01<00:02, 18.87it/s, loss=7.3475]
  Epoch 15/30:  29%|██████████▎                        | 17/58 [00:01<00:02, 19.27it/s, loss=7.3475]
  Epoch 15/30:  29%|██████████▎                        | 17/58 [00:01<00:02, 19.27it/s, loss=7.7119]
  Epoch 15/30:  29%|██████████▎                        | 17/58 [00:01<00:02, 19.27it/s, loss=7.4561]
  Epoch 15/30:  33%|███████████▍                       | 19/58 [00:01<00:02, 18.15it/s, loss=7.4561]
  Epoch 15/30:  33%|███████████▍                       | 19/58 [00:01<00:02, 18.15it/s, loss=6.8269]
  Epoch 15/30:  33%|███████████▍                       | 19/58 [00:01<00:02, 18.15it/s, loss=7.2356]
  Epoch 15/30:  33%|███████████▍                       | 19/58 [00:01<00:02, 18.15it/s, loss=7.5298]
  Epoch 15/30:  38%|█████████████▎                     | 22/58 [00:01<00:01, 19.03it/s, loss=7.5298]
  Epoch 15/30:  38%|█████████████▎                     | 22/58 [00:01<00:01, 19.03it/s, loss=6.9455]
  Epoch 15/30:  38%|█████████████▎                     | 22/58 [00:01<00:01, 19.03it/s, loss=6.9101]
  Epoch 15/30:  41%|██████████████▍                    | 24/58 [00:01<00:01, 18.96it/s, loss=6.9101]
  Epoch 15/30:  41%|██████████████▍                    | 24/58 [00:01<00:01, 18.96it/s, loss=6.9311]
  Epoch 15/30:  41%|██████████████▍                    | 24/58 [00:01<00:01, 18.96it/s, loss=7.2086]
  Epoch 15/30:  45%|███████████████▋                   | 26/58 [00:01<00:01, 18.79it/s, loss=7.2086]
  Epoch 15/30:  45%|███████████████▋                   | 26/58 [00:01<00:01, 18.79it/s, loss=7.3978]
  Epoch 15/30:  45%|███████████████▋                   | 26/58 [00:01<00:01, 18.79it/s, loss=6.3153]
  Epoch 15/30:  48%|████████████████▉                  | 28/58 [00:01<00:01, 18.99it/s, loss=6.3153]
  Epoch 15/30:  48%|████████████████▉                  | 28/58 [00:01<00:01, 18.99it/s, loss=6.0695]
  Epoch 15/30:  48%|████████████████▉                  | 28/58 [00:01<00:01, 18.99it/s, loss=7.3908]
  Epoch 15/30:  48%|████████████████▉                  | 28/58 [00:01<00:01, 18.99it/s, loss=6.4213]
  Epoch 15/30:  53%|██████████████████▋                | 31/58 [00:01<00:01, 19.85it/s, loss=6.4213]
  Epoch 15/30:  53%|██████████████████▋                | 31/58 [00:01<00:01, 19.85it/s, loss=6.1734]
  Epoch 15/30:  53%|██████████████████▋                | 31/58 [00:01<00:01, 19.85it/s, loss=7.0123]
  Epoch 15/30:  53%|██████████████████▋                | 31/58 [00:01<00:01, 19.85it/s, loss=7.8926]
  Epoch 15/30:  59%|████████████████████▌              | 34/58 [00:01<00:01, 20.51it/s, loss=7.8926]
  Epoch 15/30:  59%|████████████████████▌              | 34/58 [00:01<00:01, 20.51it/s, loss=7.3375]
  Epoch 15/30:  59%|████████████████████▌              | 34/58 [00:01<00:01, 20.51it/s, loss=6.6897]
  Epoch 15/30:  59%|████████████████████▌              | 34/58 [00:02<00:01, 20.51it/s, loss=7.3249]
  Epoch 15/30:  64%|██████████████████████▎            | 37/58 [00:02<00:01, 19.95it/s, loss=7.3249]
  Epoch 15/30:  64%|██████████████████████▎            | 37/58 [00:02<00:01, 19.95it/s, loss=6.3213]
  Epoch 15/30:  64%|██████████████████████▎            | 37/58 [00:02<00:01, 19.95it/s, loss=7.0981]
  Epoch 15/30:  64%|██████████████████████▎            | 37/58 [00:02<00:01, 19.95it/s, loss=6.6344]
  Epoch 15/30:  69%|████████████████████████▏          | 40/58 [00:02<00:00, 20.02it/s, loss=6.6344]
  Epoch 15/30:  69%|████████████████████████▏          | 40/58 [00:02<00:00, 20.02it/s, loss=5.9545]
  Epoch 15/30:  69%|████████████████████████▏          | 40/58 [00:02<00:00, 20.02it/s, loss=5.8377]
  Epoch 15/30:  69%|████████████████████████▏          | 40/58 [00:02<00:00, 20.02it/s, loss=5.7336]
  Epoch 15/30:  74%|█████████████████████████▉         | 43/58 [00:02<00:00, 20.42it/s, loss=5.7336]
  Epoch 15/30:  74%|█████████████████████████▉         | 43/58 [00:02<00:00, 20.42it/s, loss=5.9540]
  Epoch 15/30:  74%|█████████████████████████▉         | 43/58 [00:02<00:00, 20.42it/s, loss=6.7865]
  Epoch 15/30:  74%|█████████████████████████▉         | 43/58 [00:02<00:00, 20.42it/s, loss=6.4452]
  Epoch 15/30:  79%|███████████████████████████▊       | 46/58 [00:02<00:00, 19.37it/s, loss=6.4452]
  Epoch 15/30:  79%|███████████████████████████▊       | 46/58 [00:02<00:00, 19.37it/s, loss=6.1021]
  Epoch 15/30:  79%|███████████████████████████▊       | 46/58 [00:02<00:00, 19.37it/s, loss=6.4797]
  Epoch 15/30:  79%|███████████████████████████▊       | 46/58 [00:02<00:00, 19.37it/s, loss=6.4793]
  Epoch 15/30:  84%|█████████████████████████████▌     | 49/58 [00:02<00:00, 20.19it/s, loss=6.4793]
  Epoch 15/30:  84%|█████████████████████████████▌     | 49/58 [00:02<00:00, 20.19it/s, loss=6.0282]
  Epoch 15/30:  84%|█████████████████████████████▌     | 49/58 [00:02<00:00, 20.19it/s, loss=7.0786]
  Epoch 15/30:  84%|█████████████████████████████▌     | 49/58 [00:02<00:00, 20.19it/s, loss=6.1590]
  Epoch 15/30:  90%|███████████████████████████████▍   | 52/58 [00:02<00:00, 20.77it/s, loss=6.1590]
  Epoch 15/30:  90%|███████████████████████████████▍   | 52/58 [00:02<00:00, 20.77it/s, loss=5.6499]
  Epoch 15/30:  90%|███████████████████████████████▍   | 52/58 [00:02<00:00, 20.77it/s, loss=5.5199]
  Epoch 15/30:  90%|███████████████████████████████▍   | 52/58 [00:02<00:00, 20.77it/s, loss=5.7029]
  Epoch 15/30:  95%|█████████████████████████████████▏ | 55/58 [00:02<00:00, 21.23it/s, loss=5.7029]
  Epoch 15/30:  95%|█████████████████████████████████▏ | 55/58 [00:02<00:00, 21.23it/s, loss=5.9921]
  Epoch 15/30:  95%|█████████████████████████████████▏ | 55/58 [00:03<00:00, 21.23it/s, loss=6.5445]
  Epoch 15/30:  95%|█████████████████████████████████▏ | 55/58 [00:03<00:00, 21.23it/s, loss=9.2224]
  Epoch 15/30: 100%|███████████████████████████████████| 58/58 [00:03<00:00, 20.41it/s, loss=9.2224]
                                                                                                    
  Epoch 15/30 │ Loss: 6.9861 │ T+1: -3652.7893 │ T+2: -898.9882 │ T+3: -6830.6621 ★ NEW BEST

  Epoch 16/30:   0%|                                                         | 0/58 [00:00<?, ?it/s]
  Epoch 16/30:   0%|                                            | 0/58 [00:00<?, ?it/s, loss=6.8091]
  Epoch 16/30:   0%|                                            | 0/58 [00:00<?, ?it/s, loss=6.4064]
  Epoch 16/30:   0%|                                            | 0/58 [00:00<?, ?it/s, loss=5.5529]
  Epoch 16/30:   5%|█▊                                  | 3/58 [00:00<00:02, 20.62it/s, loss=5.5529]
  Epoch 16/30:   5%|█▊                                  | 3/58 [00:00<00:02, 20.62it/s, loss=5.9763]
  Epoch 16/30:   5%|█▊                                  | 3/58 [00:00<00:02, 20.62it/s, loss=6.1173]
  Epoch 16/30:   5%|█▊                                  | 3/58 [00:00<00:02, 20.62it/s, loss=6.0352]
  Epoch 16/30:  10%|███▋                                | 6/58 [00:00<00:02, 19.19it/s, loss=6.0352]
  Epoch 16/30:  10%|███▋                                | 6/58 [00:00<00:02, 19.19it/s, loss=5.3955]
  Epoch 16/30:  10%|███▋                                | 6/58 [00:00<00:02, 19.19it/s, loss=5.7750]
  Epoch 16/30:  10%|███▋                                | 6/58 [00:00<00:02, 19.19it/s, loss=4.8343]
  Epoch 16/30:  16%|█████▌                              | 9/58 [00:00<00:02, 19.95it/s, loss=4.8343]
  Epoch 16/30:  16%|█████▌                              | 9/58 [00:00<00:02, 19.95it/s, loss=5.8085]
  Epoch 16/30:  16%|█████▌                              | 9/58 [00:00<00:02, 19.95it/s, loss=5.6162]
  Epoch 16/30:  16%|█████▌                              | 9/58 [00:00<00:02, 19.95it/s, loss=5.6713]
  Epoch 16/30:  21%|███████▏                           | 12/58 [00:00<00:02, 19.89it/s, loss=5.6713]
  Epoch 16/30:  21%|███████▏                           | 12/58 [00:00<00:02, 19.89it/s, loss=5.0889]
  Epoch 16/30:  21%|███████▏                           | 12/58 [00:00<00:02, 19.89it/s, loss=5.3653]
  Epoch 16/30:  21%|███████▏                           | 12/58 [00:00<00:02, 19.89it/s, loss=4.7292]
  Epoch 16/30:  26%|█████████                          | 15/58 [00:00<00:02, 21.30it/s, loss=4.7292]
  Epoch 16/30:  26%|█████████                          | 15/58 [00:00<00:02, 21.30it/s, loss=4.9397]
  Epoch 16/30:  26%|█████████                          | 15/58 [00:00<00:02, 21.30it/s, loss=4.8153]
  Epoch 16/30:  26%|█████████                          | 15/58 [00:00<00:02, 21.30it/s, loss=6.0710]
  Epoch 16/30:  31%|██████████▊                        | 18/58 [00:00<00:01, 21.52it/s, loss=6.0710]
  Epoch 16/30:  31%|██████████▊                        | 18/58 [00:00<00:01, 21.52it/s, loss=5.0521]
  Epoch 16/30:  31%|██████████▊                        | 18/58 [00:00<00:01, 21.52it/s, loss=4.9059]
  Epoch 16/30:  31%|██████████▊                        | 18/58 [00:01<00:01, 21.52it/s, loss=5.4568]
  Epoch 16/30:  36%|████████████▋                      | 21/58 [00:01<00:01, 21.07it/s, loss=5.4568]
  Epoch 16/30:  36%|████████████▋                      | 21/58 [00:01<00:01, 21.07it/s, loss=5.4868]
  Epoch 16/30:  36%|████████████▋                      | 21/58 [00:01<00:01, 21.07it/s, loss=4.9620]
  Epoch 16/30:  36%|████████████▋                      | 21/58 [00:01<00:01, 21.07it/s, loss=5.1920]
  Epoch 16/30:  41%|██████████████▍                    | 24/58 [00:01<00:01, 20.94it/s, loss=5.1920]
  Epoch 16/30:  41%|██████████████▍                    | 24/58 [00:01<00:01, 20.94it/s, loss=5.4334]
  Epoch 16/30:  41%|██████████████▍                    | 24/58 [00:01<00:01, 20.94it/s, loss=4.8939]
  Epoch 16/30:  41%|██████████████▍                    | 24/58 [00:01<00:01, 20.94it/s, loss=5.6384]
  Epoch 16/30:  47%|████████████████▎                  | 27/58 [00:01<00:01, 21.26it/s, loss=5.6384]
  Epoch 16/30:  47%|████████████████▎                  | 27/58 [00:01<00:01, 21.26it/s, loss=5.1015]
  Epoch 16/30:  47%|████████████████▎                  | 27/58 [00:01<00:01, 21.26it/s, loss=4.6317]
  Epoch 16/30:  47%|████████████████▎                  | 27/58 [00:01<00:01, 21.26it/s, loss=5.0932]
  Epoch 16/30:  52%|██████████████████                 | 30/58 [00:01<00:01, 20.57it/s, loss=5.0932]
  Epoch 16/30:  52%|██████████████████                 | 30/58 [00:01<00:01, 20.57it/s, loss=4.7765]
  Epoch 16/30:  52%|██████████████████                 | 30/58 [00:01<00:01, 20.57it/s, loss=4.9675]
  Epoch 16/30:  52%|██████████████████                 | 30/58 [00:01<00:01, 20.57it/s, loss=5.1040]
  Epoch 16/30:  57%|███████████████████▉               | 33/58 [00:01<00:01, 19.63it/s, loss=5.1040]
  Epoch 16/30:  57%|███████████████████▉               | 33/58 [00:01<00:01, 19.63it/s, loss=4.6694]
  Epoch 16/30:  57%|███████████████████▉               | 33/58 [00:01<00:01, 19.63it/s, loss=5.7134]
  Epoch 16/30:  60%|█████████████████████              | 35/58 [00:01<00:01, 18.91it/s, loss=5.7134]
  Epoch 16/30:  60%|█████████████████████              | 35/58 [00:01<00:01, 18.91it/s, loss=5.7095]
  Epoch 16/30:  60%|█████████████████████              | 35/58 [00:01<00:01, 18.91it/s, loss=4.7701]
  Epoch 16/30:  60%|█████████████████████              | 35/58 [00:01<00:01, 18.91it/s, loss=4.8880]
  Epoch 16/30:  66%|██████████████████████▉            | 38/58 [00:01<00:01, 19.27it/s, loss=4.8880]
  Epoch 16/30:  66%|██████████████████████▉            | 38/58 [00:01<00:01, 19.27it/s, loss=4.8406]
  Epoch 16/30:  66%|██████████████████████▉            | 38/58 [00:01<00:01, 19.27it/s, loss=4.3831]
  Epoch 16/30:  66%|██████████████████████▉            | 38/58 [00:02<00:01, 19.27it/s, loss=4.8850]
  Epoch 16/30:  71%|████████████████████████▋          | 41/58 [00:02<00:00, 19.50it/s, loss=4.8850]
  Epoch 16/30:  71%|████████████████████████▋          | 41/58 [00:02<00:00, 19.50it/s, loss=4.0057]
  Epoch 16/30:  71%|████████████████████████▋          | 41/58 [00:02<00:00, 19.50it/s, loss=4.8686]
  Epoch 16/30:  74%|█████████████████████████▉         | 43/58 [00:02<00:00, 19.44it/s, loss=4.8686]
  Epoch 16/30:  74%|█████████████████████████▉         | 43/58 [00:02<00:00, 19.44it/s, loss=4.5536]
  Epoch 16/30:  74%|█████████████████████████▉         | 43/58 [00:02<00:00, 19.44it/s, loss=5.0025]
  Epoch 16/30:  78%|███████████████████████████▏       | 45/58 [00:02<00:00, 18.75it/s, loss=5.0025]
  Epoch 16/30:  78%|███████████████████████████▏       | 45/58 [00:02<00:00, 18.75it/s, loss=4.0569]
  Epoch 16/30:  78%|███████████████████████████▏       | 45/58 [00:02<00:00, 18.75it/s, loss=4.3593]
  Epoch 16/30:  81%|████████████████████████████▎      | 47/58 [00:02<00:00, 18.29it/s, loss=4.3593]
  Epoch 16/30:  81%|████████████████████████████▎      | 47/58 [00:02<00:00, 18.29it/s, loss=4.8212]
  Epoch 16/30:  81%|████████████████████████████▎      | 47/58 [00:02<00:00, 18.29it/s, loss=4.1987]
  Epoch 16/30:  84%|█████████████████████████████▌     | 49/58 [00:02<00:00, 18.69it/s, loss=4.1987]
  Epoch 16/30:  84%|█████████████████████████████▌     | 49/58 [00:02<00:00, 18.69it/s, loss=4.7582]
  Epoch 16/30:  84%|█████████████████████████████▌     | 49/58 [00:02<00:00, 18.69it/s, loss=4.1030]
  Epoch 16/30:  88%|██████████████████████████████▊    | 51/58 [00:02<00:00, 18.06it/s, loss=4.1030]
  Epoch 16/30:  88%|██████████████████████████████▊    | 51/58 [00:02<00:00, 18.06it/s, loss=4.4789]
  Epoch 16/30:  88%|██████████████████████████████▊    | 51/58 [00:02<00:00, 18.06it/s, loss=4.3665]
  Epoch 16/30:  91%|███████████████████████████████▉   | 53/58 [00:02<00:00, 18.16it/s, loss=4.3665]
  Epoch 16/30:  91%|███████████████████████████████▉   | 53/58 [00:02<00:00, 18.16it/s, loss=3.6986]
  Epoch 16/30:  91%|███████████████████████████████▉   | 53/58 [00:02<00:00, 18.16it/s, loss=3.6123]
  Epoch 16/30:  91%|███████████████████████████████▉   | 53/58 [00:02<00:00, 18.16it/s, loss=4.7327]
  Epoch 16/30:  97%|█████████████████████████████████▊ | 56/58 [00:02<00:00, 19.35it/s, loss=4.7327]
  Epoch 16/30:  97%|█████████████████████████████████▊ | 56/58 [00:02<00:00, 19.35it/s, loss=4.4078]
  Epoch 16/30:  97%|█████████████████████████████████▊ | 56/58 [00:02<00:00, 19.35it/s, loss=4.3585]
                                                                                                    

  Epoch 17/30:   0%|                                                         | 0/58 [00:00<?, ?it/s]
  Epoch 17/30:   0%|                                            | 0/58 [00:00<?, ?it/s, loss=4.3901]
  Epoch 17/30:   0%|                                            | 0/58 [00:00<?, ?it/s, loss=4.0362]
  Epoch 17/30:   3%|█▏                                  | 2/58 [00:00<00:03, 16.35it/s, loss=4.0362]
  Epoch 17/30:   3%|█▏                                  | 2/58 [00:00<00:03, 16.35it/s, loss=3.6061]
  Epoch 17/30:   3%|█▏                                  | 2/58 [00:00<00:03, 16.35it/s, loss=5.1221]
  Epoch 17/30:   3%|█▏                                  | 2/58 [00:00<00:03, 16.35it/s, loss=3.9952]
  Epoch 17/30:   9%|███                                 | 5/58 [00:00<00:02, 18.24it/s, loss=3.9952]
  Epoch 17/30:   9%|███                                 | 5/58 [00:00<00:02, 18.24it/s, loss=4.0699]
  Epoch 17/30:   9%|███                                 | 5/58 [00:00<00:02, 18.24it/s, loss=3.7989]
  Epoch 17/30:  12%|████▎                               | 7/58 [00:00<00:02, 18.13it/s, loss=3.7989]
  Epoch 17/30:  12%|████▎                               | 7/58 [00:00<00:02, 18.13it/s, loss=3.8523]
  Epoch 17/30:  12%|████▎                               | 7/58 [00:00<00:02, 18.13it/s, loss=3.7314]
  Epoch 17/30:  16%|█████▌                              | 9/58 [00:00<00:02, 18.19it/s, loss=3.7314]
  Epoch 17/30:  16%|█████▌                              | 9/58 [00:00<00:02, 18.19it/s, loss=3.7584]
  Epoch 17/30:  16%|█████▌                              | 9/58 [00:00<00:02, 18.19it/s, loss=3.6021]
  Epoch 17/30:  19%|██████▋                            | 11/58 [00:00<00:02, 17.60it/s, loss=3.6021]
  Epoch 17/30:  19%|██████▋                            | 11/58 [00:00<00:02, 17.60it/s, loss=4.2054]
  Epoch 17/30:  19%|██████▋                            | 11/58 [00:00<00:02, 17.60it/s, loss=3.9401]
  Epoch 17/30:  19%|██████▋                            | 11/58 [00:00<00:02, 17.60it/s, loss=3.7904]
  Epoch 17/30:  24%|████████▍                          | 14/58 [00:00<00:02, 17.28it/s, loss=3.7904]
  Epoch 17/30:  24%|████████▍                          | 14/58 [00:00<00:02, 17.28it/s, loss=4.2841]
  Epoch 17/30:  24%|████████▍                          | 14/58 [00:01<00:02, 17.28it/s, loss=3.7805]
  Epoch 17/30:  28%|█████████▋                         | 16/58 [00:01<00:03, 13.77it/s, loss=3.7805]
  Epoch 17/30:  28%|█████████▋                         | 16/58 [00:01<00:03, 13.77it/s, loss=3.4814]
  Epoch 17/30:  28%|█████████▋                         | 16/58 [00:01<00:03, 13.77it/s, loss=3.9829]
  Epoch 17/30:  31%|██████████▊                        | 18/58 [00:01<00:02, 14.56it/s, loss=3.9829]
  Epoch 17/30:  31%|██████████▊                        | 18/58 [00:01<00:02, 14.56it/s, loss=3.6264]
  Epoch 17/30:  31%|██████████▊                        | 18/58 [00:01<00:02, 14.56it/s, loss=3.5646]
  Epoch 17/30:  34%|████████████                       | 20/58 [00:01<00:02, 14.92it/s, loss=3.5646]
  Epoch 17/30:  34%|████████████                       | 20/58 [00:01<00:02, 14.92it/s, loss=4.5503]
  Epoch 17/30:  34%|████████████                       | 20/58 [00:01<00:02, 14.92it/s, loss=3.2307]
  Epoch 17/30:  38%|█████████████▎                     | 22/58 [00:01<00:02, 14.68it/s, loss=3.2307]
  Epoch 17/30:  38%|█████████████▎                     | 22/58 [00:01<00:02, 14.68it/s, loss=4.0888]
  Epoch 17/30:  38%|█████████████▎                     | 22/58 [00:01<00:02, 14.68it/s, loss=3.6015]
  Epoch 17/30:  41%|██████████████▍                    | 24/58 [00:01<00:02, 15.60it/s, loss=3.6015]
  Epoch 17/30:  41%|██████████████▍                    | 24/58 [00:01<00:02, 15.60it/s, loss=3.9224]
  Epoch 17/30:  41%|██████████████▍                    | 24/58 [00:01<00:02, 15.60it/s, loss=4.3246]
  Epoch 17/30:  45%|███████████████▋                   | 26/58 [00:01<00:02, 15.30it/s, loss=4.3246]
  Epoch 17/30:  45%|███████████████▋                   | 26/58 [00:01<00:02, 15.30it/s, loss=4.2447]
  Epoch 17/30:  45%|███████████████▋                   | 26/58 [00:01<00:02, 15.30it/s, loss=3.9022]
  Epoch 17/30:  48%|████████████████▉                  | 28/58 [00:01<00:01, 15.51it/s, loss=3.9022]
  Epoch 17/30:  48%|████████████████▉                  | 28/58 [00:01<00:01, 15.51it/s, loss=3.7377]
  Epoch 17/30:  48%|████████████████▉                  | 28/58 [00:01<00:01, 15.51it/s, loss=3.2198]
  Epoch 17/30:  52%|██████████████████                 | 30/58 [00:01<00:01, 15.31it/s, loss=3.2198]
  Epoch 17/30:  52%|██████████████████                 | 30/58 [00:01<00:01, 15.31it/s, loss=3.9989]
  Epoch 17/30:  52%|██████████████████                 | 30/58 [00:02<00:01, 15.31it/s, loss=3.5217]
  Epoch 17/30:  55%|███████████████████▎               | 32/58 [00:02<00:01, 15.00it/s, loss=3.5217]
  Epoch 17/30:  55%|███████████████████▎               | 32/58 [00:02<00:01, 15.00it/s, loss=3.7005]
  Epoch 17/30:  55%|███████████████████▎               | 32/58 [00:02<00:01, 15.00it/s, loss=3.7504]
  Epoch 17/30:  59%|████████████████████▌              | 34/58 [00:02<00:01, 15.29it/s, loss=3.7504]
  Epoch 17/30:  59%|████████████████████▌              | 34/58 [00:02<00:01, 15.29it/s, loss=3.7696]
  Epoch 17/30:  59%|████████████████████▌              | 34/58 [00:02<00:01, 15.29it/s, loss=3.2942]
  Epoch 17/30:  62%|█████████████████████▋             | 36/58 [00:02<00:01, 15.06it/s, loss=3.2942]
  Epoch 17/30:  62%|█████████████████████▋             | 36/58 [00:02<00:01, 15.06it/s, loss=3.7605]
  Epoch 17/30:  62%|█████████████████████▋             | 36/58 [00:02<00:01, 15.06it/s, loss=3.6049]
  Epoch 17/30:  66%|██████████████████████▉            | 38/58 [00:02<00:01, 15.22it/s, loss=3.6049]
  Epoch 17/30:  66%|██████████████████████▉            | 38/58 [00:02<00:01, 15.22it/s, loss=3.0266]
  Epoch 17/30:  66%|██████████████████████▉            | 38/58 [00:02<00:01, 15.22it/s, loss=3.4734]
  Epoch 17/30:  69%|████████████████████████▏          | 40/58 [00:02<00:01, 15.01it/s, loss=3.4734]
  Epoch 17/30:  69%|████████████████████████▏          | 40/58 [00:02<00:01, 15.01it/s, loss=3.5976]
  Epoch 17/30:  69%|████████████████████████▏          | 40/58 [00:02<00:01, 15.01it/s, loss=3.4254]
  Epoch 17/30:  72%|█████████████████████████▎         | 42/58 [00:02<00:01, 15.00it/s, loss=3.4254]
  Epoch 17/30:  72%|█████████████████████████▎         | 42/58 [00:02<00:01, 15.00it/s, loss=3.4059]
  Epoch 17/30:  72%|█████████████████████████▎         | 42/58 [00:02<00:01, 15.00it/s, loss=3.0834]
  Epoch 17/30:  76%|██████████████████████████▌        | 44/58 [00:02<00:00, 15.13it/s, loss=3.0834]
  Epoch 17/30:  76%|██████████████████████████▌        | 44/58 [00:02<00:00, 15.13it/s, loss=3.3826]
  Epoch 17/30:  76%|██████████████████████████▌        | 44/58 [00:02<00:00, 15.13it/s, loss=3.3402]
  Epoch 17/30:  79%|███████████████████████████▊       | 46/58 [00:02<00:00, 15.19it/s, loss=3.3402]
  Epoch 17/30:  79%|███████████████████████████▊       | 46/58 [00:03<00:00, 15.19it/s, loss=3.6141]
  Epoch 17/30:  79%|███████████████████████████▊       | 46/58 [00:03<00:00, 15.19it/s, loss=3.5305]
  Epoch 17/30:  83%|████████████████████████████▉      | 48/58 [00:03<00:00, 15.65it/s, loss=3.5305]
  Epoch 17/30:  83%|████████████████████████████▉      | 48/58 [00:03<00:00, 15.65it/s, loss=3.3094]
  Epoch 17/30:  83%|████████████████████████████▉      | 48/58 [00:03<00:00, 15.65it/s, loss=3.0500]
  Epoch 17/30:  86%|██████████████████████████████▏    | 50/58 [00:03<00:00, 15.78it/s, loss=3.0500]
  Epoch 17/30:  86%|██████████████████████████████▏    | 50/58 [00:03<00:00, 15.78it/s, loss=3.6338]
  Epoch 17/30:  86%|██████████████████████████████▏    | 50/58 [00:03<00:00, 15.78it/s, loss=3.0572]
  Epoch 17/30:  90%|███████████████████████████████▍   | 52/58 [00:03<00:00, 16.76it/s, loss=3.0572]
  Epoch 17/30:  90%|███████████████████████████████▍   | 52/58 [00:03<00:00, 16.76it/s, loss=3.2085]
  Epoch 17/30:  90%|███████████████████████████████▍   | 52/58 [00:03<00:00, 16.76it/s, loss=3.3856]
  Epoch 17/30:  93%|████████████████████████████████▌  | 54/58 [00:03<00:00, 16.49it/s, loss=3.3856]
  Epoch 17/30:  93%|████████████████████████████████▌  | 54/58 [00:03<00:00, 16.49it/s, loss=3.2359]
  Epoch 17/30:  93%|████████████████████████████████▌  | 54/58 [00:03<00:00, 16.49it/s, loss=2.9742]
  Epoch 17/30:  97%|█████████████████████████████████▊ | 56/58 [00:03<00:00, 16.02it/s, loss=2.9742]
  Epoch 17/30:  97%|█████████████████████████████████▊ | 56/58 [00:03<00:00, 16.02it/s, loss=2.9144]
  Epoch 17/30:  97%|█████████████████████████████████▊ | 56/58 [00:03<00:00, 16.02it/s, loss=4.5547]
                                                                                                    

  Epoch 18/30:   0%|                                                         | 0/58 [00:00<?, ?it/s]
  Epoch 18/30:   0%|                                            | 0/58 [00:00<?, ?it/s, loss=2.7850]
  Epoch 18/30:   0%|                                            | 0/58 [00:00<?, ?it/s, loss=3.0682]
  Epoch 18/30:   3%|█▏                                  | 2/58 [00:00<00:03, 16.22it/s, loss=3.0682]
  Epoch 18/30:   3%|█▏                                  | 2/58 [00:00<00:03, 16.22it/s, loss=3.1453]
  Epoch 18/30:   3%|█▏                                  | 2/58 [00:00<00:03, 16.22it/s, loss=2.6940]
  Epoch 18/30:   7%|██▍                                 | 4/58 [00:00<00:03, 16.48it/s, loss=2.6940]
  Epoch 18/30:   7%|██▍                                 | 4/58 [00:00<00:03, 16.48it/s, loss=2.8896]
  Epoch 18/30:   7%|██▍                                 | 4/58 [00:00<00:03, 16.48it/s, loss=2.9836]
  Epoch 18/30:  10%|███▋                                | 6/58 [00:00<00:03, 16.34it/s, loss=2.9836]
  Epoch 18/30:  10%|███▋                                | 6/58 [00:00<00:03, 16.34it/s, loss=2.7705]
  Epoch 18/30:  10%|███▋                                | 6/58 [00:00<00:03, 16.34it/s, loss=3.1765]
  Epoch 18/30:  14%|████▉                               | 8/58 [00:00<00:03, 16.09it/s, loss=3.1765]
  Epoch 18/30:  14%|████▉                               | 8/58 [00:00<00:03, 16.09it/s, loss=3.1984]
  Epoch 18/30:  14%|████▉                               | 8/58 [00:00<00:03, 16.09it/s, loss=3.0062]
  Epoch 18/30:  17%|██████                             | 10/58 [00:00<00:03, 15.61it/s, loss=3.0062]
  Epoch 18/30:  17%|██████                             | 10/58 [00:00<00:03, 15.61it/s, loss=3.2190]
  Epoch 18/30:  17%|██████                             | 10/58 [00:00<00:03, 15.61it/s, loss=3.0261]
  Epoch 18/30:  21%|███████▏                           | 12/58 [00:00<00:02, 15.77it/s, loss=3.0261]
  Epoch 18/30:  21%|███████▏                           | 12/58 [00:00<00:02, 15.77it/s, loss=2.6206]
  Epoch 18/30:  21%|███████▏                           | 12/58 [00:00<00:02, 15.77it/s, loss=3.5053]
  Epoch 18/30:  24%|████████▍                          | 14/58 [00:00<00:02, 16.03it/s, loss=3.5053]
  Epoch 18/30:  24%|████████▍                          | 14/58 [00:00<00:02, 16.03it/s, loss=2.9343]
  Epoch 18/30:  24%|████████▍                          | 14/58 [00:01<00:02, 16.03it/s, loss=3.3767]
  Epoch 18/30:  28%|█████████▋                         | 16/58 [00:01<00:02, 15.49it/s, loss=3.3767]
  Epoch 18/30:  28%|█████████▋                         | 16/58 [00:01<00:02, 15.49it/s, loss=2.4399]
  Epoch 18/30:  28%|█████████▋                         | 16/58 [00:01<00:02, 15.49it/s, loss=2.8243]
  Epoch 18/30:  31%|██████████▊                        | 18/58 [00:01<00:02, 15.43it/s, loss=2.8243]
  Epoch 18/30:  31%|██████████▊                        | 18/58 [00:01<00:02, 15.43it/s, loss=2.9876]
  Epoch 18/30:  31%|██████████▊                        | 18/58 [00:01<00:02, 15.43it/s, loss=2.6237]
  Epoch 18/30:  34%|████████████                       | 20/58 [00:01<00:02, 15.28it/s, loss=2.6237]
  Epoch 18/30:  34%|████████████                       | 20/58 [00:01<00:02, 15.28it/s, loss=3.0011]
  Epoch 18/30:  34%|████████████                       | 20/58 [00:01<00:02, 15.28it/s, loss=2.3647]
  Epoch 18/30:  38%|█████████████▎                     | 22/58 [00:01<00:02, 15.47it/s, loss=2.3647]
  Epoch 18/30:  38%|█████████████▎                     | 22/58 [00:01<00:02, 15.47it/s, loss=2.7185]
  Epoch 18/30:  38%|█████████████▎                     | 22/58 [00:01<00:02, 15.47it/s, loss=2.7756]
  Epoch 18/30:  41%|██████████████▍                    | 24/58 [00:01<00:02, 15.18it/s, loss=2.7756]
  Epoch 18/30:  41%|██████████████▍                    | 24/58 [00:01<00:02, 15.18it/s, loss=2.4639]
  Epoch 18/30:  41%|██████████████▍                    | 24/58 [00:01<00:02, 15.18it/s, loss=2.5790]
  Epoch 18/30:  45%|███████████████▋                   | 26/58 [00:01<00:02, 15.04it/s, loss=2.5790]
  Epoch 18/30:  45%|███████████████▋                   | 26/58 [00:01<00:02, 15.04it/s, loss=2.7763]
  Epoch 18/30:  45%|███████████████▋                   | 26/58 [00:01<00:02, 15.04it/s, loss=2.6138]
  Epoch 18/30:  48%|████████████████▉                  | 28/58 [00:01<00:02, 15.00it/s, loss=2.6138]
  Epoch 18/30:  48%|████████████████▉                  | 28/58 [00:01<00:02, 15.00it/s, loss=2.6185]
  Epoch 18/30:  48%|████████████████▉                  | 28/58 [00:01<00:02, 15.00it/s, loss=2.8674]
  Epoch 18/30:  52%|██████████████████                 | 30/58 [00:01<00:01, 14.72it/s, loss=2.8674]
  Epoch 18/30:  52%|██████████████████                 | 30/58 [00:02<00:01, 14.72it/s, loss=2.5490]
  Epoch 18/30:  52%|██████████████████                 | 30/58 [00:02<00:01, 14.72it/s, loss=2.6962]
  Epoch 18/30:  55%|███████████████████▎               | 32/58 [00:02<00:01, 14.81it/s, loss=2.6962]
  Epoch 18/30:  55%|███████████████████▎               | 32/58 [00:02<00:01, 14.81it/s, loss=2.7035]
  Epoch 18/30:  55%|███████████████████▎               | 32/58 [00:02<00:01, 14.81it/s, loss=2.8938]
  Epoch 18/30:  59%|████████████████████▌              | 34/58 [00:02<00:01, 14.93it/s, loss=2.8938]
  Epoch 18/30:  59%|████████████████████▌              | 34/58 [00:02<00:01, 14.93it/s, loss=2.5065]
  Epoch 18/30:  59%|████████████████████▌              | 34/58 [00:02<00:01, 14.93it/s, loss=2.9205]
  Epoch 18/30:  62%|█████████████████████▋             | 36/58 [00:02<00:01, 14.77it/s, loss=2.9205]
  Epoch 18/30:  62%|█████████████████████▋             | 36/58 [00:02<00:01, 14.77it/s, loss=2.4954]
  Epoch 18/30:  62%|█████████████████████▋             | 36/58 [00:02<00:01, 14.77it/s, loss=2.6063]
  Epoch 18/30:  66%|██████████████████████▉            | 38/58 [00:02<00:01, 14.62it/s, loss=2.6063]
  Epoch 18/30:  66%|██████████████████████▉            | 38/58 [00:02<00:01, 14.62it/s, loss=2.3846]
  Epoch 18/30:  66%|██████████████████████▉            | 38/58 [00:02<00:01, 14.62it/s, loss=2.3435]
  Epoch 18/30:  69%|████████████████████████▏          | 40/58 [00:02<00:01, 14.71it/s, loss=2.3435]
  Epoch 18/30:  69%|████████████████████████▏          | 40/58 [00:02<00:01, 14.71it/s, loss=2.4450]
  Epoch 18/30:  69%|████████████████████████▏          | 40/58 [00:02<00:01, 14.71it/s, loss=2.4577]
  Epoch 18/30:  72%|█████████████████████████▎         | 42/58 [00:02<00:01, 14.35it/s, loss=2.4577]
  Epoch 18/30:  72%|█████████████████████████▎         | 42/58 [00:02<00:01, 14.35it/s, loss=2.7723]
  Epoch 18/30:  72%|█████████████████████████▎         | 42/58 [00:02<00:01, 14.35it/s, loss=2.1065]
  Epoch 18/30:  76%|██████████████████████████▌        | 44/58 [00:02<00:00, 15.02it/s, loss=2.1065]
  Epoch 18/30:  76%|██████████████████████████▌        | 44/58 [00:02<00:00, 15.02it/s, loss=2.4223]
  Epoch 18/30:  76%|██████████████████████████▌        | 44/58 [00:03<00:00, 15.02it/s, loss=2.3801]
  Epoch 18/30:  79%|███████████████████████████▊       | 46/58 [00:03<00:00, 14.86it/s, loss=2.3801]
  Epoch 18/30:  79%|███████████████████████████▊       | 46/58 [00:03<00:00, 14.86it/s, loss=2.5096]
  Epoch 18/30:  79%|███████████████████████████▊       | 46/58 [00:03<00:00, 14.86it/s, loss=2.5287]
  Epoch 18/30:  83%|████████████████████████████▉      | 48/58 [00:03<00:00, 14.96it/s, loss=2.5287]
  Epoch 18/30:  83%|████████████████████████████▉      | 48/58 [00:03<00:00, 14.96it/s, loss=2.4577]
  Epoch 18/30:  83%|████████████████████████████▉      | 48/58 [00:03<00:00, 14.96it/s, loss=2.2080]
  Epoch 18/30:  86%|██████████████████████████████▏    | 50/58 [00:03<00:00, 14.95it/s, loss=2.2080]
  Epoch 18/30:  86%|██████████████████████████████▏    | 50/58 [00:03<00:00, 14.95it/s, loss=2.7257]
  Epoch 18/30:  86%|██████████████████████████████▏    | 50/58 [00:03<00:00, 14.95it/s, loss=2.5142]
  Epoch 18/30:  90%|███████████████████████████████▍   | 52/58 [00:03<00:00, 15.56it/s, loss=2.5142]
  Epoch 18/30:  90%|███████████████████████████████▍   | 52/58 [00:03<00:00, 15.56it/s, loss=2.0132]
  Epoch 18/30:  90%|███████████████████████████████▍   | 52/58 [00:03<00:00, 15.56it/s, loss=2.3868]
  Epoch 18/30:  93%|████████████████████████████████▌  | 54/58 [00:03<00:00, 15.37it/s, loss=2.3868]
  Epoch 18/30:  93%|████████████████████████████████▌  | 54/58 [00:03<00:00, 15.37it/s, loss=2.1276]
  Epoch 18/30:  93%|████████████████████████████████▌  | 54/58 [00:03<00:00, 15.37it/s, loss=2.2203]
  Epoch 18/30:  97%|█████████████████████████████████▊ | 56/58 [00:03<00:00, 15.75it/s, loss=2.2203]
  Epoch 18/30:  97%|█████████████████████████████████▊ | 56/58 [00:03<00:00, 15.75it/s, loss=2.0614]
  Epoch 18/30:  97%|█████████████████████████████████▊ | 56/58 [00:03<00:00, 15.75it/s, loss=2.6998]
  Epoch 18/30: 100%|███████████████████████████████████| 58/58 [00:03<00:00, 16.65it/s, loss=2.6998]
                                                                                                    

  Epoch 19/30:   0%|                                                         | 0/58 [00:00<?, ?it/s]
  Epoch 19/30:   0%|                                            | 0/58 [00:00<?, ?it/s, loss=2.2695]
  Epoch 19/30:   0%|                                            | 0/58 [00:00<?, ?it/s, loss=2.4404]
  Epoch 19/30:   3%|█▏                                  | 2/58 [00:00<00:03, 14.17it/s, loss=2.4404]
  Epoch 19/30:   3%|█▏                                  | 2/58 [00:00<00:03, 14.17it/s, loss=2.4662]
  Epoch 19/30:   3%|█▏                                  | 2/58 [00:00<00:03, 14.17it/s, loss=2.2657]
  Epoch 19/30:   7%|██▍                                 | 4/58 [00:00<00:03, 15.47it/s, loss=2.2657]
  Epoch 19/30:   7%|██▍                                 | 4/58 [00:00<00:03, 15.47it/s, loss=2.5833]
  Epoch 19/30:   7%|██▍                                 | 4/58 [00:00<00:03, 15.47it/s, loss=2.1545]
  Epoch 19/30:  10%|███▋                                | 6/58 [00:00<00:03, 15.08it/s, loss=2.1545]
  Epoch 19/30:  10%|███▋                                | 6/58 [00:00<00:03, 15.08it/s, loss=2.2729]
  Epoch 19/30:  10%|███▋                                | 6/58 [00:00<00:03, 15.08it/s, loss=2.3408]
  Epoch 19/30:  14%|████▉                               | 8/58 [00:00<00:03, 15.40it/s, loss=2.3408]
  Epoch 19/30:  14%|████▉                               | 8/58 [00:00<00:03, 15.40it/s, loss=2.3314]
  Epoch 19/30:  14%|████▉                               | 8/58 [00:00<00:03, 15.40it/s, loss=2.2555]
  Epoch 19/30:  17%|██████                             | 10/58 [00:00<00:02, 16.56it/s, loss=2.2555]
  Epoch 19/30:  17%|██████                             | 10/58 [00:00<00:02, 16.56it/s, loss=2.1500]
  Epoch 19/30:  17%|██████                             | 10/58 [00:00<00:02, 16.56it/s, loss=2.0010]
  Epoch 19/30:  21%|███████▏                           | 12/58 [00:00<00:02, 16.10it/s, loss=2.0010]
  Epoch 19/30:  21%|███████▏                           | 12/58 [00:00<00:02, 16.10it/s, loss=2.4454]
  Epoch 19/30:  21%|███████▏                           | 12/58 [00:00<00:02, 16.10it/s, loss=2.5125]
  Epoch 19/30:  24%|████████▍                          | 14/58 [00:00<00:02, 16.28it/s, loss=2.5125]
  Epoch 19/30:  24%|████████▍                          | 14/58 [00:00<00:02, 16.28it/s, loss=2.1579]
  Epoch 19/30:  24%|████████▍                          | 14/58 [00:01<00:02, 16.28it/s, loss=2.0058]
  Epoch 19/30:  28%|█████████▋                         | 16/58 [00:01<00:02, 16.29it/s, loss=2.0058]
  Epoch 19/30:  28%|█████████▋                         | 16/58 [00:01<00:02, 16.29it/s, loss=2.1889]
  Epoch 19/30:  28%|█████████▋                         | 16/58 [00:01<00:02, 16.29it/s, loss=2.5348]
  Epoch 19/30:  31%|██████████▊                        | 18/58 [00:01<00:02, 15.91it/s, loss=2.5348]
  Epoch 19/30:  31%|██████████▊                        | 18/58 [00:01<00:02, 15.91it/s, loss=2.3077]
  Epoch 19/30:  31%|██████████▊                        | 18/58 [00:01<00:02, 15.91it/s, loss=2.1024]
  Epoch 19/30:  34%|████████████                       | 20/58 [00:01<00:02, 15.80it/s, loss=2.1024]
  Epoch 19/30:  34%|████████████                       | 20/58 [00:01<00:02, 15.80it/s, loss=2.1291]
  Epoch 19/30:  34%|████████████                       | 20/58 [00:01<00:02, 15.80it/s, loss=2.4125]
  Epoch 19/30:  38%|█████████████▎                     | 22/58 [00:01<00:02, 15.44it/s, loss=2.4125]
  Epoch 19/30:  38%|█████████████▎                     | 22/58 [00:01<00:02, 15.44it/s, loss=2.1295]
  Epoch 19/30:  38%|█████████████▎                     | 22/58 [00:01<00:02, 15.44it/s, loss=2.1272]
  Epoch 19/30:  41%|██████████████▍                    | 24/58 [00:01<00:02, 15.24it/s, loss=2.1272]
  Epoch 19/30:  41%|██████████████▍                    | 24/58 [00:01<00:02, 15.24it/s, loss=2.0780]
  Epoch 19/30:  41%|██████████████▍                    | 24/58 [00:01<00:02, 15.24it/s, loss=2.1101]
  Epoch 19/30:  45%|███████████████▋                   | 26/58 [00:01<00:02, 15.38it/s, loss=2.1101]
  Epoch 19/30:  45%|███████████████▋                   | 26/58 [00:01<00:02, 15.38it/s, loss=1.8343]
  Epoch 19/30:  45%|███████████████▋                   | 26/58 [00:01<00:02, 15.38it/s, loss=2.1543]
  Epoch 19/30:  48%|████████████████▉                  | 28/58 [00:01<00:01, 16.36it/s, loss=2.1543]
  Epoch 19/30:  48%|████████████████▉                  | 28/58 [00:01<00:01, 16.36it/s, loss=2.0079]
  Epoch 19/30:  48%|████████████████▉                  | 28/58 [00:01<00:01, 16.36it/s, loss=1.9405]
  Epoch 19/30:  48%|████████████████▉                  | 28/58 [00:01<00:01, 16.36it/s, loss=2.1202]
  Epoch 19/30:  53%|██████████████████▋                | 31/58 [00:01<00:01, 17.97it/s, loss=2.1202]
  Epoch 19/30:  53%|██████████████████▋                | 31/58 [00:01<00:01, 17.97it/s, loss=2.2348]
  Epoch 19/30:  53%|██████████████████▋                | 31/58 [00:02<00:01, 17.97it/s, loss=1.8766]
  Epoch 19/30:  53%|██████████████████▋                | 31/58 [00:02<00:01, 17.97it/s, loss=1.8601]
  Epoch 19/30:  59%|████████████████████▌              | 34/58 [00:02<00:01, 18.46it/s, loss=1.8601]
  Epoch 19/30:  59%|████████████████████▌              | 34/58 [00:02<00:01, 18.46it/s, loss=2.0349]
  Epoch 19/30:  59%|████████████████████▌              | 34/58 [00:02<00:01, 18.46it/s, loss=1.9215]
  Epoch 19/30:  62%|█████████████████████▋             | 36/58 [00:02<00:01, 16.98it/s, loss=1.9215]
  Epoch 19/30:  62%|█████████████████████▋             | 36/58 [00:02<00:01, 16.98it/s, loss=1.9317]
  Epoch 19/30:  62%|█████████████████████▋             | 36/58 [00:02<00:01, 16.98it/s, loss=1.9607]
  Epoch 19/30:  66%|██████████████████████▉            | 38/58 [00:02<00:01, 16.94it/s, loss=1.9607]
  Epoch 19/30:  66%|██████████████████████▉            | 38/58 [00:02<00:01, 16.94it/s, loss=1.9623]
  Epoch 19/30:  66%|██████████████████████▉            | 38/58 [00:02<00:01, 16.94it/s, loss=1.8993]
  Epoch 19/30:  69%|████████████████████████▏          | 40/58 [00:02<00:01, 16.92it/s, loss=1.8993]
  Epoch 19/30:  69%|████████████████████████▏          | 40/58 [00:02<00:01, 16.92it/s, loss=2.2018]
  Epoch 19/30:  69%|████████████████████████▏          | 40/58 [00:02<00:01, 16.92it/s, loss=1.7762]
  Epoch 19/30:  72%|█████████████████████████▎         | 42/58 [00:02<00:00, 16.18it/s, loss=1.7762]
  Epoch 19/30:  72%|█████████████████████████▎         | 42/58 [00:02<00:00, 16.18it/s, loss=1.7743]
  Epoch 19/30:  72%|█████████████████████████▎         | 42/58 [00:02<00:00, 16.18it/s, loss=1.8618]
  Epoch 19/30:  76%|██████████████████████████▌        | 44/58 [00:02<00:00, 15.98it/s, loss=1.8618]
  Epoch 19/30:  76%|██████████████████████████▌        | 44/58 [00:02<00:00, 15.98it/s, loss=1.9437]
  Epoch 19/30:  76%|██████████████████████████▌        | 44/58 [00:02<00:00, 15.98it/s, loss=1.6316]
  Epoch 19/30:  79%|███████████████████████████▊       | 46/58 [00:02<00:00, 14.90it/s, loss=1.6316]
  Epoch 19/30:  79%|███████████████████████████▊       | 46/58 [00:02<00:00, 14.90it/s, loss=1.6563]
  Epoch 19/30:  79%|███████████████████████████▊       | 46/58 [00:03<00:00, 14.90it/s, loss=1.8292]
  Epoch 19/30:  83%|████████████████████████████▉      | 48/58 [00:03<00:00, 14.66it/s, loss=1.8292]
  Epoch 19/30:  83%|████████████████████████████▉      | 48/58 [00:03<00:00, 14.66it/s, loss=1.8639]
  Epoch 19/30:  83%|████████████████████████████▉      | 48/58 [00:03<00:00, 14.66it/s, loss=1.8790]
  Epoch 19/30:  86%|██████████████████████████████▏    | 50/58 [00:03<00:00, 14.86it/s, loss=1.8790]
  Epoch 19/30:  86%|██████████████████████████████▏    | 50/58 [00:03<00:00, 14.86it/s, loss=1.6296]
  Epoch 19/30:  86%|██████████████████████████████▏    | 50/58 [00:03<00:00, 14.86it/s, loss=1.5504]
  Epoch 19/30:  90%|███████████████████████████████▍   | 52/58 [00:03<00:00, 14.20it/s, loss=1.5504]
  Epoch 19/30:  90%|███████████████████████████████▍   | 52/58 [00:03<00:00, 14.20it/s, loss=1.7765]
  Epoch 19/30:  90%|███████████████████████████████▍   | 52/58 [00:03<00:00, 14.20it/s, loss=1.5778]
  Epoch 19/30:  93%|████████████████████████████████▌  | 54/58 [00:03<00:00, 14.59it/s, loss=1.5778]
  Epoch 19/30:  93%|████████████████████████████████▌  | 54/58 [00:03<00:00, 14.59it/s, loss=1.8473]
  Epoch 19/30:  93%|████████████████████████████████▌  | 54/58 [00:03<00:00, 14.59it/s, loss=1.7869]
  Epoch 19/30:  93%|████████████████████████████████▌  | 54/58 [00:03<00:00, 14.59it/s, loss=1.5295]
  Epoch 19/30:  98%|██████████████████████████████████▍| 57/58 [00:03<00:00, 16.48it/s, loss=1.5295]
  Epoch 19/30:  98%|██████████████████████████████████▍| 57/58 [00:03<00:00, 16.48it/s, loss=2.1529]
                                                                                                    

  Epoch 20/30:   0%|                                                         | 0/58 [00:00<?, ?it/s]
  Epoch 20/30:   0%|                                            | 0/58 [00:00<?, ?it/s, loss=1.4507]
  Epoch 20/30:   0%|                                            | 0/58 [00:00<?, ?it/s, loss=1.6799]
  Epoch 20/30:   3%|█▏                                  | 2/58 [00:00<00:03, 15.80it/s, loss=1.6799]
  Epoch 20/30:   3%|█▏                                  | 2/58 [00:00<00:03, 15.80it/s, loss=1.5720]
  Epoch 20/30:   3%|█▏                                  | 2/58 [00:00<00:03, 15.80it/s, loss=1.5326]
  Epoch 20/30:   7%|██▍                                 | 4/58 [00:00<00:03, 17.30it/s, loss=1.5326]
  Epoch 20/30:   7%|██▍                                 | 4/58 [00:00<00:03, 17.30it/s, loss=1.7800]
  Epoch 20/30:   7%|██▍                                 | 4/58 [00:00<00:03, 17.30it/s, loss=1.7830]
  Epoch 20/30:   7%|██▍                                 | 4/58 [00:00<00:03, 17.30it/s, loss=1.6390]
  Epoch 20/30:  12%|████▎                               | 7/58 [00:00<00:02, 19.08it/s, loss=1.6390]
  Epoch 20/30:  12%|████▎                               | 7/58 [00:00<00:02, 19.08it/s, loss=1.9136]
  Epoch 20/30:  12%|████▎                               | 7/58 [00:00<00:02, 19.08it/s, loss=1.7641]
  Epoch 20/30:  12%|████▎                               | 7/58 [00:00<00:02, 19.08it/s, loss=1.9292]
  Epoch 20/30:  17%|██████                             | 10/58 [00:00<00:02, 19.61it/s, loss=1.9292]
  Epoch 20/30:  17%|██████                             | 10/58 [00:00<00:02, 19.61it/s, loss=1.4779]
  Epoch 20/30:  17%|██████                             | 10/58 [00:00<00:02, 19.61it/s, loss=1.7863]
  Epoch 20/30:  21%|███████▏                           | 12/58 [00:00<00:02, 19.17it/s, loss=1.7863]
  Epoch 20/30:  21%|███████▏                           | 12/58 [00:00<00:02, 19.17it/s, loss=1.7441]
  Epoch 20/30:  21%|███████▏                           | 12/58 [00:00<00:02, 19.17it/s, loss=1.6648]
  Epoch 20/30:  24%|████████▍                          | 14/58 [00:00<00:02, 19.12it/s, loss=1.6648]
  Epoch 20/30:  24%|████████▍                          | 14/58 [00:00<00:02, 19.12it/s, loss=1.4726]
  Epoch 20/30:  24%|████████▍                          | 14/58 [00:00<00:02, 19.12it/s, loss=1.6281]
  Epoch 20/30:  28%|█████████▋                         | 16/58 [00:00<00:02, 19.11it/s, loss=1.6281]
  Epoch 20/30:  28%|█████████▋                         | 16/58 [00:00<00:02, 19.11it/s, loss=1.7468]
  Epoch 20/30:  28%|█████████▋                         | 16/58 [00:00<00:02, 19.11it/s, loss=1.5655]
  Epoch 20/30:  31%|██████████▊                        | 18/58 [00:00<00:02, 18.88it/s, loss=1.5655]
  Epoch 20/30:  31%|██████████▊                        | 18/58 [00:01<00:02, 18.88it/s, loss=1.5298]
  Epoch 20/30:  31%|██████████▊                        | 18/58 [00:01<00:02, 18.88it/s, loss=1.6950]
  Epoch 20/30:  34%|████████████                       | 20/58 [00:01<00:02, 18.66it/s, loss=1.6950]
  Epoch 20/30:  34%|████████████                       | 20/58 [00:01<00:02, 18.66it/s, loss=1.5098]
  Epoch 20/30:  34%|████████████                       | 20/58 [00:01<00:02, 18.66it/s, loss=1.5524]
  Epoch 20/30:  38%|█████████████▎                     | 22/58 [00:01<00:01, 18.84it/s, loss=1.5524]
  Epoch 20/30:  38%|█████████████▎                     | 22/58 [00:01<00:01, 18.84it/s, loss=1.5092]
  Epoch 20/30:  38%|█████████████▎                     | 22/58 [00:01<00:01, 18.84it/s, loss=1.3934]
  Epoch 20/30:  41%|██████████████▍                    | 24/58 [00:01<00:01, 18.36it/s, loss=1.3934]
  Epoch 20/30:  41%|██████████████▍                    | 24/58 [00:01<00:01, 18.36it/s, loss=1.2797]
  Epoch 20/30:  41%|██████████████▍                    | 24/58 [00:01<00:01, 18.36it/s, loss=1.4783]
  Epoch 20/30:  41%|██████████████▍                    | 24/58 [00:01<00:01, 18.36it/s, loss=1.5726]
  Epoch 20/30:  47%|████████████████▎                  | 27/58 [00:01<00:01, 19.37it/s, loss=1.5726]
  Epoch 20/30:  47%|████████████████▎                  | 27/58 [00:01<00:01, 19.37it/s, loss=1.6872]
  Epoch 20/30:  47%|████████████████▎                  | 27/58 [00:01<00:01, 19.37it/s, loss=1.3482]
  Epoch 20/30:  50%|█████████████████▌                 | 29/58 [00:01<00:01, 19.15it/s, loss=1.3482]
  Epoch 20/30:  50%|█████████████████▌                 | 29/58 [00:01<00:01, 19.15it/s, loss=1.5723]
  Epoch 20/30:  50%|█████████████████▌                 | 29/58 [00:01<00:01, 19.15it/s, loss=1.3882]
  Epoch 20/30:  53%|██████████████████▋                | 31/58 [00:01<00:01, 19.01it/s, loss=1.3882]
  Epoch 20/30:  53%|██████████████████▋                | 31/58 [00:01<00:01, 19.01it/s, loss=1.3998]
  Epoch 20/30:  53%|██████████████████▋                | 31/58 [00:01<00:01, 19.01it/s, loss=1.5244]
  Epoch 20/30:  57%|███████████████████▉               | 33/58 [00:01<00:01, 18.32it/s, loss=1.5244]
  Epoch 20/30:  57%|███████████████████▉               | 33/58 [00:01<00:01, 18.32it/s, loss=1.2261]
  Epoch 20/30:  57%|███████████████████▉               | 33/58 [00:01<00:01, 18.32it/s, loss=1.4013]
  Epoch 20/30:  60%|█████████████████████              | 35/58 [00:01<00:01, 18.60it/s, loss=1.4013]
  Epoch 20/30:  60%|█████████████████████              | 35/58 [00:01<00:01, 18.60it/s, loss=1.4225]
  Epoch 20/30:  60%|█████████████████████              | 35/58 [00:01<00:01, 18.60it/s, loss=1.4309]
  Epoch 20/30:  60%|█████████████████████              | 35/58 [00:01<00:01, 18.60it/s, loss=1.4631]
  Epoch 20/30:  66%|██████████████████████▉            | 38/58 [00:01<00:01, 19.83it/s, loss=1.4631]
  Epoch 20/30:  66%|██████████████████████▉            | 38/58 [00:02<00:01, 19.83it/s, loss=1.4238]
  Epoch 20/30:  66%|██████████████████████▉            | 38/58 [00:02<00:01, 19.83it/s, loss=1.5115]
  Epoch 20/30:  69%|████████████████████████▏          | 40/58 [00:02<00:00, 18.31it/s, loss=1.5115]
  Epoch 20/30:  69%|████████████████████████▏          | 40/58 [00:02<00:00, 18.31it/s, loss=1.5085]
  Epoch 20/30:  69%|████████████████████████▏          | 40/58 [00:02<00:00, 18.31it/s, loss=1.3569]
  Epoch 20/30:  72%|█████████████████████████▎         | 42/58 [00:02<00:00, 17.39it/s, loss=1.3569]
  Epoch 20/30:  72%|█████████████████████████▎         | 42/58 [00:02<00:00, 17.39it/s, loss=1.4184]
  Epoch 20/30:  72%|█████████████████████████▎         | 42/58 [00:02<00:00, 17.39it/s, loss=1.2902]
  Epoch 20/30:  76%|██████████████████████████▌        | 44/58 [00:02<00:00, 16.71it/s, loss=1.2902]
  Epoch 20/30:  76%|██████████████████████████▌        | 44/58 [00:02<00:00, 16.71it/s, loss=1.4479]
  Epoch 20/30:  76%|██████████████████████████▌        | 44/58 [00:02<00:00, 16.71it/s, loss=1.3185]
  Epoch 20/30:  79%|███████████████████████████▊       | 46/58 [00:02<00:00, 15.53it/s, loss=1.3185]
  Epoch 20/30:  79%|███████████████████████████▊       | 46/58 [00:02<00:00, 15.53it/s, loss=1.4227]
  Epoch 20/30:  79%|███████████████████████████▊       | 46/58 [00:02<00:00, 15.53it/s, loss=1.3427]
  Epoch 20/30:  83%|████████████████████████████▉      | 48/58 [00:02<00:00, 15.68it/s, loss=1.3427]
  Epoch 20/30:  83%|████████████████████████████▉      | 48/58 [00:02<00:00, 15.68it/s, loss=1.4273]
  Epoch 20/30:  83%|████████████████████████████▉      | 48/58 [00:02<00:00, 15.68it/s, loss=1.3383]
  Epoch 20/30:  86%|██████████████████████████████▏    | 50/58 [00:02<00:00, 14.95it/s, loss=1.3383]
  Epoch 20/30:  86%|██████████████████████████████▏    | 50/58 [00:02<00:00, 14.95it/s, loss=1.2161]
  Epoch 20/30:  86%|██████████████████████████████▏    | 50/58 [00:02<00:00, 14.95it/s, loss=1.3781]
  Epoch 20/30:  90%|███████████████████████████████▍   | 52/58 [00:02<00:00, 15.87it/s, loss=1.3781]
  Epoch 20/30:  90%|███████████████████████████████▍   | 52/58 [00:02<00:00, 15.87it/s, loss=1.2335]
  Epoch 20/30:  90%|███████████████████████████████▍   | 52/58 [00:03<00:00, 15.87it/s, loss=1.1462]
  Epoch 20/30:  93%|████████████████████████████████▌  | 54/58 [00:03<00:00, 16.06it/s, loss=1.1462]
  Epoch 20/30:  93%|████████████████████████████████▌  | 54/58 [00:03<00:00, 16.06it/s, loss=1.2668]
  Epoch 20/30:  93%|████████████████████████████████▌  | 54/58 [00:03<00:00, 16.06it/s, loss=1.2374]
  Epoch 20/30:  93%|████████████████████████████████▌  | 54/58 [00:03<00:00, 16.06it/s, loss=1.3076]
  Epoch 20/30:  98%|██████████████████████████████████▍| 57/58 [00:03<00:00, 17.43it/s, loss=1.3076]
  Epoch 20/30:  98%|██████████████████████████████████▍| 57/58 [00:03<00:00, 17.43it/s, loss=1.1136]
                                                                                                    
  Epoch 20/30 │ Loss: 1.4866 │ T+1: -924.2070 │ T+2: -196.9902 │ T+3: -1320.2626 ★ NEW BEST

  Epoch 21/30:   0%|                                                         | 0/58 [00:00<?, ?it/s]
  Epoch 21/30:   0%|                                            | 0/58 [00:00<?, ?it/s, loss=1.1926]
  Epoch 21/30:   0%|                                            | 0/58 [00:00<?, ?it/s, loss=1.2935]
  Epoch 21/30:   0%|                                            | 0/58 [00:00<?, ?it/s, loss=1.2690]
  Epoch 21/30:   5%|█▊                                  | 3/58 [00:00<00:02, 20.15it/s, loss=1.2690]
  Epoch 21/30:   5%|█▊                                  | 3/58 [00:00<00:02, 20.15it/s, loss=1.1576]
  Epoch 21/30:   5%|█▊                                  | 3/58 [00:00<00:02, 20.15it/s, loss=1.5031]
  Epoch 21/30:   5%|█▊                                  | 3/58 [00:00<00:02, 20.15it/s, loss=1.2868]
  Epoch 21/30:  10%|███▋                                | 6/58 [00:00<00:02, 20.31it/s, loss=1.2868]
  Epoch 21/30:  10%|███▋                                | 6/58 [00:00<00:02, 20.31it/s, loss=1.1793]
  Epoch 21/30:  10%|███▋                                | 6/58 [00:00<00:02, 20.31it/s, loss=1.2202]
  Epoch 21/30:  10%|███▋                                | 6/58 [00:00<00:02, 20.31it/s, loss=1.3444]
  Epoch 21/30:  16%|█████▌                              | 9/58 [00:00<00:02, 19.16it/s, loss=1.3444]
  Epoch 21/30:  16%|█████▌                              | 9/58 [00:00<00:02, 19.16it/s, loss=1.2698]
  Epoch 21/30:  16%|█████▌                              | 9/58 [00:00<00:02, 19.16it/s, loss=1.0574]
  Epoch 21/30:  16%|█████▌                              | 9/58 [00:00<00:02, 19.16it/s, loss=1.4764]
  Epoch 21/30:  21%|███████▏                           | 12/58 [00:00<00:02, 19.06it/s, loss=1.4764]
  Epoch 21/30:  21%|███████▏                           | 12/58 [00:00<00:02, 19.06it/s, loss=1.2092]
  Epoch 21/30:  21%|███████▏                           | 12/58 [00:00<00:02, 19.06it/s, loss=1.2503]
  Epoch 21/30:  24%|████████▍                          | 14/58 [00:00<00:02, 18.39it/s, loss=1.2503]
  Epoch 21/30:  24%|████████▍                          | 14/58 [00:00<00:02, 18.39it/s, loss=1.2415]
  Epoch 21/30:  24%|████████▍                          | 14/58 [00:00<00:02, 18.39it/s, loss=1.2360]
  Epoch 21/30:  24%|████████▍                          | 14/58 [00:00<00:02, 18.39it/s, loss=1.1585]
  Epoch 21/30:  29%|██████████▎                        | 17/58 [00:00<00:02, 19.30it/s, loss=1.1585]
  Epoch 21/30:  29%|██████████▎                        | 17/58 [00:00<00:02, 19.30it/s, loss=1.0354]
  Epoch 21/30:  29%|██████████▎                        | 17/58 [00:01<00:02, 19.30it/s, loss=1.1972]
  Epoch 21/30:  33%|███████████▍                       | 19/58 [00:01<00:02, 18.11it/s, loss=1.1972]
  Epoch 21/30:  33%|███████████▍                       | 19/58 [00:01<00:02, 18.11it/s, loss=1.1177]
  Epoch 21/30:  33%|███████████▍                       | 19/58 [00:01<00:02, 18.11it/s, loss=0.9712]
  Epoch 21/30:  36%|████████████▋                      | 21/58 [00:01<00:02, 17.61it/s, loss=0.9712]
  Epoch 21/30:  36%|████████████▋                      | 21/58 [00:01<00:02, 17.61it/s, loss=1.1043]
  Epoch 21/30:  36%|████████████▋                      | 21/58 [00:01<00:02, 17.61it/s, loss=1.1184]
  Epoch 21/30:  40%|█████████████▉                     | 23/58 [00:01<00:02, 17.43it/s, loss=1.1184]
  Epoch 21/30:  40%|█████████████▉                     | 23/58 [00:01<00:02, 17.43it/s, loss=1.1031]
  Epoch 21/30:  40%|█████████████▉                     | 23/58 [00:01<00:02, 17.43it/s, loss=1.1212]
  Epoch 21/30:  40%|█████████████▉                     | 23/58 [00:01<00:02, 17.43it/s, loss=1.1094]
  Epoch 21/30:  45%|███████████████▋                   | 26/58 [00:01<00:01, 18.58it/s, loss=1.1094]
  Epoch 21/30:  45%|███████████████▋                   | 26/58 [00:01<00:01, 18.58it/s, loss=1.1324]
  Epoch 21/30:  45%|███████████████▋                   | 26/58 [00:01<00:01, 18.58it/s, loss=1.0689]
  Epoch 21/30:  48%|████████████████▉                  | 28/58 [00:01<00:01, 17.95it/s, loss=1.0689]
  Epoch 21/30:  48%|████████████████▉                  | 28/58 [00:01<00:01, 17.95it/s, loss=1.0224]
  Epoch 21/30:  48%|████████████████▉                  | 28/58 [00:01<00:01, 17.95it/s, loss=1.1176]
  Epoch 21/30:  52%|██████████████████                 | 30/58 [00:01<00:01, 18.11it/s, loss=1.1176]
  Epoch 21/30:  52%|██████████████████                 | 30/58 [00:01<00:01, 18.11it/s, loss=1.1852]
  Epoch 21/30:  52%|██████████████████                 | 30/58 [00:01<00:01, 18.11it/s, loss=1.0713]
  Epoch 21/30:  55%|███████████████████▎               | 32/58 [00:01<00:01, 18.36it/s, loss=1.0713]
  Epoch 21/30:  55%|███████████████████▎               | 32/58 [00:01<00:01, 18.36it/s, loss=1.0053]
  Epoch 21/30:  55%|███████████████████▎               | 32/58 [00:01<00:01, 18.36it/s, loss=1.1035]
  Epoch 21/30:  55%|███████████████████▎               | 32/58 [00:01<00:01, 18.36it/s, loss=0.9995]
  Epoch 21/30:  60%|█████████████████████              | 35/58 [00:01<00:01, 19.93it/s, loss=0.9995]
  Epoch 21/30:  60%|█████████████████████              | 35/58 [00:01<00:01, 19.93it/s, loss=1.0973]
  Epoch 21/30:  60%|█████████████████████              | 35/58 [00:01<00:01, 19.93it/s, loss=0.9793]
  Epoch 21/30:  60%|█████████████████████              | 35/58 [00:01<00:01, 19.93it/s, loss=1.0690]
  Epoch 21/30:  66%|██████████████████████▉            | 38/58 [00:01<00:00, 20.56it/s, loss=1.0690]
  Epoch 21/30:  66%|██████████████████████▉            | 38/58 [00:02<00:00, 20.56it/s, loss=1.1429]
  Epoch 21/30:  66%|██████████████████████▉            | 38/58 [00:02<00:00, 20.56it/s, loss=1.0129]
  Epoch 21/30:  66%|██████████████████████▉            | 38/58 [00:02<00:00, 20.56it/s, loss=0.9612]
  Epoch 21/30:  71%|████████████████████████▋          | 41/58 [00:02<00:00, 21.06it/s, loss=0.9612]
  Epoch 21/30:  71%|████████████████████████▋          | 41/58 [00:02<00:00, 21.06it/s, loss=1.0916]
  Epoch 21/30:  71%|████████████████████████▋          | 41/58 [00:02<00:00, 21.06it/s, loss=0.9251]
  Epoch 21/30:  71%|████████████████████████▋          | 41/58 [00:02<00:00, 21.06it/s, loss=1.1208]
  Epoch 21/30:  76%|██████████████████████████▌        | 44/58 [00:02<00:00, 21.02it/s, loss=1.1208]
  Epoch 21/30:  76%|██████████████████████████▌        | 44/58 [00:02<00:00, 21.02it/s, loss=0.9159]
  Epoch 21/30:  76%|██████████████████████████▌        | 44/58 [00:02<00:00, 21.02it/s, loss=0.9911]
  Epoch 21/30:  76%|██████████████████████████▌        | 44/58 [00:02<00:00, 21.02it/s, loss=1.0493]
  Epoch 21/30:  81%|████████████████████████████▎      | 47/58 [00:02<00:00, 21.44it/s, loss=1.0493]
  Epoch 21/30:  81%|████████████████████████████▎      | 47/58 [00:02<00:00, 21.44it/s, loss=0.9836]
  Epoch 21/30:  81%|████████████████████████████▎      | 47/58 [00:02<00:00, 21.44it/s, loss=0.8836]
  Epoch 21/30:  81%|████████████████████████████▎      | 47/58 [00:02<00:00, 21.44it/s, loss=0.9271]
  Epoch 21/30:  86%|██████████████████████████████▏    | 50/58 [00:02<00:00, 19.86it/s, loss=0.9271]
  Epoch 21/30:  86%|██████████████████████████████▏    | 50/58 [00:02<00:00, 19.86it/s, loss=0.9581]
  Epoch 21/30:  86%|██████████████████████████████▏    | 50/58 [00:02<00:00, 19.86it/s, loss=1.1506]
  Epoch 21/30:  86%|██████████████████████████████▏    | 50/58 [00:02<00:00, 19.86it/s, loss=1.0479]
  Epoch 21/30:  91%|███████████████████████████████▉   | 53/58 [00:02<00:00, 20.16it/s, loss=1.0479]
  Epoch 21/30:  91%|███████████████████████████████▉   | 53/58 [00:02<00:00, 20.16it/s, loss=1.0105]
  Epoch 21/30:  91%|███████████████████████████████▉   | 53/58 [00:02<00:00, 20.16it/s, loss=0.9186]
  Epoch 21/30:  91%|███████████████████████████████▉   | 53/58 [00:02<00:00, 20.16it/s, loss=0.9190]
  Epoch 21/30:  97%|█████████████████████████████████▊ | 56/58 [00:02<00:00, 19.65it/s, loss=0.9190]
  Epoch 21/30:  97%|█████████████████████████████████▊ | 56/58 [00:02<00:00, 19.65it/s, loss=0.8676]
  Epoch 21/30:  97%|█████████████████████████████████▊ | 56/58 [00:02<00:00, 19.65it/s, loss=0.7079]
                                                                                                    

  Epoch 22/30:   0%|                                                         | 0/58 [00:00<?, ?it/s]
  Epoch 22/30:   0%|                                            | 0/58 [00:00<?, ?it/s, loss=0.8159]
  Epoch 22/30:   0%|                                            | 0/58 [00:00<?, ?it/s, loss=0.9431]
  Epoch 22/30:   3%|█▏                                  | 2/58 [00:00<00:02, 19.51it/s, loss=0.9431]
  Epoch 22/30:   3%|█▏                                  | 2/58 [00:00<00:02, 19.51it/s, loss=0.8144]
  Epoch 22/30:   3%|█▏                                  | 2/58 [00:00<00:02, 19.51it/s, loss=1.0110]
  Epoch 22/30:   7%|██▍                                 | 4/58 [00:00<00:02, 19.71it/s, loss=1.0110]
  Epoch 22/30:   7%|██▍                                 | 4/58 [00:00<00:02, 19.71it/s, loss=0.8018]
  Epoch 22/30:   7%|██▍                                 | 4/58 [00:00<00:02, 19.71it/s, loss=0.9197]
  Epoch 22/30:   7%|██▍                                 | 4/58 [00:00<00:02, 19.71it/s, loss=0.9491]
  Epoch 22/30:  12%|████▎                               | 7/58 [00:00<00:02, 20.89it/s, loss=0.9491]
  Epoch 22/30:  12%|████▎                               | 7/58 [00:00<00:02, 20.89it/s, loss=0.9869]
  Epoch 22/30:  12%|████▎                               | 7/58 [00:00<00:02, 20.89it/s, loss=0.9194]
  Epoch 22/30:  12%|████▎                               | 7/58 [00:00<00:02, 20.89it/s, loss=0.8611]
  Epoch 22/30:  17%|██████                             | 10/58 [00:00<00:02, 22.43it/s, loss=0.8611]
  Epoch 22/30:  17%|██████                             | 10/58 [00:00<00:02, 22.43it/s, loss=0.9753]
  Epoch 22/30:  17%|██████                             | 10/58 [00:00<00:02, 22.43it/s, loss=0.9370]
  Epoch 22/30:  17%|██████                             | 10/58 [00:00<00:02, 22.43it/s, loss=0.8699]
  Epoch 22/30:  22%|███████▊                           | 13/58 [00:00<00:01, 24.10it/s, loss=0.8699]
  Epoch 22/30:  22%|███████▊                           | 13/58 [00:00<00:01, 24.10it/s, loss=0.9715]
  Epoch 22/30:  22%|███████▊                           | 13/58 [00:00<00:01, 24.10it/s, loss=0.8376]
  Epoch 22/30:  22%|███████▊                           | 13/58 [00:00<00:01, 24.10it/s, loss=0.8912]
  Epoch 22/30:  28%|█████████▋                         | 16/58 [00:00<00:01, 23.23it/s, loss=0.8912]
  Epoch 22/30:  28%|█████████▋                         | 16/58 [00:00<00:01, 23.23it/s, loss=0.9035]
  Epoch 22/30:  28%|█████████▋                         | 16/58 [00:00<00:01, 23.23it/s, loss=0.8544]
  Epoch 22/30:  28%|█████████▋                         | 16/58 [00:00<00:01, 23.23it/s, loss=0.8209]
  Epoch 22/30:  33%|███████████▍                       | 19/58 [00:00<00:01, 23.36it/s, loss=0.8209]
  Epoch 22/30:  33%|███████████▍                       | 19/58 [00:00<00:01, 23.36it/s, loss=0.9217]
  Epoch 22/30:  33%|███████████▍                       | 19/58 [00:00<00:01, 23.36it/s, loss=0.9330]
  Epoch 22/30:  33%|███████████▍                       | 19/58 [00:00<00:01, 23.36it/s, loss=0.7384]
  Epoch 22/30:  38%|█████████████▎                     | 22/58 [00:00<00:01, 22.32it/s, loss=0.7384]
  Epoch 22/30:  38%|█████████████▎                     | 22/58 [00:01<00:01, 22.32it/s, loss=0.9839]
  Epoch 22/30:  38%|█████████████▎                     | 22/58 [00:01<00:01, 22.32it/s, loss=0.8453]
  Epoch 22/30:  38%|█████████████▎                     | 22/58 [00:01<00:01, 22.32it/s, loss=0.8180]
  Epoch 22/30:  43%|███████████████                    | 25/58 [00:01<00:01, 22.17it/s, loss=0.8180]
  Epoch 22/30:  43%|███████████████                    | 25/58 [00:01<00:01, 22.17it/s, loss=0.9027]
  Epoch 22/30:  43%|███████████████                    | 25/58 [00:01<00:01, 22.17it/s, loss=0.8526]
  Epoch 22/30:  43%|███████████████                    | 25/58 [00:01<00:01, 22.17it/s, loss=0.7338]
  Epoch 22/30:  48%|████████████████▉                  | 28/58 [00:01<00:01, 21.77it/s, loss=0.7338]
  Epoch 22/30:  48%|████████████████▉                  | 28/58 [00:01<00:01, 21.77it/s, loss=0.8700]
  Epoch 22/30:  48%|████████████████▉                  | 28/58 [00:01<00:01, 21.77it/s, loss=0.9427]
  Epoch 22/30:  48%|████████████████▉                  | 28/58 [00:01<00:01, 21.77it/s, loss=0.8096]
  Epoch 22/30:  53%|██████████████████▋                | 31/58 [00:01<00:01, 22.82it/s, loss=0.8096]
  Epoch 22/30:  53%|██████████████████▋                | 31/58 [00:01<00:01, 22.82it/s, loss=0.8397]
  Epoch 22/30:  53%|██████████████████▋                | 31/58 [00:01<00:01, 22.82it/s, loss=0.8209]
  Epoch 22/30:  53%|██████████████████▋                | 31/58 [00:01<00:01, 22.82it/s, loss=0.8098]
  Epoch 22/30:  59%|████████████████████▌              | 34/58 [00:01<00:01, 23.03it/s, loss=0.8098]
  Epoch 22/30:  59%|████████████████████▌              | 34/58 [00:01<00:01, 23.03it/s, loss=0.9461]
  Epoch 22/30:  59%|████████████████████▌              | 34/58 [00:01<00:01, 23.03it/s, loss=0.7269]
  Epoch 22/30:  59%|████████████████████▌              | 34/58 [00:01<00:01, 23.03it/s, loss=0.8726]
  Epoch 22/30:  64%|██████████████████████▎            | 37/58 [00:01<00:00, 22.15it/s, loss=0.8726]
  Epoch 22/30:  64%|██████████████████████▎            | 37/58 [00:01<00:00, 22.15it/s, loss=0.7396]
  Epoch 22/30:  64%|██████████████████████▎            | 37/58 [00:01<00:00, 22.15it/s, loss=0.7808]
  Epoch 22/30:  64%|██████████████████████▎            | 37/58 [00:01<00:00, 22.15it/s, loss=0.8861]
  Epoch 22/30:  69%|████████████████████████▏          | 40/58 [00:01<00:00, 21.15it/s, loss=0.8861]
  Epoch 22/30:  69%|████████████████████████▏          | 40/58 [00:01<00:00, 21.15it/s, loss=0.7476]
  Epoch 22/30:  69%|████████████████████████▏          | 40/58 [00:01<00:00, 21.15it/s, loss=0.8417]
  Epoch 22/30:  69%|████████████████████████▏          | 40/58 [00:01<00:00, 21.15it/s, loss=0.6600]
  Epoch 22/30:  74%|█████████████████████████▉         | 43/58 [00:01<00:00, 21.05it/s, loss=0.6600]
  Epoch 22/30:  74%|█████████████████████████▉         | 43/58 [00:02<00:00, 21.05it/s, loss=0.8352]
  Epoch 22/30:  74%|█████████████████████████▉         | 43/58 [00:02<00:00, 21.05it/s, loss=0.8195]
  Epoch 22/30:  74%|█████████████████████████▉         | 43/58 [00:02<00:00, 21.05it/s, loss=0.8073]
  Epoch 22/30:  79%|███████████████████████████▊       | 46/58 [00:02<00:00, 20.93it/s, loss=0.8073]
  Epoch 22/30:  79%|███████████████████████████▊       | 46/58 [00:02<00:00, 20.93it/s, loss=0.8412]
  Epoch 22/30:  79%|███████████████████████████▊       | 46/58 [00:02<00:00, 20.93it/s, loss=0.7372]
  Epoch 22/30:  79%|███████████████████████████▊       | 46/58 [00:02<00:00, 20.93it/s, loss=0.8463]
  Epoch 22/30:  84%|█████████████████████████████▌     | 49/58 [00:02<00:00, 19.94it/s, loss=0.8463]
  Epoch 22/30:  84%|█████████████████████████████▌     | 49/58 [00:02<00:00, 19.94it/s, loss=0.8076]
  Epoch 22/30:  84%|█████████████████████████████▌     | 49/58 [00:02<00:00, 19.94it/s, loss=0.7852]
  Epoch 22/30:  84%|█████████████████████████████▌     | 49/58 [00:02<00:00, 19.94it/s, loss=0.8344]
  Epoch 22/30:  90%|███████████████████████████████▍   | 52/58 [00:02<00:00, 19.11it/s, loss=0.8344]
  Epoch 22/30:  90%|███████████████████████████████▍   | 52/58 [00:02<00:00, 19.11it/s, loss=0.7938]
  Epoch 22/30:  90%|███████████████████████████████▍   | 52/58 [00:02<00:00, 19.11it/s, loss=0.7457]
  Epoch 22/30:  90%|███████████████████████████████▍   | 52/58 [00:02<00:00, 19.11it/s, loss=0.7223]
  Epoch 22/30:  95%|█████████████████████████████████▏ | 55/58 [00:02<00:00, 19.84it/s, loss=0.7223]
  Epoch 22/30:  95%|█████████████████████████████████▏ | 55/58 [00:02<00:00, 19.84it/s, loss=0.6339]
  Epoch 22/30:  95%|█████████████████████████████████▏ | 55/58 [00:02<00:00, 19.84it/s, loss=0.8037]
  Epoch 22/30:  95%|█████████████████████████████████▏ | 55/58 [00:02<00:00, 19.84it/s, loss=0.6784]
  Epoch 22/30: 100%|███████████████████████████████████| 58/58 [00:02<00:00, 20.67it/s, loss=0.6784]
                                                                                                    

  Epoch 23/30:   0%|                                                         | 0/58 [00:00<?, ?it/s]
  Epoch 23/30:   0%|                                            | 0/58 [00:00<?, ?it/s, loss=0.7420]
  Epoch 23/30:   0%|                                            | 0/58 [00:00<?, ?it/s, loss=0.6988]
  Epoch 23/30:   0%|                                            | 0/58 [00:00<?, ?it/s, loss=0.6915]
  Epoch 23/30:   5%|█▊                                  | 3/58 [00:00<00:02, 22.41it/s, loss=0.6915]
  Epoch 23/30:   5%|█▊                                  | 3/58 [00:00<00:02, 22.41it/s, loss=0.7647]
  Epoch 23/30:   5%|█▊                                  | 3/58 [00:00<00:02, 22.41it/s, loss=0.8271]
  Epoch 23/30:   5%|█▊                                  | 3/58 [00:00<00:02, 22.41it/s, loss=0.7613]
  Epoch 23/30:  10%|███▋                                | 6/58 [00:00<00:02, 22.56it/s, loss=0.7613]
  Epoch 23/30:  10%|███▋                                | 6/58 [00:00<00:02, 22.56it/s, loss=0.6724]
  Epoch 23/30:  10%|███▋                                | 6/58 [00:00<00:02, 22.56it/s, loss=0.6777]
  Epoch 23/30:  10%|███▋                                | 6/58 [00:00<00:02, 22.56it/s, loss=0.6773]
  Epoch 23/30:  16%|█████▌                              | 9/58 [00:00<00:02, 21.01it/s, loss=0.6773]
  Epoch 23/30:  16%|█████▌                              | 9/58 [00:00<00:02, 21.01it/s, loss=0.6487]
  Epoch 23/30:  16%|█████▌                              | 9/58 [00:00<00:02, 21.01it/s, loss=0.6909]
  Epoch 23/30:  16%|█████▌                              | 9/58 [00:00<00:02, 21.01it/s, loss=0.6444]
  Epoch 23/30:  21%|███████▏                           | 12/58 [00:00<00:02, 19.22it/s, loss=0.6444]
  Epoch 23/30:  21%|███████▏                           | 12/58 [00:00<00:02, 19.22it/s, loss=0.6844]
  Epoch 23/30:  21%|███████▏                           | 12/58 [00:00<00:02, 19.22it/s, loss=0.6818]
  Epoch 23/30:  21%|███████▏                           | 12/58 [00:00<00:02, 19.22it/s, loss=0.5998]
  Epoch 23/30:  26%|█████████                          | 15/58 [00:00<00:02, 19.25it/s, loss=0.5998]
  Epoch 23/30:  26%|█████████                          | 15/58 [00:00<00:02, 19.25it/s, loss=0.6015]
  Epoch 23/30:  26%|█████████                          | 15/58 [00:00<00:02, 19.25it/s, loss=0.6253]
  Epoch 23/30:  29%|██████████▎                        | 17/58 [00:00<00:02, 18.18it/s, loss=0.6253]
  Epoch 23/30:  29%|██████████▎                        | 17/58 [00:00<00:02, 18.18it/s, loss=0.6008]
  Epoch 23/30:  29%|██████████▎                        | 17/58 [00:01<00:02, 18.18it/s, loss=0.7144]
  Epoch 23/30:  33%|███████████▍                       | 19/58 [00:01<00:02, 17.64it/s, loss=0.7144]
  Epoch 23/30:  33%|███████████▍                       | 19/58 [00:01<00:02, 17.64it/s, loss=0.5860]
  Epoch 23/30:  33%|███████████▍                       | 19/58 [00:01<00:02, 17.64it/s, loss=0.6105]
  Epoch 23/30:  33%|███████████▍                       | 19/58 [00:01<00:02, 17.64it/s, loss=0.5968]
  Epoch 23/30:  38%|█████████████▎                     | 22/58 [00:01<00:01, 19.09it/s, loss=0.5968]
  Epoch 23/30:  38%|█████████████▎                     | 22/58 [00:01<00:01, 19.09it/s, loss=0.5853]
  Epoch 23/30:  38%|█████████████▎                     | 22/58 [00:01<00:01, 19.09it/s, loss=0.5811]
  Epoch 23/30:  38%|█████████████▎                     | 22/58 [00:01<00:01, 19.09it/s, loss=0.7228]
  Epoch 23/30:  43%|███████████████                    | 25/58 [00:01<00:01, 19.81it/s, loss=0.7228]
  Epoch 23/30:  43%|███████████████                    | 25/58 [00:01<00:01, 19.81it/s, loss=0.6665]
  Epoch 23/30:  43%|███████████████                    | 25/58 [00:01<00:01, 19.81it/s, loss=0.6800]
  Epoch 23/30:  43%|███████████████                    | 25/58 [00:01<00:01, 19.81it/s, loss=0.6996]
  Epoch 23/30:  48%|████████████████▉                  | 28/58 [00:01<00:01, 20.16it/s, loss=0.6996]
  Epoch 23/30:  48%|████████████████▉                  | 28/58 [00:01<00:01, 20.16it/s, loss=0.6695]
  Epoch 23/30:  48%|████████████████▉                  | 28/58 [00:01<00:01, 20.16it/s, loss=0.5744]
  Epoch 23/30:  48%|████████████████▉                  | 28/58 [00:01<00:01, 20.16it/s, loss=0.5295]
  Epoch 23/30:  53%|██████████████████▋                | 31/58 [00:01<00:01, 21.49it/s, loss=0.5295]
  Epoch 23/30:  53%|██████████████████▋                | 31/58 [00:01<00:01, 21.49it/s, loss=0.5733]
  Epoch 23/30:  53%|██████████████████▋                | 31/58 [00:01<00:01, 21.49it/s, loss=0.6596]
  Epoch 23/30:  53%|██████████████████▋                | 31/58 [00:01<00:01, 21.49it/s, loss=0.6521]
  Epoch 23/30:  59%|████████████████████▌              | 34/58 [00:01<00:01, 16.87it/s, loss=0.6521]
  Epoch 23/30:  59%|████████████████████▌              | 34/58 [00:01<00:01, 16.87it/s, loss=0.6539]
  Epoch 23/30:  59%|████████████████████▌              | 34/58 [00:01<00:01, 16.87it/s, loss=0.5843]
  Epoch 23/30:  62%|█████████████████████▋             | 36/58 [00:01<00:01, 17.35it/s, loss=0.5843]
  Epoch 23/30:  62%|█████████████████████▋             | 36/58 [00:01<00:01, 17.35it/s, loss=0.6476]
  Epoch 23/30:  62%|█████████████████████▋             | 36/58 [00:02<00:01, 17.35it/s, loss=0.5434]
  Epoch 23/30:  66%|██████████████████████▉            | 38/58 [00:02<00:01, 17.58it/s, loss=0.5434]
  Epoch 23/30:  66%|██████████████████████▉            | 38/58 [00:02<00:01, 17.58it/s, loss=0.5263]
  Epoch 23/30:  66%|██████████████████████▉            | 38/58 [00:02<00:01, 17.58it/s, loss=0.5216]
  Epoch 23/30:  69%|████████████████████████▏          | 40/58 [00:02<00:01, 17.77it/s, loss=0.5216]
  Epoch 23/30:  69%|████████████████████████▏          | 40/58 [00:02<00:01, 17.77it/s, loss=0.5808]
  Epoch 23/30:  69%|████████████████████████▏          | 40/58 [00:02<00:01, 17.77it/s, loss=0.5768]
  Epoch 23/30:  72%|█████████████████████████▎         | 42/58 [00:02<00:00, 17.54it/s, loss=0.5768]
  Epoch 23/30:  72%|█████████████████████████▎         | 42/58 [00:02<00:00, 17.54it/s, loss=0.5873]
  Epoch 23/30:  72%|█████████████████████████▎         | 42/58 [00:02<00:00, 17.54it/s, loss=0.5616]
  Epoch 23/30:  72%|█████████████████████████▎         | 42/58 [00:02<00:00, 17.54it/s, loss=0.6279]
  Epoch 23/30:  78%|███████████████████████████▏       | 45/58 [00:02<00:00, 18.75it/s, loss=0.6279]
  Epoch 23/30:  78%|███████████████████████████▏       | 45/58 [00:02<00:00, 18.75it/s, loss=0.5432]
  Epoch 23/30:  78%|███████████████████████████▏       | 45/58 [00:02<00:00, 18.75it/s, loss=0.5807]
  Epoch 23/30:  78%|███████████████████████████▏       | 45/58 [00:02<00:00, 18.75it/s, loss=0.5761]
  Epoch 23/30:  83%|████████████████████████████▉      | 48/58 [00:02<00:00, 19.60it/s, loss=0.5761]
  Epoch 23/30:  83%|████████████████████████████▉      | 48/58 [00:02<00:00, 19.60it/s, loss=0.5470]
  Epoch 23/30:  83%|████████████████████████████▉      | 48/58 [00:02<00:00, 19.60it/s, loss=0.5928]
  Epoch 23/30:  83%|████████████████████████████▉      | 48/58 [00:02<00:00, 19.60it/s, loss=0.6221]
  Epoch 23/30:  88%|██████████████████████████████▊    | 51/58 [00:02<00:00, 20.23it/s, loss=0.6221]
  Epoch 23/30:  88%|██████████████████████████████▊    | 51/58 [00:02<00:00, 20.23it/s, loss=0.6103]
  Epoch 23/30:  88%|██████████████████████████████▊    | 51/58 [00:02<00:00, 20.23it/s, loss=0.5977]
  Epoch 23/30:  88%|██████████████████████████████▊    | 51/58 [00:02<00:00, 20.23it/s, loss=0.5472]
  Epoch 23/30:  93%|████████████████████████████████▌  | 54/58 [00:02<00:00, 20.54it/s, loss=0.5472]
  Epoch 23/30:  93%|████████████████████████████████▌  | 54/58 [00:02<00:00, 20.54it/s, loss=0.5406]
  Epoch 23/30:  93%|████████████████████████████████▌  | 54/58 [00:02<00:00, 20.54it/s, loss=0.5782]
  Epoch 23/30:  93%|████████████████████████████████▌  | 54/58 [00:02<00:00, 20.54it/s, loss=0.4754]
  Epoch 23/30:  98%|██████████████████████████████████▍| 57/58 [00:02<00:00, 20.49it/s, loss=0.4754]
  Epoch 23/30:  98%|██████████████████████████████████▍| 57/58 [00:03<00:00, 20.49it/s, loss=0.3016]
                                                                                                    

  Epoch 24/30:   0%|                                                         | 0/58 [00:00<?, ?it/s]
  Epoch 24/30:   0%|                                            | 0/58 [00:00<?, ?it/s, loss=0.5698]
  Epoch 24/30:   0%|                                            | 0/58 [00:00<?, ?it/s, loss=0.5628]
  Epoch 24/30:   3%|█▏                                  | 2/58 [00:00<00:03, 18.47it/s, loss=0.5628]
  Epoch 24/30:   3%|█▏                                  | 2/58 [00:00<00:03, 18.47it/s, loss=0.5698]
  Epoch 24/30:   3%|█▏                                  | 2/58 [00:00<00:03, 18.47it/s, loss=0.4986]
  Epoch 24/30:   3%|█▏                                  | 2/58 [00:00<00:03, 18.47it/s, loss=0.5506]
  Epoch 24/30:   9%|███                                 | 5/58 [00:00<00:02, 20.80it/s, loss=0.5506]
  Epoch 24/30:   9%|███                                 | 5/58 [00:00<00:02, 20.80it/s, loss=0.5982]
  Epoch 24/30:   9%|███                                 | 5/58 [00:00<00:02, 20.80it/s, loss=0.5676]
  Epoch 24/30:   9%|███                                 | 5/58 [00:00<00:02, 20.80it/s, loss=0.4769]
  Epoch 24/30:  14%|████▉                               | 8/58 [00:00<00:02, 20.01it/s, loss=0.4769]
  Epoch 24/30:  14%|████▉                               | 8/58 [00:00<00:02, 20.01it/s, loss=0.4741]
  Epoch 24/30:  14%|████▉                               | 8/58 [00:00<00:02, 20.01it/s, loss=0.5546]
  Epoch 24/30:  17%|██████                             | 10/58 [00:00<00:02, 19.72it/s, loss=0.5546]
  Epoch 24/30:  17%|██████                             | 10/58 [00:00<00:02, 19.72it/s, loss=0.4821]
  Epoch 24/30:  17%|██████                             | 10/58 [00:00<00:02, 19.72it/s, loss=0.5660]
  Epoch 24/30:  17%|██████                             | 10/58 [00:00<00:02, 19.72it/s, loss=0.5099]
  Epoch 24/30:  22%|███████▊                           | 13/58 [00:00<00:02, 20.07it/s, loss=0.5099]
  Epoch 24/30:  22%|███████▊                           | 13/58 [00:00<00:02, 20.07it/s, loss=0.4503]
  Epoch 24/30:  22%|███████▊                           | 13/58 [00:00<00:02, 20.07it/s, loss=0.5097]
  Epoch 24/30:  22%|███████▊                           | 13/58 [00:00<00:02, 20.07it/s, loss=0.4945]
  Epoch 24/30:  28%|█████████▋                         | 16/58 [00:00<00:02, 20.69it/s, loss=0.4945]
  Epoch 24/30:  28%|█████████▋                         | 16/58 [00:00<00:02, 20.69it/s, loss=0.4564]
  Epoch 24/30:  28%|█████████▋                         | 16/58 [00:00<00:02, 20.69it/s, loss=0.5862]
  Epoch 24/30:  28%|█████████▋                         | 16/58 [00:00<00:02, 20.69it/s, loss=0.4777]
  Epoch 24/30:  33%|███████████▍                       | 19/58 [00:00<00:01, 20.75it/s, loss=0.4777]
  Epoch 24/30:  33%|███████████▍                       | 19/58 [00:00<00:01, 20.75it/s, loss=0.5287]
  Epoch 24/30:  33%|███████████▍                       | 19/58 [00:01<00:01, 20.75it/s, loss=0.4566]
  Epoch 24/30:  33%|███████████▍                       | 19/58 [00:01<00:01, 20.75it/s, loss=0.5008]
  Epoch 24/30:  38%|█████████████▎                     | 22/58 [00:01<00:01, 19.08it/s, loss=0.5008]
  Epoch 24/30:  38%|█████████████▎                     | 22/58 [00:01<00:01, 19.08it/s, loss=0.4689]
  Epoch 24/30:  38%|█████████████▎                     | 22/58 [00:01<00:01, 19.08it/s, loss=0.4831]
  Epoch 24/30:  38%|█████████████▎                     | 22/58 [00:01<00:01, 19.08it/s, loss=0.5155]
  Epoch 24/30:  43%|███████████████                    | 25/58 [00:01<00:01, 19.23it/s, loss=0.5155]
  Epoch 24/30:  43%|███████████████                    | 25/58 [00:01<00:01, 19.23it/s, loss=0.4599]
  Epoch 24/30:  43%|███████████████                    | 25/58 [00:01<00:01, 19.23it/s, loss=0.4476]
  Epoch 24/30:  47%|████████████████▎                  | 27/58 [00:01<00:01, 18.56it/s, loss=0.4476]
  Epoch 24/30:  47%|████████████████▎                  | 27/58 [00:01<00:01, 18.56it/s, loss=0.4909]
  Epoch 24/30:  47%|████████████████▎                  | 27/58 [00:01<00:01, 18.56it/s, loss=0.4293]
  Epoch 24/30:  50%|█████████████████▌                 | 29/58 [00:01<00:01, 18.23it/s, loss=0.4293]
  Epoch 24/30:  50%|█████████████████▌                 | 29/58 [00:01<00:01, 18.23it/s, loss=0.4665]
  Epoch 24/30:  50%|█████████████████▌                 | 29/58 [00:01<00:01, 18.23it/s, loss=0.3919]
  Epoch 24/30:  53%|██████████████████▋                | 31/58 [00:01<00:01, 18.15it/s, loss=0.3919]
  Epoch 24/30:  53%|██████████████████▋                | 31/58 [00:01<00:01, 18.15it/s, loss=0.4253]
  Epoch 24/30:  53%|██████████████████▋                | 31/58 [00:01<00:01, 18.15it/s, loss=0.4799]
  Epoch 24/30:  57%|███████████████████▉               | 33/58 [00:01<00:01, 18.18it/s, loss=0.4799]
  Epoch 24/30:  57%|███████████████████▉               | 33/58 [00:01<00:01, 18.18it/s, loss=0.4735]
  Epoch 24/30:  57%|███████████████████▉               | 33/58 [00:01<00:01, 18.18it/s, loss=0.4489]
  Epoch 24/30:  57%|███████████████████▉               | 33/58 [00:01<00:01, 18.18it/s, loss=0.4174]
  Epoch 24/30:  62%|█████████████████████▋             | 36/58 [00:01<00:01, 19.73it/s, loss=0.4174]
  Epoch 24/30:  62%|█████████████████████▋             | 36/58 [00:01<00:01, 19.73it/s, loss=0.4878]
  Epoch 24/30:  62%|█████████████████████▋             | 36/58 [00:01<00:01, 19.73it/s, loss=0.4350]
  Epoch 24/30:  62%|█████████████████████▋             | 36/58 [00:02<00:01, 19.73it/s, loss=0.4395]
  Epoch 24/30:  67%|███████████████████████▌           | 39/58 [00:02<00:00, 19.57it/s, loss=0.4395]
  Epoch 24/30:  67%|███████████████████████▌           | 39/58 [00:02<00:00, 19.57it/s, loss=0.4079]
  Epoch 24/30:  67%|███████████████████████▌           | 39/58 [00:02<00:00, 19.57it/s, loss=0.4487]
  Epoch 24/30:  71%|████████████████████████▋          | 41/58 [00:02<00:00, 19.12it/s, loss=0.4487]
  Epoch 24/30:  71%|████████████████████████▋          | 41/58 [00:02<00:00, 19.12it/s, loss=0.4577]
  Epoch 24/30:  71%|████████████████████████▋          | 41/58 [00:02<00:00, 19.12it/s, loss=0.4381]
  Epoch 24/30:  71%|████████████████████████▋          | 41/58 [00:02<00:00, 19.12it/s, loss=0.4585]
  Epoch 24/30:  76%|██████████████████████████▌        | 44/58 [00:02<00:00, 20.29it/s, loss=0.4585]
  Epoch 24/30:  76%|██████████████████████████▌        | 44/58 [00:02<00:00, 20.29it/s, loss=0.4573]
  Epoch 24/30:  76%|██████████████████████████▌        | 44/58 [00:02<00:00, 20.29it/s, loss=0.4298]
  Epoch 24/30:  76%|██████████████████████████▌        | 44/58 [00:02<00:00, 20.29it/s, loss=0.4481]
  Epoch 24/30:  81%|████████████████████████████▎      | 47/58 [00:02<00:00, 20.61it/s, loss=0.4481]
  Epoch 24/30:  81%|████████████████████████████▎      | 47/58 [00:02<00:00, 20.61it/s, loss=0.4058]
  Epoch 24/30:  81%|████████████████████████████▎      | 47/58 [00:02<00:00, 20.61it/s, loss=0.3884]
  Epoch 24/30:  81%|████████████████████████████▎      | 47/58 [00:02<00:00, 20.61it/s, loss=0.4068]
  Epoch 24/30:  86%|██████████████████████████████▏    | 50/58 [00:02<00:00, 20.73it/s, loss=0.4068]
  Epoch 24/30:  86%|██████████████████████████████▏    | 50/58 [00:02<00:00, 20.73it/s, loss=0.4362]
  Epoch 24/30:  86%|██████████████████████████████▏    | 50/58 [00:02<00:00, 20.73it/s, loss=0.4393]
  Epoch 24/30:  86%|██████████████████████████████▏    | 50/58 [00:02<00:00, 20.73it/s, loss=0.4152]
  Epoch 24/30:  91%|███████████████████████████████▉   | 53/58 [00:02<00:00, 21.79it/s, loss=0.4152]
  Epoch 24/30:  91%|███████████████████████████████▉   | 53/58 [00:02<00:00, 21.79it/s, loss=0.4637]
  Epoch 24/30:  91%|███████████████████████████████▉   | 53/58 [00:02<00:00, 21.79it/s, loss=0.4120]
  Epoch 24/30:  91%|███████████████████████████████▉   | 53/58 [00:02<00:00, 21.79it/s, loss=0.4364]
  Epoch 24/30:  97%|█████████████████████████████████▊ | 56/58 [00:02<00:00, 21.55it/s, loss=0.4364]
  Epoch 24/30:  97%|█████████████████████████████████▊ | 56/58 [00:02<00:00, 21.55it/s, loss=0.3717]
  Epoch 24/30:  97%|█████████████████████████████████▊ | 56/58 [00:02<00:00, 21.55it/s, loss=0.4490]
                                                                                                    

  Epoch 25/30:   0%|                                                         | 0/58 [00:00<?, ?it/s]
  Epoch 25/30:   0%|                                            | 0/58 [00:00<?, ?it/s, loss=0.4400]
  Epoch 25/30:   0%|                                            | 0/58 [00:00<?, ?it/s, loss=0.4317]
  Epoch 25/30:   0%|                                            | 0/58 [00:00<?, ?it/s, loss=0.4041]
  Epoch 25/30:   5%|█▊                                  | 3/58 [00:00<00:02, 21.79it/s, loss=0.4041]
  Epoch 25/30:   5%|█▊                                  | 3/58 [00:00<00:02, 21.79it/s, loss=0.3921]
  Epoch 25/30:   5%|█▊                                  | 3/58 [00:00<00:02, 21.79it/s, loss=0.4082]
  Epoch 25/30:   5%|█▊                                  | 3/58 [00:00<00:02, 21.79it/s, loss=0.4172]
  Epoch 25/30:  10%|███▋                                | 6/58 [00:00<00:02, 21.25it/s, loss=0.4172]
  Epoch 25/30:  10%|███▋                                | 6/58 [00:00<00:02, 21.25it/s, loss=0.3491]
  Epoch 25/30:  10%|███▋                                | 6/58 [00:00<00:02, 21.25it/s, loss=0.4229]
  Epoch 25/30:  10%|███▋                                | 6/58 [00:00<00:02, 21.25it/s, loss=0.3597]
  Epoch 25/30:  16%|█████▌                              | 9/58 [00:00<00:02, 21.13it/s, loss=0.3597]
  Epoch 25/30:  16%|█████▌                              | 9/58 [00:00<00:02, 21.13it/s, loss=0.4165]
  Epoch 25/30:  16%|█████▌                              | 9/58 [00:00<00:02, 21.13it/s, loss=0.3774]
  Epoch 25/30:  16%|█████▌                              | 9/58 [00:00<00:02, 21.13it/s, loss=0.3484]
  Epoch 25/30:  21%|███████▏                           | 12/58 [00:00<00:02, 20.03it/s, loss=0.3484]
  Epoch 25/30:  21%|███████▏                           | 12/58 [00:00<00:02, 20.03it/s, loss=0.4520]
  Epoch 25/30:  21%|███████▏                           | 12/58 [00:00<00:02, 20.03it/s, loss=0.3597]
  Epoch 25/30:  21%|███████▏                           | 12/58 [00:00<00:02, 20.03it/s, loss=0.3860]
  Epoch 25/30:  26%|█████████                          | 15/58 [00:00<00:02, 20.03it/s, loss=0.3860]
  Epoch 25/30:  26%|█████████                          | 15/58 [00:00<00:02, 20.03it/s, loss=0.3988]
  Epoch 25/30:  26%|█████████                          | 15/58 [00:00<00:02, 20.03it/s, loss=0.3865]
  Epoch 25/30:  26%|█████████                          | 15/58 [00:00<00:02, 20.03it/s, loss=0.3895]
  Epoch 25/30:  31%|██████████▊                        | 18/58 [00:00<00:02, 19.70it/s, loss=0.3895]
  Epoch 25/30:  31%|██████████▊                        | 18/58 [00:00<00:02, 19.70it/s, loss=0.3912]
  Epoch 25/30:  31%|██████████▊                        | 18/58 [00:00<00:02, 19.70it/s, loss=0.3689]
  Epoch 25/30:  31%|██████████▊                        | 18/58 [00:01<00:02, 19.70it/s, loss=0.3959]
  Epoch 25/30:  36%|████████████▋                      | 21/58 [00:01<00:01, 20.35it/s, loss=0.3959]
  Epoch 25/30:  36%|████████████▋                      | 21/58 [00:01<00:01, 20.35it/s, loss=0.3717]
  Epoch 25/30:  36%|████████████▋                      | 21/58 [00:01<00:01, 20.35it/s, loss=0.3916]
  Epoch 25/30:  36%|████████████▋                      | 21/58 [00:01<00:01, 20.35it/s, loss=0.3523]
  Epoch 25/30:  41%|██████████████▍                    | 24/58 [00:01<00:01, 19.42it/s, loss=0.3523]
  Epoch 25/30:  41%|██████████████▍                    | 24/58 [00:01<00:01, 19.42it/s, loss=0.4132]
  Epoch 25/30:  41%|██████████████▍                    | 24/58 [00:01<00:01, 19.42it/s, loss=0.3831]
  Epoch 25/30:  45%|███████████████▋                   | 26/58 [00:01<00:01, 18.01it/s, loss=0.3831]
  Epoch 25/30:  45%|███████████████▋                   | 26/58 [00:01<00:01, 18.01it/s, loss=0.3447]
  Epoch 25/30:  45%|███████████████▋                   | 26/58 [00:01<00:01, 18.01it/s, loss=0.3967]
  Epoch 25/30:  48%|████████████████▉                  | 28/58 [00:01<00:01, 17.22it/s, loss=0.3967]
  Epoch 25/30:  48%|████████████████▉                  | 28/58 [00:01<00:01, 17.22it/s, loss=0.3434]
  Epoch 25/30:  48%|████████████████▉                  | 28/58 [00:01<00:01, 17.22it/s, loss=0.3586]
  Epoch 25/30:  52%|██████████████████                 | 30/58 [00:01<00:01, 16.66it/s, loss=0.3586]
  Epoch 25/30:  52%|██████████████████                 | 30/58 [00:01<00:01, 16.66it/s, loss=0.3596]
  Epoch 25/30:  52%|██████████████████                 | 30/58 [00:01<00:01, 16.66it/s, loss=0.2923]
  Epoch 25/30:  55%|███████████████████▎               | 32/58 [00:01<00:01, 16.70it/s, loss=0.2923]
  Epoch 25/30:  55%|███████████████████▎               | 32/58 [00:01<00:01, 16.70it/s, loss=0.3164]
  Epoch 25/30:  55%|███████████████████▎               | 32/58 [00:01<00:01, 16.70it/s, loss=0.3164]
  Epoch 25/30:  59%|████████████████████▌              | 34/58 [00:01<00:01, 16.22it/s, loss=0.3164]
  Epoch 25/30:  59%|████████████████████▌              | 34/58 [00:01<00:01, 16.22it/s, loss=0.3867]
  Epoch 25/30:  59%|████████████████████▌              | 34/58 [00:01<00:01, 16.22it/s, loss=0.4150]
  Epoch 25/30:  62%|█████████████████████▋             | 36/58 [00:01<00:01, 16.07it/s, loss=0.4150]
  Epoch 25/30:  62%|█████████████████████▋             | 36/58 [00:02<00:01, 16.07it/s, loss=0.3053]
  Epoch 25/30:  62%|█████████████████████▋             | 36/58 [00:02<00:01, 16.07it/s, loss=0.3126]
  Epoch 25/30:  66%|██████████████████████▉            | 38/58 [00:02<00:01, 16.02it/s, loss=0.3126]
  Epoch 25/30:  66%|██████████████████████▉            | 38/58 [00:02<00:01, 16.02it/s, loss=0.2750]
  Epoch 25/30:  66%|██████████████████████▉            | 38/58 [00:02<00:01, 16.02it/s, loss=0.3160]
  Epoch 25/30:  69%|████████████████████████▏          | 40/58 [00:02<00:01, 15.94it/s, loss=0.3160]
  Epoch 25/30:  69%|████████████████████████▏          | 40/58 [00:02<00:01, 15.94it/s, loss=0.3513]
  Epoch 25/30:  69%|████████████████████████▏          | 40/58 [00:02<00:01, 15.94it/s, loss=0.3198]
  Epoch 25/30:  72%|█████████████████████████▎         | 42/58 [00:02<00:00, 16.02it/s, loss=0.3198]
  Epoch 25/30:  72%|█████████████████████████▎         | 42/58 [00:02<00:00, 16.02it/s, loss=0.4024]
  Epoch 25/30:  72%|█████████████████████████▎         | 42/58 [00:02<00:00, 16.02it/s, loss=0.3222]
  Epoch 25/30:  76%|██████████████████████████▌        | 44/58 [00:02<00:00, 15.91it/s, loss=0.3222]
  Epoch 25/30:  76%|██████████████████████████▌        | 44/58 [00:02<00:00, 15.91it/s, loss=0.3095]
  Epoch 25/30:  76%|██████████████████████████▌        | 44/58 [00:02<00:00, 15.91it/s, loss=0.2943]
  Epoch 25/30:  79%|███████████████████████████▊       | 46/58 [00:02<00:00, 15.62it/s, loss=0.2943]
  Epoch 25/30:  79%|███████████████████████████▊       | 46/58 [00:02<00:00, 15.62it/s, loss=0.3441]
  Epoch 25/30:  79%|███████████████████████████▊       | 46/58 [00:02<00:00, 15.62it/s, loss=0.2891]
  Epoch 25/30:  83%|████████████████████████████▉      | 48/58 [00:02<00:00, 15.19it/s, loss=0.2891]
  Epoch 25/30:  83%|████████████████████████████▉      | 48/58 [00:02<00:00, 15.19it/s, loss=0.2868]
  Epoch 25/30:  83%|████████████████████████████▉      | 48/58 [00:02<00:00, 15.19it/s, loss=0.2709]
  Epoch 25/30:  86%|██████████████████████████████▏    | 50/58 [00:02<00:00, 15.24it/s, loss=0.2709]
  Epoch 25/30:  86%|██████████████████████████████▏    | 50/58 [00:02<00:00, 15.24it/s, loss=0.3018]
  Epoch 25/30:  86%|██████████████████████████████▏    | 50/58 [00:03<00:00, 15.24it/s, loss=0.3175]
  Epoch 25/30:  90%|███████████████████████████████▍   | 52/58 [00:03<00:00, 15.70it/s, loss=0.3175]
  Epoch 25/30:  90%|███████████████████████████████▍   | 52/58 [00:03<00:00, 15.70it/s, loss=0.3084]
  Epoch 25/30:  90%|███████████████████████████████▍   | 52/58 [00:03<00:00, 15.70it/s, loss=0.2788]
  Epoch 25/30:  93%|████████████████████████████████▌  | 54/58 [00:03<00:00, 15.49it/s, loss=0.2788]
  Epoch 25/30:  93%|████████████████████████████████▌  | 54/58 [00:03<00:00, 15.49it/s, loss=0.3528]
  Epoch 25/30:  93%|████████████████████████████████▌  | 54/58 [00:03<00:00, 15.49it/s, loss=0.3096]
  Epoch 25/30:  97%|█████████████████████████████████▊ | 56/58 [00:03<00:00, 15.22it/s, loss=0.3096]
  Epoch 25/30:  97%|█████████████████████████████████▊ | 56/58 [00:03<00:00, 15.22it/s, loss=0.3012]
  Epoch 25/30:  97%|█████████████████████████████████▊ | 56/58 [00:03<00:00, 15.22it/s, loss=0.3790]
  Epoch 25/30: 100%|███████████████████████████████████| 58/58 [00:03<00:00, 15.86it/s, loss=0.3790]
                                                                                                    
  Epoch 25/30 │ Loss: 0.3566 │ T+1: -279.6480 │ T+2: -50.4800 │ T+3: -248.4712 ★ NEW BEST

  Epoch 26/30:   0%|                                                         | 0/58 [00:00<?, ?it/s]
  Epoch 26/30:   0%|                                            | 0/58 [00:00<?, ?it/s, loss=0.3006]
  Epoch 26/30:   0%|                                            | 0/58 [00:00<?, ?it/s, loss=0.3134]
  Epoch 26/30:   3%|█▏                                  | 2/58 [00:00<00:03, 17.14it/s, loss=0.3134]
  Epoch 26/30:   3%|█▏                                  | 2/58 [00:00<00:03, 17.14it/s, loss=0.2859]
  Epoch 26/30:   3%|█▏                                  | 2/58 [00:00<00:03, 17.14it/s, loss=0.2582]
  Epoch 26/30:   7%|██▍                                 | 4/58 [00:00<00:03, 15.79it/s, loss=0.2582]
  Epoch 26/30:   7%|██▍                                 | 4/58 [00:00<00:03, 15.79it/s, loss=0.2921]
  Epoch 26/30:   7%|██▍                                 | 4/58 [00:00<00:03, 15.79it/s, loss=0.3072]
  Epoch 26/30:  10%|███▋                                | 6/58 [00:00<00:03, 16.15it/s, loss=0.3072]
  Epoch 26/30:  10%|███▋                                | 6/58 [00:00<00:03, 16.15it/s, loss=0.2467]
  Epoch 26/30:  10%|███▋                                | 6/58 [00:00<00:03, 16.15it/s, loss=0.2894]
  Epoch 26/30:  14%|████▉                               | 8/58 [00:00<00:03, 16.10it/s, loss=0.2894]
  Epoch 26/30:  14%|████▉                               | 8/58 [00:00<00:03, 16.10it/s, loss=0.2491]
  Epoch 26/30:  14%|████▉                               | 8/58 [00:00<00:03, 16.10it/s, loss=0.3166]
  Epoch 26/30:  17%|██████                             | 10/58 [00:00<00:03, 15.95it/s, loss=0.3166]
  Epoch 26/30:  17%|██████                             | 10/58 [00:00<00:03, 15.95it/s, loss=0.3326]
  Epoch 26/30:  17%|██████                             | 10/58 [00:00<00:03, 15.95it/s, loss=0.3122]
  Epoch 26/30:  21%|███████▏                           | 12/58 [00:00<00:02, 16.43it/s, loss=0.3122]
  Epoch 26/30:  21%|███████▏                           | 12/58 [00:00<00:02, 16.43it/s, loss=0.2612]
  Epoch 26/30:  21%|███████▏                           | 12/58 [00:00<00:02, 16.43it/s, loss=0.2755]
  Epoch 26/30:  24%|████████▍                          | 14/58 [00:00<00:02, 16.26it/s, loss=0.2755]
  Epoch 26/30:  24%|████████▍                          | 14/58 [00:00<00:02, 16.26it/s, loss=0.2966]
  Epoch 26/30:  24%|████████▍                          | 14/58 [00:00<00:02, 16.26it/s, loss=0.2733]
  Epoch 26/30:  28%|█████████▋                         | 16/58 [00:00<00:02, 16.08it/s, loss=0.2733]
  Epoch 26/30:  28%|█████████▋                         | 16/58 [00:01<00:02, 16.08it/s, loss=0.2706]
  Epoch 26/30:  28%|█████████▋                         | 16/58 [00:01<00:02, 16.08it/s, loss=0.2651]
  Epoch 26/30:  31%|██████████▊                        | 18/58 [00:01<00:02, 15.90it/s, loss=0.2651]
  Epoch 26/30:  31%|██████████▊                        | 18/58 [00:01<00:02, 15.90it/s, loss=0.2843]
  Epoch 26/30:  31%|██████████▊                        | 18/58 [00:01<00:02, 15.90it/s, loss=0.2954]
  Epoch 26/30:  34%|████████████                       | 20/58 [00:01<00:02, 15.47it/s, loss=0.2954]
  Epoch 26/30:  34%|████████████                       | 20/58 [00:01<00:02, 15.47it/s, loss=0.2499]
  Epoch 26/30:  34%|████████████                       | 20/58 [00:01<00:02, 15.47it/s, loss=0.3073]
  Epoch 26/30:  38%|█████████████▎                     | 22/58 [00:01<00:02, 15.76it/s, loss=0.3073]
  Epoch 26/30:  38%|█████████████▎                     | 22/58 [00:01<00:02, 15.76it/s, loss=0.3005]
  Epoch 26/30:  38%|█████████████▎                     | 22/58 [00:01<00:02, 15.76it/s, loss=0.2623]
  Epoch 26/30:  41%|██████████████▍                    | 24/58 [00:01<00:02, 15.76it/s, loss=0.2623]
  Epoch 26/30:  41%|██████████████▍                    | 24/58 [00:01<00:02, 15.76it/s, loss=0.2570]
  Epoch 26/30:  41%|██████████████▍                    | 24/58 [00:01<00:02, 15.76it/s, loss=0.2278]
  Epoch 26/30:  45%|███████████████▋                   | 26/58 [00:01<00:02, 15.81it/s, loss=0.2278]
  Epoch 26/30:  45%|███████████████▋                   | 26/58 [00:01<00:02, 15.81it/s, loss=0.2458]
  Epoch 26/30:  45%|███████████████▋                   | 26/58 [00:01<00:02, 15.81it/s, loss=0.2492]
  Epoch 26/30:  48%|████████████████▉                  | 28/58 [00:01<00:01, 15.57it/s, loss=0.2492]
  Epoch 26/30:  48%|████████████████▉                  | 28/58 [00:01<00:01, 15.57it/s, loss=0.2679]
  Epoch 26/30:  48%|████████████████▉                  | 28/58 [00:01<00:01, 15.57it/s, loss=0.2426]
  Epoch 26/30:  52%|██████████████████                 | 30/58 [00:01<00:01, 14.88it/s, loss=0.2426]
  Epoch 26/30:  52%|██████████████████                 | 30/58 [00:01<00:01, 14.88it/s, loss=0.2350]
  Epoch 26/30:  52%|██████████████████                 | 30/58 [00:02<00:01, 14.88it/s, loss=0.2638]
  Epoch 26/30:  55%|███████████████████▎               | 32/58 [00:02<00:01, 14.87it/s, loss=0.2638]
  Epoch 26/30:  55%|███████████████████▎               | 32/58 [00:02<00:01, 14.87it/s, loss=0.2985]
  Epoch 26/30:  55%|███████████████████▎               | 32/58 [00:02<00:01, 14.87it/s, loss=0.2678]
  Epoch 26/30:  59%|████████████████████▌              | 34/58 [00:02<00:01, 15.25it/s, loss=0.2678]
  Epoch 26/30:  59%|████████████████████▌              | 34/58 [00:02<00:01, 15.25it/s, loss=0.2516]
  Epoch 26/30:  59%|████████████████████▌              | 34/58 [00:02<00:01, 15.25it/s, loss=0.2502]
  Epoch 26/30:  62%|█████████████████████▋             | 36/58 [00:02<00:01, 15.19it/s, loss=0.2502]
  Epoch 26/30:  62%|█████████████████████▋             | 36/58 [00:02<00:01, 15.19it/s, loss=0.2871]
  Epoch 26/30:  62%|█████████████████████▋             | 36/58 [00:02<00:01, 15.19it/s, loss=0.2865]
  Epoch 26/30:  66%|██████████████████████▉            | 38/58 [00:02<00:01, 15.32it/s, loss=0.2865]
  Epoch 26/30:  66%|██████████████████████▉            | 38/58 [00:02<00:01, 15.32it/s, loss=0.2499]
  Epoch 26/30:  66%|██████████████████████▉            | 38/58 [00:02<00:01, 15.32it/s, loss=0.2591]
  Epoch 26/30:  69%|████████████████████████▏          | 40/58 [00:02<00:01, 15.67it/s, loss=0.2591]
  Epoch 26/30:  69%|████████████████████████▏          | 40/58 [00:02<00:01, 15.67it/s, loss=0.2812]
  Epoch 26/30:  69%|████████████████████████▏          | 40/58 [00:02<00:01, 15.67it/s, loss=0.2323]
  Epoch 26/30:  72%|█████████████████████████▎         | 42/58 [00:02<00:01, 15.51it/s, loss=0.2323]
  Epoch 26/30:  72%|█████████████████████████▎         | 42/58 [00:02<00:01, 15.51it/s, loss=0.2419]
  Epoch 26/30:  72%|█████████████████████████▎         | 42/58 [00:02<00:01, 15.51it/s, loss=0.2407]
  Epoch 26/30:  76%|██████████████████████████▌        | 44/58 [00:02<00:00, 15.66it/s, loss=0.2407]
  Epoch 26/30:  76%|██████████████████████████▌        | 44/58 [00:02<00:00, 15.66it/s, loss=0.2313]
  Epoch 26/30:  76%|██████████████████████████▌        | 44/58 [00:02<00:00, 15.66it/s, loss=0.2165]
  Epoch 26/30:  79%|███████████████████████████▊       | 46/58 [00:02<00:00, 15.36it/s, loss=0.2165]
  Epoch 26/30:  79%|███████████████████████████▊       | 46/58 [00:03<00:00, 15.36it/s, loss=0.2544]
  Epoch 26/30:  79%|███████████████████████████▊       | 46/58 [00:03<00:00, 15.36it/s, loss=0.2563]
  Epoch 26/30:  83%|████████████████████████████▉      | 48/58 [00:03<00:00, 15.42it/s, loss=0.2563]
  Epoch 26/30:  83%|████████████████████████████▉      | 48/58 [00:03<00:00, 15.42it/s, loss=0.2294]
  Epoch 26/30:  83%|████████████████████████████▉      | 48/58 [00:03<00:00, 15.42it/s, loss=0.2513]
  Epoch 26/30:  86%|██████████████████████████████▏    | 50/58 [00:03<00:00, 14.77it/s, loss=0.2513]
  Epoch 26/30:  86%|██████████████████████████████▏    | 50/58 [00:03<00:00, 14.77it/s, loss=0.2444]
  Epoch 26/30:  86%|██████████████████████████████▏    | 50/58 [00:03<00:00, 14.77it/s, loss=0.2341]
  Epoch 26/30:  90%|███████████████████████████████▍   | 52/58 [00:03<00:00, 14.83it/s, loss=0.2341]
  Epoch 26/30:  90%|███████████████████████████████▍   | 52/58 [00:03<00:00, 14.83it/s, loss=0.2538]
  Epoch 26/30:  90%|███████████████████████████████▍   | 52/58 [00:03<00:00, 14.83it/s, loss=0.2207]
  Epoch 26/30:  93%|████████████████████████████████▌  | 54/58 [00:03<00:00, 11.60it/s, loss=0.2207]
  Epoch 26/30:  93%|████████████████████████████████▌  | 54/58 [00:03<00:00, 11.60it/s, loss=0.2482]
  Epoch 26/30:  93%|████████████████████████████████▌  | 54/58 [00:03<00:00, 11.60it/s, loss=0.2586]
  Epoch 26/30:  97%|█████████████████████████████████▊ | 56/58 [00:03<00:00, 12.82it/s, loss=0.2586]
  Epoch 26/30:  97%|█████████████████████████████████▊ | 56/58 [00:03<00:00, 12.82it/s, loss=0.2582]
  Epoch 26/30:  97%|█████████████████████████████████▊ | 56/58 [00:03<00:00, 12.82it/s, loss=0.0957]
  Epoch 26/30: 100%|███████████████████████████████████| 58/58 [00:03<00:00, 13.85it/s, loss=0.0957]
                                                                                                    

  Epoch 27/30:   0%|                                                         | 0/58 [00:00<?, ?it/s]
  Epoch 27/30:   0%|                                            | 0/58 [00:00<?, ?it/s, loss=0.2312]
  Epoch 27/30:   0%|                                            | 0/58 [00:00<?, ?it/s, loss=0.2252]
  Epoch 27/30:   3%|█▏                                  | 2/58 [00:00<00:03, 14.41it/s, loss=0.2252]
  Epoch 27/30:   3%|█▏                                  | 2/58 [00:00<00:03, 14.41it/s, loss=0.2459]
  Epoch 27/30:   3%|█▏                                  | 2/58 [00:00<00:03, 14.41it/s, loss=0.2249]
  Epoch 27/30:   7%|██▍                                 | 4/58 [00:00<00:03, 14.99it/s, loss=0.2249]
  Epoch 27/30:   7%|██▍                                 | 4/58 [00:00<00:03, 14.99it/s, loss=0.2408]
  Epoch 27/30:   7%|██▍                                 | 4/58 [00:00<00:03, 14.99it/s, loss=0.2138]
  Epoch 27/30:  10%|███▋                                | 6/58 [00:00<00:03, 15.04it/s, loss=0.2138]
  Epoch 27/30:  10%|███▋                                | 6/58 [00:00<00:03, 15.04it/s, loss=0.2252]
  Epoch 27/30:  10%|███▋                                | 6/58 [00:00<00:03, 15.04it/s, loss=0.2187]
  Epoch 27/30:  14%|████▉                               | 8/58 [00:00<00:03, 15.19it/s, loss=0.2187]
  Epoch 27/30:  14%|████▉                               | 8/58 [00:00<00:03, 15.19it/s, loss=0.2193]
  Epoch 27/30:  14%|████▉                               | 8/58 [00:00<00:03, 15.19it/s, loss=0.2133]
  Epoch 27/30:  17%|██████                             | 10/58 [00:00<00:03, 15.42it/s, loss=0.2133]
  Epoch 27/30:  17%|██████                             | 10/58 [00:00<00:03, 15.42it/s, loss=0.2105]
  Epoch 27/30:  17%|██████                             | 10/58 [00:00<00:03, 15.42it/s, loss=0.2293]
  Epoch 27/30:  21%|███████▏                           | 12/58 [00:00<00:03, 15.08it/s, loss=0.2293]
  Epoch 27/30:  21%|███████▏                           | 12/58 [00:00<00:03, 15.08it/s, loss=0.2298]
  Epoch 27/30:  21%|███████▏                           | 12/58 [00:00<00:03, 15.08it/s, loss=0.2156]
  Epoch 27/30:  24%|████████▍                          | 14/58 [00:00<00:03, 14.66it/s, loss=0.2156]
  Epoch 27/30:  24%|████████▍                          | 14/58 [00:01<00:03, 14.66it/s, loss=0.1912]
  Epoch 27/30:  24%|████████▍                          | 14/58 [00:01<00:03, 14.66it/s, loss=0.2429]
  Epoch 27/30:  28%|█████████▋                         | 16/58 [00:01<00:02, 14.53it/s, loss=0.2429]
  Epoch 27/30:  28%|█████████▋                         | 16/58 [00:01<00:02, 14.53it/s, loss=0.2350]
  Epoch 27/30:  28%|█████████▋                         | 16/58 [00:01<00:02, 14.53it/s, loss=0.2286]
  Epoch 27/30:  31%|██████████▊                        | 18/58 [00:01<00:02, 14.54it/s, loss=0.2286]
  Epoch 27/30:  31%|██████████▊                        | 18/58 [00:01<00:02, 14.54it/s, loss=0.2125]
  Epoch 27/30:  31%|██████████▊                        | 18/58 [00:01<00:02, 14.54it/s, loss=0.2009]
  Epoch 27/30:  34%|████████████                       | 20/58 [00:01<00:02, 14.40it/s, loss=0.2009]
  Epoch 27/30:  34%|████████████                       | 20/58 [00:01<00:02, 14.40it/s, loss=0.2157]
  Epoch 27/30:  34%|████████████                       | 20/58 [00:01<00:02, 14.40it/s, loss=0.2402]
  Epoch 27/30:  38%|█████████████▎                     | 22/58 [00:01<00:02, 14.59it/s, loss=0.2402]
  Epoch 27/30:  38%|█████████████▎                     | 22/58 [00:01<00:02, 14.59it/s, loss=0.1928]
  Epoch 27/30:  38%|█████████████▎                     | 22/58 [00:01<00:02, 14.59it/s, loss=0.1752]
  Epoch 27/30:  41%|██████████████▍                    | 24/58 [00:01<00:02, 14.66it/s, loss=0.1752]
  Epoch 27/30:  41%|██████████████▍                    | 24/58 [00:01<00:02, 14.66it/s, loss=0.2281]
  Epoch 27/30:  41%|██████████████▍                    | 24/58 [00:01<00:02, 14.66it/s, loss=0.1750]
  Epoch 27/30:  45%|███████████████▋                   | 26/58 [00:01<00:02, 14.65it/s, loss=0.1750]
  Epoch 27/30:  45%|███████████████▋                   | 26/58 [00:01<00:02, 14.65it/s, loss=0.1802]
  Epoch 27/30:  45%|███████████████▋                   | 26/58 [00:01<00:02, 14.65it/s, loss=0.2025]
  Epoch 27/30:  48%|████████████████▉                  | 28/58 [00:01<00:02, 14.82it/s, loss=0.2025]
  Epoch 27/30:  48%|████████████████▉                  | 28/58 [00:01<00:02, 14.82it/s, loss=0.2133]
  Epoch 27/30:  48%|████████████████▉                  | 28/58 [00:02<00:02, 14.82it/s, loss=0.2282]
  Epoch 27/30:  52%|██████████████████                 | 30/58 [00:02<00:01, 15.01it/s, loss=0.2282]
  Epoch 27/30:  52%|██████████████████                 | 30/58 [00:02<00:01, 15.01it/s, loss=0.2172]
  Epoch 27/30:  52%|██████████████████                 | 30/58 [00:02<00:01, 15.01it/s, loss=0.2003]
  Epoch 27/30:  55%|███████████████████▎               | 32/58 [00:02<00:01, 14.80it/s, loss=0.2003]
  Epoch 27/30:  55%|███████████████████▎               | 32/58 [00:02<00:01, 14.80it/s, loss=0.2092]
  Epoch 27/30:  55%|███████████████████▎               | 32/58 [00:02<00:01, 14.80it/s, loss=0.1769]
  Epoch 27/30:  59%|████████████████████▌              | 34/58 [00:02<00:01, 14.73it/s, loss=0.1769]
  Epoch 27/30:  59%|████████████████████▌              | 34/58 [00:02<00:01, 14.73it/s, loss=0.1877]
  Epoch 27/30:  59%|████████████████████▌              | 34/58 [00:02<00:01, 14.73it/s, loss=0.2258]
  Epoch 27/30:  62%|█████████████████████▋             | 36/58 [00:02<00:01, 14.33it/s, loss=0.2258]
  Epoch 27/30:  62%|█████████████████████▋             | 36/58 [00:02<00:01, 14.33it/s, loss=0.1977]
  Epoch 27/30:  62%|█████████████████████▋             | 36/58 [00:02<00:01, 14.33it/s, loss=0.1864]
  Epoch 27/30:  66%|██████████████████████▉            | 38/58 [00:02<00:01, 14.52it/s, loss=0.1864]
  Epoch 27/30:  66%|██████████████████████▉            | 38/58 [00:02<00:01, 14.52it/s, loss=0.2288]
  Epoch 27/30:  66%|██████████████████████▉            | 38/58 [00:02<00:01, 14.52it/s, loss=0.1727]
  Epoch 27/30:  69%|████████████████████████▏          | 40/58 [00:02<00:01, 14.88it/s, loss=0.1727]
  Epoch 27/30:  69%|████████████████████████▏          | 40/58 [00:02<00:01, 14.88it/s, loss=0.2047]
  Epoch 27/30:  69%|████████████████████████▏          | 40/58 [00:02<00:01, 14.88it/s, loss=0.1809]
  Epoch 27/30:  72%|█████████████████████████▎         | 42/58 [00:02<00:01, 14.80it/s, loss=0.1809]
  Epoch 27/30:  72%|█████████████████████████▎         | 42/58 [00:02<00:01, 14.80it/s, loss=0.2243]
  Epoch 27/30:  72%|█████████████████████████▎         | 42/58 [00:02<00:01, 14.80it/s, loss=0.2072]
  Epoch 27/30:  76%|██████████████████████████▌        | 44/58 [00:02<00:00, 14.80it/s, loss=0.2072]
  Epoch 27/30:  76%|██████████████████████████▌        | 44/58 [00:03<00:00, 14.80it/s, loss=0.1953]
  Epoch 27/30:  76%|██████████████████████████▌        | 44/58 [00:03<00:00, 14.80it/s, loss=0.1694]
  Epoch 27/30:  79%|███████████████████████████▊       | 46/58 [00:03<00:00, 15.37it/s, loss=0.1694]
  Epoch 27/30:  79%|███████████████████████████▊       | 46/58 [00:03<00:00, 15.37it/s, loss=0.1886]
  Epoch 27/30:  79%|███████████████████████████▊       | 46/58 [00:03<00:00, 15.37it/s, loss=0.1886]
  Epoch 27/30:  83%|████████████████████████████▉      | 48/58 [00:03<00:00, 15.14it/s, loss=0.1886]
  Epoch 27/30:  83%|████████████████████████████▉      | 48/58 [00:03<00:00, 15.14it/s, loss=0.1812]
  Epoch 27/30:  83%|████████████████████████████▉      | 48/58 [00:03<00:00, 15.14it/s, loss=0.1835]
  Epoch 27/30:  86%|██████████████████████████████▏    | 50/58 [00:03<00:00, 14.95it/s, loss=0.1835]
  Epoch 27/30:  86%|██████████████████████████████▏    | 50/58 [00:03<00:00, 14.95it/s, loss=0.1761]
  Epoch 27/30:  86%|██████████████████████████████▏    | 50/58 [00:03<00:00, 14.95it/s, loss=0.1902]
  Epoch 27/30:  90%|███████████████████████████████▍   | 52/58 [00:03<00:00, 14.87it/s, loss=0.1902]
  Epoch 27/30:  90%|███████████████████████████████▍   | 52/58 [00:03<00:00, 14.87it/s, loss=0.2126]
  Epoch 27/30:  90%|███████████████████████████████▍   | 52/58 [00:03<00:00, 14.87it/s, loss=0.1603]
  Epoch 27/30:  93%|████████████████████████████████▌  | 54/58 [00:03<00:00, 15.02it/s, loss=0.1603]
  Epoch 27/30:  93%|████████████████████████████████▌  | 54/58 [00:03<00:00, 15.02it/s, loss=0.1611]
  Epoch 27/30:  93%|████████████████████████████████▌  | 54/58 [00:03<00:00, 15.02it/s, loss=0.1767]
  Epoch 27/30:  97%|█████████████████████████████████▊ | 56/58 [00:03<00:00, 14.59it/s, loss=0.1767]
  Epoch 27/30:  97%|█████████████████████████████████▊ | 56/58 [00:03<00:00, 14.59it/s, loss=0.1754]
  Epoch 27/30:  97%|█████████████████████████████████▊ | 56/58 [00:03<00:00, 14.59it/s, loss=0.0543]
                                                                                                    

  Epoch 28/30:   0%|                                                         | 0/58 [00:00<?, ?it/s]
  Epoch 28/30:   0%|                                            | 0/58 [00:00<?, ?it/s, loss=0.1608]
  Epoch 28/30:   0%|                                            | 0/58 [00:00<?, ?it/s, loss=0.1759]
  Epoch 28/30:   3%|█▏                                  | 2/58 [00:00<00:03, 14.76it/s, loss=0.1759]
  Epoch 28/30:   3%|█▏                                  | 2/58 [00:00<00:03, 14.76it/s, loss=0.2026]
  Epoch 28/30:   3%|█▏                                  | 2/58 [00:00<00:03, 14.76it/s, loss=0.1711]
  Epoch 28/30:   7%|██▍                                 | 4/58 [00:00<00:03, 14.09it/s, loss=0.1711]
  Epoch 28/30:   7%|██▍                                 | 4/58 [00:00<00:03, 14.09it/s, loss=0.1670]
  Epoch 28/30:   7%|██▍                                 | 4/58 [00:00<00:03, 14.09it/s, loss=0.1466]
  Epoch 28/30:  10%|███▋                                | 6/58 [00:00<00:03, 15.25it/s, loss=0.1466]
  Epoch 28/30:  10%|███▋                                | 6/58 [00:00<00:03, 15.25it/s, loss=0.1699]
  Epoch 28/30:  10%|███▋                                | 6/58 [00:00<00:03, 15.25it/s, loss=0.1924]
  Epoch 28/30:  14%|████▉                               | 8/58 [00:00<00:03, 15.29it/s, loss=0.1924]
  Epoch 28/30:  14%|████▉                               | 8/58 [00:00<00:03, 15.29it/s, loss=0.1792]
  Epoch 28/30:  14%|████▉                               | 8/58 [00:00<00:03, 15.29it/s, loss=0.1405]
  Epoch 28/30:  17%|██████                             | 10/58 [00:00<00:03, 15.78it/s, loss=0.1405]
  Epoch 28/30:  17%|██████                             | 10/58 [00:00<00:03, 15.78it/s, loss=0.1633]
  Epoch 28/30:  17%|██████                             | 10/58 [00:00<00:03, 15.78it/s, loss=0.1651]
  Epoch 28/30:  21%|███████▏                           | 12/58 [00:00<00:02, 15.85it/s, loss=0.1651]
  Epoch 28/30:  21%|███████▏                           | 12/58 [00:00<00:02, 15.85it/s, loss=0.1582]
  Epoch 28/30:  21%|███████▏                           | 12/58 [00:00<00:02, 15.85it/s, loss=0.1721]
  Epoch 28/30:  24%|████████▍                          | 14/58 [00:00<00:02, 15.83it/s, loss=0.1721]
  Epoch 28/30:  24%|████████▍                          | 14/58 [00:00<00:02, 15.83it/s, loss=0.1749]
  Epoch 28/30:  24%|████████▍                          | 14/58 [00:01<00:02, 15.83it/s, loss=0.1628]
  Epoch 28/30:  28%|█████████▋                         | 16/58 [00:01<00:02, 15.90it/s, loss=0.1628]
  Epoch 28/30:  28%|█████████▋                         | 16/58 [00:01<00:02, 15.90it/s, loss=0.1734]
  Epoch 28/30:  28%|█████████▋                         | 16/58 [00:01<00:02, 15.90it/s, loss=0.1447]
  Epoch 28/30:  31%|██████████▊                        | 18/58 [00:01<00:02, 16.09it/s, loss=0.1447]
  Epoch 28/30:  31%|██████████▊                        | 18/58 [00:01<00:02, 16.09it/s, loss=0.1447]
  Epoch 28/30:  31%|██████████▊                        | 18/58 [00:01<00:02, 16.09it/s, loss=0.1742]
  Epoch 28/30:  34%|████████████                       | 20/58 [00:01<00:02, 16.02it/s, loss=0.1742]
  Epoch 28/30:  34%|████████████                       | 20/58 [00:01<00:02, 16.02it/s, loss=0.1453]
  Epoch 28/30:  34%|████████████                       | 20/58 [00:01<00:02, 16.02it/s, loss=0.1956]
  Epoch 28/30:  38%|█████████████▎                     | 22/58 [00:01<00:02, 15.66it/s, loss=0.1956]
  Epoch 28/30:  38%|█████████████▎                     | 22/58 [00:01<00:02, 15.66it/s, loss=0.1617]
  Epoch 28/30:  38%|█████████████▎                     | 22/58 [00:01<00:02, 15.66it/s, loss=0.1609]
  Epoch 28/30:  41%|██████████████▍                    | 24/58 [00:01<00:02, 15.30it/s, loss=0.1609]
  Epoch 28/30:  41%|██████████████▍                    | 24/58 [00:01<00:02, 15.30it/s, loss=0.1506]
  Epoch 28/30:  41%|██████████████▍                    | 24/58 [00:01<00:02, 15.30it/s, loss=0.1587]
  Epoch 28/30:  45%|███████████████▋                   | 26/58 [00:01<00:02, 15.49it/s, loss=0.1587]
  Epoch 28/30:  45%|███████████████▋                   | 26/58 [00:01<00:02, 15.49it/s, loss=0.1775]
  Epoch 28/30:  45%|███████████████▋                   | 26/58 [00:01<00:02, 15.49it/s, loss=0.1420]
  Epoch 28/30:  48%|████████████████▉                  | 28/58 [00:01<00:01, 15.32it/s, loss=0.1420]
  Epoch 28/30:  48%|████████████████▉                  | 28/58 [00:01<00:01, 15.32it/s, loss=0.1480]
  Epoch 28/30:  48%|████████████████▉                  | 28/58 [00:01<00:01, 15.32it/s, loss=0.1501]
  Epoch 28/30:  52%|██████████████████                 | 30/58 [00:01<00:01, 15.21it/s, loss=0.1501]
  Epoch 28/30:  52%|██████████████████                 | 30/58 [00:02<00:01, 15.21it/s, loss=0.1417]
  Epoch 28/30:  52%|██████████████████                 | 30/58 [00:02<00:01, 15.21it/s, loss=0.1370]
  Epoch 28/30:  55%|███████████████████▎               | 32/58 [00:02<00:01, 15.10it/s, loss=0.1370]
  Epoch 28/30:  55%|███████████████████▎               | 32/58 [00:02<00:01, 15.10it/s, loss=0.1655]
  Epoch 28/30:  55%|███████████████████▎               | 32/58 [00:02<00:01, 15.10it/s, loss=0.1581]
  Epoch 28/30:  59%|████████████████████▌              | 34/58 [00:02<00:01, 15.10it/s, loss=0.1581]
  Epoch 28/30:  59%|████████████████████▌              | 34/58 [00:02<00:01, 15.10it/s, loss=0.1447]
  Epoch 28/30:  59%|████████████████████▌              | 34/58 [00:02<00:01, 15.10it/s, loss=0.1434]
  Epoch 28/30:  62%|█████████████████████▋             | 36/58 [00:02<00:01, 15.21it/s, loss=0.1434]
  Epoch 28/30:  62%|█████████████████████▋             | 36/58 [00:02<00:01, 15.21it/s, loss=0.1438]
  Epoch 28/30:  62%|█████████████████████▋             | 36/58 [00:02<00:01, 15.21it/s, loss=0.1547]
  Epoch 28/30:  66%|██████████████████████▉            | 38/58 [00:02<00:01, 15.11it/s, loss=0.1547]
  Epoch 28/30:  66%|██████████████████████▉            | 38/58 [00:02<00:01, 15.11it/s, loss=0.1336]
  Epoch 28/30:  66%|██████████████████████▉            | 38/58 [00:02<00:01, 15.11it/s, loss=0.1531]
  Epoch 28/30:  69%|████████████████████████▏          | 40/58 [00:02<00:01, 15.49it/s, loss=0.1531]
  Epoch 28/30:  69%|████████████████████████▏          | 40/58 [00:02<00:01, 15.49it/s, loss=0.1201]
  Epoch 28/30:  69%|████████████████████████▏          | 40/58 [00:02<00:01, 15.49it/s, loss=0.1371]
  Epoch 28/30:  72%|█████████████████████████▎         | 42/58 [00:02<00:01, 15.20it/s, loss=0.1371]
  Epoch 28/30:  72%|█████████████████████████▎         | 42/58 [00:02<00:01, 15.20it/s, loss=0.1546]
  Epoch 28/30:  72%|█████████████████████████▎         | 42/58 [00:02<00:01, 15.20it/s, loss=0.1464]
  Epoch 28/30:  76%|██████████████████████████▌        | 44/58 [00:02<00:00, 14.79it/s, loss=0.1464]
  Epoch 28/30:  76%|██████████████████████████▌        | 44/58 [00:02<00:00, 14.79it/s, loss=0.1373]
  Epoch 28/30:  76%|██████████████████████████▌        | 44/58 [00:03<00:00, 14.79it/s, loss=0.1523]
  Epoch 28/30:  79%|███████████████████████████▊       | 46/58 [00:03<00:00, 14.92it/s, loss=0.1523]
  Epoch 28/30:  79%|███████████████████████████▊       | 46/58 [00:03<00:00, 14.92it/s, loss=0.1477]
  Epoch 28/30:  79%|███████████████████████████▊       | 46/58 [00:03<00:00, 14.92it/s, loss=0.1445]
  Epoch 28/30:  83%|████████████████████████████▉      | 48/58 [00:03<00:00, 14.39it/s, loss=0.1445]
  Epoch 28/30:  83%|████████████████████████████▉      | 48/58 [00:03<00:00, 14.39it/s, loss=0.1333]
  Epoch 28/30:  83%|████████████████████████████▉      | 48/58 [00:03<00:00, 14.39it/s, loss=0.1414]
  Epoch 28/30:  86%|██████████████████████████████▏    | 50/58 [00:03<00:00, 14.58it/s, loss=0.1414]
  Epoch 28/30:  86%|██████████████████████████████▏    | 50/58 [00:03<00:00, 14.58it/s, loss=0.1336]
  Epoch 28/30:  86%|██████████████████████████████▏    | 50/58 [00:03<00:00, 14.58it/s, loss=0.1513]
  Epoch 28/30:  90%|███████████████████████████████▍   | 52/58 [00:03<00:00, 14.34it/s, loss=0.1513]
  Epoch 28/30:  90%|███████████████████████████████▍   | 52/58 [00:03<00:00, 14.34it/s, loss=0.1119]
  Epoch 28/30:  90%|███████████████████████████████▍   | 52/58 [00:03<00:00, 14.34it/s, loss=0.1355]
  Epoch 28/30:  93%|████████████████████████████████▌  | 54/58 [00:03<00:00, 14.41it/s, loss=0.1355]
  Epoch 28/30:  93%|████████████████████████████████▌  | 54/58 [00:03<00:00, 14.41it/s, loss=0.1455]
  Epoch 28/30:  93%|████████████████████████████████▌  | 54/58 [00:03<00:00, 14.41it/s, loss=0.1069]
  Epoch 28/30:  97%|█████████████████████████████████▊ | 56/58 [00:03<00:00, 14.80it/s, loss=0.1069]
  Epoch 28/30:  97%|█████████████████████████████████▊ | 56/58 [00:03<00:00, 14.80it/s, loss=0.1357]
  Epoch 28/30:  97%|█████████████████████████████████▊ | 56/58 [00:03<00:00, 14.80it/s, loss=0.0779]
  Epoch 28/30: 100%|███████████████████████████████████| 58/58 [00:03<00:00, 15.39it/s, loss=0.0779]
                                                                                                    

  Epoch 29/30:   0%|                                                         | 0/58 [00:00<?, ?it/s]
  Epoch 29/30:   0%|                                            | 0/58 [00:00<?, ?it/s, loss=0.1438]
  Epoch 29/30:   0%|                                            | 0/58 [00:00<?, ?it/s, loss=0.1312]
  Epoch 29/30:   3%|█▏                                  | 2/58 [00:00<00:03, 14.52it/s, loss=0.1312]
  Epoch 29/30:   3%|█▏                                  | 2/58 [00:00<00:03, 14.52it/s, loss=0.1407]
  Epoch 29/30:   3%|█▏                                  | 2/58 [00:00<00:03, 14.52it/s, loss=0.1304]
  Epoch 29/30:   7%|██▍                                 | 4/58 [00:00<00:03, 15.34it/s, loss=0.1304]
  Epoch 29/30:   7%|██▍                                 | 4/58 [00:00<00:03, 15.34it/s, loss=0.1172]
  Epoch 29/30:   7%|██▍                                 | 4/58 [00:00<00:03, 15.34it/s, loss=0.1347]
  Epoch 29/30:  10%|███▋                                | 6/58 [00:00<00:03, 14.66it/s, loss=0.1347]
  Epoch 29/30:  10%|███▋                                | 6/58 [00:00<00:03, 14.66it/s, loss=0.1267]
  Epoch 29/30:  10%|███▋                                | 6/58 [00:00<00:03, 14.66it/s, loss=0.1296]
  Epoch 29/30:  14%|████▉                               | 8/58 [00:00<00:04, 10.84it/s, loss=0.1296]
  Epoch 29/30:  14%|████▉                               | 8/58 [00:00<00:04, 10.84it/s, loss=0.1252]
  Epoch 29/30:  14%|████▉                               | 8/58 [00:00<00:04, 10.84it/s, loss=0.1268]
  Epoch 29/30:  17%|██████                             | 10/58 [00:00<00:04, 11.88it/s, loss=0.1268]
  Epoch 29/30:  17%|██████                             | 10/58 [00:00<00:04, 11.88it/s, loss=0.1476]
  Epoch 29/30:  17%|██████                             | 10/58 [00:00<00:04, 11.88it/s, loss=0.1265]
  Epoch 29/30:  21%|███████▏                           | 12/58 [00:00<00:03, 12.52it/s, loss=0.1265]
  Epoch 29/30:  21%|███████▏                           | 12/58 [00:01<00:03, 12.52it/s, loss=0.1304]
  Epoch 29/30:  21%|███████▏                           | 12/58 [00:01<00:03, 12.52it/s, loss=0.1253]
  Epoch 29/30:  24%|████████▍                          | 14/58 [00:01<00:03, 13.38it/s, loss=0.1253]
  Epoch 29/30:  24%|████████▍                          | 14/58 [00:01<00:03, 13.38it/s, loss=0.1141]
  Epoch 29/30:  24%|████████▍                          | 14/58 [00:01<00:03, 13.38it/s, loss=0.1221]
  Epoch 29/30:  28%|█████████▋                         | 16/58 [00:01<00:03, 13.62it/s, loss=0.1221]
  Epoch 29/30:  28%|█████████▋                         | 16/58 [00:01<00:03, 13.62it/s, loss=0.1333]
  Epoch 29/30:  28%|█████████▋                         | 16/58 [00:01<00:03, 13.62it/s, loss=0.1298]
  Epoch 29/30:  31%|██████████▊                        | 18/58 [00:01<00:02, 14.42it/s, loss=0.1298]
  Epoch 29/30:  31%|██████████▊                        | 18/58 [00:01<00:02, 14.42it/s, loss=0.1085]
  Epoch 29/30:  31%|██████████▊                        | 18/58 [00:01<00:02, 14.42it/s, loss=0.1398]
  Epoch 29/30:  34%|████████████                       | 20/58 [00:01<00:02, 14.78it/s, loss=0.1398]
  Epoch 29/30:  34%|████████████                       | 20/58 [00:01<00:02, 14.78it/s, loss=0.1100]
  Epoch 29/30:  34%|████████████                       | 20/58 [00:01<00:02, 14.78it/s, loss=0.1309]
  Epoch 29/30:  38%|█████████████▎                     | 22/58 [00:01<00:02, 14.97it/s, loss=0.1309]
  Epoch 29/30:  38%|█████████████▎                     | 22/58 [00:01<00:02, 14.97it/s, loss=0.1302]
  Epoch 29/30:  38%|█████████████▎                     | 22/58 [00:01<00:02, 14.97it/s, loss=0.1265]
  Epoch 29/30:  41%|██████████████▍                    | 24/58 [00:01<00:02, 15.01it/s, loss=0.1265]
  Epoch 29/30:  41%|██████████████▍                    | 24/58 [00:01<00:02, 15.01it/s, loss=0.1271]
  Epoch 29/30:  41%|██████████████▍                    | 24/58 [00:01<00:02, 15.01it/s, loss=0.1363]
  Epoch 29/30:  45%|███████████████▋                   | 26/58 [00:01<00:02, 14.94it/s, loss=0.1363]
  Epoch 29/30:  45%|███████████████▋                   | 26/58 [00:01<00:02, 14.94it/s, loss=0.1063]
  Epoch 29/30:  45%|███████████████▋                   | 26/58 [00:01<00:02, 14.94it/s, loss=0.1392]
  Epoch 29/30:  48%|████████████████▉                  | 28/58 [00:01<00:01, 15.18it/s, loss=0.1392]
  Epoch 29/30:  48%|████████████████▉                  | 28/58 [00:02<00:01, 15.18it/s, loss=0.1115]
  Epoch 29/30:  48%|████████████████▉                  | 28/58 [00:02<00:01, 15.18it/s, loss=0.1233]
  Epoch 29/30:  52%|██████████████████                 | 30/58 [00:02<00:01, 15.32it/s, loss=0.1233]
  Epoch 29/30:  52%|██████████████████                 | 30/58 [00:02<00:01, 15.32it/s, loss=0.1051]
  Epoch 29/30:  52%|██████████████████                 | 30/58 [00:02<00:01, 15.32it/s, loss=0.1125]
  Epoch 29/30:  55%|███████████████████▎               | 32/58 [00:02<00:01, 15.35it/s, loss=0.1125]
  Epoch 29/30:  55%|███████████████████▎               | 32/58 [00:02<00:01, 15.35it/s, loss=0.1130]
  Epoch 29/30:  55%|███████████████████▎               | 32/58 [00:02<00:01, 15.35it/s, loss=0.1119]
  Epoch 29/30:  59%|████████████████████▌              | 34/58 [00:02<00:01, 15.28it/s, loss=0.1119]
  Epoch 29/30:  59%|████████████████████▌              | 34/58 [00:02<00:01, 15.28it/s, loss=0.1118]
  Epoch 29/30:  59%|████████████████████▌              | 34/58 [00:02<00:01, 15.28it/s, loss=0.1169]
  Epoch 29/30:  62%|█████████████████████▋             | 36/58 [00:02<00:01, 15.15it/s, loss=0.1169]
  Epoch 29/30:  62%|█████████████████████▋             | 36/58 [00:02<00:01, 15.15it/s, loss=0.1080]
  Epoch 29/30:  62%|█████████████████████▋             | 36/58 [00:02<00:01, 15.15it/s, loss=0.1046]
  Epoch 29/30:  66%|██████████████████████▉            | 38/58 [00:02<00:01, 15.02it/s, loss=0.1046]
  Epoch 29/30:  66%|██████████████████████▉            | 38/58 [00:02<00:01, 15.02it/s, loss=0.1107]
  Epoch 29/30:  66%|██████████████████████▉            | 38/58 [00:02<00:01, 15.02it/s, loss=0.1213]
  Epoch 29/30:  69%|████████████████████████▏          | 40/58 [00:02<00:01, 15.03it/s, loss=0.1213]
  Epoch 29/30:  69%|████████████████████████▏          | 40/58 [00:02<00:01, 15.03it/s, loss=0.1074]
  Epoch 29/30:  69%|████████████████████████▏          | 40/58 [00:02<00:01, 15.03it/s, loss=0.0912]
  Epoch 29/30:  72%|█████████████████████████▎         | 42/58 [00:02<00:01, 15.23it/s, loss=0.0912]
  Epoch 29/30:  72%|█████████████████████████▎         | 42/58 [00:02<00:01, 15.23it/s, loss=0.1033]
  Epoch 29/30:  72%|█████████████████████████▎         | 42/58 [00:03<00:01, 15.23it/s, loss=0.1102]
  Epoch 29/30:  76%|██████████████████████████▌        | 44/58 [00:03<00:00, 15.37it/s, loss=0.1102]
  Epoch 29/30:  76%|██████████████████████████▌        | 44/58 [00:03<00:00, 15.37it/s, loss=0.0906]
  Epoch 29/30:  76%|██████████████████████████▌        | 44/58 [00:03<00:00, 15.37it/s, loss=0.0892]
  Epoch 29/30:  79%|███████████████████████████▊       | 46/58 [00:03<00:00, 15.43it/s, loss=0.0892]
  Epoch 29/30:  79%|███████████████████████████▊       | 46/58 [00:03<00:00, 15.43it/s, loss=0.0992]
  Epoch 29/30:  79%|███████████████████████████▊       | 46/58 [00:03<00:00, 15.43it/s, loss=0.0992]
  Epoch 29/30:  83%|████████████████████████████▉      | 48/58 [00:03<00:00, 15.79it/s, loss=0.0992]
  Epoch 29/30:  83%|████████████████████████████▉      | 48/58 [00:03<00:00, 15.79it/s, loss=0.1105]
  Epoch 29/30:  83%|████████████████████████████▉      | 48/58 [00:03<00:00, 15.79it/s, loss=0.1096]
  Epoch 29/30:  86%|██████████████████████████████▏    | 50/58 [00:03<00:00, 15.63it/s, loss=0.1096]
  Epoch 29/30:  86%|██████████████████████████████▏    | 50/58 [00:03<00:00, 15.63it/s, loss=0.0916]
  Epoch 29/30:  86%|██████████████████████████████▏    | 50/58 [00:03<00:00, 15.63it/s, loss=0.0945]
  Epoch 29/30:  90%|███████████████████████████████▍   | 52/58 [00:03<00:00, 15.16it/s, loss=0.0945]
  Epoch 29/30:  90%|███████████████████████████████▍   | 52/58 [00:03<00:00, 15.16it/s, loss=0.1146]
  Epoch 29/30:  90%|███████████████████████████████▍   | 52/58 [00:03<00:00, 15.16it/s, loss=0.1179]
  Epoch 29/30:  93%|████████████████████████████████▌  | 54/58 [00:03<00:00, 15.16it/s, loss=0.1179]
  Epoch 29/30:  93%|████████████████████████████████▌  | 54/58 [00:03<00:00, 15.16it/s, loss=0.0922]
  Epoch 29/30:  93%|████████████████████████████████▌  | 54/58 [00:03<00:00, 15.16it/s, loss=0.1159]
  Epoch 29/30:  97%|█████████████████████████████████▊ | 56/58 [00:03<00:00, 15.15it/s, loss=0.1159]
  Epoch 29/30:  97%|█████████████████████████████████▊ | 56/58 [00:03<00:00, 15.15it/s, loss=0.0974]
  Epoch 29/30:  97%|█████████████████████████████████▊ | 56/58 [00:03<00:00, 15.15it/s, loss=0.0722]
  Epoch 29/30: 100%|███████████████████████████████████| 58/58 [00:03<00:00, 15.74it/s, loss=0.0722]
                                                                                                    

  Epoch 30/30:   0%|                                                         | 0/58 [00:00<?, ?it/s]
  Epoch 30/30:   0%|                                            | 0/58 [00:00<?, ?it/s, loss=0.0902]
  Epoch 30/30:   0%|                                            | 0/58 [00:00<?, ?it/s, loss=0.1120]
  Epoch 30/30:   3%|█▏                                  | 2/58 [00:00<00:04, 13.96it/s, loss=0.1120]
  Epoch 30/30:   3%|█▏                                  | 2/58 [00:00<00:04, 13.96it/s, loss=0.0978]
  Epoch 30/30:   3%|█▏                                  | 2/58 [00:00<00:04, 13.96it/s, loss=0.1057]
  Epoch 30/30:   7%|██▍                                 | 4/58 [00:00<00:03, 14.77it/s, loss=0.1057]
  Epoch 30/30:   7%|██▍                                 | 4/58 [00:00<00:03, 14.77it/s, loss=0.1056]
  Epoch 30/30:   7%|██▍                                 | 4/58 [00:00<00:03, 14.77it/s, loss=0.1191]
  Epoch 30/30:  10%|███▋                                | 6/58 [00:00<00:03, 15.28it/s, loss=0.1191]
  Epoch 30/30:  10%|███▋                                | 6/58 [00:00<00:03, 15.28it/s, loss=0.1013]
  Epoch 30/30:  10%|███▋                                | 6/58 [00:00<00:03, 15.28it/s, loss=0.0830]
  Epoch 30/30:  14%|████▉                               | 8/58 [00:00<00:03, 15.34it/s, loss=0.0830]
  Epoch 30/30:  14%|████▉                               | 8/58 [00:00<00:03, 15.34it/s, loss=0.0965]
  Epoch 30/30:  14%|████▉                               | 8/58 [00:00<00:03, 15.34it/s, loss=0.0916]
  Epoch 30/30:  17%|██████                             | 10/58 [00:00<00:03, 14.88it/s, loss=0.0916]
  Epoch 30/30:  17%|██████                             | 10/58 [00:00<00:03, 14.88it/s, loss=0.1003]
  Epoch 30/30:  17%|██████                             | 10/58 [00:00<00:03, 14.88it/s, loss=0.0989]
  Epoch 30/30:  21%|███████▏                           | 12/58 [00:00<00:03, 15.04it/s, loss=0.0989]
  Epoch 30/30:  21%|███████▏                           | 12/58 [00:00<00:03, 15.04it/s, loss=0.0994]
  Epoch 30/30:  21%|███████▏                           | 12/58 [00:00<00:03, 15.04it/s, loss=0.0940]
  Epoch 30/30:  24%|████████▍                          | 14/58 [00:00<00:02, 15.15it/s, loss=0.0940]
  Epoch 30/30:  24%|████████▍                          | 14/58 [00:01<00:02, 15.15it/s, loss=0.1041]
  Epoch 30/30:  24%|████████▍                          | 14/58 [00:01<00:02, 15.15it/s, loss=0.0874]
  Epoch 30/30:  28%|█████████▋                         | 16/58 [00:01<00:02, 14.96it/s, loss=0.0874]
  Epoch 30/30:  28%|█████████▋                         | 16/58 [00:01<00:02, 14.96it/s, loss=0.0884]
  Epoch 30/30:  28%|█████████▋                         | 16/58 [00:01<00:02, 14.96it/s, loss=0.0874]
  Epoch 30/30:  31%|██████████▊                        | 18/58 [00:01<00:02, 15.22it/s, loss=0.0874]
  Epoch 30/30:  31%|██████████▊                        | 18/58 [00:01<00:02, 15.22it/s, loss=0.0865]
  Epoch 30/30:  31%|██████████▊                        | 18/58 [00:01<00:02, 15.22it/s, loss=0.0912]
  Epoch 30/30:  34%|████████████                       | 20/58 [00:01<00:02, 15.37it/s, loss=0.0912]
  Epoch 30/30:  34%|████████████                       | 20/58 [00:01<00:02, 15.37it/s, loss=0.0995]
  Epoch 30/30:  34%|████████████                       | 20/58 [00:01<00:02, 15.37it/s, loss=0.0991]
  Epoch 30/30:  38%|█████████████▎                     | 22/58 [00:01<00:02, 15.55it/s, loss=0.0991]
  Epoch 30/30:  38%|█████████████▎                     | 22/58 [00:01<00:02, 15.55it/s, loss=0.0919]
  Epoch 30/30:  38%|█████████████▎                     | 22/58 [00:01<00:02, 15.55it/s, loss=0.0884]
  Epoch 30/30:  41%|██████████████▍                    | 24/58 [00:01<00:02, 15.61it/s, loss=0.0884]
  Epoch 30/30:  41%|██████████████▍                    | 24/58 [00:01<00:02, 15.61it/s, loss=0.0752]
  Epoch 30/30:  41%|██████████████▍                    | 24/58 [00:01<00:02, 15.61it/s, loss=0.0784]
  Epoch 30/30:  45%|███████████████▋                   | 26/58 [00:01<00:02, 15.81it/s, loss=0.0784]
  Epoch 30/30:  45%|███████████████▋                   | 26/58 [00:01<00:02, 15.81it/s, loss=0.0887]
  Epoch 30/30:  45%|███████████████▋                   | 26/58 [00:01<00:02, 15.81it/s, loss=0.0891]
  Epoch 30/30:  48%|████████████████▉                  | 28/58 [00:01<00:01, 15.57it/s, loss=0.0891]
  Epoch 30/30:  48%|████████████████▉                  | 28/58 [00:01<00:01, 15.57it/s, loss=0.0899]
  Epoch 30/30:  48%|████████████████▉                  | 28/58 [00:01<00:01, 15.57it/s, loss=0.0956]
  Epoch 30/30:  52%|██████████████████                 | 30/58 [00:01<00:01, 15.92it/s, loss=0.0956]
  Epoch 30/30:  52%|██████████████████                 | 30/58 [00:02<00:01, 15.92it/s, loss=0.1104]
  Epoch 30/30:  52%|██████████████████                 | 30/58 [00:02<00:01, 15.92it/s, loss=0.1159]
  Epoch 30/30:  55%|███████████████████▎               | 32/58 [00:02<00:01, 16.23it/s, loss=0.1159]
  Epoch 30/30:  55%|███████████████████▎               | 32/58 [00:02<00:01, 16.23it/s, loss=0.0997]
  Epoch 30/30:  55%|███████████████████▎               | 32/58 [00:02<00:01, 16.23it/s, loss=0.0810]
  Epoch 30/30:  59%|████████████████████▌              | 34/58 [00:02<00:01, 15.76it/s, loss=0.0810]
  Epoch 30/30:  59%|████████████████████▌              | 34/58 [00:02<00:01, 15.76it/s, loss=0.0843]
  Epoch 30/30:  59%|████████████████████▌              | 34/58 [00:02<00:01, 15.76it/s, loss=0.0897]
  Epoch 30/30:  62%|█████████████████████▋             | 36/58 [00:02<00:01, 15.86it/s, loss=0.0897]
  Epoch 30/30:  62%|█████████████████████▋             | 36/58 [00:02<00:01, 15.86it/s, loss=0.0753]
  Epoch 30/30:  62%|█████████████████████▋             | 36/58 [00:02<00:01, 15.86it/s, loss=0.0832]
  Epoch 30/30:  66%|██████████████████████▉            | 38/58 [00:02<00:01, 15.47it/s, loss=0.0832]
  Epoch 30/30:  66%|██████████████████████▉            | 38/58 [00:02<00:01, 15.47it/s, loss=0.0725]
  Epoch 30/30:  66%|██████████████████████▉            | 38/58 [00:02<00:01, 15.47it/s, loss=0.0762]
  Epoch 30/30:  69%|████████████████████████▏          | 40/58 [00:02<00:01, 15.24it/s, loss=0.0762]
  Epoch 30/30:  69%|████████████████████████▏          | 40/58 [00:02<00:01, 15.24it/s, loss=0.0792]
  Epoch 30/30:  69%|████████████████████████▏          | 40/58 [00:02<00:01, 15.24it/s, loss=0.0760]
  Epoch 30/30:  72%|█████████████████████████▎         | 42/58 [00:02<00:00, 16.30it/s, loss=0.0760]
  Epoch 30/30:  72%|█████████████████████████▎         | 42/58 [00:02<00:00, 16.30it/s, loss=0.0734]
  Epoch 30/30:  72%|█████████████████████████▎         | 42/58 [00:02<00:00, 16.30it/s, loss=0.0876]
  Epoch 30/30:  76%|██████████████████████████▌        | 44/58 [00:02<00:00, 16.42it/s, loss=0.0876]
  Epoch 30/30:  76%|██████████████████████████▌        | 44/58 [00:02<00:00, 16.42it/s, loss=0.0756]
  Epoch 30/30:  76%|██████████████████████████▌        | 44/58 [00:02<00:00, 16.42it/s, loss=0.0789]
  Epoch 30/30:  79%|███████████████████████████▊       | 46/58 [00:02<00:00, 15.88it/s, loss=0.0789]
  Epoch 30/30:  79%|███████████████████████████▊       | 46/58 [00:03<00:00, 15.88it/s, loss=0.0930]
  Epoch 30/30:  79%|███████████████████████████▊       | 46/58 [00:03<00:00, 15.88it/s, loss=0.0787]
  Epoch 30/30:  83%|████████████████████████████▉      | 48/58 [00:03<00:00, 15.61it/s, loss=0.0787]
  Epoch 30/30:  83%|████████████████████████████▉      | 48/58 [00:03<00:00, 15.61it/s, loss=0.0858]
  Epoch 30/30:  83%|████████████████████████████▉      | 48/58 [00:03<00:00, 15.61it/s, loss=0.0710]
  Epoch 30/30:  86%|██████████████████████████████▏    | 50/58 [00:03<00:00, 15.64it/s, loss=0.0710]
  Epoch 30/30:  86%|██████████████████████████████▏    | 50/58 [00:03<00:00, 15.64it/s, loss=0.0818]
  Epoch 30/30:  86%|██████████████████████████████▏    | 50/58 [00:03<00:00, 15.64it/s, loss=0.0764]
  Epoch 30/30:  90%|███████████████████████████████▍   | 52/58 [00:03<00:00, 15.12it/s, loss=0.0764]
  Epoch 30/30:  90%|███████████████████████████████▍   | 52/58 [00:03<00:00, 15.12it/s, loss=0.0754]
  Epoch 30/30:  90%|███████████████████████████████▍   | 52/58 [00:03<00:00, 15.12it/s, loss=0.0860]
  Epoch 30/30:  93%|████████████████████████████████▌  | 54/58 [00:03<00:00, 15.31it/s, loss=0.0860]
  Epoch 30/30:  93%|████████████████████████████████▌  | 54/58 [00:03<00:00, 15.31it/s, loss=0.0817]
  Epoch 30/30:  93%|████████████████████████████████▌  | 54/58 [00:03<00:00, 15.31it/s, loss=0.0829]
  Epoch 30/30:  97%|█████████████████████████████████▊ | 56/58 [00:03<00:00, 15.29it/s, loss=0.0829]
  Epoch 30/30:  97%|█████████████████████████████████▊ | 56/58 [00:03<00:00, 15.29it/s, loss=0.0736]
  Epoch 30/30:  97%|█████████████████████████████████▊ | 56/58 [00:03<00:00, 15.29it/s, loss=0.0483]
  Epoch 30/30: 100%|███████████████████████████████████| 58/58 [00:03<00:00, 15.84it/s, loss=0.0483]
                                                                                                    
  Epoch 30/30 │ Loss: 0.0884 │ T+1: -81.1964 │ T+2: -12.9484 │ T+3: -46.6627 ★ NEW BEST

  → Loading best model checkpoint
    Best T+1 NSE: -81.1964

  → Saving model
    Model saved: E:\SRIP 2025\Streamflow and Water-level Prediction\Final Stuff\srip-transformer\runs\full_20260304_210604\model.pt

============================================================
  STEP 7: EVALUATING MODEL
============================================================

  → Evaluating on Test Set 1961-1970

  Testing 1961-1970:   0%|                                                   | 0/15 [00:00<?, ?it/s]
  Testing 1961-1970:  27%|███████████▍                               | 4/15 [00:00<00:00, 28.91it/s]
  Testing 1961-1970:  53%|██████████████████████▉                    | 8/15 [00:00<00:00, 29.69it/s]
  Testing 1961-1970:  80%|█████████████████████████████████▌        | 12/15 [00:00<00:00, 31.06it/s]
                                                                                                    

    Results (1961-1970):
    Horizon       NSE       R²      PBIAS │      P90      P95 │    Peak%
    ----------------------------------------------------------------------
    T1        -1.2120  -1.2120   -210.65% │  -1.9914  -4.2920 │    92.8%
    T2        -0.0795  -0.0795     59.56% │  -3.4374  -5.8428 │    75.9%
    T3        -1.6722  -1.6722   -269.60% │  -0.7168  -2.1009 │    94.2%

  → Evaluating on Test Set 2011-2020

  Testing 2011-2020:   0%|                                                   | 0/15 [00:00<?, ?it/s]
  Testing 2011-2020:  27%|███████████▍                               | 4/15 [00:00<00:00, 36.51it/s]
  Testing 2011-2020:  53%|██████████████████████▉                    | 8/15 [00:00<00:00, 36.10it/s]
  Testing 2011-2020:  80%|█████████████████████████████████▌        | 12/15 [00:00<00:00, 37.49it/s]
                                                                                                    

    Results (2011-2020):
    Horizon       NSE       R²      PBIAS │      P90      P95 │    Peak%
    ----------------------------------------------------------------------
    T1        -2.9653  -2.9653   -499.65% │  -0.5074  -0.7830 │    96.3%
    T2        -0.0041  -0.0041     22.30% │  -0.7346  -1.2673 │    80.9%
    T3        -4.0008  -4.0008   -604.26% │  -0.0124  -0.1693 │    97.1%

============================================================
  STEP 8: SAVING RESULTS
============================================================

  → Saving results.json

  → Saving train_history.json

  → Computing feature saliency (gradient × input)
    Features: ['rainfall', 'tmax', 'tmin', 'waterlevel_upstream', 'streamflow_upstream', 'waterlevel_final', 'streamflow_final', 'hierarchical_feature_quantile_0.1', 'hierarchical_feature_quantile_0.5', 'hierarchical_feature_quantile_0.9', 'hierarchical_feature_quantile_0.95']
Traceback (most recent call last):
  File "E:\SRIP 2025\Streamflow and Water-level Prediction\Final Stuff\srip-transformer\src\train.py", line 895, in <module>
    main()
  File "E:\SRIP 2025\Streamflow and Water-level Prediction\Final Stuff\srip-transformer\src\train.py", line 850, in main
    saliency_results = compute_feature_saliency(
                       ^^^^^^^^^^^^^^^^^^^^^^^^^
  File "E:\SRIP 2025\Streamflow and Water-level Prediction\Final Stuff\srip-transformer\src\train.py", line 398, in compute_feature_saliency
    predictions[horizon].sum().backward(retain_graph=True)
  File "C:\Users\HP\AppData\Local\Programs\Python\Python312\Lib\site-packages\torch\_tensor.py", line 630, in backward
    torch.autograd.backward(
  File "C:\Users\HP\AppData\Local\Programs\Python\Python312\Lib\site-packages\torch\autograd\__init__.py", line 364, in backward
    _engine_run_backward(
  File "C:\Users\HP\AppData\Local\Programs\Python\Python312\Lib\site-packages\torch\autograd\graph.py", line 865, in _engine_run_backward
    return Variable._execution_engine.run_backward(  # Calls into the C++ engine to run the backward pass
           ^^^^^^^^^^^^^^^^^^^^^^^^^^^^^^^^^^^^^^^^^^^^^^^^^^^^^^^^^^^^^^^^^^^^^^^^^^^^^^^^^^^^^^^^^^^^^^
RuntimeError: cudnn RNN backward can only be called in training mode
