
============================================================
  SeqLSTM TRAINING PIPELINE
  Modular Ablation Framework
============================================================

============================================================
  STEP 1: LOADING CONFIGURATION
============================================================
  Config file: E:\SRIP 2025\Streamflow and Water-level Prediction\Final Stuff\srip-transformer\src\configs\full.yaml
  Config name: full

  Configuration:
    • Sequential:    ✓ ON  (3 LSTM blocks)
    • Bidirectional: ✗ OFF
    • Attention:     ✓ ON  (MHA)
    • Rating Curve:  ✓ ON
    • Hierarchical:  ✓ ON

  LSTM Settings:
    • Hidden dim:    64
    • Num layers:    1
    • Dropout:       0.1

  Attention Settings:
    • Num heads:     8

  Hard Constraints (enforced globally):
    • Lookback:      7 days
    • Batch size:    256
    • Learning rate: 0.001
    • Epochs:        30
    • Optimizer:     Adam
    • Loss:          MSE
    • Random seed:   74

  → Setting random seed: 74

  → Using device: cuda
    GPU: NVIDIA GeForce RTX 3050 4GB Laptop GPU

============================================================
  STEP 2: LOADING AND PREPARING DATA
============================================================

  → Loading station data: E:\SRIP 2025\Streamflow and Water-level Prediction\Final Stuff\srip-transformer\hierarchial\new_Mandleshwar_with_hierarchical_quantiles.csv
    Raw data shape: (22279, 23)
    Date range: 1961-01-02 to 2021-12-31

  → Detected pre-computed hierarchical features in CSV
    • hierarchical_feature_quantile_0.1
    • hierarchical_feature_quantile_0.5
    • hierarchical_feature_quantile_0.9
    • hierarchical_feature_quantile_0.95
    ✓ Will be INCLUDED (use_hierarchical=True)

  → Determining feature set
    ✓ Including 4 hierarchical features
    Using auto-detected features
    Total features: 11
       1. rainfall
       2. tmax
       3. tmin
       4. waterlevel_upstream
       5. streamflow_upstream
       6. waterlevel_final
       7. streamflow_final
       8. hierarchical_feature_quantile_0.1
       9. hierarchical_feature_quantile_0.5
      10. hierarchical_feature_quantile_0.9
      11. hierarchical_feature_quantile_0.95
    Target: streamflow_final

  → Loading processed data
    Station: Mandleshwar
    Processed shape: (22279, 23)

  → Splitting data by year
    Train (1971-2010):        14,610 samples
    Test (1961-1970):         3,651 samples
    Test (2011-2020):         3,653 samples

  → Scaling features (MinMaxScaler)
    Scaler fitted on 11 features

  → Creating PyTorch datasets
    Lookback window: 7 days (t-7 to t-1)
    Train dataset:   14,600 sequences
    Test 61-70:      3,641 sequences
    Test 11-20:      3,643 sequences
    ✓ Dual-target mode: streamflow + water level targets

  → Creating DataLoaders
    Batch size: 256
    Train batches: 58

============================================================
  STEP 3: SETTING UP OUTPUT DIRECTORY
============================================================
  Run directory: E:\SRIP 2025\Streamflow and Water-level Prediction\Final Stuff\srip-transformer\runs\full_20260304_211126

============================================================
  STEP 4: FITTING RATING CURVE
============================================================

  → Extracting water level and streamflow data
    Data points: 14,610

  → Fitting rating curve models
  quadratic: RMSE=313.215, R²=0.9854
  exponential: RMSE=1367.674, R²=0.7207
  shifted_quadratic: RMSE=2587.901, R²=-0.0000
  shifted_cubic: RMSE=633.903, R²=0.9400
E:\SRIP 2025\Streamflow and Water-level Prediction\Final Stuff\srip-transformer\src\models\fitter.py:41: RuntimeWarning: overflow encountered in power
  return a * np.power(np.maximum(wse - c, 0.001), b)
E:\SRIP 2025\Streamflow and Water-level Prediction\Final Stuff\srip-transformer\src\models\fitter.py:115: OptimizeWarning: Covariance of the parameters could not be estimated
  params, _ = curve_fit(
  power_law: RMSE=2587.898, R²=-0.0000

Best Rating Curve: quadratic
  RMSE: 313.215
  R²: 0.9854
  Params: [ 1.50957036e+02 -4.16188249e+04  2.86819587e+06]
    ✓ Best model: quadratic
    ✓ Rating curve saved: E:\SRIP 2025\Streamflow and Water-level Prediction\Final Stuff\srip-transformer\runs\full_20260304_211126\rating_curve.pkl

============================================================
  STEP 5: CREATING MODEL
============================================================

  → Initializing SeqLSTMModel
    ✓ Rating curve injected into model
    Input dimension: 11
    Model variant:   Sequential_Fitter_MHA_Hier

  → Counting parameters & FLOPs
    Total parameters: 122,236
      • lstm_block1: 19,712
      • lstm_block2: 19,712
      • lstm_block3: 19,712
      • projection: 22
      • attention: 50,304
      • heads: 12,774
    FLOPs (per forward pass): 1.169M  [manual estimate]

============================================================
  STEP 6: TRAINING MODEL
============================================================

  → Setting up optimizer and loss function
    Optimizer: Adam (lr=0.001)
    Loss: MSELoss

  → Starting training loop (30 epochs)
    Progress will be shown every 5 epochs


  Epoch  1/30:   0%|                                                         | 0/58 [00:00<?, ?it/s]
  Epoch  1/30:   0%|                                   | 0/58 [00:00<?, ?it/s, loss=4119242496.0000]
  Epoch  1/30:   2%|▍                          | 1/58 [00:00<00:21,  2.63it/s, loss=4119242496.0000]
  Epoch  1/30:   2%|▍                          | 1/58 [00:00<00:21,  2.63it/s, loss=3368364800.0000]
  Epoch  1/30:   2%|▍                          | 1/58 [00:00<00:21,  2.63it/s, loss=2704123904.0000]
  Epoch  1/30:   2%|▍                          | 1/58 [00:00<00:21,  2.63it/s, loss=2022248448.0000]
  Epoch  1/30:   7%|█▊                         | 4/58 [00:00<00:05,  9.07it/s, loss=2022248448.0000]
  Epoch  1/30:   7%|█▊                         | 4/58 [00:00<00:05,  9.07it/s, loss=1777931264.0000]
  Epoch  1/30:   7%|█▊                         | 4/58 [00:00<00:05,  9.07it/s, loss=1394582784.0000]
  Epoch  1/30:   7%|█▊                         | 4/58 [00:00<00:05,  9.07it/s, loss=1218462464.0000]
  Epoch  1/30:  12%|███▎                       | 7/58 [00:00<00:03, 13.02it/s, loss=1218462464.0000]
  Epoch  1/30:  12%|███▍                        | 7/58 [00:00<00:03, 13.02it/s, loss=933533376.0000]
  Epoch  1/30:  12%|███▍                        | 7/58 [00:00<00:03, 13.02it/s, loss=769025536.0000]
  Epoch  1/30:  12%|███▍                        | 7/58 [00:00<00:03, 13.02it/s, loss=911400896.0000]
  Epoch  1/30:  17%|████▋                      | 10/58 [00:00<00:03, 15.76it/s, loss=911400896.0000]
  Epoch  1/30:  17%|████▋                      | 10/58 [00:00<00:03, 15.76it/s, loss=891359424.0000]
  Epoch  1/30:  17%|████▋                      | 10/58 [00:00<00:03, 15.76it/s, loss=918365056.0000]
  Epoch  1/30:  17%|████▋                      | 10/58 [00:00<00:03, 15.76it/s, loss=917647552.0000]
  Epoch  1/30:  22%|██████                     | 13/58 [00:00<00:02, 17.38it/s, loss=917647552.0000]
  Epoch  1/30:  22%|██████                     | 13/58 [00:00<00:02, 17.38it/s, loss=977419136.0000]
  Epoch  1/30:  22%|█████▊                    | 13/58 [00:01<00:02, 17.38it/s, loss=1103981952.0000]
  Epoch  1/30:  26%|██████▋                   | 15/58 [00:01<00:02, 17.50it/s, loss=1103981952.0000]
  Epoch  1/30:  26%|██████▉                    | 15/58 [00:01<00:02, 17.50it/s, loss=971124224.0000]
  Epoch  1/30:  26%|██████▋                   | 15/58 [00:01<00:02, 17.50it/s, loss=1123184896.0000]
  Epoch  1/30:  29%|███████▌                  | 17/58 [00:01<00:02, 17.80it/s, loss=1123184896.0000]
  Epoch  1/30:  29%|███████▌                  | 17/58 [00:01<00:02, 17.80it/s, loss=1055817216.0000]
  Epoch  1/30:  29%|███████▉                   | 17/58 [00:01<00:02, 17.80it/s, loss=955365632.0000]
  Epoch  1/30:  33%|████████▊                  | 19/58 [00:01<00:02, 17.92it/s, loss=955365632.0000]
  Epoch  1/30:  33%|████████▊                  | 19/58 [00:01<00:02, 17.92it/s, loss=958582272.0000]
  Epoch  1/30:  33%|████████▌                 | 19/58 [00:01<00:02, 17.92it/s, loss=1035722752.0000]
  Epoch  1/30:  33%|████████▌                 | 19/58 [00:01<00:02, 17.92it/s, loss=1005129920.0000]
  Epoch  1/30:  38%|█████████▊                | 22/58 [00:01<00:01, 18.91it/s, loss=1005129920.0000]
  Epoch  1/30:  38%|██████████▏                | 22/58 [00:01<00:01, 18.91it/s, loss=908100288.0000]
  Epoch  1/30:  38%|██████████▏                | 22/58 [00:01<00:01, 18.91it/s, loss=867187328.0000]
  Epoch  1/30:  41%|███████████▏               | 24/58 [00:01<00:01, 19.02it/s, loss=867187328.0000]
  Epoch  1/30:  41%|███████████▏               | 24/58 [00:01<00:01, 19.02it/s, loss=768712896.0000]
  Epoch  1/30:  41%|███████████▏               | 24/58 [00:01<00:01, 19.02it/s, loss=784046016.0000]
  Epoch  1/30:  41%|███████████▏               | 24/58 [00:01<00:01, 19.02it/s, loss=872582656.0000]
  Epoch  1/30:  47%|████████████▌              | 27/58 [00:01<00:01, 20.19it/s, loss=872582656.0000]
  Epoch  1/30:  47%|████████████▌              | 27/58 [00:01<00:01, 20.19it/s, loss=704982656.0000]
  Epoch  1/30:  47%|████████████▌              | 27/58 [00:01<00:01, 20.19it/s, loss=762265984.0000]
  Epoch  1/30:  47%|████████████▌              | 27/58 [00:01<00:01, 20.19it/s, loss=734508544.0000]
  Epoch  1/30:  52%|█████████████▉             | 30/58 [00:01<00:01, 19.82it/s, loss=734508544.0000]
  Epoch  1/30:  52%|█████████████▉             | 30/58 [00:01<00:01, 19.82it/s, loss=732421824.0000]
  Epoch  1/30:  52%|█████████████▉             | 30/58 [00:01<00:01, 19.82it/s, loss=821565440.0000]
  Epoch  1/30:  55%|██████████████▉            | 32/58 [00:01<00:01, 19.70it/s, loss=821565440.0000]
  Epoch  1/30:  55%|██████████████▉            | 32/58 [00:01<00:01, 19.70it/s, loss=730744832.0000]
  Epoch  1/30:  55%|██████████████▉            | 32/58 [00:02<00:01, 19.70it/s, loss=687434432.0000]
  Epoch  1/30:  59%|███████████████▊           | 34/58 [00:02<00:01, 19.38it/s, loss=687434432.0000]
  Epoch  1/30:  59%|███████████████▊           | 34/58 [00:02<00:01, 19.38it/s, loss=707301760.0000]
  Epoch  1/30:  59%|███████████████▊           | 34/58 [00:02<00:01, 19.38it/s, loss=825465280.0000]
  Epoch  1/30:  62%|████████████████▊          | 36/58 [00:02<00:01, 19.39it/s, loss=825465280.0000]
  Epoch  1/30:  62%|████████████████▊          | 36/58 [00:02<00:01, 19.39it/s, loss=710582272.0000]
  Epoch  1/30:  62%|████████████████▊          | 36/58 [00:02<00:01, 19.39it/s, loss=737570176.0000]
  Epoch  1/30:  62%|████████████████▊          | 36/58 [00:02<00:01, 19.39it/s, loss=711593472.0000]
  Epoch  1/30:  67%|██████████████████▏        | 39/58 [00:02<00:00, 20.27it/s, loss=711593472.0000]
  Epoch  1/30:  67%|██████████████████▏        | 39/58 [00:02<00:00, 20.27it/s, loss=647711616.0000]
  Epoch  1/30:  67%|██████████████████▏        | 39/58 [00:02<00:00, 20.27it/s, loss=772264320.0000]
  Epoch  1/30:  67%|██████████████████▏        | 39/58 [00:02<00:00, 20.27it/s, loss=660765248.0000]
  Epoch  1/30:  72%|███████████████████▌       | 42/58 [00:02<00:00, 21.03it/s, loss=660765248.0000]
  Epoch  1/30:  72%|███████████████████▌       | 42/58 [00:02<00:00, 21.03it/s, loss=707959424.0000]
  Epoch  1/30:  72%|███████████████████▌       | 42/58 [00:02<00:00, 21.03it/s, loss=617128256.0000]
  Epoch  1/30:  72%|███████████████████▌       | 42/58 [00:02<00:00, 21.03it/s, loss=611237056.0000]
  Epoch  1/30:  78%|████████████████████▉      | 45/58 [00:02<00:00, 20.74it/s, loss=611237056.0000]
  Epoch  1/30:  78%|████████████████████▉      | 45/58 [00:02<00:00, 20.74it/s, loss=629117312.0000]
  Epoch  1/30:  78%|████████████████████▉      | 45/58 [00:02<00:00, 20.74it/s, loss=707047040.0000]
  Epoch  1/30:  78%|████████████████████▉      | 45/58 [00:02<00:00, 20.74it/s, loss=680319104.0000]
  Epoch  1/30:  83%|██████████████████████▎    | 48/58 [00:02<00:00, 18.39it/s, loss=680319104.0000]
  Epoch  1/30:  83%|██████████████████████▎    | 48/58 [00:02<00:00, 18.39it/s, loss=620494784.0000]
  Epoch  1/30:  83%|██████████████████████▎    | 48/58 [00:02<00:00, 18.39it/s, loss=622446336.0000]
  Epoch  1/30:  86%|███████████████████████▎   | 50/58 [00:02<00:00, 18.37it/s, loss=622446336.0000]
  Epoch  1/30:  86%|███████████████████████▎   | 50/58 [00:02<00:00, 18.37it/s, loss=596505600.0000]
  Epoch  1/30:  86%|███████████████████████▎   | 50/58 [00:02<00:00, 18.37it/s, loss=619942592.0000]
  Epoch  1/30:  86%|███████████████████████▎   | 50/58 [00:03<00:00, 18.37it/s, loss=637093504.0000]
  Epoch  1/30:  91%|████████████████████████▋  | 53/58 [00:03<00:00, 18.81it/s, loss=637093504.0000]
  Epoch  1/30:  91%|████████████████████████▋  | 53/58 [00:03<00:00, 18.81it/s, loss=582736832.0000]
  Epoch  1/30:  91%|████████████████████████▋  | 53/58 [00:03<00:00, 18.81it/s, loss=570607744.0000]
  Epoch  1/30:  95%|█████████████████████████▌ | 55/58 [00:03<00:00, 18.28it/s, loss=570607744.0000]
  Epoch  1/30:  95%|█████████████████████████▌ | 55/58 [00:03<00:00, 18.28it/s, loss=555377792.0000]
  Epoch  1/30:  95%|█████████████████████████▌ | 55/58 [00:03<00:00, 18.28it/s, loss=600191232.0000]
  Epoch  1/30:  95%|█████████████████████████▌ | 55/58 [00:03<00:00, 18.28it/s, loss=599943040.0000]
  Epoch  1/30: 100%|███████████████████████████| 58/58 [00:03<00:00, 19.60it/s, loss=599943040.0000]
                                                                                                    

  Epoch  2/30:   0%|                                                         | 0/58 [00:00<?, ?it/s]
  Epoch  2/30:   0%|                                    | 0/58 [00:00<?, ?it/s, loss=592679424.0000]
  Epoch  2/30:   0%|                                    | 0/58 [00:00<?, ?it/s, loss=541619968.0000]
  Epoch  2/30:   3%|▉                           | 2/58 [00:00<00:03, 17.90it/s, loss=541619968.0000]
  Epoch  2/30:   3%|▉                           | 2/58 [00:00<00:03, 17.90it/s, loss=618407424.0000]
  Epoch  2/30:   3%|▉                           | 2/58 [00:00<00:03, 17.90it/s, loss=488791040.0000]
  Epoch  2/30:   7%|█▉                          | 4/58 [00:00<00:02, 18.71it/s, loss=488791040.0000]
  Epoch  2/30:   7%|█▉                          | 4/58 [00:00<00:02, 18.71it/s, loss=473818976.0000]
  Epoch  2/30:   7%|█▉                          | 4/58 [00:00<00:02, 18.71it/s, loss=508136256.0000]
  Epoch  2/30:  10%|██▉                         | 6/58 [00:00<00:02, 19.09it/s, loss=508136256.0000]
  Epoch  2/30:  10%|██▉                         | 6/58 [00:00<00:02, 19.09it/s, loss=537711744.0000]
  Epoch  2/30:  10%|██▉                         | 6/58 [00:00<00:02, 19.09it/s, loss=573991936.0000]
  Epoch  2/30:  10%|██▉                         | 6/58 [00:00<00:02, 19.09it/s, loss=535473856.0000]
  Epoch  2/30:  16%|████▎                       | 9/58 [00:00<00:02, 19.78it/s, loss=535473856.0000]
  Epoch  2/30:  16%|████▎                       | 9/58 [00:00<00:02, 19.78it/s, loss=557922176.0000]
  Epoch  2/30:  16%|████▎                       | 9/58 [00:00<00:02, 19.78it/s, loss=496611264.0000]
  Epoch  2/30:  19%|█████                      | 11/58 [00:00<00:02, 19.68it/s, loss=496611264.0000]
  Epoch  2/30:  19%|█████                      | 11/58 [00:00<00:02, 19.68it/s, loss=524245120.0000]
  Epoch  2/30:  19%|█████                      | 11/58 [00:00<00:02, 19.68it/s, loss=459161440.0000]
  Epoch  2/30:  22%|██████                     | 13/58 [00:00<00:02, 18.47it/s, loss=459161440.0000]
  Epoch  2/30:  22%|██████                     | 13/58 [00:00<00:02, 18.47it/s, loss=461206272.0000]
  Epoch  2/30:  22%|██████                     | 13/58 [00:00<00:02, 18.47it/s, loss=531859968.0000]
  Epoch  2/30:  26%|██████▉                    | 15/58 [00:00<00:02, 17.81it/s, loss=531859968.0000]
  Epoch  2/30:  26%|██████▉                    | 15/58 [00:00<00:02, 17.81it/s, loss=503075424.0000]
  Epoch  2/30:  26%|██████▉                    | 15/58 [00:00<00:02, 17.81it/s, loss=441650624.0000]
  Epoch  2/30:  29%|███████▉                   | 17/58 [00:00<00:02, 15.86it/s, loss=441650624.0000]
  Epoch  2/30:  29%|███████▉                   | 17/58 [00:01<00:02, 15.86it/s, loss=507017824.0000]
  Epoch  2/30:  29%|███████▉                   | 17/58 [00:01<00:02, 15.86it/s, loss=494634592.0000]
  Epoch  2/30:  33%|████████▊                  | 19/58 [00:01<00:02, 15.75it/s, loss=494634592.0000]
  Epoch  2/30:  33%|████████▊                  | 19/58 [00:01<00:02, 15.75it/s, loss=502336000.0000]
  Epoch  2/30:  33%|████████▊                  | 19/58 [00:01<00:02, 15.75it/s, loss=479935680.0000]
  Epoch  2/30:  36%|█████████▊                 | 21/58 [00:01<00:02, 15.21it/s, loss=479935680.0000]
  Epoch  2/30:  36%|█████████▊                 | 21/58 [00:01<00:02, 15.21it/s, loss=413066848.0000]
  Epoch  2/30:  36%|█████████▊                 | 21/58 [00:01<00:02, 15.21it/s, loss=437588480.0000]
  Epoch  2/30:  40%|██████████▋                | 23/58 [00:01<00:02, 15.12it/s, loss=437588480.0000]
  Epoch  2/30:  40%|██████████▋                | 23/58 [00:01<00:02, 15.12it/s, loss=453736576.0000]
  Epoch  2/30:  40%|██████████▋                | 23/58 [00:01<00:02, 15.12it/s, loss=386432512.0000]
  Epoch  2/30:  43%|███████████▋               | 25/58 [00:01<00:02, 15.14it/s, loss=386432512.0000]
  Epoch  2/30:  43%|███████████▋               | 25/58 [00:01<00:02, 15.14it/s, loss=437499904.0000]
  Epoch  2/30:  43%|███████████▋               | 25/58 [00:01<00:02, 15.14it/s, loss=451755744.0000]
  Epoch  2/30:  47%|████████████▌              | 27/58 [00:01<00:02, 15.39it/s, loss=451755744.0000]
  Epoch  2/30:  47%|████████████▌              | 27/58 [00:01<00:02, 15.39it/s, loss=436801024.0000]
  Epoch  2/30:  47%|████████████▌              | 27/58 [00:01<00:02, 15.39it/s, loss=421515008.0000]
  Epoch  2/30:  50%|█████████████▌             | 29/58 [00:01<00:01, 15.45it/s, loss=421515008.0000]
  Epoch  2/30:  50%|█████████████▌             | 29/58 [00:01<00:01, 15.45it/s, loss=457282656.0000]
  Epoch  2/30:  50%|█████████████▌             | 29/58 [00:01<00:01, 15.45it/s, loss=463833344.0000]
  Epoch  2/30:  53%|██████████████▍            | 31/58 [00:01<00:01, 15.20it/s, loss=463833344.0000]
  Epoch  2/30:  53%|██████████████▍            | 31/58 [00:01<00:01, 15.20it/s, loss=479785664.0000]
  Epoch  2/30:  53%|██████████████▍            | 31/58 [00:02<00:01, 15.20it/s, loss=437804288.0000]
  Epoch  2/30:  57%|███████████████▎           | 33/58 [00:02<00:01, 15.29it/s, loss=437804288.0000]
  Epoch  2/30:  57%|███████████████▎           | 33/58 [00:02<00:01, 15.29it/s, loss=385964544.0000]
  Epoch  2/30:  57%|███████████████▎           | 33/58 [00:02<00:01, 15.29it/s, loss=497864192.0000]
  Epoch  2/30:  60%|████████████████▎          | 35/58 [00:02<00:01, 15.31it/s, loss=497864192.0000]
  Epoch  2/30:  60%|████████████████▎          | 35/58 [00:02<00:01, 15.31it/s, loss=412615104.0000]
  Epoch  2/30:  60%|████████████████▎          | 35/58 [00:02<00:01, 15.31it/s, loss=399741568.0000]
  Epoch  2/30:  64%|█████████████████▏         | 37/58 [00:02<00:01, 15.36it/s, loss=399741568.0000]
  Epoch  2/30:  64%|█████████████████▏         | 37/58 [00:02<00:01, 15.36it/s, loss=384250560.0000]
  Epoch  2/30:  64%|█████████████████▏         | 37/58 [00:02<00:01, 15.36it/s, loss=382046016.0000]
  Epoch  2/30:  67%|██████████████████▏        | 39/58 [00:02<00:01, 15.17it/s, loss=382046016.0000]
  Epoch  2/30:  67%|██████████████████▏        | 39/58 [00:02<00:01, 15.17it/s, loss=369385664.0000]
  Epoch  2/30:  67%|██████████████████▏        | 39/58 [00:02<00:01, 15.17it/s, loss=390510336.0000]
  Epoch  2/30:  71%|███████████████████        | 41/58 [00:02<00:01, 15.84it/s, loss=390510336.0000]
  Epoch  2/30:  71%|███████████████████        | 41/58 [00:02<00:01, 15.84it/s, loss=386164224.0000]
  Epoch  2/30:  71%|███████████████████        | 41/58 [00:02<00:01, 15.84it/s, loss=396002912.0000]
  Epoch  2/30:  74%|████████████████████       | 43/58 [00:02<00:00, 15.89it/s, loss=396002912.0000]
  Epoch  2/30:  74%|████████████████████       | 43/58 [00:02<00:00, 15.89it/s, loss=385654496.0000]
  Epoch  2/30:  74%|████████████████████       | 43/58 [00:02<00:00, 15.89it/s, loss=362805120.0000]
  Epoch  2/30:  78%|████████████████████▉      | 45/58 [00:02<00:00, 15.99it/s, loss=362805120.0000]
  Epoch  2/30:  78%|████████████████████▉      | 45/58 [00:02<00:00, 15.99it/s, loss=383871072.0000]
  Epoch  2/30:  78%|████████████████████▉      | 45/58 [00:02<00:00, 15.99it/s, loss=369820800.0000]
  Epoch  2/30:  81%|█████████████████████▉     | 47/58 [00:02<00:00, 16.12it/s, loss=369820800.0000]
  Epoch  2/30:  81%|█████████████████████▉     | 47/58 [00:02<00:00, 16.12it/s, loss=384928448.0000]
  Epoch  2/30:  81%|█████████████████████▉     | 47/58 [00:03<00:00, 16.12it/s, loss=333900288.0000]
  Epoch  2/30:  84%|██████████████████████▊    | 49/58 [00:03<00:00, 16.52it/s, loss=333900288.0000]
  Epoch  2/30:  84%|██████████████████████▊    | 49/58 [00:03<00:00, 16.52it/s, loss=309475072.0000]
  Epoch  2/30:  84%|██████████████████████▊    | 49/58 [00:03<00:00, 16.52it/s, loss=313755968.0000]
  Epoch  2/30:  88%|███████████████████████▋   | 51/58 [00:03<00:00, 16.64it/s, loss=313755968.0000]
  Epoch  2/30:  88%|███████████████████████▋   | 51/58 [00:03<00:00, 16.64it/s, loss=336022912.0000]
  Epoch  2/30:  88%|███████████████████████▋   | 51/58 [00:03<00:00, 16.64it/s, loss=367197536.0000]
  Epoch  2/30:  91%|████████████████████████▋  | 53/58 [00:03<00:00, 16.41it/s, loss=367197536.0000]
  Epoch  2/30:  91%|████████████████████████▋  | 53/58 [00:03<00:00, 16.41it/s, loss=364286464.0000]
  Epoch  2/30:  91%|████████████████████████▋  | 53/58 [00:03<00:00, 16.41it/s, loss=361655776.0000]
  Epoch  2/30:  95%|█████████████████████████▌ | 55/58 [00:03<00:00, 15.95it/s, loss=361655776.0000]
  Epoch  2/30:  95%|█████████████████████████▌ | 55/58 [00:03<00:00, 15.95it/s, loss=305051328.0000]
  Epoch  2/30:  95%|█████████████████████████▌ | 55/58 [00:03<00:00, 15.95it/s, loss=348820960.0000]
  Epoch  2/30:  98%|██████████████████████████▌| 57/58 [00:03<00:00, 15.74it/s, loss=348820960.0000]
  Epoch  2/30:  98%|██████████████████████████▌| 57/58 [00:03<00:00, 15.74it/s, loss=213722752.0000]
                                                                                                    

  Epoch  3/30:   0%|                                                         | 0/58 [00:00<?, ?it/s]
  Epoch  3/30:   0%|                                    | 0/58 [00:00<?, ?it/s, loss=357616608.0000]
  Epoch  3/30:   0%|                                    | 0/58 [00:00<?, ?it/s, loss=322560992.0000]
  Epoch  3/30:   0%|                                    | 0/58 [00:00<?, ?it/s, loss=334767328.0000]
  Epoch  3/30:   5%|█▍                          | 3/58 [00:00<00:02, 20.34it/s, loss=334767328.0000]
  Epoch  3/30:   5%|█▍                          | 3/58 [00:00<00:02, 20.34it/s, loss=343930464.0000]
  Epoch  3/30:   5%|█▍                          | 3/58 [00:00<00:02, 20.34it/s, loss=296665248.0000]
  Epoch  3/30:   5%|█▍                          | 3/58 [00:00<00:02, 20.34it/s, loss=284975168.0000]
  Epoch  3/30:  10%|██▉                         | 6/58 [00:00<00:02, 19.24it/s, loss=284975168.0000]
  Epoch  3/30:  10%|██▉                         | 6/58 [00:00<00:02, 19.24it/s, loss=316693088.0000]
  Epoch  3/30:  10%|██▉                         | 6/58 [00:00<00:02, 19.24it/s, loss=327100640.0000]
  Epoch  3/30:  10%|██▉                         | 6/58 [00:00<00:02, 19.24it/s, loss=316156320.0000]
  Epoch  3/30:  16%|████▎                       | 9/58 [00:00<00:02, 20.49it/s, loss=316156320.0000]
  Epoch  3/30:  16%|████▎                       | 9/58 [00:00<00:02, 20.49it/s, loss=273252416.0000]
  Epoch  3/30:  16%|████▎                       | 9/58 [00:00<00:02, 20.49it/s, loss=274086528.0000]
  Epoch  3/30:  16%|████▎                       | 9/58 [00:00<00:02, 20.49it/s, loss=298488096.0000]
  Epoch  3/30:  21%|█████▌                     | 12/58 [00:00<00:03, 15.00it/s, loss=298488096.0000]
  Epoch  3/30:  21%|█████▌                     | 12/58 [00:00<00:03, 15.00it/s, loss=293195584.0000]
  Epoch  3/30:  21%|█████▌                     | 12/58 [00:00<00:03, 15.00it/s, loss=306091104.0000]
  Epoch  3/30:  21%|█████▌                     | 12/58 [00:00<00:03, 15.00it/s, loss=257538944.0000]
  Epoch  3/30:  26%|██████▉                    | 15/58 [00:00<00:02, 16.44it/s, loss=257538944.0000]
  Epoch  3/30:  26%|██████▉                    | 15/58 [00:00<00:02, 16.44it/s, loss=277556640.0000]
  Epoch  3/30:  26%|██████▉                    | 15/58 [00:00<00:02, 16.44it/s, loss=302651744.0000]
  Epoch  3/30:  26%|██████▉                    | 15/58 [00:01<00:02, 16.44it/s, loss=263047296.0000]
  Epoch  3/30:  31%|████████▍                  | 18/58 [00:01<00:02, 17.47it/s, loss=263047296.0000]
  Epoch  3/30:  31%|████████▍                  | 18/58 [00:01<00:02, 17.47it/s, loss=270930304.0000]
  Epoch  3/30:  31%|████████▍                  | 18/58 [00:01<00:02, 17.47it/s, loss=310799680.0000]
  Epoch  3/30:  34%|█████████▎                 | 20/58 [00:01<00:02, 17.70it/s, loss=310799680.0000]
  Epoch  3/30:  34%|█████████▎                 | 20/58 [00:01<00:02, 17.70it/s, loss=281601984.0000]
  Epoch  3/30:  34%|█████████▎                 | 20/58 [00:01<00:02, 17.70it/s, loss=262631168.0000]
  Epoch  3/30:  34%|█████████▎                 | 20/58 [00:01<00:02, 17.70it/s, loss=268025520.0000]
  Epoch  3/30:  40%|██████████▋                | 23/58 [00:01<00:01, 18.43it/s, loss=268025520.0000]
  Epoch  3/30:  40%|██████████▋                | 23/58 [00:01<00:01, 18.43it/s, loss=263464672.0000]
  Epoch  3/30:  40%|██████████▋                | 23/58 [00:01<00:01, 18.43it/s, loss=278546240.0000]
  Epoch  3/30:  43%|███████████▋               | 25/58 [00:01<00:01, 17.94it/s, loss=278546240.0000]
  Epoch  3/30:  43%|███████████▋               | 25/58 [00:01<00:01, 17.94it/s, loss=278981792.0000]
  Epoch  3/30:  43%|███████████▋               | 25/58 [00:01<00:01, 17.94it/s, loss=247013680.0000]
  Epoch  3/30:  47%|████████████▌              | 27/58 [00:01<00:01, 18.41it/s, loss=247013680.0000]
  Epoch  3/30:  47%|████████████▌              | 27/58 [00:01<00:01, 18.41it/s, loss=262846688.0000]
  Epoch  3/30:  47%|████████████▌              | 27/58 [00:01<00:01, 18.41it/s, loss=260585920.0000]
  Epoch  3/30:  47%|████████████▌              | 27/58 [00:01<00:01, 18.41it/s, loss=258719792.0000]
  Epoch  3/30:  52%|█████████████▉             | 30/58 [00:01<00:01, 19.27it/s, loss=258719792.0000]
  Epoch  3/30:  52%|█████████████▉             | 30/58 [00:01<00:01, 19.27it/s, loss=275533248.0000]
  Epoch  3/30:  52%|█████████████▉             | 30/58 [00:01<00:01, 19.27it/s, loss=256850784.0000]
  Epoch  3/30:  52%|█████████████▉             | 30/58 [00:01<00:01, 19.27it/s, loss=263421920.0000]
  Epoch  3/30:  57%|███████████████▎           | 33/58 [00:01<00:01, 20.03it/s, loss=263421920.0000]
  Epoch  3/30:  57%|███████████████▎           | 33/58 [00:01<00:01, 20.03it/s, loss=264523456.0000]
  Epoch  3/30:  57%|███████████████▎           | 33/58 [00:01<00:01, 20.03it/s, loss=220080992.0000]
  Epoch  3/30:  57%|███████████████▎           | 33/58 [00:01<00:01, 20.03it/s, loss=253284608.0000]
  Epoch  3/30:  62%|████████████████▊          | 36/58 [00:01<00:01, 20.41it/s, loss=253284608.0000]
  Epoch  3/30:  62%|████████████████▊          | 36/58 [00:01<00:01, 20.41it/s, loss=238531552.0000]
  Epoch  3/30:  62%|████████████████▊          | 36/58 [00:02<00:01, 20.41it/s, loss=221051328.0000]
  Epoch  3/30:  62%|████████████████▊          | 36/58 [00:02<00:01, 20.41it/s, loss=230888224.0000]
  Epoch  3/30:  67%|██████████████████▏        | 39/58 [00:02<00:01, 18.14it/s, loss=230888224.0000]
  Epoch  3/30:  67%|██████████████████▏        | 39/58 [00:02<00:01, 18.14it/s, loss=238031104.0000]
  Epoch  3/30:  67%|██████████████████▏        | 39/58 [00:02<00:01, 18.14it/s, loss=219582464.0000]
  Epoch  3/30:  71%|███████████████████        | 41/58 [00:02<00:00, 17.58it/s, loss=219582464.0000]
  Epoch  3/30:  71%|███████████████████        | 41/58 [00:02<00:00, 17.58it/s, loss=234039136.0000]
  Epoch  3/30:  71%|███████████████████        | 41/58 [00:02<00:00, 17.58it/s, loss=224141056.0000]
  Epoch  3/30:  74%|████████████████████       | 43/58 [00:02<00:00, 17.11it/s, loss=224141056.0000]
  Epoch  3/30:  74%|████████████████████       | 43/58 [00:02<00:00, 17.11it/s, loss=217268736.0000]
  Epoch  3/30:  74%|████████████████████       | 43/58 [00:02<00:00, 17.11it/s, loss=220657664.0000]
  Epoch  3/30:  78%|████████████████████▉      | 45/58 [00:02<00:00, 17.52it/s, loss=220657664.0000]
  Epoch  3/30:  78%|████████████████████▉      | 45/58 [00:02<00:00, 17.52it/s, loss=230950240.0000]
  Epoch  3/30:  78%|████████████████████▉      | 45/58 [00:02<00:00, 17.52it/s, loss=246142336.0000]
  Epoch  3/30:  78%|████████████████████▉      | 45/58 [00:02<00:00, 17.52it/s, loss=203501312.0000]
  Epoch  3/30:  83%|██████████████████████▎    | 48/58 [00:02<00:00, 18.91it/s, loss=203501312.0000]
  Epoch  3/30:  83%|██████████████████████▎    | 48/58 [00:02<00:00, 18.91it/s, loss=216517504.0000]
  Epoch  3/30:  83%|██████████████████████▎    | 48/58 [00:02<00:00, 18.91it/s, loss=210611392.0000]
  Epoch  3/30:  83%|██████████████████████▎    | 48/58 [00:02<00:00, 18.91it/s, loss=201792608.0000]
  Epoch  3/30:  88%|███████████████████████▋   | 51/58 [00:02<00:00, 18.96it/s, loss=201792608.0000]
  Epoch  3/30:  88%|███████████████████████▋   | 51/58 [00:02<00:00, 18.96it/s, loss=190868512.0000]
  Epoch  3/30:  88%|███████████████████████▋   | 51/58 [00:02<00:00, 18.96it/s, loss=200897888.0000]
  Epoch  3/30:  91%|████████████████████████▋  | 53/58 [00:02<00:00, 18.71it/s, loss=200897888.0000]
  Epoch  3/30:  91%|████████████████████████▋  | 53/58 [00:02<00:00, 18.71it/s, loss=187603936.0000]
  Epoch  3/30:  91%|████████████████████████▋  | 53/58 [00:03<00:00, 18.71it/s, loss=183451648.0000]
  Epoch  3/30:  95%|█████████████████████████▌ | 55/58 [00:03<00:00, 18.79it/s, loss=183451648.0000]
  Epoch  3/30:  95%|█████████████████████████▌ | 55/58 [00:03<00:00, 18.79it/s, loss=193813360.0000]
  Epoch  3/30:  95%|█████████████████████████▌ | 55/58 [00:03<00:00, 18.79it/s, loss=216580016.0000]
  Epoch  3/30:  98%|██████████████████████████▌| 57/58 [00:03<00:00, 18.26it/s, loss=216580016.0000]
  Epoch  3/30:  98%|██████████████████████████▌| 57/58 [00:03<00:00, 18.26it/s, loss=168059984.0000]
                                                                                                    

  Epoch  4/30:   0%|                                                         | 0/58 [00:00<?, ?it/s]
  Epoch  4/30:   0%|                                    | 0/58 [00:00<?, ?it/s, loss=211234416.0000]
  Epoch  4/30:   0%|                                    | 0/58 [00:00<?, ?it/s, loss=213689072.0000]
  Epoch  4/30:   3%|▉                           | 2/58 [00:00<00:03, 18.50it/s, loss=213689072.0000]
  Epoch  4/30:   3%|▉                           | 2/58 [00:00<00:03, 18.50it/s, loss=179723008.0000]
  Epoch  4/30:   3%|▉                           | 2/58 [00:00<00:03, 18.50it/s, loss=177815552.0000]
  Epoch  4/30:   7%|█▉                          | 4/58 [00:00<00:03, 16.31it/s, loss=177815552.0000]
  Epoch  4/30:   7%|█▉                          | 4/58 [00:00<00:03, 16.31it/s, loss=182537024.0000]
  Epoch  4/30:   7%|█▉                          | 4/58 [00:00<00:03, 16.31it/s, loss=197295072.0000]
  Epoch  4/30:   7%|█▉                          | 4/58 [00:00<00:03, 16.31it/s, loss=181262592.0000]
  Epoch  4/30:  12%|███▍                        | 7/58 [00:00<00:02, 18.10it/s, loss=181262592.0000]
  Epoch  4/30:  12%|███▍                        | 7/58 [00:00<00:02, 18.10it/s, loss=180848768.0000]
  Epoch  4/30:  12%|███▍                        | 7/58 [00:00<00:02, 18.10it/s, loss=191407104.0000]
  Epoch  4/30:  16%|████▎                       | 9/58 [00:00<00:02, 18.55it/s, loss=191407104.0000]
  Epoch  4/30:  16%|████▎                       | 9/58 [00:00<00:02, 18.55it/s, loss=187604064.0000]
  Epoch  4/30:  16%|████▎                       | 9/58 [00:00<00:02, 18.55it/s, loss=171162816.0000]
  Epoch  4/30:  19%|█████                      | 11/58 [00:00<00:02, 18.82it/s, loss=171162816.0000]
  Epoch  4/30:  19%|█████                      | 11/58 [00:00<00:02, 18.82it/s, loss=195021344.0000]
  Epoch  4/30:  19%|█████                      | 11/58 [00:00<00:02, 18.82it/s, loss=163626096.0000]
  Epoch  4/30:  19%|█████                      | 11/58 [00:00<00:02, 18.82it/s, loss=172632544.0000]
  Epoch  4/30:  24%|██████▌                    | 14/58 [00:00<00:02, 19.89it/s, loss=172632544.0000]
  Epoch  4/30:  24%|██████▌                    | 14/58 [00:00<00:02, 19.89it/s, loss=159085808.0000]
  Epoch  4/30:  24%|██████▌                    | 14/58 [00:00<00:02, 19.89it/s, loss=172501568.0000]
  Epoch  4/30:  24%|██████▌                    | 14/58 [00:00<00:02, 19.89it/s, loss=176826784.0000]
  Epoch  4/30:  29%|███████▉                   | 17/58 [00:00<00:02, 20.37it/s, loss=176826784.0000]
  Epoch  4/30:  29%|███████▉                   | 17/58 [00:00<00:02, 20.37it/s, loss=183840944.0000]
  Epoch  4/30:  29%|███████▉                   | 17/58 [00:00<00:02, 20.37it/s, loss=164675296.0000]
  Epoch  4/30:  29%|███████▉                   | 17/58 [00:01<00:02, 20.37it/s, loss=167386560.0000]
  Epoch  4/30:  34%|█████████▎                 | 20/58 [00:01<00:01, 20.06it/s, loss=167386560.0000]
  Epoch  4/30:  34%|█████████▎                 | 20/58 [00:01<00:01, 20.06it/s, loss=171556368.0000]
  Epoch  4/30:  34%|█████████▎                 | 20/58 [00:01<00:01, 20.06it/s, loss=152580160.0000]
  Epoch  4/30:  34%|█████████▎                 | 20/58 [00:01<00:01, 20.06it/s, loss=152294864.0000]
  Epoch  4/30:  40%|██████████▋                | 23/58 [00:01<00:01, 20.66it/s, loss=152294864.0000]
  Epoch  4/30:  40%|██████████▋                | 23/58 [00:01<00:01, 20.66it/s, loss=169285600.0000]
  Epoch  4/30:  40%|██████████▋                | 23/58 [00:01<00:01, 20.66it/s, loss=150452576.0000]
  Epoch  4/30:  40%|██████████▋                | 23/58 [00:01<00:01, 20.66it/s, loss=155093472.0000]
  Epoch  4/30:  45%|████████████               | 26/58 [00:01<00:01, 19.96it/s, loss=155093472.0000]
  Epoch  4/30:  45%|████████████               | 26/58 [00:01<00:01, 19.96it/s, loss=166258080.0000]
  Epoch  4/30:  45%|████████████               | 26/58 [00:01<00:01, 19.96it/s, loss=159515616.0000]
  Epoch  4/30:  45%|████████████               | 26/58 [00:01<00:01, 19.96it/s, loss=169037504.0000]
  Epoch  4/30:  50%|█████████████▌             | 29/58 [00:01<00:01, 20.17it/s, loss=169037504.0000]
  Epoch  4/30:  50%|█████████████▌             | 29/58 [00:01<00:01, 20.17it/s, loss=157964144.0000]
  Epoch  4/30:  50%|█████████████▌             | 29/58 [00:01<00:01, 20.17it/s, loss=142728656.0000]
  Epoch  4/30:  50%|█████████████▌             | 29/58 [00:01<00:01, 20.17it/s, loss=144056080.0000]
  Epoch  4/30:  55%|██████████████▉            | 32/58 [00:01<00:01, 19.91it/s, loss=144056080.0000]
  Epoch  4/30:  55%|██████████████▉            | 32/58 [00:01<00:01, 19.91it/s, loss=140449504.0000]
  Epoch  4/30:  55%|██████████████▉            | 32/58 [00:01<00:01, 19.91it/s, loss=165047776.0000]
  Epoch  4/30:  59%|███████████████▊           | 34/58 [00:01<00:01, 19.85it/s, loss=165047776.0000]
  Epoch  4/30:  59%|███████████████▊           | 34/58 [00:01<00:01, 19.85it/s, loss=138204224.0000]
  Epoch  4/30:  59%|███████████████▊           | 34/58 [00:01<00:01, 19.85it/s, loss=154473952.0000]
  Epoch  4/30:  59%|███████████████▊           | 34/58 [00:01<00:01, 19.85it/s, loss=137890096.0000]
  Epoch  4/30:  64%|█████████████████▏         | 37/58 [00:01<00:01, 19.40it/s, loss=137890096.0000]
  Epoch  4/30:  64%|█████████████████▏         | 37/58 [00:01<00:01, 19.40it/s, loss=140590016.0000]
  Epoch  4/30:  64%|█████████████████▏         | 37/58 [00:02<00:01, 19.40it/s, loss=138143296.0000]
  Epoch  4/30:  67%|██████████████████▏        | 39/58 [00:02<00:01, 18.43it/s, loss=138143296.0000]
  Epoch  4/30:  67%|██████████████████▏        | 39/58 [00:02<00:01, 18.43it/s, loss=149459232.0000]
  Epoch  4/30:  67%|██████████████████▏        | 39/58 [00:02<00:01, 18.43it/s, loss=121671856.0000]
  Epoch  4/30:  71%|███████████████████        | 41/58 [00:02<00:00, 18.67it/s, loss=121671856.0000]
  Epoch  4/30:  71%|███████████████████        | 41/58 [00:02<00:00, 18.67it/s, loss=135575712.0000]
  Epoch  4/30:  71%|███████████████████        | 41/58 [00:02<00:00, 18.67it/s, loss=143247136.0000]
  Epoch  4/30:  71%|███████████████████        | 41/58 [00:02<00:00, 18.67it/s, loss=129128472.0000]
  Epoch  4/30:  76%|████████████████████▍      | 44/58 [00:02<00:00, 19.98it/s, loss=129128472.0000]
  Epoch  4/30:  76%|████████████████████▍      | 44/58 [00:02<00:00, 19.98it/s, loss=153731936.0000]
  Epoch  4/30:  76%|████████████████████▍      | 44/58 [00:02<00:00, 19.98it/s, loss=130590040.0000]
  Epoch  4/30:  76%|████████████████████▍      | 44/58 [00:02<00:00, 19.98it/s, loss=137623728.0000]
  Epoch  4/30:  81%|█████████████████████▉     | 47/58 [00:02<00:00, 19.93it/s, loss=137623728.0000]
  Epoch  4/30:  81%|█████████████████████▉     | 47/58 [00:02<00:00, 19.93it/s, loss=116616344.0000]
  Epoch  4/30:  81%|█████████████████████▉     | 47/58 [00:02<00:00, 19.93it/s, loss=128473176.0000]
  Epoch  4/30:  81%|█████████████████████▉     | 47/58 [00:02<00:00, 19.93it/s, loss=125680256.0000]
  Epoch  4/30:  86%|███████████████████████▎   | 50/58 [00:02<00:00, 19.61it/s, loss=125680256.0000]
  Epoch  4/30:  86%|███████████████████████▎   | 50/58 [00:02<00:00, 19.61it/s, loss=118636760.0000]
  Epoch  4/30:  86%|███████████████████████▎   | 50/58 [00:02<00:00, 19.61it/s, loss=130169752.0000]
  Epoch  4/30:  90%|████████████████████████▏  | 52/58 [00:02<00:00, 19.50it/s, loss=130169752.0000]
  Epoch  4/30:  90%|████████████████████████▏  | 52/58 [00:02<00:00, 19.50it/s, loss=133487448.0000]
  Epoch  4/30:  90%|████████████████████████▏  | 52/58 [00:02<00:00, 19.50it/s, loss=125576432.0000]
  Epoch  4/30:  90%|████████████████████████▏  | 52/58 [00:02<00:00, 19.50it/s, loss=113377024.0000]
  Epoch  4/30:  95%|█████████████████████████▌ | 55/58 [00:02<00:00, 19.33it/s, loss=113377024.0000]
  Epoch  4/30:  95%|█████████████████████████▌ | 55/58 [00:02<00:00, 19.33it/s, loss=132937536.0000]
  Epoch  4/30:  95%|█████████████████████████▌ | 55/58 [00:02<00:00, 19.33it/s, loss=119532368.0000]
  Epoch  4/30:  95%|██████████████████████████▌ | 55/58 [00:02<00:00, 19.33it/s, loss=75851856.0000]
  Epoch  4/30: 100%|████████████████████████████| 58/58 [00:02<00:00, 20.49it/s, loss=75851856.0000]
                                                                                                    

  Epoch  5/30:   0%|                                                         | 0/58 [00:00<?, ?it/s]
  Epoch  5/30:   0%|                                    | 0/58 [00:00<?, ?it/s, loss=130007712.0000]
  Epoch  5/30:   0%|                                    | 0/58 [00:00<?, ?it/s, loss=132964400.0000]
  Epoch  5/30:   0%|                                    | 0/58 [00:00<?, ?it/s, loss=122209040.0000]
  Epoch  5/30:   5%|█▍                          | 3/58 [00:00<00:02, 18.84it/s, loss=122209040.0000]
  Epoch  5/30:   5%|█▍                          | 3/58 [00:00<00:02, 18.84it/s, loss=127026224.0000]
  Epoch  5/30:   5%|█▍                          | 3/58 [00:00<00:02, 18.84it/s, loss=108067504.0000]
  Epoch  5/30:   5%|█▍                          | 3/58 [00:00<00:02, 18.84it/s, loss=101910488.0000]
  Epoch  5/30:  10%|██▉                         | 6/58 [00:00<00:02, 20.62it/s, loss=101910488.0000]
  Epoch  5/30:  10%|██▉                         | 6/58 [00:00<00:02, 20.62it/s, loss=101178040.0000]
  Epoch  5/30:  10%|██▉                         | 6/58 [00:00<00:02, 20.62it/s, loss=120860536.0000]
  Epoch  5/30:  10%|██▉                         | 6/58 [00:00<00:02, 20.62it/s, loss=117119488.0000]
  Epoch  5/30:  16%|████▎                       | 9/58 [00:00<00:02, 19.37it/s, loss=117119488.0000]
  Epoch  5/30:  16%|████▎                       | 9/58 [00:00<00:02, 19.37it/s, loss=108261912.0000]
  Epoch  5/30:  16%|████▎                       | 9/58 [00:00<00:02, 19.37it/s, loss=110208576.0000]
  Epoch  5/30:  19%|█████                      | 11/58 [00:00<00:02, 19.25it/s, loss=110208576.0000]
  Epoch  5/30:  19%|█████▎                      | 11/58 [00:00<00:02, 19.25it/s, loss=99434272.0000]
  Epoch  5/30:  19%|█████                      | 11/58 [00:00<00:02, 19.25it/s, loss=108399760.0000]
  Epoch  5/30:  22%|██████                     | 13/58 [00:00<00:02, 17.96it/s, loss=108399760.0000]
  Epoch  5/30:  22%|██████                     | 13/58 [00:00<00:02, 17.96it/s, loss=119395392.0000]
  Epoch  5/30:  22%|██████▎                     | 13/58 [00:00<00:02, 17.96it/s, loss=98451904.0000]
  Epoch  5/30:  22%|██████                     | 13/58 [00:00<00:02, 17.96it/s, loss=108178672.0000]
  Epoch  5/30:  28%|███████▍                   | 16/58 [00:00<00:02, 19.92it/s, loss=108178672.0000]
  Epoch  5/30:  28%|███████▍                   | 16/58 [00:00<00:02, 19.92it/s, loss=112803712.0000]
  Epoch  5/30:  28%|███████▍                   | 16/58 [00:00<00:02, 19.92it/s, loss=127096952.0000]
  Epoch  5/30:  28%|███████▍                   | 16/58 [00:00<00:02, 19.92it/s, loss=108008088.0000]
  Epoch  5/30:  33%|████████▊                  | 19/58 [00:00<00:01, 20.09it/s, loss=108008088.0000]
  Epoch  5/30:  33%|████████▊                  | 19/58 [00:01<00:01, 20.09it/s, loss=106548720.0000]
  Epoch  5/30:  33%|████████▊                  | 19/58 [00:01<00:01, 20.09it/s, loss=107433752.0000]
  Epoch  5/30:  33%|████████▊                  | 19/58 [00:01<00:01, 20.09it/s, loss=104625432.0000]
  Epoch  5/30:  38%|██████████▏                | 22/58 [00:01<00:02, 15.93it/s, loss=104625432.0000]
  Epoch  5/30:  38%|██████████▌                 | 22/58 [00:01<00:02, 15.93it/s, loss=96081328.0000]
  Epoch  5/30:  38%|██████████▌                 | 22/58 [00:01<00:02, 15.93it/s, loss=94366944.0000]
  Epoch  5/30:  38%|██████████▏                | 22/58 [00:01<00:02, 15.93it/s, loss=101603376.0000]
  Epoch  5/30:  43%|███████████▋               | 25/58 [00:01<00:01, 17.07it/s, loss=101603376.0000]
  Epoch  5/30:  43%|████████████                | 25/58 [00:01<00:01, 17.07it/s, loss=91035512.0000]
  Epoch  5/30:  43%|████████████                | 25/58 [00:01<00:01, 17.07it/s, loss=92136856.0000]
  Epoch  5/30:  43%|████████████                | 25/58 [00:01<00:01, 17.07it/s, loss=90181680.0000]
  Epoch  5/30:  48%|█████████████▌              | 28/58 [00:01<00:01, 17.90it/s, loss=90181680.0000]
  Epoch  5/30:  48%|█████████████▌              | 28/58 [00:01<00:01, 17.90it/s, loss=93622712.0000]
  Epoch  5/30:  48%|█████████████▌              | 28/58 [00:01<00:01, 17.90it/s, loss=88366360.0000]
  Epoch  5/30:  52%|██████████████▍             | 30/58 [00:01<00:01, 17.08it/s, loss=88366360.0000]
  Epoch  5/30:  52%|██████████████▍             | 30/58 [00:01<00:01, 17.08it/s, loss=98985504.0000]
  Epoch  5/30:  52%|██████████████▍             | 30/58 [00:01<00:01, 17.08it/s, loss=89985240.0000]
  Epoch  5/30:  55%|███████████████▍            | 32/58 [00:01<00:01, 17.72it/s, loss=89985240.0000]
  Epoch  5/30:  55%|███████████████▍            | 32/58 [00:01<00:01, 17.72it/s, loss=89978864.0000]
  Epoch  5/30:  55%|███████████████▍            | 32/58 [00:01<00:01, 17.72it/s, loss=86273960.0000]
  Epoch  5/30:  59%|████████████████▍           | 34/58 [00:01<00:01, 17.43it/s, loss=86273960.0000]
  Epoch  5/30:  59%|████████████████▍           | 34/58 [00:01<00:01, 17.43it/s, loss=93718384.0000]
  Epoch  5/30:  59%|████████████████▍           | 34/58 [00:02<00:01, 17.43it/s, loss=86638784.0000]
  Epoch  5/30:  62%|█████████████████▍          | 36/58 [00:02<00:01, 17.05it/s, loss=86638784.0000]
  Epoch  5/30:  62%|█████████████████▍          | 36/58 [00:02<00:01, 17.05it/s, loss=79703792.0000]
  Epoch  5/30:  62%|█████████████████▍          | 36/58 [00:02<00:01, 17.05it/s, loss=96541232.0000]
  Epoch  5/30:  62%|█████████████████▍          | 36/58 [00:02<00:01, 17.05it/s, loss=97012312.0000]
  Epoch  5/30:  67%|██████████████████▊         | 39/58 [00:02<00:01, 18.29it/s, loss=97012312.0000]
  Epoch  5/30:  67%|██████████████████▊         | 39/58 [00:02<00:01, 18.29it/s, loss=76576272.0000]
  Epoch  5/30:  67%|██████████████████▊         | 39/58 [00:02<00:01, 18.29it/s, loss=94633840.0000]
  Epoch  5/30:  67%|██████████████████▊         | 39/58 [00:02<00:01, 18.29it/s, loss=95116800.0000]
  Epoch  5/30:  72%|████████████████████▎       | 42/58 [00:02<00:00, 19.08it/s, loss=95116800.0000]
  Epoch  5/30:  72%|████████████████████▎       | 42/58 [00:02<00:00, 19.08it/s, loss=70886216.0000]
  Epoch  5/30:  72%|████████████████████▎       | 42/58 [00:02<00:00, 19.08it/s, loss=80333760.0000]
  Epoch  5/30:  76%|█████████████████████▏      | 44/58 [00:02<00:00, 18.48it/s, loss=80333760.0000]
  Epoch  5/30:  76%|█████████████████████▏      | 44/58 [00:02<00:00, 18.48it/s, loss=82551336.0000]
  Epoch  5/30:  76%|█████████████████████▏      | 44/58 [00:02<00:00, 18.48it/s, loss=76469704.0000]
  Epoch  5/30:  76%|█████████████████████▏      | 44/58 [00:02<00:00, 18.48it/s, loss=85097280.0000]
  Epoch  5/30:  81%|██████████████████████▋     | 47/58 [00:02<00:00, 19.68it/s, loss=85097280.0000]
  Epoch  5/30:  81%|██████████████████████▋     | 47/58 [00:02<00:00, 19.68it/s, loss=82575624.0000]
  Epoch  5/30:  81%|██████████████████████▋     | 47/58 [00:02<00:00, 19.68it/s, loss=87562408.0000]
  Epoch  5/30:  84%|███████████████████████▋    | 49/58 [00:02<00:00, 18.71it/s, loss=87562408.0000]
  Epoch  5/30:  84%|███████████████████████▋    | 49/58 [00:02<00:00, 18.71it/s, loss=82145888.0000]
  Epoch  5/30:  84%|███████████████████████▋    | 49/58 [00:02<00:00, 18.71it/s, loss=80718032.0000]
  Epoch  5/30:  88%|████████████████████████▌   | 51/58 [00:02<00:00, 18.30it/s, loss=80718032.0000]
  Epoch  5/30:  88%|████████████████████████▌   | 51/58 [00:02<00:00, 18.30it/s, loss=75194288.0000]
  Epoch  5/30:  88%|████████████████████████▌   | 51/58 [00:02<00:00, 18.30it/s, loss=64465608.0000]
  Epoch  5/30:  91%|█████████████████████████▌  | 53/58 [00:02<00:00, 18.58it/s, loss=64465608.0000]
  Epoch  5/30:  91%|█████████████████████████▌  | 53/58 [00:02<00:00, 18.58it/s, loss=75692912.0000]
  Epoch  5/30:  91%|█████████████████████████▌  | 53/58 [00:02<00:00, 18.58it/s, loss=71917232.0000]
  Epoch  5/30:  91%|█████████████████████████▌  | 53/58 [00:03<00:00, 18.58it/s, loss=77896672.0000]
  Epoch  5/30:  97%|███████████████████████████ | 56/58 [00:03<00:00, 19.65it/s, loss=77896672.0000]
  Epoch  5/30:  97%|███████████████████████████ | 56/58 [00:03<00:00, 19.65it/s, loss=73517720.0000]
  Epoch  5/30:  97%|███████████████████████████ | 56/58 [00:03<00:00, 19.65it/s, loss=98342616.0000]
                                                                                                    
  Epoch  5/30 │ Loss: 96174441.7931 │ T+1: -24243001344.0000 │ T+2: -18796855296.0000 │ T+3: -56931889152.0000 ★ NEW BEST

  Epoch  6/30:   0%|                                                         | 0/58 [00:00<?, ?it/s]
  Epoch  6/30:   0%|                                     | 0/58 [00:00<?, ?it/s, loss=79097592.0000]
  Epoch  6/30:   0%|                                     | 0/58 [00:00<?, ?it/s, loss=66893728.0000]
  Epoch  6/30:   3%|█                            | 2/58 [00:00<00:03, 18.61it/s, loss=66893728.0000]
  Epoch  6/30:   3%|█                            | 2/58 [00:00<00:03, 18.61it/s, loss=74801304.0000]
  Epoch  6/30:   3%|█                            | 2/58 [00:00<00:03, 18.61it/s, loss=75236672.0000]
  Epoch  6/30:   3%|█                            | 2/58 [00:00<00:03, 18.61it/s, loss=73695704.0000]
  Epoch  6/30:   9%|██▌                          | 5/58 [00:00<00:02, 20.01it/s, loss=73695704.0000]
  Epoch  6/30:   9%|██▌                          | 5/58 [00:00<00:02, 20.01it/s, loss=73128608.0000]
  Epoch  6/30:   9%|██▌                          | 5/58 [00:00<00:02, 20.01it/s, loss=71574176.0000]
  Epoch  6/30:  12%|███▌                         | 7/58 [00:00<00:02, 19.89it/s, loss=71574176.0000]
  Epoch  6/30:  12%|███▌                         | 7/58 [00:00<00:02, 19.89it/s, loss=68411896.0000]
  Epoch  6/30:  12%|███▌                         | 7/58 [00:00<00:02, 19.89it/s, loss=65373004.0000]
  Epoch  6/30:  12%|███▌                         | 7/58 [00:00<00:02, 19.89it/s, loss=70611488.0000]
  Epoch  6/30:  17%|████▊                       | 10/58 [00:00<00:02, 20.68it/s, loss=70611488.0000]
  Epoch  6/30:  17%|████▊                       | 10/58 [00:00<00:02, 20.68it/s, loss=70337424.0000]
  Epoch  6/30:  17%|████▊                       | 10/58 [00:00<00:02, 20.68it/s, loss=77509608.0000]
  Epoch  6/30:  17%|████▊                       | 10/58 [00:00<00:02, 20.68it/s, loss=73455632.0000]
  Epoch  6/30:  22%|██████▎                     | 13/58 [00:00<00:02, 20.87it/s, loss=73455632.0000]
  Epoch  6/30:  22%|██████▎                     | 13/58 [00:00<00:02, 20.87it/s, loss=65301952.0000]
  Epoch  6/30:  22%|██████▎                     | 13/58 [00:00<00:02, 20.87it/s, loss=68700592.0000]
  Epoch  6/30:  22%|██████▎                     | 13/58 [00:00<00:02, 20.87it/s, loss=65551036.0000]
  Epoch  6/30:  28%|███████▋                    | 16/58 [00:00<00:02, 20.49it/s, loss=65551036.0000]
  Epoch  6/30:  28%|███████▋                    | 16/58 [00:00<00:02, 20.49it/s, loss=61190060.0000]
  Epoch  6/30:  28%|███████▋                    | 16/58 [00:00<00:02, 20.49it/s, loss=65266236.0000]
  Epoch  6/30:  28%|███████▋                    | 16/58 [00:00<00:02, 20.49it/s, loss=63387052.0000]
  Epoch  6/30:  33%|█████████▏                  | 19/58 [00:00<00:01, 19.67it/s, loss=63387052.0000]
  Epoch  6/30:  33%|█████████▏                  | 19/58 [00:01<00:01, 19.67it/s, loss=66896944.0000]
  Epoch  6/30:  33%|█████████▏                  | 19/58 [00:01<00:01, 19.67it/s, loss=64473656.0000]
  Epoch  6/30:  36%|██████████▏                 | 21/58 [00:01<00:01, 19.29it/s, loss=64473656.0000]
  Epoch  6/30:  36%|██████████▏                 | 21/58 [00:01<00:01, 19.29it/s, loss=69441720.0000]
  Epoch  6/30:  36%|██████████▏                 | 21/58 [00:01<00:01, 19.29it/s, loss=62431708.0000]
  Epoch  6/30:  36%|██████████▏                 | 21/58 [00:01<00:01, 19.29it/s, loss=64580400.0000]
  Epoch  6/30:  41%|███████████▌                | 24/58 [00:01<00:01, 20.07it/s, loss=64580400.0000]
  Epoch  6/30:  41%|███████████▌                | 24/58 [00:01<00:01, 20.07it/s, loss=59998272.0000]
  Epoch  6/30:  41%|███████████▌                | 24/58 [00:01<00:01, 20.07it/s, loss=62444224.0000]
  Epoch  6/30:  41%|███████████▌                | 24/58 [00:01<00:01, 20.07it/s, loss=61606956.0000]
  Epoch  6/30:  47%|█████████████               | 27/58 [00:01<00:01, 19.84it/s, loss=61606956.0000]
  Epoch  6/30:  47%|█████████████               | 27/58 [00:01<00:01, 19.84it/s, loss=62575192.0000]
  Epoch  6/30:  47%|█████████████               | 27/58 [00:01<00:01, 19.84it/s, loss=62821216.0000]
  Epoch  6/30:  47%|█████████████               | 27/58 [00:01<00:01, 19.84it/s, loss=54244840.0000]
  Epoch  6/30:  52%|██████████████▍             | 30/58 [00:01<00:01, 20.64it/s, loss=54244840.0000]
  Epoch  6/30:  52%|██████████████▍             | 30/58 [00:01<00:01, 20.64it/s, loss=56776584.0000]
  Epoch  6/30:  52%|██████████████▍             | 30/58 [00:01<00:01, 20.64it/s, loss=61013852.0000]
  Epoch  6/30:  52%|██████████████▍             | 30/58 [00:01<00:01, 20.64it/s, loss=56338880.0000]
  Epoch  6/30:  57%|███████████████▉            | 33/58 [00:01<00:01, 20.68it/s, loss=56338880.0000]
  Epoch  6/30:  57%|███████████████▉            | 33/58 [00:01<00:01, 20.68it/s, loss=57955640.0000]
  Epoch  6/30:  57%|███████████████▉            | 33/58 [00:01<00:01, 20.68it/s, loss=52835500.0000]
  Epoch  6/30:  57%|███████████████▉            | 33/58 [00:01<00:01, 20.68it/s, loss=54556064.0000]
  Epoch  6/30:  62%|█████████████████▍          | 36/58 [00:01<00:01, 19.53it/s, loss=54556064.0000]
  Epoch  6/30:  62%|█████████████████▍          | 36/58 [00:01<00:01, 19.53it/s, loss=57078392.0000]
  Epoch  6/30:  62%|█████████████████▍          | 36/58 [00:01<00:01, 19.53it/s, loss=55381408.0000]
  Epoch  6/30:  66%|██████████████████▎         | 38/58 [00:01<00:01, 19.38it/s, loss=55381408.0000]
  Epoch  6/30:  66%|██████████████████▎         | 38/58 [00:01<00:01, 19.38it/s, loss=58257712.0000]
  Epoch  6/30:  66%|██████████████████▎         | 38/58 [00:01<00:01, 19.38it/s, loss=47236024.0000]
  Epoch  6/30:  66%|██████████████████▎         | 38/58 [00:02<00:01, 19.38it/s, loss=60492312.0000]
  Epoch  6/30:  71%|███████████████████▊        | 41/58 [00:02<00:00, 20.25it/s, loss=60492312.0000]
  Epoch  6/30:  71%|███████████████████▊        | 41/58 [00:02<00:00, 20.25it/s, loss=51513308.0000]
  Epoch  6/30:  71%|███████████████████▊        | 41/58 [00:02<00:00, 20.25it/s, loss=56180920.0000]
  Epoch  6/30:  71%|███████████████████▊        | 41/58 [00:02<00:00, 20.25it/s, loss=55446872.0000]
  Epoch  6/30:  76%|█████████████████████▏      | 44/58 [00:02<00:00, 19.81it/s, loss=55446872.0000]
  Epoch  6/30:  76%|█████████████████████▏      | 44/58 [00:02<00:00, 19.81it/s, loss=55179260.0000]
  Epoch  6/30:  76%|█████████████████████▏      | 44/58 [00:02<00:00, 19.81it/s, loss=49193772.0000]
  Epoch  6/30:  79%|██████████████████████▏     | 46/58 [00:02<00:00, 19.15it/s, loss=49193772.0000]
  Epoch  6/30:  79%|██████████████████████▏     | 46/58 [00:02<00:00, 19.15it/s, loss=51544460.0000]
  Epoch  6/30:  79%|██████████████████████▏     | 46/58 [00:02<00:00, 19.15it/s, loss=49916312.0000]
  Epoch  6/30:  83%|███████████████████████▏    | 48/58 [00:02<00:00, 19.28it/s, loss=49916312.0000]
  Epoch  6/30:  83%|███████████████████████▏    | 48/58 [00:02<00:00, 19.28it/s, loss=50006008.0000]
  Epoch  6/30:  83%|███████████████████████▏    | 48/58 [00:02<00:00, 19.28it/s, loss=50256704.0000]
  Epoch  6/30:  86%|████████████████████████▏   | 50/58 [00:02<00:00, 18.89it/s, loss=50256704.0000]
  Epoch  6/30:  86%|████████████████████████▏   | 50/58 [00:02<00:00, 18.89it/s, loss=52115020.0000]
  Epoch  6/30:  86%|████████████████████████▏   | 50/58 [00:02<00:00, 18.89it/s, loss=45804364.0000]
  Epoch  6/30:  90%|█████████████████████████   | 52/58 [00:02<00:00, 18.45it/s, loss=45804364.0000]
  Epoch  6/30:  90%|█████████████████████████   | 52/58 [00:02<00:00, 18.45it/s, loss=53546860.0000]
  Epoch  6/30:  90%|█████████████████████████   | 52/58 [00:02<00:00, 18.45it/s, loss=54382432.0000]
  Epoch  6/30:  90%|█████████████████████████   | 52/58 [00:02<00:00, 18.45it/s, loss=47804992.0000]
  Epoch  6/30:  95%|██████████████████████████▌ | 55/58 [00:02<00:00, 18.47it/s, loss=47804992.0000]
  Epoch  6/30:  95%|██████████████████████████▌ | 55/58 [00:02<00:00, 18.47it/s, loss=49694680.0000]
  Epoch  6/30:  95%|██████████████████████████▌ | 55/58 [00:02<00:00, 18.47it/s, loss=48122544.0000]
  Epoch  6/30:  98%|███████████████████████████▌| 57/58 [00:02<00:00, 17.59it/s, loss=48122544.0000]
  Epoch  6/30:  98%|███████████████████████████▌| 57/58 [00:02<00:00, 17.59it/s, loss=68576312.0000]
                                                                                                    

  Epoch  7/30:   0%|                                                         | 0/58 [00:00<?, ?it/s]
  Epoch  7/30:   0%|                                     | 0/58 [00:00<?, ?it/s, loss=44840984.0000]
  Epoch  7/30:   0%|                                     | 0/58 [00:00<?, ?it/s, loss=48299416.0000]
  Epoch  7/30:   3%|█                            | 2/58 [00:00<00:03, 14.08it/s, loss=48299416.0000]
  Epoch  7/30:   3%|█                            | 2/58 [00:00<00:03, 14.08it/s, loss=47962712.0000]
  Epoch  7/30:   3%|█                            | 2/58 [00:00<00:03, 14.08it/s, loss=54058808.0000]
  Epoch  7/30:   7%|██                           | 4/58 [00:00<00:03, 14.27it/s, loss=54058808.0000]
  Epoch  7/30:   7%|██                           | 4/58 [00:00<00:03, 14.27it/s, loss=51045168.0000]
  Epoch  7/30:   7%|██                           | 4/58 [00:00<00:03, 14.27it/s, loss=48883376.0000]
  Epoch  7/30:  10%|███                          | 6/58 [00:00<00:03, 14.14it/s, loss=48883376.0000]
  Epoch  7/30:  10%|███                          | 6/58 [00:00<00:03, 14.14it/s, loss=44761464.0000]
  Epoch  7/30:  10%|███                          | 6/58 [00:00<00:03, 14.14it/s, loss=50217276.0000]
  Epoch  7/30:  14%|████                         | 8/58 [00:00<00:03, 14.08it/s, loss=50217276.0000]
  Epoch  7/30:  14%|████                         | 8/58 [00:00<00:03, 14.08it/s, loss=45327580.0000]
  Epoch  7/30:  14%|████                         | 8/58 [00:00<00:03, 14.08it/s, loss=48944636.0000]
  Epoch  7/30:  17%|████▊                       | 10/58 [00:00<00:03, 14.27it/s, loss=48944636.0000]
  Epoch  7/30:  17%|████▊                       | 10/58 [00:00<00:03, 14.27it/s, loss=44286840.0000]
  Epoch  7/30:  17%|████▊                       | 10/58 [00:00<00:03, 14.27it/s, loss=47000168.0000]
  Epoch  7/30:  21%|█████▊                      | 12/58 [00:00<00:03, 14.73it/s, loss=47000168.0000]
  Epoch  7/30:  21%|█████▊                      | 12/58 [00:00<00:03, 14.73it/s, loss=44472808.0000]
  Epoch  7/30:  21%|█████▊                      | 12/58 [00:00<00:03, 14.73it/s, loss=49724864.0000]
  Epoch  7/30:  24%|██████▊                     | 14/58 [00:00<00:02, 15.03it/s, loss=49724864.0000]
  Epoch  7/30:  24%|██████▊                     | 14/58 [00:01<00:02, 15.03it/s, loss=42326440.0000]
  Epoch  7/30:  24%|██████▊                     | 14/58 [00:01<00:02, 15.03it/s, loss=39952108.0000]
  Epoch  7/30:  28%|███████▋                    | 16/58 [00:01<00:02, 15.19it/s, loss=39952108.0000]
  Epoch  7/30:  28%|███████▋                    | 16/58 [00:01<00:02, 15.19it/s, loss=44436656.0000]
  Epoch  7/30:  28%|███████▋                    | 16/58 [00:01<00:02, 15.19it/s, loss=44908928.0000]
  Epoch  7/30:  31%|████████▋                   | 18/58 [00:01<00:02, 15.16it/s, loss=44908928.0000]
  Epoch  7/30:  31%|████████▋                   | 18/58 [00:01<00:02, 15.16it/s, loss=45662464.0000]
  Epoch  7/30:  31%|████████▋                   | 18/58 [00:01<00:02, 15.16it/s, loss=48231308.0000]
  Epoch  7/30:  34%|█████████▋                  | 20/58 [00:01<00:02, 15.79it/s, loss=48231308.0000]
  Epoch  7/30:  34%|█████████▋                  | 20/58 [00:01<00:02, 15.79it/s, loss=41937468.0000]
  Epoch  7/30:  34%|█████████▋                  | 20/58 [00:01<00:02, 15.79it/s, loss=42985436.0000]
  Epoch  7/30:  38%|██████████▌                 | 22/58 [00:01<00:02, 15.56it/s, loss=42985436.0000]
  Epoch  7/30:  38%|██████████▌                 | 22/58 [00:01<00:02, 15.56it/s, loss=45803256.0000]
  Epoch  7/30:  38%|██████████▌                 | 22/58 [00:01<00:02, 15.56it/s, loss=40773532.0000]
  Epoch  7/30:  41%|███████████▌                | 24/58 [00:01<00:02, 16.36it/s, loss=40773532.0000]
  Epoch  7/30:  41%|███████████▌                | 24/58 [00:01<00:02, 16.36it/s, loss=43695912.0000]
  Epoch  7/30:  41%|███████████▌                | 24/58 [00:01<00:02, 16.36it/s, loss=41949036.0000]
  Epoch  7/30:  45%|████████████▌               | 26/58 [00:01<00:02, 15.64it/s, loss=41949036.0000]
  Epoch  7/30:  45%|████████████▌               | 26/58 [00:01<00:02, 15.64it/s, loss=38812740.0000]
  Epoch  7/30:  45%|████████████▌               | 26/58 [00:01<00:02, 15.64it/s, loss=41825528.0000]
  Epoch  7/30:  48%|█████████████▌              | 28/58 [00:01<00:01, 15.79it/s, loss=41825528.0000]
  Epoch  7/30:  48%|█████████████▌              | 28/58 [00:01<00:01, 15.79it/s, loss=36276688.0000]
  Epoch  7/30:  48%|█████████████▌              | 28/58 [00:01<00:01, 15.79it/s, loss=41314988.0000]
  Epoch  7/30:  52%|██████████████▍             | 30/58 [00:01<00:01, 15.66it/s, loss=41314988.0000]
  Epoch  7/30:  52%|██████████████▍             | 30/58 [00:02<00:01, 15.66it/s, loss=39128544.0000]
  Epoch  7/30:  52%|██████████████▍             | 30/58 [00:02<00:01, 15.66it/s, loss=38973556.0000]
  Epoch  7/30:  55%|███████████████▍            | 32/58 [00:02<00:01, 15.98it/s, loss=38973556.0000]
  Epoch  7/30:  55%|███████████████▍            | 32/58 [00:02<00:01, 15.98it/s, loss=38090768.0000]
  Epoch  7/30:  55%|███████████████▍            | 32/58 [00:02<00:01, 15.98it/s, loss=36157968.0000]
  Epoch  7/30:  59%|████████████████▍           | 34/58 [00:02<00:01, 16.07it/s, loss=36157968.0000]
  Epoch  7/30:  59%|████████████████▍           | 34/58 [00:02<00:01, 16.07it/s, loss=39368680.0000]
  Epoch  7/30:  59%|████████████████▍           | 34/58 [00:02<00:01, 16.07it/s, loss=43012400.0000]
  Epoch  7/30:  62%|█████████████████▍          | 36/58 [00:02<00:01, 16.48it/s, loss=43012400.0000]
  Epoch  7/30:  62%|█████████████████▍          | 36/58 [00:02<00:01, 16.48it/s, loss=38211568.0000]
  Epoch  7/30:  62%|█████████████████▍          | 36/58 [00:02<00:01, 16.48it/s, loss=40683752.0000]
  Epoch  7/30:  66%|██████████████████▎         | 38/58 [00:02<00:01, 15.83it/s, loss=40683752.0000]
  Epoch  7/30:  66%|██████████████████▎         | 38/58 [00:02<00:01, 15.83it/s, loss=38988540.0000]
  Epoch  7/30:  66%|██████████████████▎         | 38/58 [00:02<00:01, 15.83it/s, loss=41482120.0000]
  Epoch  7/30:  69%|███████████████████▎        | 40/58 [00:02<00:01, 15.51it/s, loss=41482120.0000]
  Epoch  7/30:  69%|███████████████████▎        | 40/58 [00:02<00:01, 15.51it/s, loss=38300664.0000]
  Epoch  7/30:  69%|███████████████████▎        | 40/58 [00:02<00:01, 15.51it/s, loss=36001104.0000]
  Epoch  7/30:  72%|████████████████████▎       | 42/58 [00:02<00:01, 14.94it/s, loss=36001104.0000]
  Epoch  7/30:  72%|████████████████████▎       | 42/58 [00:02<00:01, 14.94it/s, loss=39082988.0000]
  Epoch  7/30:  72%|████████████████████▎       | 42/58 [00:02<00:01, 14.94it/s, loss=34137200.0000]
  Epoch  7/30:  76%|█████████████████████▏      | 44/58 [00:02<00:00, 14.85it/s, loss=34137200.0000]
  Epoch  7/30:  76%|█████████████████████▏      | 44/58 [00:02<00:00, 14.85it/s, loss=38699344.0000]
  Epoch  7/30:  76%|█████████████████████▏      | 44/58 [00:03<00:00, 14.85it/s, loss=34002104.0000]
  Epoch  7/30:  79%|██████████████████████▏     | 46/58 [00:03<00:00, 15.21it/s, loss=34002104.0000]
  Epoch  7/30:  79%|██████████████████████▏     | 46/58 [00:03<00:00, 15.21it/s, loss=34671920.0000]
  Epoch  7/30:  79%|██████████████████████▏     | 46/58 [00:03<00:00, 15.21it/s, loss=34049496.0000]
  Epoch  7/30:  83%|███████████████████████▏    | 48/58 [00:03<00:00, 15.39it/s, loss=34049496.0000]
  Epoch  7/30:  83%|███████████████████████▏    | 48/58 [00:03<00:00, 15.39it/s, loss=34451132.0000]
  Epoch  7/30:  83%|███████████████████████▏    | 48/58 [00:03<00:00, 15.39it/s, loss=36812376.0000]
  Epoch  7/30:  86%|████████████████████████▏   | 50/58 [00:03<00:00, 15.26it/s, loss=36812376.0000]
  Epoch  7/30:  86%|████████████████████████▏   | 50/58 [00:03<00:00, 15.26it/s, loss=32608096.0000]
  Epoch  7/30:  86%|████████████████████████▏   | 50/58 [00:03<00:00, 15.26it/s, loss=38417936.0000]
  Epoch  7/30:  90%|█████████████████████████   | 52/58 [00:03<00:00, 15.44it/s, loss=38417936.0000]
  Epoch  7/30:  90%|█████████████████████████   | 52/58 [00:03<00:00, 15.44it/s, loss=38708056.0000]
  Epoch  7/30:  90%|█████████████████████████   | 52/58 [00:03<00:00, 15.44it/s, loss=33908520.0000]
  Epoch  7/30:  93%|██████████████████████████  | 54/58 [00:03<00:00, 15.53it/s, loss=33908520.0000]
  Epoch  7/30:  93%|██████████████████████████  | 54/58 [00:03<00:00, 15.53it/s, loss=32117480.0000]
  Epoch  7/30:  93%|██████████████████████████  | 54/58 [00:03<00:00, 15.53it/s, loss=33355340.0000]
  Epoch  7/30:  97%|███████████████████████████ | 56/58 [00:03<00:00, 14.89it/s, loss=33355340.0000]
  Epoch  7/30:  97%|███████████████████████████ | 56/58 [00:03<00:00, 14.89it/s, loss=34917688.0000]
  Epoch  7/30:  97%|███████████████████████████ | 56/58 [00:03<00:00, 14.89it/s, loss=39456760.0000]
  Epoch  7/30: 100%|████████████████████████████| 58/58 [00:03<00:00, 16.10it/s, loss=39456760.0000]
                                                                                                    

  Epoch  8/30:   0%|                                                         | 0/58 [00:00<?, ?it/s]
  Epoch  8/30:   0%|                                     | 0/58 [00:00<?, ?it/s, loss=36770840.0000]
  Epoch  8/30:   0%|                                     | 0/58 [00:00<?, ?it/s, loss=33366124.0000]
  Epoch  8/30:   3%|█                            | 2/58 [00:00<00:04, 13.96it/s, loss=33366124.0000]
  Epoch  8/30:   3%|█                            | 2/58 [00:00<00:04, 13.96it/s, loss=32837920.0000]
  Epoch  8/30:   3%|█                            | 2/58 [00:00<00:04, 13.96it/s, loss=32850686.0000]
  Epoch  8/30:   7%|██                           | 4/58 [00:00<00:03, 14.36it/s, loss=32850686.0000]
  Epoch  8/30:   7%|██                           | 4/58 [00:00<00:03, 14.36it/s, loss=36095024.0000]
  Epoch  8/30:   7%|██                           | 4/58 [00:00<00:03, 14.36it/s, loss=32086288.0000]
  Epoch  8/30:  10%|███                          | 6/58 [00:00<00:03, 15.55it/s, loss=32086288.0000]
  Epoch  8/30:  10%|███                          | 6/58 [00:00<00:03, 15.55it/s, loss=31514976.0000]
  Epoch  8/30:  10%|███                          | 6/58 [00:00<00:03, 15.55it/s, loss=29230630.0000]
  Epoch  8/30:  14%|████                         | 8/58 [00:00<00:03, 15.59it/s, loss=29230630.0000]
  Epoch  8/30:  14%|████                         | 8/58 [00:00<00:03, 15.59it/s, loss=29157758.0000]
  Epoch  8/30:  14%|████                         | 8/58 [00:00<00:03, 15.59it/s, loss=31518278.0000]
  Epoch  8/30:  17%|████▊                       | 10/58 [00:00<00:03, 15.51it/s, loss=31518278.0000]
  Epoch  8/30:  17%|████▊                       | 10/58 [00:00<00:03, 15.51it/s, loss=34394152.0000]
  Epoch  8/30:  17%|████▊                       | 10/58 [00:00<00:03, 15.51it/s, loss=25353350.0000]
  Epoch  8/30:  21%|█████▊                      | 12/58 [00:00<00:02, 15.36it/s, loss=25353350.0000]
  Epoch  8/30:  21%|█████▊                      | 12/58 [00:00<00:02, 15.36it/s, loss=26382806.0000]
  Epoch  8/30:  21%|█████▊                      | 12/58 [00:00<00:02, 15.36it/s, loss=31958668.0000]
  Epoch  8/30:  24%|██████▊                     | 14/58 [00:00<00:02, 14.86it/s, loss=31958668.0000]
  Epoch  8/30:  24%|██████▊                     | 14/58 [00:00<00:02, 14.86it/s, loss=32868892.0000]
  Epoch  8/30:  24%|██████▊                     | 14/58 [00:01<00:02, 14.86it/s, loss=31740358.0000]
  Epoch  8/30:  28%|███████▋                    | 16/58 [00:01<00:02, 15.38it/s, loss=31740358.0000]
  Epoch  8/30:  28%|███████▋                    | 16/58 [00:01<00:02, 15.38it/s, loss=27017452.0000]
  Epoch  8/30:  28%|███████▋                    | 16/58 [00:01<00:02, 15.38it/s, loss=25937068.0000]
  Epoch  8/30:  31%|████████▋                   | 18/58 [00:01<00:02, 15.12it/s, loss=25937068.0000]
  Epoch  8/30:  31%|████████▋                   | 18/58 [00:01<00:02, 15.12it/s, loss=29278188.0000]
  Epoch  8/30:  31%|████████▋                   | 18/58 [00:01<00:02, 15.12it/s, loss=28477840.0000]
  Epoch  8/30:  34%|█████████▋                  | 20/58 [00:01<00:02, 15.42it/s, loss=28477840.0000]
  Epoch  8/30:  34%|█████████▋                  | 20/58 [00:01<00:02, 15.42it/s, loss=28759612.0000]
  Epoch  8/30:  34%|█████████▋                  | 20/58 [00:01<00:02, 15.42it/s, loss=30571552.0000]
  Epoch  8/30:  38%|██████████▌                 | 22/58 [00:01<00:02, 15.80it/s, loss=30571552.0000]
  Epoch  8/30:  38%|██████████▌                 | 22/58 [00:01<00:02, 15.80it/s, loss=29407014.0000]
  Epoch  8/30:  38%|██████████▌                 | 22/58 [00:01<00:02, 15.80it/s, loss=29796560.0000]
  Epoch  8/30:  41%|███████████▌                | 24/58 [00:01<00:02, 15.64it/s, loss=29796560.0000]
  Epoch  8/30:  41%|███████████▌                | 24/58 [00:01<00:02, 15.64it/s, loss=26134262.0000]
  Epoch  8/30:  41%|███████████▌                | 24/58 [00:01<00:02, 15.64it/s, loss=26845752.0000]
  Epoch  8/30:  45%|████████████▌               | 26/58 [00:01<00:02, 15.56it/s, loss=26845752.0000]
  Epoch  8/30:  45%|████████████▌               | 26/58 [00:01<00:02, 15.56it/s, loss=26386864.0000]
  Epoch  8/30:  45%|████████████▌               | 26/58 [00:01<00:02, 15.56it/s, loss=26831908.0000]
  Epoch  8/30:  48%|█████████████▌              | 28/58 [00:01<00:01, 15.56it/s, loss=26831908.0000]
  Epoch  8/30:  48%|█████████████▌              | 28/58 [00:01<00:01, 15.56it/s, loss=27836054.0000]
  Epoch  8/30:  48%|█████████████▌              | 28/58 [00:01<00:01, 15.56it/s, loss=25525472.0000]
  Epoch  8/30:  52%|██████████████▍             | 30/58 [00:01<00:01, 15.71it/s, loss=25525472.0000]
  Epoch  8/30:  52%|██████████████▍             | 30/58 [00:02<00:01, 15.71it/s, loss=29119396.0000]
  Epoch  8/30:  52%|██████████████▍             | 30/58 [00:02<00:01, 15.71it/s, loss=27430694.0000]
  Epoch  8/30:  55%|███████████████▍            | 32/58 [00:02<00:01, 15.57it/s, loss=27430694.0000]
  Epoch  8/30:  55%|███████████████▍            | 32/58 [00:02<00:01, 15.57it/s, loss=26019256.0000]
  Epoch  8/30:  55%|███████████████▍            | 32/58 [00:02<00:01, 15.57it/s, loss=26790832.0000]
  Epoch  8/30:  59%|████████████████▍           | 34/58 [00:02<00:01, 15.37it/s, loss=26790832.0000]
  Epoch  8/30:  59%|████████████████▍           | 34/58 [00:02<00:01, 15.37it/s, loss=29418100.0000]
  Epoch  8/30:  59%|████████████████▍           | 34/58 [00:02<00:01, 15.37it/s, loss=26605228.0000]
  Epoch  8/30:  62%|█████████████████▍          | 36/58 [00:02<00:01, 15.16it/s, loss=26605228.0000]
  Epoch  8/30:  62%|█████████████████▍          | 36/58 [00:02<00:01, 15.16it/s, loss=27213808.0000]
  Epoch  8/30:  62%|█████████████████▍          | 36/58 [00:02<00:01, 15.16it/s, loss=24855444.0000]
  Epoch  8/30:  66%|██████████████████▎         | 38/58 [00:02<00:01, 15.26it/s, loss=24855444.0000]
  Epoch  8/30:  66%|██████████████████▎         | 38/58 [00:02<00:01, 15.26it/s, loss=27517960.0000]
  Epoch  8/30:  66%|██████████████████▎         | 38/58 [00:02<00:01, 15.26it/s, loss=26968864.0000]
  Epoch  8/30:  69%|███████████████████▎        | 40/58 [00:02<00:01, 15.15it/s, loss=26968864.0000]
  Epoch  8/30:  69%|███████████████████▎        | 40/58 [00:02<00:01, 15.15it/s, loss=26675064.0000]
  Epoch  8/30:  69%|███████████████████▎        | 40/58 [00:02<00:01, 15.15it/s, loss=25457516.0000]
  Epoch  8/30:  72%|████████████████████▎       | 42/58 [00:02<00:01, 15.32it/s, loss=25457516.0000]
  Epoch  8/30:  72%|████████████████████▎       | 42/58 [00:02<00:01, 15.32it/s, loss=21232630.0000]
  Epoch  8/30:  72%|████████████████████▎       | 42/58 [00:02<00:01, 15.32it/s, loss=25632878.0000]
  Epoch  8/30:  76%|█████████████████████▏      | 44/58 [00:02<00:00, 15.18it/s, loss=25632878.0000]
  Epoch  8/30:  76%|█████████████████████▏      | 44/58 [00:02<00:00, 15.18it/s, loss=24967376.0000]
  Epoch  8/30:  76%|█████████████████████▏      | 44/58 [00:02<00:00, 15.18it/s, loss=24908252.0000]
  Epoch  8/30:  79%|██████████████████████▏     | 46/58 [00:02<00:00, 15.85it/s, loss=24908252.0000]
  Epoch  8/30:  79%|██████████████████████▏     | 46/58 [00:03<00:00, 15.85it/s, loss=22367776.0000]
  Epoch  8/30:  79%|██████████████████████▏     | 46/58 [00:03<00:00, 15.85it/s, loss=24698134.0000]
  Epoch  8/30:  83%|███████████████████████▏    | 48/58 [00:03<00:00, 15.69it/s, loss=24698134.0000]
  Epoch  8/30:  83%|███████████████████████▏    | 48/58 [00:03<00:00, 15.69it/s, loss=21016572.0000]
  Epoch  8/30:  83%|███████████████████████▏    | 48/58 [00:03<00:00, 15.69it/s, loss=23497806.0000]
  Epoch  8/30:  86%|████████████████████████▏   | 50/58 [00:03<00:00, 15.44it/s, loss=23497806.0000]
  Epoch  8/30:  86%|████████████████████████▏   | 50/58 [00:03<00:00, 15.44it/s, loss=23787252.0000]
  Epoch  8/30:  86%|████████████████████████▏   | 50/58 [00:03<00:00, 15.44it/s, loss=23135652.0000]
  Epoch  8/30:  90%|█████████████████████████   | 52/58 [00:03<00:00, 15.35it/s, loss=23135652.0000]
  Epoch  8/30:  90%|█████████████████████████   | 52/58 [00:03<00:00, 15.35it/s, loss=25028374.0000]
  Epoch  8/30:  90%|█████████████████████████   | 52/58 [00:03<00:00, 15.35it/s, loss=20367334.0000]
  Epoch  8/30:  93%|██████████████████████████  | 54/58 [00:03<00:00, 15.72it/s, loss=20367334.0000]
  Epoch  8/30:  93%|██████████████████████████  | 54/58 [00:03<00:00, 15.72it/s, loss=23140644.0000]
  Epoch  8/30:  93%|██████████████████████████  | 54/58 [00:03<00:00, 15.72it/s, loss=23448552.0000]
  Epoch  8/30:  97%|███████████████████████████ | 56/58 [00:03<00:00, 15.30it/s, loss=23448552.0000]
  Epoch  8/30:  97%|███████████████████████████ | 56/58 [00:03<00:00, 15.30it/s, loss=20969644.0000]
  Epoch  8/30:  97%|███████████████████████████ | 56/58 [00:03<00:00, 15.30it/s, loss=14995438.0000]
  Epoch  8/30: 100%|████████████████████████████| 58/58 [00:03<00:00, 15.85it/s, loss=14995438.0000]
                                                                                                    

  Epoch  9/30:   0%|                                                         | 0/58 [00:00<?, ?it/s]
  Epoch  9/30:   0%|                                     | 0/58 [00:00<?, ?it/s, loss=23776508.0000]
  Epoch  9/30:   0%|                                     | 0/58 [00:00<?, ?it/s, loss=21972598.0000]
  Epoch  9/30:   3%|█                            | 2/58 [00:00<00:03, 15.30it/s, loss=21972598.0000]
  Epoch  9/30:   3%|█                            | 2/58 [00:00<00:03, 15.30it/s, loss=24485544.0000]
  Epoch  9/30:   3%|█                            | 2/58 [00:00<00:03, 15.30it/s, loss=24631084.0000]
  Epoch  9/30:   7%|██                           | 4/58 [00:00<00:03, 15.29it/s, loss=24631084.0000]
  Epoch  9/30:   7%|██                           | 4/58 [00:00<00:03, 15.29it/s, loss=23993758.0000]
  Epoch  9/30:   7%|██                           | 4/58 [00:00<00:03, 15.29it/s, loss=23019782.0000]
  Epoch  9/30:  10%|███                          | 6/58 [00:00<00:03, 14.92it/s, loss=23019782.0000]
  Epoch  9/30:  10%|███                          | 6/58 [00:00<00:03, 14.92it/s, loss=22944496.0000]
  Epoch  9/30:  10%|███                          | 6/58 [00:00<00:03, 14.92it/s, loss=23968816.0000]
  Epoch  9/30:  14%|████                         | 8/58 [00:00<00:03, 14.37it/s, loss=23968816.0000]
  Epoch  9/30:  14%|████                         | 8/58 [00:00<00:03, 14.37it/s, loss=21217496.0000]
  Epoch  9/30:  14%|████                         | 8/58 [00:00<00:03, 14.37it/s, loss=19566132.0000]
  Epoch  9/30:  17%|████▊                       | 10/58 [00:00<00:03, 14.74it/s, loss=19566132.0000]
  Epoch  9/30:  17%|████▊                       | 10/58 [00:00<00:03, 14.74it/s, loss=21658672.0000]
  Epoch  9/30:  17%|████▊                       | 10/58 [00:00<00:03, 14.74it/s, loss=19292486.0000]
  Epoch  9/30:  21%|█████▊                      | 12/58 [00:00<00:03, 14.68it/s, loss=19292486.0000]
  Epoch  9/30:  21%|█████▊                      | 12/58 [00:00<00:03, 14.68it/s, loss=19376894.0000]
  Epoch  9/30:  21%|█████▊                      | 12/58 [00:00<00:03, 14.68it/s, loss=21699568.0000]
  Epoch  9/30:  24%|██████▊                     | 14/58 [00:00<00:02, 14.76it/s, loss=21699568.0000]
  Epoch  9/30:  24%|██████▊                     | 14/58 [00:01<00:02, 14.76it/s, loss=19942506.0000]
  Epoch  9/30:  24%|██████▊                     | 14/58 [00:01<00:02, 14.76it/s, loss=23194172.0000]
  Epoch  9/30:  28%|███████▋                    | 16/58 [00:01<00:02, 14.63it/s, loss=23194172.0000]
  Epoch  9/30:  28%|███████▋                    | 16/58 [00:01<00:02, 14.63it/s, loss=19850152.0000]
  Epoch  9/30:  28%|███████▋                    | 16/58 [00:01<00:02, 14.63it/s, loss=17449356.0000]
  Epoch  9/30:  31%|████████▋                   | 18/58 [00:01<00:02, 14.59it/s, loss=17449356.0000]
  Epoch  9/30:  31%|████████▋                   | 18/58 [00:01<00:02, 14.59it/s, loss=22061628.0000]
  Epoch  9/30:  31%|████████▋                   | 18/58 [00:01<00:02, 14.59it/s, loss=19779004.0000]
  Epoch  9/30:  34%|█████████▋                  | 20/58 [00:01<00:02, 14.41it/s, loss=19779004.0000]
  Epoch  9/30:  34%|█████████▋                  | 20/58 [00:01<00:02, 14.41it/s, loss=21395288.0000]
  Epoch  9/30:  34%|█████████▋                  | 20/58 [00:01<00:02, 14.41it/s, loss=21628980.0000]
  Epoch  9/30:  38%|██████████▌                 | 22/58 [00:01<00:02, 14.80it/s, loss=21628980.0000]
  Epoch  9/30:  38%|██████████▌                 | 22/58 [00:01<00:02, 14.80it/s, loss=18666940.0000]
  Epoch  9/30:  38%|██████████▌                 | 22/58 [00:01<00:02, 14.80it/s, loss=19328302.0000]
  Epoch  9/30:  41%|███████████▌                | 24/58 [00:01<00:02, 14.90it/s, loss=19328302.0000]
  Epoch  9/30:  41%|███████████▌                | 24/58 [00:01<00:02, 14.90it/s, loss=19932810.0000]
  Epoch  9/30:  41%|███████████▌                | 24/58 [00:01<00:02, 14.90it/s, loss=17036974.0000]
  Epoch  9/30:  45%|████████████▌               | 26/58 [00:01<00:02, 14.73it/s, loss=17036974.0000]
  Epoch  9/30:  45%|████████████▌               | 26/58 [00:01<00:02, 14.73it/s, loss=19550770.0000]
  Epoch  9/30:  45%|████████████▌               | 26/58 [00:01<00:02, 14.73it/s, loss=20823172.0000]
  Epoch  9/30:  48%|█████████████▌              | 28/58 [00:01<00:01, 15.18it/s, loss=20823172.0000]
  Epoch  9/30:  48%|█████████████▌              | 28/58 [00:01<00:01, 15.18it/s, loss=18534852.0000]
  Epoch  9/30:  48%|█████████████▌              | 28/58 [00:02<00:01, 15.18it/s, loss=18613340.0000]
  Epoch  9/30:  52%|██████████████▍             | 30/58 [00:02<00:01, 15.02it/s, loss=18613340.0000]
  Epoch  9/30:  52%|██████████████▍             | 30/58 [00:02<00:01, 15.02it/s, loss=20160924.0000]
  Epoch  9/30:  52%|██████████████▍             | 30/58 [00:02<00:01, 15.02it/s, loss=22134952.0000]
  Epoch  9/30:  55%|███████████████▍            | 32/58 [00:02<00:01, 15.53it/s, loss=22134952.0000]
  Epoch  9/30:  55%|███████████████▍            | 32/58 [00:02<00:01, 15.53it/s, loss=18202864.0000]
  Epoch  9/30:  55%|███████████████▍            | 32/58 [00:02<00:01, 15.53it/s, loss=17920572.0000]
  Epoch  9/30:  59%|████████████████▍           | 34/58 [00:02<00:01, 15.53it/s, loss=17920572.0000]
  Epoch  9/30:  59%|████████████████▍           | 34/58 [00:02<00:01, 15.53it/s, loss=17321250.0000]
  Epoch  9/30:  59%|████████████████▍           | 34/58 [00:02<00:01, 15.53it/s, loss=16640210.0000]
  Epoch  9/30:  62%|█████████████████▍          | 36/58 [00:02<00:01, 15.45it/s, loss=16640210.0000]
  Epoch  9/30:  62%|█████████████████▍          | 36/58 [00:02<00:01, 15.45it/s, loss=17946884.0000]
  Epoch  9/30:  62%|█████████████████▍          | 36/58 [00:02<00:01, 15.45it/s, loss=18914724.0000]
  Epoch  9/30:  66%|██████████████████▎         | 38/58 [00:02<00:01, 15.36it/s, loss=18914724.0000]
  Epoch  9/30:  66%|██████████████████▎         | 38/58 [00:02<00:01, 15.36it/s, loss=16821288.0000]
  Epoch  9/30:  66%|██████████████████▎         | 38/58 [00:02<00:01, 15.36it/s, loss=17305284.0000]
  Epoch  9/30:  69%|███████████████████▎        | 40/58 [00:02<00:01, 15.48it/s, loss=17305284.0000]
  Epoch  9/30:  69%|███████████████████▎        | 40/58 [00:02<00:01, 15.48it/s, loss=18705530.0000]
  Epoch  9/30:  69%|███████████████████▎        | 40/58 [00:02<00:01, 15.48it/s, loss=19708472.0000]
  Epoch  9/30:  72%|████████████████████▎       | 42/58 [00:02<00:01, 15.36it/s, loss=19708472.0000]
  Epoch  9/30:  72%|████████████████████▎       | 42/58 [00:02<00:01, 15.36it/s, loss=17041344.0000]
  Epoch  9/30:  72%|████████████████████▎       | 42/58 [00:02<00:01, 15.36it/s, loss=17409102.0000]
  Epoch  9/30:  76%|█████████████████████▏      | 44/58 [00:02<00:00, 14.94it/s, loss=17409102.0000]
  Epoch  9/30:  76%|█████████████████████▏      | 44/58 [00:03<00:00, 14.94it/s, loss=18189940.0000]
  Epoch  9/30:  76%|█████████████████████▏      | 44/58 [00:03<00:00, 14.94it/s, loss=17987938.0000]
  Epoch  9/30:  79%|██████████████████████▏     | 46/58 [00:03<00:00, 15.29it/s, loss=17987938.0000]
  Epoch  9/30:  79%|██████████████████████▏     | 46/58 [00:03<00:00, 15.29it/s, loss=17305798.0000]
  Epoch  9/30:  79%|██████████████████████▏     | 46/58 [00:03<00:00, 15.29it/s, loss=16257928.0000]
  Epoch  9/30:  83%|███████████████████████▏    | 48/58 [00:03<00:00, 15.88it/s, loss=16257928.0000]
  Epoch  9/30:  83%|███████████████████████▏    | 48/58 [00:03<00:00, 15.88it/s, loss=19233076.0000]
  Epoch  9/30:  83%|███████████████████████▏    | 48/58 [00:03<00:00, 15.88it/s, loss=16291888.0000]
  Epoch  9/30:  86%|████████████████████████▏   | 50/58 [00:03<00:00, 16.21it/s, loss=16291888.0000]
  Epoch  9/30:  86%|████████████████████████▏   | 50/58 [00:03<00:00, 16.21it/s, loss=16904750.0000]
  Epoch  9/30:  86%|████████████████████████▏   | 50/58 [00:03<00:00, 16.21it/s, loss=16312683.0000]
  Epoch  9/30:  90%|█████████████████████████   | 52/58 [00:03<00:00, 16.60it/s, loss=16312683.0000]
  Epoch  9/30:  90%|█████████████████████████   | 52/58 [00:03<00:00, 16.60it/s, loss=16364954.0000]
  Epoch  9/30:  90%|█████████████████████████   | 52/58 [00:03<00:00, 16.60it/s, loss=16331612.0000]
  Epoch  9/30:  93%|██████████████████████████  | 54/58 [00:03<00:00, 16.10it/s, loss=16331612.0000]
  Epoch  9/30:  93%|██████████████████████████  | 54/58 [00:03<00:00, 16.10it/s, loss=15813566.0000]
  Epoch  9/30:  93%|██████████████████████████  | 54/58 [00:03<00:00, 16.10it/s, loss=18092568.0000]
  Epoch  9/30:  97%|███████████████████████████ | 56/58 [00:03<00:00, 15.57it/s, loss=18092568.0000]
  Epoch  9/30:  97%|███████████████████████████ | 56/58 [00:03<00:00, 15.57it/s, loss=17327910.0000]
  Epoch  9/30:  97%|███████████████████████████ | 56/58 [00:03<00:00, 15.57it/s, loss=14078183.0000]
                                                                                                    

  Epoch 10/30:   0%|                                                         | 0/58 [00:00<?, ?it/s]
  Epoch 10/30:   0%|                                     | 0/58 [00:00<?, ?it/s, loss=17138852.0000]
  Epoch 10/30:   0%|                                     | 0/58 [00:00<?, ?it/s, loss=14960886.0000]
  Epoch 10/30:   3%|█                            | 2/58 [00:00<00:03, 14.58it/s, loss=14960886.0000]
  Epoch 10/30:   3%|█                            | 2/58 [00:00<00:03, 14.58it/s, loss=14088336.0000]
  Epoch 10/30:   3%|█                            | 2/58 [00:00<00:03, 14.58it/s, loss=16187403.0000]
  Epoch 10/30:   7%|██                           | 4/58 [00:00<00:03, 15.19it/s, loss=16187403.0000]
  Epoch 10/30:   7%|██                           | 4/58 [00:00<00:03, 15.19it/s, loss=15985224.0000]
  Epoch 10/30:   7%|██                           | 4/58 [00:00<00:03, 15.19it/s, loss=15557522.0000]
  Epoch 10/30:  10%|███                          | 6/58 [00:00<00:03, 16.84it/s, loss=15557522.0000]
  Epoch 10/30:  10%|███                          | 6/58 [00:00<00:03, 16.84it/s, loss=16360739.0000]
  Epoch 10/30:  10%|███                          | 6/58 [00:00<00:03, 16.84it/s, loss=14447154.0000]
  Epoch 10/30:  14%|████                         | 8/58 [00:00<00:02, 17.85it/s, loss=14447154.0000]
  Epoch 10/30:  14%|████                         | 8/58 [00:00<00:02, 17.85it/s, loss=16192888.0000]
  Epoch 10/30:  14%|████                         | 8/58 [00:00<00:02, 17.85it/s, loss=15805810.0000]
  Epoch 10/30:  14%|████                         | 8/58 [00:00<00:02, 17.85it/s, loss=14102888.0000]
  Epoch 10/30:  19%|█████▎                      | 11/58 [00:00<00:02, 19.50it/s, loss=14102888.0000]
  Epoch 10/30:  19%|█████▎                      | 11/58 [00:00<00:02, 19.50it/s, loss=15578907.0000]
  Epoch 10/30:  19%|█████▎                      | 11/58 [00:00<00:02, 19.50it/s, loss=16502038.0000]
  Epoch 10/30:  22%|██████▎                     | 13/58 [00:00<00:02, 18.40it/s, loss=16502038.0000]
  Epoch 10/30:  22%|██████▎                     | 13/58 [00:00<00:02, 18.40it/s, loss=14582887.0000]
  Epoch 10/30:  22%|██████▎                     | 13/58 [00:00<00:02, 18.40it/s, loss=12005614.0000]
  Epoch 10/30:  22%|██████▎                     | 13/58 [00:00<00:02, 18.40it/s, loss=13781864.0000]
  Epoch 10/30:  28%|███████▋                    | 16/58 [00:00<00:02, 19.26it/s, loss=13781864.0000]
  Epoch 10/30:  28%|███████▋                    | 16/58 [00:00<00:02, 19.26it/s, loss=14548795.0000]
  Epoch 10/30:  28%|███████▋                    | 16/58 [00:01<00:02, 19.26it/s, loss=13496795.0000]
  Epoch 10/30:  31%|████████▋                   | 18/58 [00:01<00:02, 18.06it/s, loss=13496795.0000]
  Epoch 10/30:  31%|████████▋                   | 18/58 [00:01<00:02, 18.06it/s, loss=14049103.0000]
  Epoch 10/30:  31%|████████▋                   | 18/58 [00:01<00:02, 18.06it/s, loss=17060952.0000]
  Epoch 10/30:  34%|█████████▋                  | 20/58 [00:01<00:02, 17.94it/s, loss=17060952.0000]
  Epoch 10/30:  34%|█████████▋                  | 20/58 [00:01<00:02, 17.94it/s, loss=13513939.0000]
  Epoch 10/30:  34%|█████████▋                  | 20/58 [00:01<00:02, 17.94it/s, loss=17065996.0000]
  Epoch 10/30:  38%|██████████▌                 | 22/58 [00:01<00:02, 17.96it/s, loss=17065996.0000]
  Epoch 10/30:  38%|██████████▌                 | 22/58 [00:01<00:02, 17.96it/s, loss=14372638.0000]
  Epoch 10/30:  38%|██████████▌                 | 22/58 [00:01<00:02, 17.96it/s, loss=12948886.0000]
  Epoch 10/30:  41%|███████████▌                | 24/58 [00:01<00:01, 17.60it/s, loss=12948886.0000]
  Epoch 10/30:  41%|███████████▌                | 24/58 [00:01<00:01, 17.60it/s, loss=14438212.0000]
  Epoch 10/30:  41%|███████████▌                | 24/58 [00:01<00:01, 17.60it/s, loss=13391654.0000]
  Epoch 10/30:  45%|████████████▌               | 26/58 [00:01<00:01, 17.01it/s, loss=13391654.0000]
  Epoch 10/30:  45%|████████████▌               | 26/58 [00:01<00:01, 17.01it/s, loss=13515139.0000]
  Epoch 10/30:  45%|████████████▌               | 26/58 [00:01<00:01, 17.01it/s, loss=14183608.0000]
  Epoch 10/30:  48%|█████████████▌              | 28/58 [00:01<00:01, 16.15it/s, loss=14183608.0000]
  Epoch 10/30:  48%|█████████████▌              | 28/58 [00:01<00:01, 16.15it/s, loss=14071512.0000]
  Epoch 10/30:  48%|█████████████▌              | 28/58 [00:01<00:01, 16.15it/s, loss=13384119.0000]
  Epoch 10/30:  48%|█████████████▌              | 28/58 [00:01<00:01, 16.15it/s, loss=12625672.0000]
  Epoch 10/30:  53%|██████████████▉             | 31/58 [00:01<00:01, 17.16it/s, loss=12625672.0000]
  Epoch 10/30:  53%|██████████████▉             | 31/58 [00:01<00:01, 17.16it/s, loss=13902360.0000]
  Epoch 10/30:  53%|██████████████▉             | 31/58 [00:01<00:01, 17.16it/s, loss=13527956.0000]
  Epoch 10/30:  57%|███████████████▉            | 33/58 [00:01<00:01, 17.61it/s, loss=13527956.0000]
  Epoch 10/30:  57%|███████████████▉            | 33/58 [00:01<00:01, 17.61it/s, loss=13589742.0000]
  Epoch 10/30:  57%|███████████████▉            | 33/58 [00:01<00:01, 17.61it/s, loss=12922522.0000]
  Epoch 10/30:  60%|████████████████▉           | 35/58 [00:01<00:01, 17.41it/s, loss=12922522.0000]
  Epoch 10/30:  60%|████████████████▉           | 35/58 [00:02<00:01, 17.41it/s, loss=12521784.0000]
  Epoch 10/30:  60%|████████████████▉           | 35/58 [00:02<00:01, 17.41it/s, loss=12555326.0000]
  Epoch 10/30:  60%|████████████████▉           | 35/58 [00:02<00:01, 17.41it/s, loss=13104819.0000]
  Epoch 10/30:  66%|██████████████████▎         | 38/58 [00:02<00:01, 18.10it/s, loss=13104819.0000]
  Epoch 10/30:  66%|██████████████████▎         | 38/58 [00:02<00:01, 18.10it/s, loss=10927968.0000]
  Epoch 10/30:  66%|██████████████████▎         | 38/58 [00:02<00:01, 18.10it/s, loss=11929480.0000]
  Epoch 10/30:  69%|███████████████████▎        | 40/58 [00:02<00:01, 17.65it/s, loss=11929480.0000]
  Epoch 10/30:  69%|███████████████████▎        | 40/58 [00:02<00:01, 17.65it/s, loss=11527528.0000]
  Epoch 10/30:  69%|███████████████████▎        | 40/58 [00:02<00:01, 17.65it/s, loss=13302508.0000]
  Epoch 10/30:  69%|███████████████████▎        | 40/58 [00:02<00:01, 17.65it/s, loss=13726587.0000]
  Epoch 10/30:  74%|████████████████████▊       | 43/58 [00:02<00:00, 19.07it/s, loss=13726587.0000]
  Epoch 10/30:  74%|████████████████████▊       | 43/58 [00:02<00:00, 19.07it/s, loss=12198559.0000]
  Epoch 10/30:  74%|████████████████████▊       | 43/58 [00:02<00:00, 19.07it/s, loss=12290155.0000]
  Epoch 10/30:  78%|█████████████████████▋      | 45/58 [00:02<00:00, 18.32it/s, loss=12290155.0000]
  Epoch 10/30:  78%|█████████████████████▋      | 45/58 [00:02<00:00, 18.32it/s, loss=11818538.0000]
  Epoch 10/30:  78%|█████████████████████▋      | 45/58 [00:02<00:00, 18.32it/s, loss=14336835.0000]
  Epoch 10/30:  81%|██████████████████████▋     | 47/58 [00:02<00:00, 17.88it/s, loss=14336835.0000]
  Epoch 10/30:  81%|██████████████████████▋     | 47/58 [00:02<00:00, 17.88it/s, loss=12389182.0000]
  Epoch 10/30:  81%|██████████████████████▋     | 47/58 [00:02<00:00, 17.88it/s, loss=12201446.0000]
  Epoch 10/30:  81%|██████████████████████▋     | 47/58 [00:02<00:00, 17.88it/s, loss=12679256.0000]
  Epoch 10/30:  86%|████████████████████████▏   | 50/58 [00:02<00:00, 18.44it/s, loss=12679256.0000]
  Epoch 10/30:  86%|████████████████████████▏   | 50/58 [00:02<00:00, 18.44it/s, loss=13071527.0000]
  Epoch 10/30:  86%|████████████████████████▏   | 50/58 [00:02<00:00, 18.44it/s, loss=10991120.0000]
  Epoch 10/30:  90%|█████████████████████████   | 52/58 [00:02<00:00, 18.48it/s, loss=10991120.0000]
  Epoch 10/30:  90%|█████████████████████████   | 52/58 [00:02<00:00, 18.48it/s, loss=12173854.0000]
  Epoch 10/30:  90%|█████████████████████████   | 52/58 [00:03<00:00, 18.48it/s, loss=11006287.0000]
  Epoch 10/30:  93%|██████████████████████████  | 54/58 [00:03<00:00, 18.19it/s, loss=11006287.0000]
  Epoch 10/30:  93%|██████████████████████████  | 54/58 [00:03<00:00, 18.19it/s, loss=10439160.0000]
  Epoch 10/30:  93%|██████████████████████████  | 54/58 [00:03<00:00, 18.19it/s, loss=11442424.0000]
  Epoch 10/30:  97%|███████████████████████████ | 56/58 [00:03<00:00, 17.40it/s, loss=11442424.0000]
  Epoch 10/30:  97%|███████████████████████████ | 56/58 [00:03<00:00, 17.40it/s, loss=12057248.0000]
  Epoch 10/30:  97%|████████████████████████████ | 56/58 [00:03<00:00, 17.40it/s, loss=3931606.5000]
  Epoch 10/30: 100%|█████████████████████████████| 58/58 [00:03<00:00, 17.98it/s, loss=3931606.5000]
                                                                                                    
  Epoch 10/30 │ Loss: 13491582.9224 │ T+1: -3436673792.0000 │ T+2: -1534792192.0000 │ T+3: -9227056128.0000 ★ NEW BEST

  Epoch 11/30:   0%|                                                         | 0/58 [00:00<?, ?it/s]
  Epoch 11/30:   0%|                                     | 0/58 [00:00<?, ?it/s, loss=10711906.0000]
  Epoch 11/30:   0%|                                     | 0/58 [00:00<?, ?it/s, loss=12665826.0000]
  Epoch 11/30:   3%|█                            | 2/58 [00:00<00:02, 18.81it/s, loss=12665826.0000]
  Epoch 11/30:   3%|█                            | 2/58 [00:00<00:02, 18.81it/s, loss=10524999.0000]
  Epoch 11/30:   3%|█                            | 2/58 [00:00<00:02, 18.81it/s, loss=11188006.0000]
  Epoch 11/30:   7%|██                           | 4/58 [00:00<00:02, 19.09it/s, loss=11188006.0000]
  Epoch 11/30:   7%|██                           | 4/58 [00:00<00:02, 19.09it/s, loss=11197452.0000]
  Epoch 11/30:   7%|██                           | 4/58 [00:00<00:02, 19.09it/s, loss=11990280.0000]
  Epoch 11/30:  10%|███                          | 6/58 [00:00<00:02, 17.89it/s, loss=11990280.0000]
  Epoch 11/30:  10%|███                          | 6/58 [00:00<00:02, 17.89it/s, loss=11547190.0000]
  Epoch 11/30:  10%|███                          | 6/58 [00:00<00:02, 17.89it/s, loss=11140267.0000]
  Epoch 11/30:  14%|████                         | 8/58 [00:00<00:03, 16.51it/s, loss=11140267.0000]
  Epoch 11/30:  14%|████                         | 8/58 [00:00<00:03, 16.51it/s, loss=10621256.0000]
  Epoch 11/30:  14%|████▏                         | 8/58 [00:00<00:03, 16.51it/s, loss=9027668.0000]
  Epoch 11/30:  14%|████                         | 8/58 [00:00<00:03, 16.51it/s, loss=10651242.0000]
  Epoch 11/30:  19%|█████▎                      | 11/58 [00:00<00:02, 18.16it/s, loss=10651242.0000]
  Epoch 11/30:  19%|█████▎                      | 11/58 [00:00<00:02, 18.16it/s, loss=12017542.0000]
  Epoch 11/30:  19%|█████▎                      | 11/58 [00:00<00:02, 18.16it/s, loss=11792723.0000]
  Epoch 11/30:  22%|██████▎                     | 13/58 [00:00<00:02, 18.08it/s, loss=11792723.0000]
  Epoch 11/30:  22%|██████▎                     | 13/58 [00:00<00:02, 18.08it/s, loss=11464616.0000]
  Epoch 11/30:  22%|██████▎                     | 13/58 [00:00<00:02, 18.08it/s, loss=11082632.0000]
  Epoch 11/30:  26%|███████▏                    | 15/58 [00:00<00:02, 18.06it/s, loss=11082632.0000]
  Epoch 11/30:  26%|███████▌                     | 15/58 [00:00<00:02, 18.06it/s, loss=9978706.0000]
  Epoch 11/30:  26%|███████▏                    | 15/58 [00:00<00:02, 18.06it/s, loss=11017384.0000]
  Epoch 11/30:  29%|████████▏                   | 17/58 [00:00<00:02, 17.90it/s, loss=11017384.0000]
  Epoch 11/30:  29%|████████▏                   | 17/58 [00:01<00:02, 17.90it/s, loss=10115168.0000]
  Epoch 11/30:  29%|████████▏                   | 17/58 [00:01<00:02, 17.90it/s, loss=10723179.0000]
  Epoch 11/30:  33%|█████████▏                  | 19/58 [00:01<00:02, 17.60it/s, loss=10723179.0000]
  Epoch 11/30:  33%|█████████▏                  | 19/58 [00:01<00:02, 17.60it/s, loss=10111758.0000]
  Epoch 11/30:  33%|█████████▌                   | 19/58 [00:01<00:02, 17.60it/s, loss=9399996.0000]
  Epoch 11/30:  36%|██████████▌                  | 21/58 [00:01<00:02, 17.58it/s, loss=9399996.0000]
  Epoch 11/30:  36%|██████████▌                  | 21/58 [00:01<00:02, 17.58it/s, loss=9491980.0000]
  Epoch 11/30:  36%|██████████▏                 | 21/58 [00:01<00:02, 17.58it/s, loss=10061568.0000]
  Epoch 11/30:  40%|███████████                 | 23/58 [00:01<00:02, 17.09it/s, loss=10061568.0000]
  Epoch 11/30:  40%|███████████▌                 | 23/58 [00:01<00:02, 17.09it/s, loss=9501823.0000]
  Epoch 11/30:  40%|███████████                 | 23/58 [00:01<00:02, 17.09it/s, loss=10257987.0000]
  Epoch 11/30:  43%|████████████                | 25/58 [00:01<00:01, 17.76it/s, loss=10257987.0000]
  Epoch 11/30:  43%|████████████▌                | 25/58 [00:01<00:01, 17.76it/s, loss=9362288.0000]
  Epoch 11/30:  43%|████████████▌                | 25/58 [00:01<00:01, 17.76it/s, loss=9584578.0000]
  Epoch 11/30:  47%|█████████████▌               | 27/58 [00:01<00:01, 17.30it/s, loss=9584578.0000]
  Epoch 11/30:  47%|█████████████               | 27/58 [00:01<00:01, 17.30it/s, loss=10135322.0000]
  Epoch 11/30:  47%|█████████████▌               | 27/58 [00:01<00:01, 17.30it/s, loss=9805112.0000]
  Epoch 11/30:  50%|██████████████▌              | 29/58 [00:01<00:01, 16.48it/s, loss=9805112.0000]
  Epoch 11/30:  50%|██████████████▌              | 29/58 [00:01<00:01, 16.48it/s, loss=9518502.0000]
  Epoch 11/30:  50%|██████████████▌              | 29/58 [00:01<00:01, 16.48it/s, loss=9384214.0000]
  Epoch 11/30:  53%|███████████████▍             | 31/58 [00:01<00:01, 16.62it/s, loss=9384214.0000]
  Epoch 11/30:  53%|███████████████▍             | 31/58 [00:01<00:01, 16.62it/s, loss=9495518.0000]
  Epoch 11/30:  53%|███████████████▍             | 31/58 [00:01<00:01, 16.62it/s, loss=9518337.0000]
  Epoch 11/30:  57%|████████████████▌            | 33/58 [00:01<00:01, 17.44it/s, loss=9518337.0000]
  Epoch 11/30:  57%|████████████████▌            | 33/58 [00:01<00:01, 17.44it/s, loss=9218211.0000]
  Epoch 11/30:  57%|████████████████▌            | 33/58 [00:02<00:01, 17.44it/s, loss=8900689.0000]
  Epoch 11/30:  60%|█████████████████▌           | 35/58 [00:02<00:01, 17.11it/s, loss=8900689.0000]
  Epoch 11/30:  60%|█████████████████▌           | 35/58 [00:02<00:01, 17.11it/s, loss=9859243.0000]
  Epoch 11/30:  60%|█████████████████▌           | 35/58 [00:02<00:01, 17.11it/s, loss=9005522.0000]
  Epoch 11/30:  60%|█████████████████▌           | 35/58 [00:02<00:01, 17.11it/s, loss=7679075.0000]
  Epoch 11/30:  66%|███████████████████          | 38/58 [00:02<00:01, 17.80it/s, loss=7679075.0000]
  Epoch 11/30:  66%|███████████████████          | 38/58 [00:02<00:01, 17.80it/s, loss=9604710.0000]
  Epoch 11/30:  66%|███████████████████          | 38/58 [00:02<00:01, 17.80it/s, loss=8640610.0000]
  Epoch 11/30:  69%|████████████████████         | 40/58 [00:02<00:01, 13.60it/s, loss=8640610.0000]
  Epoch 11/30:  69%|████████████████████         | 40/58 [00:02<00:01, 13.60it/s, loss=8871069.0000]
  Epoch 11/30:  69%|████████████████████         | 40/58 [00:02<00:01, 13.60it/s, loss=8611760.0000]
  Epoch 11/30:  72%|█████████████████████        | 42/58 [00:02<00:01, 14.33it/s, loss=8611760.0000]
  Epoch 11/30:  72%|████████████████████▎       | 42/58 [00:02<00:01, 14.33it/s, loss=10560142.0000]
  Epoch 11/30:  72%|█████████████████████        | 42/58 [00:02<00:01, 14.33it/s, loss=7849009.0000]
  Epoch 11/30:  76%|██████████████████████       | 44/58 [00:02<00:00, 14.72it/s, loss=7849009.0000]
  Epoch 11/30:  76%|██████████████████████       | 44/58 [00:02<00:00, 14.72it/s, loss=9826626.0000]
  Epoch 11/30:  76%|██████████████████████       | 44/58 [00:02<00:00, 14.72it/s, loss=9586166.0000]
  Epoch 11/30:  79%|███████████████████████      | 46/58 [00:02<00:00, 15.07it/s, loss=9586166.0000]
  Epoch 11/30:  79%|███████████████████████      | 46/58 [00:02<00:00, 15.07it/s, loss=8643670.0000]
  Epoch 11/30:  79%|███████████████████████      | 46/58 [00:02<00:00, 15.07it/s, loss=8283800.0000]
  Epoch 11/30:  83%|████████████████████████     | 48/58 [00:02<00:00, 15.07it/s, loss=8283800.0000]
  Epoch 11/30:  83%|████████████████████████     | 48/58 [00:02<00:00, 15.07it/s, loss=8522600.0000]
  Epoch 11/30:  83%|████████████████████████     | 48/58 [00:03<00:00, 15.07it/s, loss=9603072.0000]
  Epoch 11/30:  86%|█████████████████████████    | 50/58 [00:03<00:00, 15.30it/s, loss=9603072.0000]
  Epoch 11/30:  86%|█████████████████████████    | 50/58 [00:03<00:00, 15.30it/s, loss=8725408.0000]
  Epoch 11/30:  86%|█████████████████████████    | 50/58 [00:03<00:00, 15.30it/s, loss=8804718.0000]
  Epoch 11/30:  90%|██████████████████████████   | 52/58 [00:03<00:00, 16.18it/s, loss=8804718.0000]
  Epoch 11/30:  90%|██████████████████████████   | 52/58 [00:03<00:00, 16.18it/s, loss=7983897.0000]
  Epoch 11/30:  90%|██████████████████████████   | 52/58 [00:03<00:00, 16.18it/s, loss=8241056.0000]
  Epoch 11/30:  93%|███████████████████████████  | 54/58 [00:03<00:00, 16.24it/s, loss=8241056.0000]
  Epoch 11/30:  93%|███████████████████████████  | 54/58 [00:03<00:00, 16.24it/s, loss=8633331.0000]
  Epoch 11/30:  93%|███████████████████████████  | 54/58 [00:03<00:00, 16.24it/s, loss=7742215.5000]
  Epoch 11/30:  97%|████████████████████████████ | 56/58 [00:03<00:00, 16.01it/s, loss=7742215.5000]
  Epoch 11/30:  97%|████████████████████████████ | 56/58 [00:03<00:00, 16.01it/s, loss=8221220.0000]
  Epoch 11/30:  97%|████████████████████████████ | 56/58 [00:03<00:00, 16.01it/s, loss=7392570.0000]
                                                                                                    

  Epoch 12/30:   0%|                                                         | 0/58 [00:00<?, ?it/s]
  Epoch 12/30:   0%|                                      | 0/58 [00:00<?, ?it/s, loss=7700611.0000]
  Epoch 12/30:   0%|                                      | 0/58 [00:00<?, ?it/s, loss=8108301.5000]
  Epoch 12/30:   3%|█                             | 2/58 [00:00<00:02, 19.57it/s, loss=8108301.5000]
  Epoch 12/30:   3%|█                             | 2/58 [00:00<00:02, 19.57it/s, loss=8340003.0000]
  Epoch 12/30:   3%|█                             | 2/58 [00:00<00:02, 19.57it/s, loss=8404906.0000]
  Epoch 12/30:   7%|██                            | 4/58 [00:00<00:03, 17.51it/s, loss=8404906.0000]
  Epoch 12/30:   7%|██                            | 4/58 [00:00<00:03, 17.51it/s, loss=7395053.5000]
  Epoch 12/30:   7%|██                            | 4/58 [00:00<00:03, 17.51it/s, loss=7587675.5000]
  Epoch 12/30:  10%|███                           | 6/58 [00:00<00:02, 17.43it/s, loss=7587675.5000]
  Epoch 12/30:  10%|███                           | 6/58 [00:00<00:02, 17.43it/s, loss=7686590.0000]
  Epoch 12/30:  10%|███                           | 6/58 [00:00<00:02, 17.43it/s, loss=7394759.0000]
  Epoch 12/30:  14%|████▏                         | 8/58 [00:00<00:02, 17.22it/s, loss=7394759.0000]
  Epoch 12/30:  14%|████▏                         | 8/58 [00:00<00:02, 17.22it/s, loss=8000343.0000]
  Epoch 12/30:  14%|████▏                         | 8/58 [00:00<00:02, 17.22it/s, loss=7782700.0000]
  Epoch 12/30:  17%|█████                        | 10/58 [00:00<00:02, 17.13it/s, loss=7782700.0000]
  Epoch 12/30:  17%|█████                        | 10/58 [00:00<00:02, 17.13it/s, loss=7503302.0000]
  Epoch 12/30:  17%|█████                        | 10/58 [00:00<00:02, 17.13it/s, loss=7132438.0000]
  Epoch 12/30:  21%|██████                       | 12/58 [00:00<00:02, 17.08it/s, loss=7132438.0000]
  Epoch 12/30:  21%|██████                       | 12/58 [00:00<00:02, 17.08it/s, loss=6891736.0000]
  Epoch 12/30:  21%|██████                       | 12/58 [00:00<00:02, 17.08it/s, loss=7615761.5000]
  Epoch 12/30:  24%|███████                      | 14/58 [00:00<00:02, 17.28it/s, loss=7615761.5000]
  Epoch 12/30:  24%|███████                      | 14/58 [00:00<00:02, 17.28it/s, loss=7511835.5000]
  Epoch 12/30:  24%|███████                      | 14/58 [00:00<00:02, 17.28it/s, loss=8317532.0000]
  Epoch 12/30:  28%|████████                     | 16/58 [00:00<00:02, 16.99it/s, loss=8317532.0000]
  Epoch 12/30:  28%|████████                     | 16/58 [00:00<00:02, 16.99it/s, loss=7626045.0000]
  Epoch 12/30:  28%|████████                     | 16/58 [00:01<00:02, 16.99it/s, loss=7428735.5000]
  Epoch 12/30:  31%|█████████                    | 18/58 [00:01<00:02, 17.67it/s, loss=7428735.5000]
  Epoch 12/30:  31%|█████████                    | 18/58 [00:01<00:02, 17.67it/s, loss=8287304.0000]
  Epoch 12/30:  31%|█████████                    | 18/58 [00:01<00:02, 17.67it/s, loss=6950381.5000]
  Epoch 12/30:  34%|██████████                   | 20/58 [00:01<00:02, 17.27it/s, loss=6950381.5000]
  Epoch 12/30:  34%|██████████                   | 20/58 [00:01<00:02, 17.27it/s, loss=7397069.5000]
  Epoch 12/30:  34%|██████████                   | 20/58 [00:01<00:02, 17.27it/s, loss=6969091.0000]
  Epoch 12/30:  38%|███████████                  | 22/58 [00:01<00:02, 17.51it/s, loss=6969091.0000]
  Epoch 12/30:  38%|███████████                  | 22/58 [00:01<00:02, 17.51it/s, loss=8362409.5000]
  Epoch 12/30:  38%|███████████                  | 22/58 [00:01<00:02, 17.51it/s, loss=7158414.0000]
  Epoch 12/30:  41%|████████████                 | 24/58 [00:01<00:02, 16.87it/s, loss=7158414.0000]
  Epoch 12/30:  41%|████████████                 | 24/58 [00:01<00:02, 16.87it/s, loss=6784826.0000]
  Epoch 12/30:  41%|████████████                 | 24/58 [00:01<00:02, 16.87it/s, loss=6044560.0000]
  Epoch 12/30:  45%|█████████████                | 26/58 [00:01<00:01, 17.53it/s, loss=6044560.0000]
  Epoch 12/30:  45%|█████████████                | 26/58 [00:01<00:01, 17.53it/s, loss=6574477.0000]
  Epoch 12/30:  45%|█████████████                | 26/58 [00:01<00:01, 17.53it/s, loss=7572115.0000]
  Epoch 12/30:  48%|██████████████               | 28/58 [00:01<00:01, 17.40it/s, loss=7572115.0000]
  Epoch 12/30:  48%|██████████████               | 28/58 [00:01<00:01, 17.40it/s, loss=6765051.5000]
  Epoch 12/30:  48%|██████████████               | 28/58 [00:01<00:01, 17.40it/s, loss=6565311.5000]
  Epoch 12/30:  52%|███████████████              | 30/58 [00:01<00:01, 17.32it/s, loss=6565311.5000]
  Epoch 12/30:  52%|███████████████              | 30/58 [00:01<00:01, 17.32it/s, loss=7098163.0000]
  Epoch 12/30:  52%|███████████████              | 30/58 [00:01<00:01, 17.32it/s, loss=6767852.0000]
  Epoch 12/30:  52%|███████████████              | 30/58 [00:01<00:01, 17.32it/s, loss=5998197.0000]
  Epoch 12/30:  57%|████████████████▌            | 33/58 [00:01<00:01, 18.01it/s, loss=5998197.0000]
  Epoch 12/30:  57%|████████████████▌            | 33/58 [00:01<00:01, 18.01it/s, loss=7418660.0000]
  Epoch 12/30:  57%|████████████████▌            | 33/58 [00:01<00:01, 18.01it/s, loss=6414585.5000]
  Epoch 12/30:  60%|█████████████████▌           | 35/58 [00:01<00:01, 18.33it/s, loss=6414585.5000]
  Epoch 12/30:  60%|█████████████████▌           | 35/58 [00:02<00:01, 18.33it/s, loss=7210040.0000]
  Epoch 12/30:  60%|█████████████████▌           | 35/58 [00:02<00:01, 18.33it/s, loss=6941003.0000]
  Epoch 12/30:  64%|██████████████████▌          | 37/58 [00:02<00:01, 18.22it/s, loss=6941003.0000]
  Epoch 12/30:  64%|██████████████████▌          | 37/58 [00:02<00:01, 18.22it/s, loss=6839411.5000]
  Epoch 12/30:  64%|██████████████████▌          | 37/58 [00:02<00:01, 18.22it/s, loss=6770224.0000]
  Epoch 12/30:  67%|███████████████████▌         | 39/58 [00:02<00:01, 18.20it/s, loss=6770224.0000]
  Epoch 12/30:  67%|███████████████████▌         | 39/58 [00:02<00:01, 18.20it/s, loss=6946863.0000]
  Epoch 12/30:  67%|███████████████████▌         | 39/58 [00:02<00:01, 18.20it/s, loss=5989126.0000]
  Epoch 12/30:  71%|████████████████████▌        | 41/58 [00:02<00:00, 17.81it/s, loss=5989126.0000]
  Epoch 12/30:  71%|████████████████████▌        | 41/58 [00:02<00:00, 17.81it/s, loss=6396889.5000]
  Epoch 12/30:  71%|████████████████████▌        | 41/58 [00:02<00:00, 17.81it/s, loss=6422835.5000]
  Epoch 12/30:  74%|█████████████████████▌       | 43/58 [00:02<00:00, 17.67it/s, loss=6422835.5000]
  Epoch 12/30:  74%|█████████████████████▌       | 43/58 [00:02<00:00, 17.67it/s, loss=7459315.0000]
  Epoch 12/30:  74%|█████████████████████▌       | 43/58 [00:02<00:00, 17.67it/s, loss=6421002.0000]
  Epoch 12/30:  78%|██████████████████████▌      | 45/58 [00:02<00:00, 17.53it/s, loss=6421002.0000]
  Epoch 12/30:  78%|██████████████████████▌      | 45/58 [00:02<00:00, 17.53it/s, loss=6061072.0000]
  Epoch 12/30:  78%|██████████████████████▌      | 45/58 [00:02<00:00, 17.53it/s, loss=6986321.5000]
  Epoch 12/30:  81%|███████████████████████▌     | 47/58 [00:02<00:00, 18.10it/s, loss=6986321.5000]
  Epoch 12/30:  81%|███████████████████████▌     | 47/58 [00:02<00:00, 18.10it/s, loss=5729756.0000]
  Epoch 12/30:  81%|███████████████████████▌     | 47/58 [00:02<00:00, 18.10it/s, loss=6901472.0000]
  Epoch 12/30:  81%|███████████████████████▌     | 47/58 [00:02<00:00, 18.10it/s, loss=6655206.0000]
  Epoch 12/30:  86%|█████████████████████████    | 50/58 [00:02<00:00, 18.47it/s, loss=6655206.0000]
  Epoch 12/30:  86%|█████████████████████████    | 50/58 [00:02<00:00, 18.47it/s, loss=6877961.0000]
  Epoch 12/30:  86%|█████████████████████████    | 50/58 [00:02<00:00, 18.47it/s, loss=5734781.5000]
  Epoch 12/30:  90%|██████████████████████████   | 52/58 [00:02<00:00, 18.31it/s, loss=5734781.5000]
  Epoch 12/30:  90%|██████████████████████████   | 52/58 [00:02<00:00, 18.31it/s, loss=6425187.5000]
  Epoch 12/30:  90%|██████████████████████████   | 52/58 [00:03<00:00, 18.31it/s, loss=6536058.0000]
  Epoch 12/30:  93%|███████████████████████████  | 54/58 [00:03<00:00, 17.66it/s, loss=6536058.0000]
  Epoch 12/30:  93%|███████████████████████████  | 54/58 [00:03<00:00, 17.66it/s, loss=6105697.5000]
  Epoch 12/30:  93%|███████████████████████████  | 54/58 [00:03<00:00, 17.66it/s, loss=6061625.5000]
  Epoch 12/30:  97%|████████████████████████████ | 56/58 [00:03<00:00, 18.22it/s, loss=6061625.5000]
  Epoch 12/30:  97%|████████████████████████████ | 56/58 [00:03<00:00, 18.22it/s, loss=5685992.0000]
  Epoch 12/30:  97%|████████████████████████████ | 56/58 [00:03<00:00, 18.22it/s, loss=8162585.0000]
  Epoch 12/30: 100%|█████████████████████████████| 58/58 [00:03<00:00, 18.56it/s, loss=8162585.0000]
                                                                                                    

  Epoch 13/30:   0%|                                                         | 0/58 [00:00<?, ?it/s]
  Epoch 13/30:   0%|                                      | 0/58 [00:00<?, ?it/s, loss=5747568.0000]
  Epoch 13/30:   0%|                                      | 0/58 [00:00<?, ?it/s, loss=5984681.5000]
  Epoch 13/30:   3%|█                             | 2/58 [00:00<00:03, 17.64it/s, loss=5984681.5000]
  Epoch 13/30:   3%|█                             | 2/58 [00:00<00:03, 17.64it/s, loss=6217720.0000]
  Epoch 13/30:   3%|█                             | 2/58 [00:00<00:03, 17.64it/s, loss=5472150.0000]
  Epoch 13/30:   7%|██                            | 4/58 [00:00<00:03, 17.64it/s, loss=5472150.0000]
  Epoch 13/30:   7%|██                            | 4/58 [00:00<00:03, 17.64it/s, loss=6339905.0000]
  Epoch 13/30:   7%|██                            | 4/58 [00:00<00:03, 17.64it/s, loss=5585965.0000]
  Epoch 13/30:  10%|███                           | 6/58 [00:00<00:03, 17.09it/s, loss=5585965.0000]
  Epoch 13/30:  10%|███                           | 6/58 [00:00<00:03, 17.09it/s, loss=6075236.0000]
  Epoch 13/30:  10%|███                           | 6/58 [00:00<00:03, 17.09it/s, loss=5617696.0000]
  Epoch 13/30:  14%|████▏                         | 8/58 [00:00<00:02, 17.47it/s, loss=5617696.0000]
  Epoch 13/30:  14%|████▏                         | 8/58 [00:00<00:02, 17.47it/s, loss=5878807.5000]
  Epoch 13/30:  14%|████▏                         | 8/58 [00:00<00:02, 17.47it/s, loss=5998793.5000]
  Epoch 13/30:  17%|█████                        | 10/58 [00:00<00:02, 17.38it/s, loss=5998793.5000]
  Epoch 13/30:  17%|█████                        | 10/58 [00:00<00:02, 17.38it/s, loss=5517603.5000]
  Epoch 13/30:  17%|█████                        | 10/58 [00:00<00:02, 17.38it/s, loss=5404558.5000]
  Epoch 13/30:  21%|██████                       | 12/58 [00:00<00:02, 17.15it/s, loss=5404558.5000]
  Epoch 13/30:  21%|██████                       | 12/58 [00:00<00:02, 17.15it/s, loss=5016944.0000]
  Epoch 13/30:  21%|██████                       | 12/58 [00:00<00:02, 17.15it/s, loss=5657098.0000]
  Epoch 13/30:  24%|███████                      | 14/58 [00:00<00:02, 17.41it/s, loss=5657098.0000]
  Epoch 13/30:  24%|███████                      | 14/58 [00:00<00:02, 17.41it/s, loss=5677322.0000]
  Epoch 13/30:  24%|███████                      | 14/58 [00:00<00:02, 17.41it/s, loss=5783949.5000]
  Epoch 13/30:  28%|████████                     | 16/58 [00:00<00:02, 17.03it/s, loss=5783949.5000]
  Epoch 13/30:  28%|████████                     | 16/58 [00:00<00:02, 17.03it/s, loss=5612755.0000]
  Epoch 13/30:  28%|████████                     | 16/58 [00:01<00:02, 17.03it/s, loss=4686892.0000]
  Epoch 13/30:  31%|█████████                    | 18/58 [00:01<00:02, 17.36it/s, loss=4686892.0000]
  Epoch 13/30:  31%|█████████                    | 18/58 [00:01<00:02, 17.36it/s, loss=5725027.0000]
  Epoch 13/30:  31%|█████████                    | 18/58 [00:01<00:02, 17.36it/s, loss=5102791.0000]
  Epoch 13/30:  34%|██████████                   | 20/58 [00:01<00:02, 16.69it/s, loss=5102791.0000]
  Epoch 13/30:  34%|██████████                   | 20/58 [00:01<00:02, 16.69it/s, loss=5011750.5000]
  Epoch 13/30:  34%|██████████                   | 20/58 [00:01<00:02, 16.69it/s, loss=4388004.5000]
  Epoch 13/30:  38%|███████████                  | 22/58 [00:01<00:02, 16.71it/s, loss=4388004.5000]
  Epoch 13/30:  38%|███████████                  | 22/58 [00:01<00:02, 16.71it/s, loss=5586097.0000]
  Epoch 13/30:  38%|███████████                  | 22/58 [00:01<00:02, 16.71it/s, loss=5636933.5000]
  Epoch 13/30:  38%|███████████                  | 22/58 [00:01<00:02, 16.71it/s, loss=5131499.5000]
  Epoch 13/30:  43%|████████████▌                | 25/58 [00:01<00:01, 17.94it/s, loss=5131499.5000]
  Epoch 13/30:  43%|████████████▌                | 25/58 [00:01<00:01, 17.94it/s, loss=4554242.0000]
  Epoch 13/30:  43%|████████████▌                | 25/58 [00:01<00:01, 17.94it/s, loss=5777306.0000]
  Epoch 13/30:  47%|█████████████▌               | 27/58 [00:01<00:01, 18.29it/s, loss=5777306.0000]
  Epoch 13/30:  47%|█████████████▌               | 27/58 [00:01<00:01, 18.29it/s, loss=5267480.0000]
  Epoch 13/30:  47%|█████████████▌               | 27/58 [00:01<00:01, 18.29it/s, loss=4722175.0000]
  Epoch 13/30:  50%|██████████████▌              | 29/58 [00:01<00:01, 18.12it/s, loss=4722175.0000]
  Epoch 13/30:  50%|██████████████▌              | 29/58 [00:01<00:01, 18.12it/s, loss=5261010.5000]
  Epoch 13/30:  50%|██████████████▌              | 29/58 [00:01<00:01, 18.12it/s, loss=4518410.0000]
  Epoch 13/30:  53%|███████████████▍             | 31/58 [00:01<00:01, 18.50it/s, loss=4518410.0000]
  Epoch 13/30:  53%|███████████████▍             | 31/58 [00:01<00:01, 18.50it/s, loss=4584145.0000]
  Epoch 13/30:  53%|███████████████▍             | 31/58 [00:01<00:01, 18.50it/s, loss=5108003.5000]
  Epoch 13/30:  57%|████████████████▌            | 33/58 [00:01<00:01, 17.83it/s, loss=5108003.5000]
  Epoch 13/30:  57%|████████████████▌            | 33/58 [00:01<00:01, 17.83it/s, loss=4729055.0000]
  Epoch 13/30:  57%|████████████████▌            | 33/58 [00:01<00:01, 17.83it/s, loss=4275492.0000]
  Epoch 13/30:  57%|████████████████▌            | 33/58 [00:02<00:01, 17.83it/s, loss=5075273.0000]
  Epoch 13/30:  62%|██████████████████           | 36/58 [00:02<00:01, 18.65it/s, loss=5075273.0000]
  Epoch 13/30:  62%|██████████████████           | 36/58 [00:02<00:01, 18.65it/s, loss=4426201.0000]
  Epoch 13/30:  62%|██████████████████           | 36/58 [00:02<00:01, 18.65it/s, loss=5176421.0000]
  Epoch 13/30:  66%|███████████████████          | 38/58 [00:02<00:01, 17.61it/s, loss=5176421.0000]
  Epoch 13/30:  66%|███████████████████          | 38/58 [00:02<00:01, 17.61it/s, loss=5846217.5000]
  Epoch 13/30:  66%|███████████████████          | 38/58 [00:02<00:01, 17.61it/s, loss=4286279.5000]
  Epoch 13/30:  69%|████████████████████         | 40/58 [00:02<00:01, 16.97it/s, loss=4286279.5000]
  Epoch 13/30:  69%|████████████████████         | 40/58 [00:02<00:01, 16.97it/s, loss=4906553.5000]
  Epoch 13/30:  69%|████████████████████         | 40/58 [00:02<00:01, 16.97it/s, loss=4636962.0000]
  Epoch 13/30:  72%|█████████████████████        | 42/58 [00:02<00:00, 17.28it/s, loss=4636962.0000]
  Epoch 13/30:  72%|█████████████████████        | 42/58 [00:02<00:00, 17.28it/s, loss=4820019.5000]
  Epoch 13/30:  72%|█████████████████████        | 42/58 [00:02<00:00, 17.28it/s, loss=5139160.0000]
  Epoch 13/30:  76%|██████████████████████       | 44/58 [00:02<00:00, 16.81it/s, loss=5139160.0000]
  Epoch 13/30:  76%|██████████████████████       | 44/58 [00:02<00:00, 16.81it/s, loss=4906303.5000]
  Epoch 13/30:  76%|██████████████████████       | 44/58 [00:02<00:00, 16.81it/s, loss=4372186.0000]
  Epoch 13/30:  79%|███████████████████████      | 46/58 [00:02<00:00, 17.01it/s, loss=4372186.0000]
  Epoch 13/30:  79%|███████████████████████      | 46/58 [00:02<00:00, 17.01it/s, loss=5308603.0000]
  Epoch 13/30:  79%|███████████████████████      | 46/58 [00:02<00:00, 17.01it/s, loss=4255817.5000]
  Epoch 13/30:  83%|████████████████████████     | 48/58 [00:02<00:00, 16.57it/s, loss=4255817.5000]
  Epoch 13/30:  83%|████████████████████████     | 48/58 [00:02<00:00, 16.57it/s, loss=3987321.7500]
  Epoch 13/30:  83%|████████████████████████     | 48/58 [00:02<00:00, 16.57it/s, loss=4128117.7500]
  Epoch 13/30:  86%|█████████████████████████    | 50/58 [00:02<00:00, 16.44it/s, loss=4128117.7500]
  Epoch 13/30:  86%|█████████████████████████    | 50/58 [00:02<00:00, 16.44it/s, loss=4042207.5000]
  Epoch 13/30:  86%|█████████████████████████    | 50/58 [00:03<00:00, 16.44it/s, loss=4786707.0000]
  Epoch 13/30:  90%|██████████████████████████   | 52/58 [00:03<00:00, 16.32it/s, loss=4786707.0000]
  Epoch 13/30:  90%|██████████████████████████   | 52/58 [00:03<00:00, 16.32it/s, loss=4822481.5000]
  Epoch 13/30:  90%|██████████████████████████   | 52/58 [00:03<00:00, 16.32it/s, loss=4660981.0000]
  Epoch 13/30:  93%|███████████████████████████  | 54/58 [00:03<00:00, 16.27it/s, loss=4660981.0000]
  Epoch 13/30:  93%|███████████████████████████  | 54/58 [00:03<00:00, 16.27it/s, loss=4381611.5000]
  Epoch 13/30:  93%|███████████████████████████  | 54/58 [00:03<00:00, 16.27it/s, loss=4509313.0000]
  Epoch 13/30:  97%|████████████████████████████ | 56/58 [00:03<00:00, 16.01it/s, loss=4509313.0000]
  Epoch 13/30:  97%|████████████████████████████ | 56/58 [00:03<00:00, 16.01it/s, loss=4881396.0000]
  Epoch 13/30:  97%|████████████████████████████ | 56/58 [00:03<00:00, 16.01it/s, loss=5470065.5000]
  Epoch 13/30: 100%|█████████████████████████████| 58/58 [00:03<00:00, 16.59it/s, loss=5470065.5000]
                                                                                                    

  Epoch 14/30:   0%|                                                         | 0/58 [00:00<?, ?it/s]
  Epoch 14/30:   0%|                                      | 0/58 [00:00<?, ?it/s, loss=3950736.5000]
  Epoch 14/30:   0%|                                      | 0/58 [00:00<?, ?it/s, loss=4231674.0000]
  Epoch 14/30:   3%|█                             | 2/58 [00:00<00:03, 15.22it/s, loss=4231674.0000]
  Epoch 14/30:   3%|█                             | 2/58 [00:00<00:03, 15.22it/s, loss=4599073.5000]
  Epoch 14/30:   3%|█                             | 2/58 [00:00<00:03, 15.22it/s, loss=4020539.7500]
  Epoch 14/30:   7%|██                            | 4/58 [00:00<00:03, 17.33it/s, loss=4020539.7500]
  Epoch 14/30:   7%|██                            | 4/58 [00:00<00:03, 17.33it/s, loss=4281140.0000]
  Epoch 14/30:   7%|██                            | 4/58 [00:00<00:03, 17.33it/s, loss=4363488.5000]
  Epoch 14/30:  10%|███                           | 6/58 [00:00<00:03, 16.82it/s, loss=4363488.5000]
  Epoch 14/30:  10%|███                           | 6/58 [00:00<00:03, 16.82it/s, loss=4500371.5000]
  Epoch 14/30:  10%|███                           | 6/58 [00:00<00:03, 16.82it/s, loss=4405666.0000]
  Epoch 14/30:  14%|████▏                         | 8/58 [00:00<00:03, 16.50it/s, loss=4405666.0000]
  Epoch 14/30:  14%|████▏                         | 8/58 [00:00<00:03, 16.50it/s, loss=4595179.0000]
  Epoch 14/30:  14%|████▏                         | 8/58 [00:00<00:03, 16.50it/s, loss=4201530.0000]
  Epoch 14/30:  17%|█████                        | 10/58 [00:00<00:02, 17.51it/s, loss=4201530.0000]
  Epoch 14/30:  17%|█████                        | 10/58 [00:00<00:02, 17.51it/s, loss=4228107.0000]
  Epoch 14/30:  17%|█████                        | 10/58 [00:00<00:02, 17.51it/s, loss=4479402.0000]
  Epoch 14/30:  21%|██████                       | 12/58 [00:00<00:02, 17.78it/s, loss=4479402.0000]
  Epoch 14/30:  21%|██████                       | 12/58 [00:00<00:02, 17.78it/s, loss=3770164.7500]
  Epoch 14/30:  21%|██████                       | 12/58 [00:00<00:02, 17.78it/s, loss=4330621.5000]
  Epoch 14/30:  24%|███████                      | 14/58 [00:00<00:02, 17.21it/s, loss=4330621.5000]
  Epoch 14/30:  24%|███████                      | 14/58 [00:00<00:02, 17.21it/s, loss=4567163.5000]
  Epoch 14/30:  24%|███████                      | 14/58 [00:00<00:02, 17.21it/s, loss=4126123.5000]
  Epoch 14/30:  28%|████████                     | 16/58 [00:00<00:02, 16.43it/s, loss=4126123.5000]
  Epoch 14/30:  28%|████████                     | 16/58 [00:01<00:02, 16.43it/s, loss=3919668.5000]
  Epoch 14/30:  28%|████████                     | 16/58 [00:01<00:02, 16.43it/s, loss=3906565.5000]
  Epoch 14/30:  31%|█████████                    | 18/58 [00:01<00:02, 16.13it/s, loss=3906565.5000]
  Epoch 14/30:  31%|█████████                    | 18/58 [00:01<00:02, 16.13it/s, loss=4018518.5000]
  Epoch 14/30:  31%|█████████                    | 18/58 [00:01<00:02, 16.13it/s, loss=3686040.0000]
  Epoch 14/30:  34%|██████████                   | 20/58 [00:01<00:02, 16.15it/s, loss=3686040.0000]
  Epoch 14/30:  34%|██████████                   | 20/58 [00:01<00:02, 16.15it/s, loss=4294267.0000]
  Epoch 14/30:  34%|██████████                   | 20/58 [00:01<00:02, 16.15it/s, loss=3497828.0000]
  Epoch 14/30:  38%|███████████                  | 22/58 [00:01<00:02, 16.07it/s, loss=3497828.0000]
  Epoch 14/30:  38%|███████████                  | 22/58 [00:01<00:02, 16.07it/s, loss=4424229.0000]
  Epoch 14/30:  38%|███████████                  | 22/58 [00:01<00:02, 16.07it/s, loss=4301369.0000]
  Epoch 14/30:  38%|███████████                  | 22/58 [00:01<00:02, 16.07it/s, loss=3898542.7500]
  Epoch 14/30:  43%|████████████▌                | 25/58 [00:01<00:01, 17.42it/s, loss=3898542.7500]
  Epoch 14/30:  43%|████████████▌                | 25/58 [00:01<00:01, 17.42it/s, loss=4470706.5000]
  Epoch 14/30:  43%|████████████▌                | 25/58 [00:01<00:01, 17.42it/s, loss=4144780.7500]
  Epoch 14/30:  47%|█████████████▌               | 27/58 [00:01<00:01, 16.56it/s, loss=4144780.7500]
  Epoch 14/30:  47%|█████████████▌               | 27/58 [00:01<00:01, 16.56it/s, loss=3935186.7500]
  Epoch 14/30:  47%|█████████████▌               | 27/58 [00:01<00:01, 16.56it/s, loss=3513177.7500]
  Epoch 14/30:  50%|██████████████▌              | 29/58 [00:01<00:01, 15.78it/s, loss=3513177.7500]
  Epoch 14/30:  50%|██████████████▌              | 29/58 [00:01<00:01, 15.78it/s, loss=3313620.0000]
  Epoch 14/30:  50%|██████████████▌              | 29/58 [00:01<00:01, 15.78it/s, loss=3703509.5000]
  Epoch 14/30:  53%|███████████████▍             | 31/58 [00:01<00:01, 15.56it/s, loss=3703509.5000]
  Epoch 14/30:  53%|███████████████▍             | 31/58 [00:01<00:01, 15.56it/s, loss=4385867.5000]
  Epoch 14/30:  53%|███████████████▍             | 31/58 [00:02<00:01, 15.56it/s, loss=4078388.0000]
  Epoch 14/30:  57%|████████████████▌            | 33/58 [00:02<00:01, 15.16it/s, loss=4078388.0000]
  Epoch 14/30:  57%|████████████████▌            | 33/58 [00:02<00:01, 15.16it/s, loss=3833622.0000]
  Epoch 14/30:  57%|████████████████▌            | 33/58 [00:02<00:01, 15.16it/s, loss=3741360.7500]
  Epoch 14/30:  60%|█████████████████▌           | 35/58 [00:02<00:01, 15.09it/s, loss=3741360.7500]
  Epoch 14/30:  60%|█████████████████▌           | 35/58 [00:02<00:01, 15.09it/s, loss=3432142.7500]
  Epoch 14/30:  60%|█████████████████▌           | 35/58 [00:02<00:01, 15.09it/s, loss=3388902.0000]
  Epoch 14/30:  64%|██████████████████▌          | 37/58 [00:02<00:01, 15.60it/s, loss=3388902.0000]
  Epoch 14/30:  64%|██████████████████▌          | 37/58 [00:02<00:01, 15.60it/s, loss=3237484.7500]
  Epoch 14/30:  64%|██████████████████▌          | 37/58 [00:02<00:01, 15.60it/s, loss=3440786.7500]
  Epoch 14/30:  67%|███████████████████▌         | 39/58 [00:02<00:01, 15.34it/s, loss=3440786.7500]
  Epoch 14/30:  67%|███████████████████▌         | 39/58 [00:02<00:01, 15.34it/s, loss=2892074.0000]
  Epoch 14/30:  67%|███████████████████▌         | 39/58 [00:02<00:01, 15.34it/s, loss=3890876.0000]
  Epoch 14/30:  71%|████████████████████▌        | 41/58 [00:02<00:01, 15.42it/s, loss=3890876.0000]
  Epoch 14/30:  71%|████████████████████▌        | 41/58 [00:02<00:01, 15.42it/s, loss=3592574.0000]
  Epoch 14/30:  71%|████████████████████▌        | 41/58 [00:02<00:01, 15.42it/s, loss=3304241.7500]
  Epoch 14/30:  74%|█████████████████████▌       | 43/58 [00:02<00:01, 14.87it/s, loss=3304241.7500]
  Epoch 14/30:  74%|█████████████████████▌       | 43/58 [00:02<00:01, 14.87it/s, loss=3493366.7500]
  Epoch 14/30:  74%|█████████████████████▌       | 43/58 [00:02<00:01, 14.87it/s, loss=3052273.5000]
  Epoch 14/30:  78%|██████████████████████▌      | 45/58 [00:02<00:00, 14.82it/s, loss=3052273.5000]
  Epoch 14/30:  78%|██████████████████████▌      | 45/58 [00:02<00:00, 14.82it/s, loss=3500109.5000]
  Epoch 14/30:  78%|██████████████████████▌      | 45/58 [00:02<00:00, 14.82it/s, loss=3480798.0000]
  Epoch 14/30:  81%|███████████████████████▌     | 47/58 [00:02<00:00, 15.66it/s, loss=3480798.0000]
  Epoch 14/30:  81%|███████████████████████▌     | 47/58 [00:03<00:00, 15.66it/s, loss=3796537.5000]
  Epoch 14/30:  81%|███████████████████████▌     | 47/58 [00:03<00:00, 15.66it/s, loss=3681875.5000]
  Epoch 14/30:  84%|████████████████████████▌    | 49/58 [00:03<00:00, 15.13it/s, loss=3681875.5000]
  Epoch 14/30:  84%|████████████████████████▌    | 49/58 [00:03<00:00, 15.13it/s, loss=3488603.5000]
  Epoch 14/30:  84%|████████████████████████▌    | 49/58 [00:03<00:00, 15.13it/s, loss=3453027.0000]
  Epoch 14/30:  88%|█████████████████████████▌   | 51/58 [00:03<00:00, 15.22it/s, loss=3453027.0000]
  Epoch 14/30:  88%|█████████████████████████▌   | 51/58 [00:03<00:00, 15.22it/s, loss=2972640.0000]
  Epoch 14/30:  88%|█████████████████████████▌   | 51/58 [00:03<00:00, 15.22it/s, loss=3087168.0000]
  Epoch 14/30:  91%|██████████████████████████▌  | 53/58 [00:03<00:00, 15.20it/s, loss=3087168.0000]
  Epoch 14/30:  91%|██████████████████████████▌  | 53/58 [00:03<00:00, 15.20it/s, loss=3536817.0000]
  Epoch 14/30:  91%|██████████████████████████▌  | 53/58 [00:03<00:00, 15.20it/s, loss=3464685.5000]
  Epoch 14/30:  95%|███████████████████████████▌ | 55/58 [00:03<00:00, 15.89it/s, loss=3464685.5000]
  Epoch 14/30:  95%|███████████████████████████▌ | 55/58 [00:03<00:00, 15.89it/s, loss=3300071.7500]
  Epoch 14/30:  95%|███████████████████████████▌ | 55/58 [00:03<00:00, 15.89it/s, loss=2875429.7500]
  Epoch 14/30:  98%|████████████████████████████▌| 57/58 [00:03<00:00, 15.89it/s, loss=2875429.7500]
  Epoch 14/30:  98%|████████████████████████████▌| 57/58 [00:03<00:00, 15.89it/s, loss=3131550.7500]
                                                                                                    

  Epoch 15/30:   0%|                                                         | 0/58 [00:00<?, ?it/s]
  Epoch 15/30:   0%|                                      | 0/58 [00:00<?, ?it/s, loss=3430501.5000]
  Epoch 15/30:   0%|                                      | 0/58 [00:00<?, ?it/s, loss=2872872.0000]
  Epoch 15/30:   3%|█                             | 2/58 [00:00<00:03, 15.72it/s, loss=2872872.0000]
  Epoch 15/30:   3%|█                             | 2/58 [00:00<00:03, 15.72it/s, loss=3131410.5000]
  Epoch 15/30:   3%|█                             | 2/58 [00:00<00:03, 15.72it/s, loss=3147606.0000]
  Epoch 15/30:   7%|██                            | 4/58 [00:00<00:05,  9.83it/s, loss=3147606.0000]
  Epoch 15/30:   7%|██                            | 4/58 [00:00<00:05,  9.83it/s, loss=2722806.5000]
  Epoch 15/30:   7%|██                            | 4/58 [00:00<00:05,  9.83it/s, loss=2937063.0000]
  Epoch 15/30:  10%|███                           | 6/58 [00:00<00:04, 11.88it/s, loss=2937063.0000]
  Epoch 15/30:  10%|███                           | 6/58 [00:00<00:04, 11.88it/s, loss=3391302.0000]
  Epoch 15/30:  10%|███                           | 6/58 [00:00<00:04, 11.88it/s, loss=3154253.5000]
  Epoch 15/30:  14%|████▏                         | 8/58 [00:00<00:03, 12.91it/s, loss=3154253.5000]
  Epoch 15/30:  14%|████▏                         | 8/58 [00:00<00:03, 12.91it/s, loss=3112934.0000]
  Epoch 15/30:  14%|████▏                         | 8/58 [00:00<00:03, 12.91it/s, loss=3232354.5000]
  Epoch 15/30:  17%|█████                        | 10/58 [00:00<00:03, 13.94it/s, loss=3232354.5000]
  Epoch 15/30:  17%|█████                        | 10/58 [00:00<00:03, 13.94it/s, loss=3159637.5000]
  Epoch 15/30:  17%|█████                        | 10/58 [00:00<00:03, 13.94it/s, loss=3271090.7500]
  Epoch 15/30:  21%|██████                       | 12/58 [00:00<00:03, 14.03it/s, loss=3271090.7500]
  Epoch 15/30:  21%|██████                       | 12/58 [00:00<00:03, 14.03it/s, loss=3341224.0000]
  Epoch 15/30:  21%|██████                       | 12/58 [00:01<00:03, 14.03it/s, loss=2985070.7500]
  Epoch 15/30:  24%|███████                      | 14/58 [00:01<00:03, 14.44it/s, loss=2985070.7500]
  Epoch 15/30:  24%|███████                      | 14/58 [00:01<00:03, 14.44it/s, loss=3022194.7500]
  Epoch 15/30:  24%|███████                      | 14/58 [00:01<00:03, 14.44it/s, loss=2929142.5000]
  Epoch 15/30:  28%|████████                     | 16/58 [00:01<00:02, 14.80it/s, loss=2929142.5000]
  Epoch 15/30:  28%|████████                     | 16/58 [00:01<00:02, 14.80it/s, loss=3101854.5000]
  Epoch 15/30:  28%|████████                     | 16/58 [00:01<00:02, 14.80it/s, loss=3141972.7500]
  Epoch 15/30:  31%|█████████                    | 18/58 [00:01<00:02, 15.01it/s, loss=3141972.7500]
  Epoch 15/30:  31%|█████████                    | 18/58 [00:01<00:02, 15.01it/s, loss=3080054.7500]
  Epoch 15/30:  31%|█████████                    | 18/58 [00:01<00:02, 15.01it/s, loss=2731644.5000]
  Epoch 15/30:  34%|██████████                   | 20/58 [00:01<00:02, 15.26it/s, loss=2731644.5000]
  Epoch 15/30:  34%|██████████                   | 20/58 [00:01<00:02, 15.26it/s, loss=2903005.7500]
  Epoch 15/30:  34%|██████████                   | 20/58 [00:01<00:02, 15.26it/s, loss=3007359.5000]
  Epoch 15/30:  38%|███████████                  | 22/58 [00:01<00:02, 15.00it/s, loss=3007359.5000]
  Epoch 15/30:  38%|███████████                  | 22/58 [00:01<00:02, 15.00it/s, loss=2811461.0000]
  Epoch 15/30:  38%|███████████                  | 22/58 [00:01<00:02, 15.00it/s, loss=2832674.0000]
  Epoch 15/30:  41%|████████████                 | 24/58 [00:01<00:02, 15.56it/s, loss=2832674.0000]
  Epoch 15/30:  41%|████████████                 | 24/58 [00:01<00:02, 15.56it/s, loss=2901794.5000]
  Epoch 15/30:  41%|████████████                 | 24/58 [00:01<00:02, 15.56it/s, loss=2955702.0000]
  Epoch 15/30:  45%|█████████████                | 26/58 [00:01<00:02, 15.41it/s, loss=2955702.0000]
  Epoch 15/30:  45%|█████████████                | 26/58 [00:01<00:02, 15.41it/s, loss=2955109.5000]
  Epoch 15/30:  45%|█████████████                | 26/58 [00:01<00:02, 15.41it/s, loss=2482915.5000]
  Epoch 15/30:  48%|██████████████               | 28/58 [00:01<00:01, 15.20it/s, loss=2482915.5000]
  Epoch 15/30:  48%|██████████████               | 28/58 [00:02<00:01, 15.20it/s, loss=2577737.0000]
  Epoch 15/30:  48%|██████████████               | 28/58 [00:02<00:01, 15.20it/s, loss=3098690.0000]
  Epoch 15/30:  52%|███████████████              | 30/58 [00:02<00:01, 15.00it/s, loss=3098690.0000]
  Epoch 15/30:  52%|███████████████              | 30/58 [00:02<00:01, 15.00it/s, loss=2629630.5000]
  Epoch 15/30:  52%|███████████████              | 30/58 [00:02<00:01, 15.00it/s, loss=2551831.7500]
  Epoch 15/30:  55%|████████████████             | 32/58 [00:02<00:01, 15.30it/s, loss=2551831.7500]
  Epoch 15/30:  55%|████████████████             | 32/58 [00:02<00:01, 15.30it/s, loss=2992869.7500]
  Epoch 15/30:  55%|████████████████             | 32/58 [00:02<00:01, 15.30it/s, loss=3302849.0000]
  Epoch 15/30:  59%|█████████████████            | 34/58 [00:02<00:01, 15.11it/s, loss=3302849.0000]
  Epoch 15/30:  59%|█████████████████            | 34/58 [00:02<00:01, 15.11it/s, loss=3130960.7500]
  Epoch 15/30:  59%|█████████████████            | 34/58 [00:02<00:01, 15.11it/s, loss=2758018.7500]
  Epoch 15/30:  62%|██████████████████           | 36/58 [00:02<00:01, 15.48it/s, loss=2758018.7500]
  Epoch 15/30:  62%|██████████████████           | 36/58 [00:02<00:01, 15.48it/s, loss=3085141.0000]
  Epoch 15/30:  62%|██████████████████           | 36/58 [00:02<00:01, 15.48it/s, loss=2708427.0000]
  Epoch 15/30:  66%|███████████████████          | 38/58 [00:02<00:01, 15.45it/s, loss=2708427.0000]
  Epoch 15/30:  66%|███████████████████          | 38/58 [00:02<00:01, 15.45it/s, loss=2873456.0000]
  Epoch 15/30:  66%|███████████████████          | 38/58 [00:02<00:01, 15.45it/s, loss=2843676.5000]
  Epoch 15/30:  69%|████████████████████         | 40/58 [00:02<00:01, 15.56it/s, loss=2843676.5000]
  Epoch 15/30:  69%|████████████████████         | 40/58 [00:02<00:01, 15.56it/s, loss=2338985.0000]
  Epoch 15/30:  69%|████████████████████         | 40/58 [00:02<00:01, 15.56it/s, loss=2316208.2500]
  Epoch 15/30:  72%|█████████████████████        | 42/58 [00:02<00:00, 16.31it/s, loss=2316208.2500]
  Epoch 15/30:  72%|█████████████████████        | 42/58 [00:02<00:00, 16.31it/s, loss=2395374.0000]
  Epoch 15/30:  72%|█████████████████████        | 42/58 [00:02<00:00, 16.31it/s, loss=2462271.7500]
  Epoch 15/30:  72%|█████████████████████        | 42/58 [00:02<00:00, 16.31it/s, loss=2882600.7500]
  Epoch 15/30:  78%|██████████████████████▌      | 45/58 [00:02<00:00, 18.12it/s, loss=2882600.7500]
  Epoch 15/30:  78%|██████████████████████▌      | 45/58 [00:03<00:00, 18.12it/s, loss=2762910.7500]
  Epoch 15/30:  78%|██████████████████████▌      | 45/58 [00:03<00:00, 18.12it/s, loss=2532014.0000]
  Epoch 15/30:  78%|██████████████████████▌      | 45/58 [00:03<00:00, 18.12it/s, loss=2663273.7500]
  Epoch 15/30:  83%|████████████████████████     | 48/58 [00:03<00:00, 19.75it/s, loss=2663273.7500]
  Epoch 15/30:  83%|████████████████████████     | 48/58 [00:03<00:00, 19.75it/s, loss=2681234.5000]
  Epoch 15/30:  83%|████████████████████████     | 48/58 [00:03<00:00, 19.75it/s, loss=2559076.7500]
  Epoch 15/30:  86%|█████████████████████████    | 50/58 [00:03<00:00, 18.00it/s, loss=2559076.7500]
  Epoch 15/30:  86%|█████████████████████████    | 50/58 [00:03<00:00, 18.00it/s, loss=2955763.5000]
  Epoch 15/30:  86%|█████████████████████████    | 50/58 [00:03<00:00, 18.00it/s, loss=2489608.0000]
  Epoch 15/30:  90%|██████████████████████████   | 52/58 [00:03<00:00, 17.22it/s, loss=2489608.0000]
  Epoch 15/30:  90%|██████████████████████████   | 52/58 [00:03<00:00, 17.22it/s, loss=2273717.0000]
  Epoch 15/30:  90%|██████████████████████████   | 52/58 [00:03<00:00, 17.22it/s, loss=2332996.5000]
  Epoch 15/30:  93%|███████████████████████████  | 54/58 [00:03<00:00, 16.67it/s, loss=2332996.5000]
  Epoch 15/30:  93%|███████████████████████████  | 54/58 [00:03<00:00, 16.67it/s, loss=2393243.0000]
  Epoch 15/30:  93%|███████████████████████████  | 54/58 [00:03<00:00, 16.67it/s, loss=2496054.5000]
  Epoch 15/30:  97%|████████████████████████████ | 56/58 [00:03<00:00, 16.04it/s, loss=2496054.5000]
  Epoch 15/30:  97%|████████████████████████████ | 56/58 [00:03<00:00, 16.04it/s, loss=2733995.0000]
  Epoch 15/30:  97%|████████████████████████████ | 56/58 [00:03<00:00, 16.04it/s, loss=3796030.0000]
                                                                                                    
  Epoch 15/30 │ Loss: 2868373.3966 │ T+1: -665511296.0000 │ T+2: -272749280.0000 │ T+3: -2028124800.0000 ★ NEW BEST

  Epoch 16/30:   0%|                                                         | 0/58 [00:00<?, ?it/s]
  Epoch 16/30:   0%|                                      | 0/58 [00:00<?, ?it/s, loss=2775769.7500]
  Epoch 16/30:   0%|                                      | 0/58 [00:00<?, ?it/s, loss=2636847.5000]
  Epoch 16/30:   3%|█                             | 2/58 [00:00<00:03, 15.67it/s, loss=2636847.5000]
  Epoch 16/30:   3%|█                             | 2/58 [00:00<00:03, 15.67it/s, loss=2343502.0000]
  Epoch 16/30:   3%|█                             | 2/58 [00:00<00:03, 15.67it/s, loss=2575247.5000]
  Epoch 16/30:   7%|██                            | 4/58 [00:00<00:03, 15.49it/s, loss=2575247.5000]
  Epoch 16/30:   7%|██                            | 4/58 [00:00<00:03, 15.49it/s, loss=2540447.0000]
  Epoch 16/30:   7%|██                            | 4/58 [00:00<00:03, 15.49it/s, loss=2506640.5000]
  Epoch 16/30:  10%|███                           | 6/58 [00:00<00:03, 15.61it/s, loss=2506640.5000]
  Epoch 16/30:  10%|███                           | 6/58 [00:00<00:03, 15.61it/s, loss=2340419.5000]
  Epoch 16/30:  10%|███                           | 6/58 [00:00<00:03, 15.61it/s, loss=2371235.0000]
  Epoch 16/30:  14%|████▏                         | 8/58 [00:00<00:03, 15.22it/s, loss=2371235.0000]
  Epoch 16/30:  14%|████▏                         | 8/58 [00:00<00:03, 15.22it/s, loss=2040174.3750]
  Epoch 16/30:  14%|████▏                         | 8/58 [00:00<00:03, 15.22it/s, loss=2484611.7500]
  Epoch 16/30:  17%|█████                        | 10/58 [00:00<00:03, 14.68it/s, loss=2484611.7500]
  Epoch 16/30:  17%|█████                        | 10/58 [00:00<00:03, 14.68it/s, loss=2422435.7500]
  Epoch 16/30:  17%|█████                        | 10/58 [00:00<00:03, 14.68it/s, loss=2331927.5000]
  Epoch 16/30:  21%|██████                       | 12/58 [00:00<00:03, 14.40it/s, loss=2331927.5000]
  Epoch 16/30:  21%|██████                       | 12/58 [00:00<00:03, 14.40it/s, loss=2157064.0000]
  Epoch 16/30:  21%|██████                       | 12/58 [00:00<00:03, 14.40it/s, loss=2295870.7500]
  Epoch 16/30:  24%|███████                      | 14/58 [00:00<00:03, 14.39it/s, loss=2295870.7500]
  Epoch 16/30:  24%|███████                      | 14/58 [00:01<00:03, 14.39it/s, loss=1930512.5000]
  Epoch 16/30:  24%|███████                      | 14/58 [00:01<00:03, 14.39it/s, loss=2133675.0000]
  Epoch 16/30:  28%|████████                     | 16/58 [00:01<00:02, 14.63it/s, loss=2133675.0000]
  Epoch 16/30:  28%|████████                     | 16/58 [00:01<00:02, 14.63it/s, loss=2058297.2500]
  Epoch 16/30:  28%|████████                     | 16/58 [00:01<00:02, 14.63it/s, loss=2529355.5000]
  Epoch 16/30:  31%|█████████                    | 18/58 [00:01<00:02, 14.82it/s, loss=2529355.5000]
  Epoch 16/30:  31%|█████████                    | 18/58 [00:01<00:02, 14.82it/s, loss=2132988.0000]
  Epoch 16/30:  31%|█████████                    | 18/58 [00:01<00:02, 14.82it/s, loss=2157144.7500]
  Epoch 16/30:  34%|██████████                   | 20/58 [00:01<00:02, 15.17it/s, loss=2157144.7500]
  Epoch 16/30:  34%|██████████                   | 20/58 [00:01<00:02, 15.17it/s, loss=2290123.7500]
  Epoch 16/30:  34%|██████████                   | 20/58 [00:01<00:02, 15.17it/s, loss=2302677.7500]
  Epoch 16/30:  38%|███████████                  | 22/58 [00:01<00:02, 15.48it/s, loss=2302677.7500]
  Epoch 16/30:  38%|███████████                  | 22/58 [00:01<00:02, 15.48it/s, loss=2134035.5000]
  Epoch 16/30:  38%|███████████                  | 22/58 [00:01<00:02, 15.48it/s, loss=2189269.0000]
  Epoch 16/30:  41%|████████████                 | 24/58 [00:01<00:02, 15.71it/s, loss=2189269.0000]
  Epoch 16/30:  41%|████████████                 | 24/58 [00:01<00:02, 15.71it/s, loss=2271866.0000]
  Epoch 16/30:  41%|████████████                 | 24/58 [00:01<00:02, 15.71it/s, loss=2095242.2500]
  Epoch 16/30:  45%|█████████████                | 26/58 [00:01<00:02, 15.58it/s, loss=2095242.2500]
  Epoch 16/30:  45%|█████████████                | 26/58 [00:01<00:02, 15.58it/s, loss=2366671.0000]
  Epoch 16/30:  45%|█████████████                | 26/58 [00:01<00:02, 15.58it/s, loss=2197322.5000]
  Epoch 16/30:  48%|██████████████               | 28/58 [00:01<00:01, 15.20it/s, loss=2197322.5000]
  Epoch 16/30:  48%|██████████████               | 28/58 [00:01<00:01, 15.20it/s, loss=2036275.8750]
  Epoch 16/30:  48%|██████████████               | 28/58 [00:01<00:01, 15.20it/s, loss=2232552.5000]
  Epoch 16/30:  52%|███████████████              | 30/58 [00:01<00:01, 15.27it/s, loss=2232552.5000]
  Epoch 16/30:  52%|███████████████              | 30/58 [00:02<00:01, 15.27it/s, loss=2017816.5000]
  Epoch 16/30:  52%|███████████████              | 30/58 [00:02<00:01, 15.27it/s, loss=2057570.5000]
  Epoch 16/30:  55%|████████████████             | 32/58 [00:02<00:01, 14.97it/s, loss=2057570.5000]
  Epoch 16/30:  55%|████████████████             | 32/58 [00:02<00:01, 14.97it/s, loss=2173369.0000]
  Epoch 16/30:  55%|████████████████             | 32/58 [00:02<00:01, 14.97it/s, loss=1974278.5000]
  Epoch 16/30:  59%|█████████████████            | 34/58 [00:02<00:01, 15.51it/s, loss=1974278.5000]
  Epoch 16/30:  59%|█████████████████            | 34/58 [00:02<00:01, 15.51it/s, loss=2466635.5000]
  Epoch 16/30:  59%|█████████████████            | 34/58 [00:02<00:01, 15.51it/s, loss=2546949.5000]
  Epoch 16/30:  62%|██████████████████           | 36/58 [00:02<00:01, 15.66it/s, loss=2546949.5000]
  Epoch 16/30:  62%|██████████████████           | 36/58 [00:02<00:01, 15.66it/s, loss=2010255.2500]
  Epoch 16/30:  62%|██████████████████           | 36/58 [00:02<00:01, 15.66it/s, loss=2150593.0000]
  Epoch 16/30:  66%|███████████████████          | 38/58 [00:02<00:01, 15.45it/s, loss=2150593.0000]
  Epoch 16/30:  66%|███████████████████          | 38/58 [00:02<00:01, 15.45it/s, loss=2052877.3750]
  Epoch 16/30:  66%|███████████████████          | 38/58 [00:02<00:01, 15.45it/s, loss=1839054.3750]
  Epoch 16/30:  69%|████████████████████         | 40/58 [00:02<00:01, 15.67it/s, loss=1839054.3750]
  Epoch 16/30:  69%|████████████████████         | 40/58 [00:02<00:01, 15.67it/s, loss=2079704.0000]
  Epoch 16/30:  69%|████████████████████         | 40/58 [00:02<00:01, 15.67it/s, loss=1733466.3750]
  Epoch 16/30:  72%|█████████████████████        | 42/58 [00:02<00:01, 15.81it/s, loss=1733466.3750]
  Epoch 16/30:  72%|█████████████████████        | 42/58 [00:02<00:01, 15.81it/s, loss=2201162.2500]
  Epoch 16/30:  72%|█████████████████████        | 42/58 [00:02<00:01, 15.81it/s, loss=1971592.0000]
  Epoch 16/30:  76%|██████████████████████       | 44/58 [00:02<00:00, 15.75it/s, loss=1971592.0000]
  Epoch 16/30:  76%|██████████████████████       | 44/58 [00:02<00:00, 15.75it/s, loss=2150627.5000]
  Epoch 16/30:  76%|██████████████████████       | 44/58 [00:03<00:00, 15.75it/s, loss=1703962.8750]
  Epoch 16/30:  79%|███████████████████████      | 46/58 [00:03<00:00, 15.58it/s, loss=1703962.8750]
  Epoch 16/30:  79%|███████████████████████      | 46/58 [00:03<00:00, 15.58it/s, loss=1947883.5000]
  Epoch 16/30:  79%|███████████████████████      | 46/58 [00:03<00:00, 15.58it/s, loss=2095354.0000]
  Epoch 16/30:  83%|████████████████████████     | 48/58 [00:03<00:00, 15.38it/s, loss=2095354.0000]
  Epoch 16/30:  83%|████████████████████████     | 48/58 [00:03<00:00, 15.38it/s, loss=1775170.7500]
  Epoch 16/30:  83%|████████████████████████     | 48/58 [00:03<00:00, 15.38it/s, loss=2082259.7500]
  Epoch 16/30:  86%|█████████████████████████    | 50/58 [00:03<00:00, 15.03it/s, loss=2082259.7500]
  Epoch 16/30:  86%|█████████████████████████    | 50/58 [00:03<00:00, 15.03it/s, loss=1751325.5000]
  Epoch 16/30:  86%|█████████████████████████    | 50/58 [00:03<00:00, 15.03it/s, loss=1863685.0000]
  Epoch 16/30:  90%|██████████████████████████   | 52/58 [00:03<00:00, 15.06it/s, loss=1863685.0000]
  Epoch 16/30:  90%|██████████████████████████   | 52/58 [00:03<00:00, 15.06it/s, loss=1802352.8750]
  Epoch 16/30:  90%|██████████████████████████   | 52/58 [00:03<00:00, 15.06it/s, loss=1513942.3750]
  Epoch 16/30:  93%|███████████████████████████  | 54/58 [00:03<00:00, 15.24it/s, loss=1513942.3750]
  Epoch 16/30:  93%|███████████████████████████  | 54/58 [00:03<00:00, 15.24it/s, loss=1537474.2500]
  Epoch 16/30:  93%|███████████████████████████  | 54/58 [00:03<00:00, 15.24it/s, loss=2048097.2500]
  Epoch 16/30:  97%|████████████████████████████ | 56/58 [00:03<00:00, 15.29it/s, loss=2048097.2500]
  Epoch 16/30:  97%|████████████████████████████ | 56/58 [00:03<00:00, 15.29it/s, loss=1880335.3750]
  Epoch 16/30:  97%|████████████████████████████ | 56/58 [00:03<00:00, 15.29it/s, loss=1828467.5000]
  Epoch 16/30: 100%|█████████████████████████████| 58/58 [00:03<00:00, 16.22it/s, loss=1828467.5000]
                                                                                                    

  Epoch 17/30:   0%|                                                         | 0/58 [00:00<?, ?it/s]
  Epoch 17/30:   0%|                                      | 0/58 [00:00<?, ?it/s, loss=1855421.8750]
  Epoch 17/30:   0%|                                      | 0/58 [00:00<?, ?it/s, loss=1759419.8750]
  Epoch 17/30:   3%|█                             | 2/58 [00:00<00:03, 16.07it/s, loss=1759419.8750]
  Epoch 17/30:   3%|█                             | 2/58 [00:00<00:03, 16.07it/s, loss=1560216.7500]
  Epoch 17/30:   3%|█                             | 2/58 [00:00<00:03, 16.07it/s, loss=2225925.0000]
  Epoch 17/30:   7%|██                            | 4/58 [00:00<00:03, 15.20it/s, loss=2225925.0000]
  Epoch 17/30:   7%|██                            | 4/58 [00:00<00:03, 15.20it/s, loss=1774692.5000]
  Epoch 17/30:   7%|██                            | 4/58 [00:00<00:03, 15.20it/s, loss=1766656.7500]
  Epoch 17/30:  10%|███                           | 6/58 [00:00<00:03, 14.92it/s, loss=1766656.7500]
  Epoch 17/30:  10%|███                           | 6/58 [00:00<00:03, 14.92it/s, loss=1706116.7500]
  Epoch 17/30:  10%|███                           | 6/58 [00:00<00:03, 14.92it/s, loss=1612558.0000]
  Epoch 17/30:  14%|████▏                         | 8/58 [00:00<00:03, 15.12it/s, loss=1612558.0000]
  Epoch 17/30:  14%|████▏                         | 8/58 [00:00<00:03, 15.12it/s, loss=1617938.0000]
  Epoch 17/30:  14%|████▏                         | 8/58 [00:00<00:03, 15.12it/s, loss=1598847.2500]
  Epoch 17/30:  17%|█████                        | 10/58 [00:00<00:03, 14.95it/s, loss=1598847.2500]
  Epoch 17/30:  17%|█████                        | 10/58 [00:00<00:03, 14.95it/s, loss=1536352.8750]
  Epoch 17/30:  17%|█████                        | 10/58 [00:00<00:03, 14.95it/s, loss=1803231.7500]
  Epoch 17/30:  21%|██████                       | 12/58 [00:00<00:03, 15.01it/s, loss=1803231.7500]
  Epoch 17/30:  21%|██████                       | 12/58 [00:00<00:03, 15.01it/s, loss=1677691.0000]
  Epoch 17/30:  21%|██████                       | 12/58 [00:00<00:03, 15.01it/s, loss=1625337.5000]
  Epoch 17/30:  24%|███████                      | 14/58 [00:00<00:02, 15.26it/s, loss=1625337.5000]
  Epoch 17/30:  24%|███████                      | 14/58 [00:01<00:02, 15.26it/s, loss=1804346.3750]
  Epoch 17/30:  24%|███████                      | 14/58 [00:01<00:02, 15.26it/s, loss=1627134.0000]
  Epoch 17/30:  28%|████████                     | 16/58 [00:01<00:03, 12.93it/s, loss=1627134.0000]
  Epoch 17/30:  28%|████████                     | 16/58 [00:01<00:03, 12.93it/s, loss=1520435.0000]
  Epoch 17/30:  28%|████████                     | 16/58 [00:01<00:03, 12.93it/s, loss=1697621.7500]
  Epoch 17/30:  31%|█████████                    | 18/58 [00:01<00:02, 14.47it/s, loss=1697621.7500]
  Epoch 17/30:  31%|█████████                    | 18/58 [00:01<00:02, 14.47it/s, loss=1554710.3750]
  Epoch 17/30:  31%|█████████                    | 18/58 [00:01<00:02, 14.47it/s, loss=1609638.8750]
  Epoch 17/30:  34%|██████████                   | 20/58 [00:01<00:02, 15.28it/s, loss=1609638.8750]
  Epoch 17/30:  34%|██████████                   | 20/58 [00:01<00:02, 15.28it/s, loss=1957179.3750]
  Epoch 17/30:  34%|██████████                   | 20/58 [00:01<00:02, 15.28it/s, loss=1426752.3750]
  Epoch 17/30:  38%|███████████                  | 22/58 [00:01<00:02, 15.62it/s, loss=1426752.3750]
  Epoch 17/30:  38%|███████████                  | 22/58 [00:01<00:02, 15.62it/s, loss=1851646.0000]
  Epoch 17/30:  38%|███████████                  | 22/58 [00:01<00:02, 15.62it/s, loss=1617719.8750]
  Epoch 17/30:  41%|████████████                 | 24/58 [00:01<00:02, 15.58it/s, loss=1617719.8750]
  Epoch 17/30:  41%|████████████                 | 24/58 [00:01<00:02, 15.58it/s, loss=1718240.2500]
  Epoch 17/30:  41%|████████████                 | 24/58 [00:01<00:02, 15.58it/s, loss=1914869.5000]
  Epoch 17/30:  45%|█████████████                | 26/58 [00:01<00:02, 15.32it/s, loss=1914869.5000]
  Epoch 17/30:  45%|█████████████                | 26/58 [00:01<00:02, 15.32it/s, loss=1832548.8750]
  Epoch 17/30:  45%|█████████████                | 26/58 [00:01<00:02, 15.32it/s, loss=1695045.3750]
  Epoch 17/30:  48%|██████████████               | 28/58 [00:01<00:01, 15.67it/s, loss=1695045.3750]
  Epoch 17/30:  48%|██████████████               | 28/58 [00:01<00:01, 15.67it/s, loss=1661796.3750]
  Epoch 17/30:  48%|██████████████               | 28/58 [00:01<00:01, 15.67it/s, loss=1437058.0000]
  Epoch 17/30:  52%|███████████████              | 30/58 [00:01<00:01, 15.58it/s, loss=1437058.0000]
  Epoch 17/30:  52%|███████████████              | 30/58 [00:02<00:01, 15.58it/s, loss=1721998.7500]
  Epoch 17/30:  52%|███████████████              | 30/58 [00:02<00:01, 15.58it/s, loss=1460793.3750]
  Epoch 17/30:  55%|████████████████             | 32/58 [00:02<00:01, 15.62it/s, loss=1460793.3750]
  Epoch 17/30:  55%|████████████████             | 32/58 [00:02<00:01, 15.62it/s, loss=1604642.8750]
  Epoch 17/30:  55%|████████████████             | 32/58 [00:02<00:01, 15.62it/s, loss=1620957.0000]
  Epoch 17/30:  59%|█████████████████            | 34/58 [00:02<00:01, 15.33it/s, loss=1620957.0000]
  Epoch 17/30:  59%|█████████████████            | 34/58 [00:02<00:01, 15.33it/s, loss=1609171.8750]
  Epoch 17/30:  59%|█████████████████            | 34/58 [00:02<00:01, 15.33it/s, loss=1400637.0000]
  Epoch 17/30:  62%|██████████████████           | 36/58 [00:02<00:01, 15.51it/s, loss=1400637.0000]
  Epoch 17/30:  62%|██████████████████           | 36/58 [00:02<00:01, 15.51it/s, loss=1705056.2500]
  Epoch 17/30:  62%|██████████████████           | 36/58 [00:02<00:01, 15.51it/s, loss=1510424.3750]
  Epoch 17/30:  66%|███████████████████          | 38/58 [00:02<00:01, 15.59it/s, loss=1510424.3750]
  Epoch 17/30:  66%|███████████████████          | 38/58 [00:02<00:01, 15.59it/s, loss=1375568.2500]
  Epoch 17/30:  66%|███████████████████          | 38/58 [00:02<00:01, 15.59it/s, loss=1526012.3750]
  Epoch 17/30:  69%|████████████████████         | 40/58 [00:02<00:01, 15.73it/s, loss=1526012.3750]
  Epoch 17/30:  69%|████████████████████         | 40/58 [00:02<00:01, 15.73it/s, loss=1616448.8750]
  Epoch 17/30:  69%|████████████████████         | 40/58 [00:02<00:01, 15.73it/s, loss=1507190.8750]
  Epoch 17/30:  72%|█████████████████████        | 42/58 [00:02<00:01, 15.64it/s, loss=1507190.8750]
  Epoch 17/30:  72%|█████████████████████        | 42/58 [00:02<00:01, 15.64it/s, loss=1561017.7500]
  Epoch 17/30:  72%|█████████████████████        | 42/58 [00:02<00:01, 15.64it/s, loss=1340079.2500]
  Epoch 17/30:  76%|██████████████████████       | 44/58 [00:02<00:00, 15.33it/s, loss=1340079.2500]
  Epoch 17/30:  76%|██████████████████████       | 44/58 [00:02<00:00, 15.33it/s, loss=1454540.0000]
  Epoch 17/30:  76%|██████████████████████       | 44/58 [00:03<00:00, 15.33it/s, loss=1476088.5000]
  Epoch 17/30:  79%|███████████████████████      | 46/58 [00:03<00:00, 15.56it/s, loss=1476088.5000]
  Epoch 17/30:  79%|███████████████████████      | 46/58 [00:03<00:00, 15.56it/s, loss=1659217.5000]
  Epoch 17/30:  79%|███████████████████████      | 46/58 [00:03<00:00, 15.56it/s, loss=1548535.2500]
  Epoch 17/30:  83%|████████████████████████     | 48/58 [00:03<00:00, 15.50it/s, loss=1548535.2500]
  Epoch 17/30:  83%|████████████████████████     | 48/58 [00:03<00:00, 15.50it/s, loss=1449960.7500]
  Epoch 17/30:  83%|████████████████████████     | 48/58 [00:03<00:00, 15.50it/s, loss=1279347.7500]
  Epoch 17/30:  86%|█████████████████████████    | 50/58 [00:03<00:00, 15.48it/s, loss=1279347.7500]
  Epoch 17/30:  86%|█████████████████████████    | 50/58 [00:03<00:00, 15.48it/s, loss=1609446.5000]
  Epoch 17/30:  86%|█████████████████████████    | 50/58 [00:03<00:00, 15.48it/s, loss=1431966.3750]
  Epoch 17/30:  90%|██████████████████████████   | 52/58 [00:03<00:00, 15.92it/s, loss=1431966.3750]
  Epoch 17/30:  90%|██████████████████████████   | 52/58 [00:03<00:00, 15.92it/s, loss=1470029.7500]
  Epoch 17/30:  90%|██████████████████████████   | 52/58 [00:03<00:00, 15.92it/s, loss=1496233.5000]
  Epoch 17/30:  93%|███████████████████████████  | 54/58 [00:03<00:00, 15.49it/s, loss=1496233.5000]
  Epoch 17/30:  93%|███████████████████████████  | 54/58 [00:03<00:00, 15.49it/s, loss=1404184.8750]
  Epoch 17/30:  93%|███████████████████████████  | 54/58 [00:03<00:00, 15.49it/s, loss=1291206.2500]
  Epoch 17/30:  97%|████████████████████████████ | 56/58 [00:03<00:00, 15.83it/s, loss=1291206.2500]
  Epoch 17/30:  97%|████████████████████████████ | 56/58 [00:03<00:00, 15.83it/s, loss=1334341.2500]
  Epoch 17/30:  97%|████████████████████████████ | 56/58 [00:03<00:00, 15.83it/s, loss=1864535.3750]
                                                                                                    

  Epoch 18/30:   0%|                                                         | 0/58 [00:00<?, ?it/s]
  Epoch 18/30:   0%|                                      | 0/58 [00:00<?, ?it/s, loss=1255535.7500]
  Epoch 18/30:   0%|                                      | 0/58 [00:00<?, ?it/s, loss=1275658.5000]
  Epoch 18/30:   3%|█                             | 2/58 [00:00<00:03, 15.15it/s, loss=1275658.5000]
  Epoch 18/30:   3%|█                             | 2/58 [00:00<00:03, 15.15it/s, loss=1402698.0000]
  Epoch 18/30:   3%|█                             | 2/58 [00:00<00:03, 15.15it/s, loss=1169978.7500]
  Epoch 18/30:   7%|██                            | 4/58 [00:00<00:03, 15.30it/s, loss=1169978.7500]
  Epoch 18/30:   7%|██                            | 4/58 [00:00<00:03, 15.30it/s, loss=1338545.5000]
  Epoch 18/30:   7%|██                            | 4/58 [00:00<00:03, 15.30it/s, loss=1354124.8750]
  Epoch 18/30:  10%|███                           | 6/58 [00:00<00:03, 15.38it/s, loss=1354124.8750]
  Epoch 18/30:  10%|███                           | 6/58 [00:00<00:03, 15.38it/s, loss=1249501.2500]
  Epoch 18/30:  10%|███                           | 6/58 [00:00<00:03, 15.38it/s, loss=1405321.5000]
  Epoch 18/30:  14%|████▏                         | 8/58 [00:00<00:03, 15.64it/s, loss=1405321.5000]
  Epoch 18/30:  14%|████▏                         | 8/58 [00:00<00:03, 15.64it/s, loss=1414225.8750]
  Epoch 18/30:  14%|████▏                         | 8/58 [00:00<00:03, 15.64it/s, loss=1391183.2500]
  Epoch 18/30:  17%|█████                        | 10/58 [00:00<00:02, 16.28it/s, loss=1391183.2500]
  Epoch 18/30:  17%|█████                        | 10/58 [00:00<00:02, 16.28it/s, loss=1405684.5000]
  Epoch 18/30:  17%|█████                        | 10/58 [00:00<00:02, 16.28it/s, loss=1337273.7500]
  Epoch 18/30:  21%|██████                       | 12/58 [00:00<00:02, 15.53it/s, loss=1337273.7500]
  Epoch 18/30:  21%|██████                       | 12/58 [00:00<00:02, 15.53it/s, loss=1160283.5000]
  Epoch 18/30:  21%|██████                       | 12/58 [00:00<00:02, 15.53it/s, loss=1602546.7500]
  Epoch 18/30:  24%|███████                      | 14/58 [00:00<00:02, 15.77it/s, loss=1602546.7500]
  Epoch 18/30:  24%|███████                      | 14/58 [00:00<00:02, 15.77it/s, loss=1327155.7500]
  Epoch 18/30:  24%|███████                      | 14/58 [00:01<00:02, 15.77it/s, loss=1580254.0000]
  Epoch 18/30:  28%|████████                     | 16/58 [00:01<00:02, 15.54it/s, loss=1580254.0000]
  Epoch 18/30:  28%|████████                     | 16/58 [00:01<00:02, 15.54it/s, loss=1115422.5000]
  Epoch 18/30:  28%|████████                     | 16/58 [00:01<00:02, 15.54it/s, loss=1263443.1250]
  Epoch 18/30:  31%|█████████                    | 18/58 [00:01<00:02, 15.62it/s, loss=1263443.1250]
  Epoch 18/30:  31%|█████████                    | 18/58 [00:01<00:02, 15.62it/s, loss=1276783.7500]
  Epoch 18/30:  31%|█████████                    | 18/58 [00:01<00:02, 15.62it/s, loss=1212124.8750]
  Epoch 18/30:  34%|██████████                   | 20/58 [00:01<00:02, 15.36it/s, loss=1212124.8750]
  Epoch 18/30:  34%|██████████                   | 20/58 [00:01<00:02, 15.36it/s, loss=1272380.2500]
  Epoch 18/30:  34%|██████████                   | 20/58 [00:01<00:02, 15.36it/s, loss=1051673.3750]
  Epoch 18/30:  38%|███████████                  | 22/58 [00:01<00:02, 15.37it/s, loss=1051673.3750]
  Epoch 18/30:  38%|███████████                  | 22/58 [00:01<00:02, 15.37it/s, loss=1300955.7500]
  Epoch 18/30:  38%|███████████                  | 22/58 [00:01<00:02, 15.37it/s, loss=1327662.8750]
  Epoch 18/30:  41%|████████████                 | 24/58 [00:01<00:02, 15.27it/s, loss=1327662.8750]
  Epoch 18/30:  41%|████████████                 | 24/58 [00:01<00:02, 15.27it/s, loss=1113546.5000]
  Epoch 18/30:  41%|████████████                 | 24/58 [00:01<00:02, 15.27it/s, loss=1154045.3750]
  Epoch 18/30:  45%|█████████████                | 26/58 [00:01<00:02, 15.27it/s, loss=1154045.3750]
  Epoch 18/30:  45%|█████████████                | 26/58 [00:01<00:02, 15.27it/s, loss=1229503.2500]
  Epoch 18/30:  45%|█████████████                | 26/58 [00:01<00:02, 15.27it/s, loss=1171091.8750]
  Epoch 18/30:  48%|██████████████               | 28/58 [00:01<00:01, 15.62it/s, loss=1171091.8750]
  Epoch 18/30:  48%|██████████████               | 28/58 [00:01<00:01, 15.62it/s, loss=1139483.7500]
  Epoch 18/30:  48%|██████████████               | 28/58 [00:01<00:01, 15.62it/s, loss=1244201.7500]
  Epoch 18/30:  52%|███████████████              | 30/58 [00:01<00:01, 15.48it/s, loss=1244201.7500]
  Epoch 18/30:  52%|███████████████              | 30/58 [00:02<00:01, 15.48it/s, loss=1182870.8750]
  Epoch 18/30:  52%|███████████████              | 30/58 [00:02<00:01, 15.48it/s, loss=1191973.1250]
  Epoch 18/30:  55%|████████████████             | 32/58 [00:02<00:01, 15.14it/s, loss=1191973.1250]
  Epoch 18/30:  55%|████████████████             | 32/58 [00:02<00:01, 15.14it/s, loss=1181070.7500]
  Epoch 18/30:  55%|████████████████             | 32/58 [00:02<00:01, 15.14it/s, loss=1259989.2500]
  Epoch 18/30:  59%|█████████████████            | 34/58 [00:02<00:01, 15.02it/s, loss=1259989.2500]
  Epoch 18/30:  59%|█████████████████            | 34/58 [00:02<00:01, 15.02it/s, loss=1155383.2500]
  Epoch 18/30:  59%|█████████████████            | 34/58 [00:02<00:01, 15.02it/s, loss=1302343.2500]
  Epoch 18/30:  62%|██████████████████           | 36/58 [00:02<00:01, 15.10it/s, loss=1302343.2500]
  Epoch 18/30:  62%|██████████████████           | 36/58 [00:02<00:01, 15.10it/s, loss=1195950.5000]
  Epoch 18/30:  62%|██████████████████           | 36/58 [00:02<00:01, 15.10it/s, loss=1218679.0000]
  Epoch 18/30:  66%|███████████████████          | 38/58 [00:02<00:01, 14.98it/s, loss=1218679.0000]
  Epoch 18/30:  66%|███████████████████          | 38/58 [00:02<00:01, 14.98it/s, loss=1059274.0000]
  Epoch 18/30:  66%|███████████████████          | 38/58 [00:02<00:01, 14.98it/s, loss=1063367.8750]
  Epoch 18/30:  69%|████████████████████         | 40/58 [00:02<00:01, 15.02it/s, loss=1063367.8750]
  Epoch 18/30:  69%|████████████████████         | 40/58 [00:02<00:01, 15.02it/s, loss=1156540.2500]
  Epoch 18/30:  69%|████████████████████         | 40/58 [00:02<00:01, 15.02it/s, loss=1078764.8750]
  Epoch 18/30:  72%|█████████████████████        | 42/58 [00:02<00:01, 14.74it/s, loss=1078764.8750]
  Epoch 18/30:  72%|█████████████████████        | 42/58 [00:02<00:01, 14.74it/s, loss=1236435.0000]
  Epoch 18/30:  72%|█████████████████████        | 42/58 [00:02<00:01, 14.74it/s, loss=1005142.2500]
  Epoch 18/30:  76%|██████████████████████       | 44/58 [00:02<00:00, 14.78it/s, loss=1005142.2500]
  Epoch 18/30:  76%|██████████████████████       | 44/58 [00:02<00:00, 14.78it/s, loss=1119295.8750]
  Epoch 18/30:  76%|██████████████████████       | 44/58 [00:03<00:00, 14.78it/s, loss=1051680.1250]
  Epoch 18/30:  79%|███████████████████████      | 46/58 [00:03<00:00, 15.06it/s, loss=1051680.1250]
  Epoch 18/30:  79%|███████████████████████      | 46/58 [00:03<00:00, 15.06it/s, loss=1182725.6250]
  Epoch 18/30:  79%|███████████████████████      | 46/58 [00:03<00:00, 15.06it/s, loss=1188596.6250]
  Epoch 18/30:  83%|████████████████████████     | 48/58 [00:03<00:00, 15.34it/s, loss=1188596.6250]
  Epoch 18/30:  83%|████████████████████████     | 48/58 [00:03<00:00, 15.34it/s, loss=1065314.2500]
  Epoch 18/30:  83%|████████████████████████     | 48/58 [00:03<00:00, 15.34it/s, loss=1009525.6875]
  Epoch 18/30:  86%|█████████████████████████    | 50/58 [00:03<00:00, 15.35it/s, loss=1009525.6875]
  Epoch 18/30:  86%|█████████████████████████    | 50/58 [00:03<00:00, 15.35it/s, loss=1169051.2500]
  Epoch 18/30:  86%|█████████████████████████    | 50/58 [00:03<00:00, 15.35it/s, loss=1153436.8750]
  Epoch 18/30:  90%|██████████████████████████   | 52/58 [00:03<00:00, 15.14it/s, loss=1153436.8750]
  Epoch 18/30:  90%|██████████████████████████▉   | 52/58 [00:03<00:00, 15.14it/s, loss=916674.7500]
  Epoch 18/30:  90%|██████████████████████████   | 52/58 [00:03<00:00, 15.14it/s, loss=1104478.5000]
  Epoch 18/30:  93%|███████████████████████████  | 54/58 [00:03<00:00, 15.04it/s, loss=1104478.5000]
  Epoch 18/30:  93%|███████████████████████████▉  | 54/58 [00:03<00:00, 15.04it/s, loss=986845.1875]
  Epoch 18/30:  93%|███████████████████████████  | 54/58 [00:03<00:00, 15.04it/s, loss=1037724.2500]
  Epoch 18/30:  97%|████████████████████████████ | 56/58 [00:03<00:00, 14.85it/s, loss=1037724.2500]
  Epoch 18/30:  97%|████████████████████████████▉ | 56/58 [00:03<00:00, 14.85it/s, loss=915520.3750]
  Epoch 18/30:  97%|████████████████████████████ | 56/58 [00:03<00:00, 14.85it/s, loss=1018481.7500]
                                                                                                    

  Epoch 19/30:   0%|                                                         | 0/58 [00:00<?, ?it/s]
  Epoch 19/30:   0%|                                      | 0/58 [00:00<?, ?it/s, loss=1037862.1875]
  Epoch 19/30:   0%|                                      | 0/58 [00:00<?, ?it/s, loss=1053329.1250]
  Epoch 19/30:   3%|█                             | 2/58 [00:00<00:03, 15.04it/s, loss=1053329.1250]
  Epoch 19/30:   3%|█                             | 2/58 [00:00<00:03, 15.04it/s, loss=1081936.0000]
  Epoch 19/30:   3%|█                             | 2/58 [00:00<00:03, 15.04it/s, loss=1019094.6250]
  Epoch 19/30:   7%|██                            | 4/58 [00:00<00:03, 15.83it/s, loss=1019094.6250]
  Epoch 19/30:   7%|██                            | 4/58 [00:00<00:03, 15.83it/s, loss=1176799.5000]
  Epoch 19/30:   7%|██▏                            | 4/58 [00:00<00:03, 15.83it/s, loss=989201.0000]
  Epoch 19/30:  10%|███▏                           | 6/58 [00:00<00:03, 15.88it/s, loss=989201.0000]
  Epoch 19/30:  10%|███▏                           | 6/58 [00:00<00:03, 15.88it/s, loss=993849.6875]
  Epoch 19/30:  10%|███                           | 6/58 [00:00<00:03, 15.88it/s, loss=1024193.1250]
  Epoch 19/30:  14%|████▏                         | 8/58 [00:00<00:03, 15.82it/s, loss=1024193.1250]
  Epoch 19/30:  14%|████▏                         | 8/58 [00:00<00:03, 15.82it/s, loss=1084614.7500]
  Epoch 19/30:  14%|████▏                         | 8/58 [00:00<00:03, 15.82it/s, loss=1110418.0000]
  Epoch 19/30:  17%|█████                        | 10/58 [00:00<00:02, 16.49it/s, loss=1110418.0000]
  Epoch 19/30:  17%|█████▏                        | 10/58 [00:00<00:02, 16.49it/s, loss=992012.0000]
  Epoch 19/30:  17%|█████▏                        | 10/58 [00:00<00:02, 16.49it/s, loss=921831.6250]
  Epoch 19/30:  21%|██████▏                       | 12/58 [00:00<00:02, 16.27it/s, loss=921831.6250]
  Epoch 19/30:  21%|██████                       | 12/58 [00:00<00:02, 16.27it/s, loss=1164427.2500]
  Epoch 19/30:  21%|██████                       | 12/58 [00:00<00:02, 16.27it/s, loss=1143755.3750]
  Epoch 19/30:  24%|███████                      | 14/58 [00:00<00:02, 16.26it/s, loss=1143755.3750]
  Epoch 19/30:  24%|███████                      | 14/58 [00:00<00:02, 16.26it/s, loss=1011183.6250]
  Epoch 19/30:  24%|███████▏                      | 14/58 [00:01<00:02, 16.26it/s, loss=953088.6875]
  Epoch 19/30:  28%|████████▎                     | 16/58 [00:01<00:02, 15.52it/s, loss=953088.6875]
  Epoch 19/30:  28%|████████                     | 16/58 [00:01<00:02, 15.52it/s, loss=1032136.1250]
  Epoch 19/30:  28%|████████                     | 16/58 [00:01<00:02, 15.52it/s, loss=1209237.8750]
  Epoch 19/30:  31%|█████████                    | 18/58 [00:01<00:02, 15.75it/s, loss=1209237.8750]
  Epoch 19/30:  31%|█████████                    | 18/58 [00:01<00:02, 15.75it/s, loss=1038270.7500]
  Epoch 19/30:  31%|█████████▎                    | 18/58 [00:01<00:02, 15.75it/s, loss=981082.1250]
  Epoch 19/30:  34%|██████████▎                   | 20/58 [00:01<00:02, 15.36it/s, loss=981082.1250]
  Epoch 19/30:  34%|██████████                   | 20/58 [00:01<00:02, 15.36it/s, loss=1000406.5000]
  Epoch 19/30:  34%|██████████                   | 20/58 [00:01<00:02, 15.36it/s, loss=1064802.0000]
  Epoch 19/30:  38%|███████████                  | 22/58 [00:01<00:02, 15.62it/s, loss=1064802.0000]
  Epoch 19/30:  38%|███████████▍                  | 22/58 [00:01<00:02, 15.62it/s, loss=963016.0000]
  Epoch 19/30:  38%|███████████▍                  | 22/58 [00:01<00:02, 15.62it/s, loss=964294.3750]
  Epoch 19/30:  41%|████████████▍                 | 24/58 [00:01<00:02, 15.55it/s, loss=964294.3750]
  Epoch 19/30:  41%|████████████▍                 | 24/58 [00:01<00:02, 15.55it/s, loss=958448.1875]
  Epoch 19/30:  41%|████████████▍                 | 24/58 [00:01<00:02, 15.55it/s, loss=991189.2500]
  Epoch 19/30:  45%|█████████████▍                | 26/58 [00:01<00:02, 15.05it/s, loss=991189.2500]
  Epoch 19/30:  45%|█████████████▍                | 26/58 [00:01<00:02, 15.05it/s, loss=839647.4375]
  Epoch 19/30:  45%|█████████████                | 26/58 [00:01<00:02, 15.05it/s, loss=1012788.8750]
  Epoch 19/30:  48%|██████████████               | 28/58 [00:01<00:02, 14.24it/s, loss=1012788.8750]
  Epoch 19/30:  48%|██████████████▍               | 28/58 [00:01<00:02, 14.24it/s, loss=947404.7500]
  Epoch 19/30:  48%|██████████████▍               | 28/58 [00:01<00:02, 14.24it/s, loss=913944.6875]
  Epoch 19/30:  52%|███████████████▌              | 30/58 [00:01<00:01, 14.45it/s, loss=913944.6875]
  Epoch 19/30:  52%|███████████████▌              | 30/58 [00:02<00:01, 14.45it/s, loss=956169.6875]
  Epoch 19/30:  52%|███████████████              | 30/58 [00:02<00:01, 14.45it/s, loss=1011091.2500]
  Epoch 19/30:  55%|████████████████             | 32/58 [00:02<00:01, 14.92it/s, loss=1011091.2500]
  Epoch 19/30:  55%|████████████████▌             | 32/58 [00:02<00:01, 14.92it/s, loss=879846.6250]
  Epoch 19/30:  55%|████████████████▌             | 32/58 [00:02<00:01, 14.92it/s, loss=823529.7500]
  Epoch 19/30:  59%|█████████████████▌            | 34/58 [00:02<00:01, 15.06it/s, loss=823529.7500]
  Epoch 19/30:  59%|█████████████████▌            | 34/58 [00:02<00:01, 15.06it/s, loss=920143.9375]
  Epoch 19/30:  59%|█████████████████▌            | 34/58 [00:02<00:01, 15.06it/s, loss=916399.2500]
  Epoch 19/30:  62%|██████████████████▌           | 36/58 [00:02<00:01, 15.30it/s, loss=916399.2500]
  Epoch 19/30:  62%|██████████████████▌           | 36/58 [00:02<00:01, 15.30it/s, loss=863619.1250]
  Epoch 19/30:  62%|██████████████████▌           | 36/58 [00:02<00:01, 15.30it/s, loss=859241.6875]
  Epoch 19/30:  66%|███████████████████▋          | 38/58 [00:02<00:01, 14.98it/s, loss=859241.6875]
  Epoch 19/30:  66%|███████████████████▋          | 38/58 [00:02<00:01, 14.98it/s, loss=936850.8750]
  Epoch 19/30:  66%|███████████████████▋          | 38/58 [00:02<00:01, 14.98it/s, loss=861001.5000]
  Epoch 19/30:  69%|████████████████████▋         | 40/58 [00:02<00:01, 15.14it/s, loss=861001.5000]
  Epoch 19/30:  69%|████████████████████         | 40/58 [00:02<00:01, 15.14it/s, loss=1024147.3750]
  Epoch 19/30:  69%|████████████████████▋         | 40/58 [00:02<00:01, 15.14it/s, loss=865168.0000]
  Epoch 19/30:  72%|█████████████████████▋        | 42/58 [00:02<00:01, 15.22it/s, loss=865168.0000]
  Epoch 19/30:  72%|█████████████████████▋        | 42/58 [00:02<00:01, 15.22it/s, loss=844199.0000]
  Epoch 19/30:  72%|█████████████████████▋        | 42/58 [00:02<00:01, 15.22it/s, loss=859785.3750]
  Epoch 19/30:  76%|██████████████████████▊       | 44/58 [00:02<00:00, 15.21it/s, loss=859785.3750]
  Epoch 19/30:  76%|██████████████████████▊       | 44/58 [00:02<00:00, 15.21it/s, loss=928028.0000]
  Epoch 19/30:  76%|██████████████████████▊       | 44/58 [00:03<00:00, 15.21it/s, loss=774659.0000]
  Epoch 19/30:  79%|███████████████████████▊      | 46/58 [00:03<00:00, 15.13it/s, loss=774659.0000]
  Epoch 19/30:  79%|███████████████████████▊      | 46/58 [00:03<00:00, 15.13it/s, loss=815915.3750]
  Epoch 19/30:  79%|███████████████████████▊      | 46/58 [00:03<00:00, 15.13it/s, loss=849864.3750]
  Epoch 19/30:  83%|████████████████████████▊     | 48/58 [00:03<00:00, 15.09it/s, loss=849864.3750]
  Epoch 19/30:  83%|████████████████████████▊     | 48/58 [00:03<00:00, 15.09it/s, loss=924918.0000]
  Epoch 19/30:  83%|████████████████████████▊     | 48/58 [00:03<00:00, 15.09it/s, loss=890320.8750]
  Epoch 19/30:  86%|█████████████████████████▊    | 50/58 [00:03<00:00, 14.92it/s, loss=890320.8750]
  Epoch 19/30:  86%|█████████████████████████▊    | 50/58 [00:03<00:00, 14.92it/s, loss=742337.2500]
  Epoch 19/30:  86%|█████████████████████████▊    | 50/58 [00:03<00:00, 14.92it/s, loss=785095.1875]
  Epoch 19/30:  90%|██████████████████████████▉   | 52/58 [00:03<00:00, 14.80it/s, loss=785095.1875]
  Epoch 19/30:  90%|██████████████████████████▉   | 52/58 [00:03<00:00, 14.80it/s, loss=854773.6250]
  Epoch 19/30:  90%|██████████████████████████▉   | 52/58 [00:03<00:00, 14.80it/s, loss=692306.1250]
  Epoch 19/30:  93%|███████████████████████████▉  | 54/58 [00:03<00:00, 14.76it/s, loss=692306.1250]
  Epoch 19/30:  93%|███████████████████████████▉  | 54/58 [00:03<00:00, 14.76it/s, loss=834804.1875]
  Epoch 19/30:  93%|███████████████████████████▉  | 54/58 [00:03<00:00, 14.76it/s, loss=869210.3750]
  Epoch 19/30:  97%|████████████████████████████▉ | 56/58 [00:03<00:00, 14.99it/s, loss=869210.3750]
  Epoch 19/30:  97%|████████████████████████████▉ | 56/58 [00:03<00:00, 14.99it/s, loss=688355.7500]
  Epoch 19/30:  97%|████████████████████████████▉ | 56/58 [00:03<00:00, 14.99it/s, loss=917952.6875]
  Epoch 19/30: 100%|██████████████████████████████| 58/58 [00:03<00:00, 15.99it/s, loss=917952.6875]
                                                                                                    

  Epoch 20/30:   0%|                                                         | 0/58 [00:00<?, ?it/s]
  Epoch 20/30:   0%|                                       | 0/58 [00:00<?, ?it/s, loss=684678.3125]
  Epoch 20/30:   0%|                                       | 0/58 [00:00<?, ?it/s, loss=799201.0000]
  Epoch 20/30:   3%|█                              | 2/58 [00:00<00:03, 15.16it/s, loss=799201.0000]
  Epoch 20/30:   3%|█                              | 2/58 [00:00<00:03, 15.16it/s, loss=723547.3750]
  Epoch 20/30:   3%|█                              | 2/58 [00:00<00:03, 15.16it/s, loss=736111.8750]
  Epoch 20/30:   7%|██▏                            | 4/58 [00:00<00:03, 15.70it/s, loss=736111.8750]
  Epoch 20/30:   7%|██▏                            | 4/58 [00:00<00:03, 15.70it/s, loss=846391.6875]
  Epoch 20/30:   7%|██▏                            | 4/58 [00:00<00:03, 15.70it/s, loss=821566.6875]
  Epoch 20/30:  10%|███▏                           | 6/58 [00:00<00:03, 15.15it/s, loss=821566.6875]
  Epoch 20/30:  10%|███▏                           | 6/58 [00:00<00:03, 15.15it/s, loss=807247.1875]
  Epoch 20/30:  10%|███▏                           | 6/58 [00:00<00:03, 15.15it/s, loss=902733.8750]
  Epoch 20/30:  14%|████▎                          | 8/58 [00:00<00:03, 15.22it/s, loss=902733.8750]
  Epoch 20/30:  14%|████▎                          | 8/58 [00:00<00:03, 15.22it/s, loss=847475.4375]
  Epoch 20/30:  14%|████▎                          | 8/58 [00:00<00:03, 15.22it/s, loss=927734.6875]
  Epoch 20/30:  17%|█████▏                        | 10/58 [00:00<00:03, 15.15it/s, loss=927734.6875]
  Epoch 20/30:  17%|█████▏                        | 10/58 [00:00<00:03, 15.15it/s, loss=714130.8750]
  Epoch 20/30:  17%|█████▏                        | 10/58 [00:00<00:03, 15.15it/s, loss=813438.3750]
  Epoch 20/30:  21%|██████▏                       | 12/58 [00:00<00:03, 14.79it/s, loss=813438.3750]
  Epoch 20/30:  21%|██████▏                       | 12/58 [00:00<00:03, 14.79it/s, loss=763198.0000]
  Epoch 20/30:  21%|██████▏                       | 12/58 [00:00<00:03, 14.79it/s, loss=790874.8750]
  Epoch 20/30:  24%|███████▏                      | 14/58 [00:00<00:02, 15.13it/s, loss=790874.8750]
  Epoch 20/30:  24%|███████▏                      | 14/58 [00:00<00:02, 15.13it/s, loss=747845.6875]
  Epoch 20/30:  24%|███████▏                      | 14/58 [00:01<00:02, 15.13it/s, loss=753481.6875]
  Epoch 20/30:  28%|████████▎                     | 16/58 [00:01<00:02, 15.26it/s, loss=753481.6875]
  Epoch 20/30:  28%|████████▎                     | 16/58 [00:01<00:02, 15.26it/s, loss=810916.8750]
  Epoch 20/30:  28%|████████▎                     | 16/58 [00:01<00:02, 15.26it/s, loss=749772.6250]
  Epoch 20/30:  31%|█████████▎                    | 18/58 [00:01<00:02, 15.22it/s, loss=749772.6250]
  Epoch 20/30:  31%|█████████▎                    | 18/58 [00:01<00:02, 15.22it/s, loss=732038.2500]
  Epoch 20/30:  31%|█████████▎                    | 18/58 [00:01<00:02, 15.22it/s, loss=776007.3750]
  Epoch 20/30:  34%|██████████▎                   | 20/58 [00:01<00:02, 15.03it/s, loss=776007.3750]
  Epoch 20/30:  34%|██████████▎                   | 20/58 [00:01<00:02, 15.03it/s, loss=702615.3750]
  Epoch 20/30:  34%|██████████▎                   | 20/58 [00:01<00:02, 15.03it/s, loss=732873.6875]
  Epoch 20/30:  38%|███████████▍                  | 22/58 [00:01<00:02, 15.03it/s, loss=732873.6875]
  Epoch 20/30:  38%|███████████▍                  | 22/58 [00:01<00:02, 15.03it/s, loss=690155.3125]
  Epoch 20/30:  38%|███████████▍                  | 22/58 [00:01<00:02, 15.03it/s, loss=672418.3750]
  Epoch 20/30:  41%|████████████▍                 | 24/58 [00:01<00:02, 15.10it/s, loss=672418.3750]
  Epoch 20/30:  41%|████████████▍                 | 24/58 [00:01<00:02, 15.10it/s, loss=641690.1875]
  Epoch 20/30:  41%|████████████▍                 | 24/58 [00:01<00:02, 15.10it/s, loss=689059.0000]
  Epoch 20/30:  45%|█████████████▍                | 26/58 [00:01<00:02, 15.26it/s, loss=689059.0000]
  Epoch 20/30:  45%|█████████████▍                | 26/58 [00:01<00:02, 15.26it/s, loss=746093.6875]
  Epoch 20/30:  45%|█████████████▍                | 26/58 [00:01<00:02, 15.26it/s, loss=764102.0000]
  Epoch 20/30:  48%|██████████████▍               | 28/58 [00:01<00:01, 15.16it/s, loss=764102.0000]
  Epoch 20/30:  48%|██████████████▍               | 28/58 [00:01<00:01, 15.16it/s, loss=650178.8750]
  Epoch 20/30:  48%|██████████████▍               | 28/58 [00:01<00:01, 15.16it/s, loss=762662.9375]
  Epoch 20/30:  52%|███████████████▌              | 30/58 [00:01<00:01, 15.37it/s, loss=762662.9375]
  Epoch 20/30:  52%|███████████████▌              | 30/58 [00:02<00:01, 15.37it/s, loss=641815.2500]
  Epoch 20/30:  52%|███████████████▌              | 30/58 [00:02<00:01, 15.37it/s, loss=649697.0000]
  Epoch 20/30:  55%|████████████████▌             | 32/58 [00:02<00:01, 15.06it/s, loss=649697.0000]
  Epoch 20/30:  55%|████████████████▌             | 32/58 [00:02<00:01, 15.06it/s, loss=732245.0000]
  Epoch 20/30:  55%|████████████████▌             | 32/58 [00:02<00:01, 15.06it/s, loss=626387.9375]
  Epoch 20/30:  59%|█████████████████▌            | 34/58 [00:02<00:01, 15.04it/s, loss=626387.9375]
  Epoch 20/30:  59%|█████████████████▌            | 34/58 [00:02<00:01, 15.04it/s, loss=659758.4375]
  Epoch 20/30:  59%|█████████████████▌            | 34/58 [00:02<00:01, 15.04it/s, loss=663426.3750]
  Epoch 20/30:  62%|██████████████████▌           | 36/58 [00:02<00:01, 14.45it/s, loss=663426.3750]
  Epoch 20/30:  62%|██████████████████▌           | 36/58 [00:02<00:01, 14.45it/s, loss=668698.9375]
  Epoch 20/30:  62%|██████████████████▌           | 36/58 [00:02<00:01, 14.45it/s, loss=762842.3750]
  Epoch 20/30:  66%|███████████████████▋          | 38/58 [00:02<00:01, 14.37it/s, loss=762842.3750]
  Epoch 20/30:  66%|███████████████████▋          | 38/58 [00:02<00:01, 14.37it/s, loss=731131.1875]
  Epoch 20/30:  66%|███████████████████▋          | 38/58 [00:02<00:01, 14.37it/s, loss=689356.2500]
  Epoch 20/30:  69%|████████████████████▋         | 40/58 [00:02<00:01, 14.27it/s, loss=689356.2500]
  Epoch 20/30:  69%|████████████████████▋         | 40/58 [00:02<00:01, 14.27it/s, loss=760267.3750]
  Epoch 20/30:  69%|████████████████████▋         | 40/58 [00:02<00:01, 14.27it/s, loss=705034.8750]
  Epoch 20/30:  72%|█████████████████████▋        | 42/58 [00:02<00:01, 14.50it/s, loss=705034.8750]
  Epoch 20/30:  72%|█████████████████████▋        | 42/58 [00:02<00:01, 14.50it/s, loss=691004.0000]
  Epoch 20/30:  72%|█████████████████████▋        | 42/58 [00:02<00:01, 14.50it/s, loss=658191.8125]
  Epoch 20/30:  76%|██████████████████████▊       | 44/58 [00:02<00:00, 14.82it/s, loss=658191.8125]
  Epoch 20/30:  76%|██████████████████████▊       | 44/58 [00:02<00:00, 14.82it/s, loss=721921.7500]
  Epoch 20/30:  76%|██████████████████████▊       | 44/58 [00:03<00:00, 14.82it/s, loss=639208.7500]
  Epoch 20/30:  79%|███████████████████████▊      | 46/58 [00:03<00:00, 15.28it/s, loss=639208.7500]
  Epoch 20/30:  79%|███████████████████████▊      | 46/58 [00:03<00:00, 15.28it/s, loss=647999.7500]
  Epoch 20/30:  79%|███████████████████████▊      | 46/58 [00:03<00:00, 15.28it/s, loss=652210.6250]
  Epoch 20/30:  83%|████████████████████████▊     | 48/58 [00:03<00:00, 15.73it/s, loss=652210.6250]
  Epoch 20/30:  83%|████████████████████████▊     | 48/58 [00:03<00:00, 15.73it/s, loss=690424.5000]
  Epoch 20/30:  83%|████████████████████████▊     | 48/58 [00:03<00:00, 15.73it/s, loss=655607.9375]
  Epoch 20/30:  86%|█████████████████████████▊    | 50/58 [00:03<00:00, 15.52it/s, loss=655607.9375]
  Epoch 20/30:  86%|█████████████████████████▊    | 50/58 [00:03<00:00, 15.52it/s, loss=595405.3750]
  Epoch 20/30:  86%|█████████████████████████▊    | 50/58 [00:03<00:00, 15.52it/s, loss=670059.0000]
  Epoch 20/30:  90%|██████████████████████████▉   | 52/58 [00:03<00:00, 15.21it/s, loss=670059.0000]
  Epoch 20/30:  90%|██████████████████████████▉   | 52/58 [00:03<00:00, 15.21it/s, loss=607746.5625]
  Epoch 20/30:  90%|██████████████████████████▉   | 52/58 [00:03<00:00, 15.21it/s, loss=625753.1875]
  Epoch 20/30:  93%|███████████████████████████▉  | 54/58 [00:03<00:00, 15.16it/s, loss=625753.1875]
  Epoch 20/30:  93%|███████████████████████████▉  | 54/58 [00:03<00:00, 15.16it/s, loss=642313.3750]
  Epoch 20/30:  93%|███████████████████████████▉  | 54/58 [00:03<00:00, 15.16it/s, loss=620852.5625]
  Epoch 20/30:  97%|████████████████████████████▉ | 56/58 [00:03<00:00, 15.34it/s, loss=620852.5625]
  Epoch 20/30:  97%|████████████████████████████▉ | 56/58 [00:03<00:00, 15.34it/s, loss=644896.2500]
  Epoch 20/30:  97%|████████████████████████████▉ | 56/58 [00:03<00:00, 15.34it/s, loss=484149.5000]
  Epoch 20/30: 100%|██████████████████████████████| 58/58 [00:03<00:00, 16.07it/s, loss=484149.5000]
                                                                                                    
  Epoch 20/30 │ Loss: 712735.3125 │ T+1: -152825120.0000 │ T+2: -75036176.0000 │ T+3: -517337472.0000 ★ NEW BEST

  Epoch 21/30:   0%|                                                         | 0/58 [00:00<?, ?it/s]
  Epoch 21/30:   0%|                                       | 0/58 [00:00<?, ?it/s, loss=608582.6250]
  Epoch 21/30:   0%|                                       | 0/58 [00:00<?, ?it/s, loss=650790.1250]
  Epoch 21/30:   3%|█                              | 2/58 [00:00<00:03, 15.60it/s, loss=650790.1250]
  Epoch 21/30:   3%|█                              | 2/58 [00:00<00:03, 15.60it/s, loss=652528.7500]
  Epoch 21/30:   3%|█                              | 2/58 [00:00<00:03, 15.60it/s, loss=618001.8750]
  Epoch 21/30:   7%|██▏                            | 4/58 [00:00<00:03, 15.56it/s, loss=618001.8750]
  Epoch 21/30:   7%|██▏                            | 4/58 [00:00<00:03, 15.56it/s, loss=761613.1875]
  Epoch 21/30:   7%|██▏                            | 4/58 [00:00<00:03, 15.56it/s, loss=630665.3750]
  Epoch 21/30:  10%|███▏                           | 6/58 [00:00<00:03, 15.57it/s, loss=630665.3750]
  Epoch 21/30:  10%|███▏                           | 6/58 [00:00<00:03, 15.57it/s, loss=570209.9375]
  Epoch 21/30:  10%|███▏                           | 6/58 [00:00<00:03, 15.57it/s, loss=576898.6250]
  Epoch 21/30:  14%|████▎                          | 8/58 [00:00<00:03, 15.59it/s, loss=576898.6250]
  Epoch 21/30:  14%|████▎                          | 8/58 [00:00<00:03, 15.59it/s, loss=621357.4375]
  Epoch 21/30:  14%|████▎                          | 8/58 [00:00<00:03, 15.59it/s, loss=640339.8125]
  Epoch 21/30:  17%|█████▏                        | 10/58 [00:00<00:03, 15.19it/s, loss=640339.8125]
  Epoch 21/30:  17%|█████▏                        | 10/58 [00:00<00:03, 15.19it/s, loss=538377.3750]
  Epoch 21/30:  17%|█████▏                        | 10/58 [00:00<00:03, 15.19it/s, loss=721104.1250]
  Epoch 21/30:  21%|██████▏                       | 12/58 [00:00<00:02, 15.46it/s, loss=721104.1250]
  Epoch 21/30:  21%|██████▏                       | 12/58 [00:00<00:02, 15.46it/s, loss=578837.3750]
  Epoch 21/30:  21%|██████▏                       | 12/58 [00:00<00:02, 15.46it/s, loss=599763.7500]
  Epoch 21/30:  24%|███████▏                      | 14/58 [00:00<00:02, 15.70it/s, loss=599763.7500]
  Epoch 21/30:  24%|███████▏                      | 14/58 [00:00<00:02, 15.70it/s, loss=613566.1875]
  Epoch 21/30:  24%|███████▏                      | 14/58 [00:01<00:02, 15.70it/s, loss=611607.3750]
  Epoch 21/30:  28%|████████▎                     | 16/58 [00:01<00:02, 15.11it/s, loss=611607.3750]
  Epoch 21/30:  28%|████████▎                     | 16/58 [00:01<00:02, 15.11it/s, loss=561356.6250]
  Epoch 21/30:  28%|████████▎                     | 16/58 [00:01<00:02, 15.11it/s, loss=508298.5000]
  Epoch 21/30:  31%|█████████▎                    | 18/58 [00:01<00:02, 14.88it/s, loss=508298.5000]
  Epoch 21/30:  31%|█████████▎                    | 18/58 [00:01<00:02, 14.88it/s, loss=639841.0000]
  Epoch 21/30:  31%|█████████▎                    | 18/58 [00:01<00:02, 14.88it/s, loss=556267.0000]
  Epoch 21/30:  34%|██████████▎                   | 20/58 [00:01<00:02, 14.91it/s, loss=556267.0000]
  Epoch 21/30:  34%|██████████▎                   | 20/58 [00:01<00:02, 14.91it/s, loss=492435.8438]
  Epoch 21/30:  34%|██████████▎                   | 20/58 [00:01<00:02, 14.91it/s, loss=536158.8750]
  Epoch 21/30:  38%|███████████▍                  | 22/58 [00:01<00:02, 15.33it/s, loss=536158.8750]
  Epoch 21/30:  38%|███████████▍                  | 22/58 [00:01<00:02, 15.33it/s, loss=545598.6875]
  Epoch 21/30:  38%|███████████▍                  | 22/58 [00:01<00:02, 15.33it/s, loss=585349.6875]
  Epoch 21/30:  41%|████████████▍                 | 24/58 [00:01<00:02, 15.56it/s, loss=585349.6875]
  Epoch 21/30:  41%|████████████▍                 | 24/58 [00:01<00:02, 15.56it/s, loss=610193.1250]
  Epoch 21/30:  41%|████████████▍                 | 24/58 [00:01<00:02, 15.56it/s, loss=577831.7500]
  Epoch 21/30:  45%|█████████████▍                | 26/58 [00:01<00:02, 15.50it/s, loss=577831.7500]
  Epoch 21/30:  45%|█████████████▍                | 26/58 [00:01<00:02, 15.50it/s, loss=561894.0000]
  Epoch 21/30:  45%|█████████████▍                | 26/58 [00:01<00:02, 15.50it/s, loss=561542.6875]
  Epoch 21/30:  48%|██████████████▍               | 28/58 [00:01<00:01, 15.32it/s, loss=561542.6875]
  Epoch 21/30:  48%|██████████████▍               | 28/58 [00:01<00:01, 15.32it/s, loss=507253.0938]
  Epoch 21/30:  48%|██████████████▍               | 28/58 [00:01<00:01, 15.32it/s, loss=584922.1250]
  Epoch 21/30:  52%|███████████████▌              | 30/58 [00:01<00:01, 14.96it/s, loss=584922.1250]
  Epoch 21/30:  52%|███████████████▌              | 30/58 [00:02<00:01, 14.96it/s, loss=561628.5000]
  Epoch 21/30:  52%|███████████████▌              | 30/58 [00:02<00:01, 14.96it/s, loss=531331.2500]
  Epoch 21/30:  55%|████████████████▌             | 32/58 [00:02<00:01, 15.02it/s, loss=531331.2500]
  Epoch 21/30:  55%|████████████████▌             | 32/58 [00:02<00:01, 15.02it/s, loss=497182.8438]
  Epoch 21/30:  55%|████████████████▌             | 32/58 [00:02<00:01, 15.02it/s, loss=521807.5625]
  Epoch 21/30:  59%|█████████████████▌            | 34/58 [00:02<00:01, 14.97it/s, loss=521807.5625]
  Epoch 21/30:  59%|█████████████████▌            | 34/58 [00:02<00:01, 14.97it/s, loss=513691.8750]
  Epoch 21/30:  59%|█████████████████▌            | 34/58 [00:02<00:01, 14.97it/s, loss=549511.6250]
  Epoch 21/30:  62%|██████████████████▌           | 36/58 [00:02<00:01, 14.67it/s, loss=549511.6250]
  Epoch 21/30:  62%|██████████████████▌           | 36/58 [00:02<00:01, 14.67it/s, loss=536839.0625]
  Epoch 21/30:  62%|██████████████████▌           | 36/58 [00:02<00:01, 14.67it/s, loss=500681.7500]
  Epoch 21/30:  66%|███████████████████▋          | 38/58 [00:02<00:01, 14.79it/s, loss=500681.7500]
  Epoch 21/30:  66%|███████████████████▋          | 38/58 [00:02<00:01, 14.79it/s, loss=579034.4375]
  Epoch 21/30:  66%|███████████████████▋          | 38/58 [00:02<00:01, 14.79it/s, loss=537096.2500]
  Epoch 21/30:  69%|████████████████████▋         | 40/58 [00:02<00:01, 14.61it/s, loss=537096.2500]
  Epoch 21/30:  69%|████████████████████▋         | 40/58 [00:02<00:01, 14.61it/s, loss=471373.3750]
  Epoch 21/30:  69%|████████████████████▋         | 40/58 [00:02<00:01, 14.61it/s, loss=571978.1250]
  Epoch 21/30:  72%|█████████████████████▋        | 42/58 [00:02<00:01, 14.72it/s, loss=571978.1250]
  Epoch 21/30:  72%|█████████████████████▋        | 42/58 [00:02<00:01, 14.72it/s, loss=478677.2500]
  Epoch 21/30:  72%|█████████████████████▋        | 42/58 [00:02<00:01, 14.72it/s, loss=576751.3750]
  Epoch 21/30:  76%|██████████████████████▊       | 44/58 [00:02<00:00, 14.74it/s, loss=576751.3750]
  Epoch 21/30:  76%|██████████████████████▊       | 44/58 [00:02<00:00, 14.74it/s, loss=461053.0625]
  Epoch 21/30:  76%|██████████████████████▊       | 44/58 [00:03<00:00, 14.74it/s, loss=498287.2500]
  Epoch 21/30:  79%|███████████████████████▊      | 46/58 [00:03<00:00, 15.21it/s, loss=498287.2500]
  Epoch 21/30:  79%|███████████████████████▊      | 46/58 [00:03<00:00, 15.21it/s, loss=568950.8750]
  Epoch 21/30:  79%|███████████████████████▊      | 46/58 [00:03<00:00, 15.21it/s, loss=541275.3750]
  Epoch 21/30:  83%|████████████████████████▊     | 48/58 [00:03<00:00, 15.61it/s, loss=541275.3750]
  Epoch 21/30:  83%|████████████████████████▊     | 48/58 [00:03<00:00, 15.61it/s, loss=424645.0000]
  Epoch 21/30:  83%|████████████████████████▊     | 48/58 [00:03<00:00, 15.61it/s, loss=477776.6875]
  Epoch 21/30:  86%|█████████████████████████▊    | 50/58 [00:03<00:00, 16.02it/s, loss=477776.6875]
  Epoch 21/30:  86%|█████████████████████████▊    | 50/58 [00:03<00:00, 16.02it/s, loss=490487.5938]
  Epoch 21/30:  86%|█████████████████████████▊    | 50/58 [00:03<00:00, 16.02it/s, loss=581947.3750]
  Epoch 21/30:  90%|██████████████████████████▉   | 52/58 [00:03<00:00, 16.10it/s, loss=581947.3750]
  Epoch 21/30:  90%|██████████████████████████▉   | 52/58 [00:03<00:00, 16.10it/s, loss=552676.7500]
  Epoch 21/30:  90%|██████████████████████████▉   | 52/58 [00:03<00:00, 16.10it/s, loss=510910.8438]
  Epoch 21/30:  93%|███████████████████████████▉  | 54/58 [00:03<00:00, 15.88it/s, loss=510910.8438]
  Epoch 21/30:  93%|███████████████████████████▉  | 54/58 [00:03<00:00, 15.88it/s, loss=463320.9375]
  Epoch 21/30:  93%|███████████████████████████▉  | 54/58 [00:03<00:00, 15.88it/s, loss=424452.0938]
  Epoch 21/30:  97%|████████████████████████████▉ | 56/58 [00:03<00:00, 15.50it/s, loss=424452.0938]
  Epoch 21/30:  97%|████████████████████████████▉ | 56/58 [00:03<00:00, 15.50it/s, loss=438529.5625]
  Epoch 21/30:  97%|████████████████████████████▉ | 56/58 [00:03<00:00, 15.50it/s, loss=199048.0000]
  Epoch 21/30: 100%|██████████████████████████████| 58/58 [00:03<00:00, 16.48it/s, loss=199048.0000]
                                                                                                    

  Epoch 22/30:   0%|                                                         | 0/58 [00:00<?, ?it/s]
  Epoch 22/30:   0%|                                       | 0/58 [00:00<?, ?it/s, loss=442814.0000]
  Epoch 22/30:   0%|                                       | 0/58 [00:00<?, ?it/s, loss=489994.5000]
  Epoch 22/30:   3%|█                              | 2/58 [00:00<00:03, 15.02it/s, loss=489994.5000]
  Epoch 22/30:   3%|█                              | 2/58 [00:00<00:03, 15.02it/s, loss=429206.5000]
  Epoch 22/30:   3%|█                              | 2/58 [00:00<00:03, 15.02it/s, loss=523386.8125]
  Epoch 22/30:   7%|██▏                            | 4/58 [00:00<00:03, 14.70it/s, loss=523386.8125]
  Epoch 22/30:   7%|██▏                            | 4/58 [00:00<00:03, 14.70it/s, loss=386546.8438]
  Epoch 22/30:   7%|██▏                            | 4/58 [00:00<00:03, 14.70it/s, loss=474017.4375]
  Epoch 22/30:  10%|███▏                           | 6/58 [00:00<00:03, 14.74it/s, loss=474017.4375]
  Epoch 22/30:  10%|███▏                           | 6/58 [00:00<00:03, 14.74it/s, loss=477515.7500]
  Epoch 22/30:  10%|███▏                           | 6/58 [00:00<00:03, 14.74it/s, loss=495198.0938]
  Epoch 22/30:  14%|████▎                          | 8/58 [00:00<00:03, 14.40it/s, loss=495198.0938]
  Epoch 22/30:  14%|████▎                          | 8/58 [00:00<00:03, 14.40it/s, loss=459665.7500]
  Epoch 22/30:  14%|████▎                          | 8/58 [00:00<00:03, 14.40it/s, loss=447060.1250]
  Epoch 22/30:  17%|█████▏                        | 10/58 [00:00<00:03, 13.77it/s, loss=447060.1250]
  Epoch 22/30:  17%|█████▏                        | 10/58 [00:00<00:03, 13.77it/s, loss=456002.4688]
  Epoch 22/30:  17%|█████▏                        | 10/58 [00:00<00:03, 13.77it/s, loss=499016.0000]
  Epoch 22/30:  21%|██████▏                       | 12/58 [00:00<00:03, 14.13it/s, loss=499016.0000]
  Epoch 22/30:  21%|██████▏                       | 12/58 [00:00<00:03, 14.13it/s, loss=453540.7188]
  Epoch 22/30:  21%|██████▏                       | 12/58 [00:00<00:03, 14.13it/s, loss=498140.9375]
  Epoch 22/30:  24%|███████▏                      | 14/58 [00:00<00:03, 14.35it/s, loss=498140.9375]
  Epoch 22/30:  24%|███████▏                      | 14/58 [00:01<00:03, 14.35it/s, loss=421525.9688]
  Epoch 22/30:  24%|███████▏                      | 14/58 [00:01<00:03, 14.35it/s, loss=438867.6250]
  Epoch 22/30:  28%|████████▎                     | 16/58 [00:01<00:02, 14.52it/s, loss=438867.6250]
  Epoch 22/30:  28%|████████▎                     | 16/58 [00:01<00:02, 14.52it/s, loss=426674.4375]
  Epoch 22/30:  28%|████████▎                     | 16/58 [00:01<00:02, 14.52it/s, loss=421709.8438]
  Epoch 22/30:  31%|█████████▎                    | 18/58 [00:01<00:02, 14.29it/s, loss=421709.8438]
  Epoch 22/30:  31%|█████████▎                    | 18/58 [00:01<00:02, 14.29it/s, loss=442619.1250]
  Epoch 22/30:  31%|█████████▎                    | 18/58 [00:01<00:02, 14.29it/s, loss=496922.3438]
  Epoch 22/30:  34%|██████████▎                   | 20/58 [00:01<00:02, 14.78it/s, loss=496922.3438]
  Epoch 22/30:  34%|██████████▎                   | 20/58 [00:01<00:02, 14.78it/s, loss=489380.5000]
  Epoch 22/30:  34%|██████████▎                   | 20/58 [00:01<00:02, 14.78it/s, loss=378170.3750]
  Epoch 22/30:  38%|███████████▍                  | 22/58 [00:01<00:02, 15.00it/s, loss=378170.3750]
  Epoch 22/30:  38%|███████████▍                  | 22/58 [00:01<00:02, 15.00it/s, loss=539821.8125]
  Epoch 22/30:  38%|███████████▍                  | 22/58 [00:01<00:02, 15.00it/s, loss=417866.4688]
  Epoch 22/30:  41%|████████████▍                 | 24/58 [00:01<00:02, 14.83it/s, loss=417866.4688]
  Epoch 22/30:  41%|████████████▍                 | 24/58 [00:01<00:02, 14.83it/s, loss=451486.2500]
  Epoch 22/30:  41%|████████████▍                 | 24/58 [00:01<00:02, 14.83it/s, loss=443640.1250]
  Epoch 22/30:  45%|█████████████▍                | 26/58 [00:01<00:02, 15.59it/s, loss=443640.1250]
  Epoch 22/30:  45%|█████████████▍                | 26/58 [00:01<00:02, 15.59it/s, loss=475647.0000]
  Epoch 22/30:  45%|█████████████▍                | 26/58 [00:01<00:02, 15.59it/s, loss=373845.8125]
  Epoch 22/30:  48%|██████████████▍               | 28/58 [00:01<00:01, 16.62it/s, loss=373845.8125]
  Epoch 22/30:  48%|██████████████▍               | 28/58 [00:01<00:01, 16.62it/s, loss=458215.9375]
  Epoch 22/30:  48%|██████████████▍               | 28/58 [00:01<00:01, 16.62it/s, loss=501795.3438]
  Epoch 22/30:  48%|██████████████▍               | 28/58 [00:02<00:01, 16.62it/s, loss=420271.3125]
  Epoch 22/30:  53%|████████████████              | 31/58 [00:02<00:01, 18.23it/s, loss=420271.3125]
  Epoch 22/30:  53%|████████████████              | 31/58 [00:02<00:01, 18.23it/s, loss=401367.6875]
  Epoch 22/30:  53%|████████████████              | 31/58 [00:02<00:01, 18.23it/s, loss=437967.8438]
  Epoch 22/30:  57%|█████████████████             | 33/58 [00:02<00:01, 17.91it/s, loss=437967.8438]
  Epoch 22/30:  57%|█████████████████             | 33/58 [00:02<00:01, 17.91it/s, loss=439221.0625]
  Epoch 22/30:  57%|█████████████████             | 33/58 [00:02<00:01, 17.91it/s, loss=455303.7500]
  Epoch 22/30:  60%|██████████████████            | 35/58 [00:02<00:01, 17.61it/s, loss=455303.7500]
  Epoch 22/30:  60%|██████████████████            | 35/58 [00:02<00:01, 17.61it/s, loss=401484.8438]
  Epoch 22/30:  60%|██████████████████            | 35/58 [00:02<00:01, 17.61it/s, loss=458752.7500]
  Epoch 22/30:  60%|██████████████████            | 35/58 [00:02<00:01, 17.61it/s, loss=394930.9375]
  Epoch 22/30:  66%|███████████████████▋          | 38/58 [00:02<00:01, 19.25it/s, loss=394930.9375]
  Epoch 22/30:  66%|███████████████████▋          | 38/58 [00:02<00:01, 19.25it/s, loss=386188.8438]
  Epoch 22/30:  66%|███████████████████▋          | 38/58 [00:02<00:01, 19.25it/s, loss=423974.6875]
  Epoch 22/30:  69%|████████████████████▋         | 40/58 [00:02<00:00, 18.92it/s, loss=423974.6875]
  Epoch 22/30:  69%|████████████████████▋         | 40/58 [00:02<00:00, 18.92it/s, loss=406489.7188]
  Epoch 22/30:  69%|████████████████████▋         | 40/58 [00:02<00:00, 18.92it/s, loss=493183.9688]
  Epoch 22/30:  72%|█████████████████████▋        | 42/58 [00:02<00:00, 17.78it/s, loss=493183.9688]
  Epoch 22/30:  72%|█████████████████████▋        | 42/58 [00:02<00:00, 17.78it/s, loss=342433.9375]
  Epoch 22/30:  72%|█████████████████████▋        | 42/58 [00:02<00:00, 17.78it/s, loss=432084.8438]
  Epoch 22/30:  76%|██████████████████████▊       | 44/58 [00:02<00:00, 17.38it/s, loss=432084.8438]
  Epoch 22/30:  76%|██████████████████████▊       | 44/58 [00:02<00:00, 17.38it/s, loss=477688.3438]
  Epoch 22/30:  76%|██████████████████████▊       | 44/58 [00:02<00:00, 17.38it/s, loss=437128.7188]
  Epoch 22/30:  79%|███████████████████████▊      | 46/58 [00:02<00:00, 17.01it/s, loss=437128.7188]
  Epoch 22/30:  79%|███████████████████████▊      | 46/58 [00:02<00:00, 17.01it/s, loss=438347.9688]
  Epoch 22/30:  79%|███████████████████████▊      | 46/58 [00:02<00:00, 17.01it/s, loss=377278.4375]
  Epoch 22/30:  83%|████████████████████████▊     | 48/58 [00:02<00:00, 16.34it/s, loss=377278.4375]
  Epoch 22/30:  83%|████████████████████████▊     | 48/58 [00:03<00:00, 16.34it/s, loss=452831.4375]
  Epoch 22/30:  83%|████████████████████████▊     | 48/58 [00:03<00:00, 16.34it/s, loss=407788.3750]
  Epoch 22/30:  86%|█████████████████████████▊    | 50/58 [00:03<00:00, 16.01it/s, loss=407788.3750]
  Epoch 22/30:  86%|█████████████████████████▊    | 50/58 [00:03<00:00, 16.01it/s, loss=391862.4375]
  Epoch 22/30:  86%|█████████████████████████▊    | 50/58 [00:03<00:00, 16.01it/s, loss=434585.6250]
  Epoch 22/30:  90%|██████████████████████████▉   | 52/58 [00:03<00:00, 16.91it/s, loss=434585.6250]
  Epoch 22/30:  90%|██████████████████████████▉   | 52/58 [00:03<00:00, 16.91it/s, loss=447076.7500]
  Epoch 22/30:  90%|██████████████████████████▉   | 52/58 [00:03<00:00, 16.91it/s, loss=407075.1875]
  Epoch 22/30:  90%|██████████████████████████▉   | 52/58 [00:03<00:00, 16.91it/s, loss=419646.3438]
  Epoch 22/30:  95%|████████████████████████████▍ | 55/58 [00:03<00:00, 18.44it/s, loss=419646.3438]
  Epoch 22/30:  95%|████████████████████████████▍ | 55/58 [00:03<00:00, 18.44it/s, loss=353108.2500]
  Epoch 22/30:  95%|████████████████████████████▍ | 55/58 [00:03<00:00, 18.44it/s, loss=438259.8125]
  Epoch 22/30:  95%|████████████████████████████▍ | 55/58 [00:03<00:00, 18.44it/s, loss=249792.6562]
  Epoch 22/30: 100%|██████████████████████████████| 58/58 [00:03<00:00, 20.58it/s, loss=249792.6562]
                                                                                                    

  Epoch 23/30:   0%|                                                         | 0/58 [00:00<?, ?it/s]
  Epoch 23/30:   0%|                                       | 0/58 [00:00<?, ?it/s, loss=376108.8750]
  Epoch 23/30:   0%|                                       | 0/58 [00:00<?, ?it/s, loss=387186.7500]
  Epoch 23/30:   0%|                                       | 0/58 [00:00<?, ?it/s, loss=392348.4375]
  Epoch 23/30:   5%|█▌                             | 3/58 [00:00<00:02, 21.33it/s, loss=392348.4375]
  Epoch 23/30:   5%|█▌                             | 3/58 [00:00<00:02, 21.33it/s, loss=395680.5000]
  Epoch 23/30:   5%|█▌                             | 3/58 [00:00<00:02, 21.33it/s, loss=410841.6250]
  Epoch 23/30:   5%|█▌                             | 3/58 [00:00<00:02, 21.33it/s, loss=329683.5000]
  Epoch 23/30:  10%|███▏                           | 6/58 [00:00<00:02, 20.68it/s, loss=329683.5000]
  Epoch 23/30:  10%|███▏                           | 6/58 [00:00<00:02, 20.68it/s, loss=357007.7188]
  Epoch 23/30:  10%|███▏                           | 6/58 [00:00<00:02, 20.68it/s, loss=370443.5000]
  Epoch 23/30:  10%|███▏                           | 6/58 [00:00<00:02, 20.68it/s, loss=352987.6250]
  Epoch 23/30:  16%|████▊                          | 9/58 [00:00<00:02, 21.59it/s, loss=352987.6250]
  Epoch 23/30:  16%|████▊                          | 9/58 [00:00<00:02, 21.59it/s, loss=335405.7812]
  Epoch 23/30:  16%|████▊                          | 9/58 [00:00<00:02, 21.59it/s, loss=370783.5938]
  Epoch 23/30:  16%|████▊                          | 9/58 [00:00<00:02, 21.59it/s, loss=355530.4375]
  Epoch 23/30:  21%|██████▏                       | 12/58 [00:00<00:02, 21.94it/s, loss=355530.4375]
  Epoch 23/30:  21%|██████▏                       | 12/58 [00:00<00:02, 21.94it/s, loss=337996.8125]
  Epoch 23/30:  21%|██████▏                       | 12/58 [00:00<00:02, 21.94it/s, loss=329529.2188]
  Epoch 23/30:  21%|██████▏                       | 12/58 [00:00<00:02, 21.94it/s, loss=327532.5625]
  Epoch 23/30:  26%|███████▊                      | 15/58 [00:00<00:01, 22.16it/s, loss=327532.5625]
  Epoch 23/30:  26%|███████▊                      | 15/58 [00:00<00:01, 22.16it/s, loss=339889.5000]
  Epoch 23/30:  26%|███████▊                      | 15/58 [00:00<00:01, 22.16it/s, loss=355508.5938]
  Epoch 23/30:  26%|███████▊                      | 15/58 [00:00<00:01, 22.16it/s, loss=318746.6250]
  Epoch 23/30:  31%|█████████▎                    | 18/58 [00:00<00:01, 22.86it/s, loss=318746.6250]
  Epoch 23/30:  31%|█████████▎                    | 18/58 [00:00<00:01, 22.86it/s, loss=394193.0000]
  Epoch 23/30:  31%|█████████▎                    | 18/58 [00:00<00:01, 22.86it/s, loss=351492.9375]
  Epoch 23/30:  31%|█████████▎                    | 18/58 [00:00<00:01, 22.86it/s, loss=324368.6875]
  Epoch 23/30:  36%|██████████▊                   | 21/58 [00:00<00:01, 23.63it/s, loss=324368.6875]
  Epoch 23/30:  36%|██████████▊                   | 21/58 [00:00<00:01, 23.63it/s, loss=338671.2500]
  Epoch 23/30:  36%|██████████▊                   | 21/58 [00:01<00:01, 23.63it/s, loss=327949.8125]
  Epoch 23/30:  36%|██████████▊                   | 21/58 [00:01<00:01, 23.63it/s, loss=300524.0938]
  Epoch 23/30:  41%|████████████▍                 | 24/58 [00:01<00:01, 24.38it/s, loss=300524.0938]
  Epoch 23/30:  41%|████████████▍                 | 24/58 [00:01<00:01, 24.38it/s, loss=370105.0625]
  Epoch 23/30:  41%|████████████▍                 | 24/58 [00:01<00:01, 24.38it/s, loss=382640.1875]
  Epoch 23/30:  41%|████████████▍                 | 24/58 [00:01<00:01, 24.38it/s, loss=348636.7500]
  Epoch 23/30:  47%|█████████████▉                | 27/58 [00:01<00:01, 23.70it/s, loss=348636.7500]
  Epoch 23/30:  47%|█████████████▉                | 27/58 [00:01<00:01, 23.70it/s, loss=358885.4688]
  Epoch 23/30:  47%|█████████████▉                | 27/58 [00:01<00:01, 23.70it/s, loss=352971.7500]
  Epoch 23/30:  47%|█████████████▉                | 27/58 [00:01<00:01, 23.70it/s, loss=326326.3750]
  Epoch 23/30:  52%|███████████████▌              | 30/58 [00:01<00:01, 22.13it/s, loss=326326.3750]
  Epoch 23/30:  52%|███████████████▌              | 30/58 [00:01<00:01, 22.13it/s, loss=291831.0625]
  Epoch 23/30:  52%|███████████████▌              | 30/58 [00:01<00:01, 22.13it/s, loss=305251.0000]
  Epoch 23/30:  52%|███████████████▌              | 30/58 [00:01<00:01, 22.13it/s, loss=330811.8750]
  Epoch 23/30:  57%|█████████████████             | 33/58 [00:01<00:01, 15.52it/s, loss=330811.8750]
  Epoch 23/30:  57%|█████████████████             | 33/58 [00:01<00:01, 15.52it/s, loss=321629.6250]
  Epoch 23/30:  57%|█████████████████             | 33/58 [00:01<00:01, 15.52it/s, loss=367909.5000]
  Epoch 23/30:  57%|█████████████████             | 33/58 [00:01<00:01, 15.52it/s, loss=307754.3750]
  Epoch 23/30:  62%|██████████████████▌           | 36/58 [00:01<00:01, 16.66it/s, loss=307754.3750]
  Epoch 23/30:  62%|██████████████████▌           | 36/58 [00:01<00:01, 16.66it/s, loss=368456.9375]
  Epoch 23/30:  62%|██████████████████▌           | 36/58 [00:01<00:01, 16.66it/s, loss=302819.1250]
  Epoch 23/30:  62%|██████████████████▌           | 36/58 [00:01<00:01, 16.66it/s, loss=276430.6875]
  Epoch 23/30:  67%|████████████████████▏         | 39/58 [00:01<00:01, 17.88it/s, loss=276430.6875]
  Epoch 23/30:  67%|████████████████████▏         | 39/58 [00:01<00:01, 17.88it/s, loss=292243.0625]
  Epoch 23/30:  67%|████████████████████▏         | 39/58 [00:02<00:01, 17.88it/s, loss=332396.5625]
  Epoch 23/30:  71%|█████████████████████▏        | 41/58 [00:02<00:00, 17.87it/s, loss=332396.5625]
  Epoch 23/30:  71%|█████████████████████▏        | 41/58 [00:02<00:00, 17.87it/s, loss=331912.9375]
  Epoch 23/30:  71%|█████████████████████▏        | 41/58 [00:02<00:00, 17.87it/s, loss=302984.8750]
  Epoch 23/30:  74%|██████████████████████▏       | 43/58 [00:02<00:00, 17.97it/s, loss=302984.8750]
  Epoch 23/30:  74%|██████████████████████▏       | 43/58 [00:02<00:00, 17.97it/s, loss=307933.5938]
  Epoch 23/30:  74%|██████████████████████▏       | 43/58 [00:02<00:00, 17.97it/s, loss=353936.8125]
  Epoch 23/30:  78%|███████████████████████▎      | 45/58 [00:02<00:00, 17.94it/s, loss=353936.8125]
  Epoch 23/30:  78%|███████████████████████▎      | 45/58 [00:02<00:00, 17.94it/s, loss=279622.4688]
  Epoch 23/30:  78%|███████████████████████▎      | 45/58 [00:02<00:00, 17.94it/s, loss=295165.0000]
  Epoch 23/30:  81%|████████████████████████▎     | 47/58 [00:02<00:00, 17.40it/s, loss=295165.0000]
  Epoch 23/30:  81%|████████████████████████▎     | 47/58 [00:02<00:00, 17.40it/s, loss=315501.0000]
  Epoch 23/30:  81%|████████████████████████▎     | 47/58 [00:02<00:00, 17.40it/s, loss=313908.6250]
  Epoch 23/30:  84%|█████████████████████████▎    | 49/58 [00:02<00:00, 16.66it/s, loss=313908.6250]
  Epoch 23/30:  84%|█████████████████████████▎    | 49/58 [00:02<00:00, 16.66it/s, loss=372281.2500]
  Epoch 23/30:  84%|█████████████████████████▎    | 49/58 [00:02<00:00, 16.66it/s, loss=353337.4375]
  Epoch 23/30:  88%|██████████████████████████▍   | 51/58 [00:02<00:00, 16.87it/s, loss=353337.4375]
  Epoch 23/30:  88%|██████████████████████████▍   | 51/58 [00:02<00:00, 16.87it/s, loss=332648.6875]
  Epoch 23/30:  88%|██████████████████████████▍   | 51/58 [00:02<00:00, 16.87it/s, loss=331629.7500]
  Epoch 23/30:  91%|███████████████████████████▍  | 53/58 [00:02<00:00, 16.69it/s, loss=331629.7500]
  Epoch 23/30:  91%|███████████████████████████▍  | 53/58 [00:02<00:00, 16.69it/s, loss=276681.7188]
  Epoch 23/30:  91%|███████████████████████████▍  | 53/58 [00:02<00:00, 16.69it/s, loss=305125.2500]
  Epoch 23/30:  95%|████████████████████████████▍ | 55/58 [00:02<00:00, 16.20it/s, loss=305125.2500]
  Epoch 23/30:  95%|████████████████████████████▍ | 55/58 [00:02<00:00, 16.20it/s, loss=326652.2188]
  Epoch 23/30:  95%|████████████████████████████▍ | 55/58 [00:03<00:00, 16.20it/s, loss=242561.6250]
  Epoch 23/30:  98%|█████████████████████████████▍| 57/58 [00:03<00:00, 16.03it/s, loss=242561.6250]
  Epoch 23/30:  98%|█████████████████████████████▍| 57/58 [00:03<00:00, 16.03it/s, loss=126009.1250]
                                                                                                    

  Epoch 24/30:   0%|                                                         | 0/58 [00:00<?, ?it/s]
  Epoch 24/30:   0%|                                       | 0/58 [00:00<?, ?it/s, loss=297293.2500]
  Epoch 24/30:   0%|                                       | 0/58 [00:00<?, ?it/s, loss=305409.0625]
  Epoch 24/30:   3%|█                              | 2/58 [00:00<00:03, 15.94it/s, loss=305409.0625]
  Epoch 24/30:   3%|█                              | 2/58 [00:00<00:03, 15.94it/s, loss=300796.1875]
  Epoch 24/30:   3%|█                              | 2/58 [00:00<00:03, 15.94it/s, loss=299118.4688]
  Epoch 24/30:   7%|██▏                            | 4/58 [00:00<00:03, 15.98it/s, loss=299118.4688]
  Epoch 24/30:   7%|██▏                            | 4/58 [00:00<00:03, 15.98it/s, loss=297880.7188]
  Epoch 24/30:   7%|██▏                            | 4/58 [00:00<00:03, 15.98it/s, loss=319778.5938]
  Epoch 24/30:  10%|███▏                           | 6/58 [00:00<00:03, 16.12it/s, loss=319778.5938]
  Epoch 24/30:  10%|███▏                           | 6/58 [00:00<00:03, 16.12it/s, loss=305642.6250]
  Epoch 24/30:  10%|███▏                           | 6/58 [00:00<00:03, 16.12it/s, loss=264451.8125]
  Epoch 24/30:  14%|████▎                          | 8/58 [00:00<00:03, 15.77it/s, loss=264451.8125]
  Epoch 24/30:  14%|████▎                          | 8/58 [00:00<00:03, 15.77it/s, loss=258131.4844]
  Epoch 24/30:  14%|████▎                          | 8/58 [00:00<00:03, 15.77it/s, loss=317012.4688]
  Epoch 24/30:  17%|█████▏                        | 10/58 [00:00<00:03, 15.59it/s, loss=317012.4688]
  Epoch 24/30:  17%|█████▏                        | 10/58 [00:00<00:03, 15.59it/s, loss=272337.1875]
  Epoch 24/30:  17%|█████▏                        | 10/58 [00:00<00:03, 15.59it/s, loss=317755.5625]
  Epoch 24/30:  21%|██████▏                       | 12/58 [00:00<00:02, 15.67it/s, loss=317755.5625]
  Epoch 24/30:  21%|██████▏                       | 12/58 [00:00<00:02, 15.67it/s, loss=317275.6250]
  Epoch 24/30:  21%|██████▏                       | 12/58 [00:00<00:02, 15.67it/s, loss=241412.5625]
  Epoch 24/30:  24%|███████▏                      | 14/58 [00:00<00:02, 15.49it/s, loss=241412.5625]
  Epoch 24/30:  24%|███████▏                      | 14/58 [00:00<00:02, 15.49it/s, loss=311942.6875]
  Epoch 24/30:  24%|███████▏                      | 14/58 [00:01<00:02, 15.49it/s, loss=300823.0000]
  Epoch 24/30:  28%|████████▎                     | 16/58 [00:01<00:02, 15.47it/s, loss=300823.0000]
  Epoch 24/30:  28%|████████▎                     | 16/58 [00:01<00:02, 15.47it/s, loss=238612.3594]
  Epoch 24/30:  28%|████████▎                     | 16/58 [00:01<00:02, 15.47it/s, loss=281051.6875]
  Epoch 24/30:  31%|█████████▎                    | 18/58 [00:01<00:02, 15.59it/s, loss=281051.6875]
  Epoch 24/30:  31%|█████████▎                    | 18/58 [00:01<00:02, 15.59it/s, loss=272399.3438]
  Epoch 24/30:  31%|█████████▎                    | 18/58 [00:01<00:02, 15.59it/s, loss=289661.7188]
  Epoch 24/30:  34%|██████████▎                   | 20/58 [00:01<00:02, 15.33it/s, loss=289661.7188]
  Epoch 24/30:  34%|██████████▎                   | 20/58 [00:01<00:02, 15.33it/s, loss=255321.7500]
  Epoch 24/30:  34%|██████████▎                   | 20/58 [00:01<00:02, 15.33it/s, loss=270739.7500]
  Epoch 24/30:  38%|███████████▍                  | 22/58 [00:01<00:02, 15.18it/s, loss=270739.7500]
  Epoch 24/30:  38%|███████████▍                  | 22/58 [00:01<00:02, 15.18it/s, loss=235664.6250]
  Epoch 24/30:  38%|███████████▍                  | 22/58 [00:01<00:02, 15.18it/s, loss=274500.3438]
  Epoch 24/30:  41%|████████████▍                 | 24/58 [00:01<00:02, 14.96it/s, loss=274500.3438]
  Epoch 24/30:  41%|████████████▍                 | 24/58 [00:01<00:02, 14.96it/s, loss=281077.3750]
  Epoch 24/30:  41%|████████████▍                 | 24/58 [00:01<00:02, 14.96it/s, loss=245328.8125]
  Epoch 24/30:  45%|█████████████▍                | 26/58 [00:01<00:02, 15.34it/s, loss=245328.8125]
  Epoch 24/30:  45%|█████████████▍                | 26/58 [00:01<00:02, 15.34it/s, loss=261755.0000]
  Epoch 24/30:  45%|█████████████▍                | 26/58 [00:01<00:02, 15.34it/s, loss=262309.4062]
  Epoch 24/30:  48%|██████████████▍               | 28/58 [00:01<00:01, 15.07it/s, loss=262309.4062]
  Epoch 24/30:  48%|██████████████▍               | 28/58 [00:01<00:01, 15.07it/s, loss=266552.0000]
  Epoch 24/30:  48%|██████████████▍               | 28/58 [00:01<00:01, 15.07it/s, loss=242371.7188]
  Epoch 24/30:  52%|███████████████▌              | 30/58 [00:01<00:01, 14.85it/s, loss=242371.7188]
  Epoch 24/30:  52%|███████████████▌              | 30/58 [00:02<00:01, 14.85it/s, loss=219943.6719]
  Epoch 24/30:  52%|███████████████▌              | 30/58 [00:02<00:01, 14.85it/s, loss=238887.7969]
  Epoch 24/30:  55%|████████████████▌             | 32/58 [00:02<00:01, 16.02it/s, loss=238887.7969]
  Epoch 24/30:  55%|████████████████▌             | 32/58 [00:02<00:01, 16.02it/s, loss=278955.6562]
  Epoch 24/30:  55%|████████████████▌             | 32/58 [00:02<00:01, 16.02it/s, loss=275360.9688]
  Epoch 24/30:  59%|█████████████████▌            | 34/58 [00:02<00:01, 15.87it/s, loss=275360.9688]
  Epoch 24/30:  59%|█████████████████▌            | 34/58 [00:02<00:01, 15.87it/s, loss=267505.8125]
  Epoch 24/30:  59%|█████████████████▌            | 34/58 [00:02<00:01, 15.87it/s, loss=243181.0312]
  Epoch 24/30:  62%|██████████████████▌           | 36/58 [00:02<00:01, 15.83it/s, loss=243181.0312]
  Epoch 24/30:  62%|██████████████████▌           | 36/58 [00:02<00:01, 15.83it/s, loss=285724.1250]
  Epoch 24/30:  62%|██████████████████▌           | 36/58 [00:02<00:01, 15.83it/s, loss=217505.5469]
  Epoch 24/30:  66%|███████████████████▋          | 38/58 [00:02<00:01, 15.54it/s, loss=217505.5469]
  Epoch 24/30:  66%|███████████████████▋          | 38/58 [00:02<00:01, 15.54it/s, loss=275949.7188]
  Epoch 24/30:  66%|███████████████████▋          | 38/58 [00:02<00:01, 15.54it/s, loss=257064.7969]
  Epoch 24/30:  69%|████████████████████▋         | 40/58 [00:02<00:01, 15.22it/s, loss=257064.7969]
  Epoch 24/30:  69%|████████████████████▋         | 40/58 [00:02<00:01, 15.22it/s, loss=242879.9844]
  Epoch 24/30:  69%|████████████████████▋         | 40/58 [00:02<00:01, 15.22it/s, loss=256850.8438]
  Epoch 24/30:  72%|█████████████████████▋        | 42/58 [00:02<00:01, 15.59it/s, loss=256850.8438]
  Epoch 24/30:  72%|█████████████████████▋        | 42/58 [00:02<00:01, 15.59it/s, loss=248771.5938]
  Epoch 24/30:  72%|█████████████████████▋        | 42/58 [00:02<00:01, 15.59it/s, loss=287895.0000]
  Epoch 24/30:  76%|██████████████████████▊       | 44/58 [00:02<00:00, 15.83it/s, loss=287895.0000]
  Epoch 24/30:  76%|██████████████████████▊       | 44/58 [00:02<00:00, 15.83it/s, loss=243565.6250]
  Epoch 24/30:  76%|██████████████████████▊       | 44/58 [00:02<00:00, 15.83it/s, loss=250157.4844]
  Epoch 24/30:  79%|███████████████████████▊      | 46/58 [00:02<00:00, 16.04it/s, loss=250157.4844]
  Epoch 24/30:  79%|███████████████████████▊      | 46/58 [00:03<00:00, 16.04it/s, loss=268583.5625]
  Epoch 24/30:  79%|███████████████████████▊      | 46/58 [00:03<00:00, 16.04it/s, loss=239221.8125]
  Epoch 24/30:  83%|████████████████████████▊     | 48/58 [00:03<00:00, 16.33it/s, loss=239221.8125]
  Epoch 24/30:  83%|████████████████████████▊     | 48/58 [00:03<00:00, 16.33it/s, loss=211771.8594]
  Epoch 24/30:  83%|████████████████████████▊     | 48/58 [00:03<00:00, 16.33it/s, loss=239858.7188]
  Epoch 24/30:  86%|█████████████████████████▊    | 50/58 [00:03<00:00, 15.81it/s, loss=239858.7188]
  Epoch 24/30:  86%|█████████████████████████▊    | 50/58 [00:03<00:00, 15.81it/s, loss=256861.4219]
  Epoch 24/30:  86%|█████████████████████████▊    | 50/58 [00:03<00:00, 15.81it/s, loss=261051.0625]
  Epoch 24/30:  90%|██████████████████████████▉   | 52/58 [00:03<00:00, 16.01it/s, loss=261051.0625]
  Epoch 24/30:  90%|██████████████████████████▉   | 52/58 [00:03<00:00, 16.01it/s, loss=230891.8438]
  Epoch 24/30:  90%|██████████████████████████▉   | 52/58 [00:03<00:00, 16.01it/s, loss=234512.2500]
  Epoch 24/30:  93%|███████████████████████████▉  | 54/58 [00:03<00:00, 15.66it/s, loss=234512.2500]
  Epoch 24/30:  93%|███████████████████████████▉  | 54/58 [00:03<00:00, 15.66it/s, loss=250900.4375]
  Epoch 24/30:  93%|███████████████████████████▉  | 54/58 [00:03<00:00, 15.66it/s, loss=234415.0312]
  Epoch 24/30:  97%|████████████████████████████▉ | 56/58 [00:03<00:00, 15.27it/s, loss=234415.0312]
  Epoch 24/30:  97%|████████████████████████████▉ | 56/58 [00:03<00:00, 15.27it/s, loss=200916.2500]
  Epoch 24/30:  97%|████████████████████████████▉ | 56/58 [00:03<00:00, 15.27it/s, loss=168394.6875]
  Epoch 24/30: 100%|██████████████████████████████| 58/58 [00:03<00:00, 16.17it/s, loss=168394.6875]
                                                                                                    

  Epoch 25/30:   0%|                                                         | 0/58 [00:00<?, ?it/s]
  Epoch 25/30:   0%|                                       | 0/58 [00:00<?, ?it/s, loss=259294.3125]
  Epoch 25/30:   0%|                                       | 0/58 [00:00<?, ?it/s, loss=253115.1562]
  Epoch 25/30:   3%|█                              | 2/58 [00:00<00:03, 16.95it/s, loss=253115.1562]
  Epoch 25/30:   3%|█                              | 2/58 [00:00<00:03, 16.95it/s, loss=224176.4688]
  Epoch 25/30:   3%|█                              | 2/58 [00:00<00:03, 16.95it/s, loss=218108.6719]
  Epoch 25/30:   7%|██▏                            | 4/58 [00:00<00:03, 16.23it/s, loss=218108.6719]
  Epoch 25/30:   7%|██▏                            | 4/58 [00:00<00:03, 16.23it/s, loss=223373.7500]
  Epoch 25/30:   7%|██▏                            | 4/58 [00:00<00:03, 16.23it/s, loss=237798.4219]
  Epoch 25/30:  10%|███▏                           | 6/58 [00:00<00:03, 15.42it/s, loss=237798.4219]
  Epoch 25/30:  10%|███▏                           | 6/58 [00:00<00:03, 15.42it/s, loss=214326.8750]
  Epoch 25/30:  10%|███▏                           | 6/58 [00:00<00:03, 15.42it/s, loss=222765.2969]
  Epoch 25/30:  14%|████▎                          | 8/58 [00:00<00:03, 15.13it/s, loss=222765.2969]
  Epoch 25/30:  14%|████▎                          | 8/58 [00:00<00:03, 15.13it/s, loss=213864.2969]
  Epoch 25/30:  14%|████▎                          | 8/58 [00:00<00:03, 15.13it/s, loss=253324.8594]
  Epoch 25/30:  17%|█████▏                        | 10/58 [00:00<00:03, 15.58it/s, loss=253324.8594]
  Epoch 25/30:  17%|█████▏                        | 10/58 [00:00<00:03, 15.58it/s, loss=207963.4062]
  Epoch 25/30:  17%|█████▏                        | 10/58 [00:00<00:03, 15.58it/s, loss=209075.4062]
  Epoch 25/30:  21%|██████▏                       | 12/58 [00:00<00:02, 15.61it/s, loss=209075.4062]
  Epoch 25/30:  21%|██████▏                       | 12/58 [00:00<00:02, 15.61it/s, loss=271909.5000]
  Epoch 25/30:  21%|██████▏                       | 12/58 [00:00<00:02, 15.61it/s, loss=189581.9688]
  Epoch 25/30:  24%|███████▏                      | 14/58 [00:00<00:02, 15.41it/s, loss=189581.9688]
  Epoch 25/30:  24%|███████▏                      | 14/58 [00:00<00:02, 15.41it/s, loss=216667.0312]
  Epoch 25/30:  24%|███████▏                      | 14/58 [00:01<00:02, 15.41it/s, loss=237256.0469]
  Epoch 25/30:  28%|████████▎                     | 16/58 [00:01<00:02, 15.43it/s, loss=237256.0469]
  Epoch 25/30:  28%|████████▎                     | 16/58 [00:01<00:02, 15.43it/s, loss=204277.0938]
  Epoch 25/30:  28%|████████▎                     | 16/58 [00:01<00:02, 15.43it/s, loss=218411.9219]
  Epoch 25/30:  31%|█████████▎                    | 18/58 [00:01<00:02, 15.18it/s, loss=218411.9219]
  Epoch 25/30:  31%|█████████▎                    | 18/58 [00:01<00:02, 15.18it/s, loss=254044.1562]
  Epoch 25/30:  31%|█████████▎                    | 18/58 [00:01<00:02, 15.18it/s, loss=221831.5938]
  Epoch 25/30:  34%|██████████▎                   | 20/58 [00:01<00:02, 15.01it/s, loss=221831.5938]
  Epoch 25/30:  34%|██████████▎                   | 20/58 [00:01<00:02, 15.01it/s, loss=211468.6719]
  Epoch 25/30:  34%|██████████▎                   | 20/58 [00:01<00:02, 15.01it/s, loss=233195.4688]
  Epoch 25/30:  38%|███████████▍                  | 22/58 [00:01<00:02, 15.09it/s, loss=233195.4688]
  Epoch 25/30:  38%|███████████▍                  | 22/58 [00:01<00:02, 15.09it/s, loss=224119.4688]
  Epoch 25/30:  38%|███████████▍                  | 22/58 [00:01<00:02, 15.09it/s, loss=197584.5938]
  Epoch 25/30:  41%|████████████▍                 | 24/58 [00:01<00:02, 15.79it/s, loss=197584.5938]
  Epoch 25/30:  41%|████████████▍                 | 24/58 [00:01<00:02, 15.79it/s, loss=221387.7500]
  Epoch 25/30:  41%|████████████▍                 | 24/58 [00:01<00:02, 15.79it/s, loss=222009.7500]
  Epoch 25/30:  45%|█████████████▍                | 26/58 [00:01<00:02, 15.38it/s, loss=222009.7500]
  Epoch 25/30:  45%|█████████████▍                | 26/58 [00:01<00:02, 15.38it/s, loss=200887.1250]
  Epoch 25/30:  45%|█████████████▍                | 26/58 [00:01<00:02, 15.38it/s, loss=225276.6250]
  Epoch 25/30:  48%|██████████████▍               | 28/58 [00:01<00:01, 15.20it/s, loss=225276.6250]
  Epoch 25/30:  48%|██████████████▍               | 28/58 [00:01<00:01, 15.20it/s, loss=187141.3594]
  Epoch 25/30:  48%|██████████████▍               | 28/58 [00:01<00:01, 15.20it/s, loss=193898.0938]
  Epoch 25/30:  52%|███████████████▌              | 30/58 [00:01<00:01, 15.57it/s, loss=193898.0938]
  Epoch 25/30:  52%|███████████████▌              | 30/58 [00:02<00:01, 15.57it/s, loss=208170.1719]
  Epoch 25/30:  52%|███████████████▌              | 30/58 [00:02<00:01, 15.57it/s, loss=162834.4062]
  Epoch 25/30:  55%|████████████████▌             | 32/58 [00:02<00:01, 15.44it/s, loss=162834.4062]
  Epoch 25/30:  55%|████████████████▌             | 32/58 [00:02<00:01, 15.44it/s, loss=206635.9219]
  Epoch 25/30:  55%|████████████████▌             | 32/58 [00:02<00:01, 15.44it/s, loss=195781.2188]
  Epoch 25/30:  59%|█████████████████▌            | 34/58 [00:02<00:01, 15.23it/s, loss=195781.2188]
  Epoch 25/30:  59%|█████████████████▌            | 34/58 [00:02<00:01, 15.23it/s, loss=236723.8750]
  Epoch 25/30:  59%|█████████████████▌            | 34/58 [00:02<00:01, 15.23it/s, loss=235077.1250]
  Epoch 25/30:  62%|██████████████████▌           | 36/58 [00:02<00:01, 15.28it/s, loss=235077.1250]
  Epoch 25/30:  62%|██████████████████▌           | 36/58 [00:02<00:01, 15.28it/s, loss=179041.7500]
  Epoch 25/30:  62%|██████████████████▌           | 36/58 [00:02<00:01, 15.28it/s, loss=171308.5312]
  Epoch 25/30:  66%|███████████████████▋          | 38/58 [00:02<00:01, 15.12it/s, loss=171308.5312]
  Epoch 25/30:  66%|███████████████████▋          | 38/58 [00:02<00:01, 15.12it/s, loss=192655.2500]
  Epoch 25/30:  66%|███████████████████▋          | 38/58 [00:02<00:01, 15.12it/s, loss=193743.7969]
  Epoch 25/30:  69%|████████████████████▋         | 40/58 [00:02<00:01, 14.81it/s, loss=193743.7969]
  Epoch 25/30:  69%|████████████████████▋         | 40/58 [00:02<00:01, 14.81it/s, loss=215688.6250]
  Epoch 25/30:  69%|████████████████████▋         | 40/58 [00:02<00:01, 14.81it/s, loss=160019.8750]
  Epoch 25/30:  72%|█████████████████████▋        | 42/58 [00:02<00:01, 15.30it/s, loss=160019.8750]
  Epoch 25/30:  72%|█████████████████████▋        | 42/58 [00:02<00:01, 15.30it/s, loss=223006.4219]
  Epoch 25/30:  72%|█████████████████████▋        | 42/58 [00:02<00:01, 15.30it/s, loss=208584.3438]
  Epoch 25/30:  76%|██████████████████████▊       | 44/58 [00:02<00:00, 15.34it/s, loss=208584.3438]
  Epoch 25/30:  76%|██████████████████████▊       | 44/58 [00:02<00:00, 15.34it/s, loss=187025.8438]
  Epoch 25/30:  76%|██████████████████████▊       | 44/58 [00:03<00:00, 15.34it/s, loss=211200.9688]
  Epoch 25/30:  79%|███████████████████████▊      | 46/58 [00:03<00:00, 15.01it/s, loss=211200.9688]
  Epoch 25/30:  79%|███████████████████████▊      | 46/58 [00:03<00:00, 15.01it/s, loss=195503.0469]
  Epoch 25/30:  79%|███████████████████████▊      | 46/58 [00:03<00:00, 15.01it/s, loss=185441.4688]
  Epoch 25/30:  83%|████████████████████████▊     | 48/58 [00:03<00:00, 14.92it/s, loss=185441.4688]
  Epoch 25/30:  83%|████████████████████████▊     | 48/58 [00:03<00:00, 14.92it/s, loss=157170.1094]
  Epoch 25/30:  83%|████████████████████████▊     | 48/58 [00:03<00:00, 14.92it/s, loss=163783.3125]
  Epoch 25/30:  86%|█████████████████████████▊    | 50/58 [00:03<00:00, 14.87it/s, loss=163783.3125]
  Epoch 25/30:  86%|█████████████████████████▊    | 50/58 [00:03<00:00, 14.87it/s, loss=203197.0938]
  Epoch 25/30:  86%|█████████████████████████▊    | 50/58 [00:03<00:00, 14.87it/s, loss=189180.7188]
  Epoch 25/30:  90%|██████████████████████████▉   | 52/58 [00:03<00:00, 14.95it/s, loss=189180.7188]
  Epoch 25/30:  90%|██████████████████████████▉   | 52/58 [00:03<00:00, 14.95it/s, loss=181682.0938]
  Epoch 25/30:  90%|██████████████████████████▉   | 52/58 [00:03<00:00, 14.95it/s, loss=170118.0156]
  Epoch 25/30:  93%|███████████████████████████▉  | 54/58 [00:03<00:00, 14.71it/s, loss=170118.0156]
  Epoch 25/30:  93%|███████████████████████████▉  | 54/58 [00:03<00:00, 14.71it/s, loss=221910.2812]
  Epoch 25/30:  93%|███████████████████████████▉  | 54/58 [00:03<00:00, 14.71it/s, loss=186593.8594]
  Epoch 25/30:  97%|████████████████████████████▉ | 56/58 [00:03<00:00, 14.79it/s, loss=186593.8594]
  Epoch 25/30:  97%|████████████████████████████▉ | 56/58 [00:03<00:00, 14.79it/s, loss=177619.4375]
  Epoch 25/30:  97%|████████████████████████████▉ | 56/58 [00:03<00:00, 14.79it/s, loss=177325.3750]
  Epoch 25/30: 100%|██████████████████████████████| 58/58 [00:03<00:00, 15.91it/s, loss=177325.3750]
                                                                                                    
  Epoch 25/30 │ Loss: 208019.9669 │ T+1: -37850764.0000 │ T+2: -27856504.0000 │ T+3: -151151312.0000 ★ NEW BEST

  Epoch 26/30:   0%|                                                         | 0/58 [00:00<?, ?it/s]
  Epoch 26/30:   0%|                                       | 0/58 [00:00<?, ?it/s, loss=171426.1875]
  Epoch 26/30:   0%|                                       | 0/58 [00:00<?, ?it/s, loss=183672.4688]
  Epoch 26/30:   0%|                                       | 0/58 [00:00<?, ?it/s, loss=180919.3438]
  Epoch 26/30:   5%|█▌                             | 3/58 [00:00<00:02, 19.10it/s, loss=180919.3438]
  Epoch 26/30:   5%|█▌                             | 3/58 [00:00<00:02, 19.10it/s, loss=194205.6719]
  Epoch 26/30:   5%|█▌                             | 3/58 [00:00<00:02, 19.10it/s, loss=180005.3438]
  Epoch 26/30:   5%|█▌                             | 3/58 [00:00<00:02, 19.10it/s, loss=171630.9688]
  Epoch 26/30:  10%|███▏                           | 6/58 [00:00<00:02, 19.74it/s, loss=171630.9688]
  Epoch 26/30:  10%|███▏                           | 6/58 [00:00<00:02, 19.74it/s, loss=178567.0469]
  Epoch 26/30:  10%|███▏                           | 6/58 [00:00<00:02, 19.74it/s, loss=168117.8281]
  Epoch 26/30:  14%|████▎                          | 8/58 [00:00<00:02, 17.40it/s, loss=168117.8281]
  Epoch 26/30:  14%|████▎                          | 8/58 [00:00<00:02, 17.40it/s, loss=162670.5312]
  Epoch 26/30:  14%|████▎                          | 8/58 [00:00<00:02, 17.40it/s, loss=168283.5625]
  Epoch 26/30:  17%|█████▏                        | 10/58 [00:00<00:02, 17.49it/s, loss=168283.5625]
  Epoch 26/30:  17%|█████▏                        | 10/58 [00:00<00:02, 17.49it/s, loss=197636.4375]
  Epoch 26/30:  17%|█████▏                        | 10/58 [00:00<00:02, 17.49it/s, loss=197129.4219]
  Epoch 26/30:  21%|██████▏                       | 12/58 [00:00<00:02, 16.77it/s, loss=197129.4219]
  Epoch 26/30:  21%|██████▏                       | 12/58 [00:00<00:02, 16.77it/s, loss=160073.5312]
  Epoch 26/30:  21%|██████▏                       | 12/58 [00:00<00:02, 16.77it/s, loss=186073.8750]
  Epoch 26/30:  24%|███████▏                      | 14/58 [00:00<00:02, 16.36it/s, loss=186073.8750]
  Epoch 26/30:  24%|███████▏                      | 14/58 [00:00<00:02, 16.36it/s, loss=194275.3438]
  Epoch 26/30:  24%|███████▏                      | 14/58 [00:00<00:02, 16.36it/s, loss=168690.2969]
  Epoch 26/30:  28%|████████▎                     | 16/58 [00:00<00:02, 16.39it/s, loss=168690.2969]
  Epoch 26/30:  28%|████████▎                     | 16/58 [00:01<00:02, 16.39it/s, loss=161771.0000]
  Epoch 26/30:  28%|████████▎                     | 16/58 [00:01<00:02, 16.39it/s, loss=175219.1719]
  Epoch 26/30:  31%|█████████▎                    | 18/58 [00:01<00:02, 15.60it/s, loss=175219.1719]
  Epoch 26/30:  31%|█████████▎                    | 18/58 [00:01<00:02, 15.60it/s, loss=173559.9688]
  Epoch 26/30:  31%|█████████▎                    | 18/58 [00:01<00:02, 15.60it/s, loss=165574.0000]
  Epoch 26/30:  34%|██████████▎                   | 20/58 [00:01<00:02, 15.62it/s, loss=165574.0000]
  Epoch 26/30:  34%|██████████▎                   | 20/58 [00:01<00:02, 15.62it/s, loss=178945.6875]
  Epoch 26/30:  34%|██████████▎                   | 20/58 [00:01<00:02, 15.62it/s, loss=184497.6250]
  Epoch 26/30:  38%|███████████▍                  | 22/58 [00:01<00:02, 15.42it/s, loss=184497.6250]
  Epoch 26/30:  38%|███████████▍                  | 22/58 [00:01<00:02, 15.42it/s, loss=180955.9375]
  Epoch 26/30:  38%|███████████▍                  | 22/58 [00:01<00:02, 15.42it/s, loss=160275.8281]
  Epoch 26/30:  41%|████████████▍                 | 24/58 [00:01<00:02, 14.80it/s, loss=160275.8281]
  Epoch 26/30:  41%|████████████▍                 | 24/58 [00:01<00:02, 14.80it/s, loss=161675.6094]
  Epoch 26/30:  41%|████████████▍                 | 24/58 [00:01<00:02, 14.80it/s, loss=157571.0625]
  Epoch 26/30:  45%|█████████████▍                | 26/58 [00:01<00:02, 14.74it/s, loss=157571.0625]
  Epoch 26/30:  45%|█████████████▍                | 26/58 [00:01<00:02, 14.74it/s, loss=155816.2812]
  Epoch 26/30:  45%|█████████████▍                | 26/58 [00:01<00:02, 14.74it/s, loss=179387.5312]
  Epoch 26/30:  48%|██████████████▍               | 28/58 [00:01<00:02, 14.96it/s, loss=179387.5312]
  Epoch 26/30:  48%|██████████████▍               | 28/58 [00:01<00:02, 14.96it/s, loss=141241.5781]
  Epoch 26/30:  48%|██████████████▍               | 28/58 [00:01<00:02, 14.96it/s, loss=144445.8750]
  Epoch 26/30:  52%|███████████████▌              | 30/58 [00:01<00:01, 15.23it/s, loss=144445.8750]
  Epoch 26/30:  52%|███████████████▌              | 30/58 [00:01<00:01, 15.23it/s, loss=162549.6875]
  Epoch 26/30:  52%|███████████████▌              | 30/58 [00:02<00:01, 15.23it/s, loss=162821.5625]
  Epoch 26/30:  55%|████████████████▌             | 32/58 [00:02<00:01, 15.21it/s, loss=162821.5625]
  Epoch 26/30:  55%|████████████████▌             | 32/58 [00:02<00:01, 15.21it/s, loss=185834.7188]
  Epoch 26/30:  55%|████████████████▌             | 32/58 [00:02<00:01, 15.21it/s, loss=173882.5625]
  Epoch 26/30:  59%|█████████████████▌            | 34/58 [00:02<00:01, 14.86it/s, loss=173882.5625]
  Epoch 26/30:  59%|█████████████████▌            | 34/58 [00:02<00:01, 14.86it/s, loss=164075.2500]
  Epoch 26/30:  59%|█████████████████▌            | 34/58 [00:02<00:01, 14.86it/s, loss=132512.6562]
  Epoch 26/30:  62%|██████████████████▌           | 36/58 [00:02<00:01, 15.24it/s, loss=132512.6562]
  Epoch 26/30:  62%|██████████████████▌           | 36/58 [00:02<00:01, 15.24it/s, loss=169608.6250]
  Epoch 26/30:  62%|██████████████████▌           | 36/58 [00:02<00:01, 15.24it/s, loss=182224.3438]
  Epoch 26/30:  66%|███████████████████▋          | 38/58 [00:02<00:01, 15.12it/s, loss=182224.3438]
  Epoch 26/30:  66%|███████████████████▋          | 38/58 [00:02<00:01, 15.12it/s, loss=150783.0312]
  Epoch 26/30:  66%|███████████████████▋          | 38/58 [00:02<00:01, 15.12it/s, loss=167163.7344]
  Epoch 26/30:  69%|████████████████████▋         | 40/58 [00:02<00:01, 15.47it/s, loss=167163.7344]
  Epoch 26/30:  69%|████████████████████▋         | 40/58 [00:02<00:01, 15.47it/s, loss=176283.6250]
  Epoch 26/30:  69%|████████████████████▋         | 40/58 [00:02<00:01, 15.47it/s, loss=142173.2031]
  Epoch 26/30:  72%|█████████████████████▋        | 42/58 [00:02<00:01, 15.65it/s, loss=142173.2031]
  Epoch 26/30:  72%|█████████████████████▋        | 42/58 [00:02<00:01, 15.65it/s, loss=139646.2500]
  Epoch 26/30:  72%|█████████████████████▋        | 42/58 [00:02<00:01, 15.65it/s, loss=152421.7812]
  Epoch 26/30:  76%|██████████████████████▊       | 44/58 [00:02<00:00, 16.62it/s, loss=152421.7812]
  Epoch 26/30:  76%|██████████████████████▊       | 44/58 [00:02<00:00, 16.62it/s, loss=141781.4062]
  Epoch 26/30:  76%|██████████████████████▊       | 44/58 [00:02<00:00, 16.62it/s, loss=145770.6562]
  Epoch 26/30:  79%|███████████████████████▊      | 46/58 [00:02<00:00, 16.37it/s, loss=145770.6562]
  Epoch 26/30:  79%|███████████████████████▊      | 46/58 [00:02<00:00, 16.37it/s, loss=168430.4062]
  Epoch 26/30:  79%|███████████████████████▊      | 46/58 [00:03<00:00, 16.37it/s, loss=156106.9375]
  Epoch 26/30:  83%|████████████████████████▊     | 48/58 [00:03<00:00, 16.24it/s, loss=156106.9375]
  Epoch 26/30:  83%|████████████████████████▊     | 48/58 [00:03<00:00, 16.24it/s, loss=144272.4688]
  Epoch 26/30:  83%|████████████████████████▊     | 48/58 [00:03<00:00, 16.24it/s, loss=155485.4375]
  Epoch 26/30:  86%|█████████████████████████▊    | 50/58 [00:03<00:00, 15.90it/s, loss=155485.4375]
  Epoch 26/30:  86%|█████████████████████████▊    | 50/58 [00:03<00:00, 15.90it/s, loss=142899.5312]
  Epoch 26/30:  86%|█████████████████████████▊    | 50/58 [00:03<00:00, 15.90it/s, loss=170864.4062]
  Epoch 26/30:  90%|██████████████████████████▉   | 52/58 [00:03<00:00, 15.29it/s, loss=170864.4062]
  Epoch 26/30:  90%|██████████████████████████▉   | 52/58 [00:03<00:00, 15.29it/s, loss=160479.8125]
  Epoch 26/30:  90%|██████████████████████████▉   | 52/58 [00:03<00:00, 15.29it/s, loss=133881.4062]
  Epoch 26/30:  93%|███████████████████████████▉  | 54/58 [00:03<00:00, 11.83it/s, loss=133881.4062]
  Epoch 26/30:  93%|███████████████████████████▉  | 54/58 [00:03<00:00, 11.83it/s, loss=140899.6875]
  Epoch 26/30:  93%|███████████████████████████▉  | 54/58 [00:03<00:00, 11.83it/s, loss=142548.6250]
  Epoch 26/30:  97%|████████████████████████████▉ | 56/58 [00:03<00:00, 13.22it/s, loss=142548.6250]
  Epoch 26/30:  97%|████████████████████████████▉ | 56/58 [00:03<00:00, 13.22it/s, loss=147649.1562]
  Epoch 26/30:  97%|█████████████████████████████▉ | 56/58 [00:03<00:00, 13.22it/s, loss=79933.9219]
  Epoch 26/30: 100%|███████████████████████████████| 58/58 [00:03<00:00, 14.26it/s, loss=79933.9219]
                                                                                                    

  Epoch 27/30:   0%|                                                         | 0/58 [00:00<?, ?it/s]
  Epoch 27/30:   0%|                                       | 0/58 [00:00<?, ?it/s, loss=148194.2344]
  Epoch 27/30:   0%|                                       | 0/58 [00:00<?, ?it/s, loss=136881.2656]
  Epoch 27/30:   3%|█                              | 2/58 [00:00<00:03, 15.37it/s, loss=136881.2656]
  Epoch 27/30:   3%|█                              | 2/58 [00:00<00:03, 15.37it/s, loss=154809.4062]
  Epoch 27/30:   3%|█                              | 2/58 [00:00<00:03, 15.37it/s, loss=139141.9531]
  Epoch 27/30:   7%|██▏                            | 4/58 [00:00<00:03, 14.53it/s, loss=139141.9531]
  Epoch 27/30:   7%|██▏                            | 4/58 [00:00<00:03, 14.53it/s, loss=142492.3281]
  Epoch 27/30:   7%|██▏                            | 4/58 [00:00<00:03, 14.53it/s, loss=143116.5156]
  Epoch 27/30:  10%|███▏                           | 6/58 [00:00<00:03, 14.99it/s, loss=143116.5156]
  Epoch 27/30:  10%|███▏                           | 6/58 [00:00<00:03, 14.99it/s, loss=152371.5156]
  Epoch 27/30:  10%|███▏                           | 6/58 [00:00<00:03, 14.99it/s, loss=129504.1094]
  Epoch 27/30:  14%|████▎                          | 8/58 [00:00<00:03, 15.10it/s, loss=129504.1094]
  Epoch 27/30:  14%|████▎                          | 8/58 [00:00<00:03, 15.10it/s, loss=122647.8125]
  Epoch 27/30:  14%|████▎                          | 8/58 [00:00<00:03, 15.10it/s, loss=133775.6562]
  Epoch 27/30:  17%|█████▏                        | 10/58 [00:00<00:03, 15.01it/s, loss=133775.6562]
  Epoch 27/30:  17%|█████▏                        | 10/58 [00:00<00:03, 15.01it/s, loss=139006.5312]
  Epoch 27/30:  17%|█████▏                        | 10/58 [00:00<00:03, 15.01it/s, loss=151623.6562]
  Epoch 27/30:  21%|██████▏                       | 12/58 [00:00<00:03, 15.25it/s, loss=151623.6562]
  Epoch 27/30:  21%|██████▏                       | 12/58 [00:00<00:03, 15.25it/s, loss=151989.2812]
  Epoch 27/30:  21%|██████▏                       | 12/58 [00:00<00:03, 15.25it/s, loss=133013.5938]
  Epoch 27/30:  24%|███████▏                      | 14/58 [00:00<00:02, 15.75it/s, loss=133013.5938]
  Epoch 27/30:  24%|███████▏                      | 14/58 [00:00<00:02, 15.75it/s, loss=124725.0938]
  Epoch 27/30:  24%|███████▏                      | 14/58 [00:01<00:02, 15.75it/s, loss=145219.1562]
  Epoch 27/30:  28%|████████▎                     | 16/58 [00:01<00:02, 15.23it/s, loss=145219.1562]
  Epoch 27/30:  28%|████████▎                     | 16/58 [00:01<00:02, 15.23it/s, loss=149495.8438]
  Epoch 27/30:  28%|████████▎                     | 16/58 [00:01<00:02, 15.23it/s, loss=139859.3125]
  Epoch 27/30:  31%|█████████▎                    | 18/58 [00:01<00:02, 15.44it/s, loss=139859.3125]
  Epoch 27/30:  31%|█████████▎                    | 18/58 [00:01<00:02, 15.44it/s, loss=134766.6562]
  Epoch 27/30:  31%|█████████▎                    | 18/58 [00:01<00:02, 15.44it/s, loss=138374.0938]
  Epoch 27/30:  34%|██████████▎                   | 20/58 [00:01<00:02, 15.24it/s, loss=138374.0938]
  Epoch 27/30:  34%|██████████▎                   | 20/58 [00:01<00:02, 15.24it/s, loss=156866.5312]
  Epoch 27/30:  34%|██████████▎                   | 20/58 [00:01<00:02, 15.24it/s, loss=138264.9062]
  Epoch 27/30:  38%|███████████▍                  | 22/58 [00:01<00:02, 16.02it/s, loss=138264.9062]
  Epoch 27/30:  38%|███████████▍                  | 22/58 [00:01<00:02, 16.02it/s, loss=112887.7656]
  Epoch 27/30:  38%|███████████▍                  | 22/58 [00:01<00:02, 16.02it/s, loss=112119.1484]
  Epoch 27/30:  41%|████████████▍                 | 24/58 [00:01<00:02, 16.20it/s, loss=112119.1484]
  Epoch 27/30:  41%|████████████▍                 | 24/58 [00:01<00:02, 16.20it/s, loss=136001.3750]
  Epoch 27/30:  41%|████████████▍                 | 24/58 [00:01<00:02, 16.20it/s, loss=104254.0469]
  Epoch 27/30:  45%|█████████████▍                | 26/58 [00:01<00:01, 16.92it/s, loss=104254.0469]
  Epoch 27/30:  45%|█████████████▍                | 26/58 [00:01<00:01, 16.92it/s, loss=116837.3125]
  Epoch 27/30:  45%|█████████████▍                | 26/58 [00:01<00:01, 16.92it/s, loss=121605.6875]
  Epoch 27/30:  48%|██████████████▍               | 28/58 [00:01<00:01, 16.44it/s, loss=121605.6875]
  Epoch 27/30:  48%|██████████████▍               | 28/58 [00:01<00:01, 16.44it/s, loss=128064.4922]
  Epoch 27/30:  48%|██████████████▍               | 28/58 [00:01<00:01, 16.44it/s, loss=151551.2969]
  Epoch 27/30:  52%|███████████████▌              | 30/58 [00:01<00:01, 16.37it/s, loss=151551.2969]
  Epoch 27/30:  52%|███████████████▌              | 30/58 [00:01<00:01, 16.37it/s, loss=146039.7969]
  Epoch 27/30:  52%|███████████████▌              | 30/58 [00:02<00:01, 16.37it/s, loss=127480.3047]
  Epoch 27/30:  55%|████████████████▌             | 32/58 [00:02<00:01, 16.07it/s, loss=127480.3047]
  Epoch 27/30:  55%|████████████████▌             | 32/58 [00:02<00:01, 16.07it/s, loss=143460.2500]
  Epoch 27/30:  55%|████████████████▌             | 32/58 [00:02<00:01, 16.07it/s, loss=122260.9062]
  Epoch 27/30:  59%|█████████████████▌            | 34/58 [00:02<00:01, 15.58it/s, loss=122260.9062]
  Epoch 27/30:  59%|█████████████████▌            | 34/58 [00:02<00:01, 15.58it/s, loss=116122.6094]
  Epoch 27/30:  59%|█████████████████▌            | 34/58 [00:02<00:01, 15.58it/s, loss=142452.1094]
  Epoch 27/30:  62%|██████████████████▌           | 36/58 [00:02<00:01, 15.18it/s, loss=142452.1094]
  Epoch 27/30:  62%|██████████████████▌           | 36/58 [00:02<00:01, 15.18it/s, loss=112476.6172]
  Epoch 27/30:  62%|██████████████████▌           | 36/58 [00:02<00:01, 15.18it/s, loss=122685.2344]
  Epoch 27/30:  66%|███████████████████▋          | 38/58 [00:02<00:01, 15.24it/s, loss=122685.2344]
  Epoch 27/30:  66%|███████████████████▋          | 38/58 [00:02<00:01, 15.24it/s, loss=144602.1094]
  Epoch 27/30:  66%|███████████████████▋          | 38/58 [00:02<00:01, 15.24it/s, loss=124453.1172]
  Epoch 27/30:  69%|████████████████████▋         | 40/58 [00:02<00:01, 15.16it/s, loss=124453.1172]
  Epoch 27/30:  69%|████████████████████▋         | 40/58 [00:02<00:01, 15.16it/s, loss=134708.7500]
  Epoch 27/30:  69%|████████████████████▋         | 40/58 [00:02<00:01, 15.16it/s, loss=119367.9531]
  Epoch 27/30:  72%|█████████████████████▋        | 42/58 [00:02<00:01, 14.88it/s, loss=119367.9531]
  Epoch 27/30:  72%|█████████████████████▋        | 42/58 [00:02<00:01, 14.88it/s, loss=132146.6406]
  Epoch 27/30:  72%|█████████████████████▋        | 42/58 [00:02<00:01, 14.88it/s, loss=126700.8984]
  Epoch 27/30:  76%|██████████████████████▊       | 44/58 [00:02<00:00, 15.13it/s, loss=126700.8984]
  Epoch 27/30:  76%|██████████████████████▊       | 44/58 [00:02<00:00, 15.13it/s, loss=127523.2188]
  Epoch 27/30:  76%|██████████████████████▊       | 44/58 [00:02<00:00, 15.13it/s, loss=116614.8984]
  Epoch 27/30:  79%|███████████████████████▊      | 46/58 [00:02<00:00, 15.23it/s, loss=116614.8984]
  Epoch 27/30:  79%|███████████████████████▊      | 46/58 [00:03<00:00, 15.23it/s, loss=128749.5859]
  Epoch 27/30:  79%|███████████████████████▊      | 46/58 [00:03<00:00, 15.23it/s, loss=119454.0859]
  Epoch 27/30:  83%|████████████████████████▊     | 48/58 [00:03<00:00, 15.59it/s, loss=119454.0859]
  Epoch 27/30:  83%|████████████████████████▊     | 48/58 [00:03<00:00, 15.59it/s, loss=125266.2188]
  Epoch 27/30:  83%|████████████████████████▊     | 48/58 [00:03<00:00, 15.59it/s, loss=133336.4375]
  Epoch 27/30:  86%|█████████████████████████▊    | 50/58 [00:03<00:00, 16.08it/s, loss=133336.4375]
  Epoch 27/30:  86%|█████████████████████████▊    | 50/58 [00:03<00:00, 16.08it/s, loss=121827.1875]
  Epoch 27/30:  86%|█████████████████████████▊    | 50/58 [00:03<00:00, 16.08it/s, loss=140816.5938]
  Epoch 27/30:  90%|██████████████████████████▉   | 52/58 [00:03<00:00, 16.36it/s, loss=140816.5938]
  Epoch 27/30:  90%|██████████████████████████▉   | 52/58 [00:03<00:00, 16.36it/s, loss=124113.0312]
  Epoch 27/30:  90%|██████████████████████████▉   | 52/58 [00:03<00:00, 16.36it/s, loss=111225.1094]
  Epoch 27/30:  93%|███████████████████████████▉  | 54/58 [00:03<00:00, 16.16it/s, loss=111225.1094]
  Epoch 27/30:  93%|███████████████████████████▉  | 54/58 [00:03<00:00, 16.16it/s, loss=112325.4609]
  Epoch 27/30:  93%|███████████████████████████▉  | 54/58 [00:03<00:00, 16.16it/s, loss=123817.6562]
  Epoch 27/30:  97%|████████████████████████████▉ | 56/58 [00:03<00:00, 16.09it/s, loss=123817.6562]
  Epoch 27/30:  97%|████████████████████████████▉ | 56/58 [00:03<00:00, 16.09it/s, loss=108821.5938]
  Epoch 27/30:  97%|█████████████████████████████▉ | 56/58 [00:03<00:00, 16.09it/s, loss=54860.7656]
  Epoch 27/30: 100%|███████████████████████████████| 58/58 [00:03<00:00, 16.49it/s, loss=54860.7656]
                                                                                                    

  Epoch 28/30:   0%|                                                         | 0/58 [00:00<?, ?it/s]
  Epoch 28/30:   0%|                                       | 0/58 [00:00<?, ?it/s, loss=116875.5000]
  Epoch 28/30:   0%|                                       | 0/58 [00:00<?, ?it/s, loss=117979.6250]
  Epoch 28/30:   3%|█                              | 2/58 [00:00<00:03, 16.64it/s, loss=117979.6250]
  Epoch 28/30:   3%|█                              | 2/58 [00:00<00:03, 16.64it/s, loss=118609.2500]
  Epoch 28/30:   3%|█                              | 2/58 [00:00<00:03, 16.64it/s, loss=119436.6562]
  Epoch 28/30:   7%|██▏                            | 4/58 [00:00<00:03, 17.41it/s, loss=119436.6562]
  Epoch 28/30:   7%|██▏                            | 4/58 [00:00<00:03, 17.41it/s, loss=119658.2969]
  Epoch 28/30:   7%|██▏                            | 4/58 [00:00<00:03, 17.41it/s, loss=106898.6875]
  Epoch 28/30:  10%|███▏                           | 6/58 [00:00<00:03, 16.78it/s, loss=106898.6875]
  Epoch 28/30:  10%|███▏                           | 6/58 [00:00<00:03, 16.78it/s, loss=116505.7188]
  Epoch 28/30:  10%|███▏                           | 6/58 [00:00<00:03, 16.78it/s, loss=126856.5625]
  Epoch 28/30:  14%|████▎                          | 8/58 [00:00<00:03, 16.42it/s, loss=126856.5625]
  Epoch 28/30:  14%|████▎                          | 8/58 [00:00<00:03, 16.42it/s, loss=117554.2109]
  Epoch 28/30:  14%|████▍                           | 8/58 [00:00<00:03, 16.42it/s, loss=89880.9844]
  Epoch 28/30:  17%|█████▎                         | 10/58 [00:00<00:02, 16.21it/s, loss=89880.9844]
  Epoch 28/30:  17%|█████▏                        | 10/58 [00:00<00:02, 16.21it/s, loss=111485.7344]
  Epoch 28/30:  17%|█████▏                        | 10/58 [00:00<00:02, 16.21it/s, loss=100508.0000]
  Epoch 28/30:  21%|██████▏                       | 12/58 [00:00<00:02, 16.25it/s, loss=100508.0000]
  Epoch 28/30:  21%|██████▏                       | 12/58 [00:00<00:02, 16.25it/s, loss=105937.5234]
  Epoch 28/30:  21%|██████▏                       | 12/58 [00:00<00:02, 16.25it/s, loss=102536.6562]
  Epoch 28/30:  24%|███████▏                      | 14/58 [00:00<00:02, 15.86it/s, loss=102536.6562]
  Epoch 28/30:  24%|███████▏                      | 14/58 [00:00<00:02, 15.86it/s, loss=118648.0547]
  Epoch 28/30:  24%|███████▏                      | 14/58 [00:00<00:02, 15.86it/s, loss=106685.0156]
  Epoch 28/30:  28%|████████▎                     | 16/58 [00:00<00:02, 15.52it/s, loss=106685.0156]
  Epoch 28/30:  28%|████████▎                     | 16/58 [00:01<00:02, 15.52it/s, loss=120484.6484]
  Epoch 28/30:  28%|████████▎                     | 16/58 [00:01<00:02, 15.52it/s, loss=119164.1094]
  Epoch 28/30:  31%|█████████▎                    | 18/58 [00:01<00:02, 15.70it/s, loss=119164.1094]
  Epoch 28/30:  31%|█████████▌                     | 18/58 [00:01<00:02, 15.70it/s, loss=98444.1562]
  Epoch 28/30:  31%|█████████▎                    | 18/58 [00:01<00:02, 15.70it/s, loss=126508.6250]
  Epoch 28/30:  34%|██████████▎                   | 20/58 [00:01<00:02, 15.49it/s, loss=126508.6250]
  Epoch 28/30:  34%|██████████▋                    | 20/58 [00:01<00:02, 15.49it/s, loss=97452.7734]
  Epoch 28/30:  34%|██████████▎                   | 20/58 [00:01<00:02, 15.49it/s, loss=134485.9219]
  Epoch 28/30:  38%|███████████▍                  | 22/58 [00:01<00:02, 15.18it/s, loss=134485.9219]
  Epoch 28/30:  38%|███████████▊                   | 22/58 [00:01<00:02, 15.18it/s, loss=96246.8359]
  Epoch 28/30:  38%|███████████▊                   | 22/58 [00:01<00:02, 15.18it/s, loss=98555.5938]
  Epoch 28/30:  41%|████████████▊                  | 24/58 [00:01<00:02, 16.00it/s, loss=98555.5938]
  Epoch 28/30:  41%|████████████▍                 | 24/58 [00:01<00:02, 16.00it/s, loss=114807.0469]
  Epoch 28/30:  41%|████████████▊                  | 24/58 [00:01<00:02, 16.00it/s, loss=99454.3984]
  Epoch 28/30:  45%|█████████████▉                 | 26/58 [00:01<00:01, 16.26it/s, loss=99454.3984]
  Epoch 28/30:  45%|█████████████▍                | 26/58 [00:01<00:01, 16.26it/s, loss=110019.2422]
  Epoch 28/30:  45%|█████████████▉                 | 26/58 [00:01<00:01, 16.26it/s, loss=97021.4375]
  Epoch 28/30:  48%|██████████████▉                | 28/58 [00:01<00:01, 16.62it/s, loss=97021.4375]
  Epoch 28/30:  48%|██████████████▉                | 28/58 [00:01<00:01, 16.62it/s, loss=92016.6250]
  Epoch 28/30:  48%|██████████████▍               | 28/58 [00:01<00:01, 16.62it/s, loss=107008.2031]
  Epoch 28/30:  52%|███████████████▌              | 30/58 [00:01<00:01, 16.47it/s, loss=107008.2031]
  Epoch 28/30:  52%|████████████████               | 30/58 [00:01<00:01, 16.47it/s, loss=98755.1484]
  Epoch 28/30:  52%|████████████████               | 30/58 [00:01<00:01, 16.47it/s, loss=94477.7656]
  Epoch 28/30:  55%|█████████████████              | 32/58 [00:01<00:01, 16.41it/s, loss=94477.7656]
  Epoch 28/30:  55%|████████████████▌             | 32/58 [00:02<00:01, 16.41it/s, loss=101659.0234]
  Epoch 28/30:  55%|████████████████▌             | 32/58 [00:02<00:01, 16.41it/s, loss=108954.1406]
  Epoch 28/30:  59%|█████████████████▌            | 34/58 [00:02<00:01, 16.23it/s, loss=108954.1406]
  Epoch 28/30:  59%|██████████████████▏            | 34/58 [00:02<00:01, 16.23it/s, loss=85643.5625]
  Epoch 28/30:  59%|██████████████████▏            | 34/58 [00:02<00:01, 16.23it/s, loss=98658.9531]
  Epoch 28/30:  62%|███████████████████▏           | 36/58 [00:02<00:01, 16.99it/s, loss=98658.9531]
  Epoch 28/30:  62%|██████████████████▌           | 36/58 [00:02<00:01, 16.99it/s, loss=103308.0312]
  Epoch 28/30:  62%|██████████████████▌           | 36/58 [00:02<00:01, 16.99it/s, loss=100830.3750]
  Epoch 28/30:  66%|███████████████████▋          | 38/58 [00:02<00:01, 16.62it/s, loss=100830.3750]
  Epoch 28/30:  66%|████████████████████▎          | 38/58 [00:02<00:01, 16.62it/s, loss=80523.9375]
  Epoch 28/30:  66%|███████████████████▋          | 38/58 [00:02<00:01, 16.62it/s, loss=106722.1484]
  Epoch 28/30:  69%|████████████████████▋         | 40/58 [00:02<00:01, 16.14it/s, loss=106722.1484]
  Epoch 28/30:  69%|████████████████████▋         | 40/58 [00:02<00:01, 16.14it/s, loss=101096.5859]
  Epoch 28/30:  69%|█████████████████████▍         | 40/58 [00:02<00:01, 16.14it/s, loss=99571.2969]
  Epoch 28/30:  72%|██████████████████████▍        | 42/58 [00:02<00:00, 16.00it/s, loss=99571.2969]
  Epoch 28/30:  72%|█████████████████████▋        | 42/58 [00:02<00:00, 16.00it/s, loss=105462.9688]
  Epoch 28/30:  72%|█████████████████████▋        | 42/58 [00:02<00:00, 16.00it/s, loss=110828.8672]
  Epoch 28/30:  76%|██████████████████████▊       | 44/58 [00:02<00:00, 15.99it/s, loss=110828.8672]
  Epoch 28/30:  76%|███████████████████████▌       | 44/58 [00:02<00:00, 15.99it/s, loss=95943.6719]
  Epoch 28/30:  76%|██████████████████████▊       | 44/58 [00:02<00:00, 15.99it/s, loss=107758.0000]
  Epoch 28/30:  79%|███████████████████████▊      | 46/58 [00:02<00:00, 15.68it/s, loss=107758.0000]
  Epoch 28/30:  79%|████████████████████████▌      | 46/58 [00:02<00:00, 15.68it/s, loss=90268.7109]
  Epoch 28/30:  79%|███████████████████████▊      | 46/58 [00:02<00:00, 15.68it/s, loss=106183.3594]
  Epoch 28/30:  83%|████████████████████████▊     | 48/58 [00:02<00:00, 16.44it/s, loss=106183.3594]
  Epoch 28/30:  83%|█████████████████████████▋     | 48/58 [00:03<00:00, 16.44it/s, loss=89946.0547]
  Epoch 28/30:  83%|████████████████████████▊     | 48/58 [00:03<00:00, 16.44it/s, loss=101243.4922]
  Epoch 28/30:  86%|█████████████████████████▊    | 50/58 [00:03<00:00, 16.10it/s, loss=101243.4922]
  Epoch 28/30:  86%|██████████████████████████▋    | 50/58 [00:03<00:00, 16.10it/s, loss=91263.9609]
  Epoch 28/30:  86%|█████████████████████████▊    | 50/58 [00:03<00:00, 16.10it/s, loss=121885.9609]
  Epoch 28/30:  90%|██████████████████████████▉   | 52/58 [00:03<00:00, 15.51it/s, loss=121885.9609]
  Epoch 28/30:  90%|███████████████████████████▊   | 52/58 [00:03<00:00, 15.51it/s, loss=91203.9844]
  Epoch 28/30:  90%|███████████████████████████▊   | 52/58 [00:03<00:00, 15.51it/s, loss=91654.6094]
  Epoch 28/30:  93%|████████████████████████████▊  | 54/58 [00:03<00:00, 15.36it/s, loss=91654.6094]
  Epoch 28/30:  93%|███████████████████████████▉  | 54/58 [00:03<00:00, 15.36it/s, loss=102236.5547]
  Epoch 28/30:  93%|████████████████████████████▊  | 54/58 [00:03<00:00, 15.36it/s, loss=88810.4609]
  Epoch 28/30:  97%|█████████████████████████████▉ | 56/58 [00:03<00:00, 15.67it/s, loss=88810.4609]
  Epoch 28/30:  97%|████████████████████████████▉ | 56/58 [00:03<00:00, 15.67it/s, loss=102934.3984]
  Epoch 28/30:  97%|████████████████████████████▉ | 56/58 [00:03<00:00, 15.67it/s, loss=106714.6094]
  Epoch 28/30: 100%|██████████████████████████████| 58/58 [00:03<00:00, 16.18it/s, loss=106714.6094]
                                                                                                    

  Epoch 29/30:   0%|                                                         | 0/58 [00:00<?, ?it/s]
  Epoch 29/30:   0%|                                       | 0/58 [00:00<?, ?it/s, loss=111119.3359]
  Epoch 29/30:   0%|                                        | 0/58 [00:00<?, ?it/s, loss=99712.8281]
  Epoch 29/30:   3%|█                               | 2/58 [00:00<00:03, 14.87it/s, loss=99712.8281]
  Epoch 29/30:   3%|█                               | 2/58 [00:00<00:03, 14.87it/s, loss=93469.3438]
  Epoch 29/30:   3%|█                               | 2/58 [00:00<00:03, 14.87it/s, loss=96002.4531]
  Epoch 29/30:   7%|██▏                             | 4/58 [00:00<00:03, 15.31it/s, loss=96002.4531]
  Epoch 29/30:   7%|██▏                             | 4/58 [00:00<00:03, 15.31it/s, loss=78633.2031]
  Epoch 29/30:   7%|██▏                             | 4/58 [00:00<00:03, 15.31it/s, loss=88972.6250]
  Epoch 29/30:  10%|███▎                            | 6/58 [00:00<00:03, 15.40it/s, loss=88972.6250]
  Epoch 29/30:  10%|███▎                            | 6/58 [00:00<00:03, 15.40it/s, loss=98070.1875]
  Epoch 29/30:  10%|███▎                            | 6/58 [00:00<00:03, 15.40it/s, loss=92928.2656]
  Epoch 29/30:  14%|████▍                           | 8/58 [00:00<00:04, 11.07it/s, loss=92928.2656]
  Epoch 29/30:  14%|████▍                           | 8/58 [00:00<00:04, 11.07it/s, loss=84629.9297]
  Epoch 29/30:  14%|████▍                           | 8/58 [00:00<00:04, 11.07it/s, loss=82735.6250]
  Epoch 29/30:  17%|█████▎                         | 10/58 [00:00<00:03, 12.50it/s, loss=82735.6250]
  Epoch 29/30:  17%|█████▎                         | 10/58 [00:00<00:03, 12.50it/s, loss=92822.4922]
  Epoch 29/30:  17%|█████▎                         | 10/58 [00:00<00:03, 12.50it/s, loss=90481.3594]
  Epoch 29/30:  21%|██████▍                        | 12/58 [00:00<00:03, 13.43it/s, loss=90481.3594]
  Epoch 29/30:  21%|██████▍                        | 12/58 [00:00<00:03, 13.43it/s, loss=87864.2969]
  Epoch 29/30:  21%|██████▍                        | 12/58 [00:01<00:03, 13.43it/s, loss=80185.4062]
  Epoch 29/30:  24%|███████▍                       | 14/58 [00:01<00:03, 13.75it/s, loss=80185.4062]
  Epoch 29/30:  24%|███████▍                       | 14/58 [00:01<00:03, 13.75it/s, loss=87229.9531]
  Epoch 29/30:  24%|███████▍                       | 14/58 [00:01<00:03, 13.75it/s, loss=91430.2031]
  Epoch 29/30:  28%|████████▌                      | 16/58 [00:01<00:02, 14.45it/s, loss=91430.2031]
  Epoch 29/30:  28%|████████▌                      | 16/58 [00:01<00:02, 14.45it/s, loss=95261.5859]
  Epoch 29/30:  28%|████████▌                      | 16/58 [00:01<00:02, 14.45it/s, loss=81956.7891]
  Epoch 29/30:  31%|█████████▌                     | 18/58 [00:01<00:02, 15.03it/s, loss=81956.7891]
  Epoch 29/30:  31%|█████████▌                     | 18/58 [00:01<00:02, 15.03it/s, loss=77349.2812]
  Epoch 29/30:  31%|█████████▌                     | 18/58 [00:01<00:02, 15.03it/s, loss=86456.4219]
  Epoch 29/30:  34%|██████████▋                    | 20/58 [00:01<00:02, 15.19it/s, loss=86456.4219]
  Epoch 29/30:  34%|██████████▋                    | 20/58 [00:01<00:02, 15.19it/s, loss=79971.8359]
  Epoch 29/30:  34%|██████████▋                    | 20/58 [00:01<00:02, 15.19it/s, loss=88722.8594]
  Epoch 29/30:  38%|███████████▊                   | 22/58 [00:01<00:02, 15.18it/s, loss=88722.8594]
  Epoch 29/30:  38%|███████████▊                   | 22/58 [00:01<00:02, 15.18it/s, loss=87048.0156]
  Epoch 29/30:  38%|███████████▊                   | 22/58 [00:01<00:02, 15.18it/s, loss=86969.3281]
  Epoch 29/30:  41%|████████████▊                  | 24/58 [00:01<00:02, 15.18it/s, loss=86969.3281]
  Epoch 29/30:  41%|████████████▊                  | 24/58 [00:01<00:02, 15.18it/s, loss=79155.7500]
  Epoch 29/30:  41%|████████████▊                  | 24/58 [00:01<00:02, 15.18it/s, loss=79624.4375]
  Epoch 29/30:  45%|█████████████▉                 | 26/58 [00:01<00:02, 15.25it/s, loss=79624.4375]
  Epoch 29/30:  45%|█████████████▉                 | 26/58 [00:01<00:02, 15.25it/s, loss=84338.4219]
  Epoch 29/30:  45%|█████████████▉                 | 26/58 [00:01<00:02, 15.25it/s, loss=86835.7734]
  Epoch 29/30:  48%|██████████████▉                | 28/58 [00:01<00:01, 15.06it/s, loss=86835.7734]
  Epoch 29/30:  48%|██████████████▉                | 28/58 [00:02<00:01, 15.06it/s, loss=89364.8359]
  Epoch 29/30:  48%|██████████████▉                | 28/58 [00:02<00:01, 15.06it/s, loss=81750.2422]
  Epoch 29/30:  52%|████████████████               | 30/58 [00:02<00:01, 14.93it/s, loss=81750.2422]
  Epoch 29/30:  52%|████████████████               | 30/58 [00:02<00:01, 14.93it/s, loss=79789.4062]
  Epoch 29/30:  52%|████████████████               | 30/58 [00:02<00:01, 14.93it/s, loss=86700.9922]
  Epoch 29/30:  55%|█████████████████              | 32/58 [00:02<00:01, 15.58it/s, loss=86700.9922]
  Epoch 29/30:  55%|█████████████████              | 32/58 [00:02<00:01, 15.58it/s, loss=72994.8125]
  Epoch 29/30:  55%|█████████████████              | 32/58 [00:02<00:01, 15.58it/s, loss=74196.8906]
  Epoch 29/30:  59%|██████████████████▏            | 34/58 [00:02<00:01, 15.31it/s, loss=74196.8906]
  Epoch 29/30:  59%|██████████████████▏            | 34/58 [00:02<00:01, 15.31it/s, loss=83382.1328]
  Epoch 29/30:  59%|██████████████████▏            | 34/58 [00:02<00:01, 15.31it/s, loss=81043.1953]
  Epoch 29/30:  62%|███████████████████▏           | 36/58 [00:02<00:01, 15.45it/s, loss=81043.1953]
  Epoch 29/30:  62%|███████████████████▏           | 36/58 [00:02<00:01, 15.45it/s, loss=78377.2031]
  Epoch 29/30:  62%|███████████████████▏           | 36/58 [00:02<00:01, 15.45it/s, loss=75378.1484]
  Epoch 29/30:  66%|████████████████████▎          | 38/58 [00:02<00:01, 15.24it/s, loss=75378.1484]
  Epoch 29/30:  66%|████████████████████▎          | 38/58 [00:02<00:01, 15.24it/s, loss=92609.4062]
  Epoch 29/30:  66%|████████████████████▎          | 38/58 [00:02<00:01, 15.24it/s, loss=91415.5859]
  Epoch 29/30:  69%|█████████████████████▍         | 40/58 [00:02<00:01, 15.21it/s, loss=91415.5859]
  Epoch 29/30:  69%|█████████████████████▍         | 40/58 [00:02<00:01, 15.21it/s, loss=73704.2031]
  Epoch 29/30:  69%|█████████████████████▍         | 40/58 [00:02<00:01, 15.21it/s, loss=74147.4688]
  Epoch 29/30:  72%|██████████████████████▍        | 42/58 [00:02<00:01, 15.05it/s, loss=74147.4688]
  Epoch 29/30:  72%|██████████████████████▍        | 42/58 [00:02<00:01, 15.05it/s, loss=71651.5469]
  Epoch 29/30:  72%|██████████████████████▍        | 42/58 [00:02<00:01, 15.05it/s, loss=67936.4219]
  Epoch 29/30:  76%|███████████████████████▌       | 44/58 [00:02<00:00, 15.08it/s, loss=67936.4219]
  Epoch 29/30:  76%|███████████████████████▌       | 44/58 [00:03<00:00, 15.08it/s, loss=70555.5938]
  Epoch 29/30:  76%|███████████████████████▌       | 44/58 [00:03<00:00, 15.08it/s, loss=73643.6953]
  Epoch 29/30:  79%|████████████████████████▌      | 46/58 [00:03<00:00, 14.98it/s, loss=73643.6953]
  Epoch 29/30:  79%|████████████████████████▌      | 46/58 [00:03<00:00, 14.98it/s, loss=83570.4609]
  Epoch 29/30:  79%|████████████████████████▌      | 46/58 [00:03<00:00, 14.98it/s, loss=66060.2578]
  Epoch 29/30:  83%|█████████████████████████▋     | 48/58 [00:03<00:00, 15.85it/s, loss=66060.2578]
  Epoch 29/30:  83%|█████████████████████████▋     | 48/58 [00:03<00:00, 15.85it/s, loss=80723.5703]
  Epoch 29/30:  83%|█████████████████████████▋     | 48/58 [00:03<00:00, 15.85it/s, loss=76064.7031]
  Epoch 29/30:  83%|█████████████████████████▋     | 48/58 [00:03<00:00, 15.85it/s, loss=64768.9922]
  Epoch 29/30:  88%|███████████████████████████▎   | 51/58 [00:03<00:00, 17.32it/s, loss=64768.9922]
  Epoch 29/30:  88%|███████████████████████████▎   | 51/58 [00:03<00:00, 17.32it/s, loss=75128.9297]
  Epoch 29/30:  88%|███████████████████████████▎   | 51/58 [00:03<00:00, 17.32it/s, loss=70963.3672]
  Epoch 29/30:  88%|███████████████████████████▎   | 51/58 [00:03<00:00, 17.32it/s, loss=91621.0469]
  Epoch 29/30:  93%|████████████████████████████▊  | 54/58 [00:03<00:00, 18.79it/s, loss=91621.0469]
  Epoch 29/30:  93%|████████████████████████████▊  | 54/58 [00:03<00:00, 18.79it/s, loss=80281.6484]
  Epoch 29/30:  93%|████████████████████████████▊  | 54/58 [00:03<00:00, 18.79it/s, loss=79972.0000]
  Epoch 29/30:  97%|█████████████████████████████▉ | 56/58 [00:03<00:00, 19.08it/s, loss=79972.0000]
  Epoch 29/30:  97%|█████████████████████████████▉ | 56/58 [00:03<00:00, 19.08it/s, loss=69678.8516]
  Epoch 29/30:  97%|█████████████████████████████▉ | 56/58 [00:03<00:00, 19.08it/s, loss=79296.8984]
                                                                                                    

  Epoch 30/30:   0%|                                                         | 0/58 [00:00<?, ?it/s]
  Epoch 30/30:   0%|                                        | 0/58 [00:00<?, ?it/s, loss=74219.0781]
  Epoch 30/30:   0%|                                        | 0/58 [00:00<?, ?it/s, loss=77828.4062]
  Epoch 30/30:   0%|                                        | 0/58 [00:00<?, ?it/s, loss=72928.0312]
  Epoch 30/30:   5%|█▋                              | 3/58 [00:00<00:02, 23.36it/s, loss=72928.0312]
  Epoch 30/30:   5%|█▋                              | 3/58 [00:00<00:02, 23.36it/s, loss=76872.3984]
  Epoch 30/30:   5%|█▋                              | 3/58 [00:00<00:02, 23.36it/s, loss=76812.7109]
  Epoch 30/30:   5%|█▋                              | 3/58 [00:00<00:02, 23.36it/s, loss=91374.8750]
  Epoch 30/30:  10%|███▎                            | 6/58 [00:00<00:02, 24.15it/s, loss=91374.8750]
  Epoch 30/30:  10%|███▎                            | 6/58 [00:00<00:02, 24.15it/s, loss=73747.2188]
  Epoch 30/30:  10%|███▎                            | 6/58 [00:00<00:02, 24.15it/s, loss=68188.5312]
  Epoch 30/30:  10%|███▎                            | 6/58 [00:00<00:02, 24.15it/s, loss=65014.2188]
  Epoch 30/30:  16%|████▉                           | 9/58 [00:00<00:02, 23.16it/s, loss=65014.2188]
  Epoch 30/30:  16%|████▉                           | 9/58 [00:00<00:02, 23.16it/s, loss=70025.5312]
  Epoch 30/30:  16%|████▉                           | 9/58 [00:00<00:02, 23.16it/s, loss=82879.3281]
  Epoch 30/30:  16%|████▉                           | 9/58 [00:00<00:02, 23.16it/s, loss=68910.6406]
  Epoch 30/30:  21%|██████▍                        | 12/58 [00:00<00:01, 23.87it/s, loss=68910.6406]
  Epoch 30/30:  21%|██████▍                        | 12/58 [00:00<00:01, 23.87it/s, loss=73514.2578]
  Epoch 30/30:  21%|██████▍                        | 12/58 [00:00<00:01, 23.87it/s, loss=66334.2266]
  Epoch 30/30:  21%|██████▍                        | 12/58 [00:00<00:01, 23.87it/s, loss=77705.1484]
  Epoch 30/30:  26%|████████                       | 15/58 [00:00<00:01, 22.63it/s, loss=77705.1484]
  Epoch 30/30:  26%|████████                       | 15/58 [00:00<00:01, 22.63it/s, loss=69702.3281]
  Epoch 30/30:  26%|████████                       | 15/58 [00:00<00:01, 22.63it/s, loss=73800.3438]
  Epoch 30/30:  26%|████████                       | 15/58 [00:00<00:01, 22.63it/s, loss=65800.9844]
  Epoch 30/30:  31%|█████████▌                     | 18/58 [00:00<00:01, 23.10it/s, loss=65800.9844]
  Epoch 30/30:  31%|█████████▌                     | 18/58 [00:00<00:01, 23.10it/s, loss=76505.6797]
  Epoch 30/30:  31%|█████████▌                     | 18/58 [00:00<00:01, 23.10it/s, loss=64372.7031]
  Epoch 30/30:  31%|█████████▌                     | 18/58 [00:00<00:01, 23.10it/s, loss=71236.9062]
  Epoch 30/30:  36%|███████████▏                   | 21/58 [00:00<00:01, 21.75it/s, loss=71236.9062]
  Epoch 30/30:  36%|███████████▏                   | 21/58 [00:00<00:01, 21.75it/s, loss=74453.8125]
  Epoch 30/30:  36%|███████████▏                   | 21/58 [00:01<00:01, 21.75it/s, loss=59723.6523]
  Epoch 30/30:  36%|███████████▏                   | 21/58 [00:01<00:01, 21.75it/s, loss=73025.0938]
  Epoch 30/30:  41%|████████████▊                  | 24/58 [00:01<00:01, 21.55it/s, loss=73025.0938]
  Epoch 30/30:  41%|████████████▊                  | 24/58 [00:01<00:01, 21.55it/s, loss=73194.7578]
  Epoch 30/30:  41%|████████████▊                  | 24/58 [00:01<00:01, 21.55it/s, loss=54955.5000]
  Epoch 30/30:  41%|████████████▊                  | 24/58 [00:01<00:01, 21.55it/s, loss=75196.2500]
  Epoch 30/30:  47%|██████████████▍                | 27/58 [00:01<00:01, 21.25it/s, loss=75196.2500]
  Epoch 30/30:  47%|██████████████▍                | 27/58 [00:01<00:01, 21.25it/s, loss=57138.8672]
  Epoch 30/30:  47%|██████████████▍                | 27/58 [00:01<00:01, 21.25it/s, loss=60360.6680]
  Epoch 30/30:  47%|██████████████▍                | 27/58 [00:01<00:01, 21.25it/s, loss=60555.4688]
  Epoch 30/30:  52%|████████████████               | 30/58 [00:01<00:01, 21.62it/s, loss=60555.4688]
  Epoch 30/30:  52%|████████████████               | 30/58 [00:01<00:01, 21.62it/s, loss=71274.1719]
  Epoch 30/30:  52%|████████████████               | 30/58 [00:01<00:01, 21.62it/s, loss=73469.1094]
  Epoch 30/30:  52%|████████████████               | 30/58 [00:01<00:01, 21.62it/s, loss=67623.9531]
  Epoch 30/30:  57%|█████████████████▋             | 33/58 [00:01<00:01, 19.56it/s, loss=67623.9531]
  Epoch 30/30:  57%|█████████████████▋             | 33/58 [00:01<00:01, 19.56it/s, loss=55356.1992]
  Epoch 30/30:  57%|█████████████████▋             | 33/58 [00:01<00:01, 19.56it/s, loss=66014.5391]
  Epoch 30/30:  60%|██████████████████▋            | 35/58 [00:01<00:01, 18.34it/s, loss=66014.5391]
  Epoch 30/30:  60%|██████████████████▋            | 35/58 [00:01<00:01, 18.34it/s, loss=57623.6367]
  Epoch 30/30:  60%|██████████████████▋            | 35/58 [00:01<00:01, 18.34it/s, loss=58044.6211]
  Epoch 30/30:  64%|███████████████████▊           | 37/58 [00:01<00:01, 16.42it/s, loss=58044.6211]
  Epoch 30/30:  64%|███████████████████▊           | 37/58 [00:01<00:01, 16.42it/s, loss=59484.4414]
  Epoch 30/30:  64%|███████████████████▊           | 37/58 [00:01<00:01, 16.42it/s, loss=56969.8867]
  Epoch 30/30:  64%|███████████████████▊           | 37/58 [00:01<00:01, 16.42it/s, loss=61427.7344]
  Epoch 30/30:  69%|█████████████████████▍         | 40/58 [00:01<00:01, 17.45it/s, loss=61427.7344]
  Epoch 30/30:  69%|█████████████████████▍         | 40/58 [00:02<00:01, 17.45it/s, loss=64804.5234]
  Epoch 30/30:  69%|█████████████████████▍         | 40/58 [00:02<00:01, 17.45it/s, loss=65574.2656]
  Epoch 30/30:  69%|█████████████████████▍         | 40/58 [00:02<00:01, 17.45it/s, loss=57732.3906]
  Epoch 30/30:  74%|██████████████████████▉        | 43/58 [00:02<00:00, 18.84it/s, loss=57732.3906]
  Epoch 30/30:  74%|██████████████████████▉        | 43/58 [00:02<00:00, 18.84it/s, loss=65936.7812]
  Epoch 30/30:  74%|██████████████████████▉        | 43/58 [00:02<00:00, 18.84it/s, loss=57150.6211]
  Epoch 30/30:  74%|██████████████████████▉        | 43/58 [00:02<00:00, 18.84it/s, loss=56687.9961]
  Epoch 30/30:  79%|████████████████████████▌      | 46/58 [00:02<00:00, 19.58it/s, loss=56687.9961]
  Epoch 30/30:  79%|████████████████████████▌      | 46/58 [00:02<00:00, 19.58it/s, loss=58989.9453]
  Epoch 30/30:  79%|████████████████████████▌      | 46/58 [00:02<00:00, 19.58it/s, loss=75493.1875]
  Epoch 30/30:  79%|████████████████████████▌      | 46/58 [00:02<00:00, 19.58it/s, loss=60945.8398]
  Epoch 30/30:  84%|██████████████████████████▏    | 49/58 [00:02<00:00, 20.39it/s, loss=60945.8398]
  Epoch 30/30:  84%|██████████████████████████▏    | 49/58 [00:02<00:00, 20.39it/s, loss=55823.7617]
  Epoch 30/30:  84%|██████████████████████████▏    | 49/58 [00:02<00:00, 20.39it/s, loss=70415.4453]
  Epoch 30/30:  84%|██████████████████████████▏    | 49/58 [00:02<00:00, 20.39it/s, loss=63553.3047]
  Epoch 30/30:  90%|███████████████████████████▊   | 52/58 [00:02<00:00, 21.18it/s, loss=63553.3047]
  Epoch 30/30:  90%|███████████████████████████▊   | 52/58 [00:02<00:00, 21.18it/s, loss=65701.3438]
  Epoch 30/30:  90%|███████████████████████████▊   | 52/58 [00:02<00:00, 21.18it/s, loss=72359.7500]
  Epoch 30/30:  90%|███████████████████████████▊   | 52/58 [00:02<00:00, 21.18it/s, loss=57286.2148]
  Epoch 30/30:  95%|█████████████████████████████▍ | 55/58 [00:02<00:00, 19.49it/s, loss=57286.2148]
  Epoch 30/30:  95%|█████████████████████████████▍ | 55/58 [00:02<00:00, 19.49it/s, loss=70051.3516]
  Epoch 30/30:  95%|█████████████████████████████▍ | 55/58 [00:02<00:00, 19.49it/s, loss=56554.5469]
  Epoch 30/30:  98%|██████████████████████████████▍| 57/58 [00:02<00:00, 19.30it/s, loss=56554.5469]
  Epoch 30/30:  98%|██████████████████████████████▍| 57/58 [00:02<00:00, 19.30it/s, loss=33898.2422]
                                                                                                    
  Epoch 30/30 │ Loss: 66596.9900 │ T+1: -9064716.0000 │ T+2: -12491375.0000 │ T+3: -48274572.0000 ★ NEW BEST

  → Loading best model checkpoint
    Best T+1 NSE: -9064716.0000

  → Saving model
    Model saved: E:\SRIP 2025\Streamflow and Water-level Prediction\Final Stuff\srip-transformer\runs\full_20260304_211126\model.pt

============================================================
  STEP 7: EVALUATING MODEL
============================================================

  → Evaluating on Test Set 1961-1970

  Testing 1961-1970:   0%|                                                   | 0/15 [00:00<?, ?it/s]
  Testing 1961-1970:  27%|███████████▍                               | 4/15 [00:00<00:00, 37.99it/s]
  Testing 1961-1970:  67%|████████████████████████████              | 10/15 [00:00<00:00, 47.24it/s]
                                                                                                    

    Results (1961-1970):
    Horizon       NSE       R²      PBIAS │      P90      P95 │    Peak%
    ----------------------------------------------------------------------
    T1       -9554.5048 -9554.5048 -22496.32% │ -2736.5494 -1817.1325 │   100.0%
    T2       -46277.0205 -46277.0205 -49509.68% │ -13609.8019 -9131.1513 │   100.0%
    T3       -457644.3146 -457644.3146 -155694.11% │ -136511.0118 -92128.4098 │   100.0%

  → Evaluating on Test Set 2011-2020

  Testing 2011-2020:   0%|                                                   | 0/15 [00:00<?, ?it/s]
  Testing 2011-2020:  40%|█████████████████▏                         | 6/15 [00:00<00:00, 52.64it/s]
  Testing 2011-2020:  80%|█████████████████████████████████▌        | 12/15 [00:00<00:00, 39.66it/s]
                                                                                                    

    Results (2011-2020):
    Horizon       NSE       R²      PBIAS │      P90      P95 │    Peak%
    ----------------------------------------------------------------------
    T1       -14178.1714 -14178.1714 -23854.91% │ -2246.8053 -1429.4231 │   100.0%
    T2       -68659.1009 -68659.1009 -52498.87% │ -11064.4616 -7114.7166 │   100.0%
    T3       -678767.6602 -678767.6602 -165088.13% │ -110370.5722 -71409.6252 │   100.0%

============================================================
  STEP 8: SAVING RESULTS
============================================================

  → Saving results.json

  → Saving train_history.json

  → Computing feature saliency (gradient × input)
    Features: ['rainfall', 'tmax', 'tmin', 'waterlevel_upstream', 'streamflow_upstream', 'waterlevel_final', 'streamflow_final', 'hierarchical_feature_quantile_0.1', 'hierarchical_feature_quantile_0.5', 'hierarchical_feature_quantile_0.9', 'hierarchical_feature_quantile_0.95']
Traceback (most recent call last):
  File "E:\SRIP 2025\Streamflow and Water-level Prediction\Final Stuff\srip-transformer\src\train.py", line 895, in <module>
    main()
  File "E:\SRIP 2025\Streamflow and Water-level Prediction\Final Stuff\srip-transformer\src\train.py", line 850, in main
    saliency_results = compute_feature_saliency(
                       ^^^^^^^^^^^^^^^^^^^^^^^^^
  File "E:\SRIP 2025\Streamflow and Water-level Prediction\Final Stuff\srip-transformer\src\train.py", line 398, in compute_feature_saliency
    predictions[horizon].sum().backward(retain_graph=True)
  File "C:\Users\HP\AppData\Local\Programs\Python\Python312\Lib\site-packages\torch\_tensor.py", line 630, in backward
    torch.autograd.backward(
  File "C:\Users\HP\AppData\Local\Programs\Python\Python312\Lib\site-packages\torch\autograd\__init__.py", line 364, in backward
    _engine_run_backward(
  File "C:\Users\HP\AppData\Local\Programs\Python\Python312\Lib\site-packages\torch\autograd\graph.py", line 865, in _engine_run_backward
    return Variable._execution_engine.run_backward(  # Calls into the C++ engine to run the backward pass
           ^^^^^^^^^^^^^^^^^^^^^^^^^^^^^^^^^^^^^^^^^^^^^^^^^^^^^^^^^^^^^^^^^^^^^^^^^^^^^^^^^^^^^^^^^^^^^^
RuntimeError: cudnn RNN backward can only be called in training mode
