
============================================================
  SeqLSTM TRAINING PIPELINE
  Modular Ablation Framework
============================================================

============================================================
  STEP 1: LOADING CONFIGURATION
============================================================
  Config file: E:\SRIP 2025\Streamflow and Water-level Prediction\Final Stuff\srip-transformer\src\configs\full.yaml
  Config name: full

  Configuration:
    • Sequential:    ✓ ON  (3 LSTM blocks)
    • Bidirectional: ✗ OFF
    • Attention:     ✓ ON  (MHA)
    • Rating Curve:  ✓ ON
    • Hierarchical:  ✓ ON

  LSTM Settings:
    • Hidden dim:    64
    • Num layers:    1
    • Dropout:       0.1

  Attention Settings:
    • Num heads:     8

  Hard Constraints (enforced globally):
    • Lookback:      7 days
    • Batch size:    256
    • Learning rate: 0.001
    • Epochs:        30
    • Optimizer:     Adam
    • Loss:          MSE
    • Random seed:   74

  → Setting random seed: 74

  → Using device: cuda
    GPU: NVIDIA GeForce RTX 3050 4GB Laptop GPU

============================================================
  STEP 2: LOADING AND PREPARING DATA
============================================================

  → Loading station data: E:\SRIP 2025\Streamflow and Water-level Prediction\Final Stuff\srip-transformer\hierarchial\new_Manot_with_hierarchical_quantiles.csv
    Raw data shape: (22279, 23)
    Date range: 1961-01-02 to 2021-12-31

  → Detected pre-computed hierarchical features in CSV
    • hierarchical_feature_quantile_0.1
    • hierarchical_feature_quantile_0.5
    • hierarchical_feature_quantile_0.9
    • hierarchical_feature_quantile_0.95
    ✓ Will be INCLUDED (use_hierarchical=True)

  → Determining feature set
    ✓ Including 4 hierarchical features
    Using auto-detected features
    Total features: 11
       1. rainfall
       2. tmax
       3. tmin
       4. waterlevel_upstream
       5. streamflow_upstream
       6. waterlevel_final
       7. streamflow_final
       8. hierarchical_feature_quantile_0.1
       9. hierarchical_feature_quantile_0.5
      10. hierarchical_feature_quantile_0.9
      11. hierarchical_feature_quantile_0.95
    Target: streamflow_final

  → Loading processed data
    Station: Manot
    Processed shape: (22279, 23)

  → Splitting data by year
    Train (1971-2010):        14,610 samples
    Test (1961-1970):         3,651 samples
    Test (2011-2020):         3,653 samples

  → Scaling features (MinMaxScaler)
    Scaler fitted on 11 features

  → Creating PyTorch datasets
    Lookback window: 7 days (t-7 to t-1)
    Train dataset:   14,600 sequences
    Test 61-70:      3,641 sequences
    Test 11-20:      3,643 sequences
    ✓ Dual-target mode: streamflow + water level targets

  → Creating DataLoaders
    Batch size: 256
    Train batches: 58

============================================================
  STEP 3: SETTING UP OUTPUT DIRECTORY
============================================================
  Run directory: E:\SRIP 2025\Streamflow and Water-level Prediction\Final Stuff\srip-transformer\runs\full_20260304_211322

============================================================
  STEP 4: FITTING RATING CURVE
============================================================

  → Extracting water level and streamflow data
    Data points: 14,610

  → Fitting rating curve models
  quadratic: RMSE=76.244, R²=0.9314
  exponential: RMSE=200.862, R²=0.5240
  shifted_quadratic: Failed to fit - Optimal parameters not found: Number of calls to function has reached maxfev = 10000.
  shifted_cubic: RMSE=131.249, R²=0.7968
E:\SRIP 2025\Streamflow and Water-level Prediction\Final Stuff\srip-transformer\src\models\fitter.py:115: OptimizeWarning: Covariance of the parameters could not be estimated
  params, _ = curve_fit(
  power_law: RMSE=291.142, R²=-0.0000

Best Rating Curve: quadratic
  RMSE: 76.244
  R²: 0.9314
  Params: [ 1.92199394e+01 -1.68831334e+04  3.70731376e+06]
    ✓ Best model: quadratic
    ✓ Rating curve saved: E:\SRIP 2025\Streamflow and Water-level Prediction\Final Stuff\srip-transformer\runs\full_20260304_211322\rating_curve.pkl

============================================================
  STEP 5: CREATING MODEL
============================================================

  → Initializing SeqLSTMModel
    ✓ Rating curve injected into model
    Input dimension: 11
    Model variant:   Sequential_Fitter_MHA_Hier

  → Counting parameters & FLOPs
    Total parameters: 122,236
      • lstm_block1: 19,712
      • lstm_block2: 19,712
      • lstm_block3: 19,712
      • projection: 22
      • attention: 50,304
      • heads: 12,774
    FLOPs (per forward pass): 1.169M  [manual estimate]

============================================================
  STEP 6: TRAINING MODEL
============================================================

  → Setting up optimizer and loss function
    Optimizer: Adam (lr=0.001)
    Loss: MSELoss

  → Starting training loop (30 epochs)
    Progress will be shown every 5 epochs


  Epoch  1/30:   0%|                                                         | 0/58 [00:00<?, ?it/s]
  Epoch  1/30:   0%|                                   | 0/58 [00:00<?, ?it/s, loss=6854813184.0000]
  Epoch  1/30:   2%|▍                          | 1/58 [00:00<00:22,  2.50it/s, loss=6854813184.0000]
  Epoch  1/30:   2%|▍                          | 1/58 [00:00<00:22,  2.50it/s, loss=5616359424.0000]
  Epoch  1/30:   2%|▍                          | 1/58 [00:00<00:22,  2.50it/s, loss=4514489856.0000]
  Epoch  1/30:   5%|█▍                         | 3/58 [00:00<00:08,  6.56it/s, loss=4514489856.0000]
  Epoch  1/30:   5%|█▍                         | 3/58 [00:00<00:08,  6.56it/s, loss=3374659072.0000]
  Epoch  1/30:   5%|█▍                         | 3/58 [00:00<00:08,  6.56it/s, loss=2970888192.0000]
  Epoch  1/30:   9%|██▎                        | 5/58 [00:00<00:05,  9.20it/s, loss=2970888192.0000]
  Epoch  1/30:   9%|██▎                        | 5/58 [00:00<00:05,  9.20it/s, loss=2330231296.0000]
  Epoch  1/30:   9%|██▎                        | 5/58 [00:00<00:05,  9.20it/s, loss=2035666304.0000]
  Epoch  1/30:  12%|███▎                       | 7/58 [00:00<00:04, 10.69it/s, loss=2035666304.0000]
  Epoch  1/30:  12%|███▎                       | 7/58 [00:00<00:04, 10.69it/s, loss=1559502592.0000]
  Epoch  1/30:  12%|███▎                       | 7/58 [00:00<00:04, 10.69it/s, loss=1284977152.0000]
  Epoch  1/30:  16%|████▏                      | 9/58 [00:00<00:04, 12.16it/s, loss=1284977152.0000]
  Epoch  1/30:  16%|████▏                      | 9/58 [00:01<00:04, 12.16it/s, loss=1523169280.0000]
  Epoch  1/30:  16%|████▏                      | 9/58 [00:01<00:04, 12.16it/s, loss=1490257920.0000]
  Epoch  1/30:  19%|████▉                     | 11/58 [00:01<00:04, 11.30it/s, loss=1490257920.0000]
  Epoch  1/30:  19%|████▉                     | 11/58 [00:01<00:04, 11.30it/s, loss=1536289792.0000]
  Epoch  1/30:  19%|████▉                     | 11/58 [00:01<00:04, 11.30it/s, loss=1535072128.0000]
  Epoch  1/30:  22%|█████▊                    | 13/58 [00:01<00:03, 12.09it/s, loss=1535072128.0000]
  Epoch  1/30:  22%|█████▊                    | 13/58 [00:01<00:03, 12.09it/s, loss=1635755520.0000]
  Epoch  1/30:  22%|█████▊                    | 13/58 [00:01<00:03, 12.09it/s, loss=1847929216.0000]
  Epoch  1/30:  26%|██████▋                   | 15/58 [00:01<00:03, 13.09it/s, loss=1847929216.0000]
  Epoch  1/30:  26%|██████▋                   | 15/58 [00:01<00:03, 13.09it/s, loss=1624501504.0000]
  Epoch  1/30:  26%|██████▋                   | 15/58 [00:01<00:03, 13.09it/s, loss=1877027072.0000]
  Epoch  1/30:  29%|███████▌                  | 17/58 [00:01<00:02, 14.03it/s, loss=1877027072.0000]
  Epoch  1/30:  29%|███████▌                  | 17/58 [00:01<00:02, 14.03it/s, loss=1763974144.0000]
  Epoch  1/30:  29%|███████▌                  | 17/58 [00:01<00:02, 14.03it/s, loss=1594925440.0000]
  Epoch  1/30:  33%|████████▌                 | 19/58 [00:01<00:02, 14.17it/s, loss=1594925440.0000]
  Epoch  1/30:  33%|████████▌                 | 19/58 [00:01<00:02, 14.17it/s, loss=1599731456.0000]
  Epoch  1/30:  33%|████████▌                 | 19/58 [00:01<00:02, 14.17it/s, loss=1727865856.0000]
  Epoch  1/30:  36%|█████████▍                | 21/58 [00:01<00:02, 14.71it/s, loss=1727865856.0000]
  Epoch  1/30:  36%|█████████▍                | 21/58 [00:01<00:02, 14.71it/s, loss=1677780736.0000]
  Epoch  1/30:  36%|█████████▍                | 21/58 [00:01<00:02, 14.71it/s, loss=1515609344.0000]
  Epoch  1/30:  40%|██████████▎               | 23/58 [00:01<00:02, 15.19it/s, loss=1515609344.0000]
  Epoch  1/30:  40%|██████████▎               | 23/58 [00:01<00:02, 15.19it/s, loss=1446927104.0000]
  Epoch  1/30:  40%|██████████▎               | 23/58 [00:02<00:02, 15.19it/s, loss=1281977344.0000]
  Epoch  1/30:  43%|███████████▏              | 25/58 [00:02<00:02, 14.94it/s, loss=1281977344.0000]
  Epoch  1/30:  43%|███████████▏              | 25/58 [00:02<00:02, 14.94it/s, loss=1308085632.0000]
  Epoch  1/30:  43%|███████████▏              | 25/58 [00:02<00:02, 14.94it/s, loss=1455790976.0000]
  Epoch  1/30:  47%|████████████              | 27/58 [00:02<00:02, 13.47it/s, loss=1455790976.0000]
  Epoch  1/30:  47%|████████████              | 27/58 [00:02<00:02, 13.47it/s, loss=1176645888.0000]
  Epoch  1/30:  47%|████████████              | 27/58 [00:02<00:02, 13.47it/s, loss=1272211200.0000]
  Epoch  1/30:  50%|█████████████             | 29/58 [00:02<00:02, 14.13it/s, loss=1272211200.0000]
  Epoch  1/30:  50%|█████████████             | 29/58 [00:02<00:02, 14.13it/s, loss=1226321408.0000]
  Epoch  1/30:  50%|█████████████             | 29/58 [00:02<00:02, 14.13it/s, loss=1222826880.0000]
  Epoch  1/30:  50%|█████████████             | 29/58 [00:02<00:02, 14.13it/s, loss=1371431936.0000]
  Epoch  1/30:  55%|██████████████▎           | 32/58 [00:02<00:01, 16.17it/s, loss=1371431936.0000]
  Epoch  1/30:  55%|██████████████▎           | 32/58 [00:02<00:01, 16.17it/s, loss=1219619840.0000]
  Epoch  1/30:  55%|██████████████▎           | 32/58 [00:02<00:01, 16.17it/s, loss=1147281152.0000]
  Epoch  1/30:  59%|███████████████▏          | 34/58 [00:02<00:01, 16.67it/s, loss=1147281152.0000]
  Epoch  1/30:  59%|███████████████▏          | 34/58 [00:02<00:01, 16.67it/s, loss=1180685696.0000]
  Epoch  1/30:  59%|███████████████▏          | 34/58 [00:02<00:01, 16.67it/s, loss=1378485504.0000]
  Epoch  1/30:  62%|████████████████▏         | 36/58 [00:02<00:01, 15.77it/s, loss=1378485504.0000]
  Epoch  1/30:  62%|████████████████▏         | 36/58 [00:02<00:01, 15.77it/s, loss=1187226496.0000]
  Epoch  1/30:  62%|████████████████▏         | 36/58 [00:02<00:01, 15.77it/s, loss=1231852928.0000]
  Epoch  1/30:  66%|█████████████████         | 38/58 [00:02<00:01, 15.79it/s, loss=1231852928.0000]
  Epoch  1/30:  66%|█████████████████         | 38/58 [00:02<00:01, 15.79it/s, loss=1187354752.0000]
  Epoch  1/30:  66%|█████████████████         | 38/58 [00:02<00:01, 15.79it/s, loss=1081194752.0000]
  Epoch  1/30:  69%|█████████████████▉        | 40/58 [00:02<00:01, 16.54it/s, loss=1081194752.0000]
  Epoch  1/30:  69%|█████████████████▉        | 40/58 [00:03<00:01, 16.54it/s, loss=1288995840.0000]
  Epoch  1/30:  69%|█████████████████▉        | 40/58 [00:03<00:01, 16.54it/s, loss=1102524416.0000]
  Epoch  1/30:  72%|██████████████████▊       | 42/58 [00:03<00:00, 16.57it/s, loss=1102524416.0000]
  Epoch  1/30:  72%|██████████████████▊       | 42/58 [00:03<00:00, 16.57it/s, loss=1181817728.0000]
  Epoch  1/30:  72%|██████████████████▊       | 42/58 [00:03<00:00, 16.57it/s, loss=1030035328.0000]
  Epoch  1/30:  76%|███████████████████▋      | 44/58 [00:03<00:00, 15.57it/s, loss=1030035328.0000]
  Epoch  1/30:  76%|███████████████████▋      | 44/58 [00:03<00:00, 15.57it/s, loss=1020330496.0000]
  Epoch  1/30:  76%|███████████████████▋      | 44/58 [00:03<00:00, 15.57it/s, loss=1049879744.0000]
  Epoch  1/30:  79%|████████████████████▌     | 46/58 [00:03<00:00, 16.10it/s, loss=1049879744.0000]
  Epoch  1/30:  79%|████████████████████▌     | 46/58 [00:03<00:00, 16.10it/s, loss=1179484672.0000]
  Epoch  1/30:  79%|████████████████████▌     | 46/58 [00:03<00:00, 16.10it/s, loss=1135107712.0000]
  Epoch  1/30:  79%|████████████████████▌     | 46/58 [00:03<00:00, 16.10it/s, loss=1035194368.0000]
  Epoch  1/30:  84%|█████████████████████▉    | 49/58 [00:03<00:00, 17.49it/s, loss=1035194368.0000]
  Epoch  1/30:  84%|█████████████████████▉    | 49/58 [00:03<00:00, 17.49it/s, loss=1038858368.0000]
  Epoch  1/30:  84%|██████████████████████▊    | 49/58 [00:03<00:00, 17.49it/s, loss=995694528.0000]
  Epoch  1/30:  88%|███████████████████████▋   | 51/58 [00:03<00:00, 17.80it/s, loss=995694528.0000]
  Epoch  1/30:  88%|██████████████████████▊   | 51/58 [00:03<00:00, 17.80it/s, loss=1035031424.0000]
  Epoch  1/30:  88%|██████████████████████▊   | 51/58 [00:03<00:00, 17.80it/s, loss=1063317376.0000]
  Epoch  1/30:  88%|███████████████████████▋   | 51/58 [00:03<00:00, 17.80it/s, loss=972478848.0000]
  Epoch  1/30:  93%|█████████████████████████▏ | 54/58 [00:03<00:00, 18.95it/s, loss=972478848.0000]
  Epoch  1/30:  93%|█████████████████████████▏ | 54/58 [00:03<00:00, 18.95it/s, loss=952112768.0000]
  Epoch  1/30:  93%|█████████████████████████▏ | 54/58 [00:03<00:00, 18.95it/s, loss=926982144.0000]
  Epoch  1/30:  93%|████████████████████████▏ | 54/58 [00:03<00:00, 18.95it/s, loss=1001934336.0000]
  Epoch  1/30:  98%|█████████████████████████▌| 57/58 [00:03<00:00, 19.91it/s, loss=1001934336.0000]
  Epoch  1/30:  98%|█████████████████████████▌| 57/58 [00:03<00:00, 19.91it/s, loss=1001944192.0000]
                                                                                                    

  Epoch  2/30:   0%|                                                         | 0/58 [00:00<?, ?it/s]
  Epoch  2/30:   0%|                                    | 0/58 [00:00<?, ?it/s, loss=989588160.0000]
  Epoch  2/30:   0%|                                    | 0/58 [00:00<?, ?it/s, loss=904707776.0000]
  Epoch  2/30:   0%|                                   | 0/58 [00:00<?, ?it/s, loss=1033489792.0000]
  Epoch  2/30:   5%|█▍                         | 3/58 [00:00<00:02, 23.49it/s, loss=1033489792.0000]
  Epoch  2/30:   5%|█▍                          | 3/58 [00:00<00:02, 23.49it/s, loss=816985600.0000]
  Epoch  2/30:   5%|█▍                          | 3/58 [00:00<00:02, 23.49it/s, loss=792069824.0000]
  Epoch  2/30:   5%|█▍                          | 3/58 [00:00<00:02, 23.49it/s, loss=849497984.0000]
  Epoch  2/30:  10%|██▉                         | 6/58 [00:00<00:02, 21.04it/s, loss=849497984.0000]
  Epoch  2/30:  10%|██▉                         | 6/58 [00:00<00:02, 21.04it/s, loss=899106496.0000]
  Epoch  2/30:  10%|██▉                         | 6/58 [00:00<00:02, 21.04it/s, loss=959701888.0000]
  Epoch  2/30:  10%|██▉                         | 6/58 [00:00<00:02, 21.04it/s, loss=895605888.0000]
  Epoch  2/30:  16%|████▎                       | 9/58 [00:00<00:02, 20.95it/s, loss=895605888.0000]
  Epoch  2/30:  16%|████▎                       | 9/58 [00:00<00:02, 20.95it/s, loss=932503424.0000]
  Epoch  2/30:  16%|████▎                       | 9/58 [00:00<00:02, 20.95it/s, loss=829655808.0000]
  Epoch  2/30:  16%|████▎                       | 9/58 [00:00<00:02, 20.95it/s, loss=875305984.0000]
  Epoch  2/30:  21%|█████▌                     | 12/58 [00:00<00:02, 20.71it/s, loss=875305984.0000]
  Epoch  2/30:  21%|█████▌                     | 12/58 [00:00<00:02, 20.71it/s, loss=766531840.0000]
  Epoch  2/30:  21%|█████▌                     | 12/58 [00:00<00:02, 20.71it/s, loss=770245760.0000]
  Epoch  2/30:  21%|█████▌                     | 12/58 [00:00<00:02, 20.71it/s, loss=888293376.0000]
  Epoch  2/30:  26%|██████▉                    | 15/58 [00:00<00:02, 19.42it/s, loss=888293376.0000]
  Epoch  2/30:  26%|██████▉                    | 15/58 [00:00<00:02, 19.42it/s, loss=840417664.0000]
  Epoch  2/30:  26%|██████▉                    | 15/58 [00:00<00:02, 19.42it/s, loss=738101760.0000]
  Epoch  2/30:  29%|███████▉                   | 17/58 [00:00<00:02, 18.84it/s, loss=738101760.0000]
  Epoch  2/30:  29%|███████▉                   | 17/58 [00:00<00:02, 18.84it/s, loss=847364608.0000]
  Epoch  2/30:  29%|███████▉                   | 17/58 [00:00<00:02, 18.84it/s, loss=826993344.0000]
  Epoch  2/30:  29%|███████▉                   | 17/58 [00:01<00:02, 18.84it/s, loss=839840960.0000]
  Epoch  2/30:  34%|█████████▎                 | 20/58 [00:01<00:02, 18.91it/s, loss=839840960.0000]
  Epoch  2/30:  34%|█████████▎                 | 20/58 [00:01<00:02, 18.91it/s, loss=802577280.0000]
  Epoch  2/30:  34%|█████████▎                 | 20/58 [00:01<00:02, 18.91it/s, loss=690844224.0000]
  Epoch  2/30:  34%|█████████▎                 | 20/58 [00:01<00:02, 18.91it/s, loss=731563648.0000]
  Epoch  2/30:  40%|██████████▋                | 23/58 [00:01<00:01, 19.46it/s, loss=731563648.0000]
  Epoch  2/30:  40%|██████████▋                | 23/58 [00:01<00:01, 19.46it/s, loss=758118528.0000]
  Epoch  2/30:  40%|██████████▋                | 23/58 [00:01<00:01, 19.46it/s, loss=645862272.0000]
  Epoch  2/30:  40%|██████████▋                | 23/58 [00:01<00:01, 19.46it/s, loss=730905280.0000]
  Epoch  2/30:  45%|████████████               | 26/58 [00:01<00:01, 20.04it/s, loss=730905280.0000]
  Epoch  2/30:  45%|████████████               | 26/58 [00:01<00:01, 20.04it/s, loss=754859904.0000]
  Epoch  2/30:  45%|████████████               | 26/58 [00:01<00:01, 20.04it/s, loss=729764224.0000]
  Epoch  2/30:  45%|████████████               | 26/58 [00:01<00:01, 20.04it/s, loss=704370112.0000]
  Epoch  2/30:  50%|█████████████▌             | 29/58 [00:01<00:01, 20.43it/s, loss=704370112.0000]
  Epoch  2/30:  50%|█████████████▌             | 29/58 [00:01<00:01, 20.43it/s, loss=764136064.0000]
  Epoch  2/30:  50%|█████████████▌             | 29/58 [00:01<00:01, 20.43it/s, loss=774485504.0000]
  Epoch  2/30:  50%|█████████████▌             | 29/58 [00:01<00:01, 20.43it/s, loss=801716992.0000]
  Epoch  2/30:  55%|██████████████▉            | 32/58 [00:01<00:01, 20.77it/s, loss=801716992.0000]
  Epoch  2/30:  55%|██████████████▉            | 32/58 [00:01<00:01, 20.77it/s, loss=731251072.0000]
  Epoch  2/30:  55%|██████████████▉            | 32/58 [00:01<00:01, 20.77it/s, loss=644917376.0000]
  Epoch  2/30:  55%|██████████████▉            | 32/58 [00:01<00:01, 20.77it/s, loss=832006848.0000]
  Epoch  2/30:  60%|████████████████▎          | 35/58 [00:01<00:01, 21.14it/s, loss=832006848.0000]
  Epoch  2/30:  60%|████████████████▎          | 35/58 [00:01<00:01, 21.14it/s, loss=689498368.0000]
  Epoch  2/30:  60%|████████████████▎          | 35/58 [00:01<00:01, 21.14it/s, loss=667747520.0000]
  Epoch  2/30:  60%|████████████████▎          | 35/58 [00:01<00:01, 21.14it/s, loss=641801920.0000]
  Epoch  2/30:  66%|█████████████████▋         | 38/58 [00:01<00:00, 21.86it/s, loss=641801920.0000]
  Epoch  2/30:  66%|█████████████████▋         | 38/58 [00:01<00:00, 21.86it/s, loss=637964928.0000]
  Epoch  2/30:  66%|█████████████████▋         | 38/58 [00:01<00:00, 21.86it/s, loss=616998912.0000]
  Epoch  2/30:  66%|█████████████████▋         | 38/58 [00:01<00:00, 21.86it/s, loss=652243584.0000]
  Epoch  2/30:  71%|███████████████████        | 41/58 [00:01<00:00, 22.67it/s, loss=652243584.0000]
  Epoch  2/30:  71%|███████████████████        | 41/58 [00:02<00:00, 22.67it/s, loss=645080192.0000]
  Epoch  2/30:  71%|███████████████████        | 41/58 [00:02<00:00, 22.67it/s, loss=661195648.0000]
  Epoch  2/30:  71%|███████████████████        | 41/58 [00:02<00:00, 22.67it/s, loss=643934720.0000]
  Epoch  2/30:  76%|████████████████████▍      | 44/58 [00:02<00:00, 21.77it/s, loss=643934720.0000]
  Epoch  2/30:  76%|████████████████████▍      | 44/58 [00:02<00:00, 21.77it/s, loss=605898048.0000]
  Epoch  2/30:  76%|████████████████████▍      | 44/58 [00:02<00:00, 21.77it/s, loss=640998848.0000]
  Epoch  2/30:  76%|████████████████████▍      | 44/58 [00:02<00:00, 21.77it/s, loss=617532672.0000]
  Epoch  2/30:  81%|█████████████████████▉     | 47/58 [00:02<00:00, 21.19it/s, loss=617532672.0000]
  Epoch  2/30:  81%|█████████████████████▉     | 47/58 [00:02<00:00, 21.19it/s, loss=642763648.0000]
  Epoch  2/30:  81%|█████████████████████▉     | 47/58 [00:02<00:00, 21.19it/s, loss=557583552.0000]
  Epoch  2/30:  81%|█████████████████████▉     | 47/58 [00:02<00:00, 21.19it/s, loss=516894784.0000]
  Epoch  2/30:  86%|███████████████████████▎   | 50/58 [00:02<00:00, 21.45it/s, loss=516894784.0000]
  Epoch  2/30:  86%|███████████████████████▎   | 50/58 [00:02<00:00, 21.45it/s, loss=524084480.0000]
  Epoch  2/30:  86%|███████████████████████▎   | 50/58 [00:02<00:00, 21.45it/s, loss=561398016.0000]
  Epoch  2/30:  86%|███████████████████████▎   | 50/58 [00:02<00:00, 21.45it/s, loss=613105664.0000]
  Epoch  2/30:  91%|████████████████████████▋  | 53/58 [00:02<00:00, 22.43it/s, loss=613105664.0000]
  Epoch  2/30:  91%|████████████████████████▋  | 53/58 [00:02<00:00, 22.43it/s, loss=608305792.0000]
  Epoch  2/30:  91%|████████████████████████▋  | 53/58 [00:02<00:00, 22.43it/s, loss=603705216.0000]
  Epoch  2/30:  91%|████████████████████████▋  | 53/58 [00:02<00:00, 22.43it/s, loss=509171712.0000]
  Epoch  2/30:  97%|██████████████████████████ | 56/58 [00:02<00:00, 22.96it/s, loss=509171712.0000]
  Epoch  2/30:  97%|██████████████████████████ | 56/58 [00:02<00:00, 22.96it/s, loss=582393344.0000]
  Epoch  2/30:  97%|██████████████████████████ | 56/58 [00:02<00:00, 22.96it/s, loss=357259840.0000]
                                                                                                    

  Epoch  3/30:   0%|                                                         | 0/58 [00:00<?, ?it/s]
  Epoch  3/30:   0%|                                    | 0/58 [00:00<?, ?it/s, loss=596893888.0000]
  Epoch  3/30:   0%|                                    | 0/58 [00:00<?, ?it/s, loss=538567360.0000]
  Epoch  3/30:   3%|▉                           | 2/58 [00:00<00:03, 15.09it/s, loss=538567360.0000]
  Epoch  3/30:   3%|▉                           | 2/58 [00:00<00:03, 15.09it/s, loss=558780160.0000]
  Epoch  3/30:   3%|▉                           | 2/58 [00:00<00:03, 15.09it/s, loss=574122880.0000]
  Epoch  3/30:   7%|█▉                          | 4/58 [00:00<00:03, 15.54it/s, loss=574122880.0000]
  Epoch  3/30:   7%|█▉                          | 4/58 [00:00<00:03, 15.54it/s, loss=495209536.0000]
  Epoch  3/30:   7%|█▉                          | 4/58 [00:00<00:03, 15.54it/s, loss=475856128.0000]
  Epoch  3/30:  10%|██▉                         | 6/58 [00:00<00:03, 16.15it/s, loss=475856128.0000]
  Epoch  3/30:  10%|██▉                         | 6/58 [00:00<00:03, 16.15it/s, loss=528813664.0000]
  Epoch  3/30:  10%|██▉                         | 6/58 [00:00<00:03, 16.15it/s, loss=546117376.0000]
  Epoch  3/30:  14%|███▊                        | 8/58 [00:00<00:03, 16.13it/s, loss=546117376.0000]
  Epoch  3/30:  14%|███▊                        | 8/58 [00:00<00:03, 16.13it/s, loss=527837440.0000]
  Epoch  3/30:  14%|███▊                        | 8/58 [00:00<00:03, 16.13it/s, loss=456142528.0000]
  Epoch  3/30:  17%|████▋                      | 10/58 [00:00<00:02, 16.33it/s, loss=456142528.0000]
  Epoch  3/30:  17%|████▋                      | 10/58 [00:00<00:02, 16.33it/s, loss=457475712.0000]
  Epoch  3/30:  17%|████▋                      | 10/58 [00:00<00:02, 16.33it/s, loss=498188352.0000]
  Epoch  3/30:  21%|█████▌                     | 12/58 [00:00<00:03, 13.23it/s, loss=498188352.0000]
  Epoch  3/30:  21%|█████▌                     | 12/58 [00:00<00:03, 13.23it/s, loss=489522944.0000]
  Epoch  3/30:  21%|█████▌                     | 12/58 [00:00<00:03, 13.23it/s, loss=510857472.0000]
  Epoch  3/30:  21%|█████▌                     | 12/58 [00:00<00:03, 13.23it/s, loss=429858176.0000]
  Epoch  3/30:  26%|██████▉                    | 15/58 [00:00<00:02, 16.10it/s, loss=429858176.0000]
  Epoch  3/30:  26%|██████▉                    | 15/58 [00:01<00:02, 16.10it/s, loss=463198048.0000]
  Epoch  3/30:  26%|██████▉                    | 15/58 [00:01<00:02, 16.10it/s, loss=505118272.0000]
  Epoch  3/30:  29%|███████▉                   | 17/58 [00:01<00:02, 16.47it/s, loss=505118272.0000]
  Epoch  3/30:  29%|███████▉                   | 17/58 [00:01<00:02, 16.47it/s, loss=439004160.0000]
  Epoch  3/30:  29%|███████▉                   | 17/58 [00:01<00:02, 16.47it/s, loss=452205440.0000]
  Epoch  3/30:  29%|███████▉                   | 17/58 [00:01<00:02, 16.47it/s, loss=518786912.0000]
  Epoch  3/30:  34%|█████████▎                 | 20/58 [00:01<00:02, 18.51it/s, loss=518786912.0000]
  Epoch  3/30:  34%|█████████▎                 | 20/58 [00:01<00:02, 18.51it/s, loss=470051680.0000]
  Epoch  3/30:  34%|█████████▎                 | 20/58 [00:01<00:02, 18.51it/s, loss=438210880.0000]
  Epoch  3/30:  34%|█████████▎                 | 20/58 [00:01<00:02, 18.51it/s, loss=447274496.0000]
  Epoch  3/30:  40%|██████████▋                | 23/58 [00:01<00:01, 20.54it/s, loss=447274496.0000]
  Epoch  3/30:  40%|██████████▋                | 23/58 [00:01<00:01, 20.54it/s, loss=439644224.0000]
  Epoch  3/30:  40%|██████████▋                | 23/58 [00:01<00:01, 20.54it/s, loss=464898144.0000]
  Epoch  3/30:  40%|██████████▋                | 23/58 [00:01<00:01, 20.54it/s, loss=465683520.0000]
  Epoch  3/30:  45%|████████████               | 26/58 [00:01<00:01, 20.65it/s, loss=465683520.0000]
  Epoch  3/30:  45%|████████████               | 26/58 [00:01<00:01, 20.65it/s, loss=412367360.0000]
  Epoch  3/30:  45%|████████████               | 26/58 [00:01<00:01, 20.65it/s, loss=438701120.0000]
  Epoch  3/30:  45%|████████████               | 26/58 [00:01<00:01, 20.65it/s, loss=435040864.0000]
  Epoch  3/30:  50%|█████████████▌             | 29/58 [00:01<00:01, 21.62it/s, loss=435040864.0000]
  Epoch  3/30:  50%|█████████████▌             | 29/58 [00:01<00:01, 21.62it/s, loss=431779520.0000]
  Epoch  3/30:  50%|█████████████▌             | 29/58 [00:01<00:01, 21.62it/s, loss=459887072.0000]
  Epoch  3/30:  50%|█████████████▌             | 29/58 [00:01<00:01, 21.62it/s, loss=428687104.0000]
  Epoch  3/30:  55%|██████████████▉            | 32/58 [00:01<00:01, 21.73it/s, loss=428687104.0000]
  Epoch  3/30:  55%|██████████████▉            | 32/58 [00:01<00:01, 21.73it/s, loss=439610816.0000]
  Epoch  3/30:  55%|██████████████▉            | 32/58 [00:01<00:01, 21.73it/s, loss=441496160.0000]
  Epoch  3/30:  55%|██████████████▉            | 32/58 [00:01<00:01, 21.73it/s, loss=367318880.0000]
  Epoch  3/30:  60%|████████████████▎          | 35/58 [00:01<00:01, 22.72it/s, loss=367318880.0000]
  Epoch  3/30:  60%|████████████████▎          | 35/58 [00:01<00:01, 22.72it/s, loss=422684672.0000]
  Epoch  3/30:  60%|████████████████▎          | 35/58 [00:01<00:01, 22.72it/s, loss=398038880.0000]
  Epoch  3/30:  60%|████████████████▎          | 35/58 [00:01<00:01, 22.72it/s, loss=368838496.0000]
  Epoch  3/30:  66%|█████████████████▋         | 38/58 [00:01<00:00, 23.00it/s, loss=368838496.0000]
  Epoch  3/30:  66%|█████████████████▋         | 38/58 [00:02<00:00, 23.00it/s, loss=385301856.0000]
  Epoch  3/30:  66%|█████████████████▋         | 38/58 [00:02<00:00, 23.00it/s, loss=397155328.0000]
  Epoch  3/30:  66%|█████████████████▋         | 38/58 [00:02<00:00, 23.00it/s, loss=366293312.0000]
  Epoch  3/30:  71%|███████████████████        | 41/58 [00:02<00:00, 22.22it/s, loss=366293312.0000]
  Epoch  3/30:  71%|███████████████████        | 41/58 [00:02<00:00, 22.22it/s, loss=390641408.0000]
  Epoch  3/30:  71%|███████████████████        | 41/58 [00:02<00:00, 22.22it/s, loss=374079488.0000]
  Epoch  3/30:  71%|███████████████████        | 41/58 [00:02<00:00, 22.22it/s, loss=362562400.0000]
  Epoch  3/30:  76%|████████████████████▍      | 44/58 [00:02<00:00, 22.30it/s, loss=362562400.0000]
  Epoch  3/30:  76%|████████████████████▍      | 44/58 [00:02<00:00, 22.30it/s, loss=368337152.0000]
  Epoch  3/30:  76%|████████████████████▍      | 44/58 [00:02<00:00, 22.30it/s, loss=385424960.0000]
  Epoch  3/30:  76%|████████████████████▍      | 44/58 [00:02<00:00, 22.30it/s, loss=410783328.0000]
  Epoch  3/30:  81%|█████████████████████▉     | 47/58 [00:02<00:00, 21.57it/s, loss=410783328.0000]
  Epoch  3/30:  81%|█████████████████████▉     | 47/58 [00:02<00:00, 21.57it/s, loss=339557408.0000]
  Epoch  3/30:  81%|█████████████████████▉     | 47/58 [00:02<00:00, 21.57it/s, loss=361320544.0000]
  Epoch  3/30:  81%|█████████████████████▉     | 47/58 [00:02<00:00, 21.57it/s, loss=351384320.0000]
  Epoch  3/30:  86%|███████████████████████▎   | 50/58 [00:02<00:00, 22.78it/s, loss=351384320.0000]
  Epoch  3/30:  86%|███████████████████████▎   | 50/58 [00:02<00:00, 22.78it/s, loss=336738240.0000]
  Epoch  3/30:  86%|███████████████████████▎   | 50/58 [00:02<00:00, 22.78it/s, loss=318386144.0000]
  Epoch  3/30:  86%|███████████████████████▎   | 50/58 [00:02<00:00, 22.78it/s, loss=335191552.0000]
  Epoch  3/30:  91%|████████████████████████▋  | 53/58 [00:02<00:00, 22.52it/s, loss=335191552.0000]
  Epoch  3/30:  91%|████████████████████████▋  | 53/58 [00:02<00:00, 22.52it/s, loss=313056416.0000]
  Epoch  3/30:  91%|████████████████████████▋  | 53/58 [00:02<00:00, 22.52it/s, loss=306158016.0000]
  Epoch  3/30:  91%|████████████████████████▋  | 53/58 [00:02<00:00, 22.52it/s, loss=323345152.0000]
  Epoch  3/30:  97%|██████████████████████████ | 56/58 [00:02<00:00, 23.53it/s, loss=323345152.0000]
  Epoch  3/30:  97%|██████████████████████████ | 56/58 [00:02<00:00, 23.53it/s, loss=361459968.0000]
  Epoch  3/30:  97%|██████████████████████████ | 56/58 [00:02<00:00, 23.53it/s, loss=280379840.0000]
                                                                                                    

  Epoch  4/30:   0%|                                                         | 0/58 [00:00<?, ?it/s]
  Epoch  4/30:   0%|                                    | 0/58 [00:00<?, ?it/s, loss=352528896.0000]
  Epoch  4/30:   0%|                                    | 0/58 [00:00<?, ?it/s, loss=356604032.0000]
  Epoch  4/30:   0%|                                    | 0/58 [00:00<?, ?it/s, loss=299846272.0000]
  Epoch  4/30:   5%|█▍                          | 3/58 [00:00<00:02, 20.82it/s, loss=299846272.0000]
  Epoch  4/30:   5%|█▍                          | 3/58 [00:00<00:02, 20.82it/s, loss=296735264.0000]
  Epoch  4/30:   5%|█▍                          | 3/58 [00:00<00:02, 20.82it/s, loss=304609440.0000]
  Epoch  4/30:   5%|█▍                          | 3/58 [00:00<00:02, 20.82it/s, loss=329228544.0000]
  Epoch  4/30:  10%|██▉                         | 6/58 [00:00<00:02, 20.75it/s, loss=329228544.0000]
  Epoch  4/30:  10%|██▉                         | 6/58 [00:00<00:02, 20.75it/s, loss=302512320.0000]
  Epoch  4/30:  10%|██▉                         | 6/58 [00:00<00:02, 20.75it/s, loss=301795328.0000]
  Epoch  4/30:  10%|██▉                         | 6/58 [00:00<00:02, 20.75it/s, loss=319438464.0000]
  Epoch  4/30:  16%|████▎                       | 9/58 [00:00<00:02, 20.36it/s, loss=319438464.0000]
  Epoch  4/30:  16%|████▎                       | 9/58 [00:00<00:02, 20.36it/s, loss=313069888.0000]
  Epoch  4/30:  16%|████▎                       | 9/58 [00:00<00:02, 20.36it/s, loss=285711872.0000]
  Epoch  4/30:  16%|████▎                       | 9/58 [00:00<00:02, 20.36it/s, loss=325447744.0000]
  Epoch  4/30:  21%|█████▌                     | 12/58 [00:00<00:02, 21.08it/s, loss=325447744.0000]
  Epoch  4/30:  21%|█████▌                     | 12/58 [00:00<00:02, 21.08it/s, loss=273083584.0000]
  Epoch  4/30:  21%|█████▌                     | 12/58 [00:00<00:02, 21.08it/s, loss=288095616.0000]
  Epoch  4/30:  21%|█████▌                     | 12/58 [00:00<00:02, 21.08it/s, loss=265497312.0000]
  Epoch  4/30:  26%|██████▉                    | 15/58 [00:00<00:02, 21.44it/s, loss=265497312.0000]
  Epoch  4/30:  26%|██████▉                    | 15/58 [00:00<00:02, 21.44it/s, loss=287836736.0000]
  Epoch  4/30:  26%|██████▉                    | 15/58 [00:00<00:02, 21.44it/s, loss=295085408.0000]
  Epoch  4/30:  26%|██████▉                    | 15/58 [00:00<00:02, 21.44it/s, loss=306801760.0000]
  Epoch  4/30:  31%|████████▍                  | 18/58 [00:00<00:01, 21.70it/s, loss=306801760.0000]
  Epoch  4/30:  31%|████████▍                  | 18/58 [00:00<00:01, 21.70it/s, loss=274794464.0000]
  Epoch  4/30:  31%|████████▍                  | 18/58 [00:00<00:01, 21.70it/s, loss=279283520.0000]
  Epoch  4/30:  31%|████████▍                  | 18/58 [00:01<00:01, 21.70it/s, loss=286132416.0000]
  Epoch  4/30:  36%|█████████▊                 | 21/58 [00:01<00:01, 19.71it/s, loss=286132416.0000]
  Epoch  4/30:  36%|█████████▊                 | 21/58 [00:01<00:01, 19.71it/s, loss=254560512.0000]
  Epoch  4/30:  36%|█████████▊                 | 21/58 [00:01<00:01, 19.71it/s, loss=254126832.0000]
  Epoch  4/30:  36%|█████████▊                 | 21/58 [00:01<00:01, 19.71it/s, loss=282414208.0000]
  Epoch  4/30:  41%|███████████▏               | 24/58 [00:01<00:01, 18.65it/s, loss=282414208.0000]
  Epoch  4/30:  41%|███████████▏               | 24/58 [00:01<00:01, 18.65it/s, loss=250950784.0000]
  Epoch  4/30:  41%|███████████▏               | 24/58 [00:01<00:01, 18.65it/s, loss=258757952.0000]
  Epoch  4/30:  45%|████████████               | 26/58 [00:01<00:01, 17.82it/s, loss=258757952.0000]
  Epoch  4/30:  45%|████████████               | 26/58 [00:01<00:01, 17.82it/s, loss=277299712.0000]
  Epoch  4/30:  45%|████████████               | 26/58 [00:01<00:01, 17.82it/s, loss=266117552.0000]
  Epoch  4/30:  48%|█████████████              | 28/58 [00:01<00:01, 17.66it/s, loss=266117552.0000]
  Epoch  4/30:  48%|█████████████              | 28/58 [00:01<00:01, 17.66it/s, loss=282129984.0000]
  Epoch  4/30:  48%|█████████████              | 28/58 [00:01<00:01, 17.66it/s, loss=263560192.0000]
  Epoch  4/30:  52%|█████████████▉             | 30/58 [00:01<00:01, 17.43it/s, loss=263560192.0000]
  Epoch  4/30:  52%|█████████████▉             | 30/58 [00:01<00:01, 17.43it/s, loss=238116272.0000]
  Epoch  4/30:  52%|█████████████▉             | 30/58 [00:01<00:01, 17.43it/s, loss=240403008.0000]
  Epoch  4/30:  55%|██████████████▉            | 32/58 [00:01<00:01, 17.43it/s, loss=240403008.0000]
  Epoch  4/30:  55%|██████████████▉            | 32/58 [00:01<00:01, 17.43it/s, loss=234328560.0000]
  Epoch  4/30:  55%|██████████████▉            | 32/58 [00:01<00:01, 17.43it/s, loss=275421920.0000]
  Epoch  4/30:  59%|███████████████▊           | 34/58 [00:01<00:01, 18.07it/s, loss=275421920.0000]
  Epoch  4/30:  59%|███████████████▊           | 34/58 [00:01<00:01, 18.07it/s, loss=230596736.0000]
  Epoch  4/30:  59%|███████████████▊           | 34/58 [00:01<00:01, 18.07it/s, loss=257684096.0000]
  Epoch  4/30:  59%|███████████████▊           | 34/58 [00:01<00:01, 18.07it/s, loss=230006752.0000]
  Epoch  4/30:  64%|█████████████████▏         | 37/58 [00:01<00:01, 19.97it/s, loss=230006752.0000]
  Epoch  4/30:  64%|█████████████████▏         | 37/58 [00:01<00:01, 19.97it/s, loss=234559968.0000]
  Epoch  4/30:  64%|█████████████████▏         | 37/58 [00:01<00:01, 19.97it/s, loss=230425504.0000]
  Epoch  4/30:  64%|█████████████████▏         | 37/58 [00:02<00:01, 19.97it/s, loss=249383216.0000]
  Epoch  4/30:  69%|██████████████████▌        | 40/58 [00:02<00:00, 21.19it/s, loss=249383216.0000]
  Epoch  4/30:  69%|██████████████████▌        | 40/58 [00:02<00:00, 21.19it/s, loss=203019568.0000]
  Epoch  4/30:  69%|██████████████████▌        | 40/58 [00:02<00:00, 21.19it/s, loss=226223152.0000]
  Epoch  4/30:  69%|██████████████████▌        | 40/58 [00:02<00:00, 21.19it/s, loss=239069440.0000]
  Epoch  4/30:  74%|████████████████████       | 43/58 [00:02<00:00, 22.08it/s, loss=239069440.0000]
  Epoch  4/30:  74%|████████████████████       | 43/58 [00:02<00:00, 22.08it/s, loss=215505632.0000]
  Epoch  4/30:  74%|████████████████████       | 43/58 [00:02<00:00, 22.08it/s, loss=256554240.0000]
  Epoch  4/30:  74%|████████████████████       | 43/58 [00:02<00:00, 22.08it/s, loss=217875424.0000]
  Epoch  4/30:  79%|█████████████████████▍     | 46/58 [00:02<00:00, 23.04it/s, loss=217875424.0000]
  Epoch  4/30:  79%|█████████████████████▍     | 46/58 [00:02<00:00, 23.04it/s, loss=229627232.0000]
  Epoch  4/30:  79%|█████████████████████▍     | 46/58 [00:02<00:00, 23.04it/s, loss=194528432.0000]
  Epoch  4/30:  79%|█████████████████████▍     | 46/58 [00:02<00:00, 23.04it/s, loss=214369328.0000]
  Epoch  4/30:  84%|██████████████████████▊    | 49/58 [00:02<00:00, 23.23it/s, loss=214369328.0000]
  Epoch  4/30:  84%|██████████████████████▊    | 49/58 [00:02<00:00, 23.23it/s, loss=209699552.0000]
  Epoch  4/30:  84%|██████████████████████▊    | 49/58 [00:02<00:00, 23.23it/s, loss=197930864.0000]
  Epoch  4/30:  84%|██████████████████████▊    | 49/58 [00:02<00:00, 23.23it/s, loss=217226416.0000]
  Epoch  4/30:  90%|████████████████████████▏  | 52/58 [00:02<00:00, 22.94it/s, loss=217226416.0000]
  Epoch  4/30:  90%|████████████████████████▏  | 52/58 [00:02<00:00, 22.94it/s, loss=222695856.0000]
  Epoch  4/30:  90%|████████████████████████▏  | 52/58 [00:02<00:00, 22.94it/s, loss=209437280.0000]
  Epoch  4/30:  90%|████████████████████████▏  | 52/58 [00:02<00:00, 22.94it/s, loss=189181616.0000]
  Epoch  4/30:  95%|█████████████████████████▌ | 55/58 [00:02<00:00, 22.52it/s, loss=189181616.0000]
  Epoch  4/30:  95%|█████████████████████████▌ | 55/58 [00:02<00:00, 22.52it/s, loss=221772592.0000]
  Epoch  4/30:  95%|█████████████████████████▌ | 55/58 [00:02<00:00, 22.52it/s, loss=199452464.0000]
  Epoch  4/30:  95%|█████████████████████████▌ | 55/58 [00:02<00:00, 22.52it/s, loss=126628320.0000]
  Epoch  4/30: 100%|███████████████████████████| 58/58 [00:02<00:00, 22.12it/s, loss=126628320.0000]
                                                                                                    

  Epoch  5/30:   0%|                                                         | 0/58 [00:00<?, ?it/s]
  Epoch  5/30:   0%|                                    | 0/58 [00:00<?, ?it/s, loss=216923232.0000]
  Epoch  5/30:   0%|                                    | 0/58 [00:00<?, ?it/s, loss=221880496.0000]
  Epoch  5/30:   3%|▉                           | 2/58 [00:00<00:03, 17.33it/s, loss=221880496.0000]
  Epoch  5/30:   3%|▉                           | 2/58 [00:00<00:03, 17.33it/s, loss=203866800.0000]
  Epoch  5/30:   3%|▉                           | 2/58 [00:00<00:03, 17.33it/s, loss=211925408.0000]
  Epoch  5/30:   7%|█▉                          | 4/58 [00:00<00:03, 15.68it/s, loss=211925408.0000]
  Epoch  5/30:   7%|█▉                          | 4/58 [00:00<00:03, 15.68it/s, loss=180292272.0000]
  Epoch  5/30:   7%|█▉                          | 4/58 [00:00<00:03, 15.68it/s, loss=170029504.0000]
  Epoch  5/30:  10%|██▉                         | 6/58 [00:00<00:03, 15.64it/s, loss=170029504.0000]
  Epoch  5/30:  10%|██▉                         | 6/58 [00:00<00:03, 15.64it/s, loss=168841440.0000]
  Epoch  5/30:  10%|██▉                         | 6/58 [00:00<00:03, 15.64it/s, loss=201617632.0000]
  Epoch  5/30:  14%|███▊                        | 8/58 [00:00<00:03, 14.88it/s, loss=201617632.0000]
  Epoch  5/30:  14%|███▊                        | 8/58 [00:00<00:03, 14.88it/s, loss=195439024.0000]
  Epoch  5/30:  14%|███▊                        | 8/58 [00:00<00:03, 14.88it/s, loss=180669872.0000]
  Epoch  5/30:  17%|████▋                      | 10/58 [00:00<00:03, 15.06it/s, loss=180669872.0000]
  Epoch  5/30:  17%|████▋                      | 10/58 [00:00<00:03, 15.06it/s, loss=183829920.0000]
  Epoch  5/30:  17%|████▋                      | 10/58 [00:00<00:03, 15.06it/s, loss=165880160.0000]
  Epoch  5/30:  21%|█████▌                     | 12/58 [00:00<00:03, 15.09it/s, loss=165880160.0000]
  Epoch  5/30:  21%|█████▌                     | 12/58 [00:00<00:03, 15.09it/s, loss=180823600.0000]
  Epoch  5/30:  21%|█████▌                     | 12/58 [00:00<00:03, 15.09it/s, loss=199262688.0000]
  Epoch  5/30:  24%|██████▌                    | 14/58 [00:00<00:02, 15.49it/s, loss=199262688.0000]
  Epoch  5/30:  24%|██████▌                    | 14/58 [00:00<00:02, 15.49it/s, loss=164254880.0000]
  Epoch  5/30:  24%|██████▌                    | 14/58 [00:01<00:02, 15.49it/s, loss=180437216.0000]
  Epoch  5/30:  28%|███████▍                   | 16/58 [00:01<00:02, 15.92it/s, loss=180437216.0000]
  Epoch  5/30:  28%|███████▍                   | 16/58 [00:01<00:02, 15.92it/s, loss=188210240.0000]
  Epoch  5/30:  28%|███████▍                   | 16/58 [00:01<00:02, 15.92it/s, loss=212063360.0000]
  Epoch  5/30:  28%|███████▍                   | 16/58 [00:01<00:02, 15.92it/s, loss=180181024.0000]
  Epoch  5/30:  33%|████████▊                  | 19/58 [00:01<00:02, 18.28it/s, loss=180181024.0000]
  Epoch  5/30:  33%|████████▊                  | 19/58 [00:01<00:02, 18.28it/s, loss=177746400.0000]
  Epoch  5/30:  33%|████████▊                  | 19/58 [00:01<00:02, 18.28it/s, loss=179217072.0000]
  Epoch  5/30:  33%|████████▊                  | 19/58 [00:01<00:02, 18.28it/s, loss=174518816.0000]
  Epoch  5/30:  38%|██████████▏                | 22/58 [00:01<00:02, 15.77it/s, loss=174518816.0000]
  Epoch  5/30:  38%|██████████▏                | 22/58 [00:01<00:02, 15.77it/s, loss=160290592.0000]
  Epoch  5/30:  38%|██████████▏                | 22/58 [00:01<00:02, 15.77it/s, loss=157441920.0000]
  Epoch  5/30:  41%|███████████▏               | 24/58 [00:01<00:02, 16.20it/s, loss=157441920.0000]
  Epoch  5/30:  41%|███████████▏               | 24/58 [00:01<00:02, 16.20it/s, loss=169515616.0000]
  Epoch  5/30:  41%|███████████▏               | 24/58 [00:01<00:02, 16.20it/s, loss=151867840.0000]
  Epoch  5/30:  41%|███████████▏               | 24/58 [00:01<00:02, 16.20it/s, loss=153686576.0000]
  Epoch  5/30:  47%|████████████▌              | 27/58 [00:01<00:01, 18.13it/s, loss=153686576.0000]
  Epoch  5/30:  47%|████████████▌              | 27/58 [00:01<00:01, 18.13it/s, loss=150472000.0000]
  Epoch  5/30:  47%|████████████▌              | 27/58 [00:01<00:01, 18.13it/s, loss=156182464.0000]
  Epoch  5/30:  47%|████████████▌              | 27/58 [00:01<00:01, 18.13it/s, loss=147422592.0000]
  Epoch  5/30:  52%|█████████████▉             | 30/58 [00:01<00:01, 19.28it/s, loss=147422592.0000]
  Epoch  5/30:  52%|█████████████▉             | 30/58 [00:01<00:01, 19.28it/s, loss=165123664.0000]
  Epoch  5/30:  52%|█████████████▉             | 30/58 [00:01<00:01, 19.28it/s, loss=150145648.0000]
  Epoch  5/30:  52%|█████████████▉             | 30/58 [00:01<00:01, 19.28it/s, loss=150137808.0000]
  Epoch  5/30:  57%|███████████████▎           | 33/58 [00:01<00:01, 20.26it/s, loss=150137808.0000]
  Epoch  5/30:  57%|███████████████▎           | 33/58 [00:01<00:01, 20.26it/s, loss=143952736.0000]
  Epoch  5/30:  57%|███████████████▎           | 33/58 [00:01<00:01, 20.26it/s, loss=156368704.0000]
  Epoch  5/30:  57%|███████████████▎           | 33/58 [00:02<00:01, 20.26it/s, loss=144534208.0000]
  Epoch  5/30:  62%|████████████████▊          | 36/58 [00:02<00:00, 22.00it/s, loss=144534208.0000]
  Epoch  5/30:  62%|████████████████▊          | 36/58 [00:02<00:00, 22.00it/s, loss=132964784.0000]
  Epoch  5/30:  62%|████████████████▊          | 36/58 [00:02<00:00, 22.00it/s, loss=161057216.0000]
  Epoch  5/30:  62%|████████████████▊          | 36/58 [00:02<00:00, 22.00it/s, loss=161865472.0000]
  Epoch  5/30:  67%|██████████████████▏        | 39/58 [00:02<00:00, 22.45it/s, loss=161865472.0000]
  Epoch  5/30:  67%|██████████████████▏        | 39/58 [00:02<00:00, 22.45it/s, loss=127729728.0000]
  Epoch  5/30:  67%|██████████████████▏        | 39/58 [00:02<00:00, 22.45it/s, loss=157896912.0000]
  Epoch  5/30:  67%|██████████████████▏        | 39/58 [00:02<00:00, 22.45it/s, loss=158709024.0000]
  Epoch  5/30:  72%|███████████████████▌       | 42/58 [00:02<00:00, 22.80it/s, loss=158709024.0000]
  Epoch  5/30:  72%|███████████████████▌       | 42/58 [00:02<00:00, 22.80it/s, loss=118248640.0000]
  Epoch  5/30:  72%|███████████████████▌       | 42/58 [00:02<00:00, 22.80it/s, loss=134052440.0000]
  Epoch  5/30:  72%|███████████████████▌       | 42/58 [00:02<00:00, 22.80it/s, loss=137731536.0000]
  Epoch  5/30:  78%|████████████████████▉      | 45/58 [00:02<00:00, 21.83it/s, loss=137731536.0000]
  Epoch  5/30:  78%|████████████████████▉      | 45/58 [00:02<00:00, 21.83it/s, loss=127536368.0000]
  Epoch  5/30:  78%|████████████████████▉      | 45/58 [00:02<00:00, 21.83it/s, loss=141956720.0000]
  Epoch  5/30:  78%|████████████████████▉      | 45/58 [00:02<00:00, 21.83it/s, loss=137730656.0000]
  Epoch  5/30:  83%|██████████████████████▎    | 48/58 [00:02<00:00, 22.35it/s, loss=137730656.0000]
  Epoch  5/30:  83%|██████████████████████▎    | 48/58 [00:02<00:00, 22.35it/s, loss=146095584.0000]
  Epoch  5/30:  83%|██████████████████████▎    | 48/58 [00:02<00:00, 22.35it/s, loss=137030768.0000]
  Epoch  5/30:  83%|██████████████████████▎    | 48/58 [00:02<00:00, 22.35it/s, loss=134653856.0000]
  Epoch  5/30:  88%|███████████████████████▋   | 51/58 [00:02<00:00, 22.68it/s, loss=134653856.0000]
  Epoch  5/30:  88%|███████████████████████▋   | 51/58 [00:02<00:00, 22.68it/s, loss=125400784.0000]
  Epoch  5/30:  88%|███████████████████████▋   | 51/58 [00:02<00:00, 22.68it/s, loss=107504512.0000]
  Epoch  5/30:  88%|███████████████████████▋   | 51/58 [00:02<00:00, 22.68it/s, loss=126268464.0000]
  Epoch  5/30:  93%|█████████████████████████▏ | 54/58 [00:02<00:00, 22.25it/s, loss=126268464.0000]
  Epoch  5/30:  93%|█████████████████████████▏ | 54/58 [00:02<00:00, 22.25it/s, loss=119994776.0000]
  Epoch  5/30:  93%|█████████████████████████▏ | 54/58 [00:02<00:00, 22.25it/s, loss=129958784.0000]
  Epoch  5/30:  93%|█████████████████████████▏ | 54/58 [00:02<00:00, 22.25it/s, loss=122664024.0000]
  Epoch  5/30:  98%|██████████████████████████▌| 57/58 [00:02<00:00, 22.21it/s, loss=122664024.0000]
  Epoch  5/30:  98%|██████████████████████████▌| 57/58 [00:02<00:00, 22.21it/s, loss=164214784.0000]
                                                                                                    
  Epoch  5/30 │ Loss: 160453780.2759 │ T+1: -58503999488.0000 │ T+2: -45668306944.0000 │ T+3: -138246012928.0000 ★ NEW BEST

  Epoch  6/30:   0%|                                                         | 0/58 [00:00<?, ?it/s]
  Epoch  6/30:   0%|                                    | 0/58 [00:00<?, ?it/s, loss=131959376.0000]
  Epoch  6/30:   0%|                                    | 0/58 [00:00<?, ?it/s, loss=111589080.0000]
  Epoch  6/30:   3%|▉                           | 2/58 [00:00<00:02, 18.79it/s, loss=111589080.0000]
  Epoch  6/30:   3%|▉                           | 2/58 [00:00<00:02, 18.79it/s, loss=124787904.0000]
  Epoch  6/30:   3%|▉                           | 2/58 [00:00<00:02, 18.79it/s, loss=125533504.0000]
  Epoch  6/30:   3%|▉                           | 2/58 [00:00<00:02, 18.79it/s, loss=122943960.0000]
  Epoch  6/30:   9%|██▍                         | 5/58 [00:00<00:02, 19.98it/s, loss=122943960.0000]
  Epoch  6/30:   9%|██▍                         | 5/58 [00:00<00:02, 19.98it/s, loss=121973144.0000]
  Epoch  6/30:   9%|██▍                         | 5/58 [00:00<00:02, 19.98it/s, loss=119382288.0000]
  Epoch  6/30:   9%|██▍                         | 5/58 [00:00<00:02, 19.98it/s, loss=114132896.0000]
  Epoch  6/30:  14%|███▊                        | 8/58 [00:00<00:02, 20.52it/s, loss=114132896.0000]
  Epoch  6/30:  14%|███▊                        | 8/58 [00:00<00:02, 20.52it/s, loss=109103608.0000]
  Epoch  6/30:  14%|███▊                        | 8/58 [00:00<00:02, 20.52it/s, loss=117847920.0000]
  Epoch  6/30:  14%|███▊                        | 8/58 [00:00<00:02, 20.52it/s, loss=117384720.0000]
  Epoch  6/30:  19%|█████                      | 11/58 [00:00<00:02, 20.85it/s, loss=117384720.0000]
  Epoch  6/30:  19%|█████                      | 11/58 [00:00<00:02, 20.85it/s, loss=129307712.0000]
  Epoch  6/30:  19%|█████                      | 11/58 [00:00<00:02, 20.85it/s, loss=122538352.0000]
  Epoch  6/30:  19%|█████                      | 11/58 [00:00<00:02, 20.85it/s, loss=108913600.0000]
  Epoch  6/30:  24%|██████▌                    | 14/58 [00:00<00:01, 22.08it/s, loss=108913600.0000]
  Epoch  6/30:  24%|██████▌                    | 14/58 [00:00<00:01, 22.08it/s, loss=114595968.0000]
  Epoch  6/30:  24%|██████▌                    | 14/58 [00:00<00:01, 22.08it/s, loss=109315568.0000]
  Epoch  6/30:  24%|██████▌                    | 14/58 [00:00<00:01, 22.08it/s, loss=102076960.0000]
  Epoch  6/30:  29%|███████▉                   | 17/58 [00:00<00:02, 18.89it/s, loss=102076960.0000]
  Epoch  6/30:  29%|███████▉                   | 17/58 [00:00<00:02, 18.89it/s, loss=108900472.0000]
  Epoch  6/30:  29%|███████▉                   | 17/58 [00:01<00:02, 18.89it/s, loss=105764080.0000]
  Epoch  6/30:  33%|████████▊                  | 19/58 [00:01<00:02, 17.01it/s, loss=105764080.0000]
  Epoch  6/30:  33%|████████▊                  | 19/58 [00:01<00:02, 17.01it/s, loss=111623600.0000]
  Epoch  6/30:  33%|████████▊                  | 19/58 [00:01<00:02, 17.01it/s, loss=107597760.0000]
  Epoch  6/30:  36%|█████████▊                 | 21/58 [00:01<00:02, 16.74it/s, loss=107597760.0000]
  Epoch  6/30:  36%|█████████▊                 | 21/58 [00:01<00:02, 16.74it/s, loss=115840216.0000]
  Epoch  6/30:  36%|█████████▊                 | 21/58 [00:01<00:02, 16.74it/s, loss=104174328.0000]
  Epoch  6/30:  40%|██████████▋                | 23/58 [00:01<00:02, 16.25it/s, loss=104174328.0000]
  Epoch  6/30:  40%|██████████▋                | 23/58 [00:01<00:02, 16.25it/s, loss=107720952.0000]
  Epoch  6/30:  40%|██████████▋                | 23/58 [00:01<00:02, 16.25it/s, loss=100107552.0000]
  Epoch  6/30:  43%|███████████▋               | 25/58 [00:01<00:02, 15.49it/s, loss=100107552.0000]
  Epoch  6/30:  43%|███████████▋               | 25/58 [00:01<00:02, 15.49it/s, loss=104152432.0000]
  Epoch  6/30:  43%|███████████▋               | 25/58 [00:01<00:02, 15.49it/s, loss=102744160.0000]
  Epoch  6/30:  47%|████████████▌              | 27/58 [00:01<00:02, 14.85it/s, loss=102744160.0000]
  Epoch  6/30:  47%|████████████▌              | 27/58 [00:01<00:02, 14.85it/s, loss=104401584.0000]
  Epoch  6/30:  47%|████████████▌              | 27/58 [00:01<00:02, 14.85it/s, loss=104836416.0000]
  Epoch  6/30:  50%|█████████████▌             | 29/58 [00:01<00:01, 15.13it/s, loss=104836416.0000]
  Epoch  6/30:  50%|██████████████              | 29/58 [00:01<00:01, 15.13it/s, loss=90501056.0000]
  Epoch  6/30:  50%|██████████████              | 29/58 [00:01<00:01, 15.13it/s, loss=94745232.0000]
  Epoch  6/30:  53%|██████████████▉             | 31/58 [00:01<00:01, 14.68it/s, loss=94745232.0000]
  Epoch  6/30:  53%|██████████████▍            | 31/58 [00:01<00:01, 14.68it/s, loss=101778128.0000]
  Epoch  6/30:  53%|██████████████▉             | 31/58 [00:01<00:01, 14.68it/s, loss=94003040.0000]
  Epoch  6/30:  57%|███████████████▉            | 33/58 [00:01<00:01, 14.62it/s, loss=94003040.0000]
  Epoch  6/30:  57%|███████████████▉            | 33/58 [00:02<00:01, 14.62it/s, loss=96672720.0000]
  Epoch  6/30:  57%|███████████████▉            | 33/58 [00:02<00:01, 14.62it/s, loss=88157456.0000]
  Epoch  6/30:  60%|████████████████▉           | 35/58 [00:02<00:01, 15.02it/s, loss=88157456.0000]
  Epoch  6/30:  60%|████████████████▉           | 35/58 [00:02<00:01, 15.02it/s, loss=91007216.0000]
  Epoch  6/30:  60%|████████████████▉           | 35/58 [00:02<00:01, 15.02it/s, loss=95216464.0000]
  Epoch  6/30:  64%|█████████████████▊          | 37/58 [00:02<00:01, 14.73it/s, loss=95216464.0000]
  Epoch  6/30:  64%|█████████████████▊          | 37/58 [00:02<00:01, 14.73it/s, loss=92359360.0000]
  Epoch  6/30:  64%|█████████████████▊          | 37/58 [00:02<00:01, 14.73it/s, loss=97203120.0000]
  Epoch  6/30:  67%|██████████████████▊         | 39/58 [00:02<00:01, 15.30it/s, loss=97203120.0000]
  Epoch  6/30:  67%|██████████████████▊         | 39/58 [00:02<00:01, 15.30it/s, loss=78779496.0000]
  Epoch  6/30:  67%|██████████████████▏        | 39/58 [00:02<00:01, 15.30it/s, loss=100927632.0000]
  Epoch  6/30:  71%|███████████████████        | 41/58 [00:02<00:01, 15.40it/s, loss=100927632.0000]
  Epoch  6/30:  71%|███████████████████▊        | 41/58 [00:02<00:01, 15.40it/s, loss=85928536.0000]
  Epoch  6/30:  71%|███████████████████▊        | 41/58 [00:02<00:01, 15.40it/s, loss=93723248.0000]
  Epoch  6/30:  74%|████████████████████▊       | 43/58 [00:02<00:00, 15.29it/s, loss=93723248.0000]
  Epoch  6/30:  74%|████████████████████▊       | 43/58 [00:02<00:00, 15.29it/s, loss=92524536.0000]
  Epoch  6/30:  74%|████████████████████▊       | 43/58 [00:02<00:00, 15.29it/s, loss=92059264.0000]
  Epoch  6/30:  78%|█████████████████████▋      | 45/58 [00:02<00:00, 15.54it/s, loss=92059264.0000]
  Epoch  6/30:  78%|█████████████████████▋      | 45/58 [00:02<00:00, 15.54it/s, loss=82082968.0000]
  Epoch  6/30:  78%|█████████████████████▋      | 45/58 [00:02<00:00, 15.54it/s, loss=86007160.0000]
  Epoch  6/30:  81%|██████████████████████▋     | 47/58 [00:02<00:00, 15.47it/s, loss=86007160.0000]
  Epoch  6/30:  81%|██████████████████████▋     | 47/58 [00:02<00:00, 15.47it/s, loss=83313824.0000]
  Epoch  6/30:  81%|██████████████████████▋     | 47/58 [00:03<00:00, 15.47it/s, loss=83425784.0000]
  Epoch  6/30:  84%|███████████████████████▋    | 49/58 [00:03<00:00, 15.13it/s, loss=83425784.0000]
  Epoch  6/30:  84%|███████████████████████▋    | 49/58 [00:03<00:00, 15.13it/s, loss=83835744.0000]
  Epoch  6/30:  84%|███████████████████████▋    | 49/58 [00:03<00:00, 15.13it/s, loss=86943344.0000]
  Epoch  6/30:  88%|████████████████████████▌   | 51/58 [00:03<00:00, 14.95it/s, loss=86943344.0000]
  Epoch  6/30:  88%|████████████████████████▌   | 51/58 [00:03<00:00, 14.95it/s, loss=76382984.0000]
  Epoch  6/30:  88%|████████████████████████▌   | 51/58 [00:03<00:00, 14.95it/s, loss=89370304.0000]
  Epoch  6/30:  91%|█████████████████████████▌  | 53/58 [00:03<00:00, 15.38it/s, loss=89370304.0000]
  Epoch  6/30:  91%|█████████████████████████▌  | 53/58 [00:03<00:00, 15.38it/s, loss=90733296.0000]
  Epoch  6/30:  91%|█████████████████████████▌  | 53/58 [00:03<00:00, 15.38it/s, loss=79738104.0000]
  Epoch  6/30:  95%|██████████████████████████▌ | 55/58 [00:03<00:00, 15.51it/s, loss=79738104.0000]
  Epoch  6/30:  95%|██████████████████████████▌ | 55/58 [00:03<00:00, 15.51it/s, loss=82911472.0000]
  Epoch  6/30:  95%|██████████████████████████▌ | 55/58 [00:03<00:00, 15.51it/s, loss=80267008.0000]
  Epoch  6/30:  98%|███████████████████████████▌| 57/58 [00:03<00:00, 15.84it/s, loss=80267008.0000]
  Epoch  6/30:  98%|██████████████████████████▌| 57/58 [00:03<00:00, 15.84it/s, loss=114405680.0000]
                                                                                                    

  Epoch  7/30:   0%|                                                         | 0/58 [00:00<?, ?it/s]
  Epoch  7/30:   0%|                                     | 0/58 [00:00<?, ?it/s, loss=74787504.0000]
  Epoch  7/30:   0%|                                     | 0/58 [00:00<?, ?it/s, loss=80593536.0000]
  Epoch  7/30:   3%|█                            | 2/58 [00:00<00:03, 15.56it/s, loss=80593536.0000]
  Epoch  7/30:   3%|█                            | 2/58 [00:00<00:03, 15.56it/s, loss=80032792.0000]
  Epoch  7/30:   3%|█                            | 2/58 [00:00<00:03, 15.56it/s, loss=90204320.0000]
  Epoch  7/30:   7%|██                           | 4/58 [00:00<00:03, 14.03it/s, loss=90204320.0000]
  Epoch  7/30:   7%|██                           | 4/58 [00:00<00:03, 14.03it/s, loss=85151576.0000]
  Epoch  7/30:   7%|██                           | 4/58 [00:00<00:03, 14.03it/s, loss=81560960.0000]
  Epoch  7/30:  10%|███                          | 6/58 [00:00<00:03, 14.18it/s, loss=81560960.0000]
  Epoch  7/30:  10%|███                          | 6/58 [00:00<00:03, 14.18it/s, loss=74683632.0000]
  Epoch  7/30:  10%|███                          | 6/58 [00:00<00:03, 14.18it/s, loss=83774400.0000]
  Epoch  7/30:  14%|████                         | 8/58 [00:00<00:03, 14.94it/s, loss=83774400.0000]
  Epoch  7/30:  14%|████                         | 8/58 [00:00<00:03, 14.94it/s, loss=75624048.0000]
  Epoch  7/30:  14%|████                         | 8/58 [00:00<00:03, 14.94it/s, loss=81631800.0000]
  Epoch  7/30:  17%|████▊                       | 10/58 [00:00<00:03, 14.43it/s, loss=81631800.0000]
  Epoch  7/30:  17%|████▊                       | 10/58 [00:00<00:03, 14.43it/s, loss=73912984.0000]
  Epoch  7/30:  17%|████▊                       | 10/58 [00:00<00:03, 14.43it/s, loss=78430968.0000]
  Epoch  7/30:  21%|█████▊                      | 12/58 [00:00<00:03, 14.89it/s, loss=78430968.0000]
  Epoch  7/30:  21%|█████▊                      | 12/58 [00:00<00:03, 14.89it/s, loss=74229552.0000]
  Epoch  7/30:  21%|█████▊                      | 12/58 [00:00<00:03, 14.89it/s, loss=82961936.0000]
  Epoch  7/30:  24%|██████▊                     | 14/58 [00:00<00:02, 15.17it/s, loss=82961936.0000]
  Epoch  7/30:  24%|██████▊                     | 14/58 [00:01<00:02, 15.17it/s, loss=70613584.0000]
  Epoch  7/30:  24%|██████▊                     | 14/58 [00:01<00:02, 15.17it/s, loss=66625352.0000]
  Epoch  7/30:  28%|███████▋                    | 16/58 [00:01<00:02, 14.67it/s, loss=66625352.0000]
  Epoch  7/30:  28%|███████▋                    | 16/58 [00:01<00:02, 14.67it/s, loss=74130984.0000]
  Epoch  7/30:  28%|███████▋                    | 16/58 [00:01<00:02, 14.67it/s, loss=74930512.0000]
  Epoch  7/30:  31%|████████▋                   | 18/58 [00:01<00:02, 14.77it/s, loss=74930512.0000]
  Epoch  7/30:  31%|████████▋                   | 18/58 [00:01<00:02, 14.77it/s, loss=76178848.0000]
  Epoch  7/30:  31%|████████▋                   | 18/58 [00:01<00:02, 14.77it/s, loss=80457832.0000]
  Epoch  7/30:  34%|█████████▋                  | 20/58 [00:01<00:02, 14.63it/s, loss=80457832.0000]
  Epoch  7/30:  34%|█████████▋                  | 20/58 [00:01<00:02, 14.63it/s, loss=69974688.0000]
  Epoch  7/30:  34%|█████████▋                  | 20/58 [00:01<00:02, 14.63it/s, loss=71743712.0000]
  Epoch  7/30:  38%|██████████▌                 | 22/58 [00:01<00:02, 14.88it/s, loss=71743712.0000]
  Epoch  7/30:  38%|██████████▌                 | 22/58 [00:01<00:02, 14.88it/s, loss=76436480.0000]
  Epoch  7/30:  38%|██████████▌                 | 22/58 [00:01<00:02, 14.88it/s, loss=68020128.0000]
  Epoch  7/30:  41%|███████████▌                | 24/58 [00:01<00:02, 14.54it/s, loss=68020128.0000]
  Epoch  7/30:  41%|███████████▌                | 24/58 [00:01<00:02, 14.54it/s, loss=72934224.0000]
  Epoch  7/30:  41%|███████████▌                | 24/58 [00:01<00:02, 14.54it/s, loss=69974136.0000]
  Epoch  7/30:  45%|████████████▌               | 26/58 [00:01<00:02, 15.07it/s, loss=69974136.0000]
  Epoch  7/30:  45%|████████████▌               | 26/58 [00:01<00:02, 15.07it/s, loss=64761760.0000]
  Epoch  7/30:  45%|████████████▌               | 26/58 [00:01<00:02, 15.07it/s, loss=69774616.0000]
  Epoch  7/30:  48%|█████████████▌              | 28/58 [00:01<00:02, 14.85it/s, loss=69774616.0000]
  Epoch  7/30:  48%|█████████████▌              | 28/58 [00:01<00:02, 14.85it/s, loss=60510336.0000]
  Epoch  7/30:  48%|█████████████▌              | 28/58 [00:02<00:02, 14.85it/s, loss=68915776.0000]
  Epoch  7/30:  52%|██████████████▍             | 30/58 [00:02<00:01, 14.63it/s, loss=68915776.0000]
  Epoch  7/30:  52%|██████████████▍             | 30/58 [00:02<00:01, 14.63it/s, loss=65280428.0000]
  Epoch  7/30:  52%|██████████████▍             | 30/58 [00:02<00:01, 14.63it/s, loss=65018844.0000]
  Epoch  7/30:  55%|███████████████▍            | 32/58 [00:02<00:01, 14.79it/s, loss=65018844.0000]
  Epoch  7/30:  55%|███████████████▍            | 32/58 [00:02<00:01, 14.79it/s, loss=63551820.0000]
  Epoch  7/30:  55%|███████████████▍            | 32/58 [00:02<00:01, 14.79it/s, loss=60308012.0000]
  Epoch  7/30:  59%|████████████████▍           | 34/58 [00:02<00:01, 14.66it/s, loss=60308012.0000]
  Epoch  7/30:  59%|████████████████▍           | 34/58 [00:02<00:01, 14.66it/s, loss=65692920.0000]
  Epoch  7/30:  59%|████████████████▍           | 34/58 [00:02<00:01, 14.66it/s, loss=71788400.0000]
  Epoch  7/30:  62%|█████████████████▍          | 36/58 [00:02<00:01, 14.67it/s, loss=71788400.0000]
  Epoch  7/30:  62%|█████████████████▍          | 36/58 [00:02<00:01, 14.67it/s, loss=63767644.0000]
  Epoch  7/30:  62%|█████████████████▍          | 36/58 [00:02<00:01, 14.67it/s, loss=67865856.0000]
  Epoch  7/30:  66%|██████████████████▎         | 38/58 [00:02<00:01, 15.22it/s, loss=67865856.0000]
  Epoch  7/30:  66%|██████████████████▎         | 38/58 [00:02<00:01, 15.22it/s, loss=65027740.0000]
  Epoch  7/30:  66%|██████████████████▎         | 38/58 [00:02<00:01, 15.22it/s, loss=69205680.0000]
  Epoch  7/30:  69%|███████████████████▎        | 40/58 [00:02<00:01, 15.06it/s, loss=69205680.0000]
  Epoch  7/30:  69%|███████████████████▎        | 40/58 [00:02<00:01, 15.06it/s, loss=63908792.0000]
  Epoch  7/30:  69%|███████████████████▎        | 40/58 [00:02<00:01, 15.06it/s, loss=60048952.0000]
  Epoch  7/30:  69%|███████████████████▎        | 40/58 [00:02<00:01, 15.06it/s, loss=65189424.0000]
  Epoch  7/30:  74%|████████████████████▊       | 43/58 [00:02<00:00, 16.84it/s, loss=65189424.0000]
  Epoch  7/30:  74%|████████████████████▊       | 43/58 [00:02<00:00, 16.84it/s, loss=56947544.0000]
  Epoch  7/30:  74%|████████████████████▊       | 43/58 [00:02<00:00, 16.84it/s, loss=64573424.0000]
  Epoch  7/30:  74%|████████████████████▊       | 43/58 [00:02<00:00, 16.84it/s, loss=56739440.0000]
  Epoch  7/30:  79%|██████████████████████▏     | 46/58 [00:02<00:00, 17.77it/s, loss=56739440.0000]
  Epoch  7/30:  79%|██████████████████████▏     | 46/58 [00:03<00:00, 17.77it/s, loss=57854384.0000]
  Epoch  7/30:  79%|██████████████████████▏     | 46/58 [00:03<00:00, 17.77it/s, loss=56802652.0000]
  Epoch  7/30:  83%|███████████████████████▏    | 48/58 [00:03<00:00, 17.89it/s, loss=56802652.0000]
  Epoch  7/30:  83%|███████████████████████▏    | 48/58 [00:03<00:00, 17.89it/s, loss=57472584.0000]
  Epoch  7/30:  83%|███████████████████████▏    | 48/58 [00:03<00:00, 17.89it/s, loss=61427500.0000]
  Epoch  7/30:  86%|████████████████████████▏   | 50/58 [00:03<00:00, 18.32it/s, loss=61427500.0000]
  Epoch  7/30:  86%|████████████████████████▏   | 50/58 [00:03<00:00, 18.32it/s, loss=54412824.0000]
  Epoch  7/30:  86%|████████████████████████▏   | 50/58 [00:03<00:00, 18.32it/s, loss=64102092.0000]
  Epoch  7/30:  90%|█████████████████████████   | 52/58 [00:03<00:00, 18.60it/s, loss=64102092.0000]
  Epoch  7/30:  90%|█████████████████████████   | 52/58 [00:03<00:00, 18.60it/s, loss=64594016.0000]
  Epoch  7/30:  90%|█████████████████████████   | 52/58 [00:03<00:00, 18.60it/s, loss=56574476.0000]
  Epoch  7/30:  93%|██████████████████████████  | 54/58 [00:03<00:00, 18.59it/s, loss=56574476.0000]
  Epoch  7/30:  93%|██████████████████████████  | 54/58 [00:03<00:00, 18.59it/s, loss=53571244.0000]
  Epoch  7/30:  93%|██████████████████████████  | 54/58 [00:03<00:00, 18.59it/s, loss=55667352.0000]
  Epoch  7/30:  93%|██████████████████████████  | 54/58 [00:03<00:00, 18.59it/s, loss=58278288.0000]
  Epoch  7/30:  98%|███████████████████████████▌| 57/58 [00:03<00:00, 19.58it/s, loss=58278288.0000]
  Epoch  7/30:  98%|███████████████████████████▌| 57/58 [00:03<00:00, 19.58it/s, loss=65822524.0000]
                                                                                                    

  Epoch  8/30:   0%|                                                         | 0/58 [00:00<?, ?it/s]
  Epoch  8/30:   0%|                                     | 0/58 [00:00<?, ?it/s, loss=61378876.0000]
  Epoch  8/30:   0%|                                     | 0/58 [00:00<?, ?it/s, loss=55669244.0000]
  Epoch  8/30:   3%|█                            | 2/58 [00:00<00:02, 19.33it/s, loss=55669244.0000]
  Epoch  8/30:   3%|█                            | 2/58 [00:00<00:02, 19.33it/s, loss=54800160.0000]
  Epoch  8/30:   3%|█                            | 2/58 [00:00<00:02, 19.33it/s, loss=54819256.0000]
  Epoch  8/30:   7%|██                           | 4/58 [00:00<00:02, 18.60it/s, loss=54819256.0000]
  Epoch  8/30:   7%|██                           | 4/58 [00:00<00:02, 18.60it/s, loss=60234216.0000]
  Epoch  8/30:   7%|██                           | 4/58 [00:00<00:02, 18.60it/s, loss=53531484.0000]
  Epoch  8/30:  10%|███                          | 6/58 [00:00<00:02, 18.01it/s, loss=53531484.0000]
  Epoch  8/30:  10%|███                          | 6/58 [00:00<00:02, 18.01it/s, loss=52579280.0000]
  Epoch  8/30:  10%|███                          | 6/58 [00:00<00:02, 18.01it/s, loss=48780872.0000]
  Epoch  8/30:  10%|███                          | 6/58 [00:00<00:02, 18.01it/s, loss=48656568.0000]
  Epoch  8/30:  16%|████▌                        | 9/58 [00:00<00:02, 20.10it/s, loss=48656568.0000]
  Epoch  8/30:  16%|████▌                        | 9/58 [00:00<00:02, 20.10it/s, loss=52594696.0000]
  Epoch  8/30:  16%|████▌                        | 9/58 [00:00<00:02, 20.10it/s, loss=57401472.0000]
  Epoch  8/30:  16%|████▌                        | 9/58 [00:00<00:02, 20.10it/s, loss=42295712.0000]
  Epoch  8/30:  21%|█████▊                      | 12/58 [00:00<00:02, 20.26it/s, loss=42295712.0000]
  Epoch  8/30:  21%|█████▊                      | 12/58 [00:00<00:02, 20.26it/s, loss=44000480.0000]
  Epoch  8/30:  21%|█████▊                      | 12/58 [00:00<00:02, 20.26it/s, loss=53323512.0000]
  Epoch  8/30:  21%|█████▊                      | 12/58 [00:00<00:02, 20.26it/s, loss=54824888.0000]
  Epoch  8/30:  26%|███████▏                    | 15/58 [00:00<00:02, 19.94it/s, loss=54824888.0000]
  Epoch  8/30:  26%|███████▏                    | 15/58 [00:00<00:02, 19.94it/s, loss=52945496.0000]
  Epoch  8/30:  26%|███████▏                    | 15/58 [00:00<00:02, 19.94it/s, loss=45055864.0000]
  Epoch  8/30:  29%|████████▏                   | 17/58 [00:00<00:02, 19.58it/s, loss=45055864.0000]
  Epoch  8/30:  29%|████████▏                   | 17/58 [00:00<00:02, 19.58it/s, loss=43294232.0000]
  Epoch  8/30:  29%|████████▏                   | 17/58 [00:00<00:02, 19.58it/s, loss=48857120.0000]
  Epoch  8/30:  33%|█████████▏                  | 19/58 [00:00<00:02, 18.60it/s, loss=48857120.0000]
  Epoch  8/30:  33%|█████████▏                  | 19/58 [00:01<00:02, 18.60it/s, loss=47525952.0000]
  Epoch  8/30:  33%|█████████▏                  | 19/58 [00:01<00:02, 18.60it/s, loss=47992128.0000]
  Epoch  8/30:  33%|█████████▏                  | 19/58 [00:01<00:02, 18.60it/s, loss=51013528.0000]
  Epoch  8/30:  38%|██████████▌                 | 22/58 [00:01<00:01, 19.22it/s, loss=51013528.0000]
  Epoch  8/30:  38%|██████████▌                 | 22/58 [00:01<00:01, 19.22it/s, loss=49081452.0000]
  Epoch  8/30:  38%|██████████▌                 | 22/58 [00:01<00:01, 19.22it/s, loss=49705692.0000]
  Epoch  8/30:  41%|███████████▌                | 24/58 [00:01<00:01, 19.18it/s, loss=49705692.0000]
  Epoch  8/30:  41%|███████████▌                | 24/58 [00:01<00:01, 19.18it/s, loss=43601200.0000]
  Epoch  8/30:  41%|███████████▌                | 24/58 [00:01<00:01, 19.18it/s, loss=44791256.0000]
  Epoch  8/30:  41%|███████████▌                | 24/58 [00:01<00:01, 19.18it/s, loss=44023936.0000]
  Epoch  8/30:  47%|█████████████               | 27/58 [00:01<00:01, 19.64it/s, loss=44023936.0000]
  Epoch  8/30:  47%|█████████████               | 27/58 [00:01<00:01, 19.64it/s, loss=44761708.0000]
  Epoch  8/30:  47%|█████████████               | 27/58 [00:01<00:01, 19.64it/s, loss=46432792.0000]
  Epoch  8/30:  50%|██████████████              | 29/58 [00:01<00:01, 19.23it/s, loss=46432792.0000]
  Epoch  8/30:  50%|██████████████              | 29/58 [00:01<00:01, 19.23it/s, loss=42582128.0000]
  Epoch  8/30:  50%|██████████████              | 29/58 [00:01<00:01, 19.23it/s, loss=48587116.0000]
  Epoch  8/30:  53%|██████████████▉             | 31/58 [00:01<00:01, 19.41it/s, loss=48587116.0000]
  Epoch  8/30:  53%|██████████████▉             | 31/58 [00:01<00:01, 19.41it/s, loss=45780076.0000]
  Epoch  8/30:  53%|██████████████▉             | 31/58 [00:01<00:01, 19.41it/s, loss=43394688.0000]
  Epoch  8/30:  53%|██████████████▉             | 31/58 [00:01<00:01, 19.41it/s, loss=44701904.0000]
  Epoch  8/30:  59%|████████████████▍           | 34/58 [00:01<00:01, 19.97it/s, loss=44701904.0000]
  Epoch  8/30:  59%|████████████████▍           | 34/58 [00:01<00:01, 19.97it/s, loss=49068112.0000]
  Epoch  8/30:  59%|████████████████▍           | 34/58 [00:01<00:01, 19.97it/s, loss=44388528.0000]
  Epoch  8/30:  62%|█████████████████▍          | 36/58 [00:01<00:01, 19.63it/s, loss=44388528.0000]
  Epoch  8/30:  62%|█████████████████▍          | 36/58 [00:01<00:01, 19.63it/s, loss=45413744.0000]
  Epoch  8/30:  62%|█████████████████▍          | 36/58 [00:01<00:01, 19.63it/s, loss=41470896.0000]
  Epoch  8/30:  66%|██████████████████▎         | 38/58 [00:01<00:01, 19.09it/s, loss=41470896.0000]
  Epoch  8/30:  66%|██████████████████▎         | 38/58 [00:02<00:01, 19.09it/s, loss=45922360.0000]
  Epoch  8/30:  66%|██████████████████▎         | 38/58 [00:02<00:01, 19.09it/s, loss=45015712.0000]
  Epoch  8/30:  69%|███████████████████▎        | 40/58 [00:02<00:00, 19.31it/s, loss=45015712.0000]
  Epoch  8/30:  69%|███████████████████▎        | 40/58 [00:02<00:00, 19.31it/s, loss=44524248.0000]
  Epoch  8/30:  69%|███████████████████▎        | 40/58 [00:02<00:00, 19.31it/s, loss=42476320.0000]
  Epoch  8/30:  69%|███████████████████▎        | 40/58 [00:02<00:00, 19.31it/s, loss=35428508.0000]
  Epoch  8/30:  74%|████████████████████▊       | 43/58 [00:02<00:00, 19.52it/s, loss=35428508.0000]
  Epoch  8/30:  74%|████████████████████▊       | 43/58 [00:02<00:00, 19.52it/s, loss=42774688.0000]
  Epoch  8/30:  74%|████████████████████▊       | 43/58 [00:02<00:00, 19.52it/s, loss=41662692.0000]
  Epoch  8/30:  74%|████████████████████▊       | 43/58 [00:02<00:00, 19.52it/s, loss=41565552.0000]
  Epoch  8/30:  79%|██████████████████████▏     | 46/58 [00:02<00:00, 20.34it/s, loss=41565552.0000]
  Epoch  8/30:  79%|██████████████████████▏     | 46/58 [00:02<00:00, 20.34it/s, loss=37321680.0000]
  Epoch  8/30:  79%|██████████████████████▏     | 46/58 [00:02<00:00, 20.34it/s, loss=41197456.0000]
  Epoch  8/30:  79%|██████████████████████▏     | 46/58 [00:02<00:00, 20.34it/s, loss=35041680.0000]
  Epoch  8/30:  84%|███████████████████████▋    | 49/58 [00:02<00:00, 19.88it/s, loss=35041680.0000]
  Epoch  8/30:  84%|███████████████████████▋    | 49/58 [00:02<00:00, 19.88it/s, loss=39208212.0000]
  Epoch  8/30:  84%|███████████████████████▋    | 49/58 [00:02<00:00, 19.88it/s, loss=39704040.0000]
  Epoch  8/30:  84%|███████████████████████▋    | 49/58 [00:02<00:00, 19.88it/s, loss=38588140.0000]
  Epoch  8/30:  90%|█████████████████████████   | 52/58 [00:02<00:00, 20.32it/s, loss=38588140.0000]
  Epoch  8/30:  90%|█████████████████████████   | 52/58 [00:02<00:00, 20.32it/s, loss=41782768.0000]
  Epoch  8/30:  90%|█████████████████████████   | 52/58 [00:02<00:00, 20.32it/s, loss=33978056.0000]
  Epoch  8/30:  90%|█████████████████████████   | 52/58 [00:02<00:00, 20.32it/s, loss=38614224.0000]
  Epoch  8/30:  95%|██████████████████████████▌ | 55/58 [00:02<00:00, 20.31it/s, loss=38614224.0000]
  Epoch  8/30:  95%|██████████████████████████▌ | 55/58 [00:02<00:00, 20.31it/s, loss=39132320.0000]
  Epoch  8/30:  95%|██████████████████████████▌ | 55/58 [00:02<00:00, 20.31it/s, loss=35010352.0000]
  Epoch  8/30:  95%|██████████████████████████▌ | 55/58 [00:02<00:00, 20.31it/s, loss=24997996.0000]
  Epoch  8/30: 100%|████████████████████████████| 58/58 [00:02<00:00, 21.21it/s, loss=24997996.0000]
                                                                                                    

  Epoch  9/30:   0%|                                                         | 0/58 [00:00<?, ?it/s]
  Epoch  9/30:   0%|                                     | 0/58 [00:00<?, ?it/s, loss=39673200.0000]
  Epoch  9/30:   0%|                                     | 0/58 [00:00<?, ?it/s, loss=36661248.0000]
  Epoch  9/30:   3%|█                            | 2/58 [00:00<00:03, 17.28it/s, loss=36661248.0000]
  Epoch  9/30:   3%|█                            | 2/58 [00:00<00:03, 17.28it/s, loss=40862076.0000]
  Epoch  9/30:   3%|█                            | 2/58 [00:00<00:03, 17.28it/s, loss=41104492.0000]
  Epoch  9/30:   3%|█                            | 2/58 [00:00<00:03, 17.28it/s, loss=40037792.0000]
  Epoch  9/30:   9%|██▌                          | 5/58 [00:00<00:02, 20.71it/s, loss=40037792.0000]
  Epoch  9/30:   9%|██▌                          | 5/58 [00:00<00:02, 20.71it/s, loss=38409836.0000]
  Epoch  9/30:   9%|██▌                          | 5/58 [00:00<00:02, 20.71it/s, loss=38293700.0000]
  Epoch  9/30:   9%|██▌                          | 5/58 [00:00<00:02, 20.71it/s, loss=39987568.0000]
  Epoch  9/30:  14%|████                         | 8/58 [00:00<00:02, 21.48it/s, loss=39987568.0000]
  Epoch  9/30:  14%|████                         | 8/58 [00:00<00:02, 21.48it/s, loss=35397680.0000]
  Epoch  9/30:  14%|████                         | 8/58 [00:00<00:02, 21.48it/s, loss=32642412.0000]
  Epoch  9/30:  14%|████                         | 8/58 [00:00<00:02, 21.48it/s, loss=36135696.0000]
  Epoch  9/30:  19%|█████▎                      | 11/58 [00:00<00:02, 20.59it/s, loss=36135696.0000]
  Epoch  9/30:  19%|█████▎                      | 11/58 [00:00<00:02, 20.59it/s, loss=32197800.0000]
  Epoch  9/30:  19%|█████▎                      | 11/58 [00:00<00:02, 20.59it/s, loss=32330668.0000]
  Epoch  9/30:  19%|█████▎                      | 11/58 [00:00<00:02, 20.59it/s, loss=36208472.0000]
  Epoch  9/30:  24%|██████▊                     | 14/58 [00:00<00:02, 19.98it/s, loss=36208472.0000]
  Epoch  9/30:  24%|██████▊                     | 14/58 [00:00<00:02, 19.98it/s, loss=33266584.0000]
  Epoch  9/30:  24%|██████▊                     | 14/58 [00:00<00:02, 19.98it/s, loss=38703016.0000]
  Epoch  9/30:  24%|██████▊                     | 14/58 [00:00<00:02, 19.98it/s, loss=33115574.0000]
  Epoch  9/30:  29%|████████▏                   | 17/58 [00:00<00:02, 19.88it/s, loss=33115574.0000]
  Epoch  9/30:  29%|████████▏                   | 17/58 [00:00<00:02, 19.88it/s, loss=29112080.0000]
  Epoch  9/30:  29%|████████▏                   | 17/58 [00:00<00:02, 19.88it/s, loss=36802236.0000]
  Epoch  9/30:  33%|█████████▏                  | 19/58 [00:00<00:02, 19.47it/s, loss=36802236.0000]
  Epoch  9/30:  33%|█████████▏                  | 19/58 [00:00<00:02, 19.47it/s, loss=33003480.0000]
  Epoch  9/30:  33%|█████████▏                  | 19/58 [00:01<00:02, 19.47it/s, loss=35714520.0000]
  Epoch  9/30:  33%|█████████▏                  | 19/58 [00:01<00:02, 19.47it/s, loss=36091960.0000]
  Epoch  9/30:  38%|██████████▌                 | 22/58 [00:01<00:01, 19.61it/s, loss=36091960.0000]
  Epoch  9/30:  38%|██████████▌                 | 22/58 [00:01<00:01, 19.61it/s, loss=31147126.0000]
  Epoch  9/30:  38%|██████████▌                 | 22/58 [00:01<00:01, 19.61it/s, loss=32242012.0000]
  Epoch  9/30:  41%|███████████▌                | 24/58 [00:01<00:01, 19.64it/s, loss=32242012.0000]
  Epoch  9/30:  41%|███████████▌                | 24/58 [00:01<00:01, 19.64it/s, loss=33258004.0000]
  Epoch  9/30:  41%|███████████▌                | 24/58 [00:01<00:01, 19.64it/s, loss=28417600.0000]
  Epoch  9/30:  41%|███████████▌                | 24/58 [00:01<00:01, 19.64it/s, loss=32602496.0000]
  Epoch  9/30:  47%|█████████████               | 27/58 [00:01<00:01, 21.06it/s, loss=32602496.0000]
  Epoch  9/30:  47%|█████████████               | 27/58 [00:01<00:01, 21.06it/s, loss=34761052.0000]
  Epoch  9/30:  47%|█████████████               | 27/58 [00:01<00:01, 21.06it/s, loss=30939012.0000]
  Epoch  9/30:  47%|█████████████               | 27/58 [00:01<00:01, 21.06it/s, loss=31072510.0000]
  Epoch  9/30:  52%|██████████████▍             | 30/58 [00:01<00:01, 20.02it/s, loss=31072510.0000]
  Epoch  9/30:  52%|██████████████▍             | 30/58 [00:01<00:01, 20.02it/s, loss=33644136.0000]
  Epoch  9/30:  52%|██████████████▍             | 30/58 [00:01<00:01, 20.02it/s, loss=36944168.0000]
  Epoch  9/30:  52%|██████████████▍             | 30/58 [00:01<00:01, 20.02it/s, loss=30369462.0000]
  Epoch  9/30:  57%|███████████████▉            | 33/58 [00:01<00:01, 20.36it/s, loss=30369462.0000]
  Epoch  9/30:  57%|███████████████▉            | 33/58 [00:01<00:01, 20.36it/s, loss=29906966.0000]
  Epoch  9/30:  57%|███████████████▉            | 33/58 [00:01<00:01, 20.36it/s, loss=28899718.0000]
  Epoch  9/30:  57%|███████████████▉            | 33/58 [00:01<00:01, 20.36it/s, loss=27768656.0000]
  Epoch  9/30:  62%|█████████████████▍          | 36/58 [00:01<00:01, 20.84it/s, loss=27768656.0000]
  Epoch  9/30:  62%|█████████████████▍          | 36/58 [00:01<00:01, 20.84it/s, loss=29938220.0000]
  Epoch  9/30:  62%|█████████████████▍          | 36/58 [00:01<00:01, 20.84it/s, loss=31551820.0000]
  Epoch  9/30:  62%|█████████████████▍          | 36/58 [00:01<00:01, 20.84it/s, loss=28061068.0000]
  Epoch  9/30:  67%|██████████████████▊         | 39/58 [00:01<00:00, 22.00it/s, loss=28061068.0000]
  Epoch  9/30:  67%|██████████████████▊         | 39/58 [00:01<00:00, 22.00it/s, loss=28872484.0000]
  Epoch  9/30:  67%|██████████████████▊         | 39/58 [00:02<00:00, 22.00it/s, loss=31225800.0000]
  Epoch  9/30:  67%|██████████████████▊         | 39/58 [00:02<00:00, 22.00it/s, loss=32891436.0000]
  Epoch  9/30:  72%|████████████████████▎       | 42/58 [00:02<00:00, 20.66it/s, loss=32891436.0000]
  Epoch  9/30:  72%|████████████████████▎       | 42/58 [00:02<00:00, 20.66it/s, loss=28436252.0000]
  Epoch  9/30:  72%|████████████████████▎       | 42/58 [00:02<00:00, 20.66it/s, loss=29061296.0000]
  Epoch  9/30:  72%|████████████████████▎       | 42/58 [00:02<00:00, 20.66it/s, loss=30349502.0000]
  Epoch  9/30:  78%|█████████████████████▋      | 45/58 [00:02<00:00, 20.79it/s, loss=30349502.0000]
  Epoch  9/30:  78%|█████████████████████▋      | 45/58 [00:02<00:00, 20.79it/s, loss=30034140.0000]
  Epoch  9/30:  78%|█████████████████████▋      | 45/58 [00:02<00:00, 20.79it/s, loss=28866648.0000]
  Epoch  9/30:  78%|█████████████████████▋      | 45/58 [00:02<00:00, 20.79it/s, loss=27122926.0000]
  Epoch  9/30:  83%|███████████████████████▏    | 48/58 [00:02<00:00, 22.14it/s, loss=27122926.0000]
  Epoch  9/30:  83%|███████████████████████▏    | 48/58 [00:02<00:00, 22.14it/s, loss=32097900.0000]
  Epoch  9/30:  83%|███████████████████████▏    | 48/58 [00:02<00:00, 22.14it/s, loss=27188196.0000]
  Epoch  9/30:  83%|███████████████████████▏    | 48/58 [00:02<00:00, 22.14it/s, loss=28211396.0000]
  Epoch  9/30:  88%|████████████████████████▌   | 51/58 [00:02<00:00, 22.41it/s, loss=28211396.0000]
  Epoch  9/30:  88%|████████████████████████▌   | 51/58 [00:02<00:00, 22.41it/s, loss=27216758.0000]
  Epoch  9/30:  88%|████████████████████████▌   | 51/58 [00:02<00:00, 22.41it/s, loss=27296832.0000]
  Epoch  9/30:  88%|████████████████████████▌   | 51/58 [00:02<00:00, 22.41it/s, loss=27266726.0000]
  Epoch  9/30:  93%|██████████████████████████  | 54/58 [00:02<00:00, 20.22it/s, loss=27266726.0000]
  Epoch  9/30:  93%|██████████████████████████  | 54/58 [00:02<00:00, 20.22it/s, loss=26386516.0000]
  Epoch  9/30:  93%|██████████████████████████  | 54/58 [00:02<00:00, 20.22it/s, loss=30203920.0000]
  Epoch  9/30:  93%|██████████████████████████  | 54/58 [00:02<00:00, 20.22it/s, loss=28908686.0000]
  Epoch  9/30:  98%|███████████████████████████▌| 57/58 [00:02<00:00, 19.79it/s, loss=28908686.0000]
  Epoch  9/30:  98%|███████████████████████████▌| 57/58 [00:02<00:00, 19.79it/s, loss=23450716.0000]
                                                                                                    

  Epoch 10/30:   0%|                                                         | 0/58 [00:00<?, ?it/s]
  Epoch 10/30:   0%|                                     | 0/58 [00:00<?, ?it/s, loss=28613638.0000]
  Epoch 10/30:   0%|                                     | 0/58 [00:00<?, ?it/s, loss=24976048.0000]
  Epoch 10/30:   3%|█                            | 2/58 [00:00<00:03, 18.24it/s, loss=24976048.0000]
  Epoch 10/30:   3%|█                            | 2/58 [00:00<00:03, 18.24it/s, loss=23501052.0000]
  Epoch 10/30:   3%|█                            | 2/58 [00:00<00:03, 18.24it/s, loss=27011990.0000]
  Epoch 10/30:   3%|█                            | 2/58 [00:00<00:03, 18.24it/s, loss=26671420.0000]
  Epoch 10/30:   9%|██▌                          | 5/58 [00:00<00:02, 19.64it/s, loss=26671420.0000]
  Epoch 10/30:   9%|██▌                          | 5/58 [00:00<00:02, 19.64it/s, loss=25954870.0000]
  Epoch 10/30:   9%|██▌                          | 5/58 [00:00<00:02, 19.64it/s, loss=27312830.0000]
  Epoch 10/30:  12%|███▌                         | 7/58 [00:00<00:02, 19.20it/s, loss=27312830.0000]
  Epoch 10/30:  12%|███▌                         | 7/58 [00:00<00:02, 19.20it/s, loss=24111574.0000]
  Epoch 10/30:  12%|███▌                         | 7/58 [00:00<00:02, 19.20it/s, loss=27031960.0000]
  Epoch 10/30:  16%|████▌                        | 9/58 [00:00<00:02, 19.07it/s, loss=27031960.0000]
  Epoch 10/30:  16%|████▌                        | 9/58 [00:00<00:02, 19.07it/s, loss=26374976.0000]
  Epoch 10/30:  16%|████▌                        | 9/58 [00:00<00:02, 19.07it/s, loss=23534144.0000]
  Epoch 10/30:  19%|█████▎                      | 11/58 [00:00<00:02, 18.75it/s, loss=23534144.0000]
  Epoch 10/30:  19%|█████▎                      | 11/58 [00:00<00:02, 18.75it/s, loss=25997584.0000]
  Epoch 10/30:  19%|█████▎                      | 11/58 [00:00<00:02, 18.75it/s, loss=27540198.0000]
  Epoch 10/30:  19%|█████▎                      | 11/58 [00:00<00:02, 18.75it/s, loss=24339968.0000]
  Epoch 10/30:  19%|█████▎                      | 11/58 [00:00<00:02, 18.75it/s, loss=20032260.0000]
  Epoch 10/30:  26%|███████▏                    | 15/58 [00:00<00:01, 23.17it/s, loss=20032260.0000]
  Epoch 10/30:  26%|███████▏                    | 15/58 [00:00<00:01, 23.17it/s, loss=23006132.0000]
  Epoch 10/30:  26%|███████▏                    | 15/58 [00:00<00:01, 23.17it/s, loss=24279628.0000]
  Epoch 10/30:  26%|███████▏                    | 15/58 [00:00<00:01, 23.17it/s, loss=22529358.0000]
  Epoch 10/30:  26%|███████▏                    | 15/58 [00:00<00:01, 23.17it/s, loss=23443488.0000]
  Epoch 10/30:  33%|█████████▏                  | 19/58 [00:00<00:01, 25.86it/s, loss=23443488.0000]
  Epoch 10/30:  33%|█████████▏                  | 19/58 [00:00<00:01, 25.86it/s, loss=28476102.0000]
  Epoch 10/30:  33%|█████████▏                  | 19/58 [00:00<00:01, 25.86it/s, loss=22547592.0000]
  Epoch 10/30:  33%|█████████▏                  | 19/58 [00:00<00:01, 25.86it/s, loss=28481476.0000]
  Epoch 10/30:  33%|█████████▏                  | 19/58 [00:00<00:01, 25.86it/s, loss=23980790.0000]
  Epoch 10/30:  40%|███████████                 | 23/58 [00:00<00:01, 28.21it/s, loss=23980790.0000]
  Epoch 10/30:  40%|███████████                 | 23/58 [00:00<00:01, 28.21it/s, loss=21603302.0000]
  Epoch 10/30:  40%|███████████                 | 23/58 [00:01<00:01, 28.21it/s, loss=24100550.0000]
  Epoch 10/30:  40%|███████████                 | 23/58 [00:01<00:01, 28.21it/s, loss=22354664.0000]
  Epoch 10/30:  45%|████████████▌               | 26/58 [00:01<00:01, 26.90it/s, loss=22354664.0000]
  Epoch 10/30:  45%|████████████▌               | 26/58 [00:01<00:01, 26.90it/s, loss=22557158.0000]
  Epoch 10/30:  45%|████████████▌               | 26/58 [00:01<00:01, 26.90it/s, loss=23675782.0000]
  Epoch 10/30:  45%|████████████▌               | 26/58 [00:01<00:01, 26.90it/s, loss=23485616.0000]
  Epoch 10/30:  50%|██████████████              | 29/58 [00:01<00:01, 23.99it/s, loss=23485616.0000]
  Epoch 10/30:  50%|██████████████              | 29/58 [00:01<00:01, 23.99it/s, loss=22326536.0000]
  Epoch 10/30:  50%|██████████████              | 29/58 [00:01<00:01, 23.99it/s, loss=21072360.0000]
  Epoch 10/30:  50%|██████████████              | 29/58 [00:01<00:01, 23.99it/s, loss=23217304.0000]
  Epoch 10/30:  55%|███████████████▍            | 32/58 [00:01<00:01, 23.07it/s, loss=23217304.0000]
  Epoch 10/30:  55%|███████████████▍            | 32/58 [00:01<00:01, 23.07it/s, loss=22575894.0000]
  Epoch 10/30:  55%|███████████████▍            | 32/58 [00:01<00:01, 23.07it/s, loss=22696548.0000]
  Epoch 10/30:  55%|███████████████▍            | 32/58 [00:01<00:01, 23.07it/s, loss=21571740.0000]
  Epoch 10/30:  60%|████████████████▉           | 35/58 [00:01<00:01, 22.25it/s, loss=21571740.0000]
  Epoch 10/30:  60%|████████████████▉           | 35/58 [00:01<00:01, 22.25it/s, loss=20878506.0000]
  Epoch 10/30:  60%|████████████████▉           | 35/58 [00:01<00:01, 22.25it/s, loss=20953296.0000]
  Epoch 10/30:  60%|████████████████▉           | 35/58 [00:01<00:01, 22.25it/s, loss=21864564.0000]
  Epoch 10/30:  66%|██████████████████▎         | 38/58 [00:01<00:00, 22.57it/s, loss=21864564.0000]
  Epoch 10/30:  66%|██████████████████▎         | 38/58 [00:01<00:00, 22.57it/s, loss=18226456.0000]
  Epoch 10/30:  66%|██████████████████▎         | 38/58 [00:01<00:00, 22.57it/s, loss=19901456.0000]
  Epoch 10/30:  66%|██████████████████▎         | 38/58 [00:01<00:00, 22.57it/s, loss=19228620.0000]
  Epoch 10/30:  71%|███████████████████▊        | 41/58 [00:01<00:00, 20.58it/s, loss=19228620.0000]
  Epoch 10/30:  71%|███████████████████▊        | 41/58 [00:01<00:00, 20.58it/s, loss=22198204.0000]
  Epoch 10/30:  71%|███████████████████▊        | 41/58 [00:01<00:00, 20.58it/s, loss=22905092.0000]
  Epoch 10/30:  71%|███████████████████▊        | 41/58 [00:01<00:00, 20.58it/s, loss=20356002.0000]
  Epoch 10/30:  76%|█████████████████████▏      | 44/58 [00:01<00:00, 20.50it/s, loss=20356002.0000]
  Epoch 10/30:  76%|█████████████████████▏      | 44/58 [00:02<00:00, 20.50it/s, loss=20507330.0000]
  Epoch 10/30:  76%|█████████████████████▏      | 44/58 [00:02<00:00, 20.50it/s, loss=19718696.0000]
  Epoch 10/30:  76%|█████████████████████▏      | 44/58 [00:02<00:00, 20.50it/s, loss=23931376.0000]
  Epoch 10/30:  81%|██████████████████████▋     | 47/58 [00:02<00:00, 21.58it/s, loss=23931376.0000]
  Epoch 10/30:  81%|██████████████████████▋     | 47/58 [00:02<00:00, 21.58it/s, loss=20676964.0000]
  Epoch 10/30:  81%|██████████████████████▋     | 47/58 [00:02<00:00, 21.58it/s, loss=20356908.0000]
  Epoch 10/30:  81%|██████████████████████▋     | 47/58 [00:02<00:00, 21.58it/s, loss=21164560.0000]
  Epoch 10/30:  86%|████████████████████████▏   | 50/58 [00:02<00:00, 21.20it/s, loss=21164560.0000]
  Epoch 10/30:  86%|████████████████████████▏   | 50/58 [00:02<00:00, 21.20it/s, loss=21822464.0000]
  Epoch 10/30:  86%|████████████████████████▏   | 50/58 [00:02<00:00, 21.20it/s, loss=18337680.0000]
  Epoch 10/30:  86%|████████████████████████▏   | 50/58 [00:02<00:00, 21.20it/s, loss=20318236.0000]
  Epoch 10/30:  91%|█████████████████████████▌  | 53/58 [00:02<00:00, 20.63it/s, loss=20318236.0000]
  Epoch 10/30:  91%|█████████████████████████▌  | 53/58 [00:02<00:00, 20.63it/s, loss=18372174.0000]
  Epoch 10/30:  91%|█████████████████████████▌  | 53/58 [00:02<00:00, 20.63it/s, loss=17413868.0000]
  Epoch 10/30:  91%|█████████████████████████▌  | 53/58 [00:02<00:00, 20.63it/s, loss=19102244.0000]
  Epoch 10/30:  97%|███████████████████████████ | 56/58 [00:02<00:00, 20.01it/s, loss=19102244.0000]
  Epoch 10/30:  97%|███████████████████████████ | 56/58 [00:02<00:00, 20.01it/s, loss=20126156.0000]
  Epoch 10/30:  97%|████████████████████████████ | 56/58 [00:02<00:00, 20.01it/s, loss=6547912.0000]
                                                                                                    
  Epoch 10/30 │ Loss: 22515436.1379 │ T+1: -8272823296.0000 │ T+2: -3721140992.0000 │ T+3: -22446516224.0000 ★ NEW BEST

  Epoch 11/30:   0%|                                                         | 0/58 [00:00<?, ?it/s]
  Epoch 11/30:   0%|                                     | 0/58 [00:00<?, ?it/s, loss=17879610.0000]
  Epoch 11/30:   0%|                                     | 0/58 [00:00<?, ?it/s, loss=21134948.0000]
  Epoch 11/30:   3%|█                            | 2/58 [00:00<00:03, 17.83it/s, loss=21134948.0000]
  Epoch 11/30:   3%|█                            | 2/58 [00:00<00:03, 17.83it/s, loss=17551038.0000]
  Epoch 11/30:   3%|█                            | 2/58 [00:00<00:03, 17.83it/s, loss=18667832.0000]
  Epoch 11/30:   7%|██                           | 4/58 [00:00<00:03, 17.27it/s, loss=18667832.0000]
  Epoch 11/30:   7%|██                           | 4/58 [00:00<00:03, 17.27it/s, loss=18697886.0000]
  Epoch 11/30:   7%|██                           | 4/58 [00:00<00:03, 17.27it/s, loss=20026200.0000]
  Epoch 11/30:  10%|███                          | 6/58 [00:00<00:03, 17.00it/s, loss=20026200.0000]
  Epoch 11/30:  10%|███                          | 6/58 [00:00<00:03, 17.00it/s, loss=19287616.0000]
  Epoch 11/30:  10%|███                          | 6/58 [00:00<00:03, 17.00it/s, loss=18598184.0000]
  Epoch 11/30:  10%|███                          | 6/58 [00:00<00:03, 17.00it/s, loss=17728582.0000]
  Epoch 11/30:  16%|████▌                        | 9/58 [00:00<00:02, 18.38it/s, loss=17728582.0000]
  Epoch 11/30:  16%|████▌                        | 9/58 [00:00<00:02, 18.38it/s, loss=15064720.0000]
  Epoch 11/30:  16%|████▌                        | 9/58 [00:00<00:02, 18.38it/s, loss=17785462.0000]
  Epoch 11/30:  16%|████▌                        | 9/58 [00:00<00:02, 18.38it/s, loss=20067018.0000]
  Epoch 11/30:  21%|█████▊                      | 12/58 [00:00<00:02, 19.52it/s, loss=20067018.0000]
  Epoch 11/30:  21%|█████▊                      | 12/58 [00:00<00:02, 19.52it/s, loss=19687720.0000]
  Epoch 11/30:  21%|█████▊                      | 12/58 [00:00<00:02, 19.52it/s, loss=19138452.0000]
  Epoch 11/30:  24%|██████▊                     | 14/58 [00:00<00:02, 19.58it/s, loss=19138452.0000]
  Epoch 11/30:  24%|██████▊                     | 14/58 [00:00<00:02, 19.58it/s, loss=18501350.0000]
  Epoch 11/30:  24%|██████▊                     | 14/58 [00:00<00:02, 19.58it/s, loss=16646383.0000]
  Epoch 11/30:  28%|███████▋                    | 16/58 [00:00<00:02, 19.38it/s, loss=16646383.0000]
  Epoch 11/30:  28%|███████▋                    | 16/58 [00:00<00:02, 19.38it/s, loss=18389420.0000]
  Epoch 11/30:  28%|███████▋                    | 16/58 [00:00<00:02, 19.38it/s, loss=16887884.0000]
  Epoch 11/30:  28%|███████▋                    | 16/58 [00:00<00:02, 19.38it/s, loss=17898544.0000]
  Epoch 11/30:  33%|█████████▏                  | 19/58 [00:00<00:01, 20.43it/s, loss=17898544.0000]
  Epoch 11/30:  33%|█████████▏                  | 19/58 [00:01<00:01, 20.43it/s, loss=16879804.0000]
  Epoch 11/30:  33%|█████████▏                  | 19/58 [00:01<00:01, 20.43it/s, loss=15680582.0000]
  Epoch 11/30:  33%|█████████▏                  | 19/58 [00:01<00:01, 20.43it/s, loss=15846134.0000]
  Epoch 11/30:  38%|██████████▌                 | 22/58 [00:01<00:01, 21.42it/s, loss=15846134.0000]
  Epoch 11/30:  38%|██████████▌                 | 22/58 [00:01<00:01, 21.42it/s, loss=16794926.0000]
  Epoch 11/30:  38%|██████████▌                 | 22/58 [00:01<00:01, 21.42it/s, loss=15857810.0000]
  Epoch 11/30:  38%|██████████▌                 | 22/58 [00:01<00:01, 21.42it/s, loss=17122478.0000]
  Epoch 11/30:  43%|████████████                | 25/58 [00:01<00:01, 19.62it/s, loss=17122478.0000]
  Epoch 11/30:  43%|████████████                | 25/58 [00:01<00:01, 19.62it/s, loss=15628328.0000]
  Epoch 11/30:  43%|████████████                | 25/58 [00:01<00:01, 19.62it/s, loss=15993966.0000]
  Epoch 11/30:  43%|████████████                | 25/58 [00:01<00:01, 19.62it/s, loss=16922292.0000]
  Epoch 11/30:  48%|█████████████▌              | 28/58 [00:01<00:01, 19.71it/s, loss=16922292.0000]
  Epoch 11/30:  48%|█████████████▌              | 28/58 [00:01<00:01, 19.71it/s, loss=16357934.0000]
  Epoch 11/30:  48%|█████████████▌              | 28/58 [00:01<00:01, 19.71it/s, loss=15892839.0000]
  Epoch 11/30:  48%|█████████████▌              | 28/58 [00:01<00:01, 19.71it/s, loss=15664355.0000]
  Epoch 11/30:  53%|██████████████▉             | 31/58 [00:01<00:01, 21.32it/s, loss=15664355.0000]
  Epoch 11/30:  53%|██████████████▉             | 31/58 [00:01<00:01, 21.32it/s, loss=15852632.0000]
  Epoch 11/30:  53%|██████████████▉             | 31/58 [00:01<00:01, 21.32it/s, loss=15891147.0000]
  Epoch 11/30:  53%|██████████████▉             | 31/58 [00:01<00:01, 21.32it/s, loss=15383371.0000]
  Epoch 11/30:  59%|████████████████▍           | 34/58 [00:01<00:01, 21.39it/s, loss=15383371.0000]
  Epoch 11/30:  59%|████████████████▍           | 34/58 [00:01<00:01, 21.39it/s, loss=14851750.0000]
  Epoch 11/30:  59%|████████████████▍           | 34/58 [00:01<00:01, 21.39it/s, loss=16459968.0000]
  Epoch 11/30:  59%|████████████████▍           | 34/58 [00:01<00:01, 21.39it/s, loss=15028552.0000]
  Epoch 11/30:  64%|█████████████████▊          | 37/58 [00:01<00:01, 20.22it/s, loss=15028552.0000]
  Epoch 11/30:  64%|█████████████████▊          | 37/58 [00:01<00:01, 20.22it/s, loss=12803240.0000]
  Epoch 11/30:  64%|█████████████████▊          | 37/58 [00:02<00:01, 20.22it/s, loss=16031811.0000]
  Epoch 11/30:  64%|█████████████████▊          | 37/58 [00:02<00:01, 20.22it/s, loss=14423095.0000]
  Epoch 11/30:  69%|███████████████████▎        | 40/58 [00:02<00:01, 14.45it/s, loss=14423095.0000]
  Epoch 11/30:  69%|███████████████████▎        | 40/58 [00:02<00:01, 14.45it/s, loss=14806826.0000]
  Epoch 11/30:  69%|███████████████████▎        | 40/58 [00:02<00:01, 14.45it/s, loss=14373287.0000]
  Epoch 11/30:  72%|████████████████████▎       | 42/58 [00:02<00:01, 15.11it/s, loss=14373287.0000]
  Epoch 11/30:  72%|████████████████████▎       | 42/58 [00:02<00:01, 15.11it/s, loss=17629970.0000]
  Epoch 11/30:  72%|████████████████████▎       | 42/58 [00:02<00:01, 15.11it/s, loss=13098715.0000]
  Epoch 11/30:  72%|████████████████████▎       | 42/58 [00:02<00:01, 15.11it/s, loss=16411800.0000]
  Epoch 11/30:  78%|█████████████████████▋      | 45/58 [00:02<00:00, 16.90it/s, loss=16411800.0000]
  Epoch 11/30:  78%|█████████████████████▋      | 45/58 [00:02<00:00, 16.90it/s, loss=15995311.0000]
  Epoch 11/30:  78%|█████████████████████▋      | 45/58 [00:02<00:00, 16.90it/s, loss=14430078.0000]
  Epoch 11/30:  81%|██████████████████████▋     | 47/58 [00:02<00:00, 16.49it/s, loss=14430078.0000]
  Epoch 11/30:  81%|██████████████████████▋     | 47/58 [00:02<00:00, 16.49it/s, loss=13825927.0000]
  Epoch 11/30:  81%|██████████████████████▋     | 47/58 [00:02<00:00, 16.49it/s, loss=14219980.0000]
  Epoch 11/30:  84%|███████████████████████▋    | 49/58 [00:02<00:00, 16.96it/s, loss=14219980.0000]
  Epoch 11/30:  84%|███████████████████████▋    | 49/58 [00:02<00:00, 16.96it/s, loss=16029872.0000]
  Epoch 11/30:  84%|███████████████████████▋    | 49/58 [00:02<00:00, 16.96it/s, loss=14561151.0000]
  Epoch 11/30:  88%|████████████████████████▌   | 51/58 [00:02<00:00, 17.55it/s, loss=14561151.0000]
  Epoch 11/30:  88%|████████████████████████▌   | 51/58 [00:02<00:00, 17.55it/s, loss=14698751.0000]
  Epoch 11/30:  88%|████████████████████████▌   | 51/58 [00:02<00:00, 17.55it/s, loss=13318403.0000]
  Epoch 11/30:  91%|█████████████████████████▌  | 53/58 [00:02<00:00, 18.08it/s, loss=13318403.0000]
  Epoch 11/30:  91%|█████████████████████████▌  | 53/58 [00:02<00:00, 18.08it/s, loss=13754504.0000]
  Epoch 11/30:  91%|█████████████████████████▌  | 53/58 [00:02<00:00, 18.08it/s, loss=14411363.0000]
  Epoch 11/30:  95%|██████████████████████████▌ | 55/58 [00:02<00:00, 18.35it/s, loss=14411363.0000]
  Epoch 11/30:  95%|██████████████████████████▌ | 55/58 [00:03<00:00, 18.35it/s, loss=12917755.0000]
  Epoch 11/30:  95%|██████████████████████████▌ | 55/58 [00:03<00:00, 18.35it/s, loss=13721095.0000]
  Epoch 11/30:  98%|███████████████████████████▌| 57/58 [00:03<00:00, 18.30it/s, loss=13721095.0000]
  Epoch 11/30:  98%|███████████████████████████▌| 57/58 [00:03<00:00, 18.30it/s, loss=12337126.0000]
                                                                                                    

  Epoch 12/30:   0%|                                                         | 0/58 [00:00<?, ?it/s]
  Epoch 12/30:   0%|                                     | 0/58 [00:00<?, ?it/s, loss=12845072.0000]
  Epoch 12/30:   0%|                                     | 0/58 [00:00<?, ?it/s, loss=13537254.0000]
  Epoch 12/30:   0%|                                     | 0/58 [00:00<?, ?it/s, loss=13918766.0000]
  Epoch 12/30:   5%|█▌                           | 3/58 [00:00<00:02, 24.69it/s, loss=13918766.0000]
  Epoch 12/30:   5%|█▌                           | 3/58 [00:00<00:02, 24.69it/s, loss=14029871.0000]
  Epoch 12/30:   5%|█▌                           | 3/58 [00:00<00:02, 24.69it/s, loss=12338998.0000]
  Epoch 12/30:   5%|█▌                           | 3/58 [00:00<00:02, 24.69it/s, loss=12665150.0000]
  Epoch 12/30:  10%|███                          | 6/58 [00:00<00:02, 19.11it/s, loss=12665150.0000]
  Epoch 12/30:  10%|███                          | 6/58 [00:00<00:02, 19.11it/s, loss=12834422.0000]
  Epoch 12/30:  10%|███                          | 6/58 [00:00<00:02, 19.11it/s, loss=12329724.0000]
  Epoch 12/30:  10%|███                          | 6/58 [00:00<00:02, 19.11it/s, loss=13352328.0000]
  Epoch 12/30:  16%|████▌                        | 9/58 [00:00<00:02, 21.62it/s, loss=13352328.0000]
  Epoch 12/30:  16%|████▌                        | 9/58 [00:00<00:02, 21.62it/s, loss=12985318.0000]
  Epoch 12/30:  16%|████▌                        | 9/58 [00:00<00:02, 21.62it/s, loss=12522900.0000]
  Epoch 12/30:  16%|████▌                        | 9/58 [00:00<00:02, 21.62it/s, loss=11902952.0000]
  Epoch 12/30:  21%|█████▊                      | 12/58 [00:00<00:02, 22.65it/s, loss=11902952.0000]
  Epoch 12/30:  21%|█████▊                      | 12/58 [00:00<00:02, 22.65it/s, loss=11496883.0000]
  Epoch 12/30:  21%|█████▊                      | 12/58 [00:00<00:02, 22.65it/s, loss=12717474.0000]
  Epoch 12/30:  21%|█████▊                      | 12/58 [00:00<00:02, 22.65it/s, loss=12541291.0000]
  Epoch 12/30:  26%|███████▏                    | 15/58 [00:00<00:01, 24.63it/s, loss=12541291.0000]
  Epoch 12/30:  26%|███████▏                    | 15/58 [00:00<00:01, 24.63it/s, loss=13883302.0000]
  Epoch 12/30:  26%|███████▏                    | 15/58 [00:00<00:01, 24.63it/s, loss=12730951.0000]
  Epoch 12/30:  26%|███████▏                    | 15/58 [00:00<00:01, 24.63it/s, loss=12396707.0000]
  Epoch 12/30:  26%|███████▏                    | 15/58 [00:00<00:01, 24.63it/s, loss=13836182.0000]
  Epoch 12/30:  33%|█████████▏                  | 19/58 [00:00<00:01, 26.80it/s, loss=13836182.0000]
  Epoch 12/30:  33%|█████████▏                  | 19/58 [00:00<00:01, 26.80it/s, loss=11601830.0000]
  Epoch 12/30:  33%|█████████▏                  | 19/58 [00:00<00:01, 26.80it/s, loss=12349291.0000]
  Epoch 12/30:  33%|█████████▏                  | 19/58 [00:00<00:01, 26.80it/s, loss=11635131.0000]
  Epoch 12/30:  38%|██████████▌                 | 22/58 [00:00<00:01, 25.49it/s, loss=11635131.0000]
  Epoch 12/30:  38%|██████████▌                 | 22/58 [00:00<00:01, 25.49it/s, loss=13959872.0000]
  Epoch 12/30:  38%|██████████▌                 | 22/58 [00:00<00:01, 25.49it/s, loss=11953042.0000]
  Epoch 12/30:  38%|██████████▌                 | 22/58 [00:01<00:01, 25.49it/s, loss=11325696.0000]
  Epoch 12/30:  43%|████████████                | 25/58 [00:01<00:01, 24.84it/s, loss=11325696.0000]
  Epoch 12/30:  43%|████████████                | 25/58 [00:01<00:01, 24.84it/s, loss=10085784.0000]
  Epoch 12/30:  43%|████████████                | 25/58 [00:01<00:01, 24.84it/s, loss=10979037.0000]
  Epoch 12/30:  43%|████████████                | 25/58 [00:01<00:01, 24.84it/s, loss=12640391.0000]
  Epoch 12/30:  48%|█████████████▌              | 28/58 [00:01<00:01, 20.33it/s, loss=12640391.0000]
  Epoch 12/30:  48%|█████████████▌              | 28/58 [00:01<00:01, 20.33it/s, loss=11294014.0000]
  Epoch 12/30:  48%|█████████████▌              | 28/58 [00:01<00:01, 20.33it/s, loss=10957768.0000]
  Epoch 12/30:  48%|█████████████▌              | 28/58 [00:01<00:01, 20.33it/s, loss=11857504.0000]
  Epoch 12/30:  53%|██████████████▉             | 31/58 [00:01<00:01, 19.45it/s, loss=11857504.0000]
  Epoch 12/30:  53%|██████████████▉             | 31/58 [00:01<00:01, 19.45it/s, loss=11298319.0000]
  Epoch 12/30:  53%|██████████████▉             | 31/58 [00:01<00:01, 19.45it/s, loss=10017722.0000]
  Epoch 12/30:  53%|██████████████▉             | 31/58 [00:01<00:01, 19.45it/s, loss=12389755.0000]
  Epoch 12/30:  59%|████████████████▍           | 34/58 [00:01<00:01, 19.23it/s, loss=12389755.0000]
  Epoch 12/30:  59%|████████████████▍           | 34/58 [00:01<00:01, 19.23it/s, loss=10707127.0000]
  Epoch 12/30:  59%|████████████████▍           | 34/58 [00:01<00:01, 19.23it/s, loss=12037171.0000]
  Epoch 12/30:  62%|█████████████████▍          | 36/58 [00:01<00:01, 18.80it/s, loss=12037171.0000]
  Epoch 12/30:  62%|█████████████████▍          | 36/58 [00:01<00:01, 18.80it/s, loss=11593012.0000]
  Epoch 12/30:  62%|█████████████████▍          | 36/58 [00:01<00:01, 18.80it/s, loss=11413170.0000]
  Epoch 12/30:  66%|██████████████████▎         | 38/58 [00:01<00:01, 18.75it/s, loss=11413170.0000]
  Epoch 12/30:  66%|██████████████████▎         | 38/58 [00:01<00:01, 18.75it/s, loss=11307094.0000]
  Epoch 12/30:  66%|██████████████████▎         | 38/58 [00:01<00:01, 18.75it/s, loss=11602688.0000]
  Epoch 12/30:  69%|███████████████████▎        | 40/58 [00:01<00:00, 18.67it/s, loss=11602688.0000]
  Epoch 12/30:  69%|███████████████████▎        | 40/58 [00:01<00:00, 18.67it/s, loss=10000554.0000]
  Epoch 12/30:  69%|███████████████████▎        | 40/58 [00:02<00:00, 18.67it/s, loss=10675815.0000]
  Epoch 12/30:  69%|███████████████████▎        | 40/58 [00:02<00:00, 18.67it/s, loss=10722282.0000]
  Epoch 12/30:  74%|████████████████████▊       | 43/58 [00:02<00:00, 18.79it/s, loss=10722282.0000]
  Epoch 12/30:  74%|████████████████████▊       | 43/58 [00:02<00:00, 18.79it/s, loss=12459294.0000]
  Epoch 12/30:  74%|████████████████████▊       | 43/58 [00:02<00:00, 18.79it/s, loss=10712394.0000]
  Epoch 12/30:  78%|█████████████████████▋      | 45/58 [00:02<00:00, 18.71it/s, loss=10712394.0000]
  Epoch 12/30:  78%|█████████████████████▋      | 45/58 [00:02<00:00, 18.71it/s, loss=10118344.0000]
  Epoch 12/30:  78%|█████████████████████▋      | 45/58 [00:02<00:00, 18.71it/s, loss=11663288.0000]
  Epoch 12/30:  81%|██████████████████████▋     | 47/58 [00:02<00:00, 18.66it/s, loss=11663288.0000]
  Epoch 12/30:  81%|███████████████████████▌     | 47/58 [00:02<00:00, 18.66it/s, loss=9561416.0000]
  Epoch 12/30:  81%|██████████████████████▋     | 47/58 [00:02<00:00, 18.66it/s, loss=11519427.0000]
  Epoch 12/30:  84%|███████████████████████▋    | 49/58 [00:02<00:00, 18.15it/s, loss=11519427.0000]
  Epoch 12/30:  84%|███████████████████████▋    | 49/58 [00:02<00:00, 18.15it/s, loss=11111846.0000]
  Epoch 12/30:  84%|███████████████████████▋    | 49/58 [00:02<00:00, 18.15it/s, loss=11483134.0000]
  Epoch 12/30:  84%|████████████████████████▌    | 49/58 [00:02<00:00, 18.15it/s, loss=9571286.0000]
  Epoch 12/30:  90%|██████████████████████████   | 52/58 [00:02<00:00, 19.56it/s, loss=9571286.0000]
  Epoch 12/30:  90%|█████████████████████████   | 52/58 [00:02<00:00, 19.56it/s, loss=10729981.0000]
  Epoch 12/30:  90%|█████████████████████████   | 52/58 [00:02<00:00, 19.56it/s, loss=10912595.0000]
  Epoch 12/30:  93%|██████████████████████████  | 54/58 [00:02<00:00, 19.10it/s, loss=10912595.0000]
  Epoch 12/30:  93%|██████████████████████████  | 54/58 [00:02<00:00, 19.10it/s, loss=10189087.0000]
  Epoch 12/30:  93%|██████████████████████████  | 54/58 [00:02<00:00, 19.10it/s, loss=10119248.0000]
  Epoch 12/30:  97%|███████████████████████████ | 56/58 [00:02<00:00, 18.21it/s, loss=10119248.0000]
  Epoch 12/30:  97%|████████████████████████████ | 56/58 [00:02<00:00, 18.21it/s, loss=9494790.0000]
  Epoch 12/30:  97%|███████████████████████████ | 56/58 [00:02<00:00, 18.21it/s, loss=13550259.0000]
  Epoch 12/30: 100%|████████████████████████████| 58/58 [00:02<00:00, 18.59it/s, loss=13550259.0000]
                                                                                                    

  Epoch 13/30:   0%|                                                         | 0/58 [00:00<?, ?it/s]
  Epoch 13/30:   0%|                                      | 0/58 [00:00<?, ?it/s, loss=9599276.0000]
  Epoch 13/30:   0%|                                      | 0/58 [00:00<?, ?it/s, loss=9993528.0000]
  Epoch 13/30:   3%|█                             | 2/58 [00:00<00:03, 16.61it/s, loss=9993528.0000]
  Epoch 13/30:   3%|█                            | 2/58 [00:00<00:03, 16.61it/s, loss=10377879.0000]
  Epoch 13/30:   3%|█                             | 2/58 [00:00<00:03, 16.61it/s, loss=9135248.0000]
  Epoch 13/30:   7%|██                            | 4/58 [00:00<00:03, 16.23it/s, loss=9135248.0000]
  Epoch 13/30:   7%|██                           | 4/58 [00:00<00:03, 16.23it/s, loss=10588122.0000]
  Epoch 13/30:   7%|██                            | 4/58 [00:00<00:03, 16.23it/s, loss=9327334.0000]
  Epoch 13/30:  10%|███                           | 6/58 [00:00<00:03, 16.55it/s, loss=9327334.0000]
  Epoch 13/30:  10%|███                          | 6/58 [00:00<00:03, 16.55it/s, loss=10147158.0000]
  Epoch 13/30:  10%|███                           | 6/58 [00:00<00:03, 16.55it/s, loss=9377665.0000]
  Epoch 13/30:  14%|████▏                         | 8/58 [00:00<00:03, 16.12it/s, loss=9377665.0000]
  Epoch 13/30:  14%|████▏                         | 8/58 [00:00<00:03, 16.12it/s, loss=9816245.0000]
  Epoch 13/30:  14%|████                         | 8/58 [00:00<00:03, 16.12it/s, loss=10018780.0000]
  Epoch 13/30:  17%|████▊                       | 10/58 [00:00<00:02, 16.09it/s, loss=10018780.0000]
  Epoch 13/30:  17%|█████                        | 10/58 [00:00<00:02, 16.09it/s, loss=9213606.0000]
  Epoch 13/30:  17%|█████                        | 10/58 [00:00<00:02, 16.09it/s, loss=9023824.0000]
  Epoch 13/30:  21%|██████                       | 12/58 [00:00<00:02, 16.36it/s, loss=9023824.0000]
  Epoch 13/30:  21%|██████                       | 12/58 [00:00<00:02, 16.36it/s, loss=8372921.5000]
  Epoch 13/30:  21%|██████                       | 12/58 [00:00<00:02, 16.36it/s, loss=9444678.0000]
  Epoch 13/30:  24%|███████                      | 14/58 [00:00<00:02, 16.64it/s, loss=9444678.0000]
  Epoch 13/30:  24%|███████                      | 14/58 [00:00<00:02, 16.64it/s, loss=9480426.0000]
  Epoch 13/30:  24%|███████                      | 14/58 [00:00<00:02, 16.64it/s, loss=9653075.0000]
  Epoch 13/30:  28%|████████                     | 16/58 [00:00<00:02, 16.69it/s, loss=9653075.0000]
  Epoch 13/30:  28%|████████                     | 16/58 [00:01<00:02, 16.69it/s, loss=9370358.0000]
  Epoch 13/30:  28%|████████                     | 16/58 [00:01<00:02, 16.69it/s, loss=7824506.0000]
  Epoch 13/30:  31%|█████████                    | 18/58 [00:01<00:02, 17.32it/s, loss=7824506.0000]
  Epoch 13/30:  31%|█████████                    | 18/58 [00:01<00:02, 17.32it/s, loss=9558285.0000]
  Epoch 13/30:  31%|█████████                    | 18/58 [00:01<00:02, 17.32it/s, loss=8519128.0000]
  Epoch 13/30:  34%|██████████                   | 20/58 [00:01<00:02, 17.65it/s, loss=8519128.0000]
  Epoch 13/30:  34%|██████████                   | 20/58 [00:01<00:02, 17.65it/s, loss=8369555.0000]
  Epoch 13/30:  34%|██████████                   | 20/58 [00:01<00:02, 17.65it/s, loss=7323341.0000]
  Epoch 13/30:  38%|███████████                  | 22/58 [00:01<00:02, 17.87it/s, loss=7323341.0000]
  Epoch 13/30:  38%|███████████                  | 22/58 [00:01<00:02, 17.87it/s, loss=9324919.0000]
  Epoch 13/30:  38%|███████████                  | 22/58 [00:01<00:02, 17.87it/s, loss=9412410.0000]
  Epoch 13/30:  41%|████████████                 | 24/58 [00:01<00:01, 17.50it/s, loss=9412410.0000]
  Epoch 13/30:  41%|████████████                 | 24/58 [00:01<00:01, 17.50it/s, loss=8567061.0000]
  Epoch 13/30:  41%|████████████                 | 24/58 [00:01<00:01, 17.50it/s, loss=7600243.0000]
  Epoch 13/30:  45%|█████████████                | 26/58 [00:01<00:01, 17.43it/s, loss=7600243.0000]
  Epoch 13/30:  45%|█████████████                | 26/58 [00:01<00:01, 17.43it/s, loss=9649122.0000]
  Epoch 13/30:  45%|█████████████                | 26/58 [00:01<00:01, 17.43it/s, loss=8797198.0000]
  Epoch 13/30:  45%|█████████████                | 26/58 [00:01<00:01, 17.43it/s, loss=7882565.5000]
  Epoch 13/30:  50%|██████████████▌              | 29/58 [00:01<00:01, 18.29it/s, loss=7882565.5000]
  Epoch 13/30:  50%|██████████████▌              | 29/58 [00:01<00:01, 18.29it/s, loss=8782014.0000]
  Epoch 13/30:  50%|██████████████▌              | 29/58 [00:01<00:01, 18.29it/s, loss=7540973.5000]
  Epoch 13/30:  50%|██████████████▌              | 29/58 [00:01<00:01, 18.29it/s, loss=7652038.0000]
  Epoch 13/30:  55%|████████████████             | 32/58 [00:01<00:01, 19.31it/s, loss=7652038.0000]
  Epoch 13/30:  55%|████████████████             | 32/58 [00:01<00:01, 19.31it/s, loss=8530598.0000]
  Epoch 13/30:  55%|████████████████             | 32/58 [00:01<00:01, 19.31it/s, loss=7894488.0000]
  Epoch 13/30:  59%|█████████████████            | 34/58 [00:01<00:01, 18.95it/s, loss=7894488.0000]
  Epoch 13/30:  59%|█████████████████            | 34/58 [00:01<00:01, 18.95it/s, loss=7135207.0000]
  Epoch 13/30:  59%|█████████████████            | 34/58 [00:02<00:01, 18.95it/s, loss=8469274.0000]
  Epoch 13/30:  62%|██████████████████           | 36/58 [00:02<00:01, 18.27it/s, loss=8469274.0000]
  Epoch 13/30:  62%|██████████████████           | 36/58 [00:02<00:01, 18.27it/s, loss=7388994.0000]
  Epoch 13/30:  62%|██████████████████           | 36/58 [00:02<00:01, 18.27it/s, loss=8641914.0000]
  Epoch 13/30:  66%|███████████████████          | 38/58 [00:02<00:01, 17.61it/s, loss=8641914.0000]
  Epoch 13/30:  66%|███████████████████          | 38/58 [00:02<00:01, 17.61it/s, loss=9761012.0000]
  Epoch 13/30:  66%|███████████████████          | 38/58 [00:02<00:01, 17.61it/s, loss=7156245.5000]
  Epoch 13/30:  69%|████████████████████         | 40/58 [00:02<00:01, 17.32it/s, loss=7156245.5000]
  Epoch 13/30:  69%|████████████████████         | 40/58 [00:02<00:01, 17.32it/s, loss=8196431.5000]
  Epoch 13/30:  69%|████████████████████         | 40/58 [00:02<00:01, 17.32it/s, loss=7739551.0000]
  Epoch 13/30:  72%|█████████████████████        | 42/58 [00:02<00:00, 16.53it/s, loss=7739551.0000]
  Epoch 13/30:  72%|█████████████████████        | 42/58 [00:02<00:00, 16.53it/s, loss=8046621.5000]
  Epoch 13/30:  72%|█████████████████████        | 42/58 [00:02<00:00, 16.53it/s, loss=8582606.0000]
  Epoch 13/30:  76%|██████████████████████       | 44/58 [00:02<00:00, 15.73it/s, loss=8582606.0000]
  Epoch 13/30:  76%|██████████████████████       | 44/58 [00:02<00:00, 15.73it/s, loss=8192870.0000]
  Epoch 13/30:  76%|██████████████████████       | 44/58 [00:02<00:00, 15.73it/s, loss=7301943.5000]
  Epoch 13/30:  79%|███████████████████████      | 46/58 [00:02<00:00, 15.39it/s, loss=7301943.5000]
  Epoch 13/30:  79%|███████████████████████      | 46/58 [00:02<00:00, 15.39it/s, loss=8864312.0000]
  Epoch 13/30:  79%|███████████████████████      | 46/58 [00:02<00:00, 15.39it/s, loss=7105516.0000]
  Epoch 13/30:  83%|████████████████████████     | 48/58 [00:02<00:00, 15.34it/s, loss=7105516.0000]
  Epoch 13/30:  83%|████████████████████████     | 48/58 [00:02<00:00, 15.34it/s, loss=6656470.0000]
  Epoch 13/30:  83%|████████████████████████     | 48/58 [00:02<00:00, 15.34it/s, loss=6893564.0000]
  Epoch 13/30:  86%|█████████████████████████    | 50/58 [00:02<00:00, 14.90it/s, loss=6893564.0000]
  Epoch 13/30:  86%|█████████████████████████    | 50/58 [00:03<00:00, 14.90it/s, loss=6744687.0000]
  Epoch 13/30:  86%|█████████████████████████    | 50/58 [00:03<00:00, 14.90it/s, loss=7995741.0000]
  Epoch 13/30:  86%|█████████████████████████    | 50/58 [00:03<00:00, 14.90it/s, loss=8051717.5000]
  Epoch 13/30:  91%|██████████████████████████▌  | 53/58 [00:03<00:00, 16.78it/s, loss=8051717.5000]
  Epoch 13/30:  91%|██████████████████████████▌  | 53/58 [00:03<00:00, 16.78it/s, loss=7784021.5000]
  Epoch 13/30:  91%|██████████████████████████▌  | 53/58 [00:03<00:00, 16.78it/s, loss=7314197.5000]
  Epoch 13/30:  95%|███████████████████████████▌ | 55/58 [00:03<00:00, 17.02it/s, loss=7314197.5000]
  Epoch 13/30:  95%|███████████████████████████▌ | 55/58 [00:03<00:00, 17.02it/s, loss=7533661.5000]
  Epoch 13/30:  95%|███████████████████████████▌ | 55/58 [00:03<00:00, 17.02it/s, loss=8154960.0000]
  Epoch 13/30:  98%|████████████████████████████▌| 57/58 [00:03<00:00, 17.16it/s, loss=8154960.0000]
  Epoch 13/30:  98%|████████████████████████████▌| 57/58 [00:03<00:00, 17.16it/s, loss=9137786.0000]
                                                                                                    

  Epoch 14/30:   0%|                                                         | 0/58 [00:00<?, ?it/s]
  Epoch 14/30:   0%|                                      | 0/58 [00:00<?, ?it/s, loss=6594658.0000]
  Epoch 14/30:   0%|                                      | 0/58 [00:00<?, ?it/s, loss=7067295.0000]
  Epoch 14/30:   3%|█                             | 2/58 [00:00<00:03, 14.18it/s, loss=7067295.0000]
  Epoch 14/30:   3%|█                             | 2/58 [00:00<00:03, 14.18it/s, loss=7678473.5000]
  Epoch 14/30:   3%|█                             | 2/58 [00:00<00:03, 14.18it/s, loss=6711711.0000]
  Epoch 14/30:   7%|██                            | 4/58 [00:00<00:03, 15.62it/s, loss=6711711.0000]
  Epoch 14/30:   7%|██                            | 4/58 [00:00<00:03, 15.62it/s, loss=7150440.0000]
  Epoch 14/30:   7%|██                            | 4/58 [00:00<00:03, 15.62it/s, loss=7285957.5000]
  Epoch 14/30:  10%|███                           | 6/58 [00:00<00:03, 14.84it/s, loss=7285957.5000]
  Epoch 14/30:  10%|███                           | 6/58 [00:00<00:03, 14.84it/s, loss=7514541.5000]
  Epoch 14/30:  10%|███                           | 6/58 [00:00<00:03, 14.84it/s, loss=7355772.0000]
  Epoch 14/30:  14%|████▏                         | 8/58 [00:00<00:03, 14.63it/s, loss=7355772.0000]
  Epoch 14/30:  14%|████▏                         | 8/58 [00:00<00:03, 14.63it/s, loss=7673023.5000]
  Epoch 14/30:  14%|████▏                         | 8/58 [00:00<00:03, 14.63it/s, loss=7016950.0000]
  Epoch 14/30:  17%|█████                        | 10/58 [00:00<00:03, 14.19it/s, loss=7016950.0000]
  Epoch 14/30:  17%|█████                        | 10/58 [00:00<00:03, 14.19it/s, loss=7060109.5000]
  Epoch 14/30:  17%|█████                        | 10/58 [00:00<00:03, 14.19it/s, loss=7479165.5000]
  Epoch 14/30:  21%|██████                       | 12/58 [00:00<00:03, 13.87it/s, loss=7479165.5000]
  Epoch 14/30:  21%|██████                       | 12/58 [00:00<00:03, 13.87it/s, loss=6295066.0000]
  Epoch 14/30:  21%|██████                       | 12/58 [00:00<00:03, 13.87it/s, loss=7234209.5000]
  Epoch 14/30:  24%|███████                      | 14/58 [00:00<00:02, 14.87it/s, loss=7234209.5000]
  Epoch 14/30:  24%|███████                      | 14/58 [00:01<00:02, 14.87it/s, loss=7627024.0000]
  Epoch 14/30:  24%|███████                      | 14/58 [00:01<00:02, 14.87it/s, loss=6889288.0000]
  Epoch 14/30:  28%|████████                     | 16/58 [00:01<00:02, 16.18it/s, loss=6889288.0000]
  Epoch 14/30:  28%|████████                     | 16/58 [00:01<00:02, 16.18it/s, loss=6543175.0000]
  Epoch 14/30:  28%|████████                     | 16/58 [00:01<00:02, 16.18it/s, loss=6519642.0000]
  Epoch 14/30:  31%|█████████                    | 18/58 [00:01<00:02, 15.67it/s, loss=6519642.0000]
  Epoch 14/30:  31%|█████████                    | 18/58 [00:01<00:02, 15.67it/s, loss=6711722.0000]
  Epoch 14/30:  31%|█████████                    | 18/58 [00:01<00:02, 15.67it/s, loss=6152595.5000]
  Epoch 14/30:  34%|██████████                   | 20/58 [00:01<00:02, 16.58it/s, loss=6152595.5000]
  Epoch 14/30:  34%|██████████                   | 20/58 [00:01<00:02, 16.58it/s, loss=7169387.0000]
  Epoch 14/30:  34%|██████████                   | 20/58 [00:01<00:02, 16.58it/s, loss=5838877.0000]
  Epoch 14/30:  38%|███████████                  | 22/58 [00:01<00:02, 16.60it/s, loss=5838877.0000]
  Epoch 14/30:  38%|███████████                  | 22/58 [00:01<00:02, 16.60it/s, loss=7389881.5000]
  Epoch 14/30:  38%|███████████                  | 22/58 [00:01<00:02, 16.60it/s, loss=7182665.0000]
  Epoch 14/30:  38%|███████████                  | 22/58 [00:01<00:02, 16.60it/s, loss=6509425.0000]
  Epoch 14/30:  43%|████████████▌                | 25/58 [00:01<00:01, 18.49it/s, loss=6509425.0000]
  Epoch 14/30:  43%|████████████▌                | 25/58 [00:01<00:01, 18.49it/s, loss=7468236.0000]
  Epoch 14/30:  43%|████████████▌                | 25/58 [00:01<00:01, 18.49it/s, loss=6923116.0000]
  Epoch 14/30:  47%|█████████████▌               | 27/58 [00:01<00:01, 18.06it/s, loss=6923116.0000]
  Epoch 14/30:  47%|█████████████▌               | 27/58 [00:01<00:01, 18.06it/s, loss=6572733.5000]
  Epoch 14/30:  47%|█████████████▌               | 27/58 [00:01<00:01, 18.06it/s, loss=5864935.0000]
  Epoch 14/30:  47%|█████████████▌               | 27/58 [00:01<00:01, 18.06it/s, loss=5534597.5000]
  Epoch 14/30:  52%|███████████████              | 30/58 [00:01<00:01, 18.99it/s, loss=5534597.5000]
  Epoch 14/30:  52%|███████████████              | 30/58 [00:01<00:01, 18.99it/s, loss=6176811.0000]
  Epoch 14/30:  52%|███████████████              | 30/58 [00:01<00:01, 18.99it/s, loss=7329784.0000]
  Epoch 14/30:  52%|███████████████              | 30/58 [00:01<00:01, 18.99it/s, loss=6809321.5000]
  Epoch 14/30:  57%|████████████████▌            | 33/58 [00:01<00:01, 19.91it/s, loss=6809321.5000]
  Epoch 14/30:  57%|████████████████▌            | 33/58 [00:02<00:01, 19.91it/s, loss=6402593.0000]
  Epoch 14/30:  57%|████████████████▌            | 33/58 [00:02<00:01, 19.91it/s, loss=6248605.5000]
  Epoch 14/30:  60%|█████████████████▌           | 35/58 [00:02<00:01, 19.28it/s, loss=6248605.5000]
  Epoch 14/30:  60%|█████████████████▌           | 35/58 [00:02<00:01, 19.28it/s, loss=5730604.0000]
  Epoch 14/30:  60%|█████████████████▌           | 35/58 [00:02<00:01, 19.28it/s, loss=5658993.0000]
  Epoch 14/30:  64%|██████████████████▌          | 37/58 [00:02<00:01, 19.34it/s, loss=5658993.0000]
  Epoch 14/30:  64%|██████████████████▌          | 37/58 [00:02<00:01, 19.34it/s, loss=5406436.5000]
  Epoch 14/30:  64%|██████████████████▌          | 37/58 [00:02<00:01, 19.34it/s, loss=5749034.0000]
  Epoch 14/30:  67%|███████████████████▌         | 39/58 [00:02<00:01, 18.30it/s, loss=5749034.0000]
  Epoch 14/30:  67%|███████████████████▌         | 39/58 [00:02<00:01, 18.30it/s, loss=4829285.5000]
  Epoch 14/30:  67%|███████████████████▌         | 39/58 [00:02<00:01, 18.30it/s, loss=6502981.5000]
  Epoch 14/30:  71%|████████████████████▌        | 41/58 [00:02<00:00, 17.64it/s, loss=6502981.5000]
  Epoch 14/30:  71%|████████████████████▌        | 41/58 [00:02<00:00, 17.64it/s, loss=5999611.0000]
  Epoch 14/30:  71%|████████████████████▌        | 41/58 [00:02<00:00, 17.64it/s, loss=5513156.0000]
  Epoch 14/30:  74%|█████████████████████▌       | 43/58 [00:02<00:00, 16.71it/s, loss=5513156.0000]
  Epoch 14/30:  74%|█████████████████████▌       | 43/58 [00:02<00:00, 16.71it/s, loss=5836429.5000]
  Epoch 14/30:  74%|█████████████████████▌       | 43/58 [00:02<00:00, 16.71it/s, loss=5093885.5000]
  Epoch 14/30:  74%|█████████████████████▌       | 43/58 [00:02<00:00, 16.71it/s, loss=5838555.0000]
  Epoch 14/30:  79%|███████████████████████      | 46/58 [00:02<00:00, 18.05it/s, loss=5838555.0000]
  Epoch 14/30:  79%|███████████████████████      | 46/58 [00:02<00:00, 18.05it/s, loss=5811944.0000]
  Epoch 14/30:  79%|███████████████████████      | 46/58 [00:02<00:00, 18.05it/s, loss=6340537.0000]
  Epoch 14/30:  83%|████████████████████████     | 48/58 [00:02<00:00, 17.95it/s, loss=6340537.0000]
  Epoch 14/30:  83%|████████████████████████     | 48/58 [00:02<00:00, 17.95it/s, loss=6148361.0000]
  Epoch 14/30:  83%|████████████████████████     | 48/58 [00:02<00:00, 17.95it/s, loss=5827109.5000]
  Epoch 14/30:  86%|█████████████████████████    | 50/58 [00:02<00:00, 18.42it/s, loss=5827109.5000]
  Epoch 14/30:  86%|█████████████████████████    | 50/58 [00:02<00:00, 18.42it/s, loss=5764046.0000]
  Epoch 14/30:  86%|█████████████████████████    | 50/58 [00:03<00:00, 18.42it/s, loss=4960773.0000]
  Epoch 14/30:  90%|██████████████████████████   | 52/58 [00:03<00:00, 18.07it/s, loss=4960773.0000]
  Epoch 14/30:  90%|██████████████████████████   | 52/58 [00:03<00:00, 18.07it/s, loss=5155674.0000]
  Epoch 14/30:  90%|██████████████████████████   | 52/58 [00:03<00:00, 18.07it/s, loss=5909704.0000]
  Epoch 14/30:  90%|██████████████████████████   | 52/58 [00:03<00:00, 18.07it/s, loss=5788369.5000]
  Epoch 14/30:  95%|███████████████████████████▌ | 55/58 [00:03<00:00, 19.56it/s, loss=5788369.5000]
  Epoch 14/30:  95%|███████████████████████████▌ | 55/58 [00:03<00:00, 19.56it/s, loss=5508133.0000]
  Epoch 14/30:  95%|███████████████████████████▌ | 55/58 [00:03<00:00, 19.56it/s, loss=4797426.0000]
  Epoch 14/30:  95%|███████████████████████████▌ | 55/58 [00:03<00:00, 19.56it/s, loss=5218481.0000]
  Epoch 14/30: 100%|█████████████████████████████| 58/58 [00:03<00:00, 20.20it/s, loss=5218481.0000]
                                                                                                    

  Epoch 15/30:   0%|                                                         | 0/58 [00:00<?, ?it/s]
  Epoch 15/30:   0%|                                      | 0/58 [00:00<?, ?it/s, loss=5731843.0000]
  Epoch 15/30:   0%|                                      | 0/58 [00:00<?, ?it/s, loss=4795449.0000]
  Epoch 15/30:   3%|█                             | 2/58 [00:00<00:03, 17.19it/s, loss=4795449.0000]
  Epoch 15/30:   3%|█                             | 2/58 [00:00<00:03, 17.19it/s, loss=5229503.0000]
  Epoch 15/30:   3%|█                             | 2/58 [00:00<00:03, 17.19it/s, loss=5255562.0000]
  Epoch 15/30:   7%|██                            | 4/58 [00:00<00:05, 10.62it/s, loss=5255562.0000]
  Epoch 15/30:   7%|██                            | 4/58 [00:00<00:05, 10.62it/s, loss=4545089.5000]
  Epoch 15/30:   7%|██                            | 4/58 [00:00<00:05, 10.62it/s, loss=4902976.0000]
  Epoch 15/30:  10%|███                           | 6/58 [00:00<00:04, 12.65it/s, loss=4902976.0000]
  Epoch 15/30:  10%|███                           | 6/58 [00:00<00:04, 12.65it/s, loss=5663545.5000]
  Epoch 15/30:  10%|███                           | 6/58 [00:00<00:04, 12.65it/s, loss=5265353.0000]
  Epoch 15/30:  14%|████▏                         | 8/58 [00:00<00:03, 14.55it/s, loss=5265353.0000]
  Epoch 15/30:  14%|████▏                         | 8/58 [00:00<00:03, 14.55it/s, loss=5198735.0000]
  Epoch 15/30:  14%|████▏                         | 8/58 [00:00<00:03, 14.55it/s, loss=5395413.0000]
  Epoch 15/30:  14%|████▏                         | 8/58 [00:00<00:03, 14.55it/s, loss=5276336.5000]
  Epoch 15/30:  19%|█████▌                       | 11/58 [00:00<00:02, 16.43it/s, loss=5276336.5000]
  Epoch 15/30:  19%|█████▌                       | 11/58 [00:00<00:02, 16.43it/s, loss=5464411.5000]
  Epoch 15/30:  19%|█████▌                       | 11/58 [00:00<00:02, 16.43it/s, loss=5578932.0000]
  Epoch 15/30:  19%|█████▌                       | 11/58 [00:00<00:02, 16.43it/s, loss=4985457.0000]
  Epoch 15/30:  24%|███████                      | 14/58 [00:00<00:02, 17.85it/s, loss=4985457.0000]
  Epoch 15/30:  24%|███████                      | 14/58 [00:00<00:02, 17.85it/s, loss=5049746.5000]
  Epoch 15/30:  24%|███████                      | 14/58 [00:00<00:02, 17.85it/s, loss=4890963.0000]
  Epoch 15/30:  24%|███████                      | 14/58 [00:01<00:02, 17.85it/s, loss=5180933.0000]
  Epoch 15/30:  29%|████████▌                    | 17/58 [00:01<00:02, 19.02it/s, loss=5180933.0000]
  Epoch 15/30:  29%|████████▌                    | 17/58 [00:01<00:02, 19.02it/s, loss=5245728.5000]
  Epoch 15/30:  29%|████████▌                    | 17/58 [00:01<00:02, 19.02it/s, loss=5143814.5000]
  Epoch 15/30:  33%|█████████▌                   | 19/58 [00:01<00:02, 19.20it/s, loss=5143814.5000]
  Epoch 15/30:  33%|█████████▌                   | 19/58 [00:01<00:02, 19.20it/s, loss=4560352.0000]
  Epoch 15/30:  33%|█████████▌                   | 19/58 [00:01<00:02, 19.20it/s, loss=4847185.5000]
  Epoch 15/30:  36%|██████████▌                  | 21/58 [00:01<00:01, 18.81it/s, loss=4847185.5000]
  Epoch 15/30:  36%|██████████▌                  | 21/58 [00:01<00:01, 18.81it/s, loss=5021737.5000]
  Epoch 15/30:  36%|██████████▌                  | 21/58 [00:01<00:01, 18.81it/s, loss=4695412.0000]
  Epoch 15/30:  36%|██████████▌                  | 21/58 [00:01<00:01, 18.81it/s, loss=4728488.5000]
  Epoch 15/30:  41%|████████████                 | 24/58 [00:01<00:01, 19.19it/s, loss=4728488.5000]
  Epoch 15/30:  41%|████████████                 | 24/58 [00:01<00:01, 19.19it/s, loss=4846655.5000]
  Epoch 15/30:  41%|████████████                 | 24/58 [00:01<00:01, 19.19it/s, loss=4937398.5000]
  Epoch 15/30:  41%|████████████                 | 24/58 [00:01<00:01, 19.19it/s, loss=4933047.5000]
  Epoch 15/30:  47%|█████████████▌               | 27/58 [00:01<00:01, 19.58it/s, loss=4933047.5000]
  Epoch 15/30:  47%|█████████████▌               | 27/58 [00:01<00:01, 19.58it/s, loss=4144764.7500]
  Epoch 15/30:  47%|█████████████▌               | 27/58 [00:01<00:01, 19.58it/s, loss=4305584.5000]
  Epoch 15/30:  47%|█████████████▌               | 27/58 [00:01<00:01, 19.58it/s, loss=5176282.0000]
  Epoch 15/30:  52%|███████████████              | 30/58 [00:01<00:01, 19.84it/s, loss=5176282.0000]
  Epoch 15/30:  52%|███████████████              | 30/58 [00:01<00:01, 19.84it/s, loss=4391797.0000]
  Epoch 15/30:  52%|███████████████              | 30/58 [00:01<00:01, 19.84it/s, loss=4261901.0000]
  Epoch 15/30:  52%|███████████████              | 30/58 [00:01<00:01, 19.84it/s, loss=5000680.0000]
  Epoch 15/30:  57%|████████████████▌            | 33/58 [00:01<00:01, 20.48it/s, loss=5000680.0000]
  Epoch 15/30:  57%|████████████████▌            | 33/58 [00:01<00:01, 20.48it/s, loss=5518558.5000]
  Epoch 15/30:  57%|████████████████▌            | 33/58 [00:01<00:01, 20.48it/s, loss=5232703.0000]
  Epoch 15/30:  57%|████████████████▌            | 33/58 [00:01<00:01, 20.48it/s, loss=4604808.0000]
  Epoch 15/30:  62%|██████████████████           | 36/58 [00:01<00:01, 20.66it/s, loss=4604808.0000]
  Epoch 15/30:  62%|██████████████████           | 36/58 [00:02<00:01, 20.66it/s, loss=5154172.0000]
  Epoch 15/30:  62%|██████████████████           | 36/58 [00:02<00:01, 20.66it/s, loss=4525875.0000]
  Epoch 15/30:  62%|██████████████████           | 36/58 [00:02<00:01, 20.66it/s, loss=4797262.0000]
  Epoch 15/30:  67%|███████████████████▌         | 39/58 [00:02<00:00, 20.29it/s, loss=4797262.0000]
  Epoch 15/30:  67%|███████████████████▌         | 39/58 [00:02<00:00, 20.29it/s, loss=4751172.0000]
  Epoch 15/30:  67%|███████████████████▌         | 39/58 [00:02<00:00, 20.29it/s, loss=3904383.5000]
  Epoch 15/30:  67%|███████████████████▌         | 39/58 [00:02<00:00, 20.29it/s, loss=3867116.7500]
  Epoch 15/30:  72%|█████████████████████        | 42/58 [00:02<00:00, 19.44it/s, loss=3867116.7500]
  Epoch 15/30:  72%|█████████████████████        | 42/58 [00:02<00:00, 19.44it/s, loss=3999097.5000]
  Epoch 15/30:  72%|█████████████████████        | 42/58 [00:02<00:00, 19.44it/s, loss=4112996.7500]
  Epoch 15/30:  76%|██████████████████████       | 44/58 [00:02<00:00, 18.50it/s, loss=4112996.7500]
  Epoch 15/30:  76%|██████████████████████       | 44/58 [00:02<00:00, 18.50it/s, loss=4817263.0000]
  Epoch 15/30:  76%|██████████████████████       | 44/58 [00:02<00:00, 18.50it/s, loss=4616101.0000]
  Epoch 15/30:  79%|███████████████████████      | 46/58 [00:02<00:00, 17.72it/s, loss=4616101.0000]
  Epoch 15/30:  79%|███████████████████████      | 46/58 [00:02<00:00, 17.72it/s, loss=4229465.0000]
  Epoch 15/30:  79%|███████████████████████      | 46/58 [00:02<00:00, 17.72it/s, loss=4448497.5000]
  Epoch 15/30:  83%|████████████████████████     | 48/58 [00:02<00:00, 16.93it/s, loss=4448497.5000]
  Epoch 15/30:  83%|████████████████████████     | 48/58 [00:02<00:00, 16.93it/s, loss=4477429.0000]
  Epoch 15/30:  83%|████████████████████████     | 48/58 [00:02<00:00, 16.93it/s, loss=4274606.0000]
  Epoch 15/30:  86%|█████████████████████████    | 50/58 [00:02<00:00, 17.41it/s, loss=4274606.0000]
  Epoch 15/30:  86%|█████████████████████████    | 50/58 [00:02<00:00, 17.41it/s, loss=4937562.0000]
  Epoch 15/30:  86%|█████████████████████████    | 50/58 [00:02<00:00, 17.41it/s, loss=4156589.5000]
  Epoch 15/30:  90%|██████████████████████████   | 52/58 [00:02<00:00, 17.93it/s, loss=4156589.5000]
  Epoch 15/30:  90%|██████████████████████████   | 52/58 [00:02<00:00, 17.93it/s, loss=3794481.5000]
  Epoch 15/30:  90%|██████████████████████████   | 52/58 [00:02<00:00, 17.93it/s, loss=3896145.7500]
  Epoch 15/30:  90%|██████████████████████████   | 52/58 [00:03<00:00, 17.93it/s, loss=3996202.0000]
  Epoch 15/30:  95%|███████████████████████████▌ | 55/58 [00:03<00:00, 19.26it/s, loss=3996202.0000]
  Epoch 15/30:  95%|███████████████████████████▌ | 55/58 [00:03<00:00, 19.26it/s, loss=4168274.0000]
  Epoch 15/30:  95%|███████████████████████████▌ | 55/58 [00:03<00:00, 19.26it/s, loss=4566331.0000]
  Epoch 15/30:  95%|███████████████████████████▌ | 55/58 [00:03<00:00, 19.26it/s, loss=6343545.5000]
  Epoch 15/30: 100%|█████████████████████████████| 58/58 [00:03<00:00, 20.87it/s, loss=6343545.5000]
                                                                                                    
  Epoch 15/30 │ Loss: 4790374.4052 │ T+1: -1599253376.0000 │ T+2: -661168832.0000 │ T+3: -4940024832.0000 ★ NEW BEST

  Epoch 16/30:   0%|                                                         | 0/58 [00:00<?, ?it/s]
  Epoch 16/30:   0%|                                      | 0/58 [00:00<?, ?it/s, loss=4635688.0000]
  Epoch 16/30:   0%|                                      | 0/58 [00:00<?, ?it/s, loss=4403181.0000]
  Epoch 16/30:   0%|                                      | 0/58 [00:00<?, ?it/s, loss=3912798.0000]
  Epoch 16/30:   5%|█▌                            | 3/58 [00:00<00:02, 23.01it/s, loss=3912798.0000]
  Epoch 16/30:   5%|█▌                            | 3/58 [00:00<00:02, 23.01it/s, loss=4301581.5000]
  Epoch 16/30:   5%|█▌                            | 3/58 [00:00<00:02, 23.01it/s, loss=4240347.5000]
  Epoch 16/30:   5%|█▌                            | 3/58 [00:00<00:02, 23.01it/s, loss=4187389.7500]
  Epoch 16/30:  10%|███                           | 6/58 [00:00<00:02, 21.56it/s, loss=4187389.7500]
  Epoch 16/30:  10%|███                           | 6/58 [00:00<00:02, 21.56it/s, loss=3906759.0000]
  Epoch 16/30:  10%|███                           | 6/58 [00:00<00:02, 21.56it/s, loss=3958869.0000]
  Epoch 16/30:  10%|███                           | 6/58 [00:00<00:02, 21.56it/s, loss=3407163.7500]
  Epoch 16/30:  16%|████▋                         | 9/58 [00:00<00:02, 21.77it/s, loss=3407163.7500]
  Epoch 16/30:  16%|████▋                         | 9/58 [00:00<00:02, 21.77it/s, loss=4152207.5000]
  Epoch 16/30:  16%|████▋                         | 9/58 [00:00<00:02, 21.77it/s, loss=4046213.5000]
  Epoch 16/30:  16%|████▋                         | 9/58 [00:00<00:02, 21.77it/s, loss=3894276.0000]
  Epoch 16/30:  21%|██████                       | 12/58 [00:00<00:02, 20.02it/s, loss=3894276.0000]
  Epoch 16/30:  21%|██████                       | 12/58 [00:00<00:02, 20.02it/s, loss=3603938.0000]
  Epoch 16/30:  21%|██████                       | 12/58 [00:00<00:02, 20.02it/s, loss=3836426.7500]
  Epoch 16/30:  21%|██████                       | 12/58 [00:00<00:02, 20.02it/s, loss=3222937.5000]
  Epoch 16/30:  26%|███████▌                     | 15/58 [00:00<00:02, 16.92it/s, loss=3222937.5000]
  Epoch 16/30:  26%|███████▌                     | 15/58 [00:00<00:02, 16.92it/s, loss=3564205.5000]
  Epoch 16/30:  26%|███████▌                     | 15/58 [00:00<00:02, 16.92it/s, loss=3437028.7500]
  Epoch 16/30:  29%|████████▌                    | 17/58 [00:00<00:02, 16.27it/s, loss=3437028.7500]
  Epoch 16/30:  29%|████████▌                    | 17/58 [00:00<00:02, 16.27it/s, loss=4224370.5000]
  Epoch 16/30:  29%|████████▌                    | 17/58 [00:01<00:02, 16.27it/s, loss=3561067.0000]
  Epoch 16/30:  33%|█████████▌                   | 19/58 [00:01<00:02, 16.91it/s, loss=3561067.0000]
  Epoch 16/30:  33%|█████████▌                   | 19/58 [00:01<00:02, 16.91it/s, loss=3603454.7500]
  Epoch 16/30:  33%|█████████▌                   | 19/58 [00:01<00:02, 16.91it/s, loss=3825237.5000]
  Epoch 16/30:  36%|██████████▌                  | 21/58 [00:01<00:02, 17.25it/s, loss=3825237.5000]
  Epoch 16/30:  36%|██████████▌                  | 21/58 [00:01<00:02, 17.25it/s, loss=3845931.0000]
  Epoch 16/30:  36%|██████████▌                  | 21/58 [00:01<00:02, 17.25it/s, loss=3566062.7500]
  Epoch 16/30:  36%|██████████▌                  | 21/58 [00:01<00:02, 17.25it/s, loss=3657831.5000]
  Epoch 16/30:  41%|████████████                 | 24/58 [00:01<00:01, 19.07it/s, loss=3657831.5000]
  Epoch 16/30:  41%|████████████                 | 24/58 [00:01<00:01, 19.07it/s, loss=3796592.7500]
  Epoch 16/30:  41%|████████████                 | 24/58 [00:01<00:01, 19.07it/s, loss=3500293.0000]
  Epoch 16/30:  41%|████████████                 | 24/58 [00:01<00:01, 19.07it/s, loss=3953685.7500]
  Epoch 16/30:  47%|█████████████▌               | 27/58 [00:01<00:01, 20.46it/s, loss=3953685.7500]
  Epoch 16/30:  47%|█████████████▌               | 27/58 [00:01<00:01, 20.46it/s, loss=3671284.0000]
  Epoch 16/30:  47%|█████████████▌               | 27/58 [00:01<00:01, 20.46it/s, loss=3402788.0000]
  Epoch 16/30:  47%|█████████████▌               | 27/58 [00:01<00:01, 20.46it/s, loss=3730408.7500]
  Epoch 16/30:  52%|███████████████              | 30/58 [00:01<00:01, 19.28it/s, loss=3730408.7500]
  Epoch 16/30:  52%|███████████████              | 30/58 [00:01<00:01, 19.28it/s, loss=3371225.0000]
  Epoch 16/30:  52%|███████████████              | 30/58 [00:01<00:01, 19.28it/s, loss=3436517.0000]
  Epoch 16/30:  55%|████████████████             | 32/58 [00:01<00:01, 19.39it/s, loss=3436517.0000]
  Epoch 16/30:  55%|████████████████             | 32/58 [00:01<00:01, 19.39it/s, loss=3631068.0000]
  Epoch 16/30:  55%|████████████████             | 32/58 [00:01<00:01, 19.39it/s, loss=3297123.0000]
  Epoch 16/30:  59%|█████████████████            | 34/58 [00:01<00:01, 19.50it/s, loss=3297123.0000]
  Epoch 16/30:  59%|█████████████████            | 34/58 [00:01<00:01, 19.50it/s, loss=4121778.0000]
  Epoch 16/30:  59%|█████████████████            | 34/58 [00:01<00:01, 19.50it/s, loss=4255852.0000]
  Epoch 16/30:  62%|██████████████████           | 36/58 [00:01<00:01, 19.06it/s, loss=4255852.0000]
  Epoch 16/30:  62%|██████████████████           | 36/58 [00:01<00:01, 19.06it/s, loss=3356943.7500]
  Epoch 16/30:  62%|██████████████████           | 36/58 [00:02<00:01, 19.06it/s, loss=3592290.7500]
  Epoch 16/30:  66%|███████████████████          | 38/58 [00:02<00:01, 19.26it/s, loss=3592290.7500]
  Epoch 16/30:  66%|███████████████████          | 38/58 [00:02<00:01, 19.26it/s, loss=3428512.0000]
  Epoch 16/30:  66%|███████████████████          | 38/58 [00:02<00:01, 19.26it/s, loss=3070954.7500]
  Epoch 16/30:  66%|███████████████████          | 38/58 [00:02<00:01, 19.26it/s, loss=3472806.5000]
  Epoch 16/30:  71%|████████████████████▌        | 41/58 [00:02<00:00, 20.63it/s, loss=3472806.5000]
  Epoch 16/30:  71%|████████████████████▌        | 41/58 [00:02<00:00, 20.63it/s, loss=2895917.0000]
  Epoch 16/30:  71%|████████████████████▌        | 41/58 [00:02<00:00, 20.63it/s, loss=3680188.7500]
  Epoch 16/30:  71%|████████████████████▌        | 41/58 [00:02<00:00, 20.63it/s, loss=3294369.5000]
  Epoch 16/30:  76%|██████████████████████       | 44/58 [00:02<00:00, 19.39it/s, loss=3294369.5000]
  Epoch 16/30:  76%|██████████████████████       | 44/58 [00:02<00:00, 19.39it/s, loss=3593292.5000]
  Epoch 16/30:  76%|██████████████████████       | 44/58 [00:02<00:00, 19.39it/s, loss=2845872.7500]
  Epoch 16/30:  79%|███████████████████████      | 46/58 [00:02<00:00, 19.41it/s, loss=2845872.7500]
  Epoch 16/30:  79%|███████████████████████      | 46/58 [00:02<00:00, 19.41it/s, loss=3254634.0000]
  Epoch 16/30:  79%|███████████████████████      | 46/58 [00:02<00:00, 19.41it/s, loss=3499022.5000]
  Epoch 16/30:  79%|███████████████████████      | 46/58 [00:02<00:00, 19.41it/s, loss=2964866.7500]
  Epoch 16/30:  84%|████████████████████████▌    | 49/58 [00:02<00:00, 20.22it/s, loss=2964866.7500]
  Epoch 16/30:  84%|████████████████████████▌    | 49/58 [00:02<00:00, 20.22it/s, loss=3478903.5000]
  Epoch 16/30:  84%|████████████████████████▌    | 49/58 [00:02<00:00, 20.22it/s, loss=2925263.5000]
  Epoch 16/30:  84%|████████████████████████▌    | 49/58 [00:02<00:00, 20.22it/s, loss=3112446.0000]
  Epoch 16/30:  90%|██████████████████████████   | 52/58 [00:02<00:00, 20.49it/s, loss=3112446.0000]
  Epoch 16/30:  90%|██████████████████████████   | 52/58 [00:02<00:00, 20.49it/s, loss=3008812.5000]
  Epoch 16/30:  90%|██████████████████████████   | 52/58 [00:02<00:00, 20.49it/s, loss=2527499.0000]
  Epoch 16/30:  90%|██████████████████████████   | 52/58 [00:02<00:00, 20.49it/s, loss=2566842.7500]
  Epoch 16/30:  95%|███████████████████████████▌ | 55/58 [00:02<00:00, 20.48it/s, loss=2566842.7500]
  Epoch 16/30:  95%|███████████████████████████▌ | 55/58 [00:02<00:00, 20.48it/s, loss=3421593.5000]
  Epoch 16/30:  95%|███████████████████████████▌ | 55/58 [00:02<00:00, 20.48it/s, loss=3140553.7500]
  Epoch 16/30:  95%|███████████████████████████▌ | 55/58 [00:02<00:00, 20.48it/s, loss=3051530.5000]
  Epoch 16/30: 100%|█████████████████████████████| 58/58 [00:02<00:00, 21.52it/s, loss=3051530.5000]
                                                                                                    

  Epoch 17/30:   0%|                                                         | 0/58 [00:00<?, ?it/s]
  Epoch 17/30:   0%|                                      | 0/58 [00:00<?, ?it/s, loss=3098856.5000]
  Epoch 17/30:   0%|                                      | 0/58 [00:00<?, ?it/s, loss=2938882.0000]
  Epoch 17/30:   3%|█                             | 2/58 [00:00<00:02, 19.07it/s, loss=2938882.0000]
  Epoch 17/30:   3%|█                             | 2/58 [00:00<00:02, 19.07it/s, loss=2605249.0000]
  Epoch 17/30:   3%|█                             | 2/58 [00:00<00:02, 19.07it/s, loss=3719131.7500]
  Epoch 17/30:   7%|██                            | 4/58 [00:00<00:03, 16.45it/s, loss=3719131.7500]
  Epoch 17/30:   7%|██                            | 4/58 [00:00<00:03, 16.45it/s, loss=2964205.5000]
  Epoch 17/30:   7%|██                            | 4/58 [00:00<00:03, 16.45it/s, loss=2951975.0000]
  Epoch 17/30:  10%|███                           | 6/58 [00:00<00:03, 16.70it/s, loss=2951975.0000]
  Epoch 17/30:  10%|███                           | 6/58 [00:00<00:03, 16.70it/s, loss=2850640.0000]
  Epoch 17/30:  10%|███                           | 6/58 [00:00<00:03, 16.70it/s, loss=2693385.5000]
  Epoch 17/30:  14%|████▏                         | 8/58 [00:00<00:03, 15.45it/s, loss=2693385.5000]
  Epoch 17/30:  14%|████▏                         | 8/58 [00:00<00:03, 15.45it/s, loss=2703357.7500]
  Epoch 17/30:  14%|████▏                         | 8/58 [00:00<00:03, 15.45it/s, loss=2670700.0000]
  Epoch 17/30:  17%|█████                        | 10/58 [00:00<00:03, 15.13it/s, loss=2670700.0000]
  Epoch 17/30:  17%|█████                        | 10/58 [00:00<00:03, 15.13it/s, loss=2564814.5000]
  Epoch 17/30:  17%|█████                        | 10/58 [00:00<00:03, 15.13it/s, loss=3012706.7500]
  Epoch 17/30:  21%|██████                       | 12/58 [00:00<00:02, 15.58it/s, loss=3012706.7500]
  Epoch 17/30:  21%|██████                       | 12/58 [00:00<00:02, 15.58it/s, loss=2802059.5000]
  Epoch 17/30:  21%|██████                       | 12/58 [00:00<00:02, 15.58it/s, loss=2713875.2500]
  Epoch 17/30:  24%|███████                      | 14/58 [00:00<00:02, 15.59it/s, loss=2713875.2500]
  Epoch 17/30:  24%|███████                      | 14/58 [00:01<00:02, 15.59it/s, loss=3013814.7500]
  Epoch 17/30:  24%|███████                      | 14/58 [00:01<00:02, 15.59it/s, loss=2718190.7500]
  Epoch 17/30:  28%|████████                     | 16/58 [00:01<00:03, 12.34it/s, loss=2718190.7500]
  Epoch 17/30:  28%|████████                     | 16/58 [00:01<00:03, 12.34it/s, loss=2540467.5000]
  Epoch 17/30:  28%|████████                     | 16/58 [00:01<00:03, 12.34it/s, loss=2836635.7500]
  Epoch 17/30:  31%|█████████                    | 18/58 [00:01<00:03, 12.99it/s, loss=2836635.7500]
  Epoch 17/30:  31%|█████████                    | 18/58 [00:01<00:03, 12.99it/s, loss=2596934.0000]
  Epoch 17/30:  31%|█████████                    | 18/58 [00:01<00:03, 12.99it/s, loss=2689366.7500]
  Epoch 17/30:  34%|██████████                   | 20/58 [00:01<00:02, 13.85it/s, loss=2689366.7500]
  Epoch 17/30:  34%|██████████                   | 20/58 [00:01<00:02, 13.85it/s, loss=3269846.5000]
  Epoch 17/30:  34%|██████████                   | 20/58 [00:01<00:02, 13.85it/s, loss=2383559.5000]
  Epoch 17/30:  38%|███████████                  | 22/58 [00:01<00:02, 14.73it/s, loss=2383559.5000]
  Epoch 17/30:  38%|███████████                  | 22/58 [00:01<00:02, 14.73it/s, loss=3095322.0000]
  Epoch 17/30:  38%|███████████                  | 22/58 [00:01<00:02, 14.73it/s, loss=2703480.7500]
  Epoch 17/30:  38%|███████████                  | 22/58 [00:01<00:02, 14.73it/s, loss=2870368.0000]
  Epoch 17/30:  43%|████████████▌                | 25/58 [00:01<00:02, 16.50it/s, loss=2870368.0000]
  Epoch 17/30:  43%|████████████▌                | 25/58 [00:01<00:02, 16.50it/s, loss=3199832.7500]
  Epoch 17/30:  43%|████████████▌                | 25/58 [00:01<00:02, 16.50it/s, loss=3060314.5000]
  Epoch 17/30:  47%|█████████████▌               | 27/58 [00:01<00:01, 16.65it/s, loss=3060314.5000]
  Epoch 17/30:  47%|█████████████▌               | 27/58 [00:01<00:01, 16.65it/s, loss=2831553.5000]
  Epoch 17/30:  47%|█████████████▌               | 27/58 [00:01<00:01, 16.65it/s, loss=2776519.0000]
  Epoch 17/30:  50%|██████████████▌              | 29/58 [00:01<00:01, 16.43it/s, loss=2776519.0000]
  Epoch 17/30:  50%|██████████████▌              | 29/58 [00:01<00:01, 16.43it/s, loss=2400733.7500]
  Epoch 17/30:  50%|██████████████▌              | 29/58 [00:01<00:01, 16.43it/s, loss=2876873.7500]
  Epoch 17/30:  50%|██████████████▌              | 29/58 [00:02<00:01, 16.43it/s, loss=2438826.2500]
  Epoch 17/30:  55%|████████████████             | 32/58 [00:02<00:01, 17.72it/s, loss=2438826.2500]
  Epoch 17/30:  55%|████████████████             | 32/58 [00:02<00:01, 17.72it/s, loss=2680581.7500]
  Epoch 17/30:  55%|████████████████             | 32/58 [00:02<00:01, 17.72it/s, loss=2707589.5000]
  Epoch 17/30:  59%|█████████████████            | 34/58 [00:02<00:01, 18.06it/s, loss=2707589.5000]
  Epoch 17/30:  59%|█████████████████            | 34/58 [00:02<00:01, 18.06it/s, loss=2687111.5000]
  Epoch 17/30:  59%|█████████████████            | 34/58 [00:02<00:01, 18.06it/s, loss=2338648.5000]
  Epoch 17/30:  62%|██████████████████           | 36/58 [00:02<00:01, 18.19it/s, loss=2338648.5000]
  Epoch 17/30:  62%|██████████████████           | 36/58 [00:02<00:01, 18.19it/s, loss=2849676.0000]
  Epoch 17/30:  62%|██████████████████           | 36/58 [00:02<00:01, 18.19it/s, loss=2521187.0000]
  Epoch 17/30:  62%|██████████████████           | 36/58 [00:02<00:01, 18.19it/s, loss=2298341.7500]
  Epoch 17/30:  67%|███████████████████▌         | 39/58 [00:02<00:00, 19.78it/s, loss=2298341.7500]
  Epoch 17/30:  67%|███████████████████▌         | 39/58 [00:02<00:00, 19.78it/s, loss=2548825.7500]
  Epoch 17/30:  67%|███████████████████▌         | 39/58 [00:02<00:00, 19.78it/s, loss=2701396.0000]
  Epoch 17/30:  67%|███████████████████▌         | 39/58 [00:02<00:00, 19.78it/s, loss=2517767.0000]
  Epoch 17/30:  72%|█████████████████████        | 42/58 [00:02<00:00, 19.55it/s, loss=2517767.0000]
  Epoch 17/30:  72%|█████████████████████        | 42/58 [00:02<00:00, 19.55it/s, loss=2609927.0000]
  Epoch 17/30:  72%|█████████████████████        | 42/58 [00:02<00:00, 19.55it/s, loss=2238412.2500]
  Epoch 17/30:  76%|██████████████████████       | 44/58 [00:02<00:00, 19.57it/s, loss=2238412.2500]
  Epoch 17/30:  76%|██████████████████████       | 44/58 [00:02<00:00, 19.57it/s, loss=2429137.0000]
  Epoch 17/30:  76%|██████████████████████       | 44/58 [00:02<00:00, 19.57it/s, loss=2464912.0000]
  Epoch 17/30:  79%|███████████████████████      | 46/58 [00:02<00:00, 19.05it/s, loss=2464912.0000]
  Epoch 17/30:  79%|███████████████████████      | 46/58 [00:02<00:00, 19.05it/s, loss=2773301.0000]
  Epoch 17/30:  79%|███████████████████████      | 46/58 [00:02<00:00, 19.05it/s, loss=2587428.0000]
  Epoch 17/30:  83%|████████████████████████     | 48/58 [00:02<00:00, 19.26it/s, loss=2587428.0000]
  Epoch 17/30:  83%|████████████████████████     | 48/58 [00:02<00:00, 19.26it/s, loss=2422210.2500]
  Epoch 17/30:  83%|████████████████████████     | 48/58 [00:02<00:00, 19.26it/s, loss=2136786.7500]
  Epoch 17/30:  86%|█████████████████████████    | 50/58 [00:02<00:00, 19.24it/s, loss=2136786.7500]
  Epoch 17/30:  86%|█████████████████████████    | 50/58 [00:02<00:00, 19.24it/s, loss=2688683.5000]
  Epoch 17/30:  86%|█████████████████████████    | 50/58 [00:03<00:00, 19.24it/s, loss=2393476.0000]
  Epoch 17/30:  86%|█████████████████████████    | 50/58 [00:03<00:00, 19.24it/s, loss=2457869.0000]
  Epoch 17/30:  91%|██████████████████████████▌  | 53/58 [00:03<00:00, 19.56it/s, loss=2457869.0000]
  Epoch 17/30:  91%|██████████████████████████▌  | 53/58 [00:03<00:00, 19.56it/s, loss=2500051.7500]
  Epoch 17/30:  91%|██████████████████████████▌  | 53/58 [00:03<00:00, 19.56it/s, loss=2345598.0000]
  Epoch 17/30:  95%|███████████████████████████▌ | 55/58 [00:03<00:00, 18.96it/s, loss=2345598.0000]
  Epoch 17/30:  95%|███████████████████████████▌ | 55/58 [00:03<00:00, 18.96it/s, loss=2156329.0000]
  Epoch 17/30:  95%|███████████████████████████▌ | 55/58 [00:03<00:00, 18.96it/s, loss=2228671.5000]
  Epoch 17/30:  98%|████████████████████████████▌| 57/58 [00:03<00:00, 18.57it/s, loss=2228671.5000]
  Epoch 17/30:  98%|████████████████████████████▌| 57/58 [00:03<00:00, 18.57it/s, loss=3116190.5000]
                                                                                                    

  Epoch 18/30:   0%|                                                         | 0/58 [00:00<?, ?it/s]
  Epoch 18/30:   0%|                                      | 0/58 [00:00<?, ?it/s, loss=2097017.7500]
  Epoch 18/30:   0%|                                      | 0/58 [00:00<?, ?it/s, loss=2130468.7500]
  Epoch 18/30:   0%|                                      | 0/58 [00:00<?, ?it/s, loss=2344198.5000]
  Epoch 18/30:   5%|█▌                            | 3/58 [00:00<00:02, 21.38it/s, loss=2344198.5000]
  Epoch 18/30:   5%|█▌                            | 3/58 [00:00<00:02, 21.38it/s, loss=1954462.0000]
  Epoch 18/30:   5%|█▌                            | 3/58 [00:00<00:02, 21.38it/s, loss=2236966.0000]
  Epoch 18/30:   5%|█▌                            | 3/58 [00:00<00:02, 21.38it/s, loss=2262697.7500]
  Epoch 18/30:  10%|███                           | 6/58 [00:00<00:02, 23.59it/s, loss=2262697.7500]
  Epoch 18/30:  10%|███                           | 6/58 [00:00<00:02, 23.59it/s, loss=2087823.2500]
  Epoch 18/30:  10%|███                           | 6/58 [00:00<00:02, 23.59it/s, loss=2347821.7500]
  Epoch 18/30:  10%|███                           | 6/58 [00:00<00:02, 23.59it/s, loss=2363613.7500]
  Epoch 18/30:  16%|████▋                         | 9/58 [00:00<00:01, 25.48it/s, loss=2363613.7500]
  Epoch 18/30:  16%|████▋                         | 9/58 [00:00<00:01, 25.48it/s, loss=2324804.5000]
  Epoch 18/30:  16%|████▋                         | 9/58 [00:00<00:01, 25.48it/s, loss=2348598.5000]
  Epoch 18/30:  16%|████▋                         | 9/58 [00:00<00:01, 25.48it/s, loss=2233980.5000]
  Epoch 18/30:  16%|████▋                         | 9/58 [00:00<00:01, 25.48it/s, loss=1938465.3750]
  Epoch 18/30:  22%|██████▌                      | 13/58 [00:00<00:01, 27.69it/s, loss=1938465.3750]
  Epoch 18/30:  22%|██████▌                      | 13/58 [00:00<00:01, 27.69it/s, loss=2678738.5000]
  Epoch 18/30:  22%|██████▌                      | 13/58 [00:00<00:01, 27.69it/s, loss=2218825.7500]
  Epoch 18/30:  22%|██████▌                      | 13/58 [00:00<00:01, 27.69it/s, loss=2642331.0000]
  Epoch 18/30:  28%|████████                     | 16/58 [00:00<00:01, 24.03it/s, loss=2642331.0000]
  Epoch 18/30:  28%|████████                     | 16/58 [00:00<00:01, 24.03it/s, loss=1864370.8750]
  Epoch 18/30:  28%|████████                     | 16/58 [00:00<00:01, 24.03it/s, loss=2110913.7500]
  Epoch 18/30:  28%|████████                     | 16/58 [00:00<00:01, 24.03it/s, loss=2132820.7500]
  Epoch 18/30:  33%|█████████▌                   | 19/58 [00:00<00:01, 22.02it/s, loss=2132820.7500]
  Epoch 18/30:  33%|█████████▌                   | 19/58 [00:00<00:01, 22.02it/s, loss=2025281.3750]
  Epoch 18/30:  33%|█████████▌                   | 19/58 [00:00<00:01, 22.02it/s, loss=2124481.0000]
  Epoch 18/30:  33%|█████████▌                   | 19/58 [00:00<00:01, 22.02it/s, loss=1756708.0000]
  Epoch 18/30:  38%|███████████                  | 22/58 [00:00<00:01, 21.24it/s, loss=1756708.0000]
  Epoch 18/30:  38%|███████████                  | 22/58 [00:01<00:01, 21.24it/s, loss=2174201.2500]
  Epoch 18/30:  38%|███████████                  | 22/58 [00:01<00:01, 21.24it/s, loss=2218600.2500]
  Epoch 18/30:  38%|███████████                  | 22/58 [00:01<00:01, 21.24it/s, loss=1860596.0000]
  Epoch 18/30:  43%|████████████▌                | 25/58 [00:01<00:01, 20.37it/s, loss=1860596.0000]
  Epoch 18/30:  43%|████████████▌                | 25/58 [00:01<00:01, 20.37it/s, loss=1928597.7500]
  Epoch 18/30:  43%|████████████▌                | 25/58 [00:01<00:01, 20.37it/s, loss=2054300.7500]
  Epoch 18/30:  43%|████████████▌                | 25/58 [00:01<00:01, 20.37it/s, loss=1956830.7500]
  Epoch 18/30:  48%|██████████████               | 28/58 [00:01<00:01, 19.84it/s, loss=1956830.7500]
  Epoch 18/30:  48%|██████████████               | 28/58 [00:01<00:01, 19.84it/s, loss=1904457.5000]
  Epoch 18/30:  48%|██████████████               | 28/58 [00:01<00:01, 19.84it/s, loss=2078641.0000]
  Epoch 18/30:  48%|██████████████               | 28/58 [00:01<00:01, 19.84it/s, loss=1976980.3750]
  Epoch 18/30:  53%|███████████████▍             | 31/58 [00:01<00:01, 18.09it/s, loss=1976980.3750]
  Epoch 18/30:  53%|███████████████▍             | 31/58 [00:01<00:01, 18.09it/s, loss=1990376.3750]
  Epoch 18/30:  53%|███████████████▍             | 31/58 [00:01<00:01, 18.09it/s, loss=1973743.7500]
  Epoch 18/30:  53%|███████████████▍             | 31/58 [00:01<00:01, 18.09it/s, loss=2104653.0000]
  Epoch 18/30:  59%|█████████████████            | 34/58 [00:01<00:01, 19.40it/s, loss=2104653.0000]
  Epoch 18/30:  59%|█████████████████            | 34/58 [00:01<00:01, 19.40it/s, loss=1930570.8750]
  Epoch 18/30:  59%|█████████████████            | 34/58 [00:01<00:01, 19.40it/s, loss=2175792.0000]
  Epoch 18/30:  62%|██████████████████           | 36/58 [00:01<00:01, 19.34it/s, loss=2175792.0000]
  Epoch 18/30:  62%|██████████████████           | 36/58 [00:01<00:01, 19.34it/s, loss=1998556.7500]
  Epoch 18/30:  62%|██████████████████           | 36/58 [00:01<00:01, 19.34it/s, loss=2037177.3750]
  Epoch 18/30:  66%|███████████████████          | 38/58 [00:01<00:01, 19.42it/s, loss=2037177.3750]
  Epoch 18/30:  66%|███████████████████          | 38/58 [00:01<00:01, 19.42it/s, loss=1769086.3750]
  Epoch 18/30:  66%|███████████████████          | 38/58 [00:01<00:01, 19.42it/s, loss=1776597.3750]
  Epoch 18/30:  69%|████████████████████         | 40/58 [00:01<00:00, 19.40it/s, loss=1776597.3750]
  Epoch 18/30:  69%|████████████████████         | 40/58 [00:01<00:00, 19.40it/s, loss=1933435.0000]
  Epoch 18/30:  69%|████████████████████         | 40/58 [00:02<00:00, 19.40it/s, loss=1802081.5000]
  Epoch 18/30:  72%|█████████████████████        | 42/58 [00:02<00:00, 19.48it/s, loss=1802081.5000]
  Epoch 18/30:  72%|█████████████████████        | 42/58 [00:02<00:00, 19.48it/s, loss=2066117.5000]
  Epoch 18/30:  72%|█████████████████████        | 42/58 [00:02<00:00, 19.48it/s, loss=1679576.3750]
  Epoch 18/30:  76%|██████████████████████       | 44/58 [00:02<00:00, 19.39it/s, loss=1679576.3750]
  Epoch 18/30:  76%|██████████████████████       | 44/58 [00:02<00:00, 19.39it/s, loss=1870030.8750]
  Epoch 18/30:  76%|██████████████████████       | 44/58 [00:02<00:00, 19.39it/s, loss=1757020.8750]
  Epoch 18/30:  79%|███████████████████████      | 46/58 [00:02<00:00, 19.48it/s, loss=1757020.8750]
  Epoch 18/30:  79%|███████████████████████      | 46/58 [00:02<00:00, 19.48it/s, loss=1976321.5000]
  Epoch 18/30:  79%|███████████████████████      | 46/58 [00:02<00:00, 19.48it/s, loss=1985599.7500]
  Epoch 18/30:  79%|███████████████████████      | 46/58 [00:02<00:00, 19.48it/s, loss=1779717.5000]
  Epoch 18/30:  84%|████████████████████████▌    | 49/58 [00:02<00:00, 19.72it/s, loss=1779717.5000]
  Epoch 18/30:  84%|████████████████████████▌    | 49/58 [00:02<00:00, 19.72it/s, loss=1686174.2500]
  Epoch 18/30:  84%|████████████████████████▌    | 49/58 [00:02<00:00, 19.72it/s, loss=1953226.5000]
  Epoch 18/30:  88%|█████████████████████████▌   | 51/58 [00:02<00:00, 18.06it/s, loss=1953226.5000]
  Epoch 18/30:  88%|█████████████████████████▌   | 51/58 [00:02<00:00, 18.06it/s, loss=1927632.5000]
  Epoch 18/30:  88%|█████████████████████████▌   | 51/58 [00:02<00:00, 18.06it/s, loss=1531316.5000]
  Epoch 18/30:  91%|██████████████████████████▌  | 53/58 [00:02<00:00, 17.19it/s, loss=1531316.5000]
  Epoch 18/30:  91%|██████████████████████████▌  | 53/58 [00:02<00:00, 17.19it/s, loss=1846108.5000]
  Epoch 18/30:  91%|██████████████████████████▌  | 53/58 [00:02<00:00, 17.19it/s, loss=1649048.5000]
  Epoch 18/30:  95%|███████████████████████████▌ | 55/58 [00:02<00:00, 16.58it/s, loss=1649048.5000]
  Epoch 18/30:  95%|███████████████████████████▌ | 55/58 [00:02<00:00, 16.58it/s, loss=1734296.8750]
  Epoch 18/30:  95%|███████████████████████████▌ | 55/58 [00:02<00:00, 16.58it/s, loss=1529106.5000]
  Epoch 18/30:  98%|████████████████████████████▌| 57/58 [00:02<00:00, 16.20it/s, loss=1529106.5000]
  Epoch 18/30:  98%|████████████████████████████▌| 57/58 [00:02<00:00, 16.20it/s, loss=1697978.3750]
                                                                                                    

  Epoch 19/30:   0%|                                                         | 0/58 [00:00<?, ?it/s]
  Epoch 19/30:   0%|                                      | 0/58 [00:00<?, ?it/s, loss=1734606.5000]
  Epoch 19/30:   0%|                                      | 0/58 [00:00<?, ?it/s, loss=1758785.8750]
  Epoch 19/30:   3%|█                             | 2/58 [00:00<00:03, 14.57it/s, loss=1758785.8750]
  Epoch 19/30:   3%|█                             | 2/58 [00:00<00:03, 14.57it/s, loss=1806498.7500]
  Epoch 19/30:   3%|█                             | 2/58 [00:00<00:03, 14.57it/s, loss=1702569.3750]
  Epoch 19/30:   7%|██                            | 4/58 [00:00<00:03, 16.65it/s, loss=1702569.3750]
  Epoch 19/30:   7%|██                            | 4/58 [00:00<00:03, 16.65it/s, loss=1966923.2500]
  Epoch 19/30:   7%|██                            | 4/58 [00:00<00:03, 16.65it/s, loss=1652506.7500]
  Epoch 19/30:   7%|██                            | 4/58 [00:00<00:03, 16.65it/s, loss=1659955.0000]
  Epoch 19/30:  12%|███▌                          | 7/58 [00:00<00:02, 19.08it/s, loss=1659955.0000]
  Epoch 19/30:  12%|███▌                          | 7/58 [00:00<00:02, 19.08it/s, loss=1711096.7500]
  Epoch 19/30:  12%|███▌                          | 7/58 [00:00<00:02, 19.08it/s, loss=1812808.7500]
  Epoch 19/30:  16%|████▋                         | 9/58 [00:00<00:02, 19.38it/s, loss=1812808.7500]
  Epoch 19/30:  16%|████▋                         | 9/58 [00:00<00:02, 19.38it/s, loss=1856474.3750]
  Epoch 19/30:  16%|████▋                         | 9/58 [00:00<00:02, 19.38it/s, loss=1656399.2500]
  Epoch 19/30:  16%|████▋                         | 9/58 [00:00<00:02, 19.38it/s, loss=1540828.3750]
  Epoch 19/30:  21%|██████                       | 12/58 [00:00<00:02, 20.82it/s, loss=1540828.3750]
  Epoch 19/30:  21%|██████                       | 12/58 [00:00<00:02, 20.82it/s, loss=1945867.7500]
  Epoch 19/30:  21%|██████                       | 12/58 [00:00<00:02, 20.82it/s, loss=1911568.0000]
  Epoch 19/30:  21%|██████                       | 12/58 [00:00<00:02, 20.82it/s, loss=1689141.3750]
  Epoch 19/30:  26%|███████▌                     | 15/58 [00:00<00:02, 19.52it/s, loss=1689141.3750]
  Epoch 19/30:  26%|███████▌                     | 15/58 [00:00<00:02, 19.52it/s, loss=1593894.8750]
  Epoch 19/30:  26%|███████▌                     | 15/58 [00:00<00:02, 19.52it/s, loss=1725180.5000]
  Epoch 19/30:  26%|███████▌                     | 15/58 [00:00<00:02, 19.52it/s, loss=2021562.2500]
  Epoch 19/30:  31%|█████████                    | 18/58 [00:00<00:01, 21.53it/s, loss=2021562.2500]
  Epoch 19/30:  31%|█████████                    | 18/58 [00:00<00:01, 21.53it/s, loss=1735097.7500]
  Epoch 19/30:  31%|█████████                    | 18/58 [00:00<00:01, 21.53it/s, loss=1639088.2500]
  Epoch 19/30:  31%|█████████                    | 18/58 [00:01<00:01, 21.53it/s, loss=1671762.3750]
  Epoch 19/30:  36%|██████████▌                  | 21/58 [00:01<00:01, 23.00it/s, loss=1671762.3750]
  Epoch 19/30:  36%|██████████▌                  | 21/58 [00:01<00:01, 23.00it/s, loss=1778384.2500]
  Epoch 19/30:  36%|██████████▌                  | 21/58 [00:01<00:01, 23.00it/s, loss=1608706.5000]
  Epoch 19/30:  36%|██████████▌                  | 21/58 [00:01<00:01, 23.00it/s, loss=1611567.5000]
  Epoch 19/30:  41%|████████████                 | 24/58 [00:01<00:01, 24.26it/s, loss=1611567.5000]
  Epoch 19/30:  41%|████████████                 | 24/58 [00:01<00:01, 24.26it/s, loss=1602417.3750]
  Epoch 19/30:  41%|████████████                 | 24/58 [00:01<00:01, 24.26it/s, loss=1655946.0000]
  Epoch 19/30:  41%|████████████                 | 24/58 [00:01<00:01, 24.26it/s, loss=1402608.0000]
  Epoch 19/30:  47%|█████████████▌               | 27/58 [00:01<00:01, 22.49it/s, loss=1402608.0000]
  Epoch 19/30:  47%|█████████████▌               | 27/58 [00:01<00:01, 22.49it/s, loss=1693083.3750]
  Epoch 19/30:  47%|█████████████▌               | 27/58 [00:01<00:01, 22.49it/s, loss=1583636.0000]
  Epoch 19/30:  47%|█████████████▌               | 27/58 [00:01<00:01, 22.49it/s, loss=1527388.3750]
  Epoch 19/30:  52%|███████████████              | 30/58 [00:01<00:01, 19.64it/s, loss=1527388.3750]
  Epoch 19/30:  52%|███████████████              | 30/58 [00:01<00:01, 19.64it/s, loss=1597103.3750]
  Epoch 19/30:  52%|███████████████              | 30/58 [00:01<00:01, 19.64it/s, loss=1688792.0000]
  Epoch 19/30:  52%|███████████████              | 30/58 [00:01<00:01, 19.64it/s, loss=1469868.3750]
  Epoch 19/30:  57%|████████████████▌            | 33/58 [00:01<00:01, 18.60it/s, loss=1469868.3750]
  Epoch 19/30:  57%|████████████████▌            | 33/58 [00:01<00:01, 18.60it/s, loss=1375993.6250]
  Epoch 19/30:  57%|████████████████▌            | 33/58 [00:01<00:01, 18.60it/s, loss=1536593.7500]
  Epoch 19/30:  60%|█████████████████▌           | 35/58 [00:01<00:01, 17.90it/s, loss=1536593.7500]
  Epoch 19/30:  60%|█████████████████▌           | 35/58 [00:01<00:01, 17.90it/s, loss=1530816.3750]
  Epoch 19/30:  60%|█████████████████▌           | 35/58 [00:01<00:01, 17.90it/s, loss=1442549.0000]
  Epoch 19/30:  64%|██████████████████▌          | 37/58 [00:01<00:01, 17.82it/s, loss=1442549.0000]
  Epoch 19/30:  64%|██████████████████▌          | 37/58 [00:01<00:01, 17.82it/s, loss=1435523.2500]
  Epoch 19/30:  64%|██████████████████▌          | 37/58 [00:01<00:01, 17.82it/s, loss=1566158.7500]
  Epoch 19/30:  64%|██████████████████▌          | 37/58 [00:02<00:01, 17.82it/s, loss=1438888.3750]
  Epoch 19/30:  69%|████████████████████         | 40/58 [00:02<00:00, 18.78it/s, loss=1438888.3750]
  Epoch 19/30:  69%|████████████████████         | 40/58 [00:02<00:00, 18.78it/s, loss=1712165.7500]
  Epoch 19/30:  69%|████████████████████         | 40/58 [00:02<00:00, 18.78it/s, loss=1445962.2500]
  Epoch 19/30:  72%|█████████████████████        | 42/58 [00:02<00:00, 18.95it/s, loss=1445962.2500]
  Epoch 19/30:  72%|█████████████████████        | 42/58 [00:02<00:00, 18.95it/s, loss=1410799.3750]
  Epoch 19/30:  72%|█████████████████████        | 42/58 [00:02<00:00, 18.95it/s, loss=1436490.5000]
  Epoch 19/30:  76%|██████████████████████       | 44/58 [00:02<00:00, 18.50it/s, loss=1436490.5000]
  Epoch 19/30:  76%|██████████████████████       | 44/58 [00:02<00:00, 18.50it/s, loss=1551115.3750]
  Epoch 19/30:  76%|██████████████████████       | 44/58 [00:02<00:00, 18.50it/s, loss=1295435.0000]
  Epoch 19/30:  79%|███████████████████████      | 46/58 [00:02<00:00, 17.40it/s, loss=1295435.0000]
  Epoch 19/30:  79%|███████████████████████      | 46/58 [00:02<00:00, 17.40it/s, loss=1364404.2500]
  Epoch 19/30:  79%|███████████████████████      | 46/58 [00:02<00:00, 17.40it/s, loss=1420471.0000]
  Epoch 19/30:  83%|████████████████████████     | 48/58 [00:02<00:00, 17.78it/s, loss=1420471.0000]
  Epoch 19/30:  83%|████████████████████████     | 48/58 [00:02<00:00, 17.78it/s, loss=1545826.2500]
  Epoch 19/30:  83%|████████████████████████     | 48/58 [00:02<00:00, 17.78it/s, loss=1487758.3750]
  Epoch 19/30:  83%|████████████████████████     | 48/58 [00:02<00:00, 17.78it/s, loss=1240592.3750]
  Epoch 19/30:  88%|█████████████████████████▌   | 51/58 [00:02<00:00, 18.88it/s, loss=1240592.3750]
  Epoch 19/30:  88%|█████████████████████████▌   | 51/58 [00:02<00:00, 18.88it/s, loss=1312720.6250]
  Epoch 19/30:  88%|█████████████████████████▌   | 51/58 [00:02<00:00, 18.88it/s, loss=1428527.5000]
  Epoch 19/30:  91%|██████████████████████████▌  | 53/58 [00:02<00:00, 18.85it/s, loss=1428527.5000]
  Epoch 19/30:  91%|██████████████████████████▌  | 53/58 [00:02<00:00, 18.85it/s, loss=1156194.5000]
  Epoch 19/30:  91%|██████████████████████████▌  | 53/58 [00:02<00:00, 18.85it/s, loss=1393828.2500]
  Epoch 19/30:  91%|██████████████████████████▌  | 53/58 [00:02<00:00, 18.85it/s, loss=1452458.5000]
  Epoch 19/30:  97%|████████████████████████████ | 56/58 [00:02<00:00, 19.74it/s, loss=1452458.5000]
  Epoch 19/30:  97%|████████████████████████████ | 56/58 [00:02<00:00, 19.74it/s, loss=1150308.8750]
  Epoch 19/30:  97%|████████████████████████████ | 56/58 [00:02<00:00, 19.74it/s, loss=1530734.3750]
                                                                                                    

  Epoch 20/30:   0%|                                                         | 0/58 [00:00<?, ?it/s]
  Epoch 20/30:   0%|                                      | 0/58 [00:00<?, ?it/s, loss=1143742.3750]
  Epoch 20/30:   0%|                                      | 0/58 [00:00<?, ?it/s, loss=1335859.0000]
  Epoch 20/30:   3%|█                             | 2/58 [00:00<00:03, 17.45it/s, loss=1335859.0000]
  Epoch 20/30:   3%|█                             | 2/58 [00:00<00:03, 17.45it/s, loss=1208536.5000]
  Epoch 20/30:   3%|█                             | 2/58 [00:00<00:03, 17.45it/s, loss=1229860.8750]
  Epoch 20/30:   7%|██                            | 4/58 [00:00<00:02, 18.33it/s, loss=1229860.8750]
  Epoch 20/30:   7%|██                            | 4/58 [00:00<00:02, 18.33it/s, loss=1414427.7500]
  Epoch 20/30:   7%|██                            | 4/58 [00:00<00:02, 18.33it/s, loss=1373196.0000]
  Epoch 20/30:   7%|██                            | 4/58 [00:00<00:02, 18.33it/s, loss=1349456.5000]
  Epoch 20/30:  12%|███▌                          | 7/58 [00:00<00:02, 19.62it/s, loss=1349456.5000]
  Epoch 20/30:  12%|███▌                          | 7/58 [00:00<00:02, 19.62it/s, loss=1508912.7500]
  Epoch 20/30:  12%|███▌                          | 7/58 [00:00<00:02, 19.62it/s, loss=1416390.5000]
  Epoch 20/30:  16%|████▋                         | 9/58 [00:00<00:02, 19.72it/s, loss=1416390.5000]
  Epoch 20/30:  16%|████▋                         | 9/58 [00:00<00:02, 19.72it/s, loss=1550773.7500]
  Epoch 20/30:  16%|████▋                         | 9/58 [00:00<00:02, 19.72it/s, loss=1193507.0000]
  Epoch 20/30:  16%|████▋                         | 9/58 [00:00<00:02, 19.72it/s, loss=1359151.2500]
  Epoch 20/30:  21%|██████                       | 12/58 [00:00<00:02, 20.83it/s, loss=1359151.2500]
  Epoch 20/30:  21%|██████                       | 12/58 [00:00<00:02, 20.83it/s, loss=1274232.5000]
  Epoch 20/30:  21%|██████                       | 12/58 [00:00<00:02, 20.83it/s, loss=1321072.8750]
  Epoch 20/30:  21%|██████                       | 12/58 [00:00<00:02, 20.83it/s, loss=1250163.8750]
  Epoch 20/30:  26%|███████▌                     | 15/58 [00:00<00:02, 19.46it/s, loss=1250163.8750]
  Epoch 20/30:  26%|███████▌                     | 15/58 [00:00<00:02, 19.46it/s, loss=1258562.1250]
  Epoch 20/30:  26%|███████▌                     | 15/58 [00:00<00:02, 19.46it/s, loss=1355131.8750]
  Epoch 20/30:  29%|████████▌                    | 17/58 [00:00<00:02, 18.64it/s, loss=1355131.8750]
  Epoch 20/30:  29%|████████▌                    | 17/58 [00:00<00:02, 18.64it/s, loss=1252713.2500]
  Epoch 20/30:  29%|████████▌                    | 17/58 [00:01<00:02, 18.64it/s, loss=1224288.7500]
  Epoch 20/30:  33%|█████████▌                   | 19/58 [00:01<00:02, 18.40it/s, loss=1224288.7500]
  Epoch 20/30:  33%|█████████▌                   | 19/58 [00:01<00:02, 18.40it/s, loss=1296820.0000]
  Epoch 20/30:  33%|█████████▌                   | 19/58 [00:01<00:02, 18.40it/s, loss=1174144.8750]
  Epoch 20/30:  36%|██████████▌                  | 21/58 [00:01<00:02, 17.17it/s, loss=1174144.8750]
  Epoch 20/30:  36%|██████████▌                  | 21/58 [00:01<00:02, 17.17it/s, loss=1224995.2500]
  Epoch 20/30:  36%|██████████▌                  | 21/58 [00:01<00:02, 17.17it/s, loss=1152978.7500]
  Epoch 20/30:  40%|███████████▌                 | 23/58 [00:01<00:02, 17.29it/s, loss=1152978.7500]
  Epoch 20/30:  40%|███████████▌                 | 23/58 [00:01<00:02, 17.29it/s, loss=1123968.0000]
  Epoch 20/30:  40%|███████████▌                 | 23/58 [00:01<00:02, 17.29it/s, loss=1072459.8750]
  Epoch 20/30:  43%|████████████▌                | 25/58 [00:01<00:01, 17.15it/s, loss=1072459.8750]
  Epoch 20/30:  43%|████████████▌                | 25/58 [00:01<00:01, 17.15it/s, loss=1150812.5000]
  Epoch 20/30:  43%|████████████▌                | 25/58 [00:01<00:01, 17.15it/s, loss=1246064.0000]
  Epoch 20/30:  47%|█████████████▌               | 27/58 [00:01<00:01, 17.19it/s, loss=1246064.0000]
  Epoch 20/30:  47%|█████████████▌               | 27/58 [00:01<00:01, 17.19it/s, loss=1276442.5000]
  Epoch 20/30:  47%|█████████████▌               | 27/58 [00:01<00:01, 17.19it/s, loss=1086157.7500]
  Epoch 20/30:  50%|██████████████▌              | 29/58 [00:01<00:01, 16.55it/s, loss=1086157.7500]
  Epoch 20/30:  50%|██████████████▌              | 29/58 [00:01<00:01, 16.55it/s, loss=1274546.7500]
  Epoch 20/30:  50%|██████████████▌              | 29/58 [00:01<00:01, 16.55it/s, loss=1072493.3750]
  Epoch 20/30:  53%|███████████████▍             | 31/58 [00:01<00:01, 16.52it/s, loss=1072493.3750]
  Epoch 20/30:  53%|███████████████▍             | 31/58 [00:01<00:01, 16.52it/s, loss=1085448.8750]
  Epoch 20/30:  53%|███████████████▍             | 31/58 [00:01<00:01, 16.52it/s, loss=1223363.0000]
  Epoch 20/30:  57%|████████████████▌            | 33/58 [00:01<00:01, 16.61it/s, loss=1223363.0000]
  Epoch 20/30:  57%|████████████████▌            | 33/58 [00:01<00:01, 16.61it/s, loss=1046687.7500]
  Epoch 20/30:  57%|████████████████▌            | 33/58 [00:01<00:01, 16.61it/s, loss=1101902.7500]
  Epoch 20/30:  60%|█████████████████▌           | 35/58 [00:01<00:01, 16.78it/s, loss=1101902.7500]
  Epoch 20/30:  60%|█████████████████▌           | 35/58 [00:02<00:01, 16.78it/s, loss=1108504.1250]
  Epoch 20/30:  60%|█████████████████▌           | 35/58 [00:02<00:01, 16.78it/s, loss=1117339.5000]
  Epoch 20/30:  64%|██████████████████▌          | 37/58 [00:02<00:01, 16.37it/s, loss=1117339.5000]
  Epoch 20/30:  64%|██████████████████▌          | 37/58 [00:02<00:01, 16.37it/s, loss=1275102.2500]
  Epoch 20/30:  64%|██████████████████▌          | 37/58 [00:02<00:01, 16.37it/s, loss=1222976.6250]
  Epoch 20/30:  67%|███████████████████▌         | 39/58 [00:02<00:01, 15.77it/s, loss=1222976.6250]
  Epoch 20/30:  67%|███████████████████▌         | 39/58 [00:02<00:01, 15.77it/s, loss=1152212.2500]
  Epoch 20/30:  67%|███████████████████▌         | 39/58 [00:02<00:01, 15.77it/s, loss=1271580.3750]
  Epoch 20/30:  71%|████████████████████▌        | 41/58 [00:02<00:01, 16.07it/s, loss=1271580.3750]
  Epoch 20/30:  71%|████████████████████▌        | 41/58 [00:02<00:01, 16.07it/s, loss=1179055.5000]
  Epoch 20/30:  71%|████████████████████▌        | 41/58 [00:02<00:01, 16.07it/s, loss=1155552.8750]
  Epoch 20/30:  74%|█████████████████████▌       | 43/58 [00:02<00:00, 15.87it/s, loss=1155552.8750]
  Epoch 20/30:  74%|█████████████████████▌       | 43/58 [00:02<00:00, 15.87it/s, loss=1100342.3750]
  Epoch 20/30:  74%|█████████████████████▌       | 43/58 [00:02<00:00, 15.87it/s, loss=1207042.5000]
  Epoch 20/30:  78%|██████████████████████▌      | 45/58 [00:02<00:00, 16.26it/s, loss=1207042.5000]
  Epoch 20/30:  78%|██████████████████████▌      | 45/58 [00:02<00:00, 16.26it/s, loss=1068247.1250]
  Epoch 20/30:  78%|██████████████████████▌      | 45/58 [00:02<00:00, 16.26it/s, loss=1082698.8750]
  Epoch 20/30:  81%|███████████████████████▌     | 47/58 [00:02<00:00, 15.96it/s, loss=1082698.8750]
  Epoch 20/30:  81%|███████████████████████▌     | 47/58 [00:02<00:00, 15.96it/s, loss=1090456.0000]
  Epoch 20/30:  81%|███████████████████████▌     | 47/58 [00:02<00:00, 15.96it/s, loss=1153699.8750]
  Epoch 20/30:  81%|███████████████████████▌     | 47/58 [00:02<00:00, 15.96it/s, loss=1095961.0000]
  Epoch 20/30:  86%|█████████████████████████    | 50/58 [00:02<00:00, 17.74it/s, loss=1095961.0000]
  Epoch 20/30:  86%|█████████████████████████▊    | 50/58 [00:02<00:00, 17.74it/s, loss=994797.1250]
  Epoch 20/30:  86%|█████████████████████████    | 50/58 [00:02<00:00, 17.74it/s, loss=1119639.0000]
  Epoch 20/30:  86%|█████████████████████████    | 50/58 [00:03<00:00, 17.74it/s, loss=1015443.2500]
  Epoch 20/30:  91%|██████████████████████████▌  | 53/58 [00:03<00:00, 18.46it/s, loss=1015443.2500]
  Epoch 20/30:  91%|██████████████████████████▌  | 53/58 [00:03<00:00, 18.46it/s, loss=1046445.4375]
  Epoch 20/30:  91%|██████████████████████████▌  | 53/58 [00:03<00:00, 18.46it/s, loss=1074027.5000]
  Epoch 20/30:  95%|███████████████████████████▌ | 55/58 [00:03<00:00, 18.41it/s, loss=1074027.5000]
  Epoch 20/30:  95%|███████████████████████████▌ | 55/58 [00:03<00:00, 18.41it/s, loss=1038133.0000]
  Epoch 20/30:  95%|███████████████████████████▌ | 55/58 [00:03<00:00, 18.41it/s, loss=1077735.2500]
  Epoch 20/30:  95%|████████████████████████████▍ | 55/58 [00:03<00:00, 18.41it/s, loss=807605.1875]
  Epoch 20/30: 100%|██████████████████████████████| 58/58 [00:03<00:00, 19.97it/s, loss=807605.1875]
                                                                                                    
  Epoch 20/30 │ Loss: 1191101.0776 │ T+1: -366669344.0000 │ T+2: -181938512.0000 │ T+3: -1261505536.0000 ★ NEW BEST

  Epoch 21/30:   0%|                                                         | 0/58 [00:00<?, ?it/s]
  Epoch 21/30:   0%|                                      | 0/58 [00:00<?, ?it/s, loss=1017770.1250]
  Epoch 21/30:   0%|                                      | 0/58 [00:00<?, ?it/s, loss=1087895.2500]
  Epoch 21/30:   3%|█                             | 2/58 [00:00<00:03, 18.00it/s, loss=1087895.2500]
  Epoch 21/30:   3%|█                             | 2/58 [00:00<00:03, 18.00it/s, loss=1091177.3750]
  Epoch 21/30:   3%|█                             | 2/58 [00:00<00:03, 18.00it/s, loss=1033686.0000]
  Epoch 21/30:   7%|██                            | 4/58 [00:00<00:02, 18.70it/s, loss=1033686.0000]
  Epoch 21/30:   7%|██                            | 4/58 [00:00<00:02, 18.70it/s, loss=1273547.5000]
  Epoch 21/30:   7%|██                            | 4/58 [00:00<00:02, 18.70it/s, loss=1054647.7500]
  Epoch 21/30:   7%|██▏                            | 4/58 [00:00<00:02, 18.70it/s, loss=953172.6250]
  Epoch 21/30:  12%|███▋                           | 7/58 [00:00<00:02, 20.50it/s, loss=953172.6250]
  Epoch 21/30:  12%|███▋                           | 7/58 [00:00<00:02, 20.50it/s, loss=963923.7500]
  Epoch 21/30:  12%|███▌                          | 7/58 [00:00<00:02, 20.50it/s, loss=1037703.4375]
  Epoch 21/30:  12%|███▌                          | 7/58 [00:00<00:02, 20.50it/s, loss=1070807.2500]
  Epoch 21/30:  17%|█████                        | 10/58 [00:00<00:02, 20.23it/s, loss=1070807.2500]
  Epoch 21/30:  17%|█████▏                        | 10/58 [00:00<00:02, 20.23it/s, loss=900182.8750]
  Epoch 21/30:  17%|█████                        | 10/58 [00:00<00:02, 20.23it/s, loss=1204983.7500]
  Epoch 21/30:  17%|█████▏                        | 10/58 [00:00<00:02, 20.23it/s, loss=967250.1250]
  Epoch 21/30:  22%|██████▋                       | 13/58 [00:00<00:02, 19.03it/s, loss=967250.1250]
  Epoch 21/30:  22%|██████▌                      | 13/58 [00:00<00:02, 19.03it/s, loss=1002035.0000]
  Epoch 21/30:  22%|██████▌                      | 13/58 [00:00<00:02, 19.03it/s, loss=1025114.9375]
  Epoch 21/30:  26%|███████▌                     | 15/58 [00:00<00:02, 19.20it/s, loss=1025114.9375]
  Epoch 21/30:  26%|███████▌                     | 15/58 [00:00<00:02, 19.20it/s, loss=1022626.9375]
  Epoch 21/30:  26%|███████▊                      | 15/58 [00:00<00:02, 19.20it/s, loss=938044.8750]
  Epoch 21/30:  29%|████████▊                     | 17/58 [00:00<00:02, 17.53it/s, loss=938044.8750]
  Epoch 21/30:  29%|████████▊                     | 17/58 [00:00<00:02, 17.53it/s, loss=849472.2500]
  Epoch 21/30:  29%|████████▌                    | 17/58 [00:01<00:02, 17.53it/s, loss=1069456.5000]
  Epoch 21/30:  33%|█████████▌                   | 19/58 [00:01<00:02, 17.91it/s, loss=1069456.5000]
  Epoch 21/30:  33%|█████████▊                    | 19/58 [00:01<00:02, 17.91it/s, loss=929938.0000]
  Epoch 21/30:  33%|█████████▊                    | 19/58 [00:01<00:02, 17.91it/s, loss=823502.4375]
  Epoch 21/30:  33%|█████████▊                    | 19/58 [00:01<00:02, 17.91it/s, loss=896031.5000]
  Epoch 21/30:  38%|███████████▍                  | 22/58 [00:01<00:01, 18.44it/s, loss=896031.5000]
  Epoch 21/30:  38%|███████████▍                  | 22/58 [00:01<00:01, 18.44it/s, loss=911850.5000]
  Epoch 21/30:  38%|███████████▍                  | 22/58 [00:01<00:01, 18.44it/s, loss=979272.9375]
  Epoch 21/30:  38%|███████████                  | 22/58 [00:01<00:01, 18.44it/s, loss=1020584.1875]
  Epoch 21/30:  43%|████████████▌                | 25/58 [00:01<00:01, 19.15it/s, loss=1020584.1875]
  Epoch 21/30:  43%|████████████▉                 | 25/58 [00:01<00:01, 19.15it/s, loss=966045.7500]
  Epoch 21/30:  43%|████████████▉                 | 25/58 [00:01<00:01, 19.15it/s, loss=939075.6250]
  Epoch 21/30:  43%|████████████▉                 | 25/58 [00:01<00:01, 19.15it/s, loss=938552.1875]
  Epoch 21/30:  48%|██████████████▍               | 28/58 [00:01<00:01, 20.10it/s, loss=938552.1875]
  Epoch 21/30:  48%|██████████████▍               | 28/58 [00:01<00:01, 20.10it/s, loss=847883.4375]
  Epoch 21/30:  48%|██████████████▍               | 28/58 [00:01<00:01, 20.10it/s, loss=977872.0000]
  Epoch 21/30:  48%|██████████████▍               | 28/58 [00:01<00:01, 20.10it/s, loss=938466.0000]
  Epoch 21/30:  53%|████████████████              | 31/58 [00:01<00:01, 20.30it/s, loss=938466.0000]
  Epoch 21/30:  53%|████████████████              | 31/58 [00:01<00:01, 20.30it/s, loss=887924.4375]
  Epoch 21/30:  53%|████████████████              | 31/58 [00:01<00:01, 20.30it/s, loss=830984.1875]
  Epoch 21/30:  53%|████████████████              | 31/58 [00:01<00:01, 20.30it/s, loss=872034.6875]
  Epoch 21/30:  59%|█████████████████▌            | 34/58 [00:01<00:01, 20.30it/s, loss=872034.6875]
  Epoch 21/30:  59%|█████████████████▌            | 34/58 [00:01<00:01, 20.30it/s, loss=858547.3750]
  Epoch 21/30:  59%|█████████████████▌            | 34/58 [00:01<00:01, 20.30it/s, loss=918442.3750]
  Epoch 21/30:  59%|█████████████████▌            | 34/58 [00:01<00:01, 20.30it/s, loss=898263.5000]
  Epoch 21/30:  64%|███████████████████▏          | 37/58 [00:01<00:01, 19.25it/s, loss=898263.5000]
  Epoch 21/30:  64%|███████████████████▏          | 37/58 [00:01<00:01, 19.25it/s, loss=836850.1875]
  Epoch 21/30:  64%|███████████████████▏          | 37/58 [00:02<00:01, 19.25it/s, loss=968380.2500]
  Epoch 21/30:  64%|███████████████████▏          | 37/58 [00:02<00:01, 19.25it/s, loss=897927.1250]
  Epoch 21/30:  69%|████████████████████▋         | 40/58 [00:02<00:00, 20.68it/s, loss=897927.1250]
  Epoch 21/30:  69%|████████████████████▋         | 40/58 [00:02<00:00, 20.68it/s, loss=787534.7500]
  Epoch 21/30:  69%|████████████████████▋         | 40/58 [00:02<00:00, 20.68it/s, loss=956311.5000]
  Epoch 21/30:  69%|████████████████████▋         | 40/58 [00:02<00:00, 20.68it/s, loss=800101.9375]
  Epoch 21/30:  74%|██████████████████████▏       | 43/58 [00:02<00:00, 21.03it/s, loss=800101.9375]
  Epoch 21/30:  74%|██████████████████████▏       | 43/58 [00:02<00:00, 21.03it/s, loss=964247.6875]
  Epoch 21/30:  74%|██████████████████████▏       | 43/58 [00:02<00:00, 21.03it/s, loss=770650.4375]
  Epoch 21/30:  74%|██████████████████████▏       | 43/58 [00:02<00:00, 21.03it/s, loss=833273.0000]
  Epoch 21/30:  79%|███████████████████████▊      | 46/58 [00:02<00:00, 20.22it/s, loss=833273.0000]
  Epoch 21/30:  79%|███████████████████████▊      | 46/58 [00:02<00:00, 20.22it/s, loss=951688.1875]
  Epoch 21/30:  79%|███████████████████████▊      | 46/58 [00:02<00:00, 20.22it/s, loss=905141.7500]
  Epoch 21/30:  79%|███████████████████████▊      | 46/58 [00:02<00:00, 20.22it/s, loss=709184.9375]
  Epoch 21/30:  84%|█████████████████████████▎    | 49/58 [00:02<00:00, 20.52it/s, loss=709184.9375]
  Epoch 21/30:  84%|█████████████████████████▎    | 49/58 [00:02<00:00, 20.52it/s, loss=798713.9375]
  Epoch 21/30:  84%|█████████████████████████▎    | 49/58 [00:02<00:00, 20.52it/s, loss=819518.3750]
  Epoch 21/30:  84%|█████████████████████████▎    | 49/58 [00:02<00:00, 20.52it/s, loss=972774.0000]
  Epoch 21/30:  90%|██████████████████████████▉   | 52/58 [00:02<00:00, 19.96it/s, loss=972774.0000]
  Epoch 21/30:  90%|██████████████████████████▉   | 52/58 [00:02<00:00, 19.96it/s, loss=923912.9375]
  Epoch 21/30:  90%|██████████████████████████▉   | 52/58 [00:02<00:00, 19.96it/s, loss=853900.9375]
  Epoch 21/30:  90%|██████████████████████████▉   | 52/58 [00:02<00:00, 19.96it/s, loss=774422.4375]
  Epoch 21/30:  95%|████████████████████████████▍ | 55/58 [00:02<00:00, 19.64it/s, loss=774422.4375]
  Epoch 21/30:  95%|████████████████████████████▍ | 55/58 [00:02<00:00, 19.64it/s, loss=709129.6250]
  Epoch 21/30:  95%|████████████████████████████▍ | 55/58 [00:02<00:00, 19.64it/s, loss=732908.5000]
  Epoch 21/30:  98%|█████████████████████████████▍| 57/58 [00:02<00:00, 19.02it/s, loss=732908.5000]
  Epoch 21/30:  98%|█████████████████████████████▍| 57/58 [00:02<00:00, 19.02it/s, loss=331099.8125]
                                                                                                    

  Epoch 22/30:   0%|                                                         | 0/58 [00:00<?, ?it/s]
  Epoch 22/30:   0%|                                       | 0/58 [00:00<?, ?it/s, loss=740436.8750]
  Epoch 22/30:   0%|                                       | 0/58 [00:00<?, ?it/s, loss=819147.7500]
  Epoch 22/30:   3%|█                              | 2/58 [00:00<00:03, 14.95it/s, loss=819147.7500]
  Epoch 22/30:   3%|█                              | 2/58 [00:00<00:03, 14.95it/s, loss=717586.6875]
  Epoch 22/30:   3%|█                              | 2/58 [00:00<00:03, 14.95it/s, loss=875187.5000]
  Epoch 22/30:   7%|██▏                            | 4/58 [00:00<00:03, 14.98it/s, loss=875187.5000]
  Epoch 22/30:   7%|██▏                            | 4/58 [00:00<00:03, 14.98it/s, loss=645579.1875]
  Epoch 22/30:   7%|██▏                            | 4/58 [00:00<00:03, 14.98it/s, loss=792767.5000]
  Epoch 22/30:  10%|███▏                           | 6/58 [00:00<00:03, 15.60it/s, loss=792767.5000]
  Epoch 22/30:  10%|███▏                           | 6/58 [00:00<00:03, 15.60it/s, loss=798141.8750]
  Epoch 22/30:  10%|███▏                           | 6/58 [00:00<00:03, 15.60it/s, loss=827800.6875]
  Epoch 22/30:  14%|████▎                          | 8/58 [00:00<00:03, 15.45it/s, loss=827800.6875]
  Epoch 22/30:  14%|████▎                          | 8/58 [00:00<00:03, 15.45it/s, loss=768240.1250]
  Epoch 22/30:  14%|████▎                          | 8/58 [00:00<00:03, 15.45it/s, loss=747686.5000]
  Epoch 22/30:  17%|█████▏                        | 10/58 [00:00<00:03, 15.95it/s, loss=747686.5000]
  Epoch 22/30:  17%|█████▏                        | 10/58 [00:00<00:03, 15.95it/s, loss=761969.8750]
  Epoch 22/30:  17%|█████▏                        | 10/58 [00:00<00:03, 15.95it/s, loss=834708.7500]
  Epoch 22/30:  21%|██████▏                       | 12/58 [00:00<00:02, 15.38it/s, loss=834708.7500]
  Epoch 22/30:  21%|██████▏                       | 12/58 [00:00<00:02, 15.38it/s, loss=758270.5000]
  Epoch 22/30:  21%|██████▏                       | 12/58 [00:00<00:02, 15.38it/s, loss=832683.6875]
  Epoch 22/30:  24%|███████▏                      | 14/58 [00:00<00:02, 16.09it/s, loss=832683.6875]
  Epoch 22/30:  24%|███████▏                      | 14/58 [00:00<00:02, 16.09it/s, loss=704436.1875]
  Epoch 22/30:  24%|███████▏                      | 14/58 [00:00<00:02, 16.09it/s, loss=733776.0000]
  Epoch 22/30:  28%|████████▎                     | 16/58 [00:00<00:02, 17.04it/s, loss=733776.0000]
  Epoch 22/30:  28%|████████▎                     | 16/58 [00:01<00:02, 17.04it/s, loss=712067.5000]
  Epoch 22/30:  28%|████████▎                     | 16/58 [00:01<00:02, 17.04it/s, loss=704703.2500]
  Epoch 22/30:  28%|████████▎                     | 16/58 [00:01<00:02, 17.04it/s, loss=740098.9375]
  Epoch 22/30:  33%|█████████▊                    | 19/58 [00:01<00:02, 18.19it/s, loss=740098.9375]
  Epoch 22/30:  33%|█████████▊                    | 19/58 [00:01<00:02, 18.19it/s, loss=830863.1250]
  Epoch 22/30:  33%|█████████▊                    | 19/58 [00:01<00:02, 18.19it/s, loss=818481.5000]
  Epoch 22/30:  33%|█████████▊                    | 19/58 [00:01<00:02, 18.19it/s, loss=632298.1250]
  Epoch 22/30:  38%|███████████▍                  | 22/58 [00:01<00:01, 19.82it/s, loss=632298.1250]
  Epoch 22/30:  38%|███████████▍                  | 22/58 [00:01<00:01, 19.82it/s, loss=902753.5000]
  Epoch 22/30:  38%|███████████▍                  | 22/58 [00:01<00:01, 19.82it/s, loss=697986.6250]
  Epoch 22/30:  38%|███████████▍                  | 22/58 [00:01<00:01, 19.82it/s, loss=755249.4375]
  Epoch 22/30:  43%|████████████▉                 | 25/58 [00:01<00:01, 19.89it/s, loss=755249.4375]
  Epoch 22/30:  43%|████████████▉                 | 25/58 [00:01<00:01, 19.89it/s, loss=741385.7500]
  Epoch 22/30:  43%|████████████▉                 | 25/58 [00:01<00:01, 19.89it/s, loss=795912.8750]
  Epoch 22/30:  47%|█████████████▉                | 27/58 [00:01<00:01, 19.45it/s, loss=795912.8750]
  Epoch 22/30:  47%|█████████████▉                | 27/58 [00:01<00:01, 19.45it/s, loss=625014.8750]
  Epoch 22/30:  47%|█████████████▉                | 27/58 [00:01<00:01, 19.45it/s, loss=766066.5000]
  Epoch 22/30:  47%|█████████████▉                | 27/58 [00:01<00:01, 19.45it/s, loss=839257.3750]
  Epoch 22/30:  52%|███████████████▌              | 30/58 [00:01<00:01, 20.00it/s, loss=839257.3750]
  Epoch 22/30:  52%|███████████████▌              | 30/58 [00:01<00:01, 20.00it/s, loss=702556.6875]
  Epoch 22/30:  52%|███████████████▌              | 30/58 [00:01<00:01, 20.00it/s, loss=670611.0000]
  Epoch 22/30:  55%|████████████████▌             | 32/58 [00:01<00:01, 19.99it/s, loss=670611.0000]
  Epoch 22/30:  55%|████████████████▌             | 32/58 [00:01<00:01, 19.99it/s, loss=732756.6875]
  Epoch 22/30:  55%|████████████████▌             | 32/58 [00:01<00:01, 19.99it/s, loss=734450.5000]
  Epoch 22/30:  55%|████████████████▌             | 32/58 [00:01<00:01, 19.99it/s, loss=761277.9375]
  Epoch 22/30:  60%|██████████████████            | 35/58 [00:01<00:01, 20.01it/s, loss=761277.9375]
  Epoch 22/30:  60%|██████████████████            | 35/58 [00:01<00:01, 20.01it/s, loss=671787.4375]
  Epoch 22/30:  60%|██████████████████            | 35/58 [00:02<00:01, 20.01it/s, loss=766862.1875]
  Epoch 22/30:  64%|███████████████████▏          | 37/58 [00:02<00:01, 19.90it/s, loss=766862.1875]
  Epoch 22/30:  64%|███████████████████▏          | 37/58 [00:02<00:01, 19.90it/s, loss=660304.5000]
  Epoch 22/30:  64%|███████████████████▏          | 37/58 [00:02<00:01, 19.90it/s, loss=645301.8750]
  Epoch 22/30:  64%|███████████████████▏          | 37/58 [00:02<00:01, 19.90it/s, loss=708209.5000]
  Epoch 22/30:  69%|████████████████████▋         | 40/58 [00:02<00:00, 20.29it/s, loss=708209.5000]
  Epoch 22/30:  69%|████████████████████▋         | 40/58 [00:02<00:00, 20.29it/s, loss=679808.1250]
  Epoch 22/30:  69%|████████████████████▋         | 40/58 [00:02<00:00, 20.29it/s, loss=825015.2500]
  Epoch 22/30:  69%|████████████████████▋         | 40/58 [00:02<00:00, 20.29it/s, loss=572387.2500]
  Epoch 22/30:  74%|██████████████████████▏       | 43/58 [00:02<00:00, 20.00it/s, loss=572387.2500]
  Epoch 22/30:  74%|██████████████████████▏       | 43/58 [00:02<00:00, 20.00it/s, loss=722239.3750]
  Epoch 22/30:  74%|██████████████████████▏       | 43/58 [00:02<00:00, 20.00it/s, loss=799060.6250]
  Epoch 22/30:  74%|██████████████████████▏       | 43/58 [00:02<00:00, 20.00it/s, loss=730646.8750]
  Epoch 22/30:  79%|███████████████████████▊      | 46/58 [00:02<00:00, 20.82it/s, loss=730646.8750]
  Epoch 22/30:  79%|███████████████████████▊      | 46/58 [00:02<00:00, 20.82it/s, loss=732638.7500]
  Epoch 22/30:  79%|███████████████████████▊      | 46/58 [00:02<00:00, 20.82it/s, loss=630769.1250]
  Epoch 22/30:  79%|███████████████████████▊      | 46/58 [00:02<00:00, 20.82it/s, loss=756928.9375]
  Epoch 22/30:  84%|█████████████████████████▎    | 49/58 [00:02<00:00, 20.71it/s, loss=756928.9375]
  Epoch 22/30:  84%|█████████████████████████▎    | 49/58 [00:02<00:00, 20.71it/s, loss=681569.4375]
  Epoch 22/30:  84%|█████████████████████████▎    | 49/58 [00:02<00:00, 20.71it/s, loss=654908.2500]
  Epoch 22/30:  84%|█████████████████████████▎    | 49/58 [00:02<00:00, 20.71it/s, loss=727010.5000]
  Epoch 22/30:  90%|██████████████████████████▉   | 52/58 [00:02<00:00, 19.78it/s, loss=727010.5000]
  Epoch 22/30:  90%|██████████████████████████▉   | 52/58 [00:02<00:00, 19.78it/s, loss=747389.0000]
  Epoch 22/30:  90%|██████████████████████████▉   | 52/58 [00:02<00:00, 19.78it/s, loss=681102.6875]
  Epoch 22/30:  90%|██████████████████████████▉   | 52/58 [00:02<00:00, 19.78it/s, loss=701944.0000]
  Epoch 22/30:  95%|████████████████████████████▍ | 55/58 [00:02<00:00, 19.99it/s, loss=701944.0000]
  Epoch 22/30:  95%|████████████████████████████▍ | 55/58 [00:02<00:00, 19.99it/s, loss=590515.1875]
  Epoch 22/30:  95%|████████████████████████████▍ | 55/58 [00:03<00:00, 19.99it/s, loss=733060.6250]
  Epoch 22/30:  95%|████████████████████████████▍ | 55/58 [00:03<00:00, 19.99it/s, loss=415130.0938]
  Epoch 22/30: 100%|██████████████████████████████| 58/58 [00:03<00:00, 20.16it/s, loss=415130.0938]
                                                                                                    

  Epoch 23/30:   0%|                                                         | 0/58 [00:00<?, ?it/s]
  Epoch 23/30:   0%|                                       | 0/58 [00:00<?, ?it/s, loss=628867.5625]
  Epoch 23/30:   0%|                                       | 0/58 [00:00<?, ?it/s, loss=647535.0625]
  Epoch 23/30:   0%|                                       | 0/58 [00:00<?, ?it/s, loss=656283.8750]
  Epoch 23/30:   5%|█▌                             | 3/58 [00:00<00:02, 20.62it/s, loss=656283.8750]
  Epoch 23/30:   5%|█▌                             | 3/58 [00:00<00:02, 20.62it/s, loss=661347.8125]
  Epoch 23/30:   5%|█▌                             | 3/58 [00:00<00:02, 20.62it/s, loss=686295.5000]
  Epoch 23/30:   5%|█▌                             | 3/58 [00:00<00:02, 20.62it/s, loss=550507.1250]
  Epoch 23/30:  10%|███▏                           | 6/58 [00:00<00:02, 20.35it/s, loss=550507.1250]
  Epoch 23/30:  10%|███▏                           | 6/58 [00:00<00:02, 20.35it/s, loss=596626.1250]
  Epoch 23/30:  10%|███▏                           | 6/58 [00:00<00:02, 20.35it/s, loss=619611.5000]
  Epoch 23/30:  10%|███▏                           | 6/58 [00:00<00:02, 20.35it/s, loss=589832.5625]
  Epoch 23/30:  16%|████▊                          | 9/58 [00:00<00:02, 20.31it/s, loss=589832.5625]
  Epoch 23/30:  16%|████▊                          | 9/58 [00:00<00:02, 20.31it/s, loss=560777.6875]
  Epoch 23/30:  16%|████▊                          | 9/58 [00:00<00:02, 20.31it/s, loss=619731.5000]
  Epoch 23/30:  16%|████▊                          | 9/58 [00:00<00:02, 20.31it/s, loss=594361.3125]
  Epoch 23/30:  21%|██████▏                       | 12/58 [00:00<00:02, 21.59it/s, loss=594361.3125]
  Epoch 23/30:  21%|██████▏                       | 12/58 [00:00<00:02, 21.59it/s, loss=564868.8750]
  Epoch 23/30:  21%|██████▏                       | 12/58 [00:00<00:02, 21.59it/s, loss=550363.9375]
  Epoch 23/30:  21%|██████▏                       | 12/58 [00:00<00:02, 21.59it/s, loss=547765.1875]
  Epoch 23/30:  26%|███████▊                      | 15/58 [00:00<00:02, 21.33it/s, loss=547765.1875]
  Epoch 23/30:  26%|███████▊                      | 15/58 [00:00<00:02, 21.33it/s, loss=568732.8125]
  Epoch 23/30:  26%|███████▊                      | 15/58 [00:00<00:02, 21.33it/s, loss=594646.5000]
  Epoch 23/30:  26%|███████▊                      | 15/58 [00:00<00:02, 21.33it/s, loss=532802.2500]
  Epoch 23/30:  31%|█████████▎                    | 18/58 [00:00<00:02, 19.86it/s, loss=532802.2500]
  Epoch 23/30:  31%|█████████▎                    | 18/58 [00:00<00:02, 19.86it/s, loss=659092.1875]
  Epoch 23/30:  31%|█████████▎                    | 18/58 [00:01<00:02, 19.86it/s, loss=588052.3750]
  Epoch 23/30:  31%|█████████▎                    | 18/58 [00:01<00:02, 19.86it/s, loss=542083.0000]
  Epoch 23/30:  36%|██████████▊                   | 21/58 [00:01<00:02, 18.02it/s, loss=542083.0000]
  Epoch 23/30:  36%|██████████▊                   | 21/58 [00:01<00:02, 18.02it/s, loss=566525.0000]
  Epoch 23/30:  36%|██████████▊                   | 21/58 [00:01<00:02, 18.02it/s, loss=548191.1250]
  Epoch 23/30:  40%|███████████▉                  | 23/58 [00:01<00:02, 17.06it/s, loss=548191.1250]
  Epoch 23/30:  40%|███████████▉                  | 23/58 [00:01<00:02, 17.06it/s, loss=502443.2500]
  Epoch 23/30:  40%|███████████▉                  | 23/58 [00:01<00:02, 17.06it/s, loss=618676.3750]
  Epoch 23/30:  43%|████████████▉                 | 25/58 [00:01<00:02, 16.40it/s, loss=618676.3750]
  Epoch 23/30:  43%|████████████▉                 | 25/58 [00:01<00:02, 16.40it/s, loss=639870.6250]
  Epoch 23/30:  43%|████████████▉                 | 25/58 [00:01<00:02, 16.40it/s, loss=582890.2500]
  Epoch 23/30:  43%|████████████▉                 | 25/58 [00:01<00:02, 16.40it/s, loss=599862.7500]
  Epoch 23/30:  48%|██████████████▍               | 28/58 [00:01<00:01, 17.37it/s, loss=599862.7500]
  Epoch 23/30:  48%|██████████████▍               | 28/58 [00:01<00:01, 17.37it/s, loss=590381.3750]
  Epoch 23/30:  48%|██████████████▍               | 28/58 [00:01<00:01, 17.37it/s, loss=545816.5000]
  Epoch 23/30:  52%|███████████████▌              | 30/58 [00:01<00:01, 17.84it/s, loss=545816.5000]
  Epoch 23/30:  52%|███████████████▌              | 30/58 [00:01<00:01, 17.84it/s, loss=488148.2500]
  Epoch 23/30:  52%|███████████████▌              | 30/58 [00:01<00:01, 17.84it/s, loss=510353.9375]
  Epoch 23/30:  55%|████████████████▌             | 32/58 [00:01<00:01, 18.24it/s, loss=510353.9375]
  Epoch 23/30:  55%|████████████████▌             | 32/58 [00:01<00:01, 18.24it/s, loss=552855.3750]
  Epoch 23/30:  55%|████████████████▌             | 32/58 [00:01<00:01, 18.24it/s, loss=537465.8750]
  Epoch 23/30:  59%|█████████████████▌            | 34/58 [00:01<00:01, 14.88it/s, loss=537465.8750]
  Epoch 23/30:  59%|█████████████████▌            | 34/58 [00:01<00:01, 14.88it/s, loss=615429.8750]
  Epoch 23/30:  59%|█████████████████▌            | 34/58 [00:02<00:01, 14.88it/s, loss=514263.6875]
  Epoch 23/30:  62%|██████████████████▌           | 36/58 [00:02<00:01, 16.02it/s, loss=514263.6875]
  Epoch 23/30:  62%|██████████████████▌           | 36/58 [00:02<00:01, 16.02it/s, loss=616222.4375]
  Epoch 23/30:  62%|██████████████████▌           | 36/58 [00:02<00:01, 16.02it/s, loss=506494.6250]
  Epoch 23/30:  66%|███████████████████▋          | 38/58 [00:02<00:01, 16.49it/s, loss=506494.6250]
  Epoch 23/30:  66%|███████████████████▋          | 38/58 [00:02<00:01, 16.49it/s, loss=461923.5938]
  Epoch 23/30:  66%|███████████████████▋          | 38/58 [00:02<00:01, 16.49it/s, loss=488624.5000]
  Epoch 23/30:  66%|███████████████████▋          | 38/58 [00:02<00:01, 16.49it/s, loss=556278.3750]
  Epoch 23/30:  71%|█████████████████████▏        | 41/58 [00:02<00:00, 18.03it/s, loss=556278.3750]
  Epoch 23/30:  71%|█████████████████████▏        | 41/58 [00:02<00:00, 18.03it/s, loss=555287.8750]
  Epoch 23/30:  71%|█████████████████████▏        | 41/58 [00:02<00:00, 18.03it/s, loss=506411.8438]
  Epoch 23/30:  71%|█████████████████████▏        | 41/58 [00:02<00:00, 18.03it/s, loss=514928.1250]
  Epoch 23/30:  76%|██████████████████████▊       | 44/58 [00:02<00:00, 19.55it/s, loss=514928.1250]
  Epoch 23/30:  76%|██████████████████████▊       | 44/58 [00:02<00:00, 19.55it/s, loss=592090.3125]
  Epoch 23/30:  76%|██████████████████████▊       | 44/58 [00:02<00:00, 19.55it/s, loss=467151.2500]
  Epoch 23/30:  79%|███████████████████████▊      | 46/58 [00:02<00:00, 19.36it/s, loss=467151.2500]
  Epoch 23/30:  79%|███████████████████████▊      | 46/58 [00:02<00:00, 19.36it/s, loss=493183.5938]
  Epoch 23/30:  79%|███████████████████████▊      | 46/58 [00:02<00:00, 19.36it/s, loss=527690.1250]
  Epoch 23/30:  83%|████████████████████████▊     | 48/58 [00:02<00:00, 19.31it/s, loss=527690.1250]
  Epoch 23/30:  83%|████████████████████████▊     | 48/58 [00:02<00:00, 19.31it/s, loss=524770.6250]
  Epoch 23/30:  83%|████████████████████████▊     | 48/58 [00:02<00:00, 19.31it/s, loss=623017.7500]
  Epoch 23/30:  83%|████████████████████████▊     | 48/58 [00:02<00:00, 19.31it/s, loss=590983.2500]
  Epoch 23/30:  88%|██████████████████████████▍   | 51/58 [00:02<00:00, 19.95it/s, loss=590983.2500]
  Epoch 23/30:  88%|██████████████████████████▍   | 51/58 [00:02<00:00, 19.95it/s, loss=556115.8125]
  Epoch 23/30:  88%|██████████████████████████▍   | 51/58 [00:02<00:00, 19.95it/s, loss=554556.2500]
  Epoch 23/30:  91%|███████████████████████████▍  | 53/58 [00:02<00:00, 19.33it/s, loss=554556.2500]
  Epoch 23/30:  91%|███████████████████████████▍  | 53/58 [00:02<00:00, 19.33it/s, loss=462181.5000]
  Epoch 23/30:  91%|███████████████████████████▍  | 53/58 [00:02<00:00, 19.33it/s, loss=510568.2188]
  Epoch 23/30:  91%|███████████████████████████▍  | 53/58 [00:03<00:00, 19.33it/s, loss=546458.2500]
  Epoch 23/30:  97%|████████████████████████████▉ | 56/58 [00:03<00:00, 19.65it/s, loss=546458.2500]
  Epoch 23/30:  97%|████████████████████████████▉ | 56/58 [00:03<00:00, 19.65it/s, loss=405379.7500]
  Epoch 23/30:  97%|████████████████████████████▉ | 56/58 [00:03<00:00, 19.65it/s, loss=210934.8438]
  Epoch 23/30: 100%|██████████████████████████████| 58/58 [00:03<00:00, 19.49it/s, loss=210934.8438]
                                                                                                    

  Epoch 24/30:   0%|                                                         | 0/58 [00:00<?, ?it/s]
  Epoch 24/30:   0%|                                       | 0/58 [00:00<?, ?it/s, loss=496880.8438]
  Epoch 24/30:   0%|                                       | 0/58 [00:00<?, ?it/s, loss=510579.2188]
  Epoch 24/30:   0%|                                       | 0/58 [00:00<?, ?it/s, loss=502896.7188]
  Epoch 24/30:   5%|█▌                             | 3/58 [00:00<00:02, 18.37it/s, loss=502896.7188]
  Epoch 24/30:   5%|█▌                             | 3/58 [00:00<00:02, 18.37it/s, loss=500110.6250]
  Epoch 24/30:   5%|█▌                             | 3/58 [00:00<00:02, 18.37it/s, loss=497767.0000]
  Epoch 24/30:   5%|█▌                             | 3/58 [00:00<00:02, 18.37it/s, loss=534732.8750]
  Epoch 24/30:  10%|███▏                           | 6/58 [00:00<00:02, 19.16it/s, loss=534732.8750]
  Epoch 24/30:  10%|███▏                           | 6/58 [00:00<00:02, 19.16it/s, loss=511276.1875]
  Epoch 24/30:  10%|███▏                           | 6/58 [00:00<00:02, 19.16it/s, loss=442187.0938]
  Epoch 24/30:  10%|███▏                           | 6/58 [00:00<00:02, 19.16it/s, loss=431444.1875]
  Epoch 24/30:  16%|████▊                          | 9/58 [00:00<00:02, 20.09it/s, loss=431444.1875]
  Epoch 24/30:  16%|████▊                          | 9/58 [00:00<00:02, 20.09it/s, loss=530163.0625]
  Epoch 24/30:  16%|████▊                          | 9/58 [00:00<00:02, 20.09it/s, loss=455414.9688]
  Epoch 24/30:  16%|████▊                          | 9/58 [00:00<00:02, 20.09it/s, loss=531357.7500]
  Epoch 24/30:  21%|██████▏                       | 12/58 [00:00<00:02, 20.15it/s, loss=531357.7500]
  Epoch 24/30:  21%|██████▏                       | 12/58 [00:00<00:02, 20.15it/s, loss=530763.4375]
  Epoch 24/30:  21%|██████▏                       | 12/58 [00:00<00:02, 20.15it/s, loss=403398.5938]
  Epoch 24/30:  21%|██████▏                       | 12/58 [00:00<00:02, 20.15it/s, loss=521743.5000]
  Epoch 24/30:  26%|███████▊                      | 15/58 [00:00<00:02, 19.79it/s, loss=521743.5000]
  Epoch 24/30:  26%|███████▊                      | 15/58 [00:00<00:02, 19.79it/s, loss=503249.6875]
  Epoch 24/30:  26%|███████▊                      | 15/58 [00:00<00:02, 19.79it/s, loss=398804.3750]
  Epoch 24/30:  26%|███████▊                      | 15/58 [00:00<00:02, 19.79it/s, loss=469294.6250]
  Epoch 24/30:  31%|█████████▎                    | 18/58 [00:00<00:01, 20.73it/s, loss=469294.6250]
  Epoch 24/30:  31%|█████████▎                    | 18/58 [00:00<00:01, 20.73it/s, loss=455608.3750]
  Epoch 24/30:  31%|█████████▎                    | 18/58 [00:00<00:01, 20.73it/s, loss=484431.0938]
  Epoch 24/30:  31%|█████████▎                    | 18/58 [00:01<00:01, 20.73it/s, loss=426866.0938]
  Epoch 24/30:  36%|██████████▊                   | 21/58 [00:01<00:01, 20.80it/s, loss=426866.0938]
  Epoch 24/30:  36%|██████████▊                   | 21/58 [00:01<00:01, 20.80it/s, loss=452483.8438]
  Epoch 24/30:  36%|██████████▊                   | 21/58 [00:01<00:01, 20.80it/s, loss=393657.0625]
  Epoch 24/30:  36%|██████████▊                   | 21/58 [00:01<00:01, 20.80it/s, loss=458867.6875]
  Epoch 24/30:  41%|████████████▍                 | 24/58 [00:01<00:01, 19.81it/s, loss=458867.6875]
  Epoch 24/30:  41%|████████████▍                 | 24/58 [00:01<00:01, 19.81it/s, loss=469828.6875]
  Epoch 24/30:  41%|████████████▍                 | 24/58 [00:01<00:01, 19.81it/s, loss=410053.7500]
  Epoch 24/30:  41%|████████████▍                 | 24/58 [00:01<00:01, 19.81it/s, loss=437942.0000]
  Epoch 24/30:  47%|█████████████▉                | 27/58 [00:01<00:01, 20.28it/s, loss=437942.0000]
  Epoch 24/30:  47%|█████████████▉                | 27/58 [00:01<00:01, 20.28it/s, loss=438520.3438]
  Epoch 24/30:  47%|█████████████▉                | 27/58 [00:01<00:01, 20.28it/s, loss=445813.9688]
  Epoch 24/30:  47%|█████████████▉                | 27/58 [00:01<00:01, 20.28it/s, loss=404918.2500]
  Epoch 24/30:  52%|███████████████▌              | 30/58 [00:01<00:01, 19.82it/s, loss=404918.2500]
  Epoch 24/30:  52%|███████████████▌              | 30/58 [00:01<00:01, 19.82it/s, loss=367687.8750]
  Epoch 24/30:  52%|███████████████▌              | 30/58 [00:01<00:01, 19.82it/s, loss=399481.6250]
  Epoch 24/30:  52%|███████████████▌              | 30/58 [00:01<00:01, 19.82it/s, loss=466565.6875]
  Epoch 24/30:  57%|█████████████████             | 33/58 [00:01<00:01, 20.34it/s, loss=466565.6875]
  Epoch 24/30:  57%|█████████████████             | 33/58 [00:01<00:01, 20.34it/s, loss=460573.3125]
  Epoch 24/30:  57%|█████████████████             | 33/58 [00:01<00:01, 20.34it/s, loss=447286.8125]
  Epoch 24/30:  57%|█████████████████             | 33/58 [00:01<00:01, 20.34it/s, loss=406632.7500]
  Epoch 24/30:  62%|██████████████████▌           | 36/58 [00:01<00:01, 20.68it/s, loss=406632.7500]
  Epoch 24/30:  62%|██████████████████▌           | 36/58 [00:01<00:01, 20.68it/s, loss=477882.8438]
  Epoch 24/30:  62%|██████████████████▌           | 36/58 [00:01<00:01, 20.68it/s, loss=363444.6875]
  Epoch 24/30:  62%|██████████████████▌           | 36/58 [00:01<00:01, 20.68it/s, loss=461650.2188]
  Epoch 24/30:  67%|████████████████████▏         | 39/58 [00:01<00:00, 20.55it/s, loss=461650.2188]
  Epoch 24/30:  67%|████████████████████▏         | 39/58 [00:01<00:00, 20.55it/s, loss=430150.8750]
  Epoch 24/30:  67%|████████████████████▏         | 39/58 [00:02<00:00, 20.55it/s, loss=406080.7188]
  Epoch 24/30:  67%|████████████████████▏         | 39/58 [00:02<00:00, 20.55it/s, loss=429289.5938]
  Epoch 24/30:  72%|█████████████████████▋        | 42/58 [00:02<00:00, 20.39it/s, loss=429289.5938]
  Epoch 24/30:  72%|█████████████████████▋        | 42/58 [00:02<00:00, 20.39it/s, loss=416072.3438]
  Epoch 24/30:  72%|█████████████████████▋        | 42/58 [00:02<00:00, 20.39it/s, loss=481519.1875]
  Epoch 24/30:  72%|█████████████████████▋        | 42/58 [00:02<00:00, 20.39it/s, loss=407126.8438]
  Epoch 24/30:  78%|███████████████████████▎      | 45/58 [00:02<00:00, 20.47it/s, loss=407126.8438]
  Epoch 24/30:  78%|███████████████████████▎      | 45/58 [00:02<00:00, 20.47it/s, loss=418368.0625]
  Epoch 24/30:  78%|███████████████████████▎      | 45/58 [00:02<00:00, 20.47it/s, loss=449211.0000]
  Epoch 24/30:  78%|███████████████████████▎      | 45/58 [00:02<00:00, 20.47it/s, loss=399961.0000]
  Epoch 24/30:  83%|████████████████████████▊     | 48/58 [00:02<00:00, 20.06it/s, loss=399961.0000]
  Epoch 24/30:  83%|████████████████████████▊     | 48/58 [00:02<00:00, 20.06it/s, loss=354040.7188]
  Epoch 24/30:  83%|████████████████████████▊     | 48/58 [00:02<00:00, 20.06it/s, loss=400987.1875]
  Epoch 24/30:  83%|████████████████████████▊     | 48/58 [00:02<00:00, 20.06it/s, loss=429512.5938]
  Epoch 24/30:  88%|██████████████████████████▍   | 51/58 [00:02<00:00, 20.89it/s, loss=429512.5938]
  Epoch 24/30:  88%|██████████████████████████▍   | 51/58 [00:02<00:00, 20.89it/s, loss=436419.6250]
  Epoch 24/30:  88%|██████████████████████████▍   | 51/58 [00:02<00:00, 20.89it/s, loss=386002.9688]
  Epoch 24/30:  88%|██████████████████████████▍   | 51/58 [00:02<00:00, 20.89it/s, loss=392158.2188]
  Epoch 24/30:  93%|███████████████████████████▉  | 54/58 [00:02<00:00, 20.17it/s, loss=392158.2188]
  Epoch 24/30:  93%|███████████████████████████▉  | 54/58 [00:02<00:00, 20.17it/s, loss=419961.3750]
  Epoch 24/30:  93%|███████████████████████████▉  | 54/58 [00:02<00:00, 20.17it/s, loss=392050.9375]
  Epoch 24/30:  93%|███████████████████████████▉  | 54/58 [00:02<00:00, 20.17it/s, loss=335937.6875]
  Epoch 24/30:  98%|█████████████████████████████▍| 57/58 [00:02<00:00, 19.17it/s, loss=335937.6875]
  Epoch 24/30:  98%|█████████████████████████████▍| 57/58 [00:02<00:00, 19.17it/s, loss=280652.4375]
                                                                                                    

  Epoch 25/30:   0%|                                                         | 0/58 [00:00<?, ?it/s]
  Epoch 25/30:   0%|                                       | 0/58 [00:00<?, ?it/s, loss=433656.4375]
  Epoch 25/30:   0%|                                       | 0/58 [00:00<?, ?it/s, loss=423340.4375]
  Epoch 25/30:   3%|█                              | 2/58 [00:00<00:03, 15.24it/s, loss=423340.4375]
  Epoch 25/30:   3%|█                              | 2/58 [00:00<00:03, 15.24it/s, loss=374649.5000]
  Epoch 25/30:   3%|█                              | 2/58 [00:00<00:03, 15.24it/s, loss=364561.7500]
  Epoch 25/30:   7%|██▏                            | 4/58 [00:00<00:03, 17.01it/s, loss=364561.7500]
  Epoch 25/30:   7%|██▏                            | 4/58 [00:00<00:03, 17.01it/s, loss=373270.2500]
  Epoch 25/30:   7%|██▏                            | 4/58 [00:00<00:03, 17.01it/s, loss=397886.3438]
  Epoch 25/30:  10%|███▏                           | 6/58 [00:00<00:02, 18.17it/s, loss=397886.3438]
  Epoch 25/30:  10%|███▏                           | 6/58 [00:00<00:02, 18.17it/s, loss=358440.3750]
  Epoch 25/30:  10%|███▏                           | 6/58 [00:00<00:02, 18.17it/s, loss=372290.9375]
  Epoch 25/30:  14%|████▎                          | 8/58 [00:00<00:02, 18.58it/s, loss=372290.9375]
  Epoch 25/30:  14%|████▎                          | 8/58 [00:00<00:02, 18.58it/s, loss=357608.8125]
  Epoch 25/30:  14%|████▎                          | 8/58 [00:00<00:02, 18.58it/s, loss=423982.1875]
  Epoch 25/30:  14%|████▎                          | 8/58 [00:00<00:02, 18.58it/s, loss=347734.5312]
  Epoch 25/30:  19%|█████▋                        | 11/58 [00:00<00:02, 19.68it/s, loss=347734.5312]
  Epoch 25/30:  19%|█████▋                        | 11/58 [00:00<00:02, 19.68it/s, loss=349648.8125]
  Epoch 25/30:  19%|█████▋                        | 11/58 [00:00<00:02, 19.68it/s, loss=455006.9375]
  Epoch 25/30:  22%|██████▋                       | 13/58 [00:00<00:02, 19.65it/s, loss=455006.9375]
  Epoch 25/30:  22%|██████▋                       | 13/58 [00:00<00:02, 19.65it/s, loss=316994.3750]
  Epoch 25/30:  22%|██████▋                       | 13/58 [00:00<00:02, 19.65it/s, loss=362364.0938]
  Epoch 25/30:  22%|██████▋                       | 13/58 [00:00<00:02, 19.65it/s, loss=396913.6875]
  Epoch 25/30:  28%|████████▎                     | 16/58 [00:00<00:02, 19.64it/s, loss=396913.6875]
  Epoch 25/30:  28%|████████▎                     | 16/58 [00:00<00:02, 19.64it/s, loss=341391.5312]
  Epoch 25/30:  28%|████████▎                     | 16/58 [00:00<00:02, 19.64it/s, loss=365091.9688]
  Epoch 25/30:  31%|█████████▎                    | 18/58 [00:00<00:02, 19.14it/s, loss=365091.9688]
  Epoch 25/30:  31%|█████████▎                    | 18/58 [00:01<00:02, 19.14it/s, loss=425131.3438]
  Epoch 25/30:  31%|█████████▎                    | 18/58 [00:01<00:02, 19.14it/s, loss=371124.4375]
  Epoch 25/30:  34%|██████████▎                   | 20/58 [00:01<00:02, 18.69it/s, loss=371124.4375]
  Epoch 25/30:  34%|██████████▎                   | 20/58 [00:01<00:02, 18.69it/s, loss=353285.8125]
  Epoch 25/30:  34%|██████████▎                   | 20/58 [00:01<00:02, 18.69it/s, loss=390169.1875]
  Epoch 25/30:  34%|██████████▎                   | 20/58 [00:01<00:02, 18.69it/s, loss=374575.2500]
  Epoch 25/30:  40%|███████████▉                  | 23/58 [00:01<00:01, 19.31it/s, loss=374575.2500]
  Epoch 25/30:  40%|███████████▉                  | 23/58 [00:01<00:01, 19.31it/s, loss=330152.5000]
  Epoch 25/30:  40%|███████████▉                  | 23/58 [00:01<00:01, 19.31it/s, loss=370182.5000]
  Epoch 25/30:  43%|████████████▉                 | 25/58 [00:01<00:01, 19.06it/s, loss=370182.5000]
  Epoch 25/30:  43%|████████████▉                 | 25/58 [00:01<00:01, 19.06it/s, loss=371272.8125]
  Epoch 25/30:  43%|████████████▉                 | 25/58 [00:01<00:01, 19.06it/s, loss=336084.5625]
  Epoch 25/30:  43%|████████████▉                 | 25/58 [00:01<00:01, 19.06it/s, loss=376719.6875]
  Epoch 25/30:  48%|██████████████▍               | 28/58 [00:01<00:01, 20.09it/s, loss=376719.6875]
  Epoch 25/30:  48%|██████████████▍               | 28/58 [00:01<00:01, 20.09it/s, loss=312888.5312]
  Epoch 25/30:  48%|██████████████▍               | 28/58 [00:01<00:01, 20.09it/s, loss=324253.7188]
  Epoch 25/30:  48%|██████████████▍               | 28/58 [00:01<00:01, 20.09it/s, loss=348166.2500]
  Epoch 25/30:  53%|████████████████              | 31/58 [00:01<00:01, 20.55it/s, loss=348166.2500]
  Epoch 25/30:  53%|████████████████              | 31/58 [00:01<00:01, 20.55it/s, loss=272031.3750]
  Epoch 25/30:  53%|████████████████              | 31/58 [00:01<00:01, 20.55it/s, loss=345606.0000]
  Epoch 25/30:  53%|████████████████              | 31/58 [00:01<00:01, 20.55it/s, loss=327534.6250]
  Epoch 25/30:  59%|█████████████████▌            | 34/58 [00:01<00:01, 20.04it/s, loss=327534.6250]
  Epoch 25/30:  59%|█████████████████▌            | 34/58 [00:01<00:01, 20.04it/s, loss=396267.4375]
  Epoch 25/30:  59%|█████████████████▌            | 34/58 [00:01<00:01, 20.04it/s, loss=393358.4375]
  Epoch 25/30:  59%|█████████████████▌            | 34/58 [00:01<00:01, 20.04it/s, loss=299416.7500]
  Epoch 25/30:  64%|███████████████████▏          | 37/58 [00:01<00:01, 19.46it/s, loss=299416.7500]
  Epoch 25/30:  64%|███████████████████▏          | 37/58 [00:01<00:01, 19.46it/s, loss=286531.3125]
  Epoch 25/30:  64%|███████████████████▏          | 37/58 [00:02<00:01, 19.46it/s, loss=322305.3125]
  Epoch 25/30:  64%|███████████████████▏          | 37/58 [00:02<00:01, 19.46it/s, loss=324072.5625]
  Epoch 25/30:  69%|████████████████████▋         | 40/58 [00:02<00:00, 20.01it/s, loss=324072.5625]
  Epoch 25/30:  69%|████████████████████▋         | 40/58 [00:02<00:00, 20.01it/s, loss=360651.8125]
  Epoch 25/30:  69%|████████████████████▋         | 40/58 [00:02<00:00, 20.01it/s, loss=267254.7812]
  Epoch 25/30:  69%|████████████████████▋         | 40/58 [00:02<00:00, 20.01it/s, loss=372718.8438]
  Epoch 25/30:  74%|██████████████████████▏       | 43/58 [00:02<00:00, 20.25it/s, loss=372718.8438]
  Epoch 25/30:  74%|██████████████████████▏       | 43/58 [00:02<00:00, 20.25it/s, loss=349044.4375]
  Epoch 25/30:  74%|██████████████████████▏       | 43/58 [00:02<00:00, 20.25it/s, loss=312673.9688]
  Epoch 25/30:  74%|██████████████████████▏       | 43/58 [00:02<00:00, 20.25it/s, loss=353634.3438]
  Epoch 25/30:  79%|███████████████████████▊      | 46/58 [00:02<00:00, 20.30it/s, loss=353634.3438]
  Epoch 25/30:  79%|███████████████████████▊      | 46/58 [00:02<00:00, 20.30it/s, loss=326846.0000]
  Epoch 25/30:  79%|███████████████████████▊      | 46/58 [00:02<00:00, 20.30it/s, loss=310144.6250]
  Epoch 25/30:  79%|███████████████████████▊      | 46/58 [00:02<00:00, 20.30it/s, loss=262582.5000]
  Epoch 25/30:  84%|█████████████████████████▎    | 49/58 [00:02<00:00, 20.78it/s, loss=262582.5000]
  Epoch 25/30:  84%|█████████████████████████▎    | 49/58 [00:02<00:00, 20.78it/s, loss=274067.2188]
  Epoch 25/30:  84%|█████████████████████████▎    | 49/58 [00:02<00:00, 20.78it/s, loss=339905.3438]
  Epoch 25/30:  84%|█████████████████████████▎    | 49/58 [00:02<00:00, 20.78it/s, loss=316479.8125]
  Epoch 25/30:  90%|██████████████████████████▉   | 52/58 [00:02<00:00, 20.47it/s, loss=316479.8125]
  Epoch 25/30:  90%|██████████████████████████▉   | 52/58 [00:02<00:00, 20.47it/s, loss=303925.3125]
  Epoch 25/30:  90%|██████████████████████████▉   | 52/58 [00:02<00:00, 20.47it/s, loss=284583.1875]
  Epoch 25/30:  90%|██████████████████████████▉   | 52/58 [00:02<00:00, 20.47it/s, loss=371085.5938]
  Epoch 25/30:  95%|████████████████████████████▍ | 55/58 [00:02<00:00, 20.60it/s, loss=371085.5938]
  Epoch 25/30:  95%|████████████████████████████▍ | 55/58 [00:02<00:00, 20.60it/s, loss=311975.5625]
  Epoch 25/30:  95%|████████████████████████████▍ | 55/58 [00:02<00:00, 20.60it/s, loss=297077.0000]
  Epoch 25/30:  95%|████████████████████████████▍ | 55/58 [00:02<00:00, 20.60it/s, loss=296101.1875]
  Epoch 25/30: 100%|██████████████████████████████| 58/58 [00:02<00:00, 18.64it/s, loss=296101.1875]
                                                                                                    
  Epoch 25/30 │ Loss: 347874.3949 │ T+1: -90642888.0000 │ T+2: -67555896.0000 │ T+3: -368918720.0000 ★ NEW BEST

  Epoch 26/30:   0%|                                                         | 0/58 [00:00<?, ?it/s]
  Epoch 26/30:   0%|                                       | 0/58 [00:00<?, ?it/s, loss=286605.4375]
  Epoch 26/30:   0%|                                       | 0/58 [00:00<?, ?it/s, loss=307309.8750]
  Epoch 26/30:   3%|█                              | 2/58 [00:00<00:03, 16.23it/s, loss=307309.8750]
  Epoch 26/30:   3%|█                              | 2/58 [00:00<00:03, 16.23it/s, loss=302596.4688]
  Epoch 26/30:   3%|█                              | 2/58 [00:00<00:03, 16.23it/s, loss=325263.3750]
  Epoch 26/30:   7%|██▏                            | 4/58 [00:00<00:02, 18.16it/s, loss=325263.3750]
  Epoch 26/30:   7%|██▏                            | 4/58 [00:00<00:02, 18.16it/s, loss=301093.6875]
  Epoch 26/30:   7%|██▏                            | 4/58 [00:00<00:02, 18.16it/s, loss=286976.3438]
  Epoch 26/30:  10%|███▏                           | 6/58 [00:00<00:02, 18.86it/s, loss=286976.3438]
  Epoch 26/30:  10%|███▏                           | 6/58 [00:00<00:02, 18.86it/s, loss=298711.4688]
  Epoch 26/30:  10%|███▏                           | 6/58 [00:00<00:02, 18.86it/s, loss=281043.1250]
  Epoch 26/30:  14%|████▎                          | 8/58 [00:00<00:02, 18.98it/s, loss=281043.1250]
  Epoch 26/30:  14%|████▎                          | 8/58 [00:00<00:02, 18.98it/s, loss=272136.9062]
  Epoch 26/30:  14%|████▎                          | 8/58 [00:00<00:02, 18.98it/s, loss=281313.1875]
  Epoch 26/30:  17%|█████▏                        | 10/58 [00:00<00:02, 19.02it/s, loss=281313.1875]
  Epoch 26/30:  17%|█████▏                        | 10/58 [00:00<00:02, 19.02it/s, loss=330739.6250]
  Epoch 26/30:  17%|█████▏                        | 10/58 [00:00<00:02, 19.02it/s, loss=329743.3125]
  Epoch 26/30:  21%|██████▏                       | 12/58 [00:00<00:02, 17.91it/s, loss=329743.3125]
  Epoch 26/30:  21%|██████▏                       | 12/58 [00:00<00:02, 17.91it/s, loss=267513.5625]
  Epoch 26/30:  21%|██████▏                       | 12/58 [00:00<00:02, 17.91it/s, loss=311321.3750]
  Epoch 26/30:  21%|██████▏                       | 12/58 [00:00<00:02, 17.91it/s, loss=325077.5625]
  Epoch 26/30:  26%|███████▊                      | 15/58 [00:00<00:02, 19.09it/s, loss=325077.5625]
  Epoch 26/30:  26%|███████▊                      | 15/58 [00:00<00:02, 19.09it/s, loss=282114.8750]
  Epoch 26/30:  26%|███████▊                      | 15/58 [00:00<00:02, 19.09it/s, loss=270619.2188]
  Epoch 26/30:  29%|████████▊                     | 17/58 [00:00<00:02, 18.71it/s, loss=270619.2188]
  Epoch 26/30:  29%|████████▊                     | 17/58 [00:00<00:02, 18.71it/s, loss=293253.0000]
  Epoch 26/30:  29%|████████▊                     | 17/58 [00:01<00:02, 18.71it/s, loss=290119.7500]
  Epoch 26/30:  33%|█████████▊                    | 19/58 [00:01<00:02, 17.26it/s, loss=290119.7500]
  Epoch 26/30:  33%|█████████▊                    | 19/58 [00:01<00:02, 17.26it/s, loss=276781.5938]
  Epoch 26/30:  33%|█████████▊                    | 19/58 [00:01<00:02, 17.26it/s, loss=299472.3750]
  Epoch 26/30:  33%|█████████▊                    | 19/58 [00:01<00:02, 17.26it/s, loss=308638.2188]
  Epoch 26/30:  38%|███████████▍                  | 22/58 [00:01<00:02, 17.22it/s, loss=308638.2188]
  Epoch 26/30:  38%|███████████▍                  | 22/58 [00:01<00:02, 17.22it/s, loss=302485.3750]
  Epoch 26/30:  38%|███████████▍                  | 22/58 [00:01<00:02, 17.22it/s, loss=268012.3750]
  Epoch 26/30:  41%|████████████▍                 | 24/58 [00:01<00:01, 17.36it/s, loss=268012.3750]
  Epoch 26/30:  41%|████████████▍                 | 24/58 [00:01<00:01, 17.36it/s, loss=270679.6250]
  Epoch 26/30:  41%|████████████▍                 | 24/58 [00:01<00:01, 17.36it/s, loss=263815.5625]
  Epoch 26/30:  45%|█████████████▍                | 26/58 [00:01<00:01, 17.93it/s, loss=263815.5625]
  Epoch 26/30:  45%|█████████████▍                | 26/58 [00:01<00:01, 17.93it/s, loss=260496.1094]
  Epoch 26/30:  45%|█████████████▍                | 26/58 [00:01<00:01, 17.93it/s, loss=300389.3125]
  Epoch 26/30:  45%|█████████████▍                | 26/58 [00:01<00:01, 17.93it/s, loss=236083.0000]
  Epoch 26/30:  50%|███████████████               | 29/58 [00:01<00:01, 18.72it/s, loss=236083.0000]
  Epoch 26/30:  50%|███████████████               | 29/58 [00:01<00:01, 18.72it/s, loss=241771.3438]
  Epoch 26/30:  50%|███████████████               | 29/58 [00:01<00:01, 18.72it/s, loss=271988.1875]
  Epoch 26/30:  53%|████████████████              | 31/58 [00:01<00:01, 18.86it/s, loss=271988.1875]
  Epoch 26/30:  53%|████████████████              | 31/58 [00:01<00:01, 18.86it/s, loss=272294.6250]
  Epoch 26/30:  53%|████████████████              | 31/58 [00:01<00:01, 18.86it/s, loss=310893.2188]
  Epoch 26/30:  57%|█████████████████             | 33/58 [00:01<00:01, 18.93it/s, loss=310893.2188]
  Epoch 26/30:  57%|█████████████████             | 33/58 [00:01<00:01, 18.93it/s, loss=290924.5938]
  Epoch 26/30:  57%|█████████████████             | 33/58 [00:01<00:01, 18.93it/s, loss=274461.0625]
  Epoch 26/30:  57%|█████████████████             | 33/58 [00:01<00:01, 18.93it/s, loss=221388.7188]
  Epoch 26/30:  62%|██████████████████▌           | 36/58 [00:01<00:01, 20.25it/s, loss=221388.7188]
  Epoch 26/30:  62%|██████████████████▌           | 36/58 [00:01<00:01, 20.25it/s, loss=283605.6250]
  Epoch 26/30:  62%|██████████████████▌           | 36/58 [00:02<00:01, 20.25it/s, loss=304863.8125]
  Epoch 26/30:  62%|██████████████████▌           | 36/58 [00:02<00:01, 20.25it/s, loss=252147.6250]
  Epoch 26/30:  67%|████████████████████▏         | 39/58 [00:02<00:00, 19.73it/s, loss=252147.6250]
  Epoch 26/30:  67%|████████████████████▏         | 39/58 [00:02<00:00, 19.73it/s, loss=279729.2500]
  Epoch 26/30:  67%|████████████████████▏         | 39/58 [00:02<00:00, 19.73it/s, loss=294850.3438]
  Epoch 26/30:  71%|█████████████████████▏        | 41/58 [00:02<00:00, 19.19it/s, loss=294850.3438]
  Epoch 26/30:  71%|█████████████████████▏        | 41/58 [00:02<00:00, 19.19it/s, loss=237795.7500]
  Epoch 26/30:  71%|█████████████████████▏        | 41/58 [00:02<00:00, 19.19it/s, loss=233502.1250]
  Epoch 26/30:  71%|█████████████████████▏        | 41/58 [00:02<00:00, 19.19it/s, loss=255021.0938]
  Epoch 26/30:  76%|██████████████████████▊       | 44/58 [00:02<00:00, 20.01it/s, loss=255021.0938]
  Epoch 26/30:  76%|██████████████████████▊       | 44/58 [00:02<00:00, 20.01it/s, loss=237155.9688]
  Epoch 26/30:  76%|██████████████████████▊       | 44/58 [00:02<00:00, 20.01it/s, loss=243973.2344]
  Epoch 26/30:  79%|███████████████████████▊      | 46/58 [00:02<00:00, 19.63it/s, loss=243973.2344]
  Epoch 26/30:  79%|███████████████████████▊      | 46/58 [00:02<00:00, 19.63it/s, loss=281658.5000]
  Epoch 26/30:  79%|███████████████████████▊      | 46/58 [00:02<00:00, 19.63it/s, loss=261235.2969]
  Epoch 26/30:  79%|███████████████████████▊      | 46/58 [00:02<00:00, 19.63it/s, loss=241448.0938]
  Epoch 26/30:  84%|█████████████████████████▎    | 49/58 [00:02<00:00, 20.65it/s, loss=241448.0938]
  Epoch 26/30:  84%|█████████████████████████▎    | 49/58 [00:02<00:00, 20.65it/s, loss=260199.5938]
  Epoch 26/30:  84%|█████████████████████████▎    | 49/58 [00:02<00:00, 20.65it/s, loss=239063.2500]
  Epoch 26/30:  84%|█████████████████████████▎    | 49/58 [00:02<00:00, 20.65it/s, loss=285871.1250]
  Epoch 26/30:  90%|██████████████████████████▉   | 52/58 [00:02<00:00, 19.43it/s, loss=285871.1250]
  Epoch 26/30:  90%|██████████████████████████▉   | 52/58 [00:02<00:00, 19.43it/s, loss=268495.5625]
  Epoch 26/30:  90%|██████████████████████████▉   | 52/58 [00:02<00:00, 19.43it/s, loss=224004.2188]
  Epoch 26/30:  93%|███████████████████████████▉  | 54/58 [00:02<00:00, 14.57it/s, loss=224004.2188]
  Epoch 26/30:  93%|███████████████████████████▉  | 54/58 [00:03<00:00, 14.57it/s, loss=235697.6562]
  Epoch 26/30:  93%|███████████████████████████▉  | 54/58 [00:03<00:00, 14.57it/s, loss=238306.7812]
  Epoch 26/30:  93%|███████████████████████████▉  | 54/58 [00:03<00:00, 14.57it/s, loss=246887.3438]
  Epoch 26/30:  98%|█████████████████████████████▍| 57/58 [00:03<00:00, 16.24it/s, loss=246887.3438]
  Epoch 26/30:  98%|█████████████████████████████▍| 57/58 [00:03<00:00, 16.24it/s, loss=133863.5000]
                                                                                                    

  Epoch 27/30:   0%|                                                         | 0/58 [00:00<?, ?it/s]
  Epoch 27/30:   0%|                                       | 0/58 [00:00<?, ?it/s, loss=247844.5000]
  Epoch 27/30:   0%|                                       | 0/58 [00:00<?, ?it/s, loss=229063.6250]
  Epoch 27/30:   0%|                                       | 0/58 [00:00<?, ?it/s, loss=259005.4219]
  Epoch 27/30:   5%|█▌                             | 3/58 [00:00<00:02, 20.77it/s, loss=259005.4219]
  Epoch 27/30:   5%|█▌                             | 3/58 [00:00<00:02, 20.77it/s, loss=232835.4375]
  Epoch 27/30:   5%|█▌                             | 3/58 [00:00<00:02, 20.77it/s, loss=238295.2188]
  Epoch 27/30:   5%|█▌                             | 3/58 [00:00<00:02, 20.77it/s, loss=239274.7344]
  Epoch 27/30:  10%|███▏                           | 6/58 [00:00<00:02, 19.56it/s, loss=239274.7344]
  Epoch 27/30:  10%|███▏                           | 6/58 [00:00<00:02, 19.56it/s, loss=255025.9219]
  Epoch 27/30:  10%|███▏                           | 6/58 [00:00<00:02, 19.56it/s, loss=216496.0469]
  Epoch 27/30:  14%|████▎                          | 8/58 [00:00<00:02, 18.91it/s, loss=216496.0469]
  Epoch 27/30:  14%|████▎                          | 8/58 [00:00<00:02, 18.91it/s, loss=205020.0938]
  Epoch 27/30:  14%|████▎                          | 8/58 [00:00<00:02, 18.91it/s, loss=223813.1562]
  Epoch 27/30:  14%|████▎                          | 8/58 [00:00<00:02, 18.91it/s, loss=232556.3438]
  Epoch 27/30:  19%|█████▋                        | 11/58 [00:00<00:02, 19.79it/s, loss=232556.3438]
  Epoch 27/30:  19%|█████▋                        | 11/58 [00:00<00:02, 19.79it/s, loss=253664.6250]
  Epoch 27/30:  19%|█████▋                        | 11/58 [00:00<00:02, 19.79it/s, loss=254364.3438]
  Epoch 27/30:  19%|█████▋                        | 11/58 [00:00<00:02, 19.79it/s, loss=222586.5469]
  Epoch 27/30:  24%|███████▏                      | 14/58 [00:00<00:02, 20.04it/s, loss=222586.5469]
  Epoch 27/30:  24%|███████▏                      | 14/58 [00:00<00:02, 20.04it/s, loss=208708.2812]
  Epoch 27/30:  24%|███████▏                      | 14/58 [00:00<00:02, 20.04it/s, loss=243011.6719]
  Epoch 27/30:  28%|████████▎                     | 16/58 [00:00<00:02, 19.82it/s, loss=243011.6719]
  Epoch 27/30:  28%|████████▎                     | 16/58 [00:00<00:02, 19.82it/s, loss=250088.6094]
  Epoch 27/30:  28%|████████▎                     | 16/58 [00:00<00:02, 19.82it/s, loss=233979.0000]
  Epoch 27/30:  31%|█████████▎                    | 18/58 [00:00<00:02, 19.33it/s, loss=233979.0000]
  Epoch 27/30:  31%|█████████▎                    | 18/58 [00:00<00:02, 19.33it/s, loss=225404.9375]
  Epoch 27/30:  31%|█████████▎                    | 18/58 [00:01<00:02, 19.33it/s, loss=231573.8438]
  Epoch 27/30:  34%|██████████▎                   | 20/58 [00:01<00:02, 18.91it/s, loss=231573.8438]
  Epoch 27/30:  34%|██████████▎                   | 20/58 [00:01<00:02, 18.91it/s, loss=262517.9375]
  Epoch 27/30:  34%|██████████▎                   | 20/58 [00:01<00:02, 18.91it/s, loss=231184.3750]
  Epoch 27/30:  38%|███████████▍                  | 22/58 [00:01<00:01, 19.19it/s, loss=231184.3750]
  Epoch 27/30:  38%|███████████▍                  | 22/58 [00:01<00:01, 19.19it/s, loss=188773.1719]
  Epoch 27/30:  38%|███████████▍                  | 22/58 [00:01<00:01, 19.19it/s, loss=187554.7188]
  Epoch 27/30:  38%|███████████▍                  | 22/58 [00:01<00:01, 19.19it/s, loss=227505.7500]
  Epoch 27/30:  43%|████████████▉                 | 25/58 [00:01<00:01, 20.04it/s, loss=227505.7500]
  Epoch 27/30:  43%|████████████▉                 | 25/58 [00:01<00:01, 20.04it/s, loss=174307.4219]
  Epoch 27/30:  43%|████████████▉                 | 25/58 [00:01<00:01, 20.04it/s, loss=195367.3750]
  Epoch 27/30:  43%|████████████▉                 | 25/58 [00:01<00:01, 20.04it/s, loss=203356.1250]
  Epoch 27/30:  48%|██████████████▍               | 28/58 [00:01<00:01, 21.45it/s, loss=203356.1250]
  Epoch 27/30:  48%|██████████████▍               | 28/58 [00:01<00:01, 21.45it/s, loss=214186.4688]
  Epoch 27/30:  48%|██████████████▍               | 28/58 [00:01<00:01, 21.45it/s, loss=253788.4219]
  Epoch 27/30:  48%|██████████████▍               | 28/58 [00:01<00:01, 21.45it/s, loss=244542.3750]
  Epoch 27/30:  53%|████████████████              | 31/58 [00:01<00:01, 22.42it/s, loss=244542.3750]
  Epoch 27/30:  53%|████████████████              | 31/58 [00:01<00:01, 22.42it/s, loss=213366.4688]
  Epoch 27/30:  53%|████████████████              | 31/58 [00:01<00:01, 22.42it/s, loss=240091.4844]
  Epoch 27/30:  53%|████████████████              | 31/58 [00:01<00:01, 22.42it/s, loss=204648.8438]
  Epoch 27/30:  59%|█████████████████▌            | 34/58 [00:01<00:01, 22.21it/s, loss=204648.8438]
  Epoch 27/30:  59%|█████████████████▌            | 34/58 [00:01<00:01, 22.21it/s, loss=194175.7344]
  Epoch 27/30:  59%|█████████████████▌            | 34/58 [00:01<00:01, 22.21it/s, loss=238321.8750]
  Epoch 27/30:  59%|█████████████████▌            | 34/58 [00:01<00:01, 22.21it/s, loss=188138.7500]
  Epoch 27/30:  64%|███████████████████▏          | 37/58 [00:01<00:00, 22.52it/s, loss=188138.7500]
  Epoch 27/30:  64%|███████████████████▏          | 37/58 [00:01<00:00, 22.52it/s, loss=205252.3125]
  Epoch 27/30:  64%|███████████████████▏          | 37/58 [00:01<00:00, 22.52it/s, loss=241854.3125]
  Epoch 27/30:  64%|███████████████████▏          | 37/58 [00:01<00:00, 22.52it/s, loss=208228.8438]
  Epoch 27/30:  69%|████████████████████▋         | 40/58 [00:01<00:00, 21.42it/s, loss=208228.8438]
  Epoch 27/30:  69%|████████████████████▋         | 40/58 [00:02<00:00, 21.42it/s, loss=225488.2969]
  Epoch 27/30:  69%|████████████████████▋         | 40/58 [00:02<00:00, 21.42it/s, loss=199794.2969]
  Epoch 27/30:  69%|████████████████████▋         | 40/58 [00:02<00:00, 21.42it/s, loss=220961.2969]
  Epoch 27/30:  74%|██████████████████████▏       | 43/58 [00:02<00:00, 21.07it/s, loss=220961.2969]
  Epoch 27/30:  74%|██████████████████████▏       | 43/58 [00:02<00:00, 21.07it/s, loss=211986.4219]
  Epoch 27/30:  74%|██████████████████████▏       | 43/58 [00:02<00:00, 21.07it/s, loss=213443.4219]
  Epoch 27/30:  74%|██████████████████████▏       | 43/58 [00:02<00:00, 21.07it/s, loss=195205.3438]
  Epoch 27/30:  79%|███████████████████████▊      | 46/58 [00:02<00:00, 20.26it/s, loss=195205.3438]
  Epoch 27/30:  79%|███████████████████████▊      | 46/58 [00:02<00:00, 20.26it/s, loss=215440.1719]
  Epoch 27/30:  79%|███████████████████████▊      | 46/58 [00:02<00:00, 20.26it/s, loss=199842.1875]
  Epoch 27/30:  79%|███████████████████████▊      | 46/58 [00:02<00:00, 20.26it/s, loss=209549.4375]
  Epoch 27/30:  84%|█████████████████████████▎    | 49/58 [00:02<00:00, 20.74it/s, loss=209549.4375]
  Epoch 27/30:  84%|█████████████████████████▎    | 49/58 [00:02<00:00, 20.74it/s, loss=223074.0938]
  Epoch 27/30:  84%|█████████████████████████▎    | 49/58 [00:02<00:00, 20.74it/s, loss=203830.0469]
  Epoch 27/30:  84%|█████████████████████████▎    | 49/58 [00:02<00:00, 20.74it/s, loss=235789.8594]
  Epoch 27/30:  90%|██████████████████████████▉   | 52/58 [00:02<00:00, 21.40it/s, loss=235789.8594]
  Epoch 27/30:  90%|██████████████████████████▉   | 52/58 [00:02<00:00, 21.40it/s, loss=207591.8438]
  Epoch 27/30:  90%|██████████████████████████▉   | 52/58 [00:02<00:00, 21.40it/s, loss=186057.2969]
  Epoch 27/30:  90%|██████████████████████████▉   | 52/58 [00:02<00:00, 21.40it/s, loss=187950.6719]
  Epoch 27/30:  95%|████████████████████████████▍ | 55/58 [00:02<00:00, 20.19it/s, loss=187950.6719]
  Epoch 27/30:  95%|████████████████████████████▍ | 55/58 [00:02<00:00, 20.19it/s, loss=207234.2969]
  Epoch 27/30:  95%|████████████████████████████▍ | 55/58 [00:02<00:00, 20.19it/s, loss=182013.3750]
  Epoch 27/30:  95%|█████████████████████████████▍ | 55/58 [00:02<00:00, 20.19it/s, loss=92031.5469]
  Epoch 27/30: 100%|███████████████████████████████| 58/58 [00:02<00:00, 20.94it/s, loss=92031.5469]
                                                                                                    

  Epoch 28/30:   0%|                                                         | 0/58 [00:00<?, ?it/s]
  Epoch 28/30:   0%|                                       | 0/58 [00:00<?, ?it/s, loss=195496.3438]
  Epoch 28/30:   0%|                                       | 0/58 [00:00<?, ?it/s, loss=197454.0938]
  Epoch 28/30:   0%|                                       | 0/58 [00:00<?, ?it/s, loss=198342.4219]
  Epoch 28/30:   5%|█▌                             | 3/58 [00:00<00:02, 19.87it/s, loss=198342.4219]
  Epoch 28/30:   5%|█▌                             | 3/58 [00:00<00:02, 19.87it/s, loss=199911.7500]
  Epoch 28/30:   5%|█▌                             | 3/58 [00:00<00:02, 19.87it/s, loss=200109.6562]
  Epoch 28/30:   5%|█▌                             | 3/58 [00:00<00:02, 19.87it/s, loss=178794.0469]
  Epoch 28/30:  10%|███▏                           | 6/58 [00:00<00:02, 21.42it/s, loss=178794.0469]
  Epoch 28/30:  10%|███▏                           | 6/58 [00:00<00:02, 21.42it/s, loss=194891.1719]
  Epoch 28/30:  10%|███▏                           | 6/58 [00:00<00:02, 21.42it/s, loss=212307.8594]
  Epoch 28/30:  10%|███▏                           | 6/58 [00:00<00:02, 21.42it/s, loss=196698.4688]
  Epoch 28/30:  16%|████▊                          | 9/58 [00:00<00:02, 21.14it/s, loss=196698.4688]
  Epoch 28/30:  16%|████▊                          | 9/58 [00:00<00:02, 21.14it/s, loss=150373.7969]
  Epoch 28/30:  16%|████▊                          | 9/58 [00:00<00:02, 21.14it/s, loss=186590.5000]
  Epoch 28/30:  16%|████▊                          | 9/58 [00:00<00:02, 21.14it/s, loss=168075.9688]
  Epoch 28/30:  21%|██████▏                       | 12/58 [00:00<00:02, 21.28it/s, loss=168075.9688]
  Epoch 28/30:  21%|██████▏                       | 12/58 [00:00<00:02, 21.28it/s, loss=177307.0000]
  Epoch 28/30:  21%|██████▏                       | 12/58 [00:00<00:02, 21.28it/s, loss=171473.3125]
  Epoch 28/30:  21%|██████▏                       | 12/58 [00:00<00:02, 21.28it/s, loss=198512.7500]
  Epoch 28/30:  26%|███████▊                      | 15/58 [00:00<00:01, 21.71it/s, loss=198512.7500]
  Epoch 28/30:  26%|███████▊                      | 15/58 [00:00<00:01, 21.71it/s, loss=178468.9062]
  Epoch 28/30:  26%|███████▊                      | 15/58 [00:00<00:01, 21.71it/s, loss=201632.4688]
  Epoch 28/30:  26%|███████▊                      | 15/58 [00:00<00:01, 21.71it/s, loss=199599.3125]
  Epoch 28/30:  31%|█████████▎                    | 18/58 [00:00<00:01, 21.58it/s, loss=199599.3125]
  Epoch 28/30:  31%|█████████▎                    | 18/58 [00:00<00:01, 21.58it/s, loss=164790.3594]
  Epoch 28/30:  31%|█████████▎                    | 18/58 [00:00<00:01, 21.58it/s, loss=211806.5000]
  Epoch 28/30:  31%|█████████▎                    | 18/58 [00:00<00:01, 21.58it/s, loss=162995.6719]
  Epoch 28/30:  36%|██████████▊                   | 21/58 [00:00<00:01, 22.29it/s, loss=162995.6719]
  Epoch 28/30:  36%|██████████▊                   | 21/58 [00:01<00:01, 22.29it/s, loss=225133.1719]
  Epoch 28/30:  36%|██████████▊                   | 21/58 [00:01<00:01, 22.29it/s, loss=160907.3125]
  Epoch 28/30:  36%|██████████▊                   | 21/58 [00:01<00:01, 22.29it/s, loss=164979.0625]
  Epoch 28/30:  41%|████████████▍                 | 24/58 [00:01<00:01, 21.59it/s, loss=164979.0625]
  Epoch 28/30:  41%|████████████▍                 | 24/58 [00:01<00:01, 21.59it/s, loss=192199.1719]
  Epoch 28/30:  41%|████████████▍                 | 24/58 [00:01<00:01, 21.59it/s, loss=166374.0469]
  Epoch 28/30:  41%|████████████▍                 | 24/58 [00:01<00:01, 21.59it/s, loss=184096.6719]
  Epoch 28/30:  47%|█████████████▉                | 27/58 [00:01<00:01, 21.44it/s, loss=184096.6719]
  Epoch 28/30:  47%|█████████████▉                | 27/58 [00:01<00:01, 21.44it/s, loss=162303.9688]
  Epoch 28/30:  47%|█████████████▉                | 27/58 [00:01<00:01, 21.44it/s, loss=153868.1250]
  Epoch 28/30:  47%|█████████████▉                | 27/58 [00:01<00:01, 21.44it/s, loss=179129.2500]
  Epoch 28/30:  52%|███████████████▌              | 30/58 [00:01<00:01, 21.96it/s, loss=179129.2500]
  Epoch 28/30:  52%|███████████████▌              | 30/58 [00:01<00:01, 21.96it/s, loss=165236.9219]
  Epoch 28/30:  52%|███████████████▌              | 30/58 [00:01<00:01, 21.96it/s, loss=158072.0000]
  Epoch 28/30:  52%|███████████████▌              | 30/58 [00:01<00:01, 21.96it/s, loss=170026.7656]
  Epoch 28/30:  57%|█████████████████             | 33/58 [00:01<00:01, 21.73it/s, loss=170026.7656]
  Epoch 28/30:  57%|█████████████████             | 33/58 [00:01<00:01, 21.73it/s, loss=182333.7344]
  Epoch 28/30:  57%|█████████████████             | 33/58 [00:01<00:01, 21.73it/s, loss=143341.5625]
  Epoch 28/30:  57%|█████████████████             | 33/58 [00:01<00:01, 21.73it/s, loss=164995.5625]
  Epoch 28/30:  62%|██████████████████▌           | 36/58 [00:01<00:00, 23.07it/s, loss=164995.5625]
  Epoch 28/30:  62%|██████████████████▌           | 36/58 [00:01<00:00, 23.07it/s, loss=172881.7500]
  Epoch 28/30:  62%|██████████████████▌           | 36/58 [00:01<00:00, 23.07it/s, loss=168556.1562]
  Epoch 28/30:  62%|██████████████████▌           | 36/58 [00:01<00:00, 23.07it/s, loss=134697.0938]
  Epoch 28/30:  67%|████████████████████▏         | 39/58 [00:01<00:00, 22.62it/s, loss=134697.0938]
  Epoch 28/30:  67%|████████████████████▏         | 39/58 [00:01<00:00, 22.62it/s, loss=178575.5469]
  Epoch 28/30:  67%|████████████████████▏         | 39/58 [00:01<00:00, 22.62it/s, loss=169209.5938]
  Epoch 28/30:  67%|████████████████████▏         | 39/58 [00:01<00:00, 22.62it/s, loss=166657.4062]
  Epoch 28/30:  72%|█████████████████████▋        | 42/58 [00:01<00:00, 22.90it/s, loss=166657.4062]
  Epoch 28/30:  72%|█████████████████████▋        | 42/58 [00:01<00:00, 22.90it/s, loss=176540.8750]
  Epoch 28/30:  72%|█████████████████████▋        | 42/58 [00:01<00:00, 22.90it/s, loss=185519.4688]
  Epoch 28/30:  72%|█████████████████████▋        | 42/58 [00:02<00:00, 22.90it/s, loss=160550.8281]
  Epoch 28/30:  78%|███████████████████████▎      | 45/58 [00:02<00:00, 22.11it/s, loss=160550.8281]
  Epoch 28/30:  78%|███████████████████████▎      | 45/58 [00:02<00:00, 22.11it/s, loss=180343.4688]
  Epoch 28/30:  78%|███████████████████████▎      | 45/58 [00:02<00:00, 22.11it/s, loss=150916.3125]
  Epoch 28/30:  78%|███████████████████████▎      | 45/58 [00:02<00:00, 22.11it/s, loss=177711.0938]
  Epoch 28/30:  83%|████████████████████████▊     | 48/58 [00:02<00:00, 21.72it/s, loss=177711.0938]
  Epoch 28/30:  83%|████████████████████████▊     | 48/58 [00:02<00:00, 21.72it/s, loss=150475.8438]
  Epoch 28/30:  83%|████████████████████████▊     | 48/58 [00:02<00:00, 21.72it/s, loss=169427.7812]
  Epoch 28/30:  83%|████████████████████████▊     | 48/58 [00:02<00:00, 21.72it/s, loss=152715.6719]
  Epoch 28/30:  88%|██████████████████████████▍   | 51/58 [00:02<00:00, 21.29it/s, loss=152715.6719]
  Epoch 28/30:  88%|██████████████████████████▍   | 51/58 [00:02<00:00, 21.29it/s, loss=204155.8125]
  Epoch 28/30:  88%|██████████████████████████▍   | 51/58 [00:02<00:00, 21.29it/s, loss=152671.0312]
  Epoch 28/30:  88%|██████████████████████████▍   | 51/58 [00:02<00:00, 21.29it/s, loss=153377.3438]
  Epoch 28/30:  93%|███████████████████████████▉  | 54/58 [00:02<00:00, 20.95it/s, loss=153377.3438]
  Epoch 28/30:  93%|███████████████████████████▉  | 54/58 [00:02<00:00, 20.95it/s, loss=171129.0312]
  Epoch 28/30:  93%|███████████████████████████▉  | 54/58 [00:02<00:00, 20.95it/s, loss=148683.5000]
  Epoch 28/30:  93%|███████████████████████████▉  | 54/58 [00:02<00:00, 20.95it/s, loss=172348.8438]
  Epoch 28/30:  98%|█████████████████████████████▍| 57/58 [00:02<00:00, 21.45it/s, loss=172348.8438]
  Epoch 28/30:  98%|█████████████████████████████▍| 57/58 [00:02<00:00, 21.45it/s, loss=179171.4844]
                                                                                                    

  Epoch 29/30:   0%|                                                         | 0/58 [00:00<?, ?it/s]
  Epoch 29/30:   0%|                                       | 0/58 [00:00<?, ?it/s, loss=185952.0469]
  Epoch 29/30:   0%|                                       | 0/58 [00:00<?, ?it/s, loss=166901.4688]
  Epoch 29/30:   3%|█                              | 2/58 [00:00<00:03, 14.95it/s, loss=166901.4688]
  Epoch 29/30:   3%|█                              | 2/58 [00:00<00:03, 14.95it/s, loss=156462.0469]
  Epoch 29/30:   3%|█                              | 2/58 [00:00<00:03, 14.95it/s, loss=160694.9219]
  Epoch 29/30:   3%|█                              | 2/58 [00:00<00:03, 14.95it/s, loss=131601.5312]
  Epoch 29/30:   9%|██▋                            | 5/58 [00:00<00:02, 19.05it/s, loss=131601.5312]
  Epoch 29/30:   9%|██▋                            | 5/58 [00:00<00:02, 19.05it/s, loss=148783.4688]
  Epoch 29/30:   9%|██▋                            | 5/58 [00:00<00:02, 19.05it/s, loss=164138.0938]
  Epoch 29/30:   9%|██▋                            | 5/58 [00:00<00:02, 19.05it/s, loss=155523.7188]
  Epoch 29/30:  14%|████▎                          | 8/58 [00:00<00:03, 15.46it/s, loss=155523.7188]
  Epoch 29/30:  14%|████▎                          | 8/58 [00:00<00:03, 15.46it/s, loss=141638.4688]
  Epoch 29/30:  14%|████▎                          | 8/58 [00:00<00:03, 15.46it/s, loss=138427.4375]
  Epoch 29/30:  14%|████▎                          | 8/58 [00:00<00:03, 15.46it/s, loss=155254.7031]
  Epoch 29/30:  19%|█████▋                        | 11/58 [00:00<00:02, 17.81it/s, loss=155254.7031]
  Epoch 29/30:  19%|█████▋                        | 11/58 [00:00<00:02, 17.81it/s, loss=151370.3594]
  Epoch 29/30:  19%|█████▋                        | 11/58 [00:00<00:02, 17.81it/s, loss=147037.0312]
  Epoch 29/30:  22%|██████▋                       | 13/58 [00:00<00:02, 18.06it/s, loss=147037.0312]
  Epoch 29/30:  22%|██████▋                       | 13/58 [00:00<00:02, 18.06it/s, loss=134127.6562]
  Epoch 29/30:  22%|██████▋                       | 13/58 [00:00<00:02, 18.06it/s, loss=145919.7188]
  Epoch 29/30:  26%|███████▊                      | 15/58 [00:00<00:02, 17.63it/s, loss=145919.7188]
  Epoch 29/30:  26%|███████▊                      | 15/58 [00:00<00:02, 17.63it/s, loss=152995.9531]
  Epoch 29/30:  26%|███████▊                      | 15/58 [00:00<00:02, 17.63it/s, loss=159475.0938]
  Epoch 29/30:  29%|████████▊                     | 17/58 [00:00<00:02, 17.99it/s, loss=159475.0938]
  Epoch 29/30:  29%|████████▊                     | 17/58 [00:01<00:02, 17.99it/s, loss=137075.8750]
  Epoch 29/30:  29%|████████▊                     | 17/58 [00:01<00:02, 17.99it/s, loss=129398.2031]
  Epoch 29/30:  33%|█████████▊                    | 19/58 [00:01<00:02, 18.30it/s, loss=129398.2031]
  Epoch 29/30:  33%|█████████▊                    | 19/58 [00:01<00:02, 18.30it/s, loss=144603.9375]
  Epoch 29/30:  33%|█████████▊                    | 19/58 [00:01<00:02, 18.30it/s, loss=133800.6094]
  Epoch 29/30:  33%|█████████▊                    | 19/58 [00:01<00:02, 18.30it/s, loss=148470.5000]
  Epoch 29/30:  38%|███████████▍                  | 22/58 [00:01<00:01, 19.39it/s, loss=148470.5000]
  Epoch 29/30:  38%|███████████▍                  | 22/58 [00:01<00:01, 19.39it/s, loss=145596.6562]
  Epoch 29/30:  38%|███████████▍                  | 22/58 [00:01<00:01, 19.39it/s, loss=145438.4375]
  Epoch 29/30:  41%|████████████▍                 | 24/58 [00:01<00:01, 19.53it/s, loss=145438.4375]
  Epoch 29/30:  41%|████████████▍                 | 24/58 [00:01<00:01, 19.53it/s, loss=132447.5625]
  Epoch 29/30:  41%|████████████▍                 | 24/58 [00:01<00:01, 19.53it/s, loss=133166.5938]
  Epoch 29/30:  45%|█████████████▍                | 26/58 [00:01<00:01, 19.52it/s, loss=133166.5938]
  Epoch 29/30:  45%|█████████████▍                | 26/58 [00:01<00:01, 19.52it/s, loss=141265.9062]
  Epoch 29/30:  45%|█████████████▍                | 26/58 [00:01<00:01, 19.52it/s, loss=145193.8438]
  Epoch 29/30:  45%|█████████████▍                | 26/58 [00:01<00:01, 19.52it/s, loss=149572.1562]
  Epoch 29/30:  50%|███████████████               | 29/58 [00:01<00:01, 19.91it/s, loss=149572.1562]
  Epoch 29/30:  50%|███████████████               | 29/58 [00:01<00:01, 19.91it/s, loss=136762.5000]
  Epoch 29/30:  50%|███████████████               | 29/58 [00:01<00:01, 19.91it/s, loss=133502.9375]
  Epoch 29/30:  50%|███████████████               | 29/58 [00:01<00:01, 19.91it/s, loss=145201.2500]
  Epoch 29/30:  55%|████████████████▌             | 32/58 [00:01<00:01, 20.03it/s, loss=145201.2500]
  Epoch 29/30:  55%|████████████████▌             | 32/58 [00:01<00:01, 20.03it/s, loss=122020.3359]
  Epoch 29/30:  55%|████████████████▌             | 32/58 [00:01<00:01, 20.03it/s, loss=124055.5234]
  Epoch 29/30:  55%|████████████████▌             | 32/58 [00:01<00:01, 20.03it/s, loss=139544.3750]
  Epoch 29/30:  60%|██████████████████            | 35/58 [00:01<00:01, 21.36it/s, loss=139544.3750]
  Epoch 29/30:  60%|██████████████████            | 35/58 [00:01<00:01, 21.36it/s, loss=135548.0469]
  Epoch 29/30:  60%|██████████████████            | 35/58 [00:01<00:01, 21.36it/s, loss=131251.4375]
  Epoch 29/30:  60%|██████████████████            | 35/58 [00:01<00:01, 21.36it/s, loss=126174.4844]
  Epoch 29/30:  66%|███████████████████▋          | 38/58 [00:01<00:00, 20.62it/s, loss=126174.4844]
  Epoch 29/30:  66%|███████████████████▋          | 38/58 [00:02<00:00, 20.62it/s, loss=155062.0312]
  Epoch 29/30:  66%|███████████████████▋          | 38/58 [00:02<00:00, 20.62it/s, loss=153033.2969]
  Epoch 29/30:  66%|███████████████████▋          | 38/58 [00:02<00:00, 20.62it/s, loss=123299.0000]
  Epoch 29/30:  71%|█████████████████████▏        | 41/58 [00:02<00:00, 19.95it/s, loss=123299.0000]
  Epoch 29/30:  71%|█████████████████████▏        | 41/58 [00:02<00:00, 19.95it/s, loss=124105.2188]
  Epoch 29/30:  71%|█████████████████████▏        | 41/58 [00:02<00:00, 19.95it/s, loss=119913.8594]
  Epoch 29/30:  71%|█████████████████████▏        | 41/58 [00:02<00:00, 19.95it/s, loss=113534.1250]
  Epoch 29/30:  76%|██████████████████████▊       | 44/58 [00:02<00:00, 19.75it/s, loss=113534.1250]
  Epoch 29/30:  76%|██████████████████████▊       | 44/58 [00:02<00:00, 19.75it/s, loss=118147.0859]
  Epoch 29/30:  76%|██████████████████████▊       | 44/58 [00:02<00:00, 19.75it/s, loss=123318.6719]
  Epoch 29/30:  79%|███████████████████████▊      | 46/58 [00:02<00:00, 19.61it/s, loss=123318.6719]
  Epoch 29/30:  79%|███████████████████████▊      | 46/58 [00:02<00:00, 19.61it/s, loss=140036.3750]
  Epoch 29/30:  79%|███████████████████████▊      | 46/58 [00:02<00:00, 19.61it/s, loss=110496.3359]
  Epoch 29/30:  83%|████████████████████████▊     | 48/58 [00:02<00:00, 19.46it/s, loss=110496.3359]
  Epoch 29/30:  83%|████████████████████████▊     | 48/58 [00:02<00:00, 19.46it/s, loss=135130.6562]
  Epoch 29/30:  83%|████████████████████████▊     | 48/58 [00:02<00:00, 19.46it/s, loss=127274.4219]
  Epoch 29/30:  83%|████████████████████████▊     | 48/58 [00:02<00:00, 19.46it/s, loss=108334.9844]
  Epoch 29/30:  88%|██████████████████████████▍   | 51/58 [00:02<00:00, 20.37it/s, loss=108334.9844]
  Epoch 29/30:  88%|██████████████████████████▍   | 51/58 [00:02<00:00, 20.37it/s, loss=125775.4297]
  Epoch 29/30:  88%|██████████████████████████▍   | 51/58 [00:02<00:00, 20.37it/s, loss=118667.0625]
  Epoch 29/30:  88%|██████████████████████████▍   | 51/58 [00:02<00:00, 20.37it/s, loss=153416.0469]
  Epoch 29/30:  93%|███████████████████████████▉  | 54/58 [00:02<00:00, 21.48it/s, loss=153416.0469]
  Epoch 29/30:  93%|███████████████████████████▉  | 54/58 [00:02<00:00, 21.48it/s, loss=134393.4062]
  Epoch 29/30:  93%|███████████████████████████▉  | 54/58 [00:02<00:00, 21.48it/s, loss=133850.4219]
  Epoch 29/30:  93%|███████████████████████████▉  | 54/58 [00:02<00:00, 21.48it/s, loss=116598.9531]
  Epoch 29/30:  98%|█████████████████████████████▍| 57/58 [00:02<00:00, 19.59it/s, loss=116598.9531]
  Epoch 29/30:  98%|█████████████████████████████▍| 57/58 [00:02<00:00, 19.59it/s, loss=132965.5156]
                                                                                                    

  Epoch 30/30:   0%|                                                         | 0/58 [00:00<?, ?it/s]
  Epoch 30/30:   0%|                                       | 0/58 [00:00<?, ?it/s, loss=124302.2969]
  Epoch 30/30:   0%|                                       | 0/58 [00:00<?, ?it/s, loss=130226.2422]
  Epoch 30/30:   3%|█                              | 2/58 [00:00<00:03, 18.24it/s, loss=130226.2422]
  Epoch 30/30:   3%|█                              | 2/58 [00:00<00:03, 18.24it/s, loss=122104.8750]
  Epoch 30/30:   3%|█                              | 2/58 [00:00<00:03, 18.24it/s, loss=128665.3594]
  Epoch 30/30:   7%|██▏                            | 4/58 [00:00<00:03, 15.37it/s, loss=128665.3594]
  Epoch 30/30:   7%|██▏                            | 4/58 [00:00<00:03, 15.37it/s, loss=128532.8359]
  Epoch 30/30:   7%|██▏                            | 4/58 [00:00<00:03, 15.37it/s, loss=153073.0938]
  Epoch 30/30:  10%|███▏                           | 6/58 [00:00<00:03, 13.37it/s, loss=153073.0938]
  Epoch 30/30:  10%|███▏                           | 6/58 [00:00<00:03, 13.37it/s, loss=123544.8750]
  Epoch 30/30:  10%|███▏                           | 6/58 [00:00<00:03, 13.37it/s, loss=114174.5547]
  Epoch 30/30:  14%|████▎                          | 8/58 [00:00<00:03, 13.61it/s, loss=114174.5547]
  Epoch 30/30:  14%|████▎                          | 8/58 [00:00<00:03, 13.61it/s, loss=108736.3594]
  Epoch 30/30:  14%|████▎                          | 8/58 [00:00<00:03, 13.61it/s, loss=117229.8594]
  Epoch 30/30:  17%|█████▏                        | 10/58 [00:00<00:03, 14.27it/s, loss=117229.8594]
  Epoch 30/30:  17%|█████▏                        | 10/58 [00:00<00:03, 14.27it/s, loss=138792.5156]
  Epoch 30/30:  17%|█████▏                        | 10/58 [00:00<00:03, 14.27it/s, loss=115406.4688]
  Epoch 30/30:  21%|██████▏                       | 12/58 [00:00<00:03, 14.57it/s, loss=115406.4688]
  Epoch 30/30:  21%|██████▏                       | 12/58 [00:00<00:03, 14.57it/s, loss=123022.0312]
  Epoch 30/30:  21%|██████▏                       | 12/58 [00:00<00:03, 14.57it/s, loss=110931.3125]
  Epoch 30/30:  24%|███████▏                      | 14/58 [00:00<00:02, 15.04it/s, loss=110931.3125]
  Epoch 30/30:  24%|███████▏                      | 14/58 [00:01<00:02, 15.04it/s, loss=130093.4844]
  Epoch 30/30:  24%|███████▏                      | 14/58 [00:01<00:02, 15.04it/s, loss=116631.7656]
  Epoch 30/30:  28%|████████▎                     | 16/58 [00:01<00:02, 16.08it/s, loss=116631.7656]
  Epoch 30/30:  28%|████████▎                     | 16/58 [00:01<00:02, 16.08it/s, loss=123501.1875]
  Epoch 30/30:  28%|████████▎                     | 16/58 [00:01<00:02, 16.08it/s, loss=110120.6719]
  Epoch 30/30:  28%|████████▎                     | 16/58 [00:01<00:02, 16.08it/s, loss=128163.4844]
  Epoch 30/30:  33%|█████████▊                    | 19/58 [00:01<00:02, 16.89it/s, loss=128163.4844]
  Epoch 30/30:  33%|█████████▊                    | 19/58 [00:01<00:02, 16.89it/s, loss=107651.8906]
  Epoch 30/30:  33%|█████████▊                    | 19/58 [00:01<00:02, 16.89it/s, loss=119264.8984]
  Epoch 30/30:  36%|██████████▊                   | 21/58 [00:01<00:02, 17.05it/s, loss=119264.8984]
  Epoch 30/30:  36%|██████████▊                   | 21/58 [00:01<00:02, 17.05it/s, loss=124646.0000]
  Epoch 30/30:  36%|███████████▏                   | 21/58 [00:01<00:02, 17.05it/s, loss=99932.4219]
  Epoch 30/30:  36%|██████████▊                   | 21/58 [00:01<00:02, 17.05it/s, loss=122291.2656]
  Epoch 30/30:  41%|████████████▍                 | 24/58 [00:01<00:01, 18.22it/s, loss=122291.2656]
  Epoch 30/30:  41%|████████████▍                 | 24/58 [00:01<00:01, 18.22it/s, loss=122588.5781]
  Epoch 30/30:  41%|████████████▊                  | 24/58 [00:01<00:01, 18.22it/s, loss=91958.7031]
  Epoch 30/30:  41%|████████████▍                 | 24/58 [00:01<00:01, 18.22it/s, loss=125960.8984]
  Epoch 30/30:  47%|█████████████▉                | 27/58 [00:01<00:01, 19.69it/s, loss=125960.8984]
  Epoch 30/30:  47%|██████████████▍                | 27/58 [00:01<00:01, 19.69it/s, loss=95567.2734]
  Epoch 30/30:  47%|█████████████▉                | 27/58 [00:01<00:01, 19.69it/s, loss=101012.5234]
  Epoch 30/30:  50%|███████████████               | 29/58 [00:01<00:01, 19.36it/s, loss=101012.5234]
  Epoch 30/30:  50%|███████████████               | 29/58 [00:01<00:01, 19.36it/s, loss=101303.0234]
  Epoch 30/30:  50%|███████████████               | 29/58 [00:01<00:01, 19.36it/s, loss=119341.7031]
  Epoch 30/30:  50%|███████████████               | 29/58 [00:01<00:01, 19.36it/s, loss=122980.2500]
  Epoch 30/30:  55%|████████████████▌             | 32/58 [00:01<00:01, 20.54it/s, loss=122980.2500]
  Epoch 30/30:  55%|████████████████▌             | 32/58 [00:01<00:01, 20.54it/s, loss=113117.7969]
  Epoch 30/30:  55%|█████████████████              | 32/58 [00:01<00:01, 20.54it/s, loss=92647.3359]
  Epoch 30/30:  55%|████████████████▌             | 32/58 [00:01<00:01, 20.54it/s, loss=110514.7188]
  Epoch 30/30:  60%|██████████████████            | 35/58 [00:01<00:01, 21.03it/s, loss=110514.7188]
  Epoch 30/30:  60%|██████████████████▋            | 35/58 [00:02<00:01, 21.03it/s, loss=96398.2734]
  Epoch 30/30:  60%|██████████████████▋            | 35/58 [00:02<00:01, 21.03it/s, loss=97093.1406]
  Epoch 30/30:  60%|██████████████████▋            | 35/58 [00:02<00:01, 21.03it/s, loss=99559.8594]
  Epoch 30/30:  66%|████████████████████▎          | 38/58 [00:02<00:01, 19.53it/s, loss=99559.8594]
  Epoch 30/30:  66%|████████████████████▎          | 38/58 [00:02<00:01, 19.53it/s, loss=95337.4297]
  Epoch 30/30:  66%|███████████████████▋          | 38/58 [00:02<00:01, 19.53it/s, loss=102797.5469]
  Epoch 30/30:  69%|████████████████████▋         | 40/58 [00:02<00:00, 18.50it/s, loss=102797.5469]
  Epoch 30/30:  69%|████████████████████▋         | 40/58 [00:02<00:00, 18.50it/s, loss=108527.2031]
  Epoch 30/30:  69%|████████████████████▋         | 40/58 [00:02<00:00, 18.50it/s, loss=109788.7500]
  Epoch 30/30:  72%|█████████████████████▋        | 42/58 [00:02<00:00, 17.85it/s, loss=109788.7500]
  Epoch 30/30:  72%|██████████████████████▍        | 42/58 [00:02<00:00, 17.85it/s, loss=96625.6094]
  Epoch 30/30:  72%|█████████████████████▋        | 42/58 [00:02<00:00, 17.85it/s, loss=110496.7500]
  Epoch 30/30:  76%|██████████████████████▊       | 44/58 [00:02<00:00, 17.51it/s, loss=110496.7500]
  Epoch 30/30:  76%|███████████████████████▌       | 44/58 [00:02<00:00, 17.51it/s, loss=95602.1250]
  Epoch 30/30:  76%|███████████████████████▌       | 44/58 [00:02<00:00, 17.51it/s, loss=94910.8281]
  Epoch 30/30:  79%|████████████████████████▌      | 46/58 [00:02<00:00, 16.90it/s, loss=94910.8281]
  Epoch 30/30:  79%|████████████████████████▌      | 46/58 [00:02<00:00, 16.90it/s, loss=98633.4062]
  Epoch 30/30:  79%|███████████████████████▊      | 46/58 [00:02<00:00, 16.90it/s, loss=126421.3672]
  Epoch 30/30:  79%|███████████████████████▊      | 46/58 [00:02<00:00, 16.90it/s, loss=101984.8984]
  Epoch 30/30:  84%|█████████████████████████▎    | 49/58 [00:02<00:00, 18.24it/s, loss=101984.8984]
  Epoch 30/30:  84%|██████████████████████████▏    | 49/58 [00:02<00:00, 18.24it/s, loss=93491.6250]
  Epoch 30/30:  84%|█████████████████████████▎    | 49/58 [00:02<00:00, 18.24it/s, loss=117916.3984]
  Epoch 30/30:  84%|█████████████████████████▎    | 49/58 [00:02<00:00, 18.24it/s, loss=106447.4688]
  Epoch 30/30:  90%|██████████████████████████▉   | 52/58 [00:02<00:00, 19.82it/s, loss=106447.4688]
  Epoch 30/30:  90%|██████████████████████████▉   | 52/58 [00:02<00:00, 19.82it/s, loss=110031.8594]
  Epoch 30/30:  90%|██████████████████████████▉   | 52/58 [00:03<00:00, 19.82it/s, loss=121203.1172]
  Epoch 30/30:  90%|███████████████████████████▊   | 52/58 [00:03<00:00, 19.82it/s, loss=95872.5547]
  Epoch 30/30:  95%|█████████████████████████████▍ | 55/58 [00:03<00:00, 20.74it/s, loss=95872.5547]
  Epoch 30/30:  95%|████████████████████████████▍ | 55/58 [00:03<00:00, 20.74it/s, loss=117294.5234]
  Epoch 30/30:  95%|█████████████████████████████▍ | 55/58 [00:03<00:00, 20.74it/s, loss=94647.9531]
  Epoch 30/30:  95%|█████████████████████████████▍ | 55/58 [00:03<00:00, 20.74it/s, loss=56867.5547]
  Epoch 30/30: 100%|███████████████████████████████| 58/58 [00:03<00:00, 22.01it/s, loss=56867.5547]
                                                                                                    
  Epoch 30/30 │ Loss: 111482.4620 │ T+1: -21667080.0000 │ T+2: -30293752.0000 │ T+3: -117939448.0000 ★ NEW BEST

  → Loading best model checkpoint
    Best T+1 NSE: -21667080.0000

  → Saving model
    Model saved: E:\SRIP 2025\Streamflow and Water-level Prediction\Final Stuff\srip-transformer\runs\full_20260304_211322\model.pt

============================================================
  STEP 7: EVALUATING MODEL
============================================================

  → Evaluating on Test Set 1961-1970

  Testing 1961-1970:   0%|                                                   | 0/15 [00:00<?, ?it/s]
  Testing 1961-1970:  33%|██████████████▎                            | 5/15 [00:00<00:00, 46.59it/s]
  Testing 1961-1970:  67%|████████████████████████████              | 10/15 [00:00<00:00, 45.88it/s]
  Testing 1961-1970: 100%|██████████████████████████████████████████| 15/15 [00:00<00:00, 45.64it/s]
                                                                                                    

    Results (1961-1970):
    Horizon       NSE       R²      PBIAS │      P90      P95 │    Peak%
    ----------------------------------------------------------------------
    T1       -32679.9057 -32679.9057 -46039.52% │ -7387.0221 -5041.9505 │   100.0%
    T2       -156103.3070 -156103.3070 -100623.60% │ -35767.8106 -24580.1528 │   100.0%
    T3       -1528231.9910 -1528231.9910 -314841.41% │ -352630.9228 -243222.0483 │   100.0%

  → Evaluating on Test Set 2011-2020

  Testing 2011-2020:   0%|                                                   | 0/15 [00:00<?, ?it/s]
  Testing 2011-2020:  33%|██████████████▎                            | 5/15 [00:00<00:00, 48.24it/s]
  Testing 2011-2020:  73%|██████████████████████████████▊           | 11/15 [00:00<00:00, 53.98it/s]
                                                                                                    

    Results (2011-2020):
    Horizon       NSE       R²      PBIAS │      P90      P95 │    Peak%
    ----------------------------------------------------------------------
    T1       -64414.7863 -64414.7863 -57319.41% │ -14430.0602 -9461.4288 │   100.0%
    T2       -307543.2762 -307543.2762 -125240.25% │ -69532.2800 -45795.4907 │   100.0%
    T3       -3009762.8151 -3009762.8151 -391780.39% │ -683703.2315 -451426.9489 │   100.0%

============================================================
  STEP 8: SAVING RESULTS
============================================================

  → Saving results.json

  → Saving train_history.json

  → Computing feature saliency (gradient × input)
    Features: ['rainfall', 'tmax', 'tmin', 'waterlevel_upstream', 'streamflow_upstream', 'waterlevel_final', 'streamflow_final', 'hierarchical_feature_quantile_0.1', 'hierarchical_feature_quantile_0.5', 'hierarchical_feature_quantile_0.9', 'hierarchical_feature_quantile_0.95']
Traceback (most recent call last):
  File "E:\SRIP 2025\Streamflow and Water-level Prediction\Final Stuff\srip-transformer\src\train.py", line 895, in <module>
    main()
  File "E:\SRIP 2025\Streamflow and Water-level Prediction\Final Stuff\srip-transformer\src\train.py", line 850, in main
    saliency_results = compute_feature_saliency(
                       ^^^^^^^^^^^^^^^^^^^^^^^^^
  File "E:\SRIP 2025\Streamflow and Water-level Prediction\Final Stuff\srip-transformer\src\train.py", line 398, in compute_feature_saliency
    predictions[horizon].sum().backward(retain_graph=True)
  File "C:\Users\HP\AppData\Local\Programs\Python\Python312\Lib\site-packages\torch\_tensor.py", line 630, in backward
    torch.autograd.backward(
  File "C:\Users\HP\AppData\Local\Programs\Python\Python312\Lib\site-packages\torch\autograd\__init__.py", line 364, in backward
    _engine_run_backward(
  File "C:\Users\HP\AppData\Local\Programs\Python\Python312\Lib\site-packages\torch\autograd\graph.py", line 865, in _engine_run_backward
    return Variable._execution_engine.run_backward(  # Calls into the C++ engine to run the backward pass
           ^^^^^^^^^^^^^^^^^^^^^^^^^^^^^^^^^^^^^^^^^^^^^^^^^^^^^^^^^^^^^^^^^^^^^^^^^^^^^^^^^^^^^^^^^^^^^^
RuntimeError: cudnn RNN backward can only be called in training mode
