
============================================================
  SeqLSTM TRAINING PIPELINE
  Modular Ablation Framework
============================================================

============================================================
  STEP 1: LOADING CONFIGURATION
============================================================
  Config file: E:\SRIP 2025\Streamflow and Water-level Prediction\Final Stuff\srip-transformer\src\configs\baseline_mha.yaml
  Config name: baseline_mha

  Configuration:
    • Sequential:    ✗ OFF (single LSTM)
    • Bidirectional: ✗ OFF
    • Attention:     ✓ ON  (MHA)
    • Rating Curve:  ✗ OFF
    • Hierarchical:  ✗ OFF

  LSTM Settings:
    • Hidden dim:    64
    • Num layers:    1
    • Dropout:       0.1

  Attention Settings:
    • Num heads:     8

  Hard Constraints (enforced globally):
    • Lookback:      7 days
    • Batch size:    256
    • Learning rate: 0.001
    • Epochs:        30
    • Optimizer:     Adam
    • Loss:          MSE
    • Random seed:   74

  → Setting random seed: 74

  → Using device: cuda
    GPU: NVIDIA GeForce RTX 3050 4GB Laptop GPU

============================================================
  STEP 2: LOADING AND PREPARING DATA
============================================================

  → Loading station data: E:\SRIP 2025\Streamflow and Water-level Prediction\Final Stuff\srip-transformer\hierarchial\new_Hoshangabad_with_hierarchical_quantiles.csv
    Raw data shape: (22279, 23)
    Date range: 1961-01-02 to 2021-12-31

  → Detected pre-computed hierarchical features in CSV
    • hierarchical_feature_quantile_0.1
    • hierarchical_feature_quantile_0.5
    • hierarchical_feature_quantile_0.9
    • hierarchical_feature_quantile_0.95
    ✗ Will be EXCLUDED (use_hierarchical=False)

  → Determining feature set
    Using auto-detected features
    Total features: 7
       1. rainfall
       2. tmax
       3. tmin
       4. waterlevel_upstream
       5. streamflow_upstream
       6. waterlevel_final
       7. streamflow_final
    Target: streamflow_final

  → Loading processed data
    Station: Hoshangabad
    Processed shape: (22279, 23)

  → Splitting data by year
    Train (1971-2010):        14,610 samples
    Test (1961-1970):         3,651 samples
    Test (2011-2020):         3,653 samples

  → Scaling features (MinMaxScaler)
    Scaler fitted on 7 features

  → Creating PyTorch datasets
    Lookback window: 7 days (t-7 to t-1)
    Train dataset:   14,600 sequences
    Test 61-70:      3,641 sequences
    Test 11-20:      3,643 sequences

  → Creating DataLoaders
    Batch size: 256
    Train batches: 58

============================================================
  STEP 3: SETTING UP OUTPUT DIRECTORY
============================================================
  Run directory: E:\SRIP 2025\Streamflow and Water-level Prediction\Final Stuff\srip-transformer\runs\baseline_mha_20260304_211948

============================================================
  STEP 4: RATING CURVE (SKIPPED)
============================================================
  Fitter disabled in config

============================================================
  STEP 5: CREATING MODEL
============================================================

  → Initializing SeqLSTMModel
    Input dimension: 7
    Model variant:   Vanilla_MHA

  → Counting parameters & FLOPs
    Total parameters: 41,795
      • lstm: 18,688
      • attention: 16,768
      • heads: 6,339
    FLOPs (per forward pass): 375.424K  [manual estimate]

============================================================
  STEP 6: TRAINING MODEL
============================================================

  → Setting up optimizer and loss function
    Optimizer: Adam (lr=0.001)
    Loss: MSELoss

  → Starting training loop (30 epochs)
    Progress will be shown every 5 epochs


  Epoch  1/30:   0%|                                                         | 0/58 [00:00<?, ?it/s]
  Epoch  1/30:   0%|                                            | 0/58 [00:00<?, ?it/s, loss=0.1074]
  Epoch  1/30:   2%|▌                                   | 1/58 [00:00<00:21,  2.64it/s, loss=0.1074]
  Epoch  1/30:   2%|▌                                   | 1/58 [00:00<00:21,  2.64it/s, loss=0.0199]
  Epoch  1/30:   2%|▌                                   | 1/58 [00:00<00:21,  2.64it/s, loss=0.0101]
  Epoch  1/30:   2%|▌                                   | 1/58 [00:00<00:21,  2.64it/s, loss=0.0243]
  Epoch  1/30:   2%|▌                                   | 1/58 [00:00<00:21,  2.64it/s, loss=0.0329]
  Epoch  1/30:   2%|▌                                   | 1/58 [00:00<00:21,  2.64it/s, loss=0.0289]
  Epoch  1/30:  10%|███▋                                | 6/58 [00:00<00:03, 15.27it/s, loss=0.0289]
  Epoch  1/30:  10%|███▋                                | 6/58 [00:00<00:03, 15.27it/s, loss=0.0206]
  Epoch  1/30:  10%|███▋                                | 6/58 [00:00<00:03, 15.27it/s, loss=0.0159]
  Epoch  1/30:  10%|███▋                                | 6/58 [00:00<00:03, 15.27it/s, loss=0.0105]
  Epoch  1/30:  10%|███▋                                | 6/58 [00:00<00:03, 15.27it/s, loss=0.0081]
  Epoch  1/30:  17%|██████                             | 10/58 [00:00<00:02, 21.81it/s, loss=0.0081]
  Epoch  1/30:  17%|██████                             | 10/58 [00:00<00:02, 21.81it/s, loss=0.0062]
  Epoch  1/30:  17%|██████                             | 10/58 [00:00<00:02, 21.81it/s, loss=0.0089]
  Epoch  1/30:  17%|██████                             | 10/58 [00:00<00:02, 21.81it/s, loss=0.0114]
  Epoch  1/30:  17%|██████                             | 10/58 [00:00<00:02, 21.81it/s, loss=0.0129]
  Epoch  1/30:  24%|████████▍                          | 14/58 [00:00<00:01, 26.28it/s, loss=0.0129]
  Epoch  1/30:  24%|████████▍                          | 14/58 [00:00<00:01, 26.28it/s, loss=0.0110]
  Epoch  1/30:  24%|████████▍                          | 14/58 [00:00<00:01, 26.28it/s, loss=0.0117]
  Epoch  1/30:  24%|████████▍                          | 14/58 [00:00<00:01, 26.28it/s, loss=0.0076]
  Epoch  1/30:  24%|████████▍                          | 14/58 [00:00<00:01, 26.28it/s, loss=0.0076]
  Epoch  1/30:  31%|██████████▊                        | 18/58 [00:00<00:01, 27.49it/s, loss=0.0076]
  Epoch  1/30:  31%|██████████▊                        | 18/58 [00:00<00:01, 27.49it/s, loss=0.0039]
  Epoch  1/30:  31%|██████████▊                        | 18/58 [00:00<00:01, 27.49it/s, loss=0.0065]
  Epoch  1/30:  31%|██████████▊                        | 18/58 [00:00<00:01, 27.49it/s, loss=0.0062]
  Epoch  1/30:  31%|██████████▊                        | 18/58 [00:00<00:01, 27.49it/s, loss=0.0043]
  Epoch  1/30:  38%|█████████████▎                     | 22/58 [00:00<00:01, 29.02it/s, loss=0.0043]
  Epoch  1/30:  38%|█████████████▎                     | 22/58 [00:00<00:01, 29.02it/s, loss=0.0059]
  Epoch  1/30:  38%|█████████████▎                     | 22/58 [00:01<00:01, 29.02it/s, loss=0.0064]
  Epoch  1/30:  38%|█████████████▎                     | 22/58 [00:01<00:01, 29.02it/s, loss=0.0060]
  Epoch  1/30:  38%|█████████████▎                     | 22/58 [00:01<00:01, 29.02it/s, loss=0.0078]
  Epoch  1/30:  45%|███████████████▋                   | 26/58 [00:01<00:01, 30.73it/s, loss=0.0078]
  Epoch  1/30:  45%|███████████████▋                   | 26/58 [00:01<00:01, 30.73it/s, loss=0.0041]
  Epoch  1/30:  45%|███████████████▋                   | 26/58 [00:01<00:01, 30.73it/s, loss=0.0089]
  Epoch  1/30:  45%|███████████████▋                   | 26/58 [00:01<00:01, 30.73it/s, loss=0.0079]
  Epoch  1/30:  45%|███████████████▋                   | 26/58 [00:01<00:01, 30.73it/s, loss=0.0073]
  Epoch  1/30:  45%|███████████████▋                   | 26/58 [00:01<00:01, 30.73it/s, loss=0.0042]
  Epoch  1/30:  53%|██████████████████▋                | 31/58 [00:01<00:00, 34.20it/s, loss=0.0042]
  Epoch  1/30:  53%|██████████████████▋                | 31/58 [00:01<00:00, 34.20it/s, loss=0.0033]
  Epoch  1/30:  53%|██████████████████▋                | 31/58 [00:01<00:00, 34.20it/s, loss=0.0049]
  Epoch  1/30:  53%|██████████████████▋                | 31/58 [00:01<00:00, 34.20it/s, loss=0.0061]
  Epoch  1/30:  53%|██████████████████▋                | 31/58 [00:01<00:00, 34.20it/s, loss=0.0041]
  Epoch  1/30:  60%|█████████████████████              | 35/58 [00:01<00:00, 35.46it/s, loss=0.0041]
  Epoch  1/30:  60%|█████████████████████              | 35/58 [00:01<00:00, 35.46it/s, loss=0.0042]
  Epoch  1/30:  60%|█████████████████████              | 35/58 [00:01<00:00, 35.46it/s, loss=0.0060]
  Epoch  1/30:  60%|█████████████████████              | 35/58 [00:01<00:00, 35.46it/s, loss=0.0032]
  Epoch  1/30:  60%|█████████████████████              | 35/58 [00:01<00:00, 35.46it/s, loss=0.0032]
  Epoch  1/30:  67%|███████████████████████▌           | 39/58 [00:01<00:00, 34.96it/s, loss=0.0032]
  Epoch  1/30:  67%|███████████████████████▌           | 39/58 [00:01<00:00, 34.96it/s, loss=0.0063]
  Epoch  1/30:  67%|███████████████████████▌           | 39/58 [00:01<00:00, 34.96it/s, loss=0.0037]
  Epoch  1/30:  67%|███████████████████████▌           | 39/58 [00:01<00:00, 34.96it/s, loss=0.0039]
  Epoch  1/30:  67%|███████████████████████▌           | 39/58 [00:01<00:00, 34.96it/s, loss=0.0036]
  Epoch  1/30:  74%|█████████████████████████▉         | 43/58 [00:01<00:00, 33.76it/s, loss=0.0036]
  Epoch  1/30:  74%|█████████████████████████▉         | 43/58 [00:01<00:00, 33.76it/s, loss=0.0036]
  Epoch  1/30:  74%|█████████████████████████▉         | 43/58 [00:01<00:00, 33.76it/s, loss=0.0028]
  Epoch  1/30:  74%|█████████████████████████▉         | 43/58 [00:01<00:00, 33.76it/s, loss=0.0042]
  Epoch  1/30:  74%|█████████████████████████▉         | 43/58 [00:01<00:00, 33.76it/s, loss=0.0044]
  Epoch  1/30:  74%|█████████████████████████▉         | 43/58 [00:01<00:00, 33.76it/s, loss=0.0029]
  Epoch  1/30:  83%|████████████████████████████▉      | 48/58 [00:01<00:00, 35.47it/s, loss=0.0029]
  Epoch  1/30:  83%|████████████████████████████▉      | 48/58 [00:01<00:00, 35.47it/s, loss=0.0025]
  Epoch  1/30:  83%|████████████████████████████▉      | 48/58 [00:01<00:00, 35.47it/s, loss=0.0030]
  Epoch  1/30:  83%|████████████████████████████▉      | 48/58 [00:01<00:00, 35.47it/s, loss=0.0021]
  Epoch  1/30:  83%|████████████████████████████▉      | 48/58 [00:01<00:00, 35.47it/s, loss=0.0033]
  Epoch  1/30:  90%|███████████████████████████████▍   | 52/58 [00:01<00:00, 35.78it/s, loss=0.0033]
  Epoch  1/30:  90%|███████████████████████████████▍   | 52/58 [00:01<00:00, 35.78it/s, loss=0.0037]
  Epoch  1/30:  90%|███████████████████████████████▍   | 52/58 [00:01<00:00, 35.78it/s, loss=0.0030]
  Epoch  1/30:  90%|███████████████████████████████▍   | 52/58 [00:01<00:00, 35.78it/s, loss=0.0033]
  Epoch  1/30:  90%|███████████████████████████████▍   | 52/58 [00:01<00:00, 35.78it/s, loss=0.0020]
  Epoch  1/30:  97%|█████████████████████████████████▊ | 56/58 [00:01<00:00, 34.38it/s, loss=0.0020]
  Epoch  1/30:  97%|█████████████████████████████████▊ | 56/58 [00:01<00:00, 34.38it/s, loss=0.0021]
  Epoch  1/30:  97%|█████████████████████████████████▊ | 56/58 [00:01<00:00, 34.38it/s, loss=0.0014]
                                                                                                    

  Epoch  2/30:   0%|                                                         | 0/58 [00:00<?, ?it/s]
  Epoch  2/30:   0%|                                            | 0/58 [00:00<?, ?it/s, loss=0.0037]
  Epoch  2/30:   0%|                                            | 0/58 [00:00<?, ?it/s, loss=0.0046]
  Epoch  2/30:   0%|                                            | 0/58 [00:00<?, ?it/s, loss=0.0038]
  Epoch  2/30:   0%|                                            | 0/58 [00:00<?, ?it/s, loss=0.0017]
  Epoch  2/30:   0%|                                            | 0/58 [00:00<?, ?it/s, loss=0.0022]
  Epoch  2/30:   9%|███                                 | 5/58 [00:00<00:01, 43.43it/s, loss=0.0022]
  Epoch  2/30:   9%|███                                 | 5/58 [00:00<00:01, 43.43it/s, loss=0.0035]
  Epoch  2/30:   9%|███                                 | 5/58 [00:00<00:01, 43.43it/s, loss=0.0029]
  Epoch  2/30:   9%|███                                 | 5/58 [00:00<00:01, 43.43it/s, loss=0.0021]
  Epoch  2/30:   9%|███                                 | 5/58 [00:00<00:01, 43.43it/s, loss=0.0035]
  Epoch  2/30:   9%|███                                 | 5/58 [00:00<00:01, 43.43it/s, loss=0.0015]
  Epoch  2/30:  17%|██████                             | 10/58 [00:00<00:01, 42.02it/s, loss=0.0015]
  Epoch  2/30:  17%|██████                             | 10/58 [00:00<00:01, 42.02it/s, loss=0.0022]
  Epoch  2/30:  17%|██████                             | 10/58 [00:00<00:01, 42.02it/s, loss=0.0051]
  Epoch  2/30:  17%|██████                             | 10/58 [00:00<00:01, 42.02it/s, loss=0.0044]
  Epoch  2/30:  17%|██████                             | 10/58 [00:00<00:01, 42.02it/s, loss=0.0023]
  Epoch  2/30:  17%|██████                             | 10/58 [00:00<00:01, 42.02it/s, loss=0.0029]
  Epoch  2/30:  26%|█████████                          | 15/58 [00:00<00:01, 39.81it/s, loss=0.0029]
  Epoch  2/30:  26%|█████████                          | 15/58 [00:00<00:01, 39.81it/s, loss=0.0018]
  Epoch  2/30:  26%|█████████                          | 15/58 [00:00<00:01, 39.81it/s, loss=0.0034]
  Epoch  2/30:  26%|█████████                          | 15/58 [00:00<00:01, 39.81it/s, loss=0.0037]
  Epoch  2/30:  26%|█████████                          | 15/58 [00:00<00:01, 39.81it/s, loss=0.0028]
  Epoch  2/30:  26%|█████████                          | 15/58 [00:00<00:01, 39.81it/s, loss=0.0018]
  Epoch  2/30:  34%|████████████                       | 20/58 [00:00<00:00, 40.65it/s, loss=0.0018]
  Epoch  2/30:  34%|████████████                       | 20/58 [00:00<00:00, 40.65it/s, loss=0.0028]
  Epoch  2/30:  34%|████████████                       | 20/58 [00:00<00:00, 40.65it/s, loss=0.0031]
  Epoch  2/30:  34%|████████████                       | 20/58 [00:00<00:00, 40.65it/s, loss=0.0020]
  Epoch  2/30:  34%|████████████                       | 20/58 [00:00<00:00, 40.65it/s, loss=0.0024]
  Epoch  2/30:  34%|████████████                       | 20/58 [00:00<00:00, 40.65it/s, loss=0.0032]
  Epoch  2/30:  43%|███████████████                    | 25/58 [00:00<00:00, 39.08it/s, loss=0.0032]
  Epoch  2/30:  43%|███████████████                    | 25/58 [00:00<00:00, 39.08it/s, loss=0.0061]
  Epoch  2/30:  43%|███████████████                    | 25/58 [00:00<00:00, 39.08it/s, loss=0.0045]
  Epoch  2/30:  43%|███████████████                    | 25/58 [00:00<00:00, 39.08it/s, loss=0.0038]
  Epoch  2/30:  43%|███████████████                    | 25/58 [00:00<00:00, 39.08it/s, loss=0.0039]
  Epoch  2/30:  50%|█████████████████▌                 | 29/58 [00:00<00:00, 35.81it/s, loss=0.0039]
  Epoch  2/30:  50%|█████████████████▌                 | 29/58 [00:00<00:00, 35.81it/s, loss=0.0025]
  Epoch  2/30:  50%|█████████████████▌                 | 29/58 [00:00<00:00, 35.81it/s, loss=0.0034]
  Epoch  2/30:  50%|█████████████████▌                 | 29/58 [00:00<00:00, 35.81it/s, loss=0.0017]
  Epoch  2/30:  50%|█████████████████▌                 | 29/58 [00:00<00:00, 35.81it/s, loss=0.0028]
  Epoch  2/30:  57%|███████████████████▉               | 33/58 [00:00<00:00, 35.44it/s, loss=0.0028]
  Epoch  2/30:  57%|███████████████████▉               | 33/58 [00:00<00:00, 35.44it/s, loss=0.0013]
  Epoch  2/30:  57%|███████████████████▉               | 33/58 [00:00<00:00, 35.44it/s, loss=0.0034]
  Epoch  2/30:  57%|███████████████████▉               | 33/58 [00:00<00:00, 35.44it/s, loss=0.0021]
  Epoch  2/30:  57%|███████████████████▉               | 33/58 [00:00<00:00, 35.44it/s, loss=0.0018]
  Epoch  2/30:  57%|███████████████████▉               | 33/58 [00:00<00:00, 35.44it/s, loss=0.0020]
  Epoch  2/30:  66%|██████████████████████▉            | 38/58 [00:00<00:00, 38.22it/s, loss=0.0020]
  Epoch  2/30:  66%|██████████████████████▉            | 38/58 [00:01<00:00, 38.22it/s, loss=0.0015]
  Epoch  2/30:  66%|██████████████████████▉            | 38/58 [00:01<00:00, 38.22it/s, loss=0.0028]
  Epoch  2/30:  66%|██████████████████████▉            | 38/58 [00:01<00:00, 38.22it/s, loss=0.0012]
  Epoch  2/30:  66%|██████████████████████▉            | 38/58 [00:01<00:00, 38.22it/s, loss=0.0025]
  Epoch  2/30:  66%|██████████████████████▉            | 38/58 [00:01<00:00, 38.22it/s, loss=0.0031]
  Epoch  2/30:  74%|█████████████████████████▉         | 43/58 [00:01<00:00, 40.40it/s, loss=0.0031]
  Epoch  2/30:  74%|█████████████████████████▉         | 43/58 [00:01<00:00, 40.40it/s, loss=0.0019]
  Epoch  2/30:  74%|█████████████████████████▉         | 43/58 [00:01<00:00, 40.40it/s, loss=0.0020]
  Epoch  2/30:  74%|█████████████████████████▉         | 43/58 [00:01<00:00, 40.40it/s, loss=0.0018]
  Epoch  2/30:  74%|█████████████████████████▉         | 43/58 [00:01<00:00, 40.40it/s, loss=0.0026]
  Epoch  2/30:  74%|█████████████████████████▉         | 43/58 [00:01<00:00, 40.40it/s, loss=0.0017]
  Epoch  2/30:  83%|████████████████████████████▉      | 48/58 [00:01<00:00, 38.68it/s, loss=0.0017]
  Epoch  2/30:  83%|████████████████████████████▉      | 48/58 [00:01<00:00, 38.68it/s, loss=0.0032]
  Epoch  2/30:  83%|████████████████████████████▉      | 48/58 [00:01<00:00, 38.68it/s, loss=0.0026]
  Epoch  2/30:  83%|████████████████████████████▉      | 48/58 [00:01<00:00, 38.68it/s, loss=0.0023]
  Epoch  2/30:  83%|████████████████████████████▉      | 48/58 [00:01<00:00, 38.68it/s, loss=0.0013]
  Epoch  2/30:  90%|███████████████████████████████▍   | 52/58 [00:01<00:00, 38.48it/s, loss=0.0013]
  Epoch  2/30:  90%|███████████████████████████████▍   | 52/58 [00:01<00:00, 38.48it/s, loss=0.0032]
  Epoch  2/30:  90%|███████████████████████████████▍   | 52/58 [00:01<00:00, 38.48it/s, loss=0.0028]
  Epoch  2/30:  90%|███████████████████████████████▍   | 52/58 [00:01<00:00, 38.48it/s, loss=0.0022]
  Epoch  2/30:  90%|███████████████████████████████▍   | 52/58 [00:01<00:00, 38.48it/s, loss=0.0033]
  Epoch  2/30:  97%|█████████████████████████████████▊ | 56/58 [00:01<00:00, 38.03it/s, loss=0.0033]
  Epoch  2/30:  97%|█████████████████████████████████▊ | 56/58 [00:01<00:00, 38.03it/s, loss=0.0024]
  Epoch  2/30:  97%|█████████████████████████████████▊ | 56/58 [00:01<00:00, 38.03it/s, loss=0.0113]
                                                                                                    

  Epoch  3/30:   0%|                                                         | 0/58 [00:00<?, ?it/s]
  Epoch  3/30:   0%|                                            | 0/58 [00:00<?, ?it/s, loss=0.0012]
  Epoch  3/30:   0%|                                            | 0/58 [00:00<?, ?it/s, loss=0.0013]
  Epoch  3/30:   0%|                                            | 0/58 [00:00<?, ?it/s, loss=0.0019]
  Epoch  3/30:   0%|                                            | 0/58 [00:00<?, ?it/s, loss=0.0024]
  Epoch  3/30:   7%|██▍                                 | 4/58 [00:00<00:01, 32.24it/s, loss=0.0024]
  Epoch  3/30:   7%|██▍                                 | 4/58 [00:00<00:01, 32.24it/s, loss=0.0040]
  Epoch  3/30:   7%|██▍                                 | 4/58 [00:00<00:01, 32.24it/s, loss=0.0032]
  Epoch  3/30:   7%|██▍                                 | 4/58 [00:00<00:01, 32.24it/s, loss=0.0016]
  Epoch  3/30:   7%|██▍                                 | 4/58 [00:00<00:01, 32.24it/s, loss=0.0020]
  Epoch  3/30:   7%|██▍                                 | 4/58 [00:00<00:01, 32.24it/s, loss=0.0023]
  Epoch  3/30:  16%|█████▌                              | 9/58 [00:00<00:01, 40.23it/s, loss=0.0023]
  Epoch  3/30:  16%|█████▌                              | 9/58 [00:00<00:01, 40.23it/s, loss=0.0015]
  Epoch  3/30:  16%|█████▌                              | 9/58 [00:00<00:01, 40.23it/s, loss=0.0019]
  Epoch  3/30:  16%|█████▌                              | 9/58 [00:00<00:01, 40.23it/s, loss=0.0024]
  Epoch  3/30:  16%|█████▌                              | 9/58 [00:00<00:01, 40.23it/s, loss=0.0019]
  Epoch  3/30:  16%|█████▌                              | 9/58 [00:00<00:01, 40.23it/s, loss=0.0023]
  Epoch  3/30:  24%|████████▍                          | 14/58 [00:00<00:01, 40.97it/s, loss=0.0023]
  Epoch  3/30:  24%|████████▍                          | 14/58 [00:00<00:01, 40.97it/s, loss=0.0026]
  Epoch  3/30:  24%|████████▍                          | 14/58 [00:00<00:01, 40.97it/s, loss=0.0022]
  Epoch  3/30:  24%|████████▍                          | 14/58 [00:00<00:01, 40.97it/s, loss=0.0017]
  Epoch  3/30:  24%|████████▍                          | 14/58 [00:00<00:01, 40.97it/s, loss=0.0018]
  Epoch  3/30:  24%|████████▍                          | 14/58 [00:00<00:01, 40.97it/s, loss=0.0013]
  Epoch  3/30:  33%|███████████▍                       | 19/58 [00:00<00:01, 38.13it/s, loss=0.0013]
  Epoch  3/30:  33%|███████████▍                       | 19/58 [00:00<00:01, 38.13it/s, loss=0.0019]
  Epoch  3/30:  33%|███████████▍                       | 19/58 [00:00<00:01, 38.13it/s, loss=0.0025]
  Epoch  3/30:  33%|███████████▍                       | 19/58 [00:00<00:01, 38.13it/s, loss=0.0014]
  Epoch  3/30:  33%|███████████▍                       | 19/58 [00:00<00:01, 38.13it/s, loss=0.0014]
  Epoch  3/30:  40%|█████████████▉                     | 23/58 [00:00<00:00, 38.49it/s, loss=0.0014]
  Epoch  3/30:  40%|█████████████▉                     | 23/58 [00:00<00:00, 38.49it/s, loss=0.0009]
  Epoch  3/30:  40%|█████████████▉                     | 23/58 [00:00<00:00, 38.49it/s, loss=0.0040]
  Epoch  3/30:  40%|█████████████▉                     | 23/58 [00:00<00:00, 38.49it/s, loss=0.0026]
  Epoch  3/30:  40%|█████████████▉                     | 23/58 [00:00<00:00, 38.49it/s, loss=0.0013]
  Epoch  3/30:  40%|█████████████▉                     | 23/58 [00:00<00:00, 38.49it/s, loss=0.0032]
  Epoch  3/30:  48%|████████████████▉                  | 28/58 [00:00<00:00, 39.34it/s, loss=0.0032]
  Epoch  3/30:  48%|████████████████▉                  | 28/58 [00:00<00:00, 39.34it/s, loss=0.0029]
  Epoch  3/30:  48%|████████████████▉                  | 28/58 [00:00<00:00, 39.34it/s, loss=0.0047]
  Epoch  3/30:  48%|████████████████▉                  | 28/58 [00:00<00:00, 39.34it/s, loss=0.0016]
  Epoch  3/30:  48%|████████████████▉                  | 28/58 [00:00<00:00, 39.34it/s, loss=0.0023]
  Epoch  3/30:  55%|███████████████████▎               | 32/58 [00:00<00:00, 34.77it/s, loss=0.0023]
  Epoch  3/30:  55%|███████████████████▎               | 32/58 [00:00<00:00, 34.77it/s, loss=0.0018]
  Epoch  3/30:  55%|███████████████████▎               | 32/58 [00:00<00:00, 34.77it/s, loss=0.0019]
  Epoch  3/30:  55%|███████████████████▎               | 32/58 [00:00<00:00, 34.77it/s, loss=0.0019]
  Epoch  3/30:  55%|███████████████████▎               | 32/58 [00:00<00:00, 34.77it/s, loss=0.0028]
  Epoch  3/30:  55%|███████████████████▎               | 32/58 [00:00<00:00, 34.77it/s, loss=0.0022]
  Epoch  3/30:  64%|██████████████████████▎            | 37/58 [00:00<00:00, 38.40it/s, loss=0.0022]
  Epoch  3/30:  64%|██████████████████████▎            | 37/58 [00:00<00:00, 38.40it/s, loss=0.0021]
  Epoch  3/30:  64%|██████████████████████▎            | 37/58 [00:01<00:00, 38.40it/s, loss=0.0015]
  Epoch  3/30:  64%|██████████████████████▎            | 37/58 [00:01<00:00, 38.40it/s, loss=0.0022]
  Epoch  3/30:  64%|██████████████████████▎            | 37/58 [00:01<00:00, 38.40it/s, loss=0.0016]
  Epoch  3/30:  64%|██████████████████████▎            | 37/58 [00:01<00:00, 38.40it/s, loss=0.0011]
  Epoch  3/30:  72%|█████████████████████████▎         | 42/58 [00:01<00:00, 39.40it/s, loss=0.0011]
  Epoch  3/30:  72%|█████████████████████████▎         | 42/58 [00:01<00:00, 39.40it/s, loss=0.0018]
  Epoch  3/30:  72%|█████████████████████████▎         | 42/58 [00:01<00:00, 39.40it/s, loss=0.0012]
  Epoch  3/30:  72%|█████████████████████████▎         | 42/58 [00:01<00:00, 39.40it/s, loss=0.0027]
  Epoch  3/30:  72%|█████████████████████████▎         | 42/58 [00:01<00:00, 39.40it/s, loss=0.0020]
  Epoch  3/30:  72%|█████████████████████████▎         | 42/58 [00:01<00:00, 39.40it/s, loss=0.0013]
  Epoch  3/30:  81%|████████████████████████████▎      | 47/58 [00:01<00:00, 38.99it/s, loss=0.0013]
  Epoch  3/30:  81%|████████████████████████████▎      | 47/58 [00:01<00:00, 38.99it/s, loss=0.0029]
  Epoch  3/30:  81%|████████████████████████████▎      | 47/58 [00:01<00:00, 38.99it/s, loss=0.0025]
  Epoch  3/30:  81%|████████████████████████████▎      | 47/58 [00:01<00:00, 38.99it/s, loss=0.0020]
  Epoch  3/30:  81%|████████████████████████████▎      | 47/58 [00:01<00:00, 38.99it/s, loss=0.0016]
  Epoch  3/30:  88%|██████████████████████████████▊    | 51/58 [00:01<00:00, 38.74it/s, loss=0.0016]
  Epoch  3/30:  88%|██████████████████████████████▊    | 51/58 [00:01<00:00, 38.74it/s, loss=0.0034]
  Epoch  3/30:  88%|██████████████████████████████▊    | 51/58 [00:01<00:00, 38.74it/s, loss=0.0020]
  Epoch  3/30:  88%|██████████████████████████████▊    | 51/58 [00:01<00:00, 38.74it/s, loss=0.0014]
  Epoch  3/30:  88%|██████████████████████████████▊    | 51/58 [00:01<00:00, 38.74it/s, loss=0.0010]
  Epoch  3/30:  88%|██████████████████████████████▊    | 51/58 [00:01<00:00, 38.74it/s, loss=0.0014]
  Epoch  3/30:  97%|█████████████████████████████████▊ | 56/58 [00:01<00:00, 40.38it/s, loss=0.0014]
  Epoch  3/30:  97%|█████████████████████████████████▊ | 56/58 [00:01<00:00, 40.38it/s, loss=0.0021]
  Epoch  3/30:  97%|█████████████████████████████████▊ | 56/58 [00:01<00:00, 40.38it/s, loss=0.0015]
                                                                                                    

  Epoch  4/30:   0%|                                                         | 0/58 [00:00<?, ?it/s]
  Epoch  4/30:   0%|                                            | 0/58 [00:00<?, ?it/s, loss=0.0027]
  Epoch  4/30:   0%|                                            | 0/58 [00:00<?, ?it/s, loss=0.0019]
  Epoch  4/30:   0%|                                            | 0/58 [00:00<?, ?it/s, loss=0.0013]
  Epoch  4/30:   0%|                                            | 0/58 [00:00<?, ?it/s, loss=0.0014]
  Epoch  4/30:   7%|██▍                                 | 4/58 [00:00<00:01, 34.77it/s, loss=0.0014]
  Epoch  4/30:   7%|██▍                                 | 4/58 [00:00<00:01, 34.77it/s, loss=0.0014]
  Epoch  4/30:   7%|██▍                                 | 4/58 [00:00<00:01, 34.77it/s, loss=0.0010]
  Epoch  4/30:   7%|██▍                                 | 4/58 [00:00<00:01, 34.77it/s, loss=0.0010]
  Epoch  4/30:   7%|██▍                                 | 4/58 [00:00<00:01, 34.77it/s, loss=0.0009]
  Epoch  4/30:  14%|████▉                               | 8/58 [00:00<00:01, 37.11it/s, loss=0.0009]
  Epoch  4/30:  14%|████▉                               | 8/58 [00:00<00:01, 37.11it/s, loss=0.0012]
  Epoch  4/30:  14%|████▉                               | 8/58 [00:00<00:01, 37.11it/s, loss=0.0015]
  Epoch  4/30:  14%|████▉                               | 8/58 [00:00<00:01, 37.11it/s, loss=0.0030]
  Epoch  4/30:  14%|████▉                               | 8/58 [00:00<00:01, 37.11it/s, loss=0.0010]
  Epoch  4/30:  21%|███████▏                           | 12/58 [00:00<00:01, 36.86it/s, loss=0.0010]
  Epoch  4/30:  21%|███████▏                           | 12/58 [00:00<00:01, 36.86it/s, loss=0.0018]
  Epoch  4/30:  21%|███████▏                           | 12/58 [00:00<00:01, 36.86it/s, loss=0.0022]
  Epoch  4/30:  21%|███████▏                           | 12/58 [00:00<00:01, 36.86it/s, loss=0.0025]
  Epoch  4/30:  21%|███████▏                           | 12/58 [00:00<00:01, 36.86it/s, loss=0.0021]
  Epoch  4/30:  21%|███████▏                           | 12/58 [00:00<00:01, 36.86it/s, loss=0.0020]
  Epoch  4/30:  29%|██████████▎                        | 17/58 [00:00<00:01, 39.12it/s, loss=0.0020]
  Epoch  4/30:  29%|██████████▎                        | 17/58 [00:00<00:01, 39.12it/s, loss=0.0021]
  Epoch  4/30:  29%|██████████▎                        | 17/58 [00:00<00:01, 39.12it/s, loss=0.0024]
  Epoch  4/30:  29%|██████████▎                        | 17/58 [00:00<00:01, 39.12it/s, loss=0.0025]
  Epoch  4/30:  29%|██████████▎                        | 17/58 [00:00<00:01, 39.12it/s, loss=0.0010]
  Epoch  4/30:  36%|████████████▋                      | 21/58 [00:00<00:00, 38.20it/s, loss=0.0010]
  Epoch  4/30:  36%|████████████▋                      | 21/58 [00:00<00:00, 38.20it/s, loss=0.0025]
  Epoch  4/30:  36%|████████████▋                      | 21/58 [00:00<00:00, 38.20it/s, loss=0.0027]
  Epoch  4/30:  36%|████████████▋                      | 21/58 [00:00<00:00, 38.20it/s, loss=0.0016]
  Epoch  4/30:  36%|████████████▋                      | 21/58 [00:00<00:00, 38.20it/s, loss=0.0013]
  Epoch  4/30:  43%|███████████████                    | 25/58 [00:00<00:00, 36.42it/s, loss=0.0013]
  Epoch  4/30:  43%|███████████████                    | 25/58 [00:00<00:00, 36.42it/s, loss=0.0012]
  Epoch  4/30:  43%|███████████████                    | 25/58 [00:00<00:00, 36.42it/s, loss=0.0017]
  Epoch  4/30:  43%|███████████████                    | 25/58 [00:00<00:00, 36.42it/s, loss=0.0017]
  Epoch  4/30:  43%|███████████████                    | 25/58 [00:00<00:00, 36.42it/s, loss=0.0009]
  Epoch  4/30:  50%|█████████████████▌                 | 29/58 [00:00<00:00, 32.55it/s, loss=0.0009]
  Epoch  4/30:  50%|█████████████████▌                 | 29/58 [00:00<00:00, 32.55it/s, loss=0.0020]
  Epoch  4/30:  50%|█████████████████▌                 | 29/58 [00:00<00:00, 32.55it/s, loss=0.0011]
  Epoch  4/30:  50%|█████████████████▌                 | 29/58 [00:00<00:00, 32.55it/s, loss=0.0015]
  Epoch  4/30:  50%|█████████████████▌                 | 29/58 [00:00<00:00, 32.55it/s, loss=0.0014]
  Epoch  4/30:  57%|███████████████████▉               | 33/58 [00:00<00:00, 33.15it/s, loss=0.0014]
  Epoch  4/30:  57%|███████████████████▉               | 33/58 [00:00<00:00, 33.15it/s, loss=0.0013]
  Epoch  4/30:  57%|███████████████████▉               | 33/58 [00:01<00:00, 33.15it/s, loss=0.0021]
  Epoch  4/30:  57%|███████████████████▉               | 33/58 [00:01<00:00, 33.15it/s, loss=0.0016]
  Epoch  4/30:  57%|███████████████████▉               | 33/58 [00:01<00:00, 33.15it/s, loss=0.0020]
  Epoch  4/30:  64%|██████████████████████▎            | 37/58 [00:01<00:00, 32.78it/s, loss=0.0020]
  Epoch  4/30:  64%|██████████████████████▎            | 37/58 [00:01<00:00, 32.78it/s, loss=0.0021]
  Epoch  4/30:  64%|██████████████████████▎            | 37/58 [00:01<00:00, 32.78it/s, loss=0.0016]
  Epoch  4/30:  64%|██████████████████████▎            | 37/58 [00:01<00:00, 32.78it/s, loss=0.0018]
  Epoch  4/30:  64%|██████████████████████▎            | 37/58 [00:01<00:00, 32.78it/s, loss=0.0029]
  Epoch  4/30:  71%|████████████████████████▋          | 41/58 [00:01<00:00, 32.46it/s, loss=0.0029]
  Epoch  4/30:  71%|████████████████████████▋          | 41/58 [00:01<00:00, 32.46it/s, loss=0.0016]
  Epoch  4/30:  71%|████████████████████████▋          | 41/58 [00:01<00:00, 32.46it/s, loss=0.0018]
  Epoch  4/30:  71%|████████████████████████▋          | 41/58 [00:01<00:00, 32.46it/s, loss=0.0010]
  Epoch  4/30:  71%|████████████████████████▋          | 41/58 [00:01<00:00, 32.46it/s, loss=0.0030]
  Epoch  4/30:  78%|███████████████████████████▏       | 45/58 [00:01<00:00, 31.69it/s, loss=0.0030]
  Epoch  4/30:  78%|███████████████████████████▏       | 45/58 [00:01<00:00, 31.69it/s, loss=0.0031]
  Epoch  4/30:  78%|███████████████████████████▏       | 45/58 [00:01<00:00, 31.69it/s, loss=0.0031]
  Epoch  4/30:  78%|███████████████████████████▏       | 45/58 [00:01<00:00, 31.69it/s, loss=0.0013]
  Epoch  4/30:  78%|███████████████████████████▏       | 45/58 [00:01<00:00, 31.69it/s, loss=0.0019]
  Epoch  4/30:  84%|█████████████████████████████▌     | 49/58 [00:01<00:00, 31.09it/s, loss=0.0019]
  Epoch  4/30:  84%|█████████████████████████████▌     | 49/58 [00:01<00:00, 31.09it/s, loss=0.0020]
  Epoch  4/30:  84%|█████████████████████████████▌     | 49/58 [00:01<00:00, 31.09it/s, loss=0.0019]
  Epoch  4/30:  84%|█████████████████████████████▌     | 49/58 [00:01<00:00, 31.09it/s, loss=0.0014]
  Epoch  4/30:  84%|█████████████████████████████▌     | 49/58 [00:01<00:00, 31.09it/s, loss=0.0019]
  Epoch  4/30:  91%|███████████████████████████████▉   | 53/58 [00:01<00:00, 30.79it/s, loss=0.0019]
  Epoch  4/30:  91%|███████████████████████████████▉   | 53/58 [00:01<00:00, 30.79it/s, loss=0.0015]
  Epoch  4/30:  91%|███████████████████████████████▉   | 53/58 [00:01<00:00, 30.79it/s, loss=0.0016]
  Epoch  4/30:  91%|███████████████████████████████▉   | 53/58 [00:01<00:00, 30.79it/s, loss=0.0007]
  Epoch  4/30:  91%|███████████████████████████████▉   | 53/58 [00:01<00:00, 30.79it/s, loss=0.0010]
  Epoch  4/30:  98%|██████████████████████████████████▍| 57/58 [00:01<00:00, 32.14it/s, loss=0.0010]
  Epoch  4/30:  98%|██████████████████████████████████▍| 57/58 [00:01<00:00, 32.14it/s, loss=0.0004]
                                                                                                    

  Epoch  5/30:   0%|                                                         | 0/58 [00:00<?, ?it/s]
  Epoch  5/30:   0%|                                            | 0/58 [00:00<?, ?it/s, loss=0.0010]
  Epoch  5/30:   0%|                                            | 0/58 [00:00<?, ?it/s, loss=0.0024]
  Epoch  5/30:   0%|                                            | 0/58 [00:00<?, ?it/s, loss=0.0015]
  Epoch  5/30:   0%|                                            | 0/58 [00:00<?, ?it/s, loss=0.0026]
  Epoch  5/30:   7%|██▍                                 | 4/58 [00:00<00:01, 30.02it/s, loss=0.0026]
  Epoch  5/30:   7%|██▍                                 | 4/58 [00:00<00:01, 30.02it/s, loss=0.0029]
  Epoch  5/30:   7%|██▍                                 | 4/58 [00:00<00:01, 30.02it/s, loss=0.0020]
  Epoch  5/30:   7%|██▍                                 | 4/58 [00:00<00:01, 30.02it/s, loss=0.0013]
  Epoch  5/30:   7%|██▍                                 | 4/58 [00:00<00:01, 30.02it/s, loss=0.0012]
  Epoch  5/30:  14%|████▉                               | 8/58 [00:00<00:01, 31.20it/s, loss=0.0012]
  Epoch  5/30:  14%|████▉                               | 8/58 [00:00<00:01, 31.20it/s, loss=0.0008]
  Epoch  5/30:  14%|████▉                               | 8/58 [00:00<00:01, 31.20it/s, loss=0.0011]
  Epoch  5/30:  14%|████▉                               | 8/58 [00:00<00:01, 31.20it/s, loss=0.0013]
  Epoch  5/30:  14%|████▉                               | 8/58 [00:00<00:01, 31.20it/s, loss=0.0019]
  Epoch  5/30:  21%|███████▏                           | 12/58 [00:00<00:01, 32.07it/s, loss=0.0019]
  Epoch  5/30:  21%|███████▏                           | 12/58 [00:00<00:01, 32.07it/s, loss=0.0011]
  Epoch  5/30:  21%|███████▏                           | 12/58 [00:00<00:01, 32.07it/s, loss=0.0009]
  Epoch  5/30:  21%|███████▏                           | 12/58 [00:00<00:01, 32.07it/s, loss=0.0009]
  Epoch  5/30:  21%|███████▏                           | 12/58 [00:00<00:01, 32.07it/s, loss=0.0011]
  Epoch  5/30:  28%|█████████▋                         | 16/58 [00:00<00:01, 30.77it/s, loss=0.0011]
  Epoch  5/30:  28%|█████████▋                         | 16/58 [00:00<00:01, 30.77it/s, loss=0.0010]
  Epoch  5/30:  28%|█████████▋                         | 16/58 [00:00<00:01, 30.77it/s, loss=0.0018]
  Epoch  5/30:  28%|█████████▋                         | 16/58 [00:00<00:01, 30.77it/s, loss=0.0024]
  Epoch  5/30:  28%|█████████▋                         | 16/58 [00:00<00:01, 30.77it/s, loss=0.0025]
  Epoch  5/30:  34%|████████████                       | 20/58 [00:00<00:01, 30.67it/s, loss=0.0025]
  Epoch  5/30:  34%|████████████                       | 20/58 [00:00<00:01, 30.67it/s, loss=0.0022]
  Epoch  5/30:  34%|████████████                       | 20/58 [00:00<00:01, 30.67it/s, loss=0.0020]
  Epoch  5/30:  34%|████████████                       | 20/58 [00:00<00:01, 30.67it/s, loss=0.0009]
  Epoch  5/30:  34%|████████████                       | 20/58 [00:00<00:01, 30.67it/s, loss=0.0012]
  Epoch  5/30:  41%|██████████████▍                    | 24/58 [00:00<00:01, 32.70it/s, loss=0.0012]
  Epoch  5/30:  41%|██████████████▍                    | 24/58 [00:00<00:01, 32.70it/s, loss=0.0014]
  Epoch  5/30:  41%|██████████████▍                    | 24/58 [00:00<00:01, 32.70it/s, loss=0.0014]
  Epoch  5/30:  41%|██████████████▍                    | 24/58 [00:00<00:01, 32.70it/s, loss=0.0015]
  Epoch  5/30:  41%|██████████████▍                    | 24/58 [00:00<00:01, 32.70it/s, loss=0.0011]
  Epoch  5/30:  48%|████████████████▉                  | 28/58 [00:00<00:00, 32.47it/s, loss=0.0011]
  Epoch  5/30:  48%|████████████████▉                  | 28/58 [00:00<00:00, 32.47it/s, loss=0.0025]
  Epoch  5/30:  48%|████████████████▉                  | 28/58 [00:00<00:00, 32.47it/s, loss=0.0020]
  Epoch  5/30:  48%|████████████████▉                  | 28/58 [00:00<00:00, 32.47it/s, loss=0.0010]
  Epoch  5/30:  48%|████████████████▉                  | 28/58 [00:01<00:00, 32.47it/s, loss=0.0024]
  Epoch  5/30:  55%|███████████████████▎               | 32/58 [00:01<00:00, 32.56it/s, loss=0.0024]
  Epoch  5/30:  55%|███████████████████▎               | 32/58 [00:01<00:00, 32.56it/s, loss=0.0027]
  Epoch  5/30:  55%|███████████████████▎               | 32/58 [00:01<00:00, 32.56it/s, loss=0.0017]
  Epoch  5/30:  55%|███████████████████▎               | 32/58 [00:01<00:00, 32.56it/s, loss=0.0022]
  Epoch  5/30:  55%|███████████████████▎               | 32/58 [00:01<00:00, 32.56it/s, loss=0.0007]
  Epoch  5/30:  62%|█████████████████████▋             | 36/58 [00:01<00:00, 33.88it/s, loss=0.0007]
  Epoch  5/30:  62%|█████████████████████▋             | 36/58 [00:01<00:00, 33.88it/s, loss=0.0013]
  Epoch  5/30:  62%|█████████████████████▋             | 36/58 [00:01<00:00, 33.88it/s, loss=0.0015]
  Epoch  5/30:  62%|█████████████████████▋             | 36/58 [00:01<00:00, 33.88it/s, loss=0.0017]
  Epoch  5/30:  62%|█████████████████████▋             | 36/58 [00:01<00:00, 33.88it/s, loss=0.0012]
  Epoch  5/30:  69%|████████████████████████▏          | 40/58 [00:01<00:00, 30.49it/s, loss=0.0012]
  Epoch  5/30:  69%|████████████████████████▏          | 40/58 [00:01<00:00, 30.49it/s, loss=0.0015]
  Epoch  5/30:  69%|████████████████████████▏          | 40/58 [00:01<00:00, 30.49it/s, loss=0.0033]
  Epoch  5/30:  69%|████████████████████████▏          | 40/58 [00:01<00:00, 30.49it/s, loss=0.0017]
  Epoch  5/30:  69%|████████████████████████▏          | 40/58 [00:01<00:00, 30.49it/s, loss=0.0017]
  Epoch  5/30:  76%|██████████████████████████▌        | 44/58 [00:01<00:00, 30.75it/s, loss=0.0017]
  Epoch  5/30:  76%|██████████████████████████▌        | 44/58 [00:01<00:00, 30.75it/s, loss=0.0017]
  Epoch  5/30:  76%|██████████████████████████▌        | 44/58 [00:01<00:00, 30.75it/s, loss=0.0010]
  Epoch  5/30:  76%|██████████████████████████▌        | 44/58 [00:01<00:00, 30.75it/s, loss=0.0014]
  Epoch  5/30:  76%|██████████████████████████▌        | 44/58 [00:01<00:00, 30.75it/s, loss=0.0011]
  Epoch  5/30:  83%|████████████████████████████▉      | 48/58 [00:01<00:00, 31.41it/s, loss=0.0011]
  Epoch  5/30:  83%|████████████████████████████▉      | 48/58 [00:01<00:00, 31.41it/s, loss=0.0009]
  Epoch  5/30:  83%|████████████████████████████▉      | 48/58 [00:01<00:00, 31.41it/s, loss=0.0016]
  Epoch  5/30:  83%|████████████████████████████▉      | 48/58 [00:01<00:00, 31.41it/s, loss=0.0036]
  Epoch  5/30:  83%|████████████████████████████▉      | 48/58 [00:01<00:00, 31.41it/s, loss=0.0012]
  Epoch  5/30:  83%|████████████████████████████▉      | 48/58 [00:01<00:00, 31.41it/s, loss=0.0014]
  Epoch  5/30:  91%|███████████████████████████████▉   | 53/58 [00:01<00:00, 33.24it/s, loss=0.0014]
  Epoch  5/30:  91%|███████████████████████████████▉   | 53/58 [00:01<00:00, 33.24it/s, loss=0.0017]
  Epoch  5/30:  91%|███████████████████████████████▉   | 53/58 [00:01<00:00, 33.24it/s, loss=0.0026]
  Epoch  5/30:  91%|███████████████████████████████▉   | 53/58 [00:01<00:00, 33.24it/s, loss=0.0010]
  Epoch  5/30:  91%|███████████████████████████████▉   | 53/58 [00:01<00:00, 33.24it/s, loss=0.0018]
  Epoch  5/30:  98%|██████████████████████████████████▍| 57/58 [00:01<00:00, 31.83it/s, loss=0.0018]
  Epoch  5/30:  98%|██████████████████████████████████▍| 57/58 [00:01<00:00, 31.83it/s, loss=0.0004]
                                                                                                    
  Epoch  5/30 │ Loss: 0.0016 │ T+1: 0.7611 │ T+2: 0.6054 │ T+3: 0.3193 ★ NEW BEST

  Epoch  6/30:   0%|                                                         | 0/58 [00:00<?, ?it/s]
  Epoch  6/30:   0%|                                            | 0/58 [00:00<?, ?it/s, loss=0.0020]
  Epoch  6/30:   0%|                                            | 0/58 [00:00<?, ?it/s, loss=0.0010]
  Epoch  6/30:   0%|                                            | 0/58 [00:00<?, ?it/s, loss=0.0019]
  Epoch  6/30:   0%|                                            | 0/58 [00:00<?, ?it/s, loss=0.0029]
  Epoch  6/30:   7%|██▍                                 | 4/58 [00:00<00:01, 32.54it/s, loss=0.0029]
  Epoch  6/30:   7%|██▍                                 | 4/58 [00:00<00:01, 32.54it/s, loss=0.0019]
  Epoch  6/30:   7%|██▍                                 | 4/58 [00:00<00:01, 32.54it/s, loss=0.0018]
  Epoch  6/30:   7%|██▍                                 | 4/58 [00:00<00:01, 32.54it/s, loss=0.0014]
  Epoch  6/30:   7%|██▍                                 | 4/58 [00:00<00:01, 32.54it/s, loss=0.0019]
  Epoch  6/30:  14%|████▉                               | 8/58 [00:00<00:01, 36.00it/s, loss=0.0019]
  Epoch  6/30:  14%|████▉                               | 8/58 [00:00<00:01, 36.00it/s, loss=0.0015]
  Epoch  6/30:  14%|████▉                               | 8/58 [00:00<00:01, 36.00it/s, loss=0.0012]
  Epoch  6/30:  14%|████▉                               | 8/58 [00:00<00:01, 36.00it/s, loss=0.0017]
  Epoch  6/30:  14%|████▉                               | 8/58 [00:00<00:01, 36.00it/s, loss=0.0014]
  Epoch  6/30:  21%|███████▏                           | 12/58 [00:00<00:01, 33.28it/s, loss=0.0014]
  Epoch  6/30:  21%|███████▏                           | 12/58 [00:00<00:01, 33.28it/s, loss=0.0011]
  Epoch  6/30:  21%|███████▏                           | 12/58 [00:00<00:01, 33.28it/s, loss=0.0008]
  Epoch  6/30:  21%|███████▏                           | 12/58 [00:00<00:01, 33.28it/s, loss=0.0026]
  Epoch  6/30:  21%|███████▏                           | 12/58 [00:00<00:01, 33.28it/s, loss=0.0012]
  Epoch  6/30:  28%|█████████▋                         | 16/58 [00:00<00:01, 31.64it/s, loss=0.0012]
  Epoch  6/30:  28%|█████████▋                         | 16/58 [00:00<00:01, 31.64it/s, loss=0.0031]
  Epoch  6/30:  28%|█████████▋                         | 16/58 [00:00<00:01, 31.64it/s, loss=0.0018]
  Epoch  6/30:  28%|█████████▋                         | 16/58 [00:00<00:01, 31.64it/s, loss=0.0010]
  Epoch  6/30:  28%|█████████▋                         | 16/58 [00:00<00:01, 31.64it/s, loss=0.0025]
  Epoch  6/30:  34%|████████████                       | 20/58 [00:00<00:01, 32.04it/s, loss=0.0025]
  Epoch  6/30:  34%|████████████                       | 20/58 [00:00<00:01, 32.04it/s, loss=0.0018]
  Epoch  6/30:  34%|████████████                       | 20/58 [00:00<00:01, 32.04it/s, loss=0.0019]
  Epoch  6/30:  34%|████████████                       | 20/58 [00:00<00:01, 32.04it/s, loss=0.0022]
  Epoch  6/30:  34%|████████████                       | 20/58 [00:00<00:01, 32.04it/s, loss=0.0007]
  Epoch  6/30:  41%|██████████████▍                    | 24/58 [00:00<00:01, 32.84it/s, loss=0.0007]
  Epoch  6/30:  41%|██████████████▍                    | 24/58 [00:00<00:01, 32.84it/s, loss=0.0011]
  Epoch  6/30:  41%|██████████████▍                    | 24/58 [00:00<00:01, 32.84it/s, loss=0.0012]
  Epoch  6/30:  41%|██████████████▍                    | 24/58 [00:00<00:01, 32.84it/s, loss=0.0019]
  Epoch  6/30:  41%|██████████████▍                    | 24/58 [00:00<00:01, 32.84it/s, loss=0.0018]
  Epoch  6/30:  41%|██████████████▍                    | 24/58 [00:00<00:01, 32.84it/s, loss=0.0014]
  Epoch  6/30:  50%|█████████████████▌                 | 29/58 [00:00<00:00, 34.97it/s, loss=0.0014]
  Epoch  6/30:  50%|█████████████████▌                 | 29/58 [00:00<00:00, 34.97it/s, loss=0.0012]
  Epoch  6/30:  50%|█████████████████▌                 | 29/58 [00:00<00:00, 34.97it/s, loss=0.0038]
  Epoch  6/30:  50%|█████████████████▌                 | 29/58 [00:00<00:00, 34.97it/s, loss=0.0010]
  Epoch  6/30:  50%|█████████████████▌                 | 29/58 [00:00<00:00, 34.97it/s, loss=0.0014]
  Epoch  6/30:  57%|███████████████████▉               | 33/58 [00:00<00:00, 34.52it/s, loss=0.0014]
  Epoch  6/30:  57%|███████████████████▉               | 33/58 [00:01<00:00, 34.52it/s, loss=0.0027]
  Epoch  6/30:  57%|███████████████████▉               | 33/58 [00:01<00:00, 34.52it/s, loss=0.0009]
  Epoch  6/30:  57%|███████████████████▉               | 33/58 [00:01<00:00, 34.52it/s, loss=0.0010]
  Epoch  6/30:  57%|███████████████████▉               | 33/58 [00:01<00:00, 34.52it/s, loss=0.0008]
  Epoch  6/30:  64%|██████████████████████▎            | 37/58 [00:01<00:00, 34.23it/s, loss=0.0008]
  Epoch  6/30:  64%|██████████████████████▎            | 37/58 [00:01<00:00, 34.23it/s, loss=0.0007]
  Epoch  6/30:  64%|██████████████████████▎            | 37/58 [00:01<00:00, 34.23it/s, loss=0.0011]
  Epoch  6/30:  64%|██████████████████████▎            | 37/58 [00:01<00:00, 34.23it/s, loss=0.0012]
  Epoch  6/30:  64%|██████████████████████▎            | 37/58 [00:01<00:00, 34.23it/s, loss=0.0021]
  Epoch  6/30:  71%|████████████████████████▋          | 41/58 [00:01<00:00, 34.88it/s, loss=0.0021]
  Epoch  6/30:  71%|████████████████████████▋          | 41/58 [00:01<00:00, 34.88it/s, loss=0.0017]
  Epoch  6/30:  71%|████████████████████████▋          | 41/58 [00:01<00:00, 34.88it/s, loss=0.0013]
  Epoch  6/30:  71%|████████████████████████▋          | 41/58 [00:01<00:00, 34.88it/s, loss=0.0018]
  Epoch  6/30:  71%|████████████████████████▋          | 41/58 [00:01<00:00, 34.88it/s, loss=0.0011]
  Epoch  6/30:  78%|███████████████████████████▏       | 45/58 [00:01<00:00, 34.74it/s, loss=0.0011]
  Epoch  6/30:  78%|███████████████████████████▏       | 45/58 [00:01<00:00, 34.74it/s, loss=0.0008]
  Epoch  6/30:  78%|███████████████████████████▏       | 45/58 [00:01<00:00, 34.74it/s, loss=0.0012]
  Epoch  6/30:  78%|███████████████████████████▏       | 45/58 [00:01<00:00, 34.74it/s, loss=0.0008]
  Epoch  6/30:  78%|███████████████████████████▏       | 45/58 [00:01<00:00, 34.74it/s, loss=0.0016]
  Epoch  6/30:  84%|█████████████████████████████▌     | 49/58 [00:01<00:00, 35.98it/s, loss=0.0016]
  Epoch  6/30:  84%|█████████████████████████████▌     | 49/58 [00:01<00:00, 35.98it/s, loss=0.0012]
  Epoch  6/30:  84%|█████████████████████████████▌     | 49/58 [00:01<00:00, 35.98it/s, loss=0.0013]
  Epoch  6/30:  84%|█████████████████████████████▌     | 49/58 [00:01<00:00, 35.98it/s, loss=0.0014]
  Epoch  6/30:  84%|█████████████████████████████▌     | 49/58 [00:01<00:00, 35.98it/s, loss=0.0012]
  Epoch  6/30:  91%|███████████████████████████████▉   | 53/58 [00:01<00:00, 26.79it/s, loss=0.0012]
  Epoch  6/30:  91%|███████████████████████████████▉   | 53/58 [00:01<00:00, 26.79it/s, loss=0.0007]
  Epoch  6/30:  91%|███████████████████████████████▉   | 53/58 [00:01<00:00, 26.79it/s, loss=0.0011]
  Epoch  6/30:  91%|███████████████████████████████▉   | 53/58 [00:01<00:00, 26.79it/s, loss=0.0012]
  Epoch  6/30:  91%|███████████████████████████████▉   | 53/58 [00:01<00:00, 26.79it/s, loss=0.0009]
  Epoch  6/30:  98%|██████████████████████████████████▍| 57/58 [00:01<00:00, 28.99it/s, loss=0.0009]
  Epoch  6/30:  98%|██████████████████████████████████▍| 57/58 [00:01<00:00, 28.99it/s, loss=0.0086]
                                                                                                    

  Epoch  7/30:   0%|                                                         | 0/58 [00:00<?, ?it/s]
  Epoch  7/30:   0%|                                            | 0/58 [00:00<?, ?it/s, loss=0.0009]
  Epoch  7/30:   0%|                                            | 0/58 [00:00<?, ?it/s, loss=0.0019]
  Epoch  7/30:   0%|                                            | 0/58 [00:00<?, ?it/s, loss=0.0019]
  Epoch  7/30:   0%|                                            | 0/58 [00:00<?, ?it/s, loss=0.0018]
  Epoch  7/30:   7%|██▍                                 | 4/58 [00:00<00:01, 36.85it/s, loss=0.0018]
  Epoch  7/30:   7%|██▍                                 | 4/58 [00:00<00:01, 36.85it/s, loss=0.0009]
  Epoch  7/30:   7%|██▍                                 | 4/58 [00:00<00:01, 36.85it/s, loss=0.0012]
  Epoch  7/30:   7%|██▍                                 | 4/58 [00:00<00:01, 36.85it/s, loss=0.0015]
  Epoch  7/30:   7%|██▍                                 | 4/58 [00:00<00:01, 36.85it/s, loss=0.0023]
  Epoch  7/30:  14%|████▉                               | 8/58 [00:00<00:01, 34.92it/s, loss=0.0023]
  Epoch  7/30:  14%|████▉                               | 8/58 [00:00<00:01, 34.92it/s, loss=0.0019]
  Epoch  7/30:  14%|████▉                               | 8/58 [00:00<00:01, 34.92it/s, loss=0.0010]
  Epoch  7/30:  14%|████▉                               | 8/58 [00:00<00:01, 34.92it/s, loss=0.0017]
  Epoch  7/30:  14%|████▉                               | 8/58 [00:00<00:01, 34.92it/s, loss=0.0010]
  Epoch  7/30:  21%|███████▏                           | 12/58 [00:00<00:01, 35.13it/s, loss=0.0010]
  Epoch  7/30:  21%|███████▏                           | 12/58 [00:00<00:01, 35.13it/s, loss=0.0019]
  Epoch  7/30:  21%|███████▏                           | 12/58 [00:00<00:01, 35.13it/s, loss=0.0015]
  Epoch  7/30:  21%|███████▏                           | 12/58 [00:00<00:01, 35.13it/s, loss=0.0009]
  Epoch  7/30:  21%|███████▏                           | 12/58 [00:00<00:01, 35.13it/s, loss=0.0009]
  Epoch  7/30:  28%|█████████▋                         | 16/58 [00:00<00:01, 35.06it/s, loss=0.0009]
  Epoch  7/30:  28%|█████████▋                         | 16/58 [00:00<00:01, 35.06it/s, loss=0.0008]
  Epoch  7/30:  28%|█████████▋                         | 16/58 [00:00<00:01, 35.06it/s, loss=0.0023]
  Epoch  7/30:  28%|█████████▋                         | 16/58 [00:00<00:01, 35.06it/s, loss=0.0008]
  Epoch  7/30:  28%|█████████▋                         | 16/58 [00:00<00:01, 35.06it/s, loss=0.0022]
  Epoch  7/30:  34%|████████████                       | 20/58 [00:00<00:01, 35.35it/s, loss=0.0022]
  Epoch  7/30:  34%|████████████                       | 20/58 [00:00<00:01, 35.35it/s, loss=0.0008]
  Epoch  7/30:  34%|████████████                       | 20/58 [00:00<00:01, 35.35it/s, loss=0.0021]
  Epoch  7/30:  34%|████████████                       | 20/58 [00:00<00:01, 35.35it/s, loss=0.0012]
  Epoch  7/30:  34%|████████████                       | 20/58 [00:00<00:01, 35.35it/s, loss=0.0013]
  Epoch  7/30:  41%|██████████████▍                    | 24/58 [00:00<00:00, 35.64it/s, loss=0.0013]
  Epoch  7/30:  41%|██████████████▍                    | 24/58 [00:00<00:00, 35.64it/s, loss=0.0026]
  Epoch  7/30:  41%|██████████████▍                    | 24/58 [00:00<00:00, 35.64it/s, loss=0.0011]
  Epoch  7/30:  41%|██████████████▍                    | 24/58 [00:00<00:00, 35.64it/s, loss=0.0011]
  Epoch  7/30:  41%|██████████████▍                    | 24/58 [00:00<00:00, 35.64it/s, loss=0.0008]
  Epoch  7/30:  41%|██████████████▍                    | 24/58 [00:00<00:00, 35.64it/s, loss=0.0010]
  Epoch  7/30:  50%|█████████████████▌                 | 29/58 [00:00<00:00, 37.22it/s, loss=0.0010]
  Epoch  7/30:  50%|█████████████████▌                 | 29/58 [00:00<00:00, 37.22it/s, loss=0.0009]
  Epoch  7/30:  50%|█████████████████▌                 | 29/58 [00:00<00:00, 37.22it/s, loss=0.0013]
  Epoch  7/30:  50%|█████████████████▌                 | 29/58 [00:00<00:00, 37.22it/s, loss=0.0018]
  Epoch  7/30:  50%|█████████████████▌                 | 29/58 [00:00<00:00, 37.22it/s, loss=0.0011]
  Epoch  7/30:  57%|███████████████████▉               | 33/58 [00:00<00:00, 36.94it/s, loss=0.0011]
  Epoch  7/30:  57%|███████████████████▉               | 33/58 [00:00<00:00, 36.94it/s, loss=0.0014]
  Epoch  7/30:  57%|███████████████████▉               | 33/58 [00:00<00:00, 36.94it/s, loss=0.0031]
  Epoch  7/30:  57%|███████████████████▉               | 33/58 [00:00<00:00, 36.94it/s, loss=0.0008]
  Epoch  7/30:  57%|███████████████████▉               | 33/58 [00:01<00:00, 36.94it/s, loss=0.0026]
  Epoch  7/30:  57%|███████████████████▉               | 33/58 [00:01<00:00, 36.94it/s, loss=0.0016]
  Epoch  7/30:  66%|██████████████████████▉            | 38/58 [00:01<00:00, 37.85it/s, loss=0.0016]
  Epoch  7/30:  66%|██████████████████████▉            | 38/58 [00:01<00:00, 37.85it/s, loss=0.0010]
  Epoch  7/30:  66%|██████████████████████▉            | 38/58 [00:01<00:00, 37.85it/s, loss=0.0015]
  Epoch  7/30:  66%|██████████████████████▉            | 38/58 [00:01<00:00, 37.85it/s, loss=0.0028]
  Epoch  7/30:  66%|██████████████████████▉            | 38/58 [00:01<00:00, 37.85it/s, loss=0.0011]
  Epoch  7/30:  72%|█████████████████████████▎         | 42/58 [00:01<00:00, 35.68it/s, loss=0.0011]
  Epoch  7/30:  72%|█████████████████████████▎         | 42/58 [00:01<00:00, 35.68it/s, loss=0.0009]
  Epoch  7/30:  72%|█████████████████████████▎         | 42/58 [00:01<00:00, 35.68it/s, loss=0.0022]
  Epoch  7/30:  72%|█████████████████████████▎         | 42/58 [00:01<00:00, 35.68it/s, loss=0.0010]
  Epoch  7/30:  72%|█████████████████████████▎         | 42/58 [00:01<00:00, 35.68it/s, loss=0.0013]
  Epoch  7/30:  79%|███████████████████████████▊       | 46/58 [00:01<00:00, 34.34it/s, loss=0.0013]
  Epoch  7/30:  79%|███████████████████████████▊       | 46/58 [00:01<00:00, 34.34it/s, loss=0.0010]
  Epoch  7/30:  79%|███████████████████████████▊       | 46/58 [00:01<00:00, 34.34it/s, loss=0.0023]
  Epoch  7/30:  79%|███████████████████████████▊       | 46/58 [00:01<00:00, 34.34it/s, loss=0.0012]
  Epoch  7/30:  79%|███████████████████████████▊       | 46/58 [00:01<00:00, 34.34it/s, loss=0.0018]
  Epoch  7/30:  86%|██████████████████████████████▏    | 50/58 [00:01<00:00, 33.55it/s, loss=0.0018]
  Epoch  7/30:  86%|██████████████████████████████▏    | 50/58 [00:01<00:00, 33.55it/s, loss=0.0018]
  Epoch  7/30:  86%|██████████████████████████████▏    | 50/58 [00:01<00:00, 33.55it/s, loss=0.0015]
  Epoch  7/30:  86%|██████████████████████████████▏    | 50/58 [00:01<00:00, 33.55it/s, loss=0.0026]
  Epoch  7/30:  86%|██████████████████████████████▏    | 50/58 [00:01<00:00, 33.55it/s, loss=0.0016]
  Epoch  7/30:  86%|██████████████████████████████▏    | 50/58 [00:01<00:00, 33.55it/s, loss=0.0009]
  Epoch  7/30:  95%|█████████████████████████████████▏ | 55/58 [00:01<00:00, 35.79it/s, loss=0.0009]
  Epoch  7/30:  95%|█████████████████████████████████▏ | 55/58 [00:01<00:00, 35.79it/s, loss=0.0015]
  Epoch  7/30:  95%|█████████████████████████████████▏ | 55/58 [00:01<00:00, 35.79it/s, loss=0.0013]
  Epoch  7/30:  95%|█████████████████████████████████▏ | 55/58 [00:01<00:00, 35.79it/s, loss=0.0005]
                                                                                                    

  Epoch  8/30:   0%|                                                         | 0/58 [00:00<?, ?it/s]
  Epoch  8/30:   0%|                                            | 0/58 [00:00<?, ?it/s, loss=0.0008]
  Epoch  8/30:   0%|                                            | 0/58 [00:00<?, ?it/s, loss=0.0010]
  Epoch  8/30:   0%|                                            | 0/58 [00:00<?, ?it/s, loss=0.0012]
  Epoch  8/30:   0%|                                            | 0/58 [00:00<?, ?it/s, loss=0.0010]
  Epoch  8/30:   7%|██▍                                 | 4/58 [00:00<00:01, 33.47it/s, loss=0.0010]
  Epoch  8/30:   7%|██▍                                 | 4/58 [00:00<00:01, 33.47it/s, loss=0.0010]
  Epoch  8/30:   7%|██▍                                 | 4/58 [00:00<00:01, 33.47it/s, loss=0.0023]
  Epoch  8/30:   7%|██▍                                 | 4/58 [00:00<00:01, 33.47it/s, loss=0.0028]
  Epoch  8/30:   7%|██▍                                 | 4/58 [00:00<00:01, 33.47it/s, loss=0.0019]
  Epoch  8/30:  14%|████▉                               | 8/58 [00:00<00:01, 35.51it/s, loss=0.0019]
  Epoch  8/30:  14%|████▉                               | 8/58 [00:00<00:01, 35.51it/s, loss=0.0016]
  Epoch  8/30:  14%|████▉                               | 8/58 [00:00<00:01, 35.51it/s, loss=0.0014]
  Epoch  8/30:  14%|████▉                               | 8/58 [00:00<00:01, 35.51it/s, loss=0.0021]
  Epoch  8/30:  14%|████▉                               | 8/58 [00:00<00:01, 35.51it/s, loss=0.0010]
  Epoch  8/30:  21%|███████▏                           | 12/58 [00:00<00:01, 36.14it/s, loss=0.0010]
  Epoch  8/30:  21%|███████▏                           | 12/58 [00:00<00:01, 36.14it/s, loss=0.0018]
  Epoch  8/30:  21%|███████▏                           | 12/58 [00:00<00:01, 36.14it/s, loss=0.0013]
  Epoch  8/30:  21%|███████▏                           | 12/58 [00:00<00:01, 36.14it/s, loss=0.0005]
  Epoch  8/30:  21%|███████▏                           | 12/58 [00:00<00:01, 36.14it/s, loss=0.0007]
  Epoch  8/30:  28%|█████████▋                         | 16/58 [00:00<00:01, 34.50it/s, loss=0.0007]
  Epoch  8/30:  28%|█████████▋                         | 16/58 [00:00<00:01, 34.50it/s, loss=0.0015]
  Epoch  8/30:  28%|█████████▋                         | 16/58 [00:00<00:01, 34.50it/s, loss=0.0014]
  Epoch  8/30:  28%|█████████▋                         | 16/58 [00:00<00:01, 34.50it/s, loss=0.0016]
  Epoch  8/30:  28%|█████████▋                         | 16/58 [00:00<00:01, 34.50it/s, loss=0.0011]
  Epoch  8/30:  34%|████████████                       | 20/58 [00:00<00:01, 35.28it/s, loss=0.0011]
  Epoch  8/30:  34%|████████████                       | 20/58 [00:00<00:01, 35.28it/s, loss=0.0011]
  Epoch  8/30:  34%|████████████                       | 20/58 [00:00<00:01, 35.28it/s, loss=0.0012]
  Epoch  8/30:  34%|████████████                       | 20/58 [00:00<00:01, 35.28it/s, loss=0.0015]
  Epoch  8/30:  34%|████████████                       | 20/58 [00:00<00:01, 35.28it/s, loss=0.0019]
  Epoch  8/30:  41%|██████████████▍                    | 24/58 [00:00<00:01, 33.65it/s, loss=0.0019]
  Epoch  8/30:  41%|██████████████▍                    | 24/58 [00:00<00:01, 33.65it/s, loss=0.0019]
  Epoch  8/30:  41%|██████████████▍                    | 24/58 [00:00<00:01, 33.65it/s, loss=0.0014]
  Epoch  8/30:  41%|██████████████▍                    | 24/58 [00:00<00:01, 33.65it/s, loss=0.0010]
  Epoch  8/30:  41%|██████████████▍                    | 24/58 [00:00<00:01, 33.65it/s, loss=0.0019]
  Epoch  8/30:  48%|████████████████▉                  | 28/58 [00:00<00:00, 32.30it/s, loss=0.0019]
  Epoch  8/30:  48%|████████████████▉                  | 28/58 [00:00<00:00, 32.30it/s, loss=0.0017]
  Epoch  8/30:  48%|████████████████▉                  | 28/58 [00:00<00:00, 32.30it/s, loss=0.0013]
  Epoch  8/30:  48%|████████████████▉                  | 28/58 [00:00<00:00, 32.30it/s, loss=0.0016]
  Epoch  8/30:  48%|████████████████▉                  | 28/58 [00:00<00:00, 32.30it/s, loss=0.0011]
  Epoch  8/30:  55%|███████████████████▎               | 32/58 [00:00<00:00, 34.00it/s, loss=0.0011]
  Epoch  8/30:  55%|███████████████████▎               | 32/58 [00:00<00:00, 34.00it/s, loss=0.0013]
  Epoch  8/30:  55%|███████████████████▎               | 32/58 [00:00<00:00, 34.00it/s, loss=0.0018]
  Epoch  8/30:  55%|███████████████████▎               | 32/58 [00:01<00:00, 34.00it/s, loss=0.0018]
  Epoch  8/30:  55%|███████████████████▎               | 32/58 [00:01<00:00, 34.00it/s, loss=0.0008]
  Epoch  8/30:  62%|█████████████████████▋             | 36/58 [00:01<00:00, 33.90it/s, loss=0.0008]
  Epoch  8/30:  62%|█████████████████████▋             | 36/58 [00:01<00:00, 33.90it/s, loss=0.0012]
  Epoch  8/30:  62%|█████████████████████▋             | 36/58 [00:01<00:00, 33.90it/s, loss=0.0013]
  Epoch  8/30:  62%|█████████████████████▋             | 36/58 [00:01<00:00, 33.90it/s, loss=0.0013]
  Epoch  8/30:  62%|█████████████████████▋             | 36/58 [00:01<00:00, 33.90it/s, loss=0.0012]
  Epoch  8/30:  69%|████████████████████████▏          | 40/58 [00:01<00:00, 35.04it/s, loss=0.0012]
  Epoch  8/30:  69%|████████████████████████▏          | 40/58 [00:01<00:00, 35.04it/s, loss=0.0011]
  Epoch  8/30:  69%|████████████████████████▏          | 40/58 [00:01<00:00, 35.04it/s, loss=0.0008]
  Epoch  8/30:  69%|████████████████████████▏          | 40/58 [00:01<00:00, 35.04it/s, loss=0.0038]
  Epoch  8/30:  69%|████████████████████████▏          | 40/58 [00:01<00:00, 35.04it/s, loss=0.0012]
  Epoch  8/30:  76%|██████████████████████████▌        | 44/58 [00:01<00:00, 34.94it/s, loss=0.0012]
  Epoch  8/30:  76%|██████████████████████████▌        | 44/58 [00:01<00:00, 34.94it/s, loss=0.0010]
  Epoch  8/30:  76%|██████████████████████████▌        | 44/58 [00:01<00:00, 34.94it/s, loss=0.0013]
  Epoch  8/30:  76%|██████████████████████████▌        | 44/58 [00:01<00:00, 34.94it/s, loss=0.0008]
  Epoch  8/30:  76%|██████████████████████████▌        | 44/58 [00:01<00:00, 34.94it/s, loss=0.0015]
  Epoch  8/30:  83%|████████████████████████████▉      | 48/58 [00:01<00:00, 34.67it/s, loss=0.0015]
  Epoch  8/30:  83%|████████████████████████████▉      | 48/58 [00:01<00:00, 34.67it/s, loss=0.0021]
  Epoch  8/30:  83%|████████████████████████████▉      | 48/58 [00:01<00:00, 34.67it/s, loss=0.0007]
  Epoch  8/30:  83%|████████████████████████████▉      | 48/58 [00:01<00:00, 34.67it/s, loss=0.0009]
  Epoch  8/30:  83%|████████████████████████████▉      | 48/58 [00:01<00:00, 34.67it/s, loss=0.0016]
  Epoch  8/30:  90%|███████████████████████████████▍   | 52/58 [00:01<00:00, 32.33it/s, loss=0.0016]
  Epoch  8/30:  90%|███████████████████████████████▍   | 52/58 [00:01<00:00, 32.33it/s, loss=0.0016]
  Epoch  8/30:  90%|███████████████████████████████▍   | 52/58 [00:01<00:00, 32.33it/s, loss=0.0017]
  Epoch  8/30:  90%|███████████████████████████████▍   | 52/58 [00:01<00:00, 32.33it/s, loss=0.0009]
  Epoch  8/30:  90%|███████████████████████████████▍   | 52/58 [00:01<00:00, 32.33it/s, loss=0.0019]
  Epoch  8/30:  97%|█████████████████████████████████▊ | 56/58 [00:01<00:00, 31.24it/s, loss=0.0019]
  Epoch  8/30:  97%|█████████████████████████████████▊ | 56/58 [00:01<00:00, 31.24it/s, loss=0.0020]
  Epoch  8/30:  97%|█████████████████████████████████▊ | 56/58 [00:01<00:00, 31.24it/s, loss=0.0007]
                                                                                                    

  Epoch  9/30:   0%|                                                         | 0/58 [00:00<?, ?it/s]
  Epoch  9/30:   0%|                                            | 0/58 [00:00<?, ?it/s, loss=0.0016]
  Epoch  9/30:   0%|                                            | 0/58 [00:00<?, ?it/s, loss=0.0014]
  Epoch  9/30:   0%|                                            | 0/58 [00:00<?, ?it/s, loss=0.0022]
  Epoch  9/30:   5%|█▊                                  | 3/58 [00:00<00:01, 27.84it/s, loss=0.0022]
  Epoch  9/30:   5%|█▊                                  | 3/58 [00:00<00:01, 27.84it/s, loss=0.0012]
  Epoch  9/30:   5%|█▊                                  | 3/58 [00:00<00:01, 27.84it/s, loss=0.0012]
  Epoch  9/30:   5%|█▊                                  | 3/58 [00:00<00:01, 27.84it/s, loss=0.0018]
  Epoch  9/30:  10%|███▋                                | 6/58 [00:00<00:01, 28.19it/s, loss=0.0018]
  Epoch  9/30:  10%|███▋                                | 6/58 [00:00<00:01, 28.19it/s, loss=0.0013]
  Epoch  9/30:  10%|███▋                                | 6/58 [00:00<00:01, 28.19it/s, loss=0.0034]
  Epoch  9/30:  10%|███▋                                | 6/58 [00:00<00:01, 28.19it/s, loss=0.0010]
  Epoch  9/30:  10%|███▋                                | 6/58 [00:00<00:01, 28.19it/s, loss=0.0010]
  Epoch  9/30:  17%|██████                             | 10/58 [00:00<00:01, 30.37it/s, loss=0.0010]
  Epoch  9/30:  17%|██████                             | 10/58 [00:00<00:01, 30.37it/s, loss=0.0019]
  Epoch  9/30:  17%|██████                             | 10/58 [00:00<00:01, 30.37it/s, loss=0.0008]
  Epoch  9/30:  17%|██████                             | 10/58 [00:00<00:01, 30.37it/s, loss=0.0018]
  Epoch  9/30:  17%|██████                             | 10/58 [00:00<00:01, 30.37it/s, loss=0.0014]
  Epoch  9/30:  24%|████████▍                          | 14/58 [00:00<00:01, 30.65it/s, loss=0.0014]
  Epoch  9/30:  24%|████████▍                          | 14/58 [00:00<00:01, 30.65it/s, loss=0.0009]
  Epoch  9/30:  24%|████████▍                          | 14/58 [00:00<00:01, 30.65it/s, loss=0.0010]
  Epoch  9/30:  24%|████████▍                          | 14/58 [00:00<00:01, 30.65it/s, loss=0.0017]
  Epoch  9/30:  24%|████████▍                          | 14/58 [00:00<00:01, 30.65it/s, loss=0.0012]
  Epoch  9/30:  31%|██████████▊                        | 18/58 [00:00<00:01, 30.90it/s, loss=0.0012]
  Epoch  9/30:  31%|██████████▊                        | 18/58 [00:00<00:01, 30.90it/s, loss=0.0024]
  Epoch  9/30:  31%|██████████▊                        | 18/58 [00:00<00:01, 30.90it/s, loss=0.0015]
  Epoch  9/30:  31%|██████████▊                        | 18/58 [00:00<00:01, 30.90it/s, loss=0.0007]
  Epoch  9/30:  31%|██████████▊                        | 18/58 [00:00<00:01, 30.90it/s, loss=0.0011]
  Epoch  9/30:  38%|█████████████▎                     | 22/58 [00:00<00:01, 31.45it/s, loss=0.0011]
  Epoch  9/30:  38%|█████████████▎                     | 22/58 [00:00<00:01, 31.45it/s, loss=0.0013]
  Epoch  9/30:  38%|█████████████▎                     | 22/58 [00:00<00:01, 31.45it/s, loss=0.0015]
  Epoch  9/30:  38%|█████████████▎                     | 22/58 [00:00<00:01, 31.45it/s, loss=0.0009]
  Epoch  9/30:  38%|█████████████▎                     | 22/58 [00:00<00:01, 31.45it/s, loss=0.0014]
  Epoch  9/30:  45%|███████████████▋                   | 26/58 [00:00<00:01, 30.95it/s, loss=0.0014]
  Epoch  9/30:  45%|███████████████▋                   | 26/58 [00:00<00:01, 30.95it/s, loss=0.0006]
  Epoch  9/30:  45%|███████████████▋                   | 26/58 [00:00<00:01, 30.95it/s, loss=0.0014]
  Epoch  9/30:  45%|███████████████▋                   | 26/58 [00:00<00:01, 30.95it/s, loss=0.0012]
  Epoch  9/30:  45%|███████████████▋                   | 26/58 [00:01<00:01, 30.95it/s, loss=0.0020]
  Epoch  9/30:  52%|██████████████████                 | 30/58 [00:01<00:00, 29.24it/s, loss=0.0020]
  Epoch  9/30:  52%|██████████████████                 | 30/58 [00:01<00:00, 29.24it/s, loss=0.0012]
  Epoch  9/30:  52%|██████████████████                 | 30/58 [00:01<00:00, 29.24it/s, loss=0.0010]
  Epoch  9/30:  52%|██████████████████                 | 30/58 [00:01<00:00, 29.24it/s, loss=0.0009]
  Epoch  9/30:  57%|███████████████████▉               | 33/58 [00:01<00:00, 29.04it/s, loss=0.0009]
  Epoch  9/30:  57%|███████████████████▉               | 33/58 [00:01<00:00, 29.04it/s, loss=0.0019]
  Epoch  9/30:  57%|███████████████████▉               | 33/58 [00:01<00:00, 29.04it/s, loss=0.0022]
  Epoch  9/30:  57%|███████████████████▉               | 33/58 [00:01<00:00, 29.04it/s, loss=0.0008]
  Epoch  9/30:  57%|███████████████████▉               | 33/58 [00:01<00:00, 29.04it/s, loss=0.0009]
  Epoch  9/30:  64%|██████████████████████▎            | 37/58 [00:01<00:00, 29.13it/s, loss=0.0009]
  Epoch  9/30:  64%|██████████████████████▎            | 37/58 [00:01<00:00, 29.13it/s, loss=0.0019]
  Epoch  9/30:  64%|██████████████████████▎            | 37/58 [00:01<00:00, 29.13it/s, loss=0.0011]
  Epoch  9/30:  64%|██████████████████████▎            | 37/58 [00:01<00:00, 29.13it/s, loss=0.0009]
  Epoch  9/30:  69%|████████████████████████▏          | 40/58 [00:01<00:00, 28.86it/s, loss=0.0009]
  Epoch  9/30:  69%|████████████████████████▏          | 40/58 [00:01<00:00, 28.86it/s, loss=0.0005]
  Epoch  9/30:  69%|████████████████████████▏          | 40/58 [00:01<00:00, 28.86it/s, loss=0.0017]
  Epoch  9/30:  69%|████████████████████████▏          | 40/58 [00:01<00:00, 28.86it/s, loss=0.0009]
  Epoch  9/30:  74%|█████████████████████████▉         | 43/58 [00:01<00:00, 28.42it/s, loss=0.0009]
  Epoch  9/30:  74%|█████████████████████████▉         | 43/58 [00:01<00:00, 28.42it/s, loss=0.0018]
  Epoch  9/30:  74%|█████████████████████████▉         | 43/58 [00:01<00:00, 28.42it/s, loss=0.0012]
  Epoch  9/30:  74%|█████████████████████████▉         | 43/58 [00:01<00:00, 28.42it/s, loss=0.0009]
  Epoch  9/30:  79%|███████████████████████████▊       | 46/58 [00:01<00:00, 28.67it/s, loss=0.0009]
  Epoch  9/30:  79%|███████████████████████████▊       | 46/58 [00:01<00:00, 28.67it/s, loss=0.0016]
  Epoch  9/30:  79%|███████████████████████████▊       | 46/58 [00:01<00:00, 28.67it/s, loss=0.0009]
  Epoch  9/30:  79%|███████████████████████████▊       | 46/58 [00:01<00:00, 28.67it/s, loss=0.0008]
  Epoch  9/30:  79%|███████████████████████████▊       | 46/58 [00:01<00:00, 28.67it/s, loss=0.0017]
  Epoch  9/30:  86%|██████████████████████████████▏    | 50/58 [00:01<00:00, 28.88it/s, loss=0.0017]
  Epoch  9/30:  86%|██████████████████████████████▏    | 50/58 [00:01<00:00, 28.88it/s, loss=0.0011]
  Epoch  9/30:  86%|██████████████████████████████▏    | 50/58 [00:01<00:00, 28.88it/s, loss=0.0021]
  Epoch  9/30:  86%|██████████████████████████████▏    | 50/58 [00:01<00:00, 28.88it/s, loss=0.0014]
  Epoch  9/30:  91%|███████████████████████████████▉   | 53/58 [00:01<00:00, 28.48it/s, loss=0.0014]
  Epoch  9/30:  91%|███████████████████████████████▉   | 53/58 [00:01<00:00, 28.48it/s, loss=0.0005]
  Epoch  9/30:  91%|███████████████████████████████▉   | 53/58 [00:01<00:00, 28.48it/s, loss=0.0019]
  Epoch  9/30:  91%|███████████████████████████████▉   | 53/58 [00:01<00:00, 28.48it/s, loss=0.0013]
  Epoch  9/30:  91%|███████████████████████████████▉   | 53/58 [00:01<00:00, 28.48it/s, loss=0.0032]
  Epoch  9/30:  98%|██████████████████████████████████▍| 57/58 [00:01<00:00, 29.07it/s, loss=0.0032]
  Epoch  9/30:  98%|██████████████████████████████████▍| 57/58 [00:01<00:00, 29.07it/s, loss=0.0012]
                                                                                                    

  Epoch 10/30:   0%|                                                         | 0/58 [00:00<?, ?it/s]
  Epoch 10/30:   0%|                                            | 0/58 [00:00<?, ?it/s, loss=0.0018]
  Epoch 10/30:   0%|                                            | 0/58 [00:00<?, ?it/s, loss=0.0009]
  Epoch 10/30:   0%|                                            | 0/58 [00:00<?, ?it/s, loss=0.0009]
  Epoch 10/30:   0%|                                            | 0/58 [00:00<?, ?it/s, loss=0.0012]
  Epoch 10/30:   7%|██▍                                 | 4/58 [00:00<00:01, 36.10it/s, loss=0.0012]
  Epoch 10/30:   7%|██▍                                 | 4/58 [00:00<00:01, 36.10it/s, loss=0.0009]
  Epoch 10/30:   7%|██▍                                 | 4/58 [00:00<00:01, 36.10it/s, loss=0.0014]
  Epoch 10/30:   7%|██▍                                 | 4/58 [00:00<00:01, 36.10it/s, loss=0.0024]
  Epoch 10/30:   7%|██▍                                 | 4/58 [00:00<00:01, 36.10it/s, loss=0.0012]
  Epoch 10/30:  14%|████▉                               | 8/58 [00:00<00:01, 32.34it/s, loss=0.0012]
  Epoch 10/30:  14%|████▉                               | 8/58 [00:00<00:01, 32.34it/s, loss=0.0006]
  Epoch 10/30:  14%|████▉                               | 8/58 [00:00<00:01, 32.34it/s, loss=0.0019]
  Epoch 10/30:  14%|████▉                               | 8/58 [00:00<00:01, 32.34it/s, loss=0.0009]
  Epoch 10/30:  14%|████▉                               | 8/58 [00:00<00:01, 32.34it/s, loss=0.0011]
  Epoch 10/30:  21%|███████▏                           | 12/58 [00:00<00:01, 30.88it/s, loss=0.0011]
  Epoch 10/30:  21%|███████▏                           | 12/58 [00:00<00:01, 30.88it/s, loss=0.0017]
  Epoch 10/30:  21%|███████▏                           | 12/58 [00:00<00:01, 30.88it/s, loss=0.0011]
  Epoch 10/30:  21%|███████▏                           | 12/58 [00:00<00:01, 30.88it/s, loss=0.0011]
  Epoch 10/30:  21%|███████▏                           | 12/58 [00:00<00:01, 30.88it/s, loss=0.0017]
  Epoch 10/30:  28%|█████████▋                         | 16/58 [00:00<00:01, 31.59it/s, loss=0.0017]
  Epoch 10/30:  28%|█████████▋                         | 16/58 [00:00<00:01, 31.59it/s, loss=0.0018]
  Epoch 10/30:  28%|█████████▋                         | 16/58 [00:00<00:01, 31.59it/s, loss=0.0021]
  Epoch 10/30:  28%|█████████▋                         | 16/58 [00:00<00:01, 31.59it/s, loss=0.0015]
  Epoch 10/30:  28%|█████████▋                         | 16/58 [00:00<00:01, 31.59it/s, loss=0.0008]
  Epoch 10/30:  34%|████████████                       | 20/58 [00:00<00:01, 31.25it/s, loss=0.0008]
  Epoch 10/30:  34%|████████████                       | 20/58 [00:00<00:01, 31.25it/s, loss=0.0012]
  Epoch 10/30:  34%|████████████                       | 20/58 [00:00<00:01, 31.25it/s, loss=0.0021]
  Epoch 10/30:  34%|████████████                       | 20/58 [00:00<00:01, 31.25it/s, loss=0.0021]
  Epoch 10/30:  34%|████████████                       | 20/58 [00:00<00:01, 31.25it/s, loss=0.0014]
  Epoch 10/30:  41%|██████████████▍                    | 24/58 [00:00<00:01, 30.95it/s, loss=0.0014]
  Epoch 10/30:  41%|██████████████▍                    | 24/58 [00:00<00:01, 30.95it/s, loss=0.0017]
  Epoch 10/30:  41%|██████████████▍                    | 24/58 [00:00<00:01, 30.95it/s, loss=0.0017]
  Epoch 10/30:  41%|██████████████▍                    | 24/58 [00:00<00:01, 30.95it/s, loss=0.0006]
  Epoch 10/30:  41%|██████████████▍                    | 24/58 [00:00<00:01, 30.95it/s, loss=0.0015]
  Epoch 10/30:  48%|████████████████▉                  | 28/58 [00:00<00:00, 32.28it/s, loss=0.0015]
  Epoch 10/30:  48%|████████████████▉                  | 28/58 [00:00<00:00, 32.28it/s, loss=0.0016]
  Epoch 10/30:  48%|████████████████▉                  | 28/58 [00:00<00:00, 32.28it/s, loss=0.0012]
  Epoch 10/30:  48%|████████████████▉                  | 28/58 [00:00<00:00, 32.28it/s, loss=0.0020]
  Epoch 10/30:  48%|████████████████▉                  | 28/58 [00:01<00:00, 32.28it/s, loss=0.0014]
  Epoch 10/30:  55%|███████████████████▎               | 32/58 [00:01<00:00, 31.81it/s, loss=0.0014]
  Epoch 10/30:  55%|███████████████████▎               | 32/58 [00:01<00:00, 31.81it/s, loss=0.0009]
  Epoch 10/30:  55%|███████████████████▎               | 32/58 [00:01<00:00, 31.81it/s, loss=0.0005]
  Epoch 10/30:  55%|███████████████████▎               | 32/58 [00:01<00:00, 31.81it/s, loss=0.0007]
  Epoch 10/30:  55%|███████████████████▎               | 32/58 [00:01<00:00, 31.81it/s, loss=0.0006]
  Epoch 10/30:  62%|█████████████████████▋             | 36/58 [00:01<00:00, 31.32it/s, loss=0.0006]
  Epoch 10/30:  62%|█████████████████████▋             | 36/58 [00:01<00:00, 31.32it/s, loss=0.0018]
  Epoch 10/30:  62%|█████████████████████▋             | 36/58 [00:01<00:00, 31.32it/s, loss=0.0010]
  Epoch 10/30:  62%|█████████████████████▋             | 36/58 [00:01<00:00, 31.32it/s, loss=0.0023]
  Epoch 10/30:  62%|█████████████████████▋             | 36/58 [00:01<00:00, 31.32it/s, loss=0.0015]
  Epoch 10/30:  69%|████████████████████████▏          | 40/58 [00:01<00:00, 31.58it/s, loss=0.0015]
  Epoch 10/30:  69%|████████████████████████▏          | 40/58 [00:01<00:00, 31.58it/s, loss=0.0014]
  Epoch 10/30:  69%|████████████████████████▏          | 40/58 [00:01<00:00, 31.58it/s, loss=0.0008]
  Epoch 10/30:  69%|████████████████████████▏          | 40/58 [00:01<00:00, 31.58it/s, loss=0.0018]
  Epoch 10/30:  69%|████████████████████████▏          | 40/58 [00:01<00:00, 31.58it/s, loss=0.0009]
  Epoch 10/30:  76%|██████████████████████████▌        | 44/58 [00:01<00:00, 30.48it/s, loss=0.0009]
  Epoch 10/30:  76%|██████████████████████████▌        | 44/58 [00:01<00:00, 30.48it/s, loss=0.0021]
  Epoch 10/30:  76%|██████████████████████████▌        | 44/58 [00:01<00:00, 30.48it/s, loss=0.0016]
  Epoch 10/30:  76%|██████████████████████████▌        | 44/58 [00:01<00:00, 30.48it/s, loss=0.0013]
  Epoch 10/30:  76%|██████████████████████████▌        | 44/58 [00:01<00:00, 30.48it/s, loss=0.0008]
  Epoch 10/30:  83%|████████████████████████████▉      | 48/58 [00:01<00:00, 31.64it/s, loss=0.0008]
  Epoch 10/30:  83%|████████████████████████████▉      | 48/58 [00:01<00:00, 31.64it/s, loss=0.0017]
  Epoch 10/30:  83%|████████████████████████████▉      | 48/58 [00:01<00:00, 31.64it/s, loss=0.0012]
  Epoch 10/30:  83%|████████████████████████████▉      | 48/58 [00:01<00:00, 31.64it/s, loss=0.0009]
  Epoch 10/30:  83%|████████████████████████████▉      | 48/58 [00:01<00:00, 31.64it/s, loss=0.0015]
  Epoch 10/30:  83%|████████████████████████████▉      | 48/58 [00:01<00:00, 31.64it/s, loss=0.0028]
  Epoch 10/30:  91%|███████████████████████████████▉   | 53/58 [00:01<00:00, 34.02it/s, loss=0.0028]
  Epoch 10/30:  91%|███████████████████████████████▉   | 53/58 [00:01<00:00, 34.02it/s, loss=0.0009]
  Epoch 10/30:  91%|███████████████████████████████▉   | 53/58 [00:01<00:00, 34.02it/s, loss=0.0016]
  Epoch 10/30:  91%|███████████████████████████████▉   | 53/58 [00:01<00:00, 34.02it/s, loss=0.0014]
  Epoch 10/30:  91%|███████████████████████████████▉   | 53/58 [00:01<00:00, 34.02it/s, loss=0.0004]
  Epoch 10/30:  98%|██████████████████████████████████▍| 57/58 [00:01<00:00, 32.40it/s, loss=0.0004]
  Epoch 10/30:  98%|██████████████████████████████████▍| 57/58 [00:01<00:00, 32.40it/s, loss=0.0006]
                                                                                                    
  Epoch 10/30 │ Loss: 0.0014 │ T+1: 0.8120 │ T+2: 0.6812 │ T+3: 0.4044 ★ NEW BEST

  Epoch 11/30:   0%|                                                         | 0/58 [00:00<?, ?it/s]
  Epoch 11/30:   0%|                                            | 0/58 [00:00<?, ?it/s, loss=0.0016]
  Epoch 11/30:   0%|                                            | 0/58 [00:00<?, ?it/s, loss=0.0012]
  Epoch 11/30:   0%|                                            | 0/58 [00:00<?, ?it/s, loss=0.0007]
  Epoch 11/30:   5%|█▊                                  | 3/58 [00:00<00:01, 29.33it/s, loss=0.0007]
  Epoch 11/30:   5%|█▊                                  | 3/58 [00:00<00:01, 29.33it/s, loss=0.0013]
  Epoch 11/30:   5%|█▊                                  | 3/58 [00:00<00:01, 29.33it/s, loss=0.0007]
  Epoch 11/30:   5%|█▊                                  | 3/58 [00:00<00:01, 29.33it/s, loss=0.0013]
  Epoch 11/30:   5%|█▊                                  | 3/58 [00:00<00:01, 29.33it/s, loss=0.0020]
  Epoch 11/30:  12%|████▎                               | 7/58 [00:00<00:01, 34.22it/s, loss=0.0020]
  Epoch 11/30:  12%|████▎                               | 7/58 [00:00<00:01, 34.22it/s, loss=0.0020]
  Epoch 11/30:  12%|████▎                               | 7/58 [00:00<00:01, 34.22it/s, loss=0.0021]
  Epoch 11/30:  12%|████▎                               | 7/58 [00:00<00:01, 34.22it/s, loss=0.0005]
  Epoch 11/30:  12%|████▎                               | 7/58 [00:00<00:01, 34.22it/s, loss=0.0032]
  Epoch 11/30:  19%|██████▋                            | 11/58 [00:00<00:01, 36.37it/s, loss=0.0032]
  Epoch 11/30:  19%|██████▋                            | 11/58 [00:00<00:01, 36.37it/s, loss=0.0014]
  Epoch 11/30:  19%|██████▋                            | 11/58 [00:00<00:01, 36.37it/s, loss=0.0014]
  Epoch 11/30:  19%|██████▋                            | 11/58 [00:00<00:01, 36.37it/s, loss=0.0012]
  Epoch 11/30:  19%|██████▋                            | 11/58 [00:00<00:01, 36.37it/s, loss=0.0020]
  Epoch 11/30:  26%|█████████                          | 15/58 [00:00<00:01, 33.89it/s, loss=0.0020]
  Epoch 11/30:  26%|█████████                          | 15/58 [00:00<00:01, 33.89it/s, loss=0.0010]
  Epoch 11/30:  26%|█████████                          | 15/58 [00:00<00:01, 33.89it/s, loss=0.0015]
  Epoch 11/30:  26%|█████████                          | 15/58 [00:00<00:01, 33.89it/s, loss=0.0005]
  Epoch 11/30:  26%|█████████                          | 15/58 [00:00<00:01, 33.89it/s, loss=0.0014]
  Epoch 11/30:  33%|███████████▍                       | 19/58 [00:00<00:01, 33.42it/s, loss=0.0014]
  Epoch 11/30:  33%|███████████▍                       | 19/58 [00:00<00:01, 33.42it/s, loss=0.0011]
  Epoch 11/30:  33%|███████████▍                       | 19/58 [00:00<00:01, 33.42it/s, loss=0.0007]
  Epoch 11/30:  33%|███████████▍                       | 19/58 [00:00<00:01, 33.42it/s, loss=0.0018]
  Epoch 11/30:  33%|███████████▍                       | 19/58 [00:00<00:01, 33.42it/s, loss=0.0010]
  Epoch 11/30:  40%|█████████████▉                     | 23/58 [00:00<00:01, 34.31it/s, loss=0.0010]
  Epoch 11/30:  40%|█████████████▉                     | 23/58 [00:00<00:01, 34.31it/s, loss=0.0007]
  Epoch 11/30:  40%|█████████████▉                     | 23/58 [00:00<00:01, 34.31it/s, loss=0.0016]
  Epoch 11/30:  40%|█████████████▉                     | 23/58 [00:00<00:01, 34.31it/s, loss=0.0012]
  Epoch 11/30:  40%|█████████████▉                     | 23/58 [00:00<00:01, 34.31it/s, loss=0.0008]
  Epoch 11/30:  47%|████████████████▎                  | 27/58 [00:00<00:00, 32.67it/s, loss=0.0008]
  Epoch 11/30:  47%|████████████████▎                  | 27/58 [00:00<00:00, 32.67it/s, loss=0.0005]
  Epoch 11/30:  47%|████████████████▎                  | 27/58 [00:00<00:00, 32.67it/s, loss=0.0014]
  Epoch 11/30:  47%|████████████████▎                  | 27/58 [00:00<00:00, 32.67it/s, loss=0.0021]
  Epoch 11/30:  47%|████████████████▎                  | 27/58 [00:00<00:00, 32.67it/s, loss=0.0018]
  Epoch 11/30:  53%|██████████████████▋                | 31/58 [00:00<00:00, 33.91it/s, loss=0.0018]
  Epoch 11/30:  53%|██████████████████▋                | 31/58 [00:00<00:00, 33.91it/s, loss=0.0014]
  Epoch 11/30:  53%|██████████████████▋                | 31/58 [00:01<00:00, 33.91it/s, loss=0.0022]
  Epoch 11/30:  53%|██████████████████▋                | 31/58 [00:01<00:00, 33.91it/s, loss=0.0006]
  Epoch 11/30:  53%|██████████████████▋                | 31/58 [00:01<00:00, 33.91it/s, loss=0.0020]
  Epoch 11/30:  60%|█████████████████████              | 35/58 [00:01<00:00, 25.03it/s, loss=0.0020]
  Epoch 11/30:  60%|█████████████████████              | 35/58 [00:01<00:00, 25.03it/s, loss=0.0016]
  Epoch 11/30:  60%|█████████████████████              | 35/58 [00:01<00:00, 25.03it/s, loss=0.0019]
  Epoch 11/30:  60%|█████████████████████              | 35/58 [00:01<00:00, 25.03it/s, loss=0.0018]
  Epoch 11/30:  60%|█████████████████████              | 35/58 [00:01<00:00, 25.03it/s, loss=0.0012]
  Epoch 11/30:  67%|███████████████████████▌           | 39/58 [00:01<00:00, 27.49it/s, loss=0.0012]
  Epoch 11/30:  67%|███████████████████████▌           | 39/58 [00:01<00:00, 27.49it/s, loss=0.0010]
  Epoch 11/30:  67%|███████████████████████▌           | 39/58 [00:01<00:00, 27.49it/s, loss=0.0014]
  Epoch 11/30:  67%|███████████████████████▌           | 39/58 [00:01<00:00, 27.49it/s, loss=0.0006]
  Epoch 11/30:  67%|███████████████████████▌           | 39/58 [00:01<00:00, 27.49it/s, loss=0.0012]
  Epoch 11/30:  74%|█████████████████████████▉         | 43/58 [00:01<00:00, 29.15it/s, loss=0.0012]
  Epoch 11/30:  74%|█████████████████████████▉         | 43/58 [00:01<00:00, 29.15it/s, loss=0.0014]
  Epoch 11/30:  74%|█████████████████████████▉         | 43/58 [00:01<00:00, 29.15it/s, loss=0.0006]
  Epoch 11/30:  74%|█████████████████████████▉         | 43/58 [00:01<00:00, 29.15it/s, loss=0.0013]
  Epoch 11/30:  74%|█████████████████████████▉         | 43/58 [00:01<00:00, 29.15it/s, loss=0.0017]
  Epoch 11/30:  81%|████████████████████████████▎      | 47/58 [00:01<00:00, 30.79it/s, loss=0.0017]
  Epoch 11/30:  81%|████████████████████████████▎      | 47/58 [00:01<00:00, 30.79it/s, loss=0.0013]
  Epoch 11/30:  81%|████████████████████████████▎      | 47/58 [00:01<00:00, 30.79it/s, loss=0.0009]
  Epoch 11/30:  81%|████████████████████████████▎      | 47/58 [00:01<00:00, 30.79it/s, loss=0.0009]
  Epoch 11/30:  81%|████████████████████████████▎      | 47/58 [00:01<00:00, 30.79it/s, loss=0.0017]
  Epoch 11/30:  88%|██████████████████████████████▊    | 51/58 [00:01<00:00, 30.83it/s, loss=0.0017]
  Epoch 11/30:  88%|██████████████████████████████▊    | 51/58 [00:01<00:00, 30.83it/s, loss=0.0014]
  Epoch 11/30:  88%|██████████████████████████████▊    | 51/58 [00:01<00:00, 30.83it/s, loss=0.0013]
  Epoch 11/30:  88%|██████████████████████████████▊    | 51/58 [00:01<00:00, 30.83it/s, loss=0.0009]
  Epoch 11/30:  88%|██████████████████████████████▊    | 51/58 [00:01<00:00, 30.83it/s, loss=0.0005]
  Epoch 11/30:  95%|█████████████████████████████████▏ | 55/58 [00:01<00:00, 32.37it/s, loss=0.0005]
  Epoch 11/30:  95%|█████████████████████████████████▏ | 55/58 [00:01<00:00, 32.37it/s, loss=0.0012]
  Epoch 11/30:  95%|█████████████████████████████████▏ | 55/58 [00:01<00:00, 32.37it/s, loss=0.0014]
  Epoch 11/30:  95%|█████████████████████████████████▏ | 55/58 [00:01<00:00, 32.37it/s, loss=0.0009]
                                                                                                    

  Epoch 12/30:   0%|                                                         | 0/58 [00:00<?, ?it/s]
  Epoch 12/30:   0%|                                            | 0/58 [00:00<?, ?it/s, loss=0.0007]
  Epoch 12/30:   0%|                                            | 0/58 [00:00<?, ?it/s, loss=0.0005]
  Epoch 12/30:   0%|                                            | 0/58 [00:00<?, ?it/s, loss=0.0017]
  Epoch 12/30:   0%|                                            | 0/58 [00:00<?, ?it/s, loss=0.0009]
  Epoch 12/30:   7%|██▍                                 | 4/58 [00:00<00:01, 33.36it/s, loss=0.0009]
  Epoch 12/30:   7%|██▍                                 | 4/58 [00:00<00:01, 33.36it/s, loss=0.0028]
  Epoch 12/30:   7%|██▍                                 | 4/58 [00:00<00:01, 33.36it/s, loss=0.0011]
  Epoch 12/30:   7%|██▍                                 | 4/58 [00:00<00:01, 33.36it/s, loss=0.0012]
  Epoch 12/30:   7%|██▍                                 | 4/58 [00:00<00:01, 33.36it/s, loss=0.0018]
  Epoch 12/30:  14%|████▉                               | 8/58 [00:00<00:01, 34.33it/s, loss=0.0018]
  Epoch 12/30:  14%|████▉                               | 8/58 [00:00<00:01, 34.33it/s, loss=0.0017]
  Epoch 12/30:  14%|████▉                               | 8/58 [00:00<00:01, 34.33it/s, loss=0.0014]
  Epoch 12/30:  14%|████▉                               | 8/58 [00:00<00:01, 34.33it/s, loss=0.0024]
  Epoch 12/30:  14%|████▉                               | 8/58 [00:00<00:01, 34.33it/s, loss=0.0012]
  Epoch 12/30:  21%|███████▏                           | 12/58 [00:00<00:01, 34.66it/s, loss=0.0012]
  Epoch 12/30:  21%|███████▏                           | 12/58 [00:00<00:01, 34.66it/s, loss=0.0014]
  Epoch 12/30:  21%|███████▏                           | 12/58 [00:00<00:01, 34.66it/s, loss=0.0006]
  Epoch 12/30:  21%|███████▏                           | 12/58 [00:00<00:01, 34.66it/s, loss=0.0010]
  Epoch 12/30:  21%|███████▏                           | 12/58 [00:00<00:01, 34.66it/s, loss=0.0021]
  Epoch 12/30:  28%|█████████▋                         | 16/58 [00:00<00:01, 34.86it/s, loss=0.0021]
  Epoch 12/30:  28%|█████████▋                         | 16/58 [00:00<00:01, 34.86it/s, loss=0.0008]
  Epoch 12/30:  28%|█████████▋                         | 16/58 [00:00<00:01, 34.86it/s, loss=0.0014]
  Epoch 12/30:  28%|█████████▋                         | 16/58 [00:00<00:01, 34.86it/s, loss=0.0019]
  Epoch 12/30:  28%|█████████▋                         | 16/58 [00:00<00:01, 34.86it/s, loss=0.0004]
  Epoch 12/30:  34%|████████████                       | 20/58 [00:00<00:01, 32.94it/s, loss=0.0004]
  Epoch 12/30:  34%|████████████                       | 20/58 [00:00<00:01, 32.94it/s, loss=0.0006]
  Epoch 12/30:  34%|████████████                       | 20/58 [00:00<00:01, 32.94it/s, loss=0.0024]
  Epoch 12/30:  34%|████████████                       | 20/58 [00:00<00:01, 32.94it/s, loss=0.0017]
  Epoch 12/30:  34%|████████████                       | 20/58 [00:00<00:01, 32.94it/s, loss=0.0014]
  Epoch 12/30:  41%|██████████████▍                    | 24/58 [00:00<00:01, 31.98it/s, loss=0.0014]
  Epoch 12/30:  41%|██████████████▍                    | 24/58 [00:00<00:01, 31.98it/s, loss=0.0016]
  Epoch 12/30:  41%|██████████████▍                    | 24/58 [00:00<00:01, 31.98it/s, loss=0.0010]
  Epoch 12/30:  41%|██████████████▍                    | 24/58 [00:00<00:01, 31.98it/s, loss=0.0009]
  Epoch 12/30:  41%|██████████████▍                    | 24/58 [00:00<00:01, 31.98it/s, loss=0.0012]
  Epoch 12/30:  48%|████████████████▉                  | 28/58 [00:00<00:00, 32.10it/s, loss=0.0012]
  Epoch 12/30:  48%|████████████████▉                  | 28/58 [00:00<00:00, 32.10it/s, loss=0.0019]
  Epoch 12/30:  48%|████████████████▉                  | 28/58 [00:00<00:00, 32.10it/s, loss=0.0019]
  Epoch 12/30:  48%|████████████████▉                  | 28/58 [00:00<00:00, 32.10it/s, loss=0.0015]
  Epoch 12/30:  48%|████████████████▉                  | 28/58 [00:00<00:00, 32.10it/s, loss=0.0014]
  Epoch 12/30:  55%|███████████████████▎               | 32/58 [00:00<00:00, 31.60it/s, loss=0.0014]
  Epoch 12/30:  55%|███████████████████▎               | 32/58 [00:01<00:00, 31.60it/s, loss=0.0011]
  Epoch 12/30:  55%|███████████████████▎               | 32/58 [00:01<00:00, 31.60it/s, loss=0.0007]
  Epoch 12/30:  55%|███████████████████▎               | 32/58 [00:01<00:00, 31.60it/s, loss=0.0010]
  Epoch 12/30:  55%|███████████████████▎               | 32/58 [00:01<00:00, 31.60it/s, loss=0.0008]
  Epoch 12/30:  62%|█████████████████████▋             | 36/58 [00:01<00:00, 32.16it/s, loss=0.0008]
  Epoch 12/30:  62%|█████████████████████▋             | 36/58 [00:01<00:00, 32.16it/s, loss=0.0019]
  Epoch 12/30:  62%|█████████████████████▋             | 36/58 [00:01<00:00, 32.16it/s, loss=0.0009]
  Epoch 12/30:  62%|█████████████████████▋             | 36/58 [00:01<00:00, 32.16it/s, loss=0.0011]
  Epoch 12/30:  62%|█████████████████████▋             | 36/58 [00:01<00:00, 32.16it/s, loss=0.0007]
  Epoch 12/30:  69%|████████████████████████▏          | 40/58 [00:01<00:00, 30.89it/s, loss=0.0007]
  Epoch 12/30:  69%|████████████████████████▏          | 40/58 [00:01<00:00, 30.89it/s, loss=0.0023]
  Epoch 12/30:  69%|████████████████████████▏          | 40/58 [00:01<00:00, 30.89it/s, loss=0.0016]
  Epoch 12/30:  69%|████████████████████████▏          | 40/58 [00:01<00:00, 30.89it/s, loss=0.0013]
  Epoch 12/30:  69%|████████████████████████▏          | 40/58 [00:01<00:00, 30.89it/s, loss=0.0009]
  Epoch 12/30:  76%|██████████████████████████▌        | 44/58 [00:01<00:00, 32.86it/s, loss=0.0009]
  Epoch 12/30:  76%|██████████████████████████▌        | 44/58 [00:01<00:00, 32.86it/s, loss=0.0011]
  Epoch 12/30:  76%|██████████████████████████▌        | 44/58 [00:01<00:00, 32.86it/s, loss=0.0018]
  Epoch 12/30:  76%|██████████████████████████▌        | 44/58 [00:01<00:00, 32.86it/s, loss=0.0007]
  Epoch 12/30:  76%|██████████████████████████▌        | 44/58 [00:01<00:00, 32.86it/s, loss=0.0014]
  Epoch 12/30:  83%|████████████████████████████▉      | 48/58 [00:01<00:00, 34.61it/s, loss=0.0014]
  Epoch 12/30:  83%|████████████████████████████▉      | 48/58 [00:01<00:00, 34.61it/s, loss=0.0014]
  Epoch 12/30:  83%|████████████████████████████▉      | 48/58 [00:01<00:00, 34.61it/s, loss=0.0008]
  Epoch 12/30:  83%|████████████████████████████▉      | 48/58 [00:01<00:00, 34.61it/s, loss=0.0014]
  Epoch 12/30:  83%|████████████████████████████▉      | 48/58 [00:01<00:00, 34.61it/s, loss=0.0015]
  Epoch 12/30:  90%|███████████████████████████████▍   | 52/58 [00:01<00:00, 35.77it/s, loss=0.0015]
  Epoch 12/30:  90%|███████████████████████████████▍   | 52/58 [00:01<00:00, 35.77it/s, loss=0.0010]
  Epoch 12/30:  90%|███████████████████████████████▍   | 52/58 [00:01<00:00, 35.77it/s, loss=0.0009]
  Epoch 12/30:  90%|███████████████████████████████▍   | 52/58 [00:01<00:00, 35.77it/s, loss=0.0012]
  Epoch 12/30:  90%|███████████████████████████████▍   | 52/58 [00:01<00:00, 35.77it/s, loss=0.0008]
  Epoch 12/30:  97%|█████████████████████████████████▊ | 56/58 [00:01<00:00, 35.25it/s, loss=0.0008]
  Epoch 12/30:  97%|█████████████████████████████████▊ | 56/58 [00:01<00:00, 35.25it/s, loss=0.0021]
  Epoch 12/30:  97%|█████████████████████████████████▊ | 56/58 [00:01<00:00, 35.25it/s, loss=0.0002]
                                                                                                    

  Epoch 13/30:   0%|                                                         | 0/58 [00:00<?, ?it/s]
  Epoch 13/30:   0%|                                            | 0/58 [00:00<?, ?it/s, loss=0.0011]
  Epoch 13/30:   0%|                                            | 0/58 [00:00<?, ?it/s, loss=0.0013]
  Epoch 13/30:   0%|                                            | 0/58 [00:00<?, ?it/s, loss=0.0013]
  Epoch 13/30:   0%|                                            | 0/58 [00:00<?, ?it/s, loss=0.0007]
  Epoch 13/30:   7%|██▍                                 | 4/58 [00:00<00:01, 37.49it/s, loss=0.0007]
  Epoch 13/30:   7%|██▍                                 | 4/58 [00:00<00:01, 37.49it/s, loss=0.0009]
  Epoch 13/30:   7%|██▍                                 | 4/58 [00:00<00:01, 37.49it/s, loss=0.0021]
  Epoch 13/30:   7%|██▍                                 | 4/58 [00:00<00:01, 37.49it/s, loss=0.0017]
  Epoch 13/30:   7%|██▍                                 | 4/58 [00:00<00:01, 37.49it/s, loss=0.0014]
  Epoch 13/30:   7%|██▍                                 | 4/58 [00:00<00:01, 37.49it/s, loss=0.0009]
  Epoch 13/30:  16%|█████▌                              | 9/58 [00:00<00:01, 39.16it/s, loss=0.0009]
  Epoch 13/30:  16%|█████▌                              | 9/58 [00:00<00:01, 39.16it/s, loss=0.0017]
  Epoch 13/30:  16%|█████▌                              | 9/58 [00:00<00:01, 39.16it/s, loss=0.0010]
  Epoch 13/30:  16%|█████▌                              | 9/58 [00:00<00:01, 39.16it/s, loss=0.0013]
  Epoch 13/30:  16%|█████▌                              | 9/58 [00:00<00:01, 39.16it/s, loss=0.0017]
  Epoch 13/30:  22%|███████▊                           | 13/58 [00:00<00:01, 39.38it/s, loss=0.0017]
  Epoch 13/30:  22%|███████▊                           | 13/58 [00:00<00:01, 39.38it/s, loss=0.0020]
  Epoch 13/30:  22%|███████▊                           | 13/58 [00:00<00:01, 39.38it/s, loss=0.0013]
  Epoch 13/30:  22%|███████▊                           | 13/58 [00:00<00:01, 39.38it/s, loss=0.0005]
  Epoch 13/30:  22%|███████▊                           | 13/58 [00:00<00:01, 39.38it/s, loss=0.0018]
  Epoch 13/30:  29%|██████████▎                        | 17/58 [00:00<00:01, 35.75it/s, loss=0.0018]
  Epoch 13/30:  29%|██████████▎                        | 17/58 [00:00<00:01, 35.75it/s, loss=0.0009]
  Epoch 13/30:  29%|██████████▎                        | 17/58 [00:00<00:01, 35.75it/s, loss=0.0005]
  Epoch 13/30:  29%|██████████▎                        | 17/58 [00:00<00:01, 35.75it/s, loss=0.0013]
  Epoch 13/30:  29%|██████████▎                        | 17/58 [00:00<00:01, 35.75it/s, loss=0.0008]
  Epoch 13/30:  36%|████████████▋                      | 21/58 [00:00<00:01, 30.51it/s, loss=0.0008]
  Epoch 13/30:  36%|████████████▋                      | 21/58 [00:00<00:01, 30.51it/s, loss=0.0008]
  Epoch 13/30:  36%|████████████▋                      | 21/58 [00:00<00:01, 30.51it/s, loss=0.0021]
  Epoch 13/30:  36%|████████████▋                      | 21/58 [00:00<00:01, 30.51it/s, loss=0.0009]
  Epoch 13/30:  36%|████████████▋                      | 21/58 [00:00<00:01, 30.51it/s, loss=0.0014]
  Epoch 13/30:  43%|███████████████                    | 25/58 [00:00<00:01, 31.13it/s, loss=0.0014]
  Epoch 13/30:  43%|███████████████                    | 25/58 [00:00<00:01, 31.13it/s, loss=0.0010]
  Epoch 13/30:  43%|███████████████                    | 25/58 [00:00<00:01, 31.13it/s, loss=0.0016]
  Epoch 13/30:  43%|███████████████                    | 25/58 [00:00<00:01, 31.13it/s, loss=0.0018]
  Epoch 13/30:  43%|███████████████                    | 25/58 [00:00<00:01, 31.13it/s, loss=0.0012]
  Epoch 13/30:  50%|█████████████████▌                 | 29/58 [00:00<00:00, 31.82it/s, loss=0.0012]
  Epoch 13/30:  50%|█████████████████▌                 | 29/58 [00:00<00:00, 31.82it/s, loss=0.0011]
  Epoch 13/30:  50%|█████████████████▌                 | 29/58 [00:00<00:00, 31.82it/s, loss=0.0015]
  Epoch 13/30:  50%|█████████████████▌                 | 29/58 [00:00<00:00, 31.82it/s, loss=0.0007]
  Epoch 13/30:  50%|█████████████████▌                 | 29/58 [00:01<00:00, 31.82it/s, loss=0.0021]
  Epoch 13/30:  57%|███████████████████▉               | 33/58 [00:01<00:00, 31.04it/s, loss=0.0021]
  Epoch 13/30:  57%|███████████████████▉               | 33/58 [00:01<00:00, 31.04it/s, loss=0.0019]
  Epoch 13/30:  57%|███████████████████▉               | 33/58 [00:01<00:00, 31.04it/s, loss=0.0010]
  Epoch 13/30:  57%|███████████████████▉               | 33/58 [00:01<00:00, 31.04it/s, loss=0.0008]
  Epoch 13/30:  57%|███████████████████▉               | 33/58 [00:01<00:00, 31.04it/s, loss=0.0007]
  Epoch 13/30:  64%|██████████████████████▎            | 37/58 [00:01<00:00, 32.12it/s, loss=0.0007]
  Epoch 13/30:  64%|██████████████████████▎            | 37/58 [00:01<00:00, 32.12it/s, loss=0.0014]
  Epoch 13/30:  64%|██████████████████████▎            | 37/58 [00:01<00:00, 32.12it/s, loss=0.0018]
  Epoch 13/30:  64%|██████████████████████▎            | 37/58 [00:01<00:00, 32.12it/s, loss=0.0023]
  Epoch 13/30:  64%|██████████████████████▎            | 37/58 [00:01<00:00, 32.12it/s, loss=0.0010]
  Epoch 13/30:  71%|████████████████████████▋          | 41/58 [00:01<00:00, 33.89it/s, loss=0.0010]
  Epoch 13/30:  71%|████████████████████████▋          | 41/58 [00:01<00:00, 33.89it/s, loss=0.0009]
  Epoch 13/30:  71%|████████████████████████▋          | 41/58 [00:01<00:00, 33.89it/s, loss=0.0008]
  Epoch 13/30:  71%|████████████████████████▋          | 41/58 [00:01<00:00, 33.89it/s, loss=0.0018]
  Epoch 13/30:  71%|████████████████████████▋          | 41/58 [00:01<00:00, 33.89it/s, loss=0.0009]
  Epoch 13/30:  78%|███████████████████████████▏       | 45/58 [00:01<00:00, 34.54it/s, loss=0.0009]
  Epoch 13/30:  78%|███████████████████████████▏       | 45/58 [00:01<00:00, 34.54it/s, loss=0.0008]
  Epoch 13/30:  78%|███████████████████████████▏       | 45/58 [00:01<00:00, 34.54it/s, loss=0.0016]
  Epoch 13/30:  78%|███████████████████████████▏       | 45/58 [00:01<00:00, 34.54it/s, loss=0.0013]
  Epoch 13/30:  78%|███████████████████████████▏       | 45/58 [00:01<00:00, 34.54it/s, loss=0.0013]
  Epoch 13/30:  84%|█████████████████████████████▌     | 49/58 [00:01<00:00, 34.15it/s, loss=0.0013]
  Epoch 13/30:  84%|█████████████████████████████▌     | 49/58 [00:01<00:00, 34.15it/s, loss=0.0008]
  Epoch 13/30:  84%|█████████████████████████████▌     | 49/58 [00:01<00:00, 34.15it/s, loss=0.0012]
  Epoch 13/30:  84%|█████████████████████████████▌     | 49/58 [00:01<00:00, 34.15it/s, loss=0.0008]
  Epoch 13/30:  84%|█████████████████████████████▌     | 49/58 [00:01<00:00, 34.15it/s, loss=0.0014]
  Epoch 13/30:  91%|███████████████████████████████▉   | 53/58 [00:01<00:00, 33.88it/s, loss=0.0014]
  Epoch 13/30:  91%|███████████████████████████████▉   | 53/58 [00:01<00:00, 33.88it/s, loss=0.0028]
  Epoch 13/30:  91%|███████████████████████████████▉   | 53/58 [00:01<00:00, 33.88it/s, loss=0.0013]
  Epoch 13/30:  91%|███████████████████████████████▉   | 53/58 [00:01<00:00, 33.88it/s, loss=0.0013]
  Epoch 13/30:  91%|███████████████████████████████▉   | 53/58 [00:01<00:00, 33.88it/s, loss=0.0013]
  Epoch 13/30:  98%|██████████████████████████████████▍| 57/58 [00:01<00:00, 33.12it/s, loss=0.0013]
  Epoch 13/30:  98%|██████████████████████████████████▍| 57/58 [00:01<00:00, 33.12it/s, loss=0.0001]
                                                                                                    

  Epoch 14/30:   0%|                                                         | 0/58 [00:00<?, ?it/s]
  Epoch 14/30:   0%|                                            | 0/58 [00:00<?, ?it/s, loss=0.0008]
  Epoch 14/30:   0%|                                            | 0/58 [00:00<?, ?it/s, loss=0.0008]
  Epoch 14/30:   0%|                                            | 0/58 [00:00<?, ?it/s, loss=0.0008]
  Epoch 14/30:   0%|                                            | 0/58 [00:00<?, ?it/s, loss=0.0007]
  Epoch 14/30:   7%|██▍                                 | 4/58 [00:00<00:01, 36.64it/s, loss=0.0007]
  Epoch 14/30:   7%|██▍                                 | 4/58 [00:00<00:01, 36.64it/s, loss=0.0014]
  Epoch 14/30:   7%|██▍                                 | 4/58 [00:00<00:01, 36.64it/s, loss=0.0019]
  Epoch 14/30:   7%|██▍                                 | 4/58 [00:00<00:01, 36.64it/s, loss=0.0006]
  Epoch 14/30:   7%|██▍                                 | 4/58 [00:00<00:01, 36.64it/s, loss=0.0018]
  Epoch 14/30:  14%|████▉                               | 8/58 [00:00<00:01, 35.22it/s, loss=0.0018]
  Epoch 14/30:  14%|████▉                               | 8/58 [00:00<00:01, 35.22it/s, loss=0.0011]
  Epoch 14/30:  14%|████▉                               | 8/58 [00:00<00:01, 35.22it/s, loss=0.0015]
  Epoch 14/30:  14%|████▉                               | 8/58 [00:00<00:01, 35.22it/s, loss=0.0005]
  Epoch 14/30:  14%|████▉                               | 8/58 [00:00<00:01, 35.22it/s, loss=0.0008]
  Epoch 14/30:  21%|███████▏                           | 12/58 [00:00<00:01, 32.14it/s, loss=0.0008]
  Epoch 14/30:  21%|███████▏                           | 12/58 [00:00<00:01, 32.14it/s, loss=0.0009]
  Epoch 14/30:  21%|███████▏                           | 12/58 [00:00<00:01, 32.14it/s, loss=0.0029]
  Epoch 14/30:  21%|███████▏                           | 12/58 [00:00<00:01, 32.14it/s, loss=0.0012]
  Epoch 14/30:  21%|███████▏                           | 12/58 [00:00<00:01, 32.14it/s, loss=0.0024]
  Epoch 14/30:  28%|█████████▋                         | 16/58 [00:00<00:01, 31.88it/s, loss=0.0024]
  Epoch 14/30:  28%|█████████▋                         | 16/58 [00:00<00:01, 31.88it/s, loss=0.0011]
  Epoch 14/30:  28%|█████████▋                         | 16/58 [00:00<00:01, 31.88it/s, loss=0.0023]
  Epoch 14/30:  28%|█████████▋                         | 16/58 [00:00<00:01, 31.88it/s, loss=0.0010]
  Epoch 14/30:  28%|█████████▋                         | 16/58 [00:00<00:01, 31.88it/s, loss=0.0010]
  Epoch 14/30:  34%|████████████                       | 20/58 [00:00<00:01, 31.13it/s, loss=0.0010]
  Epoch 14/30:  34%|████████████                       | 20/58 [00:00<00:01, 31.13it/s, loss=0.0013]
  Epoch 14/30:  34%|████████████                       | 20/58 [00:00<00:01, 31.13it/s, loss=0.0007]
  Epoch 14/30:  34%|████████████                       | 20/58 [00:00<00:01, 31.13it/s, loss=0.0024]
  Epoch 14/30:  34%|████████████                       | 20/58 [00:00<00:01, 31.13it/s, loss=0.0014]
  Epoch 14/30:  41%|██████████████▍                    | 24/58 [00:00<00:01, 29.97it/s, loss=0.0014]
  Epoch 14/30:  41%|██████████████▍                    | 24/58 [00:00<00:01, 29.97it/s, loss=0.0009]
  Epoch 14/30:  41%|██████████████▍                    | 24/58 [00:00<00:01, 29.97it/s, loss=0.0012]
  Epoch 14/30:  41%|██████████████▍                    | 24/58 [00:00<00:01, 29.97it/s, loss=0.0017]
  Epoch 14/30:  41%|██████████████▍                    | 24/58 [00:00<00:01, 29.97it/s, loss=0.0019]
  Epoch 14/30:  48%|████████████████▉                  | 28/58 [00:00<00:01, 29.46it/s, loss=0.0019]
  Epoch 14/30:  48%|████████████████▉                  | 28/58 [00:00<00:01, 29.46it/s, loss=0.0005]
  Epoch 14/30:  48%|████████████████▉                  | 28/58 [00:00<00:01, 29.46it/s, loss=0.0010]
  Epoch 14/30:  48%|████████████████▉                  | 28/58 [00:01<00:01, 29.46it/s, loss=0.0011]
  Epoch 14/30:  53%|██████████████████▋                | 31/58 [00:01<00:00, 29.41it/s, loss=0.0011]
  Epoch 14/30:  53%|██████████████████▋                | 31/58 [00:01<00:00, 29.41it/s, loss=0.0020]
  Epoch 14/30:  53%|██████████████████▋                | 31/58 [00:01<00:00, 29.41it/s, loss=0.0010]
  Epoch 14/30:  53%|██████████████████▋                | 31/58 [00:01<00:00, 29.41it/s, loss=0.0014]
  Epoch 14/30:  59%|████████████████████▌              | 34/58 [00:01<00:00, 28.96it/s, loss=0.0014]
  Epoch 14/30:  59%|████████████████████▌              | 34/58 [00:01<00:00, 28.96it/s, loss=0.0011]
  Epoch 14/30:  59%|████████████████████▌              | 34/58 [00:01<00:00, 28.96it/s, loss=0.0016]
  Epoch 14/30:  59%|████████████████████▌              | 34/58 [00:01<00:00, 28.96it/s, loss=0.0006]
  Epoch 14/30:  64%|██████████████████████▎            | 37/58 [00:01<00:00, 28.95it/s, loss=0.0006]
  Epoch 14/30:  64%|██████████████████████▎            | 37/58 [00:01<00:00, 28.95it/s, loss=0.0019]
  Epoch 14/30:  64%|██████████████████████▎            | 37/58 [00:01<00:00, 28.95it/s, loss=0.0006]
  Epoch 14/30:  64%|██████████████████████▎            | 37/58 [00:01<00:00, 28.95it/s, loss=0.0009]
  Epoch 14/30:  64%|██████████████████████▎            | 37/58 [00:01<00:00, 28.95it/s, loss=0.0008]
  Epoch 14/30:  71%|████████████████████████▋          | 41/58 [00:01<00:00, 30.51it/s, loss=0.0008]
  Epoch 14/30:  71%|████████████████████████▋          | 41/58 [00:01<00:00, 30.51it/s, loss=0.0013]
  Epoch 14/30:  71%|████████████████████████▋          | 41/58 [00:01<00:00, 30.51it/s, loss=0.0016]
  Epoch 14/30:  71%|████████████████████████▋          | 41/58 [00:01<00:00, 30.51it/s, loss=0.0012]
  Epoch 14/30:  71%|████████████████████████▋          | 41/58 [00:01<00:00, 30.51it/s, loss=0.0006]
  Epoch 14/30:  78%|███████████████████████████▏       | 45/58 [00:01<00:00, 29.95it/s, loss=0.0006]
  Epoch 14/30:  78%|███████████████████████████▏       | 45/58 [00:01<00:00, 29.95it/s, loss=0.0004]
  Epoch 14/30:  78%|███████████████████████████▏       | 45/58 [00:01<00:00, 29.95it/s, loss=0.0012]
  Epoch 14/30:  78%|███████████████████████████▏       | 45/58 [00:01<00:00, 29.95it/s, loss=0.0008]
  Epoch 14/30:  78%|███████████████████████████▏       | 45/58 [00:01<00:00, 29.95it/s, loss=0.0010]
  Epoch 14/30:  84%|█████████████████████████████▌     | 49/58 [00:01<00:00, 30.62it/s, loss=0.0010]
  Epoch 14/30:  84%|█████████████████████████████▌     | 49/58 [00:01<00:00, 30.62it/s, loss=0.0007]
  Epoch 14/30:  84%|█████████████████████████████▌     | 49/58 [00:01<00:00, 30.62it/s, loss=0.0019]
  Epoch 14/30:  84%|█████████████████████████████▌     | 49/58 [00:01<00:00, 30.62it/s, loss=0.0016]
  Epoch 14/30:  84%|█████████████████████████████▌     | 49/58 [00:01<00:00, 30.62it/s, loss=0.0014]
  Epoch 14/30:  91%|███████████████████████████████▉   | 53/58 [00:01<00:00, 29.57it/s, loss=0.0014]
  Epoch 14/30:  91%|███████████████████████████████▉   | 53/58 [00:01<00:00, 29.57it/s, loss=0.0023]
  Epoch 14/30:  91%|███████████████████████████████▉   | 53/58 [00:01<00:00, 29.57it/s, loss=0.0012]
  Epoch 14/30:  91%|███████████████████████████████▉   | 53/58 [00:01<00:00, 29.57it/s, loss=0.0013]
  Epoch 14/30:  97%|█████████████████████████████████▊ | 56/58 [00:01<00:00, 28.52it/s, loss=0.0013]
  Epoch 14/30:  97%|█████████████████████████████████▊ | 56/58 [00:01<00:00, 28.52it/s, loss=0.0010]
  Epoch 14/30:  97%|█████████████████████████████████▊ | 56/58 [00:01<00:00, 28.52it/s, loss=0.0007]
                                                                                                    

  Epoch 15/30:   0%|                                                         | 0/58 [00:00<?, ?it/s]
  Epoch 15/30:   0%|                                            | 0/58 [00:00<?, ?it/s, loss=0.0017]
  Epoch 15/30:   0%|                                            | 0/58 [00:00<?, ?it/s, loss=0.0017]
  Epoch 15/30:   0%|                                            | 0/58 [00:00<?, ?it/s, loss=0.0019]
  Epoch 15/30:   0%|                                            | 0/58 [00:00<?, ?it/s, loss=0.0015]
  Epoch 15/30:   7%|██▍                                 | 4/58 [00:00<00:01, 39.40it/s, loss=0.0015]
  Epoch 15/30:   7%|██▍                                 | 4/58 [00:00<00:01, 39.40it/s, loss=0.0011]
  Epoch 15/30:   7%|██▍                                 | 4/58 [00:00<00:01, 39.40it/s, loss=0.0012]
  Epoch 15/30:   7%|██▍                                 | 4/58 [00:00<00:01, 39.40it/s, loss=0.0013]
  Epoch 15/30:   7%|██▍                                 | 4/58 [00:00<00:01, 39.40it/s, loss=0.0011]
  Epoch 15/30:  14%|████▉                               | 8/58 [00:00<00:01, 32.19it/s, loss=0.0011]
  Epoch 15/30:  14%|████▉                               | 8/58 [00:00<00:01, 32.19it/s, loss=0.0013]
  Epoch 15/30:  14%|████▉                               | 8/58 [00:00<00:01, 32.19it/s, loss=0.0012]
  Epoch 15/30:  14%|████▉                               | 8/58 [00:00<00:01, 32.19it/s, loss=0.0012]
  Epoch 15/30:  14%|████▉                               | 8/58 [00:00<00:01, 32.19it/s, loss=0.0012]
  Epoch 15/30:  21%|███████▏                           | 12/58 [00:00<00:01, 30.32it/s, loss=0.0012]
  Epoch 15/30:  21%|███████▏                           | 12/58 [00:00<00:01, 30.32it/s, loss=0.0009]
  Epoch 15/30:  21%|███████▏                           | 12/58 [00:00<00:01, 30.32it/s, loss=0.0015]
  Epoch 15/30:  21%|███████▏                           | 12/58 [00:00<00:01, 30.32it/s, loss=0.0014]
  Epoch 15/30:  21%|███████▏                           | 12/58 [00:00<00:01, 30.32it/s, loss=0.0009]
  Epoch 15/30:  28%|█████████▋                         | 16/58 [00:00<00:01, 28.03it/s, loss=0.0009]
  Epoch 15/30:  28%|█████████▋                         | 16/58 [00:00<00:01, 28.03it/s, loss=0.0024]
  Epoch 15/30:  28%|█████████▋                         | 16/58 [00:00<00:01, 28.03it/s, loss=0.0010]
  Epoch 15/30:  28%|█████████▋                         | 16/58 [00:00<00:01, 28.03it/s, loss=0.0011]
  Epoch 15/30:  33%|███████████▍                       | 19/58 [00:00<00:01, 27.76it/s, loss=0.0011]
  Epoch 15/30:  33%|███████████▍                       | 19/58 [00:00<00:01, 27.76it/s, loss=0.0013]
  Epoch 15/30:  33%|███████████▍                       | 19/58 [00:00<00:01, 27.76it/s, loss=0.0011]
  Epoch 15/30:  33%|███████████▍                       | 19/58 [00:00<00:01, 27.76it/s, loss=0.0011]
  Epoch 15/30:  38%|█████████████▎                     | 22/58 [00:00<00:01, 27.67it/s, loss=0.0011]
  Epoch 15/30:  38%|█████████████▎                     | 22/58 [00:00<00:01, 27.67it/s, loss=0.0018]
  Epoch 15/30:  38%|█████████████▎                     | 22/58 [00:00<00:01, 27.67it/s, loss=0.0020]
  Epoch 15/30:  38%|█████████████▎                     | 22/58 [00:00<00:01, 27.67it/s, loss=0.0018]
  Epoch 15/30:  43%|███████████████                    | 25/58 [00:00<00:01, 27.10it/s, loss=0.0018]
  Epoch 15/30:  43%|███████████████                    | 25/58 [00:00<00:01, 27.10it/s, loss=0.0011]
  Epoch 15/30:  43%|███████████████                    | 25/58 [00:00<00:01, 27.10it/s, loss=0.0011]
  Epoch 15/30:  43%|███████████████                    | 25/58 [00:00<00:01, 27.10it/s, loss=0.0009]
  Epoch 15/30:  43%|███████████████                    | 25/58 [00:01<00:01, 27.10it/s, loss=0.0023]
  Epoch 15/30:  50%|█████████████████▌                 | 29/58 [00:01<00:01, 28.79it/s, loss=0.0023]
  Epoch 15/30:  50%|█████████████████▌                 | 29/58 [00:01<00:01, 28.79it/s, loss=0.0006]
  Epoch 15/30:  50%|█████████████████▌                 | 29/58 [00:01<00:01, 28.79it/s, loss=0.0015]
  Epoch 15/30:  50%|█████████████████▌                 | 29/58 [00:01<00:01, 28.79it/s, loss=0.0013]
  Epoch 15/30:  50%|█████████████████▌                 | 29/58 [00:01<00:01, 28.79it/s, loss=0.0012]
  Epoch 15/30:  57%|███████████████████▉               | 33/58 [00:01<00:00, 29.54it/s, loss=0.0012]
  Epoch 15/30:  57%|███████████████████▉               | 33/58 [00:01<00:00, 29.54it/s, loss=0.0022]
  Epoch 15/30:  57%|███████████████████▉               | 33/58 [00:01<00:00, 29.54it/s, loss=0.0020]
  Epoch 15/30:  57%|███████████████████▉               | 33/58 [00:01<00:00, 29.54it/s, loss=0.0011]
  Epoch 15/30:  57%|███████████████████▉               | 33/58 [00:01<00:00, 29.54it/s, loss=0.0012]
  Epoch 15/30:  64%|██████████████████████▎            | 37/58 [00:01<00:00, 31.63it/s, loss=0.0012]
  Epoch 15/30:  64%|██████████████████████▎            | 37/58 [00:01<00:00, 31.63it/s, loss=0.0008]
  Epoch 15/30:  64%|██████████████████████▎            | 37/58 [00:01<00:00, 31.63it/s, loss=0.0004]
  Epoch 15/30:  64%|██████████████████████▎            | 37/58 [00:01<00:00, 31.63it/s, loss=0.0007]
  Epoch 15/30:  64%|██████████████████████▎            | 37/58 [00:01<00:00, 31.63it/s, loss=0.0012]
  Epoch 15/30:  71%|████████████████████████▋          | 41/58 [00:01<00:00, 30.60it/s, loss=0.0012]
  Epoch 15/30:  71%|████████████████████████▋          | 41/58 [00:01<00:00, 30.60it/s, loss=0.0016]
  Epoch 15/30:  71%|████████████████████████▋          | 41/58 [00:01<00:00, 30.60it/s, loss=0.0012]
  Epoch 15/30:  71%|████████████████████████▋          | 41/58 [00:01<00:00, 30.60it/s, loss=0.0006]
  Epoch 15/30:  71%|████████████████████████▋          | 41/58 [00:01<00:00, 30.60it/s, loss=0.0008]
  Epoch 15/30:  78%|███████████████████████████▏       | 45/58 [00:01<00:00, 30.72it/s, loss=0.0008]
  Epoch 15/30:  78%|███████████████████████████▏       | 45/58 [00:01<00:00, 30.72it/s, loss=0.0011]
  Epoch 15/30:  78%|███████████████████████████▏       | 45/58 [00:01<00:00, 30.72it/s, loss=0.0010]
  Epoch 15/30:  78%|███████████████████████████▏       | 45/58 [00:01<00:00, 30.72it/s, loss=0.0004]
  Epoch 15/30:  78%|███████████████████████████▏       | 45/58 [00:01<00:00, 30.72it/s, loss=0.0011]
  Epoch 15/30:  84%|█████████████████████████████▌     | 49/58 [00:01<00:00, 30.24it/s, loss=0.0011]
  Epoch 15/30:  84%|█████████████████████████████▌     | 49/58 [00:01<00:00, 30.24it/s, loss=0.0014]
  Epoch 15/30:  84%|█████████████████████████████▌     | 49/58 [00:01<00:00, 30.24it/s, loss=0.0008]
  Epoch 15/30:  84%|█████████████████████████████▌     | 49/58 [00:01<00:00, 30.24it/s, loss=0.0018]
  Epoch 15/30:  84%|█████████████████████████████▌     | 49/58 [00:01<00:00, 30.24it/s, loss=0.0009]
  Epoch 15/30:  91%|███████████████████████████████▉   | 53/58 [00:01<00:00, 30.42it/s, loss=0.0009]
  Epoch 15/30:  91%|███████████████████████████████▉   | 53/58 [00:01<00:00, 30.42it/s, loss=0.0013]
  Epoch 15/30:  91%|███████████████████████████████▉   | 53/58 [00:01<00:00, 30.42it/s, loss=0.0013]
  Epoch 15/30:  91%|███████████████████████████████▉   | 53/58 [00:01<00:00, 30.42it/s, loss=0.0007]
  Epoch 15/30:  91%|███████████████████████████████▉   | 53/58 [00:01<00:00, 30.42it/s, loss=0.0009]
  Epoch 15/30:  98%|██████████████████████████████████▍| 57/58 [00:01<00:00, 29.02it/s, loss=0.0009]
  Epoch 15/30:  98%|██████████████████████████████████▍| 57/58 [00:01<00:00, 29.02it/s, loss=0.0023]
                                                                                                    
  Epoch 15/30 │ Loss: 0.0013 │ T+1: 0.8408 │ T+2: 0.7087 │ T+3: 0.4441

  Epoch 16/30:   0%|                                                         | 0/58 [00:00<?, ?it/s]
  Epoch 16/30:   0%|                                            | 0/58 [00:00<?, ?it/s, loss=0.0008]
  Epoch 16/30:   0%|                                            | 0/58 [00:00<?, ?it/s, loss=0.0025]
  Epoch 16/30:   0%|                                            | 0/58 [00:00<?, ?it/s, loss=0.0022]
  Epoch 16/30:   0%|                                            | 0/58 [00:00<?, ?it/s, loss=0.0020]
  Epoch 16/30:   7%|██▍                                 | 4/58 [00:00<00:01, 31.51it/s, loss=0.0020]
  Epoch 16/30:   7%|██▍                                 | 4/58 [00:00<00:01, 31.51it/s, loss=0.0013]
  Epoch 16/30:   7%|██▍                                 | 4/58 [00:00<00:01, 31.51it/s, loss=0.0014]
  Epoch 16/30:   7%|██▍                                 | 4/58 [00:00<00:01, 31.51it/s, loss=0.0025]
  Epoch 16/30:   7%|██▍                                 | 4/58 [00:00<00:01, 31.51it/s, loss=0.0016]
  Epoch 16/30:  14%|████▉                               | 8/58 [00:00<00:01, 33.92it/s, loss=0.0016]
  Epoch 16/30:  14%|████▉                               | 8/58 [00:00<00:01, 33.92it/s, loss=0.0008]
  Epoch 16/30:  14%|████▉                               | 8/58 [00:00<00:01, 33.92it/s, loss=0.0013]
  Epoch 16/30:  14%|████▉                               | 8/58 [00:00<00:01, 33.92it/s, loss=0.0009]
  Epoch 16/30:  14%|████▉                               | 8/58 [00:00<00:01, 33.92it/s, loss=0.0011]
  Epoch 16/30:  21%|███████▏                           | 12/58 [00:00<00:01, 34.18it/s, loss=0.0011]
  Epoch 16/30:  21%|███████▏                           | 12/58 [00:00<00:01, 34.18it/s, loss=0.0015]
  Epoch 16/30:  21%|███████▏                           | 12/58 [00:00<00:01, 34.18it/s, loss=0.0012]
  Epoch 16/30:  21%|███████▏                           | 12/58 [00:00<00:01, 34.18it/s, loss=0.0006]
  Epoch 16/30:  21%|███████▏                           | 12/58 [00:00<00:01, 34.18it/s, loss=0.0020]
  Epoch 16/30:  28%|█████████▋                         | 16/58 [00:00<00:01, 31.85it/s, loss=0.0020]
  Epoch 16/30:  28%|█████████▋                         | 16/58 [00:00<00:01, 31.85it/s, loss=0.0007]
  Epoch 16/30:  28%|█████████▋                         | 16/58 [00:00<00:01, 31.85it/s, loss=0.0015]
  Epoch 16/30:  28%|█████████▋                         | 16/58 [00:00<00:01, 31.85it/s, loss=0.0011]
  Epoch 16/30:  28%|█████████▋                         | 16/58 [00:00<00:01, 31.85it/s, loss=0.0022]
  Epoch 16/30:  34%|████████████                       | 20/58 [00:00<00:01, 31.86it/s, loss=0.0022]
  Epoch 16/30:  34%|████████████                       | 20/58 [00:00<00:01, 31.86it/s, loss=0.0019]
  Epoch 16/30:  34%|████████████                       | 20/58 [00:00<00:01, 31.86it/s, loss=0.0019]
  Epoch 16/30:  34%|████████████                       | 20/58 [00:00<00:01, 31.86it/s, loss=0.0021]
  Epoch 16/30:  34%|████████████                       | 20/58 [00:00<00:01, 31.86it/s, loss=0.0019]
  Epoch 16/30:  41%|██████████████▍                    | 24/58 [00:00<00:01, 32.19it/s, loss=0.0019]
  Epoch 16/30:  41%|██████████████▍                    | 24/58 [00:00<00:01, 32.19it/s, loss=0.0011]
  Epoch 16/30:  41%|██████████████▍                    | 24/58 [00:00<00:01, 32.19it/s, loss=0.0021]
  Epoch 16/30:  41%|██████████████▍                    | 24/58 [00:00<00:01, 32.19it/s, loss=0.0025]
  Epoch 16/30:  41%|██████████████▍                    | 24/58 [00:00<00:01, 32.19it/s, loss=0.0009]
  Epoch 16/30:  48%|████████████████▉                  | 28/58 [00:00<00:00, 31.66it/s, loss=0.0009]
  Epoch 16/30:  48%|████████████████▉                  | 28/58 [00:00<00:00, 31.66it/s, loss=0.0013]
  Epoch 16/30:  48%|████████████████▉                  | 28/58 [00:00<00:00, 31.66it/s, loss=0.0010]
  Epoch 16/30:  48%|████████████████▉                  | 28/58 [00:00<00:00, 31.66it/s, loss=0.0012]
  Epoch 16/30:  48%|████████████████▉                  | 28/58 [00:01<00:00, 31.66it/s, loss=0.0008]
  Epoch 16/30:  55%|███████████████████▎               | 32/58 [00:01<00:00, 31.25it/s, loss=0.0008]
  Epoch 16/30:  55%|███████████████████▎               | 32/58 [00:01<00:00, 31.25it/s, loss=0.0007]
  Epoch 16/30:  55%|███████████████████▎               | 32/58 [00:01<00:00, 31.25it/s, loss=0.0010]
  Epoch 16/30:  55%|███████████████████▎               | 32/58 [00:01<00:00, 31.25it/s, loss=0.0010]
  Epoch 16/30:  55%|███████████████████▎               | 32/58 [00:01<00:00, 31.25it/s, loss=0.0011]
  Epoch 16/30:  62%|█████████████████████▋             | 36/58 [00:01<00:00, 31.34it/s, loss=0.0011]
  Epoch 16/30:  62%|█████████████████████▋             | 36/58 [00:01<00:00, 31.34it/s, loss=0.0008]
  Epoch 16/30:  62%|█████████████████████▋             | 36/58 [00:01<00:00, 31.34it/s, loss=0.0011]
  Epoch 16/30:  62%|█████████████████████▋             | 36/58 [00:01<00:00, 31.34it/s, loss=0.0016]
  Epoch 16/30:  62%|█████████████████████▋             | 36/58 [00:01<00:00, 31.34it/s, loss=0.0008]
  Epoch 16/30:  69%|████████████████████████▏          | 40/58 [00:01<00:00, 32.63it/s, loss=0.0008]
  Epoch 16/30:  69%|████████████████████████▏          | 40/58 [00:01<00:00, 32.63it/s, loss=0.0017]
  Epoch 16/30:  69%|████████████████████████▏          | 40/58 [00:01<00:00, 32.63it/s, loss=0.0010]
  Epoch 16/30:  69%|████████████████████████▏          | 40/58 [00:01<00:00, 32.63it/s, loss=0.0013]
  Epoch 16/30:  69%|████████████████████████▏          | 40/58 [00:01<00:00, 32.63it/s, loss=0.0007]
  Epoch 16/30:  76%|██████████████████████████▌        | 44/58 [00:01<00:00, 32.53it/s, loss=0.0007]
  Epoch 16/30:  76%|██████████████████████████▌        | 44/58 [00:01<00:00, 32.53it/s, loss=0.0008]
  Epoch 16/30:  76%|██████████████████████████▌        | 44/58 [00:01<00:00, 32.53it/s, loss=0.0006]
  Epoch 16/30:  76%|██████████████████████████▌        | 44/58 [00:01<00:00, 32.53it/s, loss=0.0015]
  Epoch 16/30:  76%|██████████████████████████▌        | 44/58 [00:01<00:00, 32.53it/s, loss=0.0009]
  Epoch 16/30:  83%|████████████████████████████▉      | 48/58 [00:01<00:00, 32.62it/s, loss=0.0009]
  Epoch 16/30:  83%|████████████████████████████▉      | 48/58 [00:01<00:00, 32.62it/s, loss=0.0021]
  Epoch 16/30:  83%|████████████████████████████▉      | 48/58 [00:01<00:00, 32.62it/s, loss=0.0006]
  Epoch 16/30:  83%|████████████████████████████▉      | 48/58 [00:01<00:00, 32.62it/s, loss=0.0014]
  Epoch 16/30:  83%|████████████████████████████▉      | 48/58 [00:01<00:00, 32.62it/s, loss=0.0010]
  Epoch 16/30:  90%|███████████████████████████████▍   | 52/58 [00:01<00:00, 33.07it/s, loss=0.0010]
  Epoch 16/30:  90%|███████████████████████████████▍   | 52/58 [00:01<00:00, 33.07it/s, loss=0.0015]
  Epoch 16/30:  90%|███████████████████████████████▍   | 52/58 [00:01<00:00, 33.07it/s, loss=0.0016]
  Epoch 16/30:  90%|███████████████████████████████▍   | 52/58 [00:01<00:00, 33.07it/s, loss=0.0019]
  Epoch 16/30:  90%|███████████████████████████████▍   | 52/58 [00:01<00:00, 33.07it/s, loss=0.0018]
  Epoch 16/30:  97%|█████████████████████████████████▊ | 56/58 [00:01<00:00, 34.45it/s, loss=0.0018]
  Epoch 16/30:  97%|█████████████████████████████████▊ | 56/58 [00:01<00:00, 34.45it/s, loss=0.0014]
  Epoch 16/30:  97%|█████████████████████████████████▊ | 56/58 [00:01<00:00, 34.45it/s, loss=0.0012]
                                                                                                    

  Epoch 17/30:   0%|                                                         | 0/58 [00:00<?, ?it/s]
  Epoch 17/30:   0%|                                            | 0/58 [00:00<?, ?it/s, loss=0.0010]
  Epoch 17/30:   0%|                                            | 0/58 [00:00<?, ?it/s, loss=0.0015]
  Epoch 17/30:   0%|                                            | 0/58 [00:00<?, ?it/s, loss=0.0014]
  Epoch 17/30:   0%|                                            | 0/58 [00:00<?, ?it/s, loss=0.0014]
  Epoch 17/30:   7%|██▍                                 | 4/58 [00:00<00:01, 32.58it/s, loss=0.0014]
  Epoch 17/30:   7%|██▍                                 | 4/58 [00:00<00:01, 32.58it/s, loss=0.0011]
  Epoch 17/30:   7%|██▍                                 | 4/58 [00:00<00:01, 32.58it/s, loss=0.0018]
  Epoch 17/30:   7%|██▍                                 | 4/58 [00:00<00:01, 32.58it/s, loss=0.0023]
  Epoch 17/30:   7%|██▍                                 | 4/58 [00:00<00:01, 32.58it/s, loss=0.0016]
  Epoch 17/30:  14%|████▉                               | 8/58 [00:00<00:01, 32.48it/s, loss=0.0016]
  Epoch 17/30:  14%|████▉                               | 8/58 [00:00<00:01, 32.48it/s, loss=0.0012]
  Epoch 17/30:  14%|████▉                               | 8/58 [00:00<00:01, 32.48it/s, loss=0.0020]
  Epoch 17/30:  14%|████▉                               | 8/58 [00:00<00:01, 32.48it/s, loss=0.0012]
  Epoch 17/30:  14%|████▉                               | 8/58 [00:00<00:01, 32.48it/s, loss=0.0017]
  Epoch 17/30:  21%|███████▏                           | 12/58 [00:00<00:01, 33.34it/s, loss=0.0017]
  Epoch 17/30:  21%|███████▏                           | 12/58 [00:00<00:01, 33.34it/s, loss=0.0005]
  Epoch 17/30:  21%|███████▏                           | 12/58 [00:00<00:01, 33.34it/s, loss=0.0013]
  Epoch 17/30:  21%|███████▏                           | 12/58 [00:00<00:01, 33.34it/s, loss=0.0011]
  Epoch 17/30:  21%|███████▏                           | 12/58 [00:00<00:01, 33.34it/s, loss=0.0006]
  Epoch 17/30:  28%|█████████▋                         | 16/58 [00:00<00:01, 33.56it/s, loss=0.0006]
  Epoch 17/30:  28%|█████████▋                         | 16/58 [00:00<00:01, 33.56it/s, loss=0.0013]
  Epoch 17/30:  28%|█████████▋                         | 16/58 [00:00<00:01, 33.56it/s, loss=0.0005]
  Epoch 17/30:  28%|█████████▋                         | 16/58 [00:00<00:01, 33.56it/s, loss=0.0019]
  Epoch 17/30:  28%|█████████▋                         | 16/58 [00:00<00:01, 33.56it/s, loss=0.0014]
  Epoch 17/30:  34%|████████████                       | 20/58 [00:00<00:01, 30.74it/s, loss=0.0014]
  Epoch 17/30:  34%|████████████                       | 20/58 [00:00<00:01, 30.74it/s, loss=0.0009]
  Epoch 17/30:  34%|████████████                       | 20/58 [00:00<00:01, 30.74it/s, loss=0.0008]
  Epoch 17/30:  34%|████████████                       | 20/58 [00:00<00:01, 30.74it/s, loss=0.0019]
  Epoch 17/30:  34%|████████████                       | 20/58 [00:00<00:01, 30.74it/s, loss=0.0013]
  Epoch 17/30:  41%|██████████████▍                    | 24/58 [00:00<00:01, 31.47it/s, loss=0.0013]
  Epoch 17/30:  41%|██████████████▍                    | 24/58 [00:00<00:01, 31.47it/s, loss=0.0011]
  Epoch 17/30:  41%|██████████████▍                    | 24/58 [00:00<00:01, 31.47it/s, loss=0.0008]
  Epoch 17/30:  41%|██████████████▍                    | 24/58 [00:00<00:01, 31.47it/s, loss=0.0015]
  Epoch 17/30:  41%|██████████████▍                    | 24/58 [00:00<00:01, 31.47it/s, loss=0.0009]
  Epoch 17/30:  48%|████████████████▉                  | 28/58 [00:00<00:00, 32.26it/s, loss=0.0009]
  Epoch 17/30:  48%|████████████████▉                  | 28/58 [00:00<00:00, 32.26it/s, loss=0.0015]
  Epoch 17/30:  48%|████████████████▉                  | 28/58 [00:00<00:00, 32.26it/s, loss=0.0012]
  Epoch 17/30:  48%|████████████████▉                  | 28/58 [00:00<00:00, 32.26it/s, loss=0.0008]
  Epoch 17/30:  48%|████████████████▉                  | 28/58 [00:00<00:00, 32.26it/s, loss=0.0014]
  Epoch 17/30:  55%|███████████████████▎               | 32/58 [00:00<00:00, 32.69it/s, loss=0.0014]
  Epoch 17/30:  55%|███████████████████▎               | 32/58 [00:01<00:00, 32.69it/s, loss=0.0009]
  Epoch 17/30:  55%|███████████████████▎               | 32/58 [00:01<00:00, 32.69it/s, loss=0.0008]
  Epoch 17/30:  55%|███████████████████▎               | 32/58 [00:01<00:00, 32.69it/s, loss=0.0031]
  Epoch 17/30:  55%|███████████████████▎               | 32/58 [00:01<00:00, 32.69it/s, loss=0.0008]
  Epoch 17/30:  62%|█████████████████████▋             | 36/58 [00:01<00:00, 33.05it/s, loss=0.0008]
  Epoch 17/30:  62%|█████████████████████▋             | 36/58 [00:01<00:00, 33.05it/s, loss=0.0008]
  Epoch 17/30:  62%|█████████████████████▋             | 36/58 [00:01<00:00, 33.05it/s, loss=0.0011]
  Epoch 17/30:  62%|█████████████████████▋             | 36/58 [00:01<00:00, 33.05it/s, loss=0.0009]
  Epoch 17/30:  62%|█████████████████████▋             | 36/58 [00:01<00:00, 33.05it/s, loss=0.0006]
  Epoch 17/30:  69%|████████████████████████▏          | 40/58 [00:01<00:00, 34.64it/s, loss=0.0006]
  Epoch 17/30:  69%|████████████████████████▏          | 40/58 [00:01<00:00, 34.64it/s, loss=0.0020]
  Epoch 17/30:  69%|████████████████████████▏          | 40/58 [00:01<00:00, 34.64it/s, loss=0.0019]
  Epoch 17/30:  69%|████████████████████████▏          | 40/58 [00:01<00:00, 34.64it/s, loss=0.0002]
  Epoch 17/30:  69%|████████████████████████▏          | 40/58 [00:01<00:00, 34.64it/s, loss=0.0010]
  Epoch 17/30:  76%|██████████████████████████▌        | 44/58 [00:01<00:00, 35.91it/s, loss=0.0010]
  Epoch 17/30:  76%|██████████████████████████▌        | 44/58 [00:01<00:00, 35.91it/s, loss=0.0010]
  Epoch 17/30:  76%|██████████████████████████▌        | 44/58 [00:01<00:00, 35.91it/s, loss=0.0006]
  Epoch 17/30:  76%|██████████████████████████▌        | 44/58 [00:01<00:00, 35.91it/s, loss=0.0004]
  Epoch 17/30:  76%|██████████████████████████▌        | 44/58 [00:01<00:00, 35.91it/s, loss=0.0011]
  Epoch 17/30:  83%|████████████████████████████▉      | 48/58 [00:01<00:00, 36.38it/s, loss=0.0011]
  Epoch 17/30:  83%|████████████████████████████▉      | 48/58 [00:01<00:00, 36.38it/s, loss=0.0014]
  Epoch 17/30:  83%|████████████████████████████▉      | 48/58 [00:01<00:00, 36.38it/s, loss=0.0013]
  Epoch 17/30:  83%|████████████████████████████▉      | 48/58 [00:01<00:00, 36.38it/s, loss=0.0013]
  Epoch 17/30:  83%|████████████████████████████▉      | 48/58 [00:01<00:00, 36.38it/s, loss=0.0012]
  Epoch 17/30:  83%|████████████████████████████▉      | 48/58 [00:01<00:00, 36.38it/s, loss=0.0015]
  Epoch 17/30:  91%|███████████████████████████████▉   | 53/58 [00:01<00:00, 37.83it/s, loss=0.0015]
  Epoch 17/30:  91%|███████████████████████████████▉   | 53/58 [00:01<00:00, 37.83it/s, loss=0.0009]
  Epoch 17/30:  91%|███████████████████████████████▉   | 53/58 [00:01<00:00, 37.83it/s, loss=0.0006]
  Epoch 17/30:  91%|███████████████████████████████▉   | 53/58 [00:01<00:00, 37.83it/s, loss=0.0008]
  Epoch 17/30:  91%|███████████████████████████████▉   | 53/58 [00:01<00:00, 37.83it/s, loss=0.0014]
  Epoch 17/30:  91%|███████████████████████████████▉   | 53/58 [00:01<00:00, 37.83it/s, loss=0.0001]
  Epoch 17/30: 100%|███████████████████████████████████| 58/58 [00:01<00:00, 39.56it/s, loss=0.0001]
                                                                                                    

  Epoch 18/30:   0%|                                                         | 0/58 [00:00<?, ?it/s]
  Epoch 18/30:   0%|                                            | 0/58 [00:00<?, ?it/s, loss=0.0011]
  Epoch 18/30:   0%|                                            | 0/58 [00:00<?, ?it/s, loss=0.0022]
  Epoch 18/30:   0%|                                            | 0/58 [00:00<?, ?it/s, loss=0.0005]
  Epoch 18/30:   0%|                                            | 0/58 [00:00<?, ?it/s, loss=0.0014]
  Epoch 18/30:   7%|██▍                                 | 4/58 [00:00<00:01, 37.92it/s, loss=0.0014]
  Epoch 18/30:   7%|██▍                                 | 4/58 [00:00<00:01, 37.92it/s, loss=0.0004]
  Epoch 18/30:   7%|██▍                                 | 4/58 [00:00<00:01, 37.92it/s, loss=0.0009]
  Epoch 18/30:   7%|██▍                                 | 4/58 [00:00<00:01, 37.92it/s, loss=0.0007]
  Epoch 18/30:   7%|██▍                                 | 4/58 [00:00<00:01, 37.92it/s, loss=0.0022]
  Epoch 18/30:   7%|██▍                                 | 4/58 [00:00<00:01, 37.92it/s, loss=0.0008]
  Epoch 18/30:  16%|█████▌                              | 9/58 [00:00<00:01, 40.30it/s, loss=0.0008]
  Epoch 18/30:  16%|█████▌                              | 9/58 [00:00<00:01, 40.30it/s, loss=0.0013]
  Epoch 18/30:  16%|█████▌                              | 9/58 [00:00<00:01, 40.30it/s, loss=0.0014]
  Epoch 18/30:  16%|█████▌                              | 9/58 [00:00<00:01, 40.30it/s, loss=0.0012]
  Epoch 18/30:  16%|█████▌                              | 9/58 [00:00<00:01, 40.30it/s, loss=0.0008]
  Epoch 18/30:  16%|█████▌                              | 9/58 [00:00<00:01, 40.30it/s, loss=0.0005]
  Epoch 18/30:  24%|████████▍                          | 14/58 [00:00<00:01, 33.37it/s, loss=0.0005]
  Epoch 18/30:  24%|████████▍                          | 14/58 [00:00<00:01, 33.37it/s, loss=0.0013]
  Epoch 18/30:  24%|████████▍                          | 14/58 [00:00<00:01, 33.37it/s, loss=0.0009]
  Epoch 18/30:  24%|████████▍                          | 14/58 [00:00<00:01, 33.37it/s, loss=0.0012]
  Epoch 18/30:  24%|████████▍                          | 14/58 [00:00<00:01, 33.37it/s, loss=0.0008]
  Epoch 18/30:  31%|██████████▊                        | 18/58 [00:00<00:01, 33.72it/s, loss=0.0008]
  Epoch 18/30:  31%|██████████▊                        | 18/58 [00:00<00:01, 33.72it/s, loss=0.0007]
  Epoch 18/30:  31%|██████████▊                        | 18/58 [00:00<00:01, 33.72it/s, loss=0.0014]
  Epoch 18/30:  31%|██████████▊                        | 18/58 [00:00<00:01, 33.72it/s, loss=0.0020]
  Epoch 18/30:  31%|██████████▊                        | 18/58 [00:00<00:01, 33.72it/s, loss=0.0013]
  Epoch 18/30:  38%|█████████████▎                     | 22/58 [00:00<00:01, 32.55it/s, loss=0.0013]
  Epoch 18/30:  38%|█████████████▎                     | 22/58 [00:00<00:01, 32.55it/s, loss=0.0010]
  Epoch 18/30:  38%|█████████████▎                     | 22/58 [00:00<00:01, 32.55it/s, loss=0.0007]
  Epoch 18/30:  38%|█████████████▎                     | 22/58 [00:00<00:01, 32.55it/s, loss=0.0008]
  Epoch 18/30:  38%|█████████████▎                     | 22/58 [00:00<00:01, 32.55it/s, loss=0.0013]
  Epoch 18/30:  45%|███████████████▋                   | 26/58 [00:00<00:01, 30.43it/s, loss=0.0013]
  Epoch 18/30:  45%|███████████████▋                   | 26/58 [00:00<00:01, 30.43it/s, loss=0.0016]
  Epoch 18/30:  45%|███████████████▋                   | 26/58 [00:00<00:01, 30.43it/s, loss=0.0013]
  Epoch 18/30:  45%|███████████████▋                   | 26/58 [00:00<00:01, 30.43it/s, loss=0.0012]
  Epoch 18/30:  45%|███████████████▋                   | 26/58 [00:00<00:01, 30.43it/s, loss=0.0019]
  Epoch 18/30:  52%|██████████████████                 | 30/58 [00:00<00:00, 29.18it/s, loss=0.0019]
  Epoch 18/30:  52%|██████████████████                 | 30/58 [00:00<00:00, 29.18it/s, loss=0.0016]
  Epoch 18/30:  52%|██████████████████                 | 30/58 [00:01<00:00, 29.18it/s, loss=0.0020]
  Epoch 18/30:  52%|██████████████████                 | 30/58 [00:01<00:00, 29.18it/s, loss=0.0010]
  Epoch 18/30:  52%|██████████████████                 | 30/58 [00:01<00:00, 29.18it/s, loss=0.0006]
  Epoch 18/30:  59%|████████████████████▌              | 34/58 [00:01<00:00, 30.05it/s, loss=0.0006]
  Epoch 18/30:  59%|████████████████████▌              | 34/58 [00:01<00:00, 30.05it/s, loss=0.0010]
  Epoch 18/30:  59%|████████████████████▌              | 34/58 [00:01<00:00, 30.05it/s, loss=0.0011]
  Epoch 18/30:  59%|████████████████████▌              | 34/58 [00:01<00:00, 30.05it/s, loss=0.0006]
  Epoch 18/30:  59%|████████████████████▌              | 34/58 [00:01<00:00, 30.05it/s, loss=0.0006]
  Epoch 18/30:  66%|██████████████████████▉            | 38/58 [00:01<00:00, 31.93it/s, loss=0.0006]
  Epoch 18/30:  66%|██████████████████████▉            | 38/58 [00:01<00:00, 31.93it/s, loss=0.0015]
  Epoch 18/30:  66%|██████████████████████▉            | 38/58 [00:01<00:00, 31.93it/s, loss=0.0006]
  Epoch 18/30:  66%|██████████████████████▉            | 38/58 [00:01<00:00, 31.93it/s, loss=0.0015]
  Epoch 18/30:  66%|██████████████████████▉            | 38/58 [00:01<00:00, 31.93it/s, loss=0.0010]
  Epoch 18/30:  72%|█████████████████████████▎         | 42/58 [00:01<00:00, 31.41it/s, loss=0.0010]
  Epoch 18/30:  72%|█████████████████████████▎         | 42/58 [00:01<00:00, 31.41it/s, loss=0.0029]
  Epoch 18/30:  72%|█████████████████████████▎         | 42/58 [00:01<00:00, 31.41it/s, loss=0.0006]
  Epoch 18/30:  72%|█████████████████████████▎         | 42/58 [00:01<00:00, 31.41it/s, loss=0.0018]
  Epoch 18/30:  72%|█████████████████████████▎         | 42/58 [00:01<00:00, 31.41it/s, loss=0.0005]
  Epoch 18/30:  79%|███████████████████████████▊       | 46/58 [00:01<00:00, 32.27it/s, loss=0.0005]
  Epoch 18/30:  79%|███████████████████████████▊       | 46/58 [00:01<00:00, 32.27it/s, loss=0.0016]
  Epoch 18/30:  79%|███████████████████████████▊       | 46/58 [00:01<00:00, 32.27it/s, loss=0.0011]
  Epoch 18/30:  79%|███████████████████████████▊       | 46/58 [00:01<00:00, 32.27it/s, loss=0.0020]
  Epoch 18/30:  79%|███████████████████████████▊       | 46/58 [00:01<00:00, 32.27it/s, loss=0.0015]
  Epoch 18/30:  86%|██████████████████████████████▏    | 50/58 [00:01<00:00, 33.37it/s, loss=0.0015]
  Epoch 18/30:  86%|██████████████████████████████▏    | 50/58 [00:01<00:00, 33.37it/s, loss=0.0011]
  Epoch 18/30:  86%|██████████████████████████████▏    | 50/58 [00:01<00:00, 33.37it/s, loss=0.0016]
  Epoch 18/30:  86%|██████████████████████████████▏    | 50/58 [00:01<00:00, 33.37it/s, loss=0.0011]
  Epoch 18/30:  86%|██████████████████████████████▏    | 50/58 [00:01<00:00, 33.37it/s, loss=0.0009]
  Epoch 18/30:  86%|██████████████████████████████▏    | 50/58 [00:01<00:00, 33.37it/s, loss=0.0011]
  Epoch 18/30:  95%|█████████████████████████████████▏ | 55/58 [00:01<00:00, 35.91it/s, loss=0.0011]
  Epoch 18/30:  95%|█████████████████████████████████▏ | 55/58 [00:01<00:00, 35.91it/s, loss=0.0005]
  Epoch 18/30:  95%|█████████████████████████████████▏ | 55/58 [00:01<00:00, 35.91it/s, loss=0.0009]
  Epoch 18/30:  95%|█████████████████████████████████▏ | 55/58 [00:01<00:00, 35.91it/s, loss=0.0001]
                                                                                                    

  Epoch 19/30:   0%|                                                         | 0/58 [00:00<?, ?it/s]
  Epoch 19/30:   0%|                                            | 0/58 [00:00<?, ?it/s, loss=0.0009]
  Epoch 19/30:   0%|                                            | 0/58 [00:00<?, ?it/s, loss=0.0006]
  Epoch 19/30:   0%|                                            | 0/58 [00:00<?, ?it/s, loss=0.0008]
  Epoch 19/30:   0%|                                            | 0/58 [00:00<?, ?it/s, loss=0.0012]
  Epoch 19/30:   7%|██▍                                 | 4/58 [00:00<00:01, 33.11it/s, loss=0.0012]
  Epoch 19/30:   7%|██▍                                 | 4/58 [00:00<00:01, 33.11it/s, loss=0.0013]
  Epoch 19/30:   7%|██▍                                 | 4/58 [00:00<00:01, 33.11it/s, loss=0.0009]
  Epoch 19/30:   7%|██▍                                 | 4/58 [00:00<00:01, 33.11it/s, loss=0.0008]
  Epoch 19/30:   7%|██▍                                 | 4/58 [00:00<00:01, 33.11it/s, loss=0.0006]
  Epoch 19/30:  14%|████▉                               | 8/58 [00:00<00:01, 36.05it/s, loss=0.0006]
  Epoch 19/30:  14%|████▉                               | 8/58 [00:00<00:01, 36.05it/s, loss=0.0010]
  Epoch 19/30:  14%|████▉                               | 8/58 [00:00<00:01, 36.05it/s, loss=0.0011]
  Epoch 19/30:  14%|████▉                               | 8/58 [00:00<00:01, 36.05it/s, loss=0.0009]
  Epoch 19/30:  14%|████▉                               | 8/58 [00:00<00:01, 36.05it/s, loss=0.0005]
  Epoch 19/30:  14%|████▉                               | 8/58 [00:00<00:01, 36.05it/s, loss=0.0010]
  Epoch 19/30:  22%|███████▊                           | 13/58 [00:00<00:01, 38.00it/s, loss=0.0010]
  Epoch 19/30:  22%|███████▊                           | 13/58 [00:00<00:01, 38.00it/s, loss=0.0015]
  Epoch 19/30:  22%|███████▊                           | 13/58 [00:00<00:01, 38.00it/s, loss=0.0007]
  Epoch 19/30:  22%|███████▊                           | 13/58 [00:00<00:01, 38.00it/s, loss=0.0003]
  Epoch 19/30:  22%|███████▊                           | 13/58 [00:00<00:01, 38.00it/s, loss=0.0005]
  Epoch 19/30:  29%|██████████▎                        | 17/58 [00:00<00:01, 35.79it/s, loss=0.0005]
  Epoch 19/30:  29%|██████████▎                        | 17/58 [00:00<00:01, 35.79it/s, loss=0.0029]
  Epoch 19/30:  29%|██████████▎                        | 17/58 [00:00<00:01, 35.79it/s, loss=0.0005]
  Epoch 19/30:  29%|██████████▎                        | 17/58 [00:00<00:01, 35.79it/s, loss=0.0010]
  Epoch 19/30:  29%|██████████▎                        | 17/58 [00:00<00:01, 35.79it/s, loss=0.0008]
  Epoch 19/30:  36%|████████████▋                      | 21/58 [00:00<00:01, 34.75it/s, loss=0.0008]
  Epoch 19/30:  36%|████████████▋                      | 21/58 [00:00<00:01, 34.75it/s, loss=0.0013]
  Epoch 19/30:  36%|████████████▋                      | 21/58 [00:00<00:01, 34.75it/s, loss=0.0015]
  Epoch 19/30:  36%|████████████▋                      | 21/58 [00:00<00:01, 34.75it/s, loss=0.0010]
  Epoch 19/30:  36%|████████████▋                      | 21/58 [00:00<00:01, 34.75it/s, loss=0.0018]
  Epoch 19/30:  43%|███████████████                    | 25/58 [00:00<00:00, 35.50it/s, loss=0.0018]
  Epoch 19/30:  43%|███████████████                    | 25/58 [00:00<00:00, 35.50it/s, loss=0.0013]
  Epoch 19/30:  43%|███████████████                    | 25/58 [00:00<00:00, 35.50it/s, loss=0.0013]
  Epoch 19/30:  43%|███████████████                    | 25/58 [00:00<00:00, 35.50it/s, loss=0.0007]
  Epoch 19/30:  43%|███████████████                    | 25/58 [00:00<00:00, 35.50it/s, loss=0.0008]
  Epoch 19/30:  50%|█████████████████▌                 | 29/58 [00:00<00:00, 33.75it/s, loss=0.0008]
  Epoch 19/30:  50%|█████████████████▌                 | 29/58 [00:00<00:00, 33.75it/s, loss=0.0009]
  Epoch 19/30:  50%|█████████████████▌                 | 29/58 [00:00<00:00, 33.75it/s, loss=0.0011]
  Epoch 19/30:  50%|█████████████████▌                 | 29/58 [00:00<00:00, 33.75it/s, loss=0.0014]
  Epoch 19/30:  50%|█████████████████▌                 | 29/58 [00:00<00:00, 33.75it/s, loss=0.0008]
  Epoch 19/30:  57%|███████████████████▉               | 33/58 [00:00<00:00, 31.36it/s, loss=0.0008]
  Epoch 19/30:  57%|███████████████████▉               | 33/58 [00:01<00:00, 31.36it/s, loss=0.0011]
  Epoch 19/30:  57%|███████████████████▉               | 33/58 [00:01<00:00, 31.36it/s, loss=0.0015]
  Epoch 19/30:  57%|███████████████████▉               | 33/58 [00:01<00:00, 31.36it/s, loss=0.0015]
  Epoch 19/30:  57%|███████████████████▉               | 33/58 [00:01<00:00, 31.36it/s, loss=0.0007]
  Epoch 19/30:  64%|██████████████████████▎            | 37/58 [00:01<00:00, 31.22it/s, loss=0.0007]
  Epoch 19/30:  64%|██████████████████████▎            | 37/58 [00:01<00:00, 31.22it/s, loss=0.0015]
  Epoch 19/30:  64%|██████████████████████▎            | 37/58 [00:01<00:00, 31.22it/s, loss=0.0005]
  Epoch 19/30:  64%|██████████████████████▎            | 37/58 [00:01<00:00, 31.22it/s, loss=0.0015]
  Epoch 19/30:  64%|██████████████████████▎            | 37/58 [00:01<00:00, 31.22it/s, loss=0.0010]
  Epoch 19/30:  71%|████████████████████████▋          | 41/58 [00:01<00:00, 31.34it/s, loss=0.0010]
  Epoch 19/30:  71%|████████████████████████▋          | 41/58 [00:01<00:00, 31.34it/s, loss=0.0018]
  Epoch 19/30:  71%|████████████████████████▋          | 41/58 [00:01<00:00, 31.34it/s, loss=0.0009]
  Epoch 19/30:  71%|████████████████████████▋          | 41/58 [00:01<00:00, 31.34it/s, loss=0.0027]
  Epoch 19/30:  71%|████████████████████████▋          | 41/58 [00:01<00:00, 31.34it/s, loss=0.0012]
  Epoch 19/30:  78%|███████████████████████████▏       | 45/58 [00:01<00:00, 30.81it/s, loss=0.0012]
  Epoch 19/30:  78%|███████████████████████████▏       | 45/58 [00:01<00:00, 30.81it/s, loss=0.0006]
  Epoch 19/30:  78%|███████████████████████████▏       | 45/58 [00:01<00:00, 30.81it/s, loss=0.0014]
  Epoch 19/30:  78%|███████████████████████████▏       | 45/58 [00:01<00:00, 30.81it/s, loss=0.0023]
  Epoch 19/30:  78%|███████████████████████████▏       | 45/58 [00:01<00:00, 30.81it/s, loss=0.0010]
  Epoch 19/30:  84%|█████████████████████████████▌     | 49/58 [00:01<00:00, 32.63it/s, loss=0.0010]
  Epoch 19/30:  84%|█████████████████████████████▌     | 49/58 [00:01<00:00, 32.63it/s, loss=0.0022]
  Epoch 19/30:  84%|█████████████████████████████▌     | 49/58 [00:01<00:00, 32.63it/s, loss=0.0018]
  Epoch 19/30:  84%|█████████████████████████████▌     | 49/58 [00:01<00:00, 32.63it/s, loss=0.0017]
  Epoch 19/30:  84%|█████████████████████████████▌     | 49/58 [00:01<00:00, 32.63it/s, loss=0.0015]
  Epoch 19/30:  84%|█████████████████████████████▌     | 49/58 [00:01<00:00, 32.63it/s, loss=0.0010]
  Epoch 19/30:  93%|████████████████████████████████▌  | 54/58 [00:01<00:00, 35.22it/s, loss=0.0010]
  Epoch 19/30:  93%|████████████████████████████████▌  | 54/58 [00:01<00:00, 35.22it/s, loss=0.0009]
  Epoch 19/30:  93%|████████████████████████████████▌  | 54/58 [00:01<00:00, 35.22it/s, loss=0.0010]
  Epoch 19/30:  93%|████████████████████████████████▌  | 54/58 [00:01<00:00, 35.22it/s, loss=0.0009]
  Epoch 19/30:  93%|████████████████████████████████▌  | 54/58 [00:01<00:00, 35.22it/s, loss=0.0001]
  Epoch 19/30: 100%|███████████████████████████████████| 58/58 [00:01<00:00, 36.09it/s, loss=0.0001]
                                                                                                    

  Epoch 20/30:   0%|                                                         | 0/58 [00:00<?, ?it/s]
  Epoch 20/30:   0%|                                            | 0/58 [00:00<?, ?it/s, loss=0.0004]
  Epoch 20/30:   0%|                                            | 0/58 [00:00<?, ?it/s, loss=0.0011]
  Epoch 20/30:   0%|                                            | 0/58 [00:00<?, ?it/s, loss=0.0014]
  Epoch 20/30:   0%|                                            | 0/58 [00:00<?, ?it/s, loss=0.0010]
  Epoch 20/30:   7%|██▍                                 | 4/58 [00:00<00:01, 32.74it/s, loss=0.0010]
  Epoch 20/30:   7%|██▍                                 | 4/58 [00:00<00:01, 32.74it/s, loss=0.0007]
  Epoch 20/30:   7%|██▍                                 | 4/58 [00:00<00:01, 32.74it/s, loss=0.0010]
  Epoch 20/30:   7%|██▍                                 | 4/58 [00:00<00:01, 32.74it/s, loss=0.0014]
  Epoch 20/30:   7%|██▍                                 | 4/58 [00:00<00:01, 32.74it/s, loss=0.0011]
  Epoch 20/30:  14%|████▉                               | 8/58 [00:00<00:01, 35.88it/s, loss=0.0011]
  Epoch 20/30:  14%|████▉                               | 8/58 [00:00<00:01, 35.88it/s, loss=0.0019]
  Epoch 20/30:  14%|████▉                               | 8/58 [00:00<00:01, 35.88it/s, loss=0.0007]
  Epoch 20/30:  14%|████▉                               | 8/58 [00:00<00:01, 35.88it/s, loss=0.0012]
  Epoch 20/30:  14%|████▉                               | 8/58 [00:00<00:01, 35.88it/s, loss=0.0007]
  Epoch 20/30:  21%|███████▏                           | 12/58 [00:00<00:01, 35.81it/s, loss=0.0007]
  Epoch 20/30:  21%|███████▏                           | 12/58 [00:00<00:01, 35.81it/s, loss=0.0017]
  Epoch 20/30:  21%|███████▏                           | 12/58 [00:00<00:01, 35.81it/s, loss=0.0024]
  Epoch 20/30:  21%|███████▏                           | 12/58 [00:00<00:01, 35.81it/s, loss=0.0015]
  Epoch 20/30:  21%|███████▏                           | 12/58 [00:00<00:01, 35.81it/s, loss=0.0020]
  Epoch 20/30:  28%|█████████▋                         | 16/58 [00:00<00:01, 34.80it/s, loss=0.0020]
  Epoch 20/30:  28%|█████████▋                         | 16/58 [00:00<00:01, 34.80it/s, loss=0.0017]
  Epoch 20/30:  28%|█████████▋                         | 16/58 [00:00<00:01, 34.80it/s, loss=0.0011]
  Epoch 20/30:  28%|█████████▋                         | 16/58 [00:00<00:01, 34.80it/s, loss=0.0024]
  Epoch 20/30:  28%|█████████▋                         | 16/58 [00:00<00:01, 34.80it/s, loss=0.0011]
  Epoch 20/30:  34%|████████████                       | 20/58 [00:00<00:01, 35.83it/s, loss=0.0011]
  Epoch 20/30:  34%|████████████                       | 20/58 [00:00<00:01, 35.83it/s, loss=0.0008]
  Epoch 20/30:  34%|████████████                       | 20/58 [00:00<00:01, 35.83it/s, loss=0.0013]
  Epoch 20/30:  34%|████████████                       | 20/58 [00:00<00:01, 35.83it/s, loss=0.0009]
  Epoch 20/30:  34%|████████████                       | 20/58 [00:00<00:01, 35.83it/s, loss=0.0008]
  Epoch 20/30:  41%|██████████████▍                    | 24/58 [00:00<00:00, 36.68it/s, loss=0.0008]
  Epoch 20/30:  41%|██████████████▍                    | 24/58 [00:00<00:00, 36.68it/s, loss=0.0021]
  Epoch 20/30:  41%|██████████████▍                    | 24/58 [00:00<00:00, 36.68it/s, loss=0.0011]
  Epoch 20/30:  41%|██████████████▍                    | 24/58 [00:00<00:00, 36.68it/s, loss=0.0010]
  Epoch 20/30:  41%|██████████████▍                    | 24/58 [00:00<00:00, 36.68it/s, loss=0.0009]
  Epoch 20/30:  48%|████████████████▉                  | 28/58 [00:00<00:00, 34.22it/s, loss=0.0009]
  Epoch 20/30:  48%|████████████████▉                  | 28/58 [00:00<00:00, 34.22it/s, loss=0.0007]
  Epoch 20/30:  48%|████████████████▉                  | 28/58 [00:00<00:00, 34.22it/s, loss=0.0009]
  Epoch 20/30:  48%|████████████████▉                  | 28/58 [00:00<00:00, 34.22it/s, loss=0.0006]
  Epoch 20/30:  48%|████████████████▉                  | 28/58 [00:01<00:00, 34.22it/s, loss=0.0012]
  Epoch 20/30:  55%|███████████████████▎               | 32/58 [00:01<00:00, 27.40it/s, loss=0.0012]
  Epoch 20/30:  55%|███████████████████▎               | 32/58 [00:01<00:00, 27.40it/s, loss=0.0012]
  Epoch 20/30:  55%|███████████████████▎               | 32/58 [00:01<00:00, 27.40it/s, loss=0.0014]
  Epoch 20/30:  55%|███████████████████▎               | 32/58 [00:01<00:00, 27.40it/s, loss=0.0008]
  Epoch 20/30:  55%|███████████████████▎               | 32/58 [00:01<00:00, 27.40it/s, loss=0.0005]
  Epoch 20/30:  62%|█████████████████████▋             | 36/58 [00:01<00:00, 30.20it/s, loss=0.0005]
  Epoch 20/30:  62%|█████████████████████▋             | 36/58 [00:01<00:00, 30.20it/s, loss=0.0011]
  Epoch 20/30:  62%|█████████████████████▋             | 36/58 [00:01<00:00, 30.20it/s, loss=0.0011]
  Epoch 20/30:  62%|█████████████████████▋             | 36/58 [00:01<00:00, 30.20it/s, loss=0.0004]
  Epoch 20/30:  62%|█████████████████████▋             | 36/58 [00:01<00:00, 30.20it/s, loss=0.0015]
  Epoch 20/30:  69%|████████████████████████▏          | 40/58 [00:01<00:00, 31.99it/s, loss=0.0015]
  Epoch 20/30:  69%|████████████████████████▏          | 40/58 [00:01<00:00, 31.99it/s, loss=0.0003]
  Epoch 20/30:  69%|████████████████████████▏          | 40/58 [00:01<00:00, 31.99it/s, loss=0.0009]
  Epoch 20/30:  69%|████████████████████████▏          | 40/58 [00:01<00:00, 31.99it/s, loss=0.0008]
  Epoch 20/30:  69%|████████████████████████▏          | 40/58 [00:01<00:00, 31.99it/s, loss=0.0007]
  Epoch 20/30:  76%|██████████████████████████▌        | 44/58 [00:01<00:00, 33.78it/s, loss=0.0007]
  Epoch 20/30:  76%|██████████████████████████▌        | 44/58 [00:01<00:00, 33.78it/s, loss=0.0008]
  Epoch 20/30:  76%|██████████████████████████▌        | 44/58 [00:01<00:00, 33.78it/s, loss=0.0006]
  Epoch 20/30:  76%|██████████████████████████▌        | 44/58 [00:01<00:00, 33.78it/s, loss=0.0013]
  Epoch 20/30:  76%|██████████████████████████▌        | 44/58 [00:01<00:00, 33.78it/s, loss=0.0008]
  Epoch 20/30:  76%|██████████████████████████▌        | 44/58 [00:01<00:00, 33.78it/s, loss=0.0012]
  Epoch 20/30:  84%|█████████████████████████████▌     | 49/58 [00:01<00:00, 35.29it/s, loss=0.0012]
  Epoch 20/30:  84%|█████████████████████████████▌     | 49/58 [00:01<00:00, 35.29it/s, loss=0.0011]
  Epoch 20/30:  84%|█████████████████████████████▌     | 49/58 [00:01<00:00, 35.29it/s, loss=0.0018]
  Epoch 20/30:  84%|█████████████████████████████▌     | 49/58 [00:01<00:00, 35.29it/s, loss=0.0013]
  Epoch 20/30:  84%|█████████████████████████████▌     | 49/58 [00:01<00:00, 35.29it/s, loss=0.0008]
  Epoch 20/30:  91%|███████████████████████████████▉   | 53/58 [00:01<00:00, 35.70it/s, loss=0.0008]
  Epoch 20/30:  91%|███████████████████████████████▉   | 53/58 [00:01<00:00, 35.70it/s, loss=0.0016]
  Epoch 20/30:  91%|███████████████████████████████▉   | 53/58 [00:01<00:00, 35.70it/s, loss=0.0011]
  Epoch 20/30:  91%|███████████████████████████████▉   | 53/58 [00:01<00:00, 35.70it/s, loss=0.0026]
  Epoch 20/30:  91%|███████████████████████████████▉   | 53/58 [00:01<00:00, 35.70it/s, loss=0.0016]
  Epoch 20/30:  98%|██████████████████████████████████▍| 57/58 [00:01<00:00, 36.53it/s, loss=0.0016]
  Epoch 20/30:  98%|██████████████████████████████████▍| 57/58 [00:01<00:00, 36.53it/s, loss=0.0001]
                                                                                                    
  Epoch 20/30 │ Loss: 0.0011 │ T+1: 0.8604 │ T+2: 0.7132 │ T+3: 0.4951

  Epoch 21/30:   0%|                                                         | 0/58 [00:00<?, ?it/s]
  Epoch 21/30:   0%|                                            | 0/58 [00:00<?, ?it/s, loss=0.0011]
  Epoch 21/30:   0%|                                            | 0/58 [00:00<?, ?it/s, loss=0.0014]
  Epoch 21/30:   0%|                                            | 0/58 [00:00<?, ?it/s, loss=0.0008]
  Epoch 21/30:   0%|                                            | 0/58 [00:00<?, ?it/s, loss=0.0015]
  Epoch 21/30:   7%|██▍                                 | 4/58 [00:00<00:01, 35.65it/s, loss=0.0015]
  Epoch 21/30:   7%|██▍                                 | 4/58 [00:00<00:01, 35.65it/s, loss=0.0012]
  Epoch 21/30:   7%|██▍                                 | 4/58 [00:00<00:01, 35.65it/s, loss=0.0030]
  Epoch 21/30:   7%|██▍                                 | 4/58 [00:00<00:01, 35.65it/s, loss=0.0015]
  Epoch 21/30:   7%|██▍                                 | 4/58 [00:00<00:01, 35.65it/s, loss=0.0014]
  Epoch 21/30:  14%|████▉                               | 8/58 [00:00<00:01, 34.11it/s, loss=0.0014]
  Epoch 21/30:  14%|████▉                               | 8/58 [00:00<00:01, 34.11it/s, loss=0.0007]
  Epoch 21/30:  14%|████▉                               | 8/58 [00:00<00:01, 34.11it/s, loss=0.0014]
  Epoch 21/30:  14%|████▉                               | 8/58 [00:00<00:01, 34.11it/s, loss=0.0012]
  Epoch 21/30:  14%|████▉                               | 8/58 [00:00<00:01, 34.11it/s, loss=0.0017]
  Epoch 21/30:  14%|████▉                               | 8/58 [00:00<00:01, 34.11it/s, loss=0.0012]
  Epoch 21/30:  22%|███████▊                           | 13/58 [00:00<00:01, 36.70it/s, loss=0.0012]
  Epoch 21/30:  22%|███████▊                           | 13/58 [00:00<00:01, 36.70it/s, loss=0.0012]
  Epoch 21/30:  22%|███████▊                           | 13/58 [00:00<00:01, 36.70it/s, loss=0.0007]
  Epoch 21/30:  22%|███████▊                           | 13/58 [00:00<00:01, 36.70it/s, loss=0.0012]
  Epoch 21/30:  22%|███████▊                           | 13/58 [00:00<00:01, 36.70it/s, loss=0.0015]
  Epoch 21/30:  29%|██████████▎                        | 17/58 [00:00<00:01, 37.42it/s, loss=0.0015]
  Epoch 21/30:  29%|██████████▎                        | 17/58 [00:00<00:01, 37.42it/s, loss=0.0007]
  Epoch 21/30:  29%|██████████▎                        | 17/58 [00:00<00:01, 37.42it/s, loss=0.0007]
  Epoch 21/30:  29%|██████████▎                        | 17/58 [00:00<00:01, 37.42it/s, loss=0.0008]
  Epoch 21/30:  29%|██████████▎                        | 17/58 [00:00<00:01, 37.42it/s, loss=0.0014]
  Epoch 21/30:  36%|████████████▋                      | 21/58 [00:00<00:01, 36.25it/s, loss=0.0014]
  Epoch 21/30:  36%|████████████▋                      | 21/58 [00:00<00:01, 36.25it/s, loss=0.0006]
  Epoch 21/30:  36%|████████████▋                      | 21/58 [00:00<00:01, 36.25it/s, loss=0.0004]
  Epoch 21/30:  36%|████████████▋                      | 21/58 [00:00<00:01, 36.25it/s, loss=0.0008]
  Epoch 21/30:  36%|████████████▋                      | 21/58 [00:00<00:01, 36.25it/s, loss=0.0008]
  Epoch 21/30:  43%|███████████████                    | 25/58 [00:00<00:00, 34.89it/s, loss=0.0008]
  Epoch 21/30:  43%|███████████████                    | 25/58 [00:00<00:00, 34.89it/s, loss=0.0009]
  Epoch 21/30:  43%|███████████████                    | 25/58 [00:00<00:00, 34.89it/s, loss=0.0014]
  Epoch 21/30:  43%|███████████████                    | 25/58 [00:00<00:00, 34.89it/s, loss=0.0007]
  Epoch 21/30:  43%|███████████████                    | 25/58 [00:00<00:00, 34.89it/s, loss=0.0013]
  Epoch 21/30:  50%|█████████████████▌                 | 29/58 [00:00<00:00, 35.83it/s, loss=0.0013]
  Epoch 21/30:  50%|█████████████████▌                 | 29/58 [00:00<00:00, 35.83it/s, loss=0.0007]
  Epoch 21/30:  50%|█████████████████▌                 | 29/58 [00:00<00:00, 35.83it/s, loss=0.0014]
  Epoch 21/30:  50%|█████████████████▌                 | 29/58 [00:00<00:00, 35.83it/s, loss=0.0016]
  Epoch 21/30:  50%|█████████████████▌                 | 29/58 [00:00<00:00, 35.83it/s, loss=0.0012]
  Epoch 21/30:  57%|███████████████████▉               | 33/58 [00:00<00:00, 35.71it/s, loss=0.0012]
  Epoch 21/30:  57%|███████████████████▉               | 33/58 [00:00<00:00, 35.71it/s, loss=0.0012]
  Epoch 21/30:  57%|███████████████████▉               | 33/58 [00:00<00:00, 35.71it/s, loss=0.0010]
  Epoch 21/30:  57%|███████████████████▉               | 33/58 [00:01<00:00, 35.71it/s, loss=0.0016]
  Epoch 21/30:  57%|███████████████████▉               | 33/58 [00:01<00:00, 35.71it/s, loss=0.0010]
  Epoch 21/30:  64%|██████████████████████▎            | 37/58 [00:01<00:00, 34.80it/s, loss=0.0010]
  Epoch 21/30:  64%|██████████████████████▎            | 37/58 [00:01<00:00, 34.80it/s, loss=0.0008]
  Epoch 21/30:  64%|██████████████████████▎            | 37/58 [00:01<00:00, 34.80it/s, loss=0.0016]
  Epoch 21/30:  64%|██████████████████████▎            | 37/58 [00:01<00:00, 34.80it/s, loss=0.0014]
  Epoch 21/30:  64%|██████████████████████▎            | 37/58 [00:01<00:00, 34.80it/s, loss=0.0006]
  Epoch 21/30:  71%|████████████████████████▋          | 41/58 [00:01<00:00, 35.24it/s, loss=0.0006]
  Epoch 21/30:  71%|████████████████████████▋          | 41/58 [00:01<00:00, 35.24it/s, loss=0.0009]
  Epoch 21/30:  71%|████████████████████████▋          | 41/58 [00:01<00:00, 35.24it/s, loss=0.0015]
  Epoch 21/30:  71%|████████████████████████▋          | 41/58 [00:01<00:00, 35.24it/s, loss=0.0009]
  Epoch 21/30:  71%|████████████████████████▋          | 41/58 [00:01<00:00, 35.24it/s, loss=0.0010]
  Epoch 21/30:  78%|███████████████████████████▏       | 45/58 [00:01<00:00, 32.82it/s, loss=0.0010]
  Epoch 21/30:  78%|███████████████████████████▏       | 45/58 [00:01<00:00, 32.82it/s, loss=0.0014]
  Epoch 21/30:  78%|███████████████████████████▏       | 45/58 [00:01<00:00, 32.82it/s, loss=0.0006]
  Epoch 21/30:  78%|███████████████████████████▏       | 45/58 [00:01<00:00, 32.82it/s, loss=0.0007]
  Epoch 21/30:  78%|███████████████████████████▏       | 45/58 [00:01<00:00, 32.82it/s, loss=0.0004]
  Epoch 21/30:  84%|█████████████████████████████▌     | 49/58 [00:01<00:00, 31.47it/s, loss=0.0004]
  Epoch 21/30:  84%|█████████████████████████████▌     | 49/58 [00:01<00:00, 31.47it/s, loss=0.0018]
  Epoch 21/30:  84%|█████████████████████████████▌     | 49/58 [00:01<00:00, 31.47it/s, loss=0.0011]
  Epoch 21/30:  84%|█████████████████████████████▌     | 49/58 [00:01<00:00, 31.47it/s, loss=0.0015]
  Epoch 21/30:  84%|█████████████████████████████▌     | 49/58 [00:01<00:00, 31.47it/s, loss=0.0010]
  Epoch 21/30:  91%|███████████████████████████████▉   | 53/58 [00:01<00:00, 32.41it/s, loss=0.0010]
  Epoch 21/30:  91%|███████████████████████████████▉   | 53/58 [00:01<00:00, 32.41it/s, loss=0.0008]
  Epoch 21/30:  91%|███████████████████████████████▉   | 53/58 [00:01<00:00, 32.41it/s, loss=0.0016]
  Epoch 21/30:  91%|███████████████████████████████▉   | 53/58 [00:01<00:00, 32.41it/s, loss=0.0012]
  Epoch 21/30:  91%|███████████████████████████████▉   | 53/58 [00:01<00:00, 32.41it/s, loss=0.0002]
  Epoch 21/30:  98%|██████████████████████████████████▍| 57/58 [00:01<00:00, 29.39it/s, loss=0.0002]
  Epoch 21/30:  98%|██████████████████████████████████▍| 57/58 [00:01<00:00, 29.39it/s, loss=0.0005]
                                                                                                    

  Epoch 22/30:   0%|                                                         | 0/58 [00:00<?, ?it/s]
  Epoch 22/30:   0%|                                            | 0/58 [00:00<?, ?it/s, loss=0.0013]
  Epoch 22/30:   0%|                                            | 0/58 [00:00<?, ?it/s, loss=0.0007]
  Epoch 22/30:   0%|                                            | 0/58 [00:00<?, ?it/s, loss=0.0021]
  Epoch 22/30:   0%|                                            | 0/58 [00:00<?, ?it/s, loss=0.0012]
  Epoch 22/30:   7%|██▍                                 | 4/58 [00:00<00:01, 35.85it/s, loss=0.0012]
  Epoch 22/30:   7%|██▍                                 | 4/58 [00:00<00:01, 35.85it/s, loss=0.0011]
  Epoch 22/30:   7%|██▍                                 | 4/58 [00:00<00:01, 35.85it/s, loss=0.0007]
  Epoch 22/30:   7%|██▍                                 | 4/58 [00:00<00:01, 35.85it/s, loss=0.0007]
  Epoch 22/30:   7%|██▍                                 | 4/58 [00:00<00:01, 35.85it/s, loss=0.0014]
  Epoch 22/30:   7%|██▍                                 | 4/58 [00:00<00:01, 35.85it/s, loss=0.0010]
  Epoch 22/30:  16%|█████▌                              | 9/58 [00:00<00:01, 41.06it/s, loss=0.0010]
  Epoch 22/30:  16%|█████▌                              | 9/58 [00:00<00:01, 41.06it/s, loss=0.0007]
  Epoch 22/30:  16%|█████▌                              | 9/58 [00:00<00:01, 41.06it/s, loss=0.0013]
  Epoch 22/30:  16%|█████▌                              | 9/58 [00:00<00:01, 41.06it/s, loss=0.0013]
  Epoch 22/30:  16%|█████▌                              | 9/58 [00:00<00:01, 41.06it/s, loss=0.0020]
  Epoch 22/30:  16%|█████▌                              | 9/58 [00:00<00:01, 41.06it/s, loss=0.0007]
  Epoch 22/30:  24%|████████▍                          | 14/58 [00:00<00:01, 36.89it/s, loss=0.0007]
  Epoch 22/30:  24%|████████▍                          | 14/58 [00:00<00:01, 36.89it/s, loss=0.0013]
  Epoch 22/30:  24%|████████▍                          | 14/58 [00:00<00:01, 36.89it/s, loss=0.0010]
  Epoch 22/30:  24%|████████▍                          | 14/58 [00:00<00:01, 36.89it/s, loss=0.0005]
  Epoch 22/30:  24%|████████▍                          | 14/58 [00:00<00:01, 36.89it/s, loss=0.0004]
  Epoch 22/30:  31%|██████████▊                        | 18/58 [00:00<00:01, 36.95it/s, loss=0.0004]
  Epoch 22/30:  31%|██████████▊                        | 18/58 [00:00<00:01, 36.95it/s, loss=0.0012]
  Epoch 22/30:  31%|██████████▊                        | 18/58 [00:00<00:01, 36.95it/s, loss=0.0007]
  Epoch 22/30:  31%|██████████▊                        | 18/58 [00:00<00:01, 36.95it/s, loss=0.0008]
  Epoch 22/30:  31%|██████████▊                        | 18/58 [00:00<00:01, 36.95it/s, loss=0.0007]
  Epoch 22/30:  38%|█████████████▎                     | 22/58 [00:00<00:00, 36.71it/s, loss=0.0007]
  Epoch 22/30:  38%|█████████████▎                     | 22/58 [00:00<00:00, 36.71it/s, loss=0.0008]
  Epoch 22/30:  38%|█████████████▎                     | 22/58 [00:00<00:00, 36.71it/s, loss=0.0017]
  Epoch 22/30:  38%|█████████████▎                     | 22/58 [00:00<00:00, 36.71it/s, loss=0.0005]
  Epoch 22/30:  38%|█████████████▎                     | 22/58 [00:00<00:00, 36.71it/s, loss=0.0014]
  Epoch 22/30:  45%|███████████████▋                   | 26/58 [00:00<00:00, 35.36it/s, loss=0.0014]
  Epoch 22/30:  45%|███████████████▋                   | 26/58 [00:00<00:00, 35.36it/s, loss=0.0013]
  Epoch 22/30:  45%|███████████████▋                   | 26/58 [00:00<00:00, 35.36it/s, loss=0.0006]
  Epoch 22/30:  45%|███████████████▋                   | 26/58 [00:00<00:00, 35.36it/s, loss=0.0014]
  Epoch 22/30:  45%|███████████████▋                   | 26/58 [00:00<00:00, 35.36it/s, loss=0.0007]
  Epoch 22/30:  52%|██████████████████                 | 30/58 [00:00<00:00, 34.76it/s, loss=0.0007]
  Epoch 22/30:  52%|██████████████████                 | 30/58 [00:00<00:00, 34.76it/s, loss=0.0011]
  Epoch 22/30:  52%|██████████████████                 | 30/58 [00:00<00:00, 34.76it/s, loss=0.0022]
  Epoch 22/30:  52%|██████████████████                 | 30/58 [00:00<00:00, 34.76it/s, loss=0.0006]
  Epoch 22/30:  52%|██████████████████                 | 30/58 [00:00<00:00, 34.76it/s, loss=0.0010]
  Epoch 22/30:  59%|████████████████████▌              | 34/58 [00:00<00:00, 36.18it/s, loss=0.0010]
  Epoch 22/30:  59%|████████████████████▌              | 34/58 [00:00<00:00, 36.18it/s, loss=0.0019]
  Epoch 22/30:  59%|████████████████████▌              | 34/58 [00:00<00:00, 36.18it/s, loss=0.0008]
  Epoch 22/30:  59%|████████████████████▌              | 34/58 [00:01<00:00, 36.18it/s, loss=0.0011]
  Epoch 22/30:  59%|████████████████████▌              | 34/58 [00:01<00:00, 36.18it/s, loss=0.0025]
  Epoch 22/30:  66%|██████████████████████▉            | 38/58 [00:01<00:00, 36.68it/s, loss=0.0025]
  Epoch 22/30:  66%|██████████████████████▉            | 38/58 [00:01<00:00, 36.68it/s, loss=0.0003]
  Epoch 22/30:  66%|██████████████████████▉            | 38/58 [00:01<00:00, 36.68it/s, loss=0.0013]
  Epoch 22/30:  66%|██████████████████████▉            | 38/58 [00:01<00:00, 36.68it/s, loss=0.0003]
  Epoch 22/30:  66%|██████████████████████▉            | 38/58 [00:01<00:00, 36.68it/s, loss=0.0008]
  Epoch 22/30:  72%|█████████████████████████▎         | 42/58 [00:01<00:00, 37.01it/s, loss=0.0008]
  Epoch 22/30:  72%|█████████████████████████▎         | 42/58 [00:01<00:00, 37.01it/s, loss=0.0020]
  Epoch 22/30:  72%|█████████████████████████▎         | 42/58 [00:01<00:00, 37.01it/s, loss=0.0013]
  Epoch 22/30:  72%|█████████████████████████▎         | 42/58 [00:01<00:00, 37.01it/s, loss=0.0007]
  Epoch 22/30:  72%|█████████████████████████▎         | 42/58 [00:01<00:00, 37.01it/s, loss=0.0008]
  Epoch 22/30:  79%|███████████████████████████▊       | 46/58 [00:01<00:00, 36.10it/s, loss=0.0008]
  Epoch 22/30:  79%|███████████████████████████▊       | 46/58 [00:01<00:00, 36.10it/s, loss=0.0007]
  Epoch 22/30:  79%|███████████████████████████▊       | 46/58 [00:01<00:00, 36.10it/s, loss=0.0019]
  Epoch 22/30:  79%|███████████████████████████▊       | 46/58 [00:01<00:00, 36.10it/s, loss=0.0013]
  Epoch 22/30:  79%|███████████████████████████▊       | 46/58 [00:01<00:00, 36.10it/s, loss=0.0011]
  Epoch 22/30:  86%|██████████████████████████████▏    | 50/58 [00:01<00:00, 34.31it/s, loss=0.0011]
  Epoch 22/30:  86%|██████████████████████████████▏    | 50/58 [00:01<00:00, 34.31it/s, loss=0.0005]
  Epoch 22/30:  86%|██████████████████████████████▏    | 50/58 [00:01<00:00, 34.31it/s, loss=0.0008]
  Epoch 22/30:  86%|██████████████████████████████▏    | 50/58 [00:01<00:00, 34.31it/s, loss=0.0009]
  Epoch 22/30:  86%|██████████████████████████████▏    | 50/58 [00:01<00:00, 34.31it/s, loss=0.0022]
  Epoch 22/30:  93%|████████████████████████████████▌  | 54/58 [00:01<00:00, 34.80it/s, loss=0.0022]
  Epoch 22/30:  93%|████████████████████████████████▌  | 54/58 [00:01<00:00, 34.80it/s, loss=0.0007]
  Epoch 22/30:  93%|████████████████████████████████▌  | 54/58 [00:01<00:00, 34.80it/s, loss=0.0011]
  Epoch 22/30:  93%|████████████████████████████████▌  | 54/58 [00:01<00:00, 34.80it/s, loss=0.0016]
  Epoch 22/30:  93%|████████████████████████████████▌  | 54/58 [00:01<00:00, 34.80it/s, loss=0.0001]
                                                                                                    

  Epoch 23/30:   0%|                                                         | 0/58 [00:00<?, ?it/s]
  Epoch 23/30:   0%|                                            | 0/58 [00:00<?, ?it/s, loss=0.0006]
  Epoch 23/30:   0%|                                            | 0/58 [00:00<?, ?it/s, loss=0.0006]
  Epoch 23/30:   0%|                                            | 0/58 [00:00<?, ?it/s, loss=0.0022]
  Epoch 23/30:   0%|                                            | 0/58 [00:00<?, ?it/s, loss=0.0013]
  Epoch 23/30:   7%|██▍                                 | 4/58 [00:00<00:01, 32.37it/s, loss=0.0013]
  Epoch 23/30:   7%|██▍                                 | 4/58 [00:00<00:01, 32.37it/s, loss=0.0007]
  Epoch 23/30:   7%|██▍                                 | 4/58 [00:00<00:01, 32.37it/s, loss=0.0004]
  Epoch 23/30:   7%|██▍                                 | 4/58 [00:00<00:01, 32.37it/s, loss=0.0007]
  Epoch 23/30:   7%|██▍                                 | 4/58 [00:00<00:01, 32.37it/s, loss=0.0013]
  Epoch 23/30:  14%|████▉                               | 8/58 [00:00<00:01, 34.55it/s, loss=0.0013]
  Epoch 23/30:  14%|████▉                               | 8/58 [00:00<00:01, 34.55it/s, loss=0.0032]
  Epoch 23/30:  14%|████▉                               | 8/58 [00:00<00:01, 34.55it/s, loss=0.0004]
  Epoch 23/30:  14%|████▉                               | 8/58 [00:00<00:01, 34.55it/s, loss=0.0007]
  Epoch 23/30:  14%|████▉                               | 8/58 [00:00<00:01, 34.55it/s, loss=0.0014]
  Epoch 23/30:  21%|███████▏                           | 12/58 [00:00<00:01, 34.52it/s, loss=0.0014]
  Epoch 23/30:  21%|███████▏                           | 12/58 [00:00<00:01, 34.52it/s, loss=0.0007]
  Epoch 23/30:  21%|███████▏                           | 12/58 [00:00<00:01, 34.52it/s, loss=0.0006]
  Epoch 23/30:  21%|███████▏                           | 12/58 [00:00<00:01, 34.52it/s, loss=0.0007]
  Epoch 23/30:  21%|███████▏                           | 12/58 [00:00<00:01, 34.52it/s, loss=0.0008]
  Epoch 23/30:  28%|█████████▋                         | 16/58 [00:00<00:01, 33.68it/s, loss=0.0008]
  Epoch 23/30:  28%|█████████▋                         | 16/58 [00:00<00:01, 33.68it/s, loss=0.0012]
  Epoch 23/30:  28%|█████████▋                         | 16/58 [00:00<00:01, 33.68it/s, loss=0.0017]
  Epoch 23/30:  28%|█████████▋                         | 16/58 [00:00<00:01, 33.68it/s, loss=0.0007]
  Epoch 23/30:  28%|█████████▋                         | 16/58 [00:00<00:01, 33.68it/s, loss=0.0008]
  Epoch 23/30:  34%|████████████                       | 20/58 [00:00<00:01, 34.58it/s, loss=0.0008]
  Epoch 23/30:  34%|████████████                       | 20/58 [00:00<00:01, 34.58it/s, loss=0.0011]
  Epoch 23/30:  34%|████████████                       | 20/58 [00:00<00:01, 34.58it/s, loss=0.0021]
  Epoch 23/30:  34%|████████████                       | 20/58 [00:00<00:01, 34.58it/s, loss=0.0012]
  Epoch 23/30:  34%|████████████                       | 20/58 [00:00<00:01, 34.58it/s, loss=0.0009]
  Epoch 23/30:  41%|██████████████▍                    | 24/58 [00:00<00:00, 36.14it/s, loss=0.0009]
  Epoch 23/30:  41%|██████████████▍                    | 24/58 [00:00<00:00, 36.14it/s, loss=0.0022]
  Epoch 23/30:  41%|██████████████▍                    | 24/58 [00:00<00:00, 36.14it/s, loss=0.0010]
  Epoch 23/30:  41%|██████████████▍                    | 24/58 [00:00<00:00, 36.14it/s, loss=0.0007]
  Epoch 23/30:  41%|██████████████▍                    | 24/58 [00:00<00:00, 36.14it/s, loss=0.0006]
  Epoch 23/30:  48%|████████████████▉                  | 28/58 [00:00<00:00, 35.52it/s, loss=0.0006]
  Epoch 23/30:  48%|████████████████▉                  | 28/58 [00:00<00:00, 35.52it/s, loss=0.0017]
  Epoch 23/30:  48%|████████████████▉                  | 28/58 [00:00<00:00, 35.52it/s, loss=0.0017]
  Epoch 23/30:  48%|████████████████▉                  | 28/58 [00:00<00:00, 35.52it/s, loss=0.0012]
  Epoch 23/30:  48%|████████████████▉                  | 28/58 [00:00<00:00, 35.52it/s, loss=0.0004]
  Epoch 23/30:  48%|████████████████▉                  | 28/58 [00:00<00:00, 35.52it/s, loss=0.0010]
  Epoch 23/30:  57%|███████████████████▉               | 33/58 [00:00<00:00, 35.64it/s, loss=0.0010]
  Epoch 23/30:  57%|███████████████████▉               | 33/58 [00:00<00:00, 35.64it/s, loss=0.0013]
  Epoch 23/30:  57%|███████████████████▉               | 33/58 [00:01<00:00, 35.64it/s, loss=0.0014]
  Epoch 23/30:  57%|███████████████████▉               | 33/58 [00:01<00:00, 35.64it/s, loss=0.0009]
  Epoch 23/30:  57%|███████████████████▉               | 33/58 [00:01<00:00, 35.64it/s, loss=0.0010]
  Epoch 23/30:  64%|██████████████████████▎            | 37/58 [00:01<00:00, 33.68it/s, loss=0.0010]
  Epoch 23/30:  64%|██████████████████████▎            | 37/58 [00:01<00:00, 33.68it/s, loss=0.0006]
  Epoch 23/30:  64%|██████████████████████▎            | 37/58 [00:01<00:00, 33.68it/s, loss=0.0011]
  Epoch 23/30:  64%|██████████████████████▎            | 37/58 [00:01<00:00, 33.68it/s, loss=0.0007]
  Epoch 23/30:  64%|██████████████████████▎            | 37/58 [00:01<00:00, 33.68it/s, loss=0.0018]
  Epoch 23/30:  71%|████████████████████████▋          | 41/58 [00:01<00:00, 35.12it/s, loss=0.0018]
  Epoch 23/30:  71%|████████████████████████▋          | 41/58 [00:01<00:00, 35.12it/s, loss=0.0007]
  Epoch 23/30:  71%|████████████████████████▋          | 41/58 [00:01<00:00, 35.12it/s, loss=0.0004]
  Epoch 23/30:  71%|████████████████████████▋          | 41/58 [00:01<00:00, 35.12it/s, loss=0.0008]
  Epoch 23/30:  71%|████████████████████████▋          | 41/58 [00:01<00:00, 35.12it/s, loss=0.0010]
  Epoch 23/30:  78%|███████████████████████████▏       | 45/58 [00:01<00:00, 35.41it/s, loss=0.0010]
  Epoch 23/30:  78%|███████████████████████████▏       | 45/58 [00:01<00:00, 35.41it/s, loss=0.0018]
  Epoch 23/30:  78%|███████████████████████████▏       | 45/58 [00:01<00:00, 35.41it/s, loss=0.0007]
  Epoch 23/30:  78%|███████████████████████████▏       | 45/58 [00:01<00:00, 35.41it/s, loss=0.0013]
  Epoch 23/30:  78%|███████████████████████████▏       | 45/58 [00:01<00:00, 35.41it/s, loss=0.0009]
  Epoch 23/30:  84%|█████████████████████████████▌     | 49/58 [00:01<00:00, 36.28it/s, loss=0.0009]
  Epoch 23/30:  84%|█████████████████████████████▌     | 49/58 [00:01<00:00, 36.28it/s, loss=0.0017]
  Epoch 23/30:  84%|█████████████████████████████▌     | 49/58 [00:01<00:00, 36.28it/s, loss=0.0005]
  Epoch 23/30:  84%|█████████████████████████████▌     | 49/58 [00:01<00:00, 36.28it/s, loss=0.0008]
  Epoch 23/30:  84%|█████████████████████████████▌     | 49/58 [00:01<00:00, 36.28it/s, loss=0.0011]
  Epoch 23/30:  84%|█████████████████████████████▌     | 49/58 [00:01<00:00, 36.28it/s, loss=0.0009]
  Epoch 23/30:  93%|████████████████████████████████▌  | 54/58 [00:01<00:00, 38.51it/s, loss=0.0009]
  Epoch 23/30:  93%|████████████████████████████████▌  | 54/58 [00:01<00:00, 38.51it/s, loss=0.0014]
  Epoch 23/30:  93%|████████████████████████████████▌  | 54/58 [00:01<00:00, 38.51it/s, loss=0.0008]
  Epoch 23/30:  93%|████████████████████████████████▌  | 54/58 [00:01<00:00, 38.51it/s, loss=0.0011]
  Epoch 23/30:  93%|████████████████████████████████▌  | 54/58 [00:01<00:00, 38.51it/s, loss=0.0003]
  Epoch 23/30: 100%|███████████████████████████████████| 58/58 [00:01<00:00, 37.40it/s, loss=0.0003]
                                                                                                    

  Epoch 24/30:   0%|                                                         | 0/58 [00:00<?, ?it/s]
  Epoch 24/30:   0%|                                            | 0/58 [00:00<?, ?it/s, loss=0.0010]
  Epoch 24/30:   0%|                                            | 0/58 [00:00<?, ?it/s, loss=0.0011]
  Epoch 24/30:   0%|                                            | 0/58 [00:00<?, ?it/s, loss=0.0006]
  Epoch 24/30:   0%|                                            | 0/58 [00:00<?, ?it/s, loss=0.0013]
  Epoch 24/30:   7%|██▍                                 | 4/58 [00:00<00:01, 33.95it/s, loss=0.0013]
  Epoch 24/30:   7%|██▍                                 | 4/58 [00:00<00:01, 33.95it/s, loss=0.0005]
  Epoch 24/30:   7%|██▍                                 | 4/58 [00:00<00:01, 33.95it/s, loss=0.0023]
  Epoch 24/30:   7%|██▍                                 | 4/58 [00:00<00:01, 33.95it/s, loss=0.0012]
  Epoch 24/30:   7%|██▍                                 | 4/58 [00:00<00:01, 33.95it/s, loss=0.0010]
  Epoch 24/30:  14%|████▉                               | 8/58 [00:00<00:01, 36.08it/s, loss=0.0010]
  Epoch 24/30:  14%|████▉                               | 8/58 [00:00<00:01, 36.08it/s, loss=0.0005]
  Epoch 24/30:  14%|████▉                               | 8/58 [00:00<00:01, 36.08it/s, loss=0.0012]
  Epoch 24/30:  14%|████▉                               | 8/58 [00:00<00:01, 36.08it/s, loss=0.0016]
  Epoch 24/30:  14%|████▉                               | 8/58 [00:00<00:01, 36.08it/s, loss=0.0008]
  Epoch 24/30:  21%|███████▏                           | 12/58 [00:00<00:01, 36.70it/s, loss=0.0008]
  Epoch 24/30:  21%|███████▏                           | 12/58 [00:00<00:01, 36.70it/s, loss=0.0012]
  Epoch 24/30:  21%|███████▏                           | 12/58 [00:00<00:01, 36.70it/s, loss=0.0014]
  Epoch 24/30:  21%|███████▏                           | 12/58 [00:00<00:01, 36.70it/s, loss=0.0006]
  Epoch 24/30:  21%|███████▏                           | 12/58 [00:00<00:01, 36.70it/s, loss=0.0004]
  Epoch 24/30:  28%|█████████▋                         | 16/58 [00:00<00:01, 36.87it/s, loss=0.0004]
  Epoch 24/30:  28%|█████████▋                         | 16/58 [00:00<00:01, 36.87it/s, loss=0.0005]
  Epoch 24/30:  28%|█████████▋                         | 16/58 [00:00<00:01, 36.87it/s, loss=0.0015]
  Epoch 24/30:  28%|█████████▋                         | 16/58 [00:00<00:01, 36.87it/s, loss=0.0014]
  Epoch 24/30:  28%|█████████▋                         | 16/58 [00:00<00:01, 36.87it/s, loss=0.0017]
  Epoch 24/30:  28%|█████████▋                         | 16/58 [00:00<00:01, 36.87it/s, loss=0.0010]
  Epoch 24/30:  36%|████████████▋                      | 21/58 [00:00<00:00, 39.33it/s, loss=0.0010]
  Epoch 24/30:  36%|████████████▋                      | 21/58 [00:00<00:00, 39.33it/s, loss=0.0024]
  Epoch 24/30:  36%|████████████▋                      | 21/58 [00:00<00:00, 39.33it/s, loss=0.0008]
  Epoch 24/30:  36%|████████████▋                      | 21/58 [00:00<00:00, 39.33it/s, loss=0.0013]
  Epoch 24/30:  36%|████████████▋                      | 21/58 [00:00<00:00, 39.33it/s, loss=0.0011]
  Epoch 24/30:  43%|███████████████                    | 25/58 [00:00<00:00, 37.07it/s, loss=0.0011]
  Epoch 24/30:  43%|███████████████                    | 25/58 [00:00<00:00, 37.07it/s, loss=0.0006]
  Epoch 24/30:  43%|███████████████                    | 25/58 [00:00<00:00, 37.07it/s, loss=0.0021]
  Epoch 24/30:  43%|███████████████                    | 25/58 [00:00<00:00, 37.07it/s, loss=0.0013]
  Epoch 24/30:  43%|███████████████                    | 25/58 [00:00<00:00, 37.07it/s, loss=0.0008]
  Epoch 24/30:  50%|█████████████████▌                 | 29/58 [00:00<00:00, 34.30it/s, loss=0.0008]
  Epoch 24/30:  50%|█████████████████▌                 | 29/58 [00:00<00:00, 34.30it/s, loss=0.0009]
  Epoch 24/30:  50%|█████████████████▌                 | 29/58 [00:00<00:00, 34.30it/s, loss=0.0011]
  Epoch 24/30:  50%|█████████████████▌                 | 29/58 [00:00<00:00, 34.30it/s, loss=0.0017]
  Epoch 24/30:  50%|█████████████████▌                 | 29/58 [00:00<00:00, 34.30it/s, loss=0.0007]
  Epoch 24/30:  57%|███████████████████▉               | 33/58 [00:00<00:00, 33.51it/s, loss=0.0007]
  Epoch 24/30:  57%|███████████████████▉               | 33/58 [00:00<00:00, 33.51it/s, loss=0.0017]
  Epoch 24/30:  57%|███████████████████▉               | 33/58 [00:01<00:00, 33.51it/s, loss=0.0005]
  Epoch 24/30:  57%|███████████████████▉               | 33/58 [00:01<00:00, 33.51it/s, loss=0.0012]
  Epoch 24/30:  57%|███████████████████▉               | 33/58 [00:01<00:00, 33.51it/s, loss=0.0009]
  Epoch 24/30:  64%|██████████████████████▎            | 37/58 [00:01<00:00, 33.94it/s, loss=0.0009]
  Epoch 24/30:  64%|██████████████████████▎            | 37/58 [00:01<00:00, 33.94it/s, loss=0.0012]
  Epoch 24/30:  64%|██████████████████████▎            | 37/58 [00:01<00:00, 33.94it/s, loss=0.0006]
  Epoch 24/30:  64%|██████████████████████▎            | 37/58 [00:01<00:00, 33.94it/s, loss=0.0008]
  Epoch 24/30:  64%|██████████████████████▎            | 37/58 [00:01<00:00, 33.94it/s, loss=0.0011]
  Epoch 24/30:  71%|████████████████████████▋          | 41/58 [00:01<00:00, 33.79it/s, loss=0.0011]
  Epoch 24/30:  71%|████████████████████████▋          | 41/58 [00:01<00:00, 33.79it/s, loss=0.0005]
  Epoch 24/30:  71%|████████████████████████▋          | 41/58 [00:01<00:00, 33.79it/s, loss=0.0007]
  Epoch 24/30:  71%|████████████████████████▋          | 41/58 [00:01<00:00, 33.79it/s, loss=0.0013]
  Epoch 24/30:  71%|████████████████████████▋          | 41/58 [00:01<00:00, 33.79it/s, loss=0.0011]
  Epoch 24/30:  78%|███████████████████████████▏       | 45/58 [00:01<00:00, 34.39it/s, loss=0.0011]
  Epoch 24/30:  78%|███████████████████████████▏       | 45/58 [00:01<00:00, 34.39it/s, loss=0.0010]
  Epoch 24/30:  78%|███████████████████████████▏       | 45/58 [00:01<00:00, 34.39it/s, loss=0.0009]
  Epoch 24/30:  78%|███████████████████████████▏       | 45/58 [00:01<00:00, 34.39it/s, loss=0.0003]
  Epoch 24/30:  78%|███████████████████████████▏       | 45/58 [00:01<00:00, 34.39it/s, loss=0.0004]
  Epoch 24/30:  84%|█████████████████████████████▌     | 49/58 [00:01<00:00, 32.57it/s, loss=0.0004]
  Epoch 24/30:  84%|█████████████████████████████▌     | 49/58 [00:01<00:00, 32.57it/s, loss=0.0012]
  Epoch 24/30:  84%|█████████████████████████████▌     | 49/58 [00:01<00:00, 32.57it/s, loss=0.0009]
  Epoch 24/30:  84%|█████████████████████████████▌     | 49/58 [00:01<00:00, 32.57it/s, loss=0.0019]
  Epoch 24/30:  84%|█████████████████████████████▌     | 49/58 [00:01<00:00, 32.57it/s, loss=0.0006]
  Epoch 24/30:  91%|███████████████████████████████▉   | 53/58 [00:01<00:00, 34.30it/s, loss=0.0006]
  Epoch 24/30:  91%|███████████████████████████████▉   | 53/58 [00:01<00:00, 34.30it/s, loss=0.0010]
  Epoch 24/30:  91%|███████████████████████████████▉   | 53/58 [00:01<00:00, 34.30it/s, loss=0.0019]
  Epoch 24/30:  91%|███████████████████████████████▉   | 53/58 [00:01<00:00, 34.30it/s, loss=0.0019]
  Epoch 24/30:  91%|███████████████████████████████▉   | 53/58 [00:01<00:00, 34.30it/s, loss=0.0012]
  Epoch 24/30:  98%|██████████████████████████████████▍| 57/58 [00:01<00:00, 34.89it/s, loss=0.0012]
  Epoch 24/30:  98%|██████████████████████████████████▍| 57/58 [00:01<00:00, 34.89it/s, loss=0.0004]
                                                                                                    

  Epoch 25/30:   0%|                                                         | 0/58 [00:00<?, ?it/s]
  Epoch 25/30:   0%|                                            | 0/58 [00:00<?, ?it/s, loss=0.0008]
  Epoch 25/30:   0%|                                            | 0/58 [00:00<?, ?it/s, loss=0.0011]
  Epoch 25/30:   0%|                                            | 0/58 [00:00<?, ?it/s, loss=0.0007]
  Epoch 25/30:   0%|                                            | 0/58 [00:00<?, ?it/s, loss=0.0027]
  Epoch 25/30:   7%|██▍                                 | 4/58 [00:00<00:01, 37.27it/s, loss=0.0027]
  Epoch 25/30:   7%|██▍                                 | 4/58 [00:00<00:01, 37.27it/s, loss=0.0007]
  Epoch 25/30:   7%|██▍                                 | 4/58 [00:00<00:01, 37.27it/s, loss=0.0012]
  Epoch 25/30:   7%|██▍                                 | 4/58 [00:00<00:01, 37.27it/s, loss=0.0009]
  Epoch 25/30:   7%|██▍                                 | 4/58 [00:00<00:01, 37.27it/s, loss=0.0008]
  Epoch 25/30:  14%|████▉                               | 8/58 [00:00<00:01, 37.44it/s, loss=0.0008]
  Epoch 25/30:  14%|████▉                               | 8/58 [00:00<00:01, 37.44it/s, loss=0.0020]
  Epoch 25/30:  14%|████▉                               | 8/58 [00:00<00:01, 37.44it/s, loss=0.0014]
  Epoch 25/30:  14%|████▉                               | 8/58 [00:00<00:01, 37.44it/s, loss=0.0008]
  Epoch 25/30:  14%|████▉                               | 8/58 [00:00<00:01, 37.44it/s, loss=0.0011]
  Epoch 25/30:  21%|███████▏                           | 12/58 [00:00<00:01, 25.52it/s, loss=0.0011]
  Epoch 25/30:  21%|███████▏                           | 12/58 [00:00<00:01, 25.52it/s, loss=0.0008]
  Epoch 25/30:  21%|███████▏                           | 12/58 [00:00<00:01, 25.52it/s, loss=0.0009]
  Epoch 25/30:  21%|███████▏                           | 12/58 [00:00<00:01, 25.52it/s, loss=0.0011]
  Epoch 25/30:  26%|█████████                          | 15/58 [00:00<00:01, 26.14it/s, loss=0.0011]
  Epoch 25/30:  26%|█████████                          | 15/58 [00:00<00:01, 26.14it/s, loss=0.0015]
  Epoch 25/30:  26%|█████████                          | 15/58 [00:00<00:01, 26.14it/s, loss=0.0007]
  Epoch 25/30:  26%|█████████                          | 15/58 [00:00<00:01, 26.14it/s, loss=0.0008]
  Epoch 25/30:  31%|██████████▊                        | 18/58 [00:00<00:01, 26.68it/s, loss=0.0008]
  Epoch 25/30:  31%|██████████▊                        | 18/58 [00:00<00:01, 26.68it/s, loss=0.0012]
  Epoch 25/30:  31%|██████████▊                        | 18/58 [00:00<00:01, 26.68it/s, loss=0.0010]
  Epoch 25/30:  31%|██████████▊                        | 18/58 [00:00<00:01, 26.68it/s, loss=0.0007]
  Epoch 25/30:  36%|████████████▋                      | 21/58 [00:00<00:01, 26.83it/s, loss=0.0007]
  Epoch 25/30:  36%|████████████▋                      | 21/58 [00:00<00:01, 26.83it/s, loss=0.0007]
  Epoch 25/30:  36%|████████████▋                      | 21/58 [00:00<00:01, 26.83it/s, loss=0.0007]
  Epoch 25/30:  36%|████████████▋                      | 21/58 [00:00<00:01, 26.83it/s, loss=0.0007]
  Epoch 25/30:  41%|██████████████▍                    | 24/58 [00:00<00:01, 27.31it/s, loss=0.0007]
  Epoch 25/30:  41%|██████████████▍                    | 24/58 [00:00<00:01, 27.31it/s, loss=0.0012]
  Epoch 25/30:  41%|██████████████▍                    | 24/58 [00:00<00:01, 27.31it/s, loss=0.0021]
  Epoch 25/30:  41%|██████████████▍                    | 24/58 [00:00<00:01, 27.31it/s, loss=0.0011]
  Epoch 25/30:  47%|████████████████▎                  | 27/58 [00:00<00:01, 27.76it/s, loss=0.0011]
  Epoch 25/30:  47%|████████████████▎                  | 27/58 [00:00<00:01, 27.76it/s, loss=0.0007]
  Epoch 25/30:  47%|████████████████▎                  | 27/58 [00:01<00:01, 27.76it/s, loss=0.0018]
  Epoch 25/30:  47%|████████████████▎                  | 27/58 [00:01<00:01, 27.76it/s, loss=0.0011]
  Epoch 25/30:  47%|████████████████▎                  | 27/58 [00:01<00:01, 27.76it/s, loss=0.0015]
  Epoch 25/30:  53%|██████████████████▋                | 31/58 [00:01<00:00, 29.52it/s, loss=0.0015]
  Epoch 25/30:  53%|██████████████████▋                | 31/58 [00:01<00:00, 29.52it/s, loss=0.0005]
  Epoch 25/30:  53%|██████████████████▋                | 31/58 [00:01<00:00, 29.52it/s, loss=0.0018]
  Epoch 25/30:  53%|██████████████████▋                | 31/58 [00:01<00:00, 29.52it/s, loss=0.0010]
  Epoch 25/30:  53%|██████████████████▋                | 31/58 [00:01<00:00, 29.52it/s, loss=0.0014]
  Epoch 25/30:  60%|█████████████████████              | 35/58 [00:01<00:00, 32.40it/s, loss=0.0014]
  Epoch 25/30:  60%|█████████████████████              | 35/58 [00:01<00:00, 32.40it/s, loss=0.0024]
  Epoch 25/30:  60%|█████████████████████              | 35/58 [00:01<00:00, 32.40it/s, loss=0.0019]
  Epoch 25/30:  60%|█████████████████████              | 35/58 [00:01<00:00, 32.40it/s, loss=0.0010]
  Epoch 25/30:  60%|█████████████████████              | 35/58 [00:01<00:00, 32.40it/s, loss=0.0008]
  Epoch 25/30:  67%|███████████████████████▌           | 39/58 [00:01<00:00, 32.80it/s, loss=0.0008]
  Epoch 25/30:  67%|███████████████████████▌           | 39/58 [00:01<00:00, 32.80it/s, loss=0.0012]
  Epoch 25/30:  67%|███████████████████████▌           | 39/58 [00:01<00:00, 32.80it/s, loss=0.0014]
  Epoch 25/30:  67%|███████████████████████▌           | 39/58 [00:01<00:00, 32.80it/s, loss=0.0022]
  Epoch 25/30:  67%|███████████████████████▌           | 39/58 [00:01<00:00, 32.80it/s, loss=0.0008]
  Epoch 25/30:  74%|█████████████████████████▉         | 43/58 [00:01<00:00, 32.52it/s, loss=0.0008]
  Epoch 25/30:  74%|█████████████████████████▉         | 43/58 [00:01<00:00, 32.52it/s, loss=0.0006]
  Epoch 25/30:  74%|█████████████████████████▉         | 43/58 [00:01<00:00, 32.52it/s, loss=0.0013]
  Epoch 25/30:  74%|█████████████████████████▉         | 43/58 [00:01<00:00, 32.52it/s, loss=0.0007]
  Epoch 25/30:  74%|█████████████████████████▉         | 43/58 [00:01<00:00, 32.52it/s, loss=0.0008]
  Epoch 25/30:  81%|████████████████████████████▎      | 47/58 [00:01<00:00, 32.80it/s, loss=0.0008]
  Epoch 25/30:  81%|████████████████████████████▎      | 47/58 [00:01<00:00, 32.80it/s, loss=0.0014]
  Epoch 25/30:  81%|████████████████████████████▎      | 47/58 [00:01<00:00, 32.80it/s, loss=0.0007]
  Epoch 25/30:  81%|████████████████████████████▎      | 47/58 [00:01<00:00, 32.80it/s, loss=0.0008]
  Epoch 25/30:  81%|████████████████████████████▎      | 47/58 [00:01<00:00, 32.80it/s, loss=0.0022]
  Epoch 25/30:  88%|██████████████████████████████▊    | 51/58 [00:01<00:00, 32.65it/s, loss=0.0022]
  Epoch 25/30:  88%|██████████████████████████████▊    | 51/58 [00:01<00:00, 32.65it/s, loss=0.0009]
  Epoch 25/30:  88%|██████████████████████████████▊    | 51/58 [00:01<00:00, 32.65it/s, loss=0.0007]
  Epoch 25/30:  88%|██████████████████████████████▊    | 51/58 [00:01<00:00, 32.65it/s, loss=0.0007]
  Epoch 25/30:  88%|██████████████████████████████▊    | 51/58 [00:01<00:00, 32.65it/s, loss=0.0010]
  Epoch 25/30:  95%|█████████████████████████████████▏ | 55/58 [00:01<00:00, 31.02it/s, loss=0.0010]
  Epoch 25/30:  95%|█████████████████████████████████▏ | 55/58 [00:01<00:00, 31.02it/s, loss=0.0008]
  Epoch 25/30:  95%|█████████████████████████████████▏ | 55/58 [00:01<00:00, 31.02it/s, loss=0.0011]
  Epoch 25/30:  95%|█████████████████████████████████▏ | 55/58 [00:01<00:00, 31.02it/s, loss=0.0003]
                                                                                                    
  Epoch 25/30 │ Loss: 0.0011 │ T+1: 0.8619 │ T+2: 0.7121 │ T+3: 0.5153

  Epoch 26/30:   0%|                                                         | 0/58 [00:00<?, ?it/s]
  Epoch 26/30:   0%|                                            | 0/58 [00:00<?, ?it/s, loss=0.0013]
  Epoch 26/30:   0%|                                            | 0/58 [00:00<?, ?it/s, loss=0.0035]
  Epoch 26/30:   0%|                                            | 0/58 [00:00<?, ?it/s, loss=0.0009]
  Epoch 26/30:   0%|                                            | 0/58 [00:00<?, ?it/s, loss=0.0010]
  Epoch 26/30:   7%|██▍                                 | 4/58 [00:00<00:01, 37.44it/s, loss=0.0010]
  Epoch 26/30:   7%|██▍                                 | 4/58 [00:00<00:01, 37.44it/s, loss=0.0011]
  Epoch 26/30:   7%|██▍                                 | 4/58 [00:00<00:01, 37.44it/s, loss=0.0014]
  Epoch 26/30:   7%|██▍                                 | 4/58 [00:00<00:01, 37.44it/s, loss=0.0011]
  Epoch 26/30:   7%|██▍                                 | 4/58 [00:00<00:01, 37.44it/s, loss=0.0003]
  Epoch 26/30:  14%|████▉                               | 8/58 [00:00<00:01, 35.63it/s, loss=0.0003]
  Epoch 26/30:  14%|████▉                               | 8/58 [00:00<00:01, 35.63it/s, loss=0.0019]
  Epoch 26/30:  14%|████▉                               | 8/58 [00:00<00:01, 35.63it/s, loss=0.0011]
  Epoch 26/30:  14%|████▉                               | 8/58 [00:00<00:01, 35.63it/s, loss=0.0008]
  Epoch 26/30:  14%|████▉                               | 8/58 [00:00<00:01, 35.63it/s, loss=0.0003]
  Epoch 26/30:  21%|███████▏                           | 12/58 [00:00<00:01, 34.56it/s, loss=0.0003]
  Epoch 26/30:  21%|███████▏                           | 12/58 [00:00<00:01, 34.56it/s, loss=0.0013]
  Epoch 26/30:  21%|███████▏                           | 12/58 [00:00<00:01, 34.56it/s, loss=0.0005]
  Epoch 26/30:  21%|███████▏                           | 12/58 [00:00<00:01, 34.56it/s, loss=0.0007]
  Epoch 26/30:  21%|███████▏                           | 12/58 [00:00<00:01, 34.56it/s, loss=0.0010]
  Epoch 26/30:  28%|█████████▋                         | 16/58 [00:00<00:01, 35.27it/s, loss=0.0010]
  Epoch 26/30:  28%|█████████▋                         | 16/58 [00:00<00:01, 35.27it/s, loss=0.0011]
  Epoch 26/30:  28%|█████████▋                         | 16/58 [00:00<00:01, 35.27it/s, loss=0.0006]
  Epoch 26/30:  28%|█████████▋                         | 16/58 [00:00<00:01, 35.27it/s, loss=0.0007]
  Epoch 26/30:  28%|█████████▋                         | 16/58 [00:00<00:01, 35.27it/s, loss=0.0009]
  Epoch 26/30:  34%|████████████                       | 20/58 [00:00<00:01, 36.62it/s, loss=0.0009]
  Epoch 26/30:  34%|████████████                       | 20/58 [00:00<00:01, 36.62it/s, loss=0.0008]
  Epoch 26/30:  34%|████████████                       | 20/58 [00:00<00:01, 36.62it/s, loss=0.0003]
  Epoch 26/30:  34%|████████████                       | 20/58 [00:00<00:01, 36.62it/s, loss=0.0016]
  Epoch 26/30:  34%|████████████                       | 20/58 [00:00<00:01, 36.62it/s, loss=0.0009]
  Epoch 26/30:  41%|██████████████▍                    | 24/58 [00:00<00:00, 35.61it/s, loss=0.0009]
  Epoch 26/30:  41%|██████████████▍                    | 24/58 [00:00<00:00, 35.61it/s, loss=0.0007]
  Epoch 26/30:  41%|██████████████▍                    | 24/58 [00:00<00:00, 35.61it/s, loss=0.0015]
  Epoch 26/30:  41%|██████████████▍                    | 24/58 [00:00<00:00, 35.61it/s, loss=0.0008]
  Epoch 26/30:  41%|██████████████▍                    | 24/58 [00:00<00:00, 35.61it/s, loss=0.0006]
  Epoch 26/30:  48%|████████████████▉                  | 28/58 [00:00<00:00, 35.82it/s, loss=0.0006]
  Epoch 26/30:  48%|████████████████▉                  | 28/58 [00:00<00:00, 35.82it/s, loss=0.0016]
  Epoch 26/30:  48%|████████████████▉                  | 28/58 [00:00<00:00, 35.82it/s, loss=0.0014]
  Epoch 26/30:  48%|████████████████▉                  | 28/58 [00:00<00:00, 35.82it/s, loss=0.0014]
  Epoch 26/30:  48%|████████████████▉                  | 28/58 [00:00<00:00, 35.82it/s, loss=0.0006]
  Epoch 26/30:  55%|███████████████████▎               | 32/58 [00:00<00:00, 34.51it/s, loss=0.0006]
  Epoch 26/30:  55%|███████████████████▎               | 32/58 [00:00<00:00, 34.51it/s, loss=0.0010]
  Epoch 26/30:  55%|███████████████████▎               | 32/58 [00:00<00:00, 34.51it/s, loss=0.0008]
  Epoch 26/30:  55%|███████████████████▎               | 32/58 [00:01<00:00, 34.51it/s, loss=0.0016]
  Epoch 26/30:  55%|███████████████████▎               | 32/58 [00:01<00:00, 34.51it/s, loss=0.0008]
  Epoch 26/30:  62%|█████████████████████▋             | 36/58 [00:01<00:00, 33.60it/s, loss=0.0008]
  Epoch 26/30:  62%|█████████████████████▋             | 36/58 [00:01<00:00, 33.60it/s, loss=0.0010]
  Epoch 26/30:  62%|█████████████████████▋             | 36/58 [00:01<00:00, 33.60it/s, loss=0.0011]
  Epoch 26/30:  62%|█████████████████████▋             | 36/58 [00:01<00:00, 33.60it/s, loss=0.0005]
  Epoch 26/30:  62%|█████████████████████▋             | 36/58 [00:01<00:00, 33.60it/s, loss=0.0014]
  Epoch 26/30:  69%|████████████████████████▏          | 40/58 [00:01<00:00, 33.80it/s, loss=0.0014]
  Epoch 26/30:  69%|████████████████████████▏          | 40/58 [00:01<00:00, 33.80it/s, loss=0.0006]
  Epoch 26/30:  69%|████████████████████████▏          | 40/58 [00:01<00:00, 33.80it/s, loss=0.0016]
  Epoch 26/30:  69%|████████████████████████▏          | 40/58 [00:01<00:00, 33.80it/s, loss=0.0014]
  Epoch 26/30:  69%|████████████████████████▏          | 40/58 [00:01<00:00, 33.80it/s, loss=0.0012]
  Epoch 26/30:  76%|██████████████████████████▌        | 44/58 [00:01<00:00, 34.45it/s, loss=0.0012]
  Epoch 26/30:  76%|██████████████████████████▌        | 44/58 [00:01<00:00, 34.45it/s, loss=0.0009]
  Epoch 26/30:  76%|██████████████████████████▌        | 44/58 [00:01<00:00, 34.45it/s, loss=0.0004]
  Epoch 26/30:  76%|██████████████████████████▌        | 44/58 [00:01<00:00, 34.45it/s, loss=0.0012]
  Epoch 26/30:  76%|██████████████████████████▌        | 44/58 [00:01<00:00, 34.45it/s, loss=0.0016]
  Epoch 26/30:  83%|████████████████████████████▉      | 48/58 [00:01<00:00, 34.09it/s, loss=0.0016]
  Epoch 26/30:  83%|████████████████████████████▉      | 48/58 [00:01<00:00, 34.09it/s, loss=0.0017]
  Epoch 26/30:  83%|████████████████████████████▉      | 48/58 [00:01<00:00, 34.09it/s, loss=0.0010]
  Epoch 26/30:  83%|████████████████████████████▉      | 48/58 [00:01<00:00, 34.09it/s, loss=0.0013]
  Epoch 26/30:  83%|████████████████████████████▉      | 48/58 [00:01<00:00, 34.09it/s, loss=0.0006]
  Epoch 26/30:  83%|████████████████████████████▉      | 48/58 [00:01<00:00, 34.09it/s, loss=0.0009]
  Epoch 26/30:  91%|███████████████████████████████▉   | 53/58 [00:01<00:00, 35.17it/s, loss=0.0009]
  Epoch 26/30:  91%|███████████████████████████████▉   | 53/58 [00:01<00:00, 35.17it/s, loss=0.0005]
  Epoch 26/30:  91%|███████████████████████████████▉   | 53/58 [00:01<00:00, 35.17it/s, loss=0.0012]
  Epoch 26/30:  91%|███████████████████████████████▉   | 53/58 [00:01<00:00, 35.17it/s, loss=0.0013]
  Epoch 26/30:  91%|███████████████████████████████▉   | 53/58 [00:01<00:00, 35.17it/s, loss=0.0017]
  Epoch 26/30:  98%|██████████████████████████████████▍| 57/58 [00:01<00:00, 33.81it/s, loss=0.0017]
  Epoch 26/30:  98%|██████████████████████████████████▍| 57/58 [00:01<00:00, 33.81it/s, loss=0.0015]
                                                                                                    

  Epoch 27/30:   0%|                                                         | 0/58 [00:00<?, ?it/s]
  Epoch 27/30:   0%|                                            | 0/58 [00:00<?, ?it/s, loss=0.0008]
  Epoch 27/30:   0%|                                            | 0/58 [00:00<?, ?it/s, loss=0.0018]
  Epoch 27/30:   0%|                                            | 0/58 [00:00<?, ?it/s, loss=0.0022]
  Epoch 27/30:   0%|                                            | 0/58 [00:00<?, ?it/s, loss=0.0011]
  Epoch 27/30:   7%|██▍                                 | 4/58 [00:00<00:01, 31.64it/s, loss=0.0011]
  Epoch 27/30:   7%|██▍                                 | 4/58 [00:00<00:01, 31.64it/s, loss=0.0006]
  Epoch 27/30:   7%|██▍                                 | 4/58 [00:00<00:01, 31.64it/s, loss=0.0010]
  Epoch 27/30:   7%|██▍                                 | 4/58 [00:00<00:01, 31.64it/s, loss=0.0006]
  Epoch 27/30:   7%|██▍                                 | 4/58 [00:00<00:01, 31.64it/s, loss=0.0013]
  Epoch 27/30:  14%|████▉                               | 8/58 [00:00<00:01, 33.79it/s, loss=0.0013]
  Epoch 27/30:  14%|████▉                               | 8/58 [00:00<00:01, 33.79it/s, loss=0.0010]
  Epoch 27/30:  14%|████▉                               | 8/58 [00:00<00:01, 33.79it/s, loss=0.0009]
  Epoch 27/30:  14%|████▉                               | 8/58 [00:00<00:01, 33.79it/s, loss=0.0010]
  Epoch 27/30:  14%|████▉                               | 8/58 [00:00<00:01, 33.79it/s, loss=0.0010]
  Epoch 27/30:  21%|███████▏                           | 12/58 [00:00<00:01, 33.54it/s, loss=0.0010]
  Epoch 27/30:  21%|███████▏                           | 12/58 [00:00<00:01, 33.54it/s, loss=0.0016]
  Epoch 27/30:  21%|███████▏                           | 12/58 [00:00<00:01, 33.54it/s, loss=0.0009]
  Epoch 27/30:  21%|███████▏                           | 12/58 [00:00<00:01, 33.54it/s, loss=0.0013]
  Epoch 27/30:  21%|███████▏                           | 12/58 [00:00<00:01, 33.54it/s, loss=0.0016]
  Epoch 27/30:  28%|█████████▋                         | 16/58 [00:00<00:01, 33.94it/s, loss=0.0016]
  Epoch 27/30:  28%|█████████▋                         | 16/58 [00:00<00:01, 33.94it/s, loss=0.0006]
  Epoch 27/30:  28%|█████████▋                         | 16/58 [00:00<00:01, 33.94it/s, loss=0.0005]
  Epoch 27/30:  28%|█████████▋                         | 16/58 [00:00<00:01, 33.94it/s, loss=0.0004]
  Epoch 27/30:  28%|█████████▋                         | 16/58 [00:00<00:01, 33.94it/s, loss=0.0007]
  Epoch 27/30:  34%|████████████                       | 20/58 [00:00<00:01, 35.47it/s, loss=0.0007]
  Epoch 27/30:  34%|████████████                       | 20/58 [00:00<00:01, 35.47it/s, loss=0.0012]
  Epoch 27/30:  34%|████████████                       | 20/58 [00:00<00:01, 35.47it/s, loss=0.0002]
  Epoch 27/30:  34%|████████████                       | 20/58 [00:00<00:01, 35.47it/s, loss=0.0012]
  Epoch 27/30:  34%|████████████                       | 20/58 [00:00<00:01, 35.47it/s, loss=0.0011]
  Epoch 27/30:  41%|██████████████▍                    | 24/58 [00:00<00:00, 34.99it/s, loss=0.0011]
  Epoch 27/30:  41%|██████████████▍                    | 24/58 [00:00<00:00, 34.99it/s, loss=0.0009]
  Epoch 27/30:  41%|██████████████▍                    | 24/58 [00:00<00:00, 34.99it/s, loss=0.0010]
  Epoch 27/30:  41%|██████████████▍                    | 24/58 [00:00<00:00, 34.99it/s, loss=0.0019]
  Epoch 27/30:  41%|██████████████▍                    | 24/58 [00:00<00:00, 34.99it/s, loss=0.0010]
  Epoch 27/30:  48%|████████████████▉                  | 28/58 [00:00<00:00, 33.02it/s, loss=0.0010]
  Epoch 27/30:  48%|████████████████▉                  | 28/58 [00:00<00:00, 33.02it/s, loss=0.0008]
  Epoch 27/30:  48%|████████████████▉                  | 28/58 [00:00<00:00, 33.02it/s, loss=0.0008]
  Epoch 27/30:  48%|████████████████▉                  | 28/58 [00:00<00:00, 33.02it/s, loss=0.0006]
  Epoch 27/30:  48%|████████████████▉                  | 28/58 [00:00<00:00, 33.02it/s, loss=0.0013]
  Epoch 27/30:  55%|███████████████████▎               | 32/58 [00:00<00:00, 34.11it/s, loss=0.0013]
  Epoch 27/30:  55%|███████████████████▎               | 32/58 [00:00<00:00, 34.11it/s, loss=0.0010]
  Epoch 27/30:  55%|███████████████████▎               | 32/58 [00:01<00:00, 34.11it/s, loss=0.0007]
  Epoch 27/30:  55%|███████████████████▎               | 32/58 [00:01<00:00, 34.11it/s, loss=0.0002]
  Epoch 27/30:  55%|███████████████████▎               | 32/58 [00:01<00:00, 34.11it/s, loss=0.0009]
  Epoch 27/30:  62%|█████████████████████▋             | 36/58 [00:01<00:00, 31.72it/s, loss=0.0009]
  Epoch 27/30:  62%|█████████████████████▋             | 36/58 [00:01<00:00, 31.72it/s, loss=0.0006]
  Epoch 27/30:  62%|█████████████████████▋             | 36/58 [00:01<00:00, 31.72it/s, loss=0.0017]
  Epoch 27/30:  62%|█████████████████████▋             | 36/58 [00:01<00:00, 31.72it/s, loss=0.0016]
  Epoch 27/30:  62%|█████████████████████▋             | 36/58 [00:01<00:00, 31.72it/s, loss=0.0010]
  Epoch 27/30:  69%|████████████████████████▏          | 40/58 [00:01<00:00, 32.02it/s, loss=0.0010]
  Epoch 27/30:  69%|████████████████████████▏          | 40/58 [00:01<00:00, 32.02it/s, loss=0.0011]
  Epoch 27/30:  69%|████████████████████████▏          | 40/58 [00:01<00:00, 32.02it/s, loss=0.0007]
  Epoch 27/30:  69%|████████████████████████▏          | 40/58 [00:01<00:00, 32.02it/s, loss=0.0007]
  Epoch 27/30:  69%|████████████████████████▏          | 40/58 [00:01<00:00, 32.02it/s, loss=0.0012]
  Epoch 27/30:  76%|██████████████████████████▌        | 44/58 [00:01<00:00, 32.21it/s, loss=0.0012]
  Epoch 27/30:  76%|██████████████████████████▌        | 44/58 [00:01<00:00, 32.21it/s, loss=0.0014]
  Epoch 27/30:  76%|██████████████████████████▌        | 44/58 [00:01<00:00, 32.21it/s, loss=0.0008]
  Epoch 27/30:  76%|██████████████████████████▌        | 44/58 [00:01<00:00, 32.21it/s, loss=0.0007]
  Epoch 27/30:  76%|██████████████████████████▌        | 44/58 [00:01<00:00, 32.21it/s, loss=0.0010]
  Epoch 27/30:  83%|████████████████████████████▉      | 48/58 [00:01<00:00, 33.48it/s, loss=0.0010]
  Epoch 27/30:  83%|████████████████████████████▉      | 48/58 [00:01<00:00, 33.48it/s, loss=0.0018]
  Epoch 27/30:  83%|████████████████████████████▉      | 48/58 [00:01<00:00, 33.48it/s, loss=0.0010]
  Epoch 27/30:  83%|████████████████████████████▉      | 48/58 [00:01<00:00, 33.48it/s, loss=0.0012]
  Epoch 27/30:  83%|████████████████████████████▉      | 48/58 [00:01<00:00, 33.48it/s, loss=0.0010]
  Epoch 27/30:  90%|███████████████████████████████▍   | 52/58 [00:01<00:00, 34.53it/s, loss=0.0010]
  Epoch 27/30:  90%|███████████████████████████████▍   | 52/58 [00:01<00:00, 34.53it/s, loss=0.0011]
  Epoch 27/30:  90%|███████████████████████████████▍   | 52/58 [00:01<00:00, 34.53it/s, loss=0.0012]
  Epoch 27/30:  90%|███████████████████████████████▍   | 52/58 [00:01<00:00, 34.53it/s, loss=0.0016]
  Epoch 27/30:  90%|███████████████████████████████▍   | 52/58 [00:01<00:00, 34.53it/s, loss=0.0016]
  Epoch 27/30:  97%|█████████████████████████████████▊ | 56/58 [00:01<00:00, 33.32it/s, loss=0.0016]
  Epoch 27/30:  97%|█████████████████████████████████▊ | 56/58 [00:01<00:00, 33.32it/s, loss=0.0012]
  Epoch 27/30:  97%|█████████████████████████████████▊ | 56/58 [00:01<00:00, 33.32it/s, loss=0.0028]
                                                                                                    

  Epoch 28/30:   0%|                                                         | 0/58 [00:00<?, ?it/s]
  Epoch 28/30:   0%|                                            | 0/58 [00:00<?, ?it/s, loss=0.0008]
  Epoch 28/30:   0%|                                            | 0/58 [00:00<?, ?it/s, loss=0.0014]
  Epoch 28/30:   0%|                                            | 0/58 [00:00<?, ?it/s, loss=0.0008]
  Epoch 28/30:   0%|                                            | 0/58 [00:00<?, ?it/s, loss=0.0007]
  Epoch 28/30:   7%|██▍                                 | 4/58 [00:00<00:01, 31.98it/s, loss=0.0007]
  Epoch 28/30:   7%|██▍                                 | 4/58 [00:00<00:01, 31.98it/s, loss=0.0014]
  Epoch 28/30:   7%|██▍                                 | 4/58 [00:00<00:01, 31.98it/s, loss=0.0013]
  Epoch 28/30:   7%|██▍                                 | 4/58 [00:00<00:01, 31.98it/s, loss=0.0016]
  Epoch 28/30:   7%|██▍                                 | 4/58 [00:00<00:01, 31.98it/s, loss=0.0010]
  Epoch 28/30:  14%|████▉                               | 8/58 [00:00<00:01, 32.99it/s, loss=0.0010]
  Epoch 28/30:  14%|████▉                               | 8/58 [00:00<00:01, 32.99it/s, loss=0.0017]
  Epoch 28/30:  14%|████▉                               | 8/58 [00:00<00:01, 32.99it/s, loss=0.0007]
  Epoch 28/30:  14%|████▉                               | 8/58 [00:00<00:01, 32.99it/s, loss=0.0011]
  Epoch 28/30:  14%|████▉                               | 8/58 [00:00<00:01, 32.99it/s, loss=0.0010]
  Epoch 28/30:  21%|███████▏                           | 12/58 [00:00<00:01, 31.99it/s, loss=0.0010]
  Epoch 28/30:  21%|███████▏                           | 12/58 [00:00<00:01, 31.99it/s, loss=0.0005]
  Epoch 28/30:  21%|███████▏                           | 12/58 [00:00<00:01, 31.99it/s, loss=0.0007]
  Epoch 28/30:  21%|███████▏                           | 12/58 [00:00<00:01, 31.99it/s, loss=0.0004]
  Epoch 28/30:  21%|███████▏                           | 12/58 [00:00<00:01, 31.99it/s, loss=0.0009]
  Epoch 28/30:  28%|█████████▋                         | 16/58 [00:00<00:01, 31.42it/s, loss=0.0009]
  Epoch 28/30:  28%|█████████▋                         | 16/58 [00:00<00:01, 31.42it/s, loss=0.0017]
  Epoch 28/30:  28%|█████████▋                         | 16/58 [00:00<00:01, 31.42it/s, loss=0.0010]
  Epoch 28/30:  28%|█████████▋                         | 16/58 [00:00<00:01, 31.42it/s, loss=0.0005]
  Epoch 28/30:  28%|█████████▋                         | 16/58 [00:00<00:01, 31.42it/s, loss=0.0011]
  Epoch 28/30:  34%|████████████                       | 20/58 [00:00<00:01, 32.72it/s, loss=0.0011]
  Epoch 28/30:  34%|████████████                       | 20/58 [00:00<00:01, 32.72it/s, loss=0.0014]
  Epoch 28/30:  34%|████████████                       | 20/58 [00:00<00:01, 32.72it/s, loss=0.0012]
  Epoch 28/30:  34%|████████████                       | 20/58 [00:00<00:01, 32.72it/s, loss=0.0006]
  Epoch 28/30:  34%|████████████                       | 20/58 [00:00<00:01, 32.72it/s, loss=0.0011]
  Epoch 28/30:  34%|████████████                       | 20/58 [00:00<00:01, 32.72it/s, loss=0.0008]
  Epoch 28/30:  43%|███████████████                    | 25/58 [00:00<00:00, 35.49it/s, loss=0.0008]
  Epoch 28/30:  43%|███████████████                    | 25/58 [00:00<00:00, 35.49it/s, loss=0.0019]
  Epoch 28/30:  43%|███████████████                    | 25/58 [00:00<00:00, 35.49it/s, loss=0.0010]
  Epoch 28/30:  43%|███████████████                    | 25/58 [00:00<00:00, 35.49it/s, loss=0.0008]
  Epoch 28/30:  43%|███████████████                    | 25/58 [00:00<00:00, 35.49it/s, loss=0.0018]
  Epoch 28/30:  50%|█████████████████▌                 | 29/58 [00:00<00:00, 32.24it/s, loss=0.0018]
  Epoch 28/30:  50%|█████████████████▌                 | 29/58 [00:00<00:00, 32.24it/s, loss=0.0007]
  Epoch 28/30:  50%|█████████████████▌                 | 29/58 [00:00<00:00, 32.24it/s, loss=0.0008]
  Epoch 28/30:  50%|█████████████████▌                 | 29/58 [00:00<00:00, 32.24it/s, loss=0.0009]
  Epoch 28/30:  50%|█████████████████▌                 | 29/58 [00:01<00:00, 32.24it/s, loss=0.0009]
  Epoch 28/30:  57%|███████████████████▉               | 33/58 [00:01<00:00, 32.11it/s, loss=0.0009]
  Epoch 28/30:  57%|███████████████████▉               | 33/58 [00:01<00:00, 32.11it/s, loss=0.0006]
  Epoch 28/30:  57%|███████████████████▉               | 33/58 [00:01<00:00, 32.11it/s, loss=0.0010]
  Epoch 28/30:  57%|███████████████████▉               | 33/58 [00:01<00:00, 32.11it/s, loss=0.0004]
  Epoch 28/30:  57%|███████████████████▉               | 33/58 [00:01<00:00, 32.11it/s, loss=0.0011]
  Epoch 28/30:  64%|██████████████████████▎            | 37/58 [00:01<00:00, 31.64it/s, loss=0.0011]
  Epoch 28/30:  64%|██████████████████████▎            | 37/58 [00:01<00:00, 31.64it/s, loss=0.0014]
  Epoch 28/30:  64%|██████████████████████▎            | 37/58 [00:01<00:00, 31.64it/s, loss=0.0004]
  Epoch 28/30:  64%|██████████████████████▎            | 37/58 [00:01<00:00, 31.64it/s, loss=0.0028]
  Epoch 28/30:  64%|██████████████████████▎            | 37/58 [00:01<00:00, 31.64it/s, loss=0.0006]
  Epoch 28/30:  71%|████████████████████████▋          | 41/58 [00:01<00:00, 32.09it/s, loss=0.0006]
  Epoch 28/30:  71%|████████████████████████▋          | 41/58 [00:01<00:00, 32.09it/s, loss=0.0009]
  Epoch 28/30:  71%|████████████████████████▋          | 41/58 [00:01<00:00, 32.09it/s, loss=0.0019]
  Epoch 28/30:  71%|████████████████████████▋          | 41/58 [00:01<00:00, 32.09it/s, loss=0.0016]
  Epoch 28/30:  71%|████████████████████████▋          | 41/58 [00:01<00:00, 32.09it/s, loss=0.0017]
  Epoch 28/30:  78%|███████████████████████████▏       | 45/58 [00:01<00:00, 33.39it/s, loss=0.0017]
  Epoch 28/30:  78%|███████████████████████████▏       | 45/58 [00:01<00:00, 33.39it/s, loss=0.0013]
  Epoch 28/30:  78%|███████████████████████████▏       | 45/58 [00:01<00:00, 33.39it/s, loss=0.0009]
  Epoch 28/30:  78%|███████████████████████████▏       | 45/58 [00:01<00:00, 33.39it/s, loss=0.0008]
  Epoch 28/30:  78%|███████████████████████████▏       | 45/58 [00:01<00:00, 33.39it/s, loss=0.0023]
  Epoch 28/30:  84%|█████████████████████████████▌     | 49/58 [00:01<00:00, 33.58it/s, loss=0.0023]
  Epoch 28/30:  84%|█████████████████████████████▌     | 49/58 [00:01<00:00, 33.58it/s, loss=0.0007]
  Epoch 28/30:  84%|█████████████████████████████▌     | 49/58 [00:01<00:00, 33.58it/s, loss=0.0015]
  Epoch 28/30:  84%|█████████████████████████████▌     | 49/58 [00:01<00:00, 33.58it/s, loss=0.0004]
  Epoch 28/30:  84%|█████████████████████████████▌     | 49/58 [00:01<00:00, 33.58it/s, loss=0.0009]
  Epoch 28/30:  91%|███████████████████████████████▉   | 53/58 [00:01<00:00, 32.59it/s, loss=0.0009]
  Epoch 28/30:  91%|███████████████████████████████▉   | 53/58 [00:01<00:00, 32.59it/s, loss=0.0009]
  Epoch 28/30:  91%|███████████████████████████████▉   | 53/58 [00:01<00:00, 32.59it/s, loss=0.0020]
  Epoch 28/30:  91%|███████████████████████████████▉   | 53/58 [00:01<00:00, 32.59it/s, loss=0.0005]
  Epoch 28/30:  91%|███████████████████████████████▉   | 53/58 [00:01<00:00, 32.59it/s, loss=0.0020]
  Epoch 28/30:  98%|██████████████████████████████████▍| 57/58 [00:01<00:00, 34.32it/s, loss=0.0020]
  Epoch 28/30:  98%|██████████████████████████████████▍| 57/58 [00:01<00:00, 34.32it/s, loss=0.0010]
                                                                                                    

  Epoch 29/30:   0%|                                                         | 0/58 [00:00<?, ?it/s]
  Epoch 29/30:   0%|                                            | 0/58 [00:00<?, ?it/s, loss=0.0008]
  Epoch 29/30:   0%|                                            | 0/58 [00:00<?, ?it/s, loss=0.0013]
  Epoch 29/30:   0%|                                            | 0/58 [00:00<?, ?it/s, loss=0.0016]
  Epoch 29/30:   0%|                                            | 0/58 [00:00<?, ?it/s, loss=0.0018]
  Epoch 29/30:   7%|██▍                                 | 4/58 [00:00<00:01, 37.29it/s, loss=0.0018]
  Epoch 29/30:   7%|██▍                                 | 4/58 [00:00<00:01, 37.29it/s, loss=0.0014]
  Epoch 29/30:   7%|██▍                                 | 4/58 [00:00<00:01, 37.29it/s, loss=0.0010]
  Epoch 29/30:   7%|██▍                                 | 4/58 [00:00<00:01, 37.29it/s, loss=0.0007]
  Epoch 29/30:   7%|██▍                                 | 4/58 [00:00<00:01, 37.29it/s, loss=0.0011]
  Epoch 29/30:  14%|████▉                               | 8/58 [00:00<00:01, 34.87it/s, loss=0.0011]
  Epoch 29/30:  14%|████▉                               | 8/58 [00:00<00:01, 34.87it/s, loss=0.0014]
  Epoch 29/30:  14%|████▉                               | 8/58 [00:00<00:01, 34.87it/s, loss=0.0011]
  Epoch 29/30:  14%|████▉                               | 8/58 [00:00<00:01, 34.87it/s, loss=0.0012]
  Epoch 29/30:  14%|████▉                               | 8/58 [00:00<00:01, 34.87it/s, loss=0.0012]
  Epoch 29/30:  21%|███████▏                           | 12/58 [00:00<00:01, 34.59it/s, loss=0.0012]
  Epoch 29/30:  21%|███████▏                           | 12/58 [00:00<00:01, 34.59it/s, loss=0.0013]
  Epoch 29/30:  21%|███████▏                           | 12/58 [00:00<00:01, 34.59it/s, loss=0.0006]
  Epoch 29/30:  21%|███████▏                           | 12/58 [00:00<00:01, 34.59it/s, loss=0.0013]
  Epoch 29/30:  21%|███████▏                           | 12/58 [00:00<00:01, 34.59it/s, loss=0.0019]
  Epoch 29/30:  21%|███████▏                           | 12/58 [00:00<00:01, 34.59it/s, loss=0.0015]
  Epoch 29/30:  29%|██████████▎                        | 17/58 [00:00<00:01, 36.89it/s, loss=0.0015]
  Epoch 29/30:  29%|██████████▎                        | 17/58 [00:00<00:01, 36.89it/s, loss=0.0012]
  Epoch 29/30:  29%|██████████▎                        | 17/58 [00:00<00:01, 36.89it/s, loss=0.0008]
  Epoch 29/30:  29%|██████████▎                        | 17/58 [00:00<00:01, 36.89it/s, loss=0.0008]
  Epoch 29/30:  29%|██████████▎                        | 17/58 [00:00<00:01, 36.89it/s, loss=0.0012]
  Epoch 29/30:  36%|████████████▋                      | 21/58 [00:00<00:01, 35.92it/s, loss=0.0012]
  Epoch 29/30:  36%|████████████▋                      | 21/58 [00:00<00:01, 35.92it/s, loss=0.0010]
  Epoch 29/30:  36%|████████████▋                      | 21/58 [00:00<00:01, 35.92it/s, loss=0.0013]
  Epoch 29/30:  36%|████████████▋                      | 21/58 [00:00<00:01, 35.92it/s, loss=0.0008]
  Epoch 29/30:  36%|████████████▋                      | 21/58 [00:00<00:01, 35.92it/s, loss=0.0010]
  Epoch 29/30:  43%|███████████████                    | 25/58 [00:00<00:00, 35.40it/s, loss=0.0010]
  Epoch 29/30:  43%|███████████████                    | 25/58 [00:00<00:00, 35.40it/s, loss=0.0006]
  Epoch 29/30:  43%|███████████████                    | 25/58 [00:00<00:00, 35.40it/s, loss=0.0010]
  Epoch 29/30:  43%|███████████████                    | 25/58 [00:00<00:00, 35.40it/s, loss=0.0016]
  Epoch 29/30:  43%|███████████████                    | 25/58 [00:00<00:00, 35.40it/s, loss=0.0003]
  Epoch 29/30:  50%|█████████████████▌                 | 29/58 [00:00<00:00, 36.61it/s, loss=0.0003]
  Epoch 29/30:  50%|█████████████████▌                 | 29/58 [00:00<00:00, 36.61it/s, loss=0.0012]
  Epoch 29/30:  50%|█████████████████▌                 | 29/58 [00:00<00:00, 36.61it/s, loss=0.0009]
  Epoch 29/30:  50%|█████████████████▌                 | 29/58 [00:00<00:00, 36.61it/s, loss=0.0016]
  Epoch 29/30:  50%|█████████████████▌                 | 29/58 [00:00<00:00, 36.61it/s, loss=0.0004]
  Epoch 29/30:  57%|███████████████████▉               | 33/58 [00:00<00:00, 36.98it/s, loss=0.0004]
  Epoch 29/30:  57%|███████████████████▉               | 33/58 [00:00<00:00, 36.98it/s, loss=0.0014]
  Epoch 29/30:  57%|███████████████████▉               | 33/58 [00:00<00:00, 36.98it/s, loss=0.0012]
  Epoch 29/30:  57%|███████████████████▉               | 33/58 [00:01<00:00, 36.98it/s, loss=0.0004]
  Epoch 29/30:  57%|███████████████████▉               | 33/58 [00:01<00:00, 36.98it/s, loss=0.0013]
  Epoch 29/30:  64%|██████████████████████▎            | 37/58 [00:01<00:00, 34.58it/s, loss=0.0013]
  Epoch 29/30:  64%|██████████████████████▎            | 37/58 [00:01<00:00, 34.58it/s, loss=0.0020]
  Epoch 29/30:  64%|██████████████████████▎            | 37/58 [00:01<00:00, 34.58it/s, loss=0.0012]
  Epoch 29/30:  64%|██████████████████████▎            | 37/58 [00:01<00:00, 34.58it/s, loss=0.0013]
  Epoch 29/30:  64%|██████████████████████▎            | 37/58 [00:01<00:00, 34.58it/s, loss=0.0007]
  Epoch 29/30:  71%|████████████████████████▋          | 41/58 [00:01<00:00, 33.54it/s, loss=0.0007]
  Epoch 29/30:  71%|████████████████████████▋          | 41/58 [00:01<00:00, 33.54it/s, loss=0.0017]
  Epoch 29/30:  71%|████████████████████████▋          | 41/58 [00:01<00:00, 33.54it/s, loss=0.0012]
  Epoch 29/30:  71%|████████████████████████▋          | 41/58 [00:01<00:00, 33.54it/s, loss=0.0003]
  Epoch 29/30:  71%|████████████████████████▋          | 41/58 [00:01<00:00, 33.54it/s, loss=0.0007]
  Epoch 29/30:  78%|███████████████████████████▏       | 45/58 [00:01<00:00, 31.77it/s, loss=0.0007]
  Epoch 29/30:  78%|███████████████████████████▏       | 45/58 [00:01<00:00, 31.77it/s, loss=0.0011]
  Epoch 29/30:  78%|███████████████████████████▏       | 45/58 [00:01<00:00, 31.77it/s, loss=0.0012]
  Epoch 29/30:  78%|███████████████████████████▏       | 45/58 [00:01<00:00, 31.77it/s, loss=0.0004]
  Epoch 29/30:  78%|███████████████████████████▏       | 45/58 [00:01<00:00, 31.77it/s, loss=0.0023]
  Epoch 29/30:  84%|█████████████████████████████▌     | 49/58 [00:01<00:00, 32.30it/s, loss=0.0023]
  Epoch 29/30:  84%|█████████████████████████████▌     | 49/58 [00:01<00:00, 32.30it/s, loss=0.0011]
  Epoch 29/30:  84%|█████████████████████████████▌     | 49/58 [00:01<00:00, 32.30it/s, loss=0.0018]
  Epoch 29/30:  84%|█████████████████████████████▌     | 49/58 [00:01<00:00, 32.30it/s, loss=0.0006]
  Epoch 29/30:  84%|█████████████████████████████▌     | 49/58 [00:01<00:00, 32.30it/s, loss=0.0011]
  Epoch 29/30:  91%|███████████████████████████████▉   | 53/58 [00:01<00:00, 31.33it/s, loss=0.0011]
  Epoch 29/30:  91%|███████████████████████████████▉   | 53/58 [00:01<00:00, 31.33it/s, loss=0.0008]
  Epoch 29/30:  91%|███████████████████████████████▉   | 53/58 [00:01<00:00, 31.33it/s, loss=0.0010]
  Epoch 29/30:  91%|███████████████████████████████▉   | 53/58 [00:01<00:00, 31.33it/s, loss=0.0015]
  Epoch 29/30:  91%|███████████████████████████████▉   | 53/58 [00:01<00:00, 31.33it/s, loss=0.0008]
  Epoch 29/30:  98%|██████████████████████████████████▍| 57/58 [00:01<00:00, 29.82it/s, loss=0.0008]
  Epoch 29/30:  98%|██████████████████████████████████▍| 57/58 [00:01<00:00, 29.82it/s, loss=0.0012]
                                                                                                    

  Epoch 30/30:   0%|                                                         | 0/58 [00:00<?, ?it/s]
  Epoch 30/30:   0%|                                            | 0/58 [00:00<?, ?it/s, loss=0.0012]
  Epoch 30/30:   0%|                                            | 0/58 [00:00<?, ?it/s, loss=0.0006]
  Epoch 30/30:   0%|                                            | 0/58 [00:00<?, ?it/s, loss=0.0011]
  Epoch 30/30:   5%|█▊                                  | 3/58 [00:00<00:01, 29.34it/s, loss=0.0011]
  Epoch 30/30:   5%|█▊                                  | 3/58 [00:00<00:01, 29.34it/s, loss=0.0008]
  Epoch 30/30:   5%|█▊                                  | 3/58 [00:00<00:01, 29.34it/s, loss=0.0013]
  Epoch 30/30:   5%|█▊                                  | 3/58 [00:00<00:01, 29.34it/s, loss=0.0013]
  Epoch 30/30:  10%|███▋                                | 6/58 [00:00<00:01, 29.17it/s, loss=0.0013]
  Epoch 30/30:  10%|███▋                                | 6/58 [00:00<00:01, 29.17it/s, loss=0.0026]
  Epoch 30/30:  10%|███▋                                | 6/58 [00:00<00:01, 29.17it/s, loss=0.0025]
  Epoch 30/30:  10%|███▋                                | 6/58 [00:00<00:01, 29.17it/s, loss=0.0019]
  Epoch 30/30:  10%|███▋                                | 6/58 [00:00<00:01, 29.17it/s, loss=0.0006]
  Epoch 30/30:  17%|██████                             | 10/58 [00:00<00:01, 32.94it/s, loss=0.0006]
  Epoch 30/30:  17%|██████                             | 10/58 [00:00<00:01, 32.94it/s, loss=0.0011]
  Epoch 30/30:  17%|██████                             | 10/58 [00:00<00:01, 32.94it/s, loss=0.0006]
  Epoch 30/30:  17%|██████                             | 10/58 [00:00<00:01, 32.94it/s, loss=0.0006]
  Epoch 30/30:  17%|██████                             | 10/58 [00:00<00:01, 32.94it/s, loss=0.0011]
  Epoch 30/30:  24%|████████▍                          | 14/58 [00:00<00:01, 34.24it/s, loss=0.0011]
  Epoch 30/30:  24%|████████▍                          | 14/58 [00:00<00:01, 34.24it/s, loss=0.0010]
  Epoch 30/30:  24%|████████▍                          | 14/58 [00:00<00:01, 34.24it/s, loss=0.0005]
  Epoch 30/30:  24%|████████▍                          | 14/58 [00:00<00:01, 34.24it/s, loss=0.0018]
  Epoch 30/30:  24%|████████▍                          | 14/58 [00:00<00:01, 34.24it/s, loss=0.0013]
  Epoch 30/30:  31%|██████████▊                        | 18/58 [00:00<00:01, 34.34it/s, loss=0.0013]
  Epoch 30/30:  31%|██████████▊                        | 18/58 [00:00<00:01, 34.34it/s, loss=0.0012]
  Epoch 30/30:  31%|██████████▊                        | 18/58 [00:00<00:01, 34.34it/s, loss=0.0008]
  Epoch 30/30:  31%|██████████▊                        | 18/58 [00:00<00:01, 34.34it/s, loss=0.0014]
  Epoch 30/30:  31%|██████████▊                        | 18/58 [00:00<00:01, 34.34it/s, loss=0.0008]
  Epoch 30/30:  38%|█████████████▎                     | 22/58 [00:00<00:01, 32.06it/s, loss=0.0008]
  Epoch 30/30:  38%|█████████████▎                     | 22/58 [00:00<00:01, 32.06it/s, loss=0.0005]
  Epoch 30/30:  38%|█████████████▎                     | 22/58 [00:00<00:01, 32.06it/s, loss=0.0014]
  Epoch 30/30:  38%|█████████████▎                     | 22/58 [00:00<00:01, 32.06it/s, loss=0.0007]
  Epoch 30/30:  38%|█████████████▎                     | 22/58 [00:00<00:01, 32.06it/s, loss=0.0010]
  Epoch 30/30:  45%|███████████████▋                   | 26/58 [00:00<00:01, 30.33it/s, loss=0.0010]
  Epoch 30/30:  45%|███████████████▋                   | 26/58 [00:00<00:01, 30.33it/s, loss=0.0011]
  Epoch 30/30:  45%|███████████████▋                   | 26/58 [00:00<00:01, 30.33it/s, loss=0.0006]
  Epoch 30/30:  45%|███████████████▋                   | 26/58 [00:00<00:01, 30.33it/s, loss=0.0014]
  Epoch 30/30:  45%|███████████████▋                   | 26/58 [00:00<00:01, 30.33it/s, loss=0.0017]
  Epoch 30/30:  52%|██████████████████                 | 30/58 [00:00<00:00, 30.07it/s, loss=0.0017]
  Epoch 30/30:  52%|██████████████████                 | 30/58 [00:00<00:00, 30.07it/s, loss=0.0007]
  Epoch 30/30:  52%|██████████████████                 | 30/58 [00:01<00:00, 30.07it/s, loss=0.0007]
  Epoch 30/30:  52%|██████████████████                 | 30/58 [00:01<00:00, 30.07it/s, loss=0.0013]
  Epoch 30/30:  52%|██████████████████                 | 30/58 [00:01<00:00, 30.07it/s, loss=0.0021]
  Epoch 30/30:  59%|████████████████████▌              | 34/58 [00:01<00:00, 29.69it/s, loss=0.0021]
  Epoch 30/30:  59%|████████████████████▌              | 34/58 [00:01<00:00, 29.69it/s, loss=0.0009]
  Epoch 30/30:  59%|████████████████████▌              | 34/58 [00:01<00:00, 29.69it/s, loss=0.0009]
  Epoch 30/30:  59%|████████████████████▌              | 34/58 [00:01<00:00, 29.69it/s, loss=0.0011]
  Epoch 30/30:  64%|██████████████████████▎            | 37/58 [00:01<00:00, 29.72it/s, loss=0.0011]
  Epoch 30/30:  64%|██████████████████████▎            | 37/58 [00:01<00:00, 29.72it/s, loss=0.0009]
  Epoch 30/30:  64%|██████████████████████▎            | 37/58 [00:01<00:00, 29.72it/s, loss=0.0005]
  Epoch 30/30:  64%|██████████████████████▎            | 37/58 [00:01<00:00, 29.72it/s, loss=0.0003]
  Epoch 30/30:  69%|████████████████████████▏          | 40/58 [00:01<00:00, 29.48it/s, loss=0.0003]
  Epoch 30/30:  69%|████████████████████████▏          | 40/58 [00:01<00:00, 29.48it/s, loss=0.0014]
  Epoch 30/30:  69%|████████████████████████▏          | 40/58 [00:01<00:00, 29.48it/s, loss=0.0008]
  Epoch 30/30:  69%|████████████████████████▏          | 40/58 [00:01<00:00, 29.48it/s, loss=0.0008]
  Epoch 30/30:  74%|█████████████████████████▉         | 43/58 [00:01<00:00, 29.58it/s, loss=0.0008]
  Epoch 30/30:  74%|█████████████████████████▉         | 43/58 [00:01<00:00, 29.58it/s, loss=0.0018]
  Epoch 30/30:  74%|█████████████████████████▉         | 43/58 [00:01<00:00, 29.58it/s, loss=0.0005]
  Epoch 30/30:  74%|█████████████████████████▉         | 43/58 [00:01<00:00, 29.58it/s, loss=0.0004]
  Epoch 30/30:  74%|█████████████████████████▉         | 43/58 [00:01<00:00, 29.58it/s, loss=0.0003]
  Epoch 30/30:  81%|████████████████████████████▎      | 47/58 [00:01<00:00, 31.46it/s, loss=0.0003]
  Epoch 30/30:  81%|████████████████████████████▎      | 47/58 [00:01<00:00, 31.46it/s, loss=0.0008]
  Epoch 30/30:  81%|████████████████████████████▎      | 47/58 [00:01<00:00, 31.46it/s, loss=0.0025]
  Epoch 30/30:  81%|████████████████████████████▎      | 47/58 [00:01<00:00, 31.46it/s, loss=0.0018]
  Epoch 30/30:  81%|████████████████████████████▎      | 47/58 [00:01<00:00, 31.46it/s, loss=0.0009]
  Epoch 30/30:  88%|██████████████████████████████▊    | 51/58 [00:01<00:00, 31.88it/s, loss=0.0009]
  Epoch 30/30:  88%|██████████████████████████████▊    | 51/58 [00:01<00:00, 31.88it/s, loss=0.0006]
  Epoch 30/30:  88%|██████████████████████████████▊    | 51/58 [00:01<00:00, 31.88it/s, loss=0.0008]
  Epoch 30/30:  88%|██████████████████████████████▊    | 51/58 [00:01<00:00, 31.88it/s, loss=0.0016]
  Epoch 30/30:  88%|██████████████████████████████▊    | 51/58 [00:01<00:00, 31.88it/s, loss=0.0009]
  Epoch 30/30:  95%|█████████████████████████████████▏ | 55/58 [00:01<00:00, 32.06it/s, loss=0.0009]
  Epoch 30/30:  95%|█████████████████████████████████▏ | 55/58 [00:01<00:00, 32.06it/s, loss=0.0003]
  Epoch 30/30:  95%|█████████████████████████████████▏ | 55/58 [00:01<00:00, 32.06it/s, loss=0.0016]
  Epoch 30/30:  95%|█████████████████████████████████▏ | 55/58 [00:01<00:00, 32.06it/s, loss=0.0005]
                                                                                                    
  Epoch 30/30 │ Loss: 0.0011 │ T+1: 0.8689 │ T+2: 0.7231 │ T+3: 0.5340

  → Loading best model checkpoint
    Best T+1 NSE: 0.8752

  → Saving model
    Model saved: E:\SRIP 2025\Streamflow and Water-level Prediction\Final Stuff\srip-transformer\runs\baseline_mha_20260304_211948\model.pt

============================================================
  STEP 7: EVALUATING MODEL
============================================================

  → Evaluating on Test Set 1961-1970

  Testing 1961-1970:   0%|                                                   | 0/15 [00:00<?, ?it/s]
  Testing 1961-1970:  47%|████████████████████                       | 7/15 [00:00<00:00, 64.90it/s]
  Testing 1961-1970:  93%|███████████████████████████████████████▏  | 14/15 [00:00<00:00, 62.62it/s]
                                                                                                    

    Results (1961-1970):
    Horizon       NSE       R²      PBIAS │      P90      P95 │    Peak%
    ----------------------------------------------------------------------
    T1         0.9277   0.9277    -12.43% │   0.8507   0.8090 │    96.2%
    T2         0.8110   0.8110    -40.09% │   0.6796   0.6106 │    98.0%
    T3         0.7211   0.7211    -36.88% │   0.4941   0.3069 │    96.5%

  → Evaluating on Test Set 2011-2020

  Testing 2011-2020:   0%|                                                   | 0/15 [00:00<?, ?it/s]
  Testing 2011-2020:  40%|█████████████████▏                         | 6/15 [00:00<00:00, 57.81it/s]
  Testing 2011-2020: 100%|██████████████████████████████████████████| 15/15 [00:00<00:00, 75.95it/s]
                                                                                                    

    Results (2011-2020):
    Horizon       NSE       R²      PBIAS │      P90      P95 │    Peak%
    ----------------------------------------------------------------------
    T1         0.7734   0.7734    -21.08% │   0.6163   0.4828 │    92.5%
    T2         0.3698   0.3698    -60.36% │  -0.0285  -0.1961 │    95.0%
    T3         0.3441   0.3441    -60.66% │  -0.0336  -0.1457 │    95.1%

============================================================
  STEP 8: SAVING RESULTS
============================================================

  → Saving results.json

  → Saving train_history.json

  → Computing feature saliency (gradient × input)
    Features: ['rainfall', 'tmax', 'tmin', 'waterlevel_upstream', 'streamflow_upstream', 'waterlevel_final', 'streamflow_final']
Traceback (most recent call last):
  File "E:\SRIP 2025\Streamflow and Water-level Prediction\Final Stuff\srip-transformer\src\train.py", line 895, in <module>
    main()
  File "E:\SRIP 2025\Streamflow and Water-level Prediction\Final Stuff\srip-transformer\src\train.py", line 850, in main
    saliency_results = compute_feature_saliency(
                       ^^^^^^^^^^^^^^^^^^^^^^^^^
  File "E:\SRIP 2025\Streamflow and Water-level Prediction\Final Stuff\srip-transformer\src\train.py", line 398, in compute_feature_saliency
    predictions[horizon].sum().backward(retain_graph=True)
  File "C:\Users\HP\AppData\Local\Programs\Python\Python312\Lib\site-packages\torch\_tensor.py", line 630, in backward
    torch.autograd.backward(
  File "C:\Users\HP\AppData\Local\Programs\Python\Python312\Lib\site-packages\torch\autograd\__init__.py", line 364, in backward
    _engine_run_backward(
  File "C:\Users\HP\AppData\Local\Programs\Python\Python312\Lib\site-packages\torch\autograd\graph.py", line 865, in _engine_run_backward
    return Variable._execution_engine.run_backward(  # Calls into the C++ engine to run the backward pass
           ^^^^^^^^^^^^^^^^^^^^^^^^^^^^^^^^^^^^^^^^^^^^^^^^^^^^^^^^^^^^^^^^^^^^^^^^^^^^^^^^^^^^^^^^^^^^^^
RuntimeError: cudnn RNN backward can only be called in training mode
