
============================================================
  SeqLSTM TRAINING PIPELINE
  Modular Ablation Framework
============================================================

============================================================
  STEP 1: LOADING CONFIGURATION
============================================================
  Config file: E:\SRIP 2025\Streamflow and Water-level Prediction\Final Stuff\srip-transformer\src\configs\baseline_mha.yaml
  Config name: baseline_mha

  Configuration:
    • Sequential:    ✗ OFF (single LSTM)
    • Bidirectional: ✗ OFF
    • Attention:     ✓ ON  (MHA)
    • Rating Curve:  ✗ OFF
    • Hierarchical:  ✗ OFF

  LSTM Settings:
    • Hidden dim:    64
    • Num layers:    1
    • Dropout:       0.1

  Attention Settings:
    • Num heads:     8

  Hard Constraints (enforced globally):
    • Lookback:      7 days
    • Batch size:    256
    • Learning rate: 0.001
    • Epochs:        30
    • Optimizer:     Adam
    • Loss:          MSE
    • Random seed:   74

  → Setting random seed: 74

  → Using device: cuda
    GPU: NVIDIA GeForce RTX 3050 4GB Laptop GPU

============================================================
  STEP 2: LOADING AND PREPARING DATA
============================================================

  → Loading station data: E:\SRIP 2025\Streamflow and Water-level Prediction\Final Stuff\srip-transformer\hierarchial\new_Manot_with_hierarchical_quantiles.csv
    Raw data shape: (22279, 23)
    Date range: 1961-01-02 to 2021-12-31

  → Detected pre-computed hierarchical features in CSV
    • hierarchical_feature_quantile_0.1
    • hierarchical_feature_quantile_0.5
    • hierarchical_feature_quantile_0.9
    • hierarchical_feature_quantile_0.95
    ✗ Will be EXCLUDED (use_hierarchical=False)

  → Determining feature set
    Using auto-detected features
    Total features: 7
       1. rainfall
       2. tmax
       3. tmin
       4. waterlevel_upstream
       5. streamflow_upstream
       6. waterlevel_final
       7. streamflow_final
    Target: streamflow_final

  → Loading processed data
    Station: Manot
    Processed shape: (22279, 23)

  → Splitting data by year
    Train (1971-2010):        14,610 samples
    Test (1961-1970):         3,651 samples
    Test (2011-2020):         3,653 samples

  → Scaling features (MinMaxScaler)
    Scaler fitted on 7 features

  → Creating PyTorch datasets
    Lookback window: 7 days (t-7 to t-1)
    Train dataset:   14,600 sequences
    Test 61-70:      3,641 sequences
    Test 11-20:      3,643 sequences

  → Creating DataLoaders
    Batch size: 256
    Train batches: 58

============================================================
  STEP 3: SETTING UP OUTPUT DIRECTORY
============================================================
  Run directory: E:\SRIP 2025\Streamflow and Water-level Prediction\Final Stuff\srip-transformer\runs\baseline_mha_20260304_212149

============================================================
  STEP 4: RATING CURVE (SKIPPED)
============================================================
  Fitter disabled in config

============================================================
  STEP 5: CREATING MODEL
============================================================

  → Initializing SeqLSTMModel
    Input dimension: 7
    Model variant:   Vanilla_MHA

  → Counting parameters & FLOPs
    Total parameters: 41,795
      • lstm: 18,688
      • attention: 16,768
      • heads: 6,339
    FLOPs (per forward pass): 375.424K  [manual estimate]

============================================================
  STEP 6: TRAINING MODEL
============================================================

  → Setting up optimizer and loss function
    Optimizer: Adam (lr=0.001)
    Loss: MSELoss

  → Starting training loop (30 epochs)
    Progress will be shown every 5 epochs


  Epoch  1/30:   0%|                                                         | 0/58 [00:00<?, ?it/s]
  Epoch  1/30:   0%|                                            | 0/58 [00:00<?, ?it/s, loss=0.1050]
  Epoch  1/30:   2%|▌                                   | 1/58 [00:00<00:25,  2.28it/s, loss=0.1050]
  Epoch  1/30:   2%|▌                                   | 1/58 [00:00<00:25,  2.28it/s, loss=0.0185]
  Epoch  1/30:   2%|▌                                   | 1/58 [00:00<00:25,  2.28it/s, loss=0.0109]
  Epoch  1/30:   2%|▌                                   | 1/58 [00:00<00:25,  2.28it/s, loss=0.0247]
  Epoch  1/30:   2%|▌                                   | 1/58 [00:00<00:25,  2.28it/s, loss=0.0295]
  Epoch  1/30:   9%|███                                 | 5/58 [00:00<00:04, 10.93it/s, loss=0.0295]
  Epoch  1/30:   9%|███                                 | 5/58 [00:00<00:04, 10.93it/s, loss=0.0302]
  Epoch  1/30:   9%|███                                 | 5/58 [00:00<00:04, 10.93it/s, loss=0.0194]
  Epoch  1/30:   9%|███                                 | 5/58 [00:00<00:04, 10.93it/s, loss=0.0120]
  Epoch  1/30:  14%|████▉                               | 8/58 [00:00<00:03, 15.62it/s, loss=0.0120]
  Epoch  1/30:  14%|████▉                               | 8/58 [00:00<00:03, 15.62it/s, loss=0.0074]
  Epoch  1/30:  14%|████▉                               | 8/58 [00:00<00:03, 15.62it/s, loss=0.0064]
  Epoch  1/30:  14%|████▉                               | 8/58 [00:00<00:03, 15.62it/s, loss=0.0069]
  Epoch  1/30:  14%|████▉                               | 8/58 [00:00<00:03, 15.62it/s, loss=0.0086]
  Epoch  1/30:  21%|███████▏                           | 12/58 [00:00<00:02, 20.26it/s, loss=0.0086]
  Epoch  1/30:  21%|███████▏                           | 12/58 [00:00<00:02, 20.26it/s, loss=0.0111]
  Epoch  1/30:  21%|███████▏                           | 12/58 [00:00<00:02, 20.26it/s, loss=0.0107]
  Epoch  1/30:  21%|███████▏                           | 12/58 [00:00<00:02, 20.26it/s, loss=0.0101]
  Epoch  1/30:  21%|███████▏                           | 12/58 [00:00<00:02, 20.26it/s, loss=0.0127]
  Epoch  1/30:  28%|█████████▋                         | 16/58 [00:00<00:01, 23.99it/s, loss=0.0127]
  Epoch  1/30:  28%|█████████▋                         | 16/58 [00:00<00:01, 23.99it/s, loss=0.0060]
  Epoch  1/30:  28%|█████████▋                         | 16/58 [00:00<00:01, 23.99it/s, loss=0.0067]
  Epoch  1/30:  28%|█████████▋                         | 16/58 [00:01<00:01, 23.99it/s, loss=0.0037]
  Epoch  1/30:  28%|█████████▋                         | 16/58 [00:01<00:01, 23.99it/s, loss=0.0032]
  Epoch  1/30:  34%|████████████                       | 20/58 [00:01<00:01, 26.11it/s, loss=0.0032]
  Epoch  1/30:  34%|████████████                       | 20/58 [00:01<00:01, 26.11it/s, loss=0.0044]
  Epoch  1/30:  34%|████████████                       | 20/58 [00:01<00:01, 26.11it/s, loss=0.0046]
  Epoch  1/30:  34%|████████████                       | 20/58 [00:01<00:01, 26.11it/s, loss=0.0046]
  Epoch  1/30:  34%|████████████                       | 20/58 [00:01<00:01, 26.11it/s, loss=0.0051]
  Epoch  1/30:  41%|██████████████▍                    | 24/58 [00:01<00:01, 28.48it/s, loss=0.0051]
  Epoch  1/30:  41%|██████████████▍                    | 24/58 [00:01<00:01, 28.48it/s, loss=0.0051]
  Epoch  1/30:  41%|██████████████▍                    | 24/58 [00:01<00:01, 28.48it/s, loss=0.0055]
  Epoch  1/30:  41%|██████████████▍                    | 24/58 [00:01<00:01, 28.48it/s, loss=0.0044]
  Epoch  1/30:  41%|██████████████▍                    | 24/58 [00:01<00:01, 28.48it/s, loss=0.0039]
  Epoch  1/30:  48%|████████████████▉                  | 28/58 [00:01<00:01, 27.66it/s, loss=0.0039]
  Epoch  1/30:  48%|████████████████▉                  | 28/58 [00:01<00:01, 27.66it/s, loss=0.0029]
  Epoch  1/30:  48%|████████████████▉                  | 28/58 [00:01<00:01, 27.66it/s, loss=0.0047]
  Epoch  1/30:  48%|████████████████▉                  | 28/58 [00:01<00:01, 27.66it/s, loss=0.0037]
  Epoch  1/30:  48%|████████████████▉                  | 28/58 [00:01<00:01, 27.66it/s, loss=0.0031]
  Epoch  1/30:  55%|███████████████████▎               | 32/58 [00:01<00:00, 28.93it/s, loss=0.0031]
  Epoch  1/30:  55%|███████████████████▎               | 32/58 [00:01<00:00, 28.93it/s, loss=0.0042]
  Epoch  1/30:  55%|███████████████████▎               | 32/58 [00:01<00:00, 28.93it/s, loss=0.0042]
  Epoch  1/30:  55%|███████████████████▎               | 32/58 [00:01<00:00, 28.93it/s, loss=0.0034]
  Epoch  1/30:  55%|███████████████████▎               | 32/58 [00:01<00:00, 28.93it/s, loss=0.0032]
  Epoch  1/30:  62%|█████████████████████▋             | 36/58 [00:01<00:00, 29.93it/s, loss=0.0032]
  Epoch  1/30:  62%|█████████████████████▋             | 36/58 [00:01<00:00, 29.93it/s, loss=0.0032]
  Epoch  1/30:  62%|█████████████████████▋             | 36/58 [00:01<00:00, 29.93it/s, loss=0.0028]
  Epoch  1/30:  62%|█████████████████████▋             | 36/58 [00:01<00:00, 29.93it/s, loss=0.0027]
  Epoch  1/30:  62%|█████████████████████▋             | 36/58 [00:01<00:00, 29.93it/s, loss=0.0021]
  Epoch  1/30:  69%|████████████████████████▏          | 40/58 [00:01<00:00, 30.48it/s, loss=0.0021]
  Epoch  1/30:  69%|████████████████████████▏          | 40/58 [00:01<00:00, 30.48it/s, loss=0.0037]
  Epoch  1/30:  69%|████████████████████████▏          | 40/58 [00:01<00:00, 30.48it/s, loss=0.0038]
  Epoch  1/30:  69%|████████████████████████▏          | 40/58 [00:01<00:00, 30.48it/s, loss=0.0022]
  Epoch  1/30:  69%|████████████████████████▏          | 40/58 [00:01<00:00, 30.48it/s, loss=0.0029]
  Epoch  1/30:  76%|██████████████████████████▌        | 44/58 [00:01<00:00, 31.52it/s, loss=0.0029]
  Epoch  1/30:  76%|██████████████████████████▌        | 44/58 [00:01<00:00, 31.52it/s, loss=0.0024]
  Epoch  1/30:  76%|██████████████████████████▌        | 44/58 [00:01<00:00, 31.52it/s, loss=0.0029]
  Epoch  1/30:  76%|██████████████████████████▌        | 44/58 [00:01<00:00, 31.52it/s, loss=0.0036]
  Epoch  1/30:  76%|██████████████████████████▌        | 44/58 [00:01<00:00, 31.52it/s, loss=0.0047]
  Epoch  1/30:  83%|████████████████████████████▉      | 48/58 [00:01<00:00, 30.89it/s, loss=0.0047]
  Epoch  1/30:  83%|████████████████████████████▉      | 48/58 [00:01<00:00, 30.89it/s, loss=0.0018]
  Epoch  1/30:  83%|████████████████████████████▉      | 48/58 [00:02<00:00, 30.89it/s, loss=0.0037]
  Epoch  1/30:  83%|████████████████████████████▉      | 48/58 [00:02<00:00, 30.89it/s, loss=0.0017]
  Epoch  1/30:  83%|████████████████████████████▉      | 48/58 [00:02<00:00, 30.89it/s, loss=0.0022]
  Epoch  1/30:  90%|███████████████████████████████▍   | 52/58 [00:02<00:00, 30.34it/s, loss=0.0022]
  Epoch  1/30:  90%|███████████████████████████████▍   | 52/58 [00:02<00:00, 30.34it/s, loss=0.0028]
  Epoch  1/30:  90%|███████████████████████████████▍   | 52/58 [00:02<00:00, 30.34it/s, loss=0.0022]
  Epoch  1/30:  90%|███████████████████████████████▍   | 52/58 [00:02<00:00, 30.34it/s, loss=0.0026]
  Epoch  1/30:  90%|███████████████████████████████▍   | 52/58 [00:02<00:00, 30.34it/s, loss=0.0016]
  Epoch  1/30:  97%|█████████████████████████████████▊ | 56/58 [00:02<00:00, 29.45it/s, loss=0.0016]
  Epoch  1/30:  97%|█████████████████████████████████▊ | 56/58 [00:02<00:00, 29.45it/s, loss=0.0026]
  Epoch  1/30:  97%|█████████████████████████████████▊ | 56/58 [00:02<00:00, 29.45it/s, loss=0.0013]
                                                                                                    

  Epoch  2/30:   0%|                                                         | 0/58 [00:00<?, ?it/s]
  Epoch  2/30:   0%|                                            | 0/58 [00:00<?, ?it/s, loss=0.0021]
  Epoch  2/30:   0%|                                            | 0/58 [00:00<?, ?it/s, loss=0.0032]
  Epoch  2/30:   0%|                                            | 0/58 [00:00<?, ?it/s, loss=0.0017]
  Epoch  2/30:   5%|█▊                                  | 3/58 [00:00<00:01, 28.70it/s, loss=0.0017]
  Epoch  2/30:   5%|█▊                                  | 3/58 [00:00<00:01, 28.70it/s, loss=0.0018]
  Epoch  2/30:   5%|█▊                                  | 3/58 [00:00<00:01, 28.70it/s, loss=0.0016]
  Epoch  2/30:   5%|█▊                                  | 3/58 [00:00<00:01, 28.70it/s, loss=0.0020]
  Epoch  2/30:   5%|█▊                                  | 3/58 [00:00<00:01, 28.70it/s, loss=0.0021]
  Epoch  2/30:  12%|████▎                               | 7/58 [00:00<00:01, 29.74it/s, loss=0.0021]
  Epoch  2/30:  12%|████▎                               | 7/58 [00:00<00:01, 29.74it/s, loss=0.0021]
  Epoch  2/30:  12%|████▎                               | 7/58 [00:00<00:01, 29.74it/s, loss=0.0020]
  Epoch  2/30:  12%|████▎                               | 7/58 [00:00<00:01, 29.74it/s, loss=0.0016]
  Epoch  2/30:  12%|████▎                               | 7/58 [00:00<00:01, 29.74it/s, loss=0.0023]
  Epoch  2/30:  19%|██████▋                            | 11/58 [00:00<00:01, 30.61it/s, loss=0.0023]
  Epoch  2/30:  19%|██████▋                            | 11/58 [00:00<00:01, 30.61it/s, loss=0.0030]
  Epoch  2/30:  19%|██████▋                            | 11/58 [00:00<00:01, 30.61it/s, loss=0.0029]
  Epoch  2/30:  19%|██████▋                            | 11/58 [00:00<00:01, 30.61it/s, loss=0.0016]
  Epoch  2/30:  19%|██████▋                            | 11/58 [00:00<00:01, 30.61it/s, loss=0.0025]
  Epoch  2/30:  26%|█████████                          | 15/58 [00:00<00:01, 31.20it/s, loss=0.0025]
  Epoch  2/30:  26%|█████████                          | 15/58 [00:00<00:01, 31.20it/s, loss=0.0018]
  Epoch  2/30:  26%|█████████                          | 15/58 [00:00<00:01, 31.20it/s, loss=0.0019]
  Epoch  2/30:  26%|█████████                          | 15/58 [00:00<00:01, 31.20it/s, loss=0.0025]
  Epoch  2/30:  26%|█████████                          | 15/58 [00:00<00:01, 31.20it/s, loss=0.0022]
  Epoch  2/30:  33%|███████████▍                       | 19/58 [00:00<00:01, 32.23it/s, loss=0.0022]
  Epoch  2/30:  33%|███████████▍                       | 19/58 [00:00<00:01, 32.23it/s, loss=0.0021]
  Epoch  2/30:  33%|███████████▍                       | 19/58 [00:00<00:01, 32.23it/s, loss=0.0011]
  Epoch  2/30:  33%|███████████▍                       | 19/58 [00:00<00:01, 32.23it/s, loss=0.0034]
  Epoch  2/30:  33%|███████████▍                       | 19/58 [00:00<00:01, 32.23it/s, loss=0.0015]
  Epoch  2/30:  40%|█████████████▉                     | 23/58 [00:00<00:01, 31.66it/s, loss=0.0015]
  Epoch  2/30:  40%|█████████████▉                     | 23/58 [00:00<00:01, 31.66it/s, loss=0.0014]
  Epoch  2/30:  40%|█████████████▉                     | 23/58 [00:00<00:01, 31.66it/s, loss=0.0027]
  Epoch  2/30:  40%|█████████████▉                     | 23/58 [00:00<00:01, 31.66it/s, loss=0.0029]
  Epoch  2/30:  40%|█████████████▉                     | 23/58 [00:00<00:01, 31.66it/s, loss=0.0027]
  Epoch  2/30:  47%|████████████████▎                  | 27/58 [00:00<00:00, 32.03it/s, loss=0.0027]
  Epoch  2/30:  47%|████████████████▎                  | 27/58 [00:00<00:00, 32.03it/s, loss=0.0029]
  Epoch  2/30:  47%|████████████████▎                  | 27/58 [00:00<00:00, 32.03it/s, loss=0.0035]
  Epoch  2/30:  47%|████████████████▎                  | 27/58 [00:00<00:00, 32.03it/s, loss=0.0023]
  Epoch  2/30:  47%|████████████████▎                  | 27/58 [00:00<00:00, 32.03it/s, loss=0.0034]
  Epoch  2/30:  53%|██████████████████▋                | 31/58 [00:00<00:00, 32.73it/s, loss=0.0034]
  Epoch  2/30:  53%|██████████████████▋                | 31/58 [00:01<00:00, 32.73it/s, loss=0.0015]
  Epoch  2/30:  53%|██████████████████▋                | 31/58 [00:01<00:00, 32.73it/s, loss=0.0020]
  Epoch  2/30:  53%|██████████████████▋                | 31/58 [00:01<00:00, 32.73it/s, loss=0.0013]
  Epoch  2/30:  53%|██████████████████▋                | 31/58 [00:01<00:00, 32.73it/s, loss=0.0014]
  Epoch  2/30:  60%|█████████████████████              | 35/58 [00:01<00:00, 32.25it/s, loss=0.0014]
  Epoch  2/30:  60%|█████████████████████              | 35/58 [00:01<00:00, 32.25it/s, loss=0.0016]
  Epoch  2/30:  60%|█████████████████████              | 35/58 [00:01<00:00, 32.25it/s, loss=0.0012]
  Epoch  2/30:  60%|█████████████████████              | 35/58 [00:01<00:00, 32.25it/s, loss=0.0023]
  Epoch  2/30:  60%|█████████████████████              | 35/58 [00:01<00:00, 32.25it/s, loss=0.0027]
  Epoch  2/30:  67%|███████████████████████▌           | 39/58 [00:01<00:00, 32.17it/s, loss=0.0027]
  Epoch  2/30:  67%|███████████████████████▌           | 39/58 [00:01<00:00, 32.17it/s, loss=0.0013]
  Epoch  2/30:  67%|███████████████████████▌           | 39/58 [00:01<00:00, 32.17it/s, loss=0.0027]
  Epoch  2/30:  67%|███████████████████████▌           | 39/58 [00:01<00:00, 32.17it/s, loss=0.0029]
  Epoch  2/30:  67%|███████████████████████▌           | 39/58 [00:01<00:00, 32.17it/s, loss=0.0035]
  Epoch  2/30:  74%|█████████████████████████▉         | 43/58 [00:01<00:00, 32.15it/s, loss=0.0035]
  Epoch  2/30:  74%|█████████████████████████▉         | 43/58 [00:01<00:00, 32.15it/s, loss=0.0021]
  Epoch  2/30:  74%|█████████████████████████▉         | 43/58 [00:01<00:00, 32.15it/s, loss=0.0031]
  Epoch  2/30:  74%|█████████████████████████▉         | 43/58 [00:01<00:00, 32.15it/s, loss=0.0017]
  Epoch  2/30:  74%|█████████████████████████▉         | 43/58 [00:01<00:00, 32.15it/s, loss=0.0013]
  Epoch  2/30:  81%|████████████████████████████▎      | 47/58 [00:01<00:00, 33.17it/s, loss=0.0013]
  Epoch  2/30:  81%|████████████████████████████▎      | 47/58 [00:01<00:00, 33.17it/s, loss=0.0024]
  Epoch  2/30:  81%|████████████████████████████▎      | 47/58 [00:01<00:00, 33.17it/s, loss=0.0022]
  Epoch  2/30:  81%|████████████████████████████▎      | 47/58 [00:01<00:00, 33.17it/s, loss=0.0015]
  Epoch  2/30:  81%|████████████████████████████▎      | 47/58 [00:01<00:00, 33.17it/s, loss=0.0023]
  Epoch  2/30:  88%|██████████████████████████████▊    | 51/58 [00:01<00:00, 32.73it/s, loss=0.0023]
  Epoch  2/30:  88%|██████████████████████████████▊    | 51/58 [00:01<00:00, 32.73it/s, loss=0.0020]
  Epoch  2/30:  88%|██████████████████████████████▊    | 51/58 [00:01<00:00, 32.73it/s, loss=0.0028]
  Epoch  2/30:  88%|██████████████████████████████▊    | 51/58 [00:01<00:00, 32.73it/s, loss=0.0030]
  Epoch  2/30:  88%|██████████████████████████████▊    | 51/58 [00:01<00:00, 32.73it/s, loss=0.0011]
  Epoch  2/30:  95%|█████████████████████████████████▏ | 55/58 [00:01<00:00, 31.51it/s, loss=0.0011]
  Epoch  2/30:  95%|█████████████████████████████████▏ | 55/58 [00:01<00:00, 31.51it/s, loss=0.0024]
  Epoch  2/30:  95%|█████████████████████████████████▏ | 55/58 [00:01<00:00, 31.51it/s, loss=0.0028]
  Epoch  2/30:  95%|█████████████████████████████████▏ | 55/58 [00:01<00:00, 31.51it/s, loss=0.0083]
                                                                                                    

  Epoch  3/30:   0%|                                                         | 0/58 [00:00<?, ?it/s]
  Epoch  3/30:   0%|                                            | 0/58 [00:00<?, ?it/s, loss=0.0033]
  Epoch  3/30:   0%|                                            | 0/58 [00:00<?, ?it/s, loss=0.0014]
  Epoch  3/30:   0%|                                            | 0/58 [00:00<?, ?it/s, loss=0.0015]
  Epoch  3/30:   0%|                                            | 0/58 [00:00<?, ?it/s, loss=0.0016]
  Epoch  3/30:   7%|██▍                                 | 4/58 [00:00<00:01, 32.14it/s, loss=0.0016]
  Epoch  3/30:   7%|██▍                                 | 4/58 [00:00<00:01, 32.14it/s, loss=0.0025]
  Epoch  3/30:   7%|██▍                                 | 4/58 [00:00<00:01, 32.14it/s, loss=0.0009]
  Epoch  3/30:   7%|██▍                                 | 4/58 [00:00<00:01, 32.14it/s, loss=0.0018]
  Epoch  3/30:   7%|██▍                                 | 4/58 [00:00<00:01, 32.14it/s, loss=0.0036]
  Epoch  3/30:  14%|████▉                               | 8/58 [00:00<00:01, 32.86it/s, loss=0.0036]
  Epoch  3/30:  14%|████▉                               | 8/58 [00:00<00:01, 32.86it/s, loss=0.0028]
  Epoch  3/30:  14%|████▉                               | 8/58 [00:00<00:01, 32.86it/s, loss=0.0011]
  Epoch  3/30:  14%|████▉                               | 8/58 [00:00<00:01, 32.86it/s, loss=0.0018]
  Epoch  3/30:  14%|████▉                               | 8/58 [00:00<00:01, 32.86it/s, loss=0.0019]
  Epoch  3/30:  21%|███████▏                           | 12/58 [00:00<00:01, 31.57it/s, loss=0.0019]
  Epoch  3/30:  21%|███████▏                           | 12/58 [00:00<00:01, 31.57it/s, loss=0.0012]
  Epoch  3/30:  21%|███████▏                           | 12/58 [00:00<00:01, 31.57it/s, loss=0.0017]
  Epoch  3/30:  21%|███████▏                           | 12/58 [00:00<00:01, 31.57it/s, loss=0.0035]
  Epoch  3/30:  21%|███████▏                           | 12/58 [00:00<00:01, 31.57it/s, loss=0.0017]
  Epoch  3/30:  28%|█████████▋                         | 16/58 [00:00<00:01, 32.24it/s, loss=0.0017]
  Epoch  3/30:  28%|█████████▋                         | 16/58 [00:00<00:01, 32.24it/s, loss=0.0030]
  Epoch  3/30:  28%|█████████▋                         | 16/58 [00:00<00:01, 32.24it/s, loss=0.0023]
  Epoch  3/30:  28%|█████████▋                         | 16/58 [00:00<00:01, 32.24it/s, loss=0.0011]
  Epoch  3/30:  28%|█████████▋                         | 16/58 [00:00<00:01, 32.24it/s, loss=0.0019]
  Epoch  3/30:  34%|████████████                       | 20/58 [00:00<00:01, 32.12it/s, loss=0.0019]
  Epoch  3/30:  34%|████████████                       | 20/58 [00:00<00:01, 32.12it/s, loss=0.0038]
  Epoch  3/30:  34%|████████████                       | 20/58 [00:00<00:01, 32.12it/s, loss=0.0012]
  Epoch  3/30:  34%|████████████                       | 20/58 [00:00<00:01, 32.12it/s, loss=0.0022]
  Epoch  3/30:  34%|████████████                       | 20/58 [00:00<00:01, 32.12it/s, loss=0.0010]
  Epoch  3/30:  41%|██████████████▍                    | 24/58 [00:00<00:01, 32.39it/s, loss=0.0010]
  Epoch  3/30:  41%|██████████████▍                    | 24/58 [00:00<00:01, 32.39it/s, loss=0.0038]
  Epoch  3/30:  41%|██████████████▍                    | 24/58 [00:00<00:01, 32.39it/s, loss=0.0011]
  Epoch  3/30:  41%|██████████████▍                    | 24/58 [00:00<00:01, 32.39it/s, loss=0.0023]
  Epoch  3/30:  41%|██████████████▍                    | 24/58 [00:00<00:01, 32.39it/s, loss=0.0012]
  Epoch  3/30:  48%|████████████████▉                  | 28/58 [00:00<00:00, 31.22it/s, loss=0.0012]
  Epoch  3/30:  48%|████████████████▉                  | 28/58 [00:00<00:00, 31.22it/s, loss=0.0035]
  Epoch  3/30:  48%|████████████████▉                  | 28/58 [00:00<00:00, 31.22it/s, loss=0.0017]
  Epoch  3/30:  48%|████████████████▉                  | 28/58 [00:00<00:00, 31.22it/s, loss=0.0017]
  Epoch  3/30:  48%|████████████████▉                  | 28/58 [00:01<00:00, 31.22it/s, loss=0.0032]
  Epoch  3/30:  55%|███████████████████▎               | 32/58 [00:01<00:00, 31.16it/s, loss=0.0032]
  Epoch  3/30:  55%|███████████████████▎               | 32/58 [00:01<00:00, 31.16it/s, loss=0.0016]
  Epoch  3/30:  55%|███████████████████▎               | 32/58 [00:01<00:00, 31.16it/s, loss=0.0033]
  Epoch  3/30:  55%|███████████████████▎               | 32/58 [00:01<00:00, 31.16it/s, loss=0.0018]
  Epoch  3/30:  55%|███████████████████▎               | 32/58 [00:01<00:00, 31.16it/s, loss=0.0029]
  Epoch  3/30:  62%|█████████████████████▋             | 36/58 [00:01<00:00, 30.58it/s, loss=0.0029]
  Epoch  3/30:  62%|█████████████████████▋             | 36/58 [00:01<00:00, 30.58it/s, loss=0.0010]
  Epoch  3/30:  62%|█████████████████████▋             | 36/58 [00:01<00:00, 30.58it/s, loss=0.0010]
  Epoch  3/30:  62%|█████████████████████▋             | 36/58 [00:01<00:00, 30.58it/s, loss=0.0013]
  Epoch  3/30:  62%|█████████████████████▋             | 36/58 [00:01<00:00, 30.58it/s, loss=0.0026]
  Epoch  3/30:  69%|████████████████████████▏          | 40/58 [00:01<00:00, 30.28it/s, loss=0.0026]
  Epoch  3/30:  69%|████████████████████████▏          | 40/58 [00:01<00:00, 30.28it/s, loss=0.0021]
  Epoch  3/30:  69%|████████████████████████▏          | 40/58 [00:01<00:00, 30.28it/s, loss=0.0016]
  Epoch  3/30:  69%|████████████████████████▏          | 40/58 [00:01<00:00, 30.28it/s, loss=0.0009]
  Epoch  3/30:  69%|████████████████████████▏          | 40/58 [00:01<00:00, 30.28it/s, loss=0.0012]
  Epoch  3/30:  76%|██████████████████████████▌        | 44/58 [00:01<00:00, 30.07it/s, loss=0.0012]
  Epoch  3/30:  76%|██████████████████████████▌        | 44/58 [00:01<00:00, 30.07it/s, loss=0.0029]
  Epoch  3/30:  76%|██████████████████████████▌        | 44/58 [00:01<00:00, 30.07it/s, loss=0.0013]
  Epoch  3/30:  76%|██████████████████████████▌        | 44/58 [00:01<00:00, 30.07it/s, loss=0.0013]
  Epoch  3/30:  76%|██████████████████████████▌        | 44/58 [00:01<00:00, 30.07it/s, loss=0.0022]
  Epoch  3/30:  83%|████████████████████████████▉      | 48/58 [00:01<00:00, 30.11it/s, loss=0.0022]
  Epoch  3/30:  83%|████████████████████████████▉      | 48/58 [00:01<00:00, 30.11it/s, loss=0.0019]
  Epoch  3/30:  83%|████████████████████████████▉      | 48/58 [00:01<00:00, 30.11it/s, loss=0.0015]
  Epoch  3/30:  83%|████████████████████████████▉      | 48/58 [00:01<00:00, 30.11it/s, loss=0.0016]
  Epoch  3/30:  83%|████████████████████████████▉      | 48/58 [00:01<00:00, 30.11it/s, loss=0.0010]
  Epoch  3/30:  90%|███████████████████████████████▍   | 52/58 [00:01<00:00, 30.89it/s, loss=0.0010]
  Epoch  3/30:  90%|███████████████████████████████▍   | 52/58 [00:01<00:00, 30.89it/s, loss=0.0015]
  Epoch  3/30:  90%|███████████████████████████████▍   | 52/58 [00:01<00:00, 30.89it/s, loss=0.0007]
  Epoch  3/30:  90%|███████████████████████████████▍   | 52/58 [00:01<00:00, 30.89it/s, loss=0.0008]
  Epoch  3/30:  90%|███████████████████████████████▍   | 52/58 [00:01<00:00, 30.89it/s, loss=0.0017]
  Epoch  3/30:  97%|█████████████████████████████████▊ | 56/58 [00:01<00:00, 30.36it/s, loss=0.0017]
  Epoch  3/30:  97%|█████████████████████████████████▊ | 56/58 [00:01<00:00, 30.36it/s, loss=0.0009]
  Epoch  3/30:  97%|█████████████████████████████████▊ | 56/58 [00:01<00:00, 30.36it/s, loss=0.0019]
                                                                                                    

  Epoch  4/30:   0%|                                                         | 0/58 [00:00<?, ?it/s]
  Epoch  4/30:   0%|                                            | 0/58 [00:00<?, ?it/s, loss=0.0020]
  Epoch  4/30:   0%|                                            | 0/58 [00:00<?, ?it/s, loss=0.0009]
  Epoch  4/30:   0%|                                            | 0/58 [00:00<?, ?it/s, loss=0.0013]
  Epoch  4/30:   0%|                                            | 0/58 [00:00<?, ?it/s, loss=0.0032]
  Epoch  4/30:   7%|██▍                                 | 4/58 [00:00<00:01, 33.93it/s, loss=0.0032]
  Epoch  4/30:   7%|██▍                                 | 4/58 [00:00<00:01, 33.93it/s, loss=0.0012]
  Epoch  4/30:   7%|██▍                                 | 4/58 [00:00<00:01, 33.93it/s, loss=0.0022]
  Epoch  4/30:   7%|██▍                                 | 4/58 [00:00<00:01, 33.93it/s, loss=0.0008]
  Epoch  4/30:   7%|██▍                                 | 4/58 [00:00<00:01, 33.93it/s, loss=0.0030]
  Epoch  4/30:  14%|████▉                               | 8/58 [00:00<00:01, 32.40it/s, loss=0.0030]
  Epoch  4/30:  14%|████▉                               | 8/58 [00:00<00:01, 32.40it/s, loss=0.0015]
  Epoch  4/30:  14%|████▉                               | 8/58 [00:00<00:01, 32.40it/s, loss=0.0017]
  Epoch  4/30:  14%|████▉                               | 8/58 [00:00<00:01, 32.40it/s, loss=0.0022]
  Epoch  4/30:  14%|████▉                               | 8/58 [00:00<00:01, 32.40it/s, loss=0.0021]
  Epoch  4/30:  21%|███████▏                           | 12/58 [00:00<00:01, 32.69it/s, loss=0.0021]
  Epoch  4/30:  21%|███████▏                           | 12/58 [00:00<00:01, 32.69it/s, loss=0.0013]
  Epoch  4/30:  21%|███████▏                           | 12/58 [00:00<00:01, 32.69it/s, loss=0.0014]
  Epoch  4/30:  21%|███████▏                           | 12/58 [00:00<00:01, 32.69it/s, loss=0.0014]
  Epoch  4/30:  21%|███████▏                           | 12/58 [00:00<00:01, 32.69it/s, loss=0.0010]
  Epoch  4/30:  28%|█████████▋                         | 16/58 [00:00<00:01, 31.70it/s, loss=0.0010]
  Epoch  4/30:  28%|█████████▋                         | 16/58 [00:00<00:01, 31.70it/s, loss=0.0014]
  Epoch  4/30:  28%|█████████▋                         | 16/58 [00:00<00:01, 31.70it/s, loss=0.0021]
  Epoch  4/30:  28%|█████████▋                         | 16/58 [00:00<00:01, 31.70it/s, loss=0.0026]
  Epoch  4/30:  28%|█████████▋                         | 16/58 [00:00<00:01, 31.70it/s, loss=0.0018]
  Epoch  4/30:  34%|████████████                       | 20/58 [00:00<00:01, 31.75it/s, loss=0.0018]
  Epoch  4/30:  34%|████████████                       | 20/58 [00:00<00:01, 31.75it/s, loss=0.0035]
  Epoch  4/30:  34%|████████████                       | 20/58 [00:00<00:01, 31.75it/s, loss=0.0012]
  Epoch  4/30:  34%|████████████                       | 20/58 [00:00<00:01, 31.75it/s, loss=0.0020]
  Epoch  4/30:  34%|████████████                       | 20/58 [00:00<00:01, 31.75it/s, loss=0.0015]
  Epoch  4/30:  41%|██████████████▍                    | 24/58 [00:00<00:01, 31.97it/s, loss=0.0015]
  Epoch  4/30:  41%|██████████████▍                    | 24/58 [00:00<00:01, 31.97it/s, loss=0.0006]
  Epoch  4/30:  41%|██████████████▍                    | 24/58 [00:00<00:01, 31.97it/s, loss=0.0025]
  Epoch  4/30:  41%|██████████████▍                    | 24/58 [00:00<00:01, 31.97it/s, loss=0.0012]
  Epoch  4/30:  41%|██████████████▍                    | 24/58 [00:00<00:01, 31.97it/s, loss=0.0021]
  Epoch  4/30:  48%|████████████████▉                  | 28/58 [00:00<00:00, 33.03it/s, loss=0.0021]
  Epoch  4/30:  48%|████████████████▉                  | 28/58 [00:00<00:00, 33.03it/s, loss=0.0037]
  Epoch  4/30:  48%|████████████████▉                  | 28/58 [00:00<00:00, 33.03it/s, loss=0.0019]
  Epoch  4/30:  48%|████████████████▉                  | 28/58 [00:00<00:00, 33.03it/s, loss=0.0012]
  Epoch  4/30:  48%|████████████████▉                  | 28/58 [00:00<00:00, 33.03it/s, loss=0.0014]
  Epoch  4/30:  55%|███████████████████▎               | 32/58 [00:00<00:00, 32.50it/s, loss=0.0014]
  Epoch  4/30:  55%|███████████████████▎               | 32/58 [00:01<00:00, 32.50it/s, loss=0.0014]
  Epoch  4/30:  55%|███████████████████▎               | 32/58 [00:01<00:00, 32.50it/s, loss=0.0015]
  Epoch  4/30:  55%|███████████████████▎               | 32/58 [00:01<00:00, 32.50it/s, loss=0.0033]
  Epoch  4/30:  55%|███████████████████▎               | 32/58 [00:01<00:00, 32.50it/s, loss=0.0010]
  Epoch  4/30:  62%|█████████████████████▋             | 36/58 [00:01<00:00, 33.38it/s, loss=0.0010]
  Epoch  4/30:  62%|█████████████████████▋             | 36/58 [00:01<00:00, 33.38it/s, loss=0.0007]
  Epoch  4/30:  62%|█████████████████████▋             | 36/58 [00:01<00:00, 33.38it/s, loss=0.0015]
  Epoch  4/30:  62%|█████████████████████▋             | 36/58 [00:01<00:00, 33.38it/s, loss=0.0013]
  Epoch  4/30:  62%|█████████████████████▋             | 36/58 [00:01<00:00, 33.38it/s, loss=0.0011]
  Epoch  4/30:  69%|████████████████████████▏          | 40/58 [00:01<00:00, 33.01it/s, loss=0.0011]
  Epoch  4/30:  69%|████████████████████████▏          | 40/58 [00:01<00:00, 33.01it/s, loss=0.0012]
  Epoch  4/30:  69%|████████████████████████▏          | 40/58 [00:01<00:00, 33.01it/s, loss=0.0022]
  Epoch  4/30:  69%|████████████████████████▏          | 40/58 [00:01<00:00, 33.01it/s, loss=0.0011]
  Epoch  4/30:  69%|████████████████████████▏          | 40/58 [00:01<00:00, 33.01it/s, loss=0.0007]
  Epoch  4/30:  76%|██████████████████████████▌        | 44/58 [00:01<00:00, 32.56it/s, loss=0.0007]
  Epoch  4/30:  76%|██████████████████████████▌        | 44/58 [00:01<00:00, 32.56it/s, loss=0.0023]
  Epoch  4/30:  76%|██████████████████████████▌        | 44/58 [00:01<00:00, 32.56it/s, loss=0.0014]
  Epoch  4/30:  76%|██████████████████████████▌        | 44/58 [00:01<00:00, 32.56it/s, loss=0.0023]
  Epoch  4/30:  76%|██████████████████████████▌        | 44/58 [00:01<00:00, 32.56it/s, loss=0.0025]
  Epoch  4/30:  83%|████████████████████████████▉      | 48/58 [00:01<00:00, 31.83it/s, loss=0.0025]
  Epoch  4/30:  83%|████████████████████████████▉      | 48/58 [00:01<00:00, 31.83it/s, loss=0.0018]
  Epoch  4/30:  83%|████████████████████████████▉      | 48/58 [00:01<00:00, 31.83it/s, loss=0.0018]
  Epoch  4/30:  83%|████████████████████████████▉      | 48/58 [00:01<00:00, 31.83it/s, loss=0.0018]
  Epoch  4/30:  83%|████████████████████████████▉      | 48/58 [00:01<00:00, 31.83it/s, loss=0.0013]
  Epoch  4/30:  90%|███████████████████████████████▍   | 52/58 [00:01<00:00, 32.24it/s, loss=0.0013]
  Epoch  4/30:  90%|███████████████████████████████▍   | 52/58 [00:01<00:00, 32.24it/s, loss=0.0018]
  Epoch  4/30:  90%|███████████████████████████████▍   | 52/58 [00:01<00:00, 32.24it/s, loss=0.0016]
  Epoch  4/30:  90%|███████████████████████████████▍   | 52/58 [00:01<00:00, 32.24it/s, loss=0.0019]
  Epoch  4/30:  90%|███████████████████████████████▍   | 52/58 [00:01<00:00, 32.24it/s, loss=0.0012]
  Epoch  4/30:  97%|█████████████████████████████████▊ | 56/58 [00:01<00:00, 32.20it/s, loss=0.0012]
  Epoch  4/30:  97%|█████████████████████████████████▊ | 56/58 [00:01<00:00, 32.20it/s, loss=0.0015]
  Epoch  4/30:  97%|█████████████████████████████████▊ | 56/58 [00:01<00:00, 32.20it/s, loss=0.0013]
                                                                                                    

  Epoch  5/30:   0%|                                                         | 0/58 [00:00<?, ?it/s]
  Epoch  5/30:   0%|                                            | 0/58 [00:00<?, ?it/s, loss=0.0017]
  Epoch  5/30:   0%|                                            | 0/58 [00:00<?, ?it/s, loss=0.0018]
  Epoch  5/30:   0%|                                            | 0/58 [00:00<?, ?it/s, loss=0.0014]
  Epoch  5/30:   0%|                                            | 0/58 [00:00<?, ?it/s, loss=0.0019]
  Epoch  5/30:   7%|██▍                                 | 4/58 [00:00<00:01, 30.66it/s, loss=0.0019]
  Epoch  5/30:   7%|██▍                                 | 4/58 [00:00<00:01, 30.66it/s, loss=0.0025]
  Epoch  5/30:   7%|██▍                                 | 4/58 [00:00<00:01, 30.66it/s, loss=0.0019]
  Epoch  5/30:   7%|██▍                                 | 4/58 [00:00<00:01, 30.66it/s, loss=0.0015]
  Epoch  5/30:   7%|██▍                                 | 4/58 [00:00<00:01, 30.66it/s, loss=0.0009]
  Epoch  5/30:  14%|████▉                               | 8/58 [00:00<00:01, 30.77it/s, loss=0.0009]
  Epoch  5/30:  14%|████▉                               | 8/58 [00:00<00:01, 30.77it/s, loss=0.0012]
  Epoch  5/30:  14%|████▉                               | 8/58 [00:00<00:01, 30.77it/s, loss=0.0022]
  Epoch  5/30:  14%|████▉                               | 8/58 [00:00<00:01, 30.77it/s, loss=0.0027]
  Epoch  5/30:  14%|████▉                               | 8/58 [00:00<00:01, 30.77it/s, loss=0.0020]
  Epoch  5/30:  21%|███████▏                           | 12/58 [00:00<00:01, 32.69it/s, loss=0.0020]
  Epoch  5/30:  21%|███████▏                           | 12/58 [00:00<00:01, 32.69it/s, loss=0.0043]
  Epoch  5/30:  21%|███████▏                           | 12/58 [00:00<00:01, 32.69it/s, loss=0.0014]
  Epoch  5/30:  21%|███████▏                           | 12/58 [00:00<00:01, 32.69it/s, loss=0.0023]
  Epoch  5/30:  21%|███████▏                           | 12/58 [00:00<00:01, 32.69it/s, loss=0.0019]
  Epoch  5/30:  28%|█████████▋                         | 16/58 [00:00<00:01, 32.84it/s, loss=0.0019]
  Epoch  5/30:  28%|█████████▋                         | 16/58 [00:00<00:01, 32.84it/s, loss=0.0014]
  Epoch  5/30:  28%|█████████▋                         | 16/58 [00:00<00:01, 32.84it/s, loss=0.0014]
  Epoch  5/30:  28%|█████████▋                         | 16/58 [00:00<00:01, 32.84it/s, loss=0.0030]
  Epoch  5/30:  28%|█████████▋                         | 16/58 [00:00<00:01, 32.84it/s, loss=0.0024]
  Epoch  5/30:  34%|████████████                       | 20/58 [00:00<00:01, 31.63it/s, loss=0.0024]
  Epoch  5/30:  34%|████████████                       | 20/58 [00:00<00:01, 31.63it/s, loss=0.0011]
  Epoch  5/30:  34%|████████████                       | 20/58 [00:00<00:01, 31.63it/s, loss=0.0008]
  Epoch  5/30:  34%|████████████                       | 20/58 [00:00<00:01, 31.63it/s, loss=0.0010]
  Epoch  5/30:  34%|████████████                       | 20/58 [00:00<00:01, 31.63it/s, loss=0.0021]
  Epoch  5/30:  41%|██████████████▍                    | 24/58 [00:00<00:01, 29.77it/s, loss=0.0021]
  Epoch  5/30:  41%|██████████████▍                    | 24/58 [00:00<00:01, 29.77it/s, loss=0.0015]
  Epoch  5/30:  41%|██████████████▍                    | 24/58 [00:00<00:01, 29.77it/s, loss=0.0011]
  Epoch  5/30:  41%|██████████████▍                    | 24/58 [00:00<00:01, 29.77it/s, loss=0.0011]
  Epoch  5/30:  41%|██████████████▍                    | 24/58 [00:00<00:01, 29.77it/s, loss=0.0012]
  Epoch  5/30:  48%|████████████████▉                  | 28/58 [00:00<00:00, 30.15it/s, loss=0.0012]
  Epoch  5/30:  48%|████████████████▉                  | 28/58 [00:00<00:00, 30.15it/s, loss=0.0022]
  Epoch  5/30:  48%|████████████████▉                  | 28/58 [00:00<00:00, 30.15it/s, loss=0.0021]
  Epoch  5/30:  48%|████████████████▉                  | 28/58 [00:01<00:00, 30.15it/s, loss=0.0013]
  Epoch  5/30:  48%|████████████████▉                  | 28/58 [00:01<00:00, 30.15it/s, loss=0.0017]
  Epoch  5/30:  55%|███████████████████▎               | 32/58 [00:01<00:00, 30.77it/s, loss=0.0017]
  Epoch  5/30:  55%|███████████████████▎               | 32/58 [00:01<00:00, 30.77it/s, loss=0.0010]
  Epoch  5/30:  55%|███████████████████▎               | 32/58 [00:01<00:00, 30.77it/s, loss=0.0018]
  Epoch  5/30:  55%|███████████████████▎               | 32/58 [00:01<00:00, 30.77it/s, loss=0.0010]
  Epoch  5/30:  55%|███████████████████▎               | 32/58 [00:01<00:00, 30.77it/s, loss=0.0005]
  Epoch  5/30:  62%|█████████████████████▋             | 36/58 [00:01<00:00, 31.38it/s, loss=0.0005]
  Epoch  5/30:  62%|█████████████████████▋             | 36/58 [00:01<00:00, 31.38it/s, loss=0.0012]
  Epoch  5/30:  62%|█████████████████████▋             | 36/58 [00:01<00:00, 31.38it/s, loss=0.0010]
  Epoch  5/30:  62%|█████████████████████▋             | 36/58 [00:01<00:00, 31.38it/s, loss=0.0021]
  Epoch  5/30:  62%|█████████████████████▋             | 36/58 [00:01<00:00, 31.38it/s, loss=0.0016]
  Epoch  5/30:  69%|████████████████████████▏          | 40/58 [00:01<00:00, 31.31it/s, loss=0.0016]
  Epoch  5/30:  69%|████████████████████████▏          | 40/58 [00:01<00:00, 31.31it/s, loss=0.0012]
  Epoch  5/30:  69%|████████████████████████▏          | 40/58 [00:01<00:00, 31.31it/s, loss=0.0012]
  Epoch  5/30:  69%|████████████████████████▏          | 40/58 [00:01<00:00, 31.31it/s, loss=0.0022]
  Epoch  5/30:  69%|████████████████████████▏          | 40/58 [00:01<00:00, 31.31it/s, loss=0.0018]
  Epoch  5/30:  76%|██████████████████████████▌        | 44/58 [00:01<00:00, 30.55it/s, loss=0.0018]
  Epoch  5/30:  76%|██████████████████████████▌        | 44/58 [00:01<00:00, 30.55it/s, loss=0.0041]
  Epoch  5/30:  76%|██████████████████████████▌        | 44/58 [00:01<00:00, 30.55it/s, loss=0.0008]
  Epoch  5/30:  76%|██████████████████████████▌        | 44/58 [00:01<00:00, 30.55it/s, loss=0.0011]
  Epoch  5/30:  76%|██████████████████████████▌        | 44/58 [00:01<00:00, 30.55it/s, loss=0.0021]
  Epoch  5/30:  83%|████████████████████████████▉      | 48/58 [00:01<00:00, 29.95it/s, loss=0.0021]
  Epoch  5/30:  83%|████████████████████████████▉      | 48/58 [00:01<00:00, 29.95it/s, loss=0.0015]
  Epoch  5/30:  83%|████████████████████████████▉      | 48/58 [00:01<00:00, 29.95it/s, loss=0.0017]
  Epoch  5/30:  83%|████████████████████████████▉      | 48/58 [00:01<00:00, 29.95it/s, loss=0.0016]
  Epoch  5/30:  83%|████████████████████████████▉      | 48/58 [00:01<00:00, 29.95it/s, loss=0.0016]
  Epoch  5/30:  90%|███████████████████████████████▍   | 52/58 [00:01<00:00, 31.22it/s, loss=0.0016]
  Epoch  5/30:  90%|███████████████████████████████▍   | 52/58 [00:01<00:00, 31.22it/s, loss=0.0012]
  Epoch  5/30:  90%|███████████████████████████████▍   | 52/58 [00:01<00:00, 31.22it/s, loss=0.0008]
  Epoch  5/30:  90%|███████████████████████████████▍   | 52/58 [00:01<00:00, 31.22it/s, loss=0.0020]
  Epoch  5/30:  90%|███████████████████████████████▍   | 52/58 [00:01<00:00, 31.22it/s, loss=0.0009]
  Epoch  5/30:  97%|█████████████████████████████████▊ | 56/58 [00:01<00:00, 31.38it/s, loss=0.0009]
  Epoch  5/30:  97%|█████████████████████████████████▊ | 56/58 [00:01<00:00, 31.38it/s, loss=0.0015]
  Epoch  5/30:  97%|█████████████████████████████████▊ | 56/58 [00:01<00:00, 31.38it/s, loss=0.0006]
                                                                                                    
  Epoch  5/30 │ Loss: 0.0016 │ T+1: 0.2797 │ T+2: 0.2193 │ T+3: -0.0054 ★ NEW BEST

  Epoch  6/30:   0%|                                                         | 0/58 [00:00<?, ?it/s]
  Epoch  6/30:   0%|                                            | 0/58 [00:00<?, ?it/s, loss=0.0019]
  Epoch  6/30:   0%|                                            | 0/58 [00:00<?, ?it/s, loss=0.0005]
  Epoch  6/30:   0%|                                            | 0/58 [00:00<?, ?it/s, loss=0.0026]
  Epoch  6/30:   0%|                                            | 0/58 [00:00<?, ?it/s, loss=0.0011]
  Epoch  6/30:   7%|██▍                                 | 4/58 [00:00<00:01, 33.30it/s, loss=0.0011]
  Epoch  6/30:   7%|██▍                                 | 4/58 [00:00<00:01, 33.30it/s, loss=0.0020]
  Epoch  6/30:   7%|██▍                                 | 4/58 [00:00<00:01, 33.30it/s, loss=0.0023]
  Epoch  6/30:   7%|██▍                                 | 4/58 [00:00<00:01, 33.30it/s, loss=0.0033]
  Epoch  6/30:   7%|██▍                                 | 4/58 [00:00<00:01, 33.30it/s, loss=0.0016]
  Epoch  6/30:  14%|████▉                               | 8/58 [00:00<00:01, 36.40it/s, loss=0.0016]
  Epoch  6/30:  14%|████▉                               | 8/58 [00:00<00:01, 36.40it/s, loss=0.0014]
  Epoch  6/30:  14%|████▉                               | 8/58 [00:00<00:01, 36.40it/s, loss=0.0031]
  Epoch  6/30:  14%|████▉                               | 8/58 [00:00<00:01, 36.40it/s, loss=0.0009]
  Epoch  6/30:  14%|████▉                               | 8/58 [00:00<00:01, 36.40it/s, loss=0.0018]
  Epoch  6/30:  21%|███████▏                           | 12/58 [00:00<00:01, 32.22it/s, loss=0.0018]
  Epoch  6/30:  21%|███████▏                           | 12/58 [00:00<00:01, 32.22it/s, loss=0.0017]
  Epoch  6/30:  21%|███████▏                           | 12/58 [00:00<00:01, 32.22it/s, loss=0.0014]
  Epoch  6/30:  21%|███████▏                           | 12/58 [00:00<00:01, 32.22it/s, loss=0.0015]
  Epoch  6/30:  21%|███████▏                           | 12/58 [00:00<00:01, 32.22it/s, loss=0.0020]
  Epoch  6/30:  28%|█████████▋                         | 16/58 [00:00<00:01, 32.87it/s, loss=0.0020]
  Epoch  6/30:  28%|█████████▋                         | 16/58 [00:00<00:01, 32.87it/s, loss=0.0011]
  Epoch  6/30:  28%|█████████▋                         | 16/58 [00:00<00:01, 32.87it/s, loss=0.0025]
  Epoch  6/30:  28%|█████████▋                         | 16/58 [00:00<00:01, 32.87it/s, loss=0.0008]
  Epoch  6/30:  28%|█████████▋                         | 16/58 [00:00<00:01, 32.87it/s, loss=0.0009]
  Epoch  6/30:  34%|████████████                       | 20/58 [00:00<00:01, 33.47it/s, loss=0.0009]
  Epoch  6/30:  34%|████████████                       | 20/58 [00:00<00:01, 33.47it/s, loss=0.0019]
  Epoch  6/30:  34%|████████████                       | 20/58 [00:00<00:01, 33.47it/s, loss=0.0006]
  Epoch  6/30:  34%|████████████                       | 20/58 [00:00<00:01, 33.47it/s, loss=0.0015]
  Epoch  6/30:  34%|████████████                       | 20/58 [00:00<00:01, 33.47it/s, loss=0.0006]
  Epoch  6/30:  41%|██████████████▍                    | 24/58 [00:00<00:00, 34.50it/s, loss=0.0006]
  Epoch  6/30:  41%|██████████████▍                    | 24/58 [00:00<00:00, 34.50it/s, loss=0.0020]
  Epoch  6/30:  41%|██████████████▍                    | 24/58 [00:00<00:00, 34.50it/s, loss=0.0006]
  Epoch  6/30:  41%|██████████████▍                    | 24/58 [00:00<00:00, 34.50it/s, loss=0.0017]
  Epoch  6/30:  41%|██████████████▍                    | 24/58 [00:00<00:00, 34.50it/s, loss=0.0028]
  Epoch  6/30:  48%|████████████████▉                  | 28/58 [00:00<00:00, 32.19it/s, loss=0.0028]
  Epoch  6/30:  48%|████████████████▉                  | 28/58 [00:00<00:00, 32.19it/s, loss=0.0009]
  Epoch  6/30:  48%|████████████████▉                  | 28/58 [00:00<00:00, 32.19it/s, loss=0.0013]
  Epoch  6/30:  48%|████████████████▉                  | 28/58 [00:00<00:00, 32.19it/s, loss=0.0025]
  Epoch  6/30:  48%|████████████████▉                  | 28/58 [00:00<00:00, 32.19it/s, loss=0.0009]
  Epoch  6/30:  55%|███████████████████▎               | 32/58 [00:00<00:00, 32.11it/s, loss=0.0009]
  Epoch  6/30:  55%|███████████████████▎               | 32/58 [00:01<00:00, 32.11it/s, loss=0.0029]
  Epoch  6/30:  55%|███████████████████▎               | 32/58 [00:01<00:00, 32.11it/s, loss=0.0010]
  Epoch  6/30:  55%|███████████████████▎               | 32/58 [00:01<00:00, 32.11it/s, loss=0.0026]
  Epoch  6/30:  55%|███████████████████▎               | 32/58 [00:01<00:00, 32.11it/s, loss=0.0013]
  Epoch  6/30:  55%|███████████████████▎               | 32/58 [00:01<00:00, 32.11it/s, loss=0.0020]
  Epoch  6/30:  64%|██████████████████████▎            | 37/58 [00:01<00:00, 35.59it/s, loss=0.0020]
  Epoch  6/30:  64%|██████████████████████▎            | 37/58 [00:01<00:00, 35.59it/s, loss=0.0020]
  Epoch  6/30:  64%|██████████████████████▎            | 37/58 [00:01<00:00, 35.59it/s, loss=0.0016]
  Epoch  6/30:  64%|██████████████████████▎            | 37/58 [00:01<00:00, 35.59it/s, loss=0.0029]
  Epoch  6/30:  64%|██████████████████████▎            | 37/58 [00:01<00:00, 35.59it/s, loss=0.0028]
  Epoch  6/30:  71%|████████████████████████▋          | 41/58 [00:01<00:00, 35.89it/s, loss=0.0028]
  Epoch  6/30:  71%|████████████████████████▋          | 41/58 [00:01<00:00, 35.89it/s, loss=0.0019]
  Epoch  6/30:  71%|████████████████████████▋          | 41/58 [00:01<00:00, 35.89it/s, loss=0.0007]
  Epoch  6/30:  71%|████████████████████████▋          | 41/58 [00:01<00:00, 35.89it/s, loss=0.0018]
  Epoch  6/30:  71%|████████████████████████▋          | 41/58 [00:01<00:00, 35.89it/s, loss=0.0010]
  Epoch  6/30:  78%|███████████████████████████▏       | 45/58 [00:01<00:00, 36.46it/s, loss=0.0010]
  Epoch  6/30:  78%|███████████████████████████▏       | 45/58 [00:01<00:00, 36.46it/s, loss=0.0010]
  Epoch  6/30:  78%|███████████████████████████▏       | 45/58 [00:01<00:00, 36.46it/s, loss=0.0009]
  Epoch  6/30:  78%|███████████████████████████▏       | 45/58 [00:01<00:00, 36.46it/s, loss=0.0010]
  Epoch  6/30:  78%|███████████████████████████▏       | 45/58 [00:01<00:00, 36.46it/s, loss=0.0017]
  Epoch  6/30:  84%|█████████████████████████████▌     | 49/58 [00:01<00:00, 36.20it/s, loss=0.0017]
  Epoch  6/30:  84%|█████████████████████████████▌     | 49/58 [00:01<00:00, 36.20it/s, loss=0.0011]
  Epoch  6/30:  84%|█████████████████████████████▌     | 49/58 [00:01<00:00, 36.20it/s, loss=0.0015]
  Epoch  6/30:  84%|█████████████████████████████▌     | 49/58 [00:01<00:00, 36.20it/s, loss=0.0007]
  Epoch  6/30:  84%|█████████████████████████████▌     | 49/58 [00:01<00:00, 36.20it/s, loss=0.0009]
  Epoch  6/30:  91%|███████████████████████████████▉   | 53/58 [00:01<00:00, 29.10it/s, loss=0.0009]
  Epoch  6/30:  91%|███████████████████████████████▉   | 53/58 [00:01<00:00, 29.10it/s, loss=0.0024]
  Epoch  6/30:  91%|███████████████████████████████▉   | 53/58 [00:01<00:00, 29.10it/s, loss=0.0008]
  Epoch  6/30:  91%|███████████████████████████████▉   | 53/58 [00:01<00:00, 29.10it/s, loss=0.0015]
  Epoch  6/30:  91%|███████████████████████████████▉   | 53/58 [00:01<00:00, 29.10it/s, loss=0.0015]
  Epoch  6/30:  91%|███████████████████████████████▉   | 53/58 [00:01<00:00, 29.10it/s, loss=0.0023]
  Epoch  6/30: 100%|███████████████████████████████████| 58/58 [00:01<00:00, 32.86it/s, loss=0.0023]
                                                                                                    

  Epoch  7/30:   0%|                                                         | 0/58 [00:00<?, ?it/s]
  Epoch  7/30:   0%|                                            | 0/58 [00:00<?, ?it/s, loss=0.0006]
  Epoch  7/30:   0%|                                            | 0/58 [00:00<?, ?it/s, loss=0.0016]
  Epoch  7/30:   0%|                                            | 0/58 [00:00<?, ?it/s, loss=0.0011]
  Epoch  7/30:   0%|                                            | 0/58 [00:00<?, ?it/s, loss=0.0008]
  Epoch  7/30:   7%|██▍                                 | 4/58 [00:00<00:01, 34.25it/s, loss=0.0008]
  Epoch  7/30:   7%|██▍                                 | 4/58 [00:00<00:01, 34.25it/s, loss=0.0021]
  Epoch  7/30:   7%|██▍                                 | 4/58 [00:00<00:01, 34.25it/s, loss=0.0009]
  Epoch  7/30:   7%|██▍                                 | 4/58 [00:00<00:01, 34.25it/s, loss=0.0014]
  Epoch  7/30:   7%|██▍                                 | 4/58 [00:00<00:01, 34.25it/s, loss=0.0015]
  Epoch  7/30:  14%|████▉                               | 8/58 [00:00<00:01, 35.51it/s, loss=0.0015]
  Epoch  7/30:  14%|████▉                               | 8/58 [00:00<00:01, 35.51it/s, loss=0.0009]
  Epoch  7/30:  14%|████▉                               | 8/58 [00:00<00:01, 35.51it/s, loss=0.0013]
  Epoch  7/30:  14%|████▉                               | 8/58 [00:00<00:01, 35.51it/s, loss=0.0026]
  Epoch  7/30:  14%|████▉                               | 8/58 [00:00<00:01, 35.51it/s, loss=0.0007]
  Epoch  7/30:  21%|███████▏                           | 12/58 [00:00<00:01, 35.21it/s, loss=0.0007]
  Epoch  7/30:  21%|███████▏                           | 12/58 [00:00<00:01, 35.21it/s, loss=0.0019]
  Epoch  7/30:  21%|███████▏                           | 12/58 [00:00<00:01, 35.21it/s, loss=0.0017]
  Epoch  7/30:  21%|███████▏                           | 12/58 [00:00<00:01, 35.21it/s, loss=0.0016]
  Epoch  7/30:  21%|███████▏                           | 12/58 [00:00<00:01, 35.21it/s, loss=0.0019]
  Epoch  7/30:  28%|█████████▋                         | 16/58 [00:00<00:01, 36.85it/s, loss=0.0019]
  Epoch  7/30:  28%|█████████▋                         | 16/58 [00:00<00:01, 36.85it/s, loss=0.0016]
  Epoch  7/30:  28%|█████████▋                         | 16/58 [00:00<00:01, 36.85it/s, loss=0.0012]
  Epoch  7/30:  28%|█████████▋                         | 16/58 [00:00<00:01, 36.85it/s, loss=0.0013]
  Epoch  7/30:  28%|█████████▋                         | 16/58 [00:00<00:01, 36.85it/s, loss=0.0015]
  Epoch  7/30:  34%|████████████                       | 20/58 [00:00<00:01, 37.50it/s, loss=0.0015]
  Epoch  7/30:  34%|████████████                       | 20/58 [00:00<00:01, 37.50it/s, loss=0.0009]
  Epoch  7/30:  34%|████████████                       | 20/58 [00:00<00:01, 37.50it/s, loss=0.0008]
  Epoch  7/30:  34%|████████████                       | 20/58 [00:00<00:01, 37.50it/s, loss=0.0025]
  Epoch  7/30:  34%|████████████                       | 20/58 [00:00<00:01, 37.50it/s, loss=0.0009]
  Epoch  7/30:  41%|██████████████▍                    | 24/58 [00:00<00:00, 37.42it/s, loss=0.0009]
  Epoch  7/30:  41%|██████████████▍                    | 24/58 [00:00<00:00, 37.42it/s, loss=0.0033]
  Epoch  7/30:  41%|██████████████▍                    | 24/58 [00:00<00:00, 37.42it/s, loss=0.0014]
  Epoch  7/30:  41%|██████████████▍                    | 24/58 [00:00<00:00, 37.42it/s, loss=0.0040]
  Epoch  7/30:  41%|██████████████▍                    | 24/58 [00:00<00:00, 37.42it/s, loss=0.0011]
  Epoch  7/30:  48%|████████████████▉                  | 28/58 [00:00<00:00, 37.94it/s, loss=0.0011]
  Epoch  7/30:  48%|████████████████▉                  | 28/58 [00:00<00:00, 37.94it/s, loss=0.0027]
  Epoch  7/30:  48%|████████████████▉                  | 28/58 [00:00<00:00, 37.94it/s, loss=0.0018]
  Epoch  7/30:  48%|████████████████▉                  | 28/58 [00:00<00:00, 37.94it/s, loss=0.0009]
  Epoch  7/30:  48%|████████████████▉                  | 28/58 [00:00<00:00, 37.94it/s, loss=0.0010]
  Epoch  7/30:  55%|███████████████████▎               | 32/58 [00:00<00:00, 38.01it/s, loss=0.0010]
  Epoch  7/30:  55%|███████████████████▎               | 32/58 [00:00<00:00, 38.01it/s, loss=0.0013]
  Epoch  7/30:  55%|███████████████████▎               | 32/58 [00:00<00:00, 38.01it/s, loss=0.0019]
  Epoch  7/30:  55%|███████████████████▎               | 32/58 [00:00<00:00, 38.01it/s, loss=0.0035]
  Epoch  7/30:  55%|███████████████████▎               | 32/58 [00:00<00:00, 38.01it/s, loss=0.0014]
  Epoch  7/30:  62%|█████████████████████▋             | 36/58 [00:00<00:00, 38.25it/s, loss=0.0014]
  Epoch  7/30:  62%|█████████████████████▋             | 36/58 [00:00<00:00, 38.25it/s, loss=0.0015]
  Epoch  7/30:  62%|█████████████████████▋             | 36/58 [00:01<00:00, 38.25it/s, loss=0.0018]
  Epoch  7/30:  62%|█████████████████████▋             | 36/58 [00:01<00:00, 38.25it/s, loss=0.0011]
  Epoch  7/30:  62%|█████████████████████▋             | 36/58 [00:01<00:00, 38.25it/s, loss=0.0010]
  Epoch  7/30:  69%|████████████████████████▏          | 40/58 [00:01<00:00, 38.51it/s, loss=0.0010]
  Epoch  7/30:  69%|████████████████████████▏          | 40/58 [00:01<00:00, 38.51it/s, loss=0.0027]
  Epoch  7/30:  69%|████████████████████████▏          | 40/58 [00:01<00:00, 38.51it/s, loss=0.0015]
  Epoch  7/30:  69%|████████████████████████▏          | 40/58 [00:01<00:00, 38.51it/s, loss=0.0012]
  Epoch  7/30:  69%|████████████████████████▏          | 40/58 [00:01<00:00, 38.51it/s, loss=0.0028]
  Epoch  7/30:  76%|██████████████████████████▌        | 44/58 [00:01<00:00, 37.88it/s, loss=0.0028]
  Epoch  7/30:  76%|██████████████████████████▌        | 44/58 [00:01<00:00, 37.88it/s, loss=0.0007]
  Epoch  7/30:  76%|██████████████████████████▌        | 44/58 [00:01<00:00, 37.88it/s, loss=0.0008]
  Epoch  7/30:  76%|██████████████████████████▌        | 44/58 [00:01<00:00, 37.88it/s, loss=0.0009]
  Epoch  7/30:  76%|██████████████████████████▌        | 44/58 [00:01<00:00, 37.88it/s, loss=0.0008]
  Epoch  7/30:  83%|████████████████████████████▉      | 48/58 [00:01<00:00, 37.77it/s, loss=0.0008]
  Epoch  7/30:  83%|████████████████████████████▉      | 48/58 [00:01<00:00, 37.77it/s, loss=0.0008]
  Epoch  7/30:  83%|████████████████████████████▉      | 48/58 [00:01<00:00, 37.77it/s, loss=0.0020]
  Epoch  7/30:  83%|████████████████████████████▉      | 48/58 [00:01<00:00, 37.77it/s, loss=0.0013]
  Epoch  7/30:  83%|████████████████████████████▉      | 48/58 [00:01<00:00, 37.77it/s, loss=0.0012]
  Epoch  7/30:  90%|███████████████████████████████▍   | 52/58 [00:01<00:00, 37.39it/s, loss=0.0012]
  Epoch  7/30:  90%|███████████████████████████████▍   | 52/58 [00:01<00:00, 37.39it/s, loss=0.0023]
  Epoch  7/30:  90%|███████████████████████████████▍   | 52/58 [00:01<00:00, 37.39it/s, loss=0.0009]
  Epoch  7/30:  90%|███████████████████████████████▍   | 52/58 [00:01<00:00, 37.39it/s, loss=0.0014]
  Epoch  7/30:  90%|███████████████████████████████▍   | 52/58 [00:01<00:00, 37.39it/s, loss=0.0029]
  Epoch  7/30:  97%|█████████████████████████████████▊ | 56/58 [00:01<00:00, 37.93it/s, loss=0.0029]
  Epoch  7/30:  97%|█████████████████████████████████▊ | 56/58 [00:01<00:00, 37.93it/s, loss=0.0023]
  Epoch  7/30:  97%|█████████████████████████████████▊ | 56/58 [00:01<00:00, 37.93it/s, loss=0.0010]
                                                                                                    

  Epoch  8/30:   0%|                                                         | 0/58 [00:00<?, ?it/s]
  Epoch  8/30:   0%|                                            | 0/58 [00:00<?, ?it/s, loss=0.0007]
  Epoch  8/30:   0%|                                            | 0/58 [00:00<?, ?it/s, loss=0.0011]
  Epoch  8/30:   0%|                                            | 0/58 [00:00<?, ?it/s, loss=0.0010]
  Epoch  8/30:   0%|                                            | 0/58 [00:00<?, ?it/s, loss=0.0012]
  Epoch  8/30:   7%|██▍                                 | 4/58 [00:00<00:01, 37.41it/s, loss=0.0012]
  Epoch  8/30:   7%|██▍                                 | 4/58 [00:00<00:01, 37.41it/s, loss=0.0041]
  Epoch  8/30:   7%|██▍                                 | 4/58 [00:00<00:01, 37.41it/s, loss=0.0010]
  Epoch  8/30:   7%|██▍                                 | 4/58 [00:00<00:01, 37.41it/s, loss=0.0010]
  Epoch  8/30:   7%|██▍                                 | 4/58 [00:00<00:01, 37.41it/s, loss=0.0024]
  Epoch  8/30:  14%|████▉                               | 8/58 [00:00<00:01, 35.88it/s, loss=0.0024]
  Epoch  8/30:  14%|████▉                               | 8/58 [00:00<00:01, 35.88it/s, loss=0.0029]
  Epoch  8/30:  14%|████▉                               | 8/58 [00:00<00:01, 35.88it/s, loss=0.0016]
  Epoch  8/30:  14%|████▉                               | 8/58 [00:00<00:01, 35.88it/s, loss=0.0025]
  Epoch  8/30:  14%|████▉                               | 8/58 [00:00<00:01, 35.88it/s, loss=0.0019]
  Epoch  8/30:  14%|████▉                               | 8/58 [00:00<00:01, 35.88it/s, loss=0.0013]
  Epoch  8/30:  22%|███████▊                           | 13/58 [00:00<00:01, 37.73it/s, loss=0.0013]
  Epoch  8/30:  22%|███████▊                           | 13/58 [00:00<00:01, 37.73it/s, loss=0.0020]
  Epoch  8/30:  22%|███████▊                           | 13/58 [00:00<00:01, 37.73it/s, loss=0.0007]
  Epoch  8/30:  22%|███████▊                           | 13/58 [00:00<00:01, 37.73it/s, loss=0.0008]
  Epoch  8/30:  22%|███████▊                           | 13/58 [00:00<00:01, 37.73it/s, loss=0.0017]
  Epoch  8/30:  22%|███████▊                           | 13/58 [00:00<00:01, 37.73it/s, loss=0.0010]
  Epoch  8/30:  31%|██████████▊                        | 18/58 [00:00<00:00, 40.13it/s, loss=0.0010]
  Epoch  8/30:  31%|██████████▊                        | 18/58 [00:00<00:00, 40.13it/s, loss=0.0022]
  Epoch  8/30:  31%|██████████▊                        | 18/58 [00:00<00:00, 40.13it/s, loss=0.0013]
  Epoch  8/30:  31%|██████████▊                        | 18/58 [00:00<00:00, 40.13it/s, loss=0.0012]
  Epoch  8/30:  31%|██████████▊                        | 18/58 [00:00<00:00, 40.13it/s, loss=0.0012]
  Epoch  8/30:  31%|██████████▊                        | 18/58 [00:00<00:00, 40.13it/s, loss=0.0006]
  Epoch  8/30:  40%|█████████████▉                     | 23/58 [00:00<00:00, 39.30it/s, loss=0.0006]
  Epoch  8/30:  40%|█████████████▉                     | 23/58 [00:00<00:00, 39.30it/s, loss=0.0013]
  Epoch  8/30:  40%|█████████████▉                     | 23/58 [00:00<00:00, 39.30it/s, loss=0.0022]
  Epoch  8/30:  40%|█████████████▉                     | 23/58 [00:00<00:00, 39.30it/s, loss=0.0028]
  Epoch  8/30:  40%|█████████████▉                     | 23/58 [00:00<00:00, 39.30it/s, loss=0.0017]
  Epoch  8/30:  40%|█████████████▉                     | 23/58 [00:00<00:00, 39.30it/s, loss=0.0012]
  Epoch  8/30:  48%|████████████████▉                  | 28/58 [00:00<00:00, 39.00it/s, loss=0.0012]
  Epoch  8/30:  48%|████████████████▉                  | 28/58 [00:00<00:00, 39.00it/s, loss=0.0024]
  Epoch  8/30:  48%|████████████████▉                  | 28/58 [00:00<00:00, 39.00it/s, loss=0.0007]
  Epoch  8/30:  48%|████████████████▉                  | 28/58 [00:00<00:00, 39.00it/s, loss=0.0007]
  Epoch  8/30:  48%|████████████████▉                  | 28/58 [00:00<00:00, 39.00it/s, loss=0.0009]
  Epoch  8/30:  55%|███████████████████▎               | 32/58 [00:00<00:00, 35.12it/s, loss=0.0009]
  Epoch  8/30:  55%|███████████████████▎               | 32/58 [00:00<00:00, 35.12it/s, loss=0.0019]
  Epoch  8/30:  55%|███████████████████▎               | 32/58 [00:00<00:00, 35.12it/s, loss=0.0018]
  Epoch  8/30:  55%|███████████████████▎               | 32/58 [00:00<00:00, 35.12it/s, loss=0.0009]
  Epoch  8/30:  55%|███████████████████▎               | 32/58 [00:00<00:00, 35.12it/s, loss=0.0005]
  Epoch  8/30:  62%|█████████████████████▋             | 36/58 [00:00<00:00, 33.83it/s, loss=0.0005]
  Epoch  8/30:  62%|█████████████████████▋             | 36/58 [00:01<00:00, 33.83it/s, loss=0.0019]
  Epoch  8/30:  62%|█████████████████████▋             | 36/58 [00:01<00:00, 33.83it/s, loss=0.0015]
  Epoch  8/30:  62%|█████████████████████▋             | 36/58 [00:01<00:00, 33.83it/s, loss=0.0018]
  Epoch  8/30:  62%|█████████████████████▋             | 36/58 [00:01<00:00, 33.83it/s, loss=0.0013]
  Epoch  8/30:  69%|████████████████████████▏          | 40/58 [00:01<00:00, 32.63it/s, loss=0.0013]
  Epoch  8/30:  69%|████████████████████████▏          | 40/58 [00:01<00:00, 32.63it/s, loss=0.0014]
  Epoch  8/30:  69%|████████████████████████▏          | 40/58 [00:01<00:00, 32.63it/s, loss=0.0009]
  Epoch  8/30:  69%|████████████████████████▏          | 40/58 [00:01<00:00, 32.63it/s, loss=0.0029]
  Epoch  8/30:  69%|████████████████████████▏          | 40/58 [00:01<00:00, 32.63it/s, loss=0.0025]
  Epoch  8/30:  76%|██████████████████████████▌        | 44/58 [00:01<00:00, 32.96it/s, loss=0.0025]
  Epoch  8/30:  76%|██████████████████████████▌        | 44/58 [00:01<00:00, 32.96it/s, loss=0.0008]
  Epoch  8/30:  76%|██████████████████████████▌        | 44/58 [00:01<00:00, 32.96it/s, loss=0.0008]
  Epoch  8/30:  76%|██████████████████████████▌        | 44/58 [00:01<00:00, 32.96it/s, loss=0.0023]
  Epoch  8/30:  76%|██████████████████████████▌        | 44/58 [00:01<00:00, 32.96it/s, loss=0.0016]
  Epoch  8/30:  83%|████████████████████████████▉      | 48/58 [00:01<00:00, 32.93it/s, loss=0.0016]
  Epoch  8/30:  83%|████████████████████████████▉      | 48/58 [00:01<00:00, 32.93it/s, loss=0.0025]
  Epoch  8/30:  83%|████████████████████████████▉      | 48/58 [00:01<00:00, 32.93it/s, loss=0.0006]
  Epoch  8/30:  83%|████████████████████████████▉      | 48/58 [00:01<00:00, 32.93it/s, loss=0.0009]
  Epoch  8/30:  83%|████████████████████████████▉      | 48/58 [00:01<00:00, 32.93it/s, loss=0.0010]
  Epoch  8/30:  90%|███████████████████████████████▍   | 52/58 [00:01<00:00, 33.02it/s, loss=0.0010]
  Epoch  8/30:  90%|███████████████████████████████▍   | 52/58 [00:01<00:00, 33.02it/s, loss=0.0008]
  Epoch  8/30:  90%|███████████████████████████████▍   | 52/58 [00:01<00:00, 33.02it/s, loss=0.0031]
  Epoch  8/30:  90%|███████████████████████████████▍   | 52/58 [00:01<00:00, 33.02it/s, loss=0.0012]
  Epoch  8/30:  90%|███████████████████████████████▍   | 52/58 [00:01<00:00, 33.02it/s, loss=0.0011]
  Epoch  8/30:  97%|█████████████████████████████████▊ | 56/58 [00:01<00:00, 32.89it/s, loss=0.0011]
  Epoch  8/30:  97%|█████████████████████████████████▊ | 56/58 [00:01<00:00, 32.89it/s, loss=0.0019]
  Epoch  8/30:  97%|█████████████████████████████████▊ | 56/58 [00:01<00:00, 32.89it/s, loss=0.0004]
                                                                                                    

  Epoch  9/30:   0%|                                                         | 0/58 [00:00<?, ?it/s]
  Epoch  9/30:   0%|                                            | 0/58 [00:00<?, ?it/s, loss=0.0014]
  Epoch  9/30:   0%|                                            | 0/58 [00:00<?, ?it/s, loss=0.0014]
  Epoch  9/30:   0%|                                            | 0/58 [00:00<?, ?it/s, loss=0.0010]
  Epoch  9/30:   0%|                                            | 0/58 [00:00<?, ?it/s, loss=0.0016]
  Epoch  9/30:   7%|██▍                                 | 4/58 [00:00<00:01, 36.17it/s, loss=0.0016]
  Epoch  9/30:   7%|██▍                                 | 4/58 [00:00<00:01, 36.17it/s, loss=0.0012]
  Epoch  9/30:   7%|██▍                                 | 4/58 [00:00<00:01, 36.17it/s, loss=0.0012]
  Epoch  9/30:   7%|██▍                                 | 4/58 [00:00<00:01, 36.17it/s, loss=0.0008]
  Epoch  9/30:   7%|██▍                                 | 4/58 [00:00<00:01, 36.17it/s, loss=0.0022]
  Epoch  9/30:  14%|████▉                               | 8/58 [00:00<00:01, 29.20it/s, loss=0.0022]
  Epoch  9/30:  14%|████▉                               | 8/58 [00:00<00:01, 29.20it/s, loss=0.0015]
  Epoch  9/30:  14%|████▉                               | 8/58 [00:00<00:01, 29.20it/s, loss=0.0026]
  Epoch  9/30:  14%|████▉                               | 8/58 [00:00<00:01, 29.20it/s, loss=0.0023]
  Epoch  9/30:  14%|████▉                               | 8/58 [00:00<00:01, 29.20it/s, loss=0.0036]
  Epoch  9/30:  21%|███████▏                           | 12/58 [00:00<00:01, 23.64it/s, loss=0.0036]
  Epoch  9/30:  21%|███████▏                           | 12/58 [00:00<00:01, 23.64it/s, loss=0.0017]
  Epoch  9/30:  21%|███████▏                           | 12/58 [00:00<00:01, 23.64it/s, loss=0.0010]
  Epoch  9/30:  21%|███████▏                           | 12/58 [00:00<00:01, 23.64it/s, loss=0.0010]
  Epoch  9/30:  26%|█████████                          | 15/58 [00:00<00:01, 24.03it/s, loss=0.0010]
  Epoch  9/30:  26%|█████████                          | 15/58 [00:00<00:01, 24.03it/s, loss=0.0011]
  Epoch  9/30:  26%|█████████                          | 15/58 [00:00<00:01, 24.03it/s, loss=0.0009]
  Epoch  9/30:  26%|█████████                          | 15/58 [00:00<00:01, 24.03it/s, loss=0.0011]
  Epoch  9/30:  31%|██████████▊                        | 18/58 [00:00<00:01, 25.18it/s, loss=0.0011]
  Epoch  9/30:  31%|██████████▊                        | 18/58 [00:00<00:01, 25.18it/s, loss=0.0023]
  Epoch  9/30:  31%|██████████▊                        | 18/58 [00:00<00:01, 25.18it/s, loss=0.0006]
  Epoch  9/30:  31%|██████████▊                        | 18/58 [00:00<00:01, 25.18it/s, loss=0.0007]
  Epoch  9/30:  36%|████████████▋                      | 21/58 [00:00<00:01, 25.46it/s, loss=0.0007]
  Epoch  9/30:  36%|████████████▋                      | 21/58 [00:00<00:01, 25.46it/s, loss=0.0011]
  Epoch  9/30:  36%|████████████▋                      | 21/58 [00:00<00:01, 25.46it/s, loss=0.0028]
  Epoch  9/30:  36%|████████████▋                      | 21/58 [00:00<00:01, 25.46it/s, loss=0.0012]
  Epoch  9/30:  41%|██████████████▍                    | 24/58 [00:00<00:01, 26.28it/s, loss=0.0012]
  Epoch  9/30:  41%|██████████████▍                    | 24/58 [00:00<00:01, 26.28it/s, loss=0.0021]
  Epoch  9/30:  41%|██████████████▍                    | 24/58 [00:00<00:01, 26.28it/s, loss=0.0015]
  Epoch  9/30:  41%|██████████████▍                    | 24/58 [00:01<00:01, 26.28it/s, loss=0.0012]
  Epoch  9/30:  47%|████████████████▎                  | 27/58 [00:01<00:01, 27.06it/s, loss=0.0012]
  Epoch  9/30:  47%|████████████████▎                  | 27/58 [00:01<00:01, 27.06it/s, loss=0.0012]
  Epoch  9/30:  47%|████████████████▎                  | 27/58 [00:01<00:01, 27.06it/s, loss=0.0012]
  Epoch  9/30:  47%|████████████████▎                  | 27/58 [00:01<00:01, 27.06it/s, loss=0.0018]
  Epoch  9/30:  52%|██████████████████                 | 30/58 [00:01<00:01, 27.54it/s, loss=0.0018]
  Epoch  9/30:  52%|██████████████████                 | 30/58 [00:01<00:01, 27.54it/s, loss=0.0022]
  Epoch  9/30:  52%|██████████████████                 | 30/58 [00:01<00:01, 27.54it/s, loss=0.0005]
  Epoch  9/30:  52%|██████████████████                 | 30/58 [00:01<00:01, 27.54it/s, loss=0.0033]
  Epoch  9/30:  57%|███████████████████▉               | 33/58 [00:01<00:00, 28.21it/s, loss=0.0033]
  Epoch  9/30:  57%|███████████████████▉               | 33/58 [00:01<00:00, 28.21it/s, loss=0.0023]
  Epoch  9/30:  57%|███████████████████▉               | 33/58 [00:01<00:00, 28.21it/s, loss=0.0007]
  Epoch  9/30:  57%|███████████████████▉               | 33/58 [00:01<00:00, 28.21it/s, loss=0.0017]
  Epoch  9/30:  62%|█████████████████████▋             | 36/58 [00:01<00:00, 28.12it/s, loss=0.0017]
  Epoch  9/30:  62%|█████████████████████▋             | 36/58 [00:01<00:00, 28.12it/s, loss=0.0013]
  Epoch  9/30:  62%|█████████████████████▋             | 36/58 [00:01<00:00, 28.12it/s, loss=0.0007]
  Epoch  9/30:  62%|█████████████████████▋             | 36/58 [00:01<00:00, 28.12it/s, loss=0.0004]
  Epoch  9/30:  62%|█████████████████████▋             | 36/58 [00:01<00:00, 28.12it/s, loss=0.0008]
  Epoch  9/30:  69%|████████████████████████▏          | 40/58 [00:01<00:00, 28.95it/s, loss=0.0008]
  Epoch  9/30:  69%|████████████████████████▏          | 40/58 [00:01<00:00, 28.95it/s, loss=0.0010]
  Epoch  9/30:  69%|████████████████████████▏          | 40/58 [00:01<00:00, 28.95it/s, loss=0.0006]
  Epoch  9/30:  69%|████████████████████████▏          | 40/58 [00:01<00:00, 28.95it/s, loss=0.0021]
  Epoch  9/30:  74%|█████████████████████████▉         | 43/58 [00:01<00:00, 28.46it/s, loss=0.0021]
  Epoch  9/30:  74%|█████████████████████████▉         | 43/58 [00:01<00:00, 28.46it/s, loss=0.0016]
  Epoch  9/30:  74%|█████████████████████████▉         | 43/58 [00:01<00:00, 28.46it/s, loss=0.0009]
  Epoch  9/30:  74%|█████████████████████████▉         | 43/58 [00:01<00:00, 28.46it/s, loss=0.0012]
  Epoch  9/30:  74%|█████████████████████████▉         | 43/58 [00:01<00:00, 28.46it/s, loss=0.0014]
  Epoch  9/30:  81%|████████████████████████████▎      | 47/58 [00:01<00:00, 29.49it/s, loss=0.0014]
  Epoch  9/30:  81%|████████████████████████████▎      | 47/58 [00:01<00:00, 29.49it/s, loss=0.0015]
  Epoch  9/30:  81%|████████████████████████████▎      | 47/58 [00:01<00:00, 29.49it/s, loss=0.0007]
  Epoch  9/30:  81%|████████████████████████████▎      | 47/58 [00:01<00:00, 29.49it/s, loss=0.0016]
  Epoch  9/30:  81%|████████████████████████████▎      | 47/58 [00:01<00:00, 29.49it/s, loss=0.0004]
  Epoch  9/30:  88%|██████████████████████████████▊    | 51/58 [00:01<00:00, 29.58it/s, loss=0.0004]
  Epoch  9/30:  88%|██████████████████████████████▊    | 51/58 [00:01<00:00, 29.58it/s, loss=0.0018]
  Epoch  9/30:  88%|██████████████████████████████▊    | 51/58 [00:01<00:00, 29.58it/s, loss=0.0004]
  Epoch  9/30:  88%|██████████████████████████████▊    | 51/58 [00:01<00:00, 29.58it/s, loss=0.0007]
  Epoch  9/30:  93%|████████████████████████████████▌  | 54/58 [00:01<00:00, 28.76it/s, loss=0.0007]
  Epoch  9/30:  93%|████████████████████████████████▌  | 54/58 [00:01<00:00, 28.76it/s, loss=0.0026]
  Epoch  9/30:  93%|████████████████████████████████▌  | 54/58 [00:02<00:00, 28.76it/s, loss=0.0030]
  Epoch  9/30:  93%|████████████████████████████████▌  | 54/58 [00:02<00:00, 28.76it/s, loss=0.0037]
  Epoch  9/30:  98%|██████████████████████████████████▍| 57/58 [00:02<00:00, 28.62it/s, loss=0.0037]
  Epoch  9/30:  98%|██████████████████████████████████▍| 57/58 [00:02<00:00, 28.62it/s, loss=0.0011]
                                                                                                    

  Epoch 10/30:   0%|                                                         | 0/58 [00:00<?, ?it/s]
  Epoch 10/30:   0%|                                            | 0/58 [00:00<?, ?it/s, loss=0.0015]
  Epoch 10/30:   0%|                                            | 0/58 [00:00<?, ?it/s, loss=0.0012]
  Epoch 10/30:   0%|                                            | 0/58 [00:00<?, ?it/s, loss=0.0012]
  Epoch 10/30:   0%|                                            | 0/58 [00:00<?, ?it/s, loss=0.0020]
  Epoch 10/30:   7%|██▍                                 | 4/58 [00:00<00:01, 31.46it/s, loss=0.0020]
  Epoch 10/30:   7%|██▍                                 | 4/58 [00:00<00:01, 31.46it/s, loss=0.0014]
  Epoch 10/30:   7%|██▍                                 | 4/58 [00:00<00:01, 31.46it/s, loss=0.0006]
  Epoch 10/30:   7%|██▍                                 | 4/58 [00:00<00:01, 31.46it/s, loss=0.0004]
  Epoch 10/30:   7%|██▍                                 | 4/58 [00:00<00:01, 31.46it/s, loss=0.0009]
  Epoch 10/30:  14%|████▉                               | 8/58 [00:00<00:01, 30.07it/s, loss=0.0009]
  Epoch 10/30:  14%|████▉                               | 8/58 [00:00<00:01, 30.07it/s, loss=0.0008]
  Epoch 10/30:  14%|████▉                               | 8/58 [00:00<00:01, 30.07it/s, loss=0.0014]
  Epoch 10/30:  14%|████▉                               | 8/58 [00:00<00:01, 30.07it/s, loss=0.0019]
  Epoch 10/30:  14%|████▉                               | 8/58 [00:00<00:01, 30.07it/s, loss=0.0016]
  Epoch 10/30:  21%|███████▏                           | 12/58 [00:00<00:01, 30.35it/s, loss=0.0016]
  Epoch 10/30:  21%|███████▏                           | 12/58 [00:00<00:01, 30.35it/s, loss=0.0016]
  Epoch 10/30:  21%|███████▏                           | 12/58 [00:00<00:01, 30.35it/s, loss=0.0005]
  Epoch 10/30:  21%|███████▏                           | 12/58 [00:00<00:01, 30.35it/s, loss=0.0026]
  Epoch 10/30:  21%|███████▏                           | 12/58 [00:00<00:01, 30.35it/s, loss=0.0021]
  Epoch 10/30:  28%|█████████▋                         | 16/58 [00:00<00:01, 30.57it/s, loss=0.0021]
  Epoch 10/30:  28%|█████████▋                         | 16/58 [00:00<00:01, 30.57it/s, loss=0.0005]
  Epoch 10/30:  28%|█████████▋                         | 16/58 [00:00<00:01, 30.57it/s, loss=0.0017]
  Epoch 10/30:  28%|█████████▋                         | 16/58 [00:00<00:01, 30.57it/s, loss=0.0019]
  Epoch 10/30:  28%|█████████▋                         | 16/58 [00:00<00:01, 30.57it/s, loss=0.0014]
  Epoch 10/30:  34%|████████████                       | 20/58 [00:00<00:01, 30.58it/s, loss=0.0014]
  Epoch 10/30:  34%|████████████                       | 20/58 [00:00<00:01, 30.58it/s, loss=0.0013]
  Epoch 10/30:  34%|████████████                       | 20/58 [00:00<00:01, 30.58it/s, loss=0.0026]
  Epoch 10/30:  34%|████████████                       | 20/58 [00:00<00:01, 30.58it/s, loss=0.0021]
  Epoch 10/30:  34%|████████████                       | 20/58 [00:00<00:01, 30.58it/s, loss=0.0005]
  Epoch 10/30:  41%|██████████████▍                    | 24/58 [00:00<00:01, 30.60it/s, loss=0.0005]
  Epoch 10/30:  41%|██████████████▍                    | 24/58 [00:00<00:01, 30.60it/s, loss=0.0007]
  Epoch 10/30:  41%|██████████████▍                    | 24/58 [00:00<00:01, 30.60it/s, loss=0.0010]
  Epoch 10/30:  41%|██████████████▍                    | 24/58 [00:00<00:01, 30.60it/s, loss=0.0010]
  Epoch 10/30:  41%|██████████████▍                    | 24/58 [00:00<00:01, 30.60it/s, loss=0.0021]
  Epoch 10/30:  48%|████████████████▉                  | 28/58 [00:00<00:00, 30.19it/s, loss=0.0021]
  Epoch 10/30:  48%|████████████████▉                  | 28/58 [00:00<00:00, 30.19it/s, loss=0.0012]
  Epoch 10/30:  48%|████████████████▉                  | 28/58 [00:00<00:00, 30.19it/s, loss=0.0037]
  Epoch 10/30:  48%|████████████████▉                  | 28/58 [00:01<00:00, 30.19it/s, loss=0.0019]
  Epoch 10/30:  48%|████████████████▉                  | 28/58 [00:01<00:00, 30.19it/s, loss=0.0015]
  Epoch 10/30:  55%|███████████████████▎               | 32/58 [00:01<00:00, 29.29it/s, loss=0.0015]
  Epoch 10/30:  55%|███████████████████▎               | 32/58 [00:01<00:00, 29.29it/s, loss=0.0016]
  Epoch 10/30:  55%|███████████████████▎               | 32/58 [00:01<00:00, 29.29it/s, loss=0.0006]
  Epoch 10/30:  55%|███████████████████▎               | 32/58 [00:01<00:00, 29.29it/s, loss=0.0020]
  Epoch 10/30:  55%|███████████████████▎               | 32/58 [00:01<00:00, 29.29it/s, loss=0.0007]
  Epoch 10/30:  62%|█████████████████████▋             | 36/58 [00:01<00:00, 29.17it/s, loss=0.0007]
  Epoch 10/30:  62%|█████████████████████▋             | 36/58 [00:01<00:00, 29.17it/s, loss=0.0019]
  Epoch 10/30:  62%|█████████████████████▋             | 36/58 [00:01<00:00, 29.17it/s, loss=0.0007]
  Epoch 10/30:  62%|█████████████████████▋             | 36/58 [00:01<00:00, 29.17it/s, loss=0.0008]
  Epoch 10/30:  67%|███████████████████████▌           | 39/58 [00:01<00:00, 28.16it/s, loss=0.0008]
  Epoch 10/30:  67%|███████████████████████▌           | 39/58 [00:01<00:00, 28.16it/s, loss=0.0016]
  Epoch 10/30:  67%|███████████████████████▌           | 39/58 [00:01<00:00, 28.16it/s, loss=0.0026]
  Epoch 10/30:  67%|███████████████████████▌           | 39/58 [00:01<00:00, 28.16it/s, loss=0.0013]
  Epoch 10/30:  72%|█████████████████████████▎         | 42/58 [00:01<00:00, 27.71it/s, loss=0.0013]
  Epoch 10/30:  72%|█████████████████████████▎         | 42/58 [00:01<00:00, 27.71it/s, loss=0.0017]
  Epoch 10/30:  72%|█████████████████████████▎         | 42/58 [00:01<00:00, 27.71it/s, loss=0.0011]
  Epoch 10/30:  72%|█████████████████████████▎         | 42/58 [00:01<00:00, 27.71it/s, loss=0.0036]
  Epoch 10/30:  78%|███████████████████████████▏       | 45/58 [00:01<00:00, 27.06it/s, loss=0.0036]
  Epoch 10/30:  78%|███████████████████████████▏       | 45/58 [00:01<00:00, 27.06it/s, loss=0.0015]
  Epoch 10/30:  78%|███████████████████████████▏       | 45/58 [00:01<00:00, 27.06it/s, loss=0.0014]
  Epoch 10/30:  78%|███████████████████████████▏       | 45/58 [00:01<00:00, 27.06it/s, loss=0.0008]
  Epoch 10/30:  78%|███████████████████████████▏       | 45/58 [00:01<00:00, 27.06it/s, loss=0.0011]
  Epoch 10/30:  84%|█████████████████████████████▌     | 49/58 [00:01<00:00, 27.99it/s, loss=0.0011]
  Epoch 10/30:  84%|█████████████████████████████▌     | 49/58 [00:01<00:00, 27.99it/s, loss=0.0006]
  Epoch 10/30:  84%|█████████████████████████████▌     | 49/58 [00:01<00:00, 27.99it/s, loss=0.0005]
  Epoch 10/30:  84%|█████████████████████████████▌     | 49/58 [00:01<00:00, 27.99it/s, loss=0.0019]
  Epoch 10/30:  90%|███████████████████████████████▍   | 52/58 [00:01<00:00, 27.83it/s, loss=0.0019]
  Epoch 10/30:  90%|███████████████████████████████▍   | 52/58 [00:01<00:00, 27.83it/s, loss=0.0016]
  Epoch 10/30:  90%|███████████████████████████████▍   | 52/58 [00:01<00:00, 27.83it/s, loss=0.0007]
  Epoch 10/30:  90%|███████████████████████████████▍   | 52/58 [00:01<00:00, 27.83it/s, loss=0.0032]
  Epoch 10/30:  95%|█████████████████████████████████▏ | 55/58 [00:01<00:00, 27.65it/s, loss=0.0032]
  Epoch 10/30:  95%|█████████████████████████████████▏ | 55/58 [00:01<00:00, 27.65it/s, loss=0.0016]
  Epoch 10/30:  95%|█████████████████████████████████▏ | 55/58 [00:01<00:00, 27.65it/s, loss=0.0009]
  Epoch 10/30:  95%|█████████████████████████████████▏ | 55/58 [00:01<00:00, 27.65it/s, loss=0.0002]
                                                                                                    
  Epoch 10/30 │ Loss: 0.0014 │ T+1: 0.4138 │ T+2: 0.3027 │ T+3: 0.0882 ★ NEW BEST

  Epoch 11/30:   0%|                                                         | 0/58 [00:00<?, ?it/s]
  Epoch 11/30:   0%|                                            | 0/58 [00:00<?, ?it/s, loss=0.0020]
  Epoch 11/30:   0%|                                            | 0/58 [00:00<?, ?it/s, loss=0.0024]
  Epoch 11/30:   0%|                                            | 0/58 [00:00<?, ?it/s, loss=0.0007]
  Epoch 11/30:   5%|█▊                                  | 3/58 [00:00<00:01, 29.37it/s, loss=0.0007]
  Epoch 11/30:   5%|█▊                                  | 3/58 [00:00<00:01, 29.37it/s, loss=0.0013]
  Epoch 11/30:   5%|█▊                                  | 3/58 [00:00<00:01, 29.37it/s, loss=0.0010]
  Epoch 11/30:   5%|█▊                                  | 3/58 [00:00<00:01, 29.37it/s, loss=0.0019]
  Epoch 11/30:   5%|█▊                                  | 3/58 [00:00<00:01, 29.37it/s, loss=0.0015]
  Epoch 11/30:  12%|████▎                               | 7/58 [00:00<00:01, 30.74it/s, loss=0.0015]
  Epoch 11/30:  12%|████▎                               | 7/58 [00:00<00:01, 30.74it/s, loss=0.0014]
  Epoch 11/30:  12%|████▎                               | 7/58 [00:00<00:01, 30.74it/s, loss=0.0006]
  Epoch 11/30:  12%|████▎                               | 7/58 [00:00<00:01, 30.74it/s, loss=0.0029]
  Epoch 11/30:  12%|████▎                               | 7/58 [00:00<00:01, 30.74it/s, loss=0.0023]
  Epoch 11/30:  19%|██████▋                            | 11/58 [00:00<00:01, 28.90it/s, loss=0.0023]
  Epoch 11/30:  19%|██████▋                            | 11/58 [00:00<00:01, 28.90it/s, loss=0.0016]
  Epoch 11/30:  19%|██████▋                            | 11/58 [00:00<00:01, 28.90it/s, loss=0.0018]
  Epoch 11/30:  19%|██████▋                            | 11/58 [00:00<00:01, 28.90it/s, loss=0.0014]
  Epoch 11/30:  24%|████████▍                          | 14/58 [00:00<00:01, 28.63it/s, loss=0.0014]
  Epoch 11/30:  24%|████████▍                          | 14/58 [00:00<00:01, 28.63it/s, loss=0.0015]
  Epoch 11/30:  24%|████████▍                          | 14/58 [00:00<00:01, 28.63it/s, loss=0.0013]
  Epoch 11/30:  24%|████████▍                          | 14/58 [00:00<00:01, 28.63it/s, loss=0.0010]
  Epoch 11/30:  29%|██████████▎                        | 17/58 [00:00<00:01, 28.83it/s, loss=0.0010]
  Epoch 11/30:  29%|██████████▎                        | 17/58 [00:00<00:01, 28.83it/s, loss=0.0006]
  Epoch 11/30:  29%|██████████▎                        | 17/58 [00:00<00:01, 28.83it/s, loss=0.0010]
  Epoch 11/30:  29%|██████████▎                        | 17/58 [00:00<00:01, 28.83it/s, loss=0.0016]
  Epoch 11/30:  34%|████████████                       | 20/58 [00:00<00:01, 28.38it/s, loss=0.0016]
  Epoch 11/30:  34%|████████████                       | 20/58 [00:00<00:01, 28.38it/s, loss=0.0007]
  Epoch 11/30:  34%|████████████                       | 20/58 [00:00<00:01, 28.38it/s, loss=0.0025]
  Epoch 11/30:  34%|████████████                       | 20/58 [00:00<00:01, 28.38it/s, loss=0.0009]
  Epoch 11/30:  40%|█████████████▉                     | 23/58 [00:00<00:01, 27.58it/s, loss=0.0009]
  Epoch 11/30:  40%|█████████████▉                     | 23/58 [00:00<00:01, 27.58it/s, loss=0.0012]
  Epoch 11/30:  40%|█████████████▉                     | 23/58 [00:00<00:01, 27.58it/s, loss=0.0027]
  Epoch 11/30:  40%|█████████████▉                     | 23/58 [00:00<00:01, 27.58it/s, loss=0.0011]
  Epoch 11/30:  45%|███████████████▋                   | 26/58 [00:00<00:01, 28.14it/s, loss=0.0011]
  Epoch 11/30:  45%|███████████████▋                   | 26/58 [00:00<00:01, 28.14it/s, loss=0.0007]
  Epoch 11/30:  45%|███████████████▋                   | 26/58 [00:00<00:01, 28.14it/s, loss=0.0014]
  Epoch 11/30:  45%|███████████████▋                   | 26/58 [00:01<00:01, 28.14it/s, loss=0.0006]
  Epoch 11/30:  50%|█████████████████▌                 | 29/58 [00:01<00:01, 27.96it/s, loss=0.0006]
  Epoch 11/30:  50%|█████████████████▌                 | 29/58 [00:01<00:01, 27.96it/s, loss=0.0013]
  Epoch 11/30:  50%|█████████████████▌                 | 29/58 [00:01<00:01, 27.96it/s, loss=0.0032]
  Epoch 11/30:  50%|█████████████████▌                 | 29/58 [00:01<00:01, 27.96it/s, loss=0.0020]
  Epoch 11/30:  50%|█████████████████▌                 | 29/58 [00:01<00:01, 27.96it/s, loss=0.0017]
  Epoch 11/30:  57%|███████████████████▉               | 33/58 [00:01<00:01, 21.52it/s, loss=0.0017]
  Epoch 11/30:  57%|███████████████████▉               | 33/58 [00:01<00:01, 21.52it/s, loss=0.0008]
  Epoch 11/30:  57%|███████████████████▉               | 33/58 [00:01<00:01, 21.52it/s, loss=0.0017]
  Epoch 11/30:  57%|███████████████████▉               | 33/58 [00:01<00:01, 21.52it/s, loss=0.0008]
  Epoch 11/30:  62%|█████████████████████▋             | 36/58 [00:01<00:01, 20.68it/s, loss=0.0008]
  Epoch 11/30:  62%|█████████████████████▋             | 36/58 [00:01<00:01, 20.68it/s, loss=0.0006]
  Epoch 11/30:  62%|█████████████████████▋             | 36/58 [00:01<00:01, 20.68it/s, loss=0.0014]
  Epoch 11/30:  62%|█████████████████████▋             | 36/58 [00:01<00:01, 20.68it/s, loss=0.0009]
  Epoch 11/30:  67%|███████████████████████▌           | 39/58 [00:01<00:00, 20.84it/s, loss=0.0009]
  Epoch 11/30:  67%|███████████████████████▌           | 39/58 [00:01<00:00, 20.84it/s, loss=0.0009]
  Epoch 11/30:  67%|███████████████████████▌           | 39/58 [00:01<00:00, 20.84it/s, loss=0.0019]
  Epoch 11/30:  67%|███████████████████████▌           | 39/58 [00:01<00:00, 20.84it/s, loss=0.0005]
  Epoch 11/30:  72%|█████████████████████████▎         | 42/58 [00:01<00:00, 20.75it/s, loss=0.0005]
  Epoch 11/30:  72%|█████████████████████████▎         | 42/58 [00:01<00:00, 20.75it/s, loss=0.0019]
  Epoch 11/30:  72%|█████████████████████████▎         | 42/58 [00:01<00:00, 20.75it/s, loss=0.0012]
  Epoch 11/30:  72%|█████████████████████████▎         | 42/58 [00:01<00:00, 20.75it/s, loss=0.0015]
  Epoch 11/30:  78%|███████████████████████████▏       | 45/58 [00:01<00:00, 20.72it/s, loss=0.0015]
  Epoch 11/30:  78%|███████████████████████████▏       | 45/58 [00:01<00:00, 20.72it/s, loss=0.0007]
  Epoch 11/30:  78%|███████████████████████████▏       | 45/58 [00:01<00:00, 20.72it/s, loss=0.0012]
  Epoch 11/30:  78%|███████████████████████████▏       | 45/58 [00:02<00:00, 20.72it/s, loss=0.0027]
  Epoch 11/30:  83%|████████████████████████████▉      | 48/58 [00:02<00:00, 21.48it/s, loss=0.0027]
  Epoch 11/30:  83%|████████████████████████████▉      | 48/58 [00:02<00:00, 21.48it/s, loss=0.0011]
  Epoch 11/30:  83%|████████████████████████████▉      | 48/58 [00:02<00:00, 21.48it/s, loss=0.0012]
  Epoch 11/30:  83%|████████████████████████████▉      | 48/58 [00:02<00:00, 21.48it/s, loss=0.0011]
  Epoch 11/30:  88%|██████████████████████████████▊    | 51/58 [00:02<00:00, 22.13it/s, loss=0.0011]
  Epoch 11/30:  88%|██████████████████████████████▊    | 51/58 [00:02<00:00, 22.13it/s, loss=0.0014]
  Epoch 11/30:  88%|██████████████████████████████▊    | 51/58 [00:02<00:00, 22.13it/s, loss=0.0015]
  Epoch 11/30:  88%|██████████████████████████████▊    | 51/58 [00:02<00:00, 22.13it/s, loss=0.0014]
  Epoch 11/30:  93%|████████████████████████████████▌  | 54/58 [00:02<00:00, 23.33it/s, loss=0.0014]
  Epoch 11/30:  93%|████████████████████████████████▌  | 54/58 [00:02<00:00, 23.33it/s, loss=0.0005]
  Epoch 11/30:  93%|████████████████████████████████▌  | 54/58 [00:02<00:00, 23.33it/s, loss=0.0012]
  Epoch 11/30:  93%|████████████████████████████████▌  | 54/58 [00:02<00:00, 23.33it/s, loss=0.0035]
  Epoch 11/30:  98%|██████████████████████████████████▍| 57/58 [00:02<00:00, 24.89it/s, loss=0.0035]
  Epoch 11/30:  98%|██████████████████████████████████▍| 57/58 [00:02<00:00, 24.89it/s, loss=0.0002]
                                                                                                    

  Epoch 12/30:   0%|                                                         | 0/58 [00:00<?, ?it/s]
  Epoch 12/30:   0%|                                            | 0/58 [00:00<?, ?it/s, loss=0.0012]
  Epoch 12/30:   0%|                                            | 0/58 [00:00<?, ?it/s, loss=0.0007]
  Epoch 12/30:   0%|                                            | 0/58 [00:00<?, ?it/s, loss=0.0015]
  Epoch 12/30:   5%|█▊                                  | 3/58 [00:00<00:01, 29.15it/s, loss=0.0015]
  Epoch 12/30:   5%|█▊                                  | 3/58 [00:00<00:01, 29.15it/s, loss=0.0005]
  Epoch 12/30:   5%|█▊                                  | 3/58 [00:00<00:01, 29.15it/s, loss=0.0008]
  Epoch 12/30:   5%|█▊                                  | 3/58 [00:00<00:01, 29.15it/s, loss=0.0009]
  Epoch 12/30:   5%|█▊                                  | 3/58 [00:00<00:01, 29.15it/s, loss=0.0016]
  Epoch 12/30:  12%|████▎                               | 7/58 [00:00<00:01, 30.73it/s, loss=0.0016]
  Epoch 12/30:  12%|████▎                               | 7/58 [00:00<00:01, 30.73it/s, loss=0.0004]
  Epoch 12/30:  12%|████▎                               | 7/58 [00:00<00:01, 30.73it/s, loss=0.0019]
  Epoch 12/30:  12%|████▎                               | 7/58 [00:00<00:01, 30.73it/s, loss=0.0011]
  Epoch 12/30:  12%|████▎                               | 7/58 [00:00<00:01, 30.73it/s, loss=0.0010]
  Epoch 12/30:  19%|██████▋                            | 11/58 [00:00<00:01, 30.28it/s, loss=0.0010]
  Epoch 12/30:  19%|██████▋                            | 11/58 [00:00<00:01, 30.28it/s, loss=0.0013]
  Epoch 12/30:  19%|██████▋                            | 11/58 [00:00<00:01, 30.28it/s, loss=0.0007]
  Epoch 12/30:  19%|██████▋                            | 11/58 [00:00<00:01, 30.28it/s, loss=0.0032]
  Epoch 12/30:  19%|██████▋                            | 11/58 [00:00<00:01, 30.28it/s, loss=0.0009]
  Epoch 12/30:  26%|█████████                          | 15/58 [00:00<00:01, 31.51it/s, loss=0.0009]
  Epoch 12/30:  26%|█████████                          | 15/58 [00:00<00:01, 31.51it/s, loss=0.0015]
  Epoch 12/30:  26%|█████████                          | 15/58 [00:00<00:01, 31.51it/s, loss=0.0010]
  Epoch 12/30:  26%|█████████                          | 15/58 [00:00<00:01, 31.51it/s, loss=0.0007]
  Epoch 12/30:  26%|█████████                          | 15/58 [00:00<00:01, 31.51it/s, loss=0.0022]
  Epoch 12/30:  33%|███████████▍                       | 19/58 [00:00<00:01, 31.05it/s, loss=0.0022]
  Epoch 12/30:  33%|███████████▍                       | 19/58 [00:00<00:01, 31.05it/s, loss=0.0009]
  Epoch 12/30:  33%|███████████▍                       | 19/58 [00:00<00:01, 31.05it/s, loss=0.0016]
  Epoch 12/30:  33%|███████████▍                       | 19/58 [00:00<00:01, 31.05it/s, loss=0.0035]
  Epoch 12/30:  33%|███████████▍                       | 19/58 [00:00<00:01, 31.05it/s, loss=0.0010]
  Epoch 12/30:  40%|█████████████▉                     | 23/58 [00:00<00:01, 31.76it/s, loss=0.0010]
  Epoch 12/30:  40%|█████████████▉                     | 23/58 [00:00<00:01, 31.76it/s, loss=0.0005]
  Epoch 12/30:  40%|█████████████▉                     | 23/58 [00:00<00:01, 31.76it/s, loss=0.0014]
  Epoch 12/30:  40%|█████████████▉                     | 23/58 [00:00<00:01, 31.76it/s, loss=0.0009]
  Epoch 12/30:  40%|█████████████▉                     | 23/58 [00:00<00:01, 31.76it/s, loss=0.0018]
  Epoch 12/30:  47%|████████████████▎                  | 27/58 [00:00<00:00, 32.89it/s, loss=0.0018]
  Epoch 12/30:  47%|████████████████▎                  | 27/58 [00:00<00:00, 32.89it/s, loss=0.0008]
  Epoch 12/30:  47%|████████████████▎                  | 27/58 [00:00<00:00, 32.89it/s, loss=0.0022]
  Epoch 12/30:  47%|████████████████▎                  | 27/58 [00:00<00:00, 32.89it/s, loss=0.0021]
  Epoch 12/30:  47%|████████████████▎                  | 27/58 [00:00<00:00, 32.89it/s, loss=0.0008]
  Epoch 12/30:  53%|██████████████████▋                | 31/58 [00:00<00:00, 31.78it/s, loss=0.0008]
  Epoch 12/30:  53%|██████████████████▋                | 31/58 [00:01<00:00, 31.78it/s, loss=0.0019]
  Epoch 12/30:  53%|██████████████████▋                | 31/58 [00:01<00:00, 31.78it/s, loss=0.0008]
  Epoch 12/30:  53%|██████████████████▋                | 31/58 [00:01<00:00, 31.78it/s, loss=0.0006]
  Epoch 12/30:  53%|██████████████████▋                | 31/58 [00:01<00:00, 31.78it/s, loss=0.0016]
  Epoch 12/30:  60%|█████████████████████              | 35/58 [00:01<00:00, 32.44it/s, loss=0.0016]
  Epoch 12/30:  60%|█████████████████████              | 35/58 [00:01<00:00, 32.44it/s, loss=0.0011]
  Epoch 12/30:  60%|█████████████████████              | 35/58 [00:01<00:00, 32.44it/s, loss=0.0038]
  Epoch 12/30:  60%|█████████████████████              | 35/58 [00:01<00:00, 32.44it/s, loss=0.0010]
  Epoch 12/30:  60%|█████████████████████              | 35/58 [00:01<00:00, 32.44it/s, loss=0.0035]
  Epoch 12/30:  67%|███████████████████████▌           | 39/58 [00:01<00:00, 31.76it/s, loss=0.0035]
  Epoch 12/30:  67%|███████████████████████▌           | 39/58 [00:01<00:00, 31.76it/s, loss=0.0012]
  Epoch 12/30:  67%|███████████████████████▌           | 39/58 [00:01<00:00, 31.76it/s, loss=0.0009]
  Epoch 12/30:  67%|███████████████████████▌           | 39/58 [00:01<00:00, 31.76it/s, loss=0.0008]
  Epoch 12/30:  67%|███████████████████████▌           | 39/58 [00:01<00:00, 31.76it/s, loss=0.0026]
  Epoch 12/30:  74%|█████████████████████████▉         | 43/58 [00:01<00:00, 32.18it/s, loss=0.0026]
  Epoch 12/30:  74%|█████████████████████████▉         | 43/58 [00:01<00:00, 32.18it/s, loss=0.0014]
  Epoch 12/30:  74%|█████████████████████████▉         | 43/58 [00:01<00:00, 32.18it/s, loss=0.0012]
  Epoch 12/30:  74%|█████████████████████████▉         | 43/58 [00:01<00:00, 32.18it/s, loss=0.0007]
  Epoch 12/30:  74%|█████████████████████████▉         | 43/58 [00:01<00:00, 32.18it/s, loss=0.0009]
  Epoch 12/30:  81%|████████████████████████████▎      | 47/58 [00:01<00:00, 31.83it/s, loss=0.0009]
  Epoch 12/30:  81%|████████████████████████████▎      | 47/58 [00:01<00:00, 31.83it/s, loss=0.0007]
  Epoch 12/30:  81%|████████████████████████████▎      | 47/58 [00:01<00:00, 31.83it/s, loss=0.0014]
  Epoch 12/30:  81%|████████████████████████████▎      | 47/58 [00:01<00:00, 31.83it/s, loss=0.0008]
  Epoch 12/30:  81%|████████████████████████████▎      | 47/58 [00:01<00:00, 31.83it/s, loss=0.0011]
  Epoch 12/30:  88%|██████████████████████████████▊    | 51/58 [00:01<00:00, 30.46it/s, loss=0.0011]
  Epoch 12/30:  88%|██████████████████████████████▊    | 51/58 [00:01<00:00, 30.46it/s, loss=0.0023]
  Epoch 12/30:  88%|██████████████████████████████▊    | 51/58 [00:01<00:00, 30.46it/s, loss=0.0009]
  Epoch 12/30:  88%|██████████████████████████████▊    | 51/58 [00:01<00:00, 30.46it/s, loss=0.0013]
  Epoch 12/30:  88%|██████████████████████████████▊    | 51/58 [00:01<00:00, 30.46it/s, loss=0.0020]
  Epoch 12/30:  95%|█████████████████████████████████▏ | 55/58 [00:01<00:00, 30.47it/s, loss=0.0020]
  Epoch 12/30:  95%|█████████████████████████████████▏ | 55/58 [00:01<00:00, 30.47it/s, loss=0.0032]
  Epoch 12/30:  95%|█████████████████████████████████▏ | 55/58 [00:01<00:00, 30.47it/s, loss=0.0022]
  Epoch 12/30:  95%|█████████████████████████████████▏ | 55/58 [00:01<00:00, 30.47it/s, loss=0.0002]
                                                                                                    

  Epoch 13/30:   0%|                                                         | 0/58 [00:00<?, ?it/s]
  Epoch 13/30:   0%|                                            | 0/58 [00:00<?, ?it/s, loss=0.0022]
  Epoch 13/30:   0%|                                            | 0/58 [00:00<?, ?it/s, loss=0.0021]
  Epoch 13/30:   0%|                                            | 0/58 [00:00<?, ?it/s, loss=0.0007]
  Epoch 13/30:   5%|█▊                                  | 3/58 [00:00<00:01, 27.97it/s, loss=0.0007]
  Epoch 13/30:   5%|█▊                                  | 3/58 [00:00<00:01, 27.97it/s, loss=0.0010]
  Epoch 13/30:   5%|█▊                                  | 3/58 [00:00<00:01, 27.97it/s, loss=0.0013]
  Epoch 13/30:   5%|█▊                                  | 3/58 [00:00<00:01, 27.97it/s, loss=0.0018]
  Epoch 13/30:  10%|███▋                                | 6/58 [00:00<00:01, 28.58it/s, loss=0.0018]
  Epoch 13/30:  10%|███▋                                | 6/58 [00:00<00:01, 28.58it/s, loss=0.0014]
  Epoch 13/30:  10%|███▋                                | 6/58 [00:00<00:01, 28.58it/s, loss=0.0016]
  Epoch 13/30:  10%|███▋                                | 6/58 [00:00<00:01, 28.58it/s, loss=0.0023]
  Epoch 13/30:  10%|███▋                                | 6/58 [00:00<00:01, 28.58it/s, loss=0.0008]
  Epoch 13/30:  17%|██████                             | 10/58 [00:00<00:01, 29.77it/s, loss=0.0008]
  Epoch 13/30:  17%|██████                             | 10/58 [00:00<00:01, 29.77it/s, loss=0.0023]
  Epoch 13/30:  17%|██████                             | 10/58 [00:00<00:01, 29.77it/s, loss=0.0010]
  Epoch 13/30:  17%|██████                             | 10/58 [00:00<00:01, 29.77it/s, loss=0.0020]
  Epoch 13/30:  22%|███████▊                           | 13/58 [00:00<00:01, 28.76it/s, loss=0.0020]
  Epoch 13/30:  22%|███████▊                           | 13/58 [00:00<00:01, 28.76it/s, loss=0.0027]
  Epoch 13/30:  22%|███████▊                           | 13/58 [00:00<00:01, 28.76it/s, loss=0.0010]
  Epoch 13/30:  22%|███████▊                           | 13/58 [00:00<00:01, 28.76it/s, loss=0.0020]
  Epoch 13/30:  28%|█████████▋                         | 16/58 [00:00<00:01, 27.49it/s, loss=0.0020]
  Epoch 13/30:  28%|█████████▋                         | 16/58 [00:00<00:01, 27.49it/s, loss=0.0027]
  Epoch 13/30:  28%|█████████▋                         | 16/58 [00:00<00:01, 27.49it/s, loss=0.0016]
  Epoch 13/30:  28%|█████████▋                         | 16/58 [00:00<00:01, 27.49it/s, loss=0.0007]
  Epoch 13/30:  33%|███████████▍                       | 19/58 [00:00<00:01, 27.23it/s, loss=0.0007]
  Epoch 13/30:  33%|███████████▍                       | 19/58 [00:00<00:01, 27.23it/s, loss=0.0024]
  Epoch 13/30:  33%|███████████▍                       | 19/58 [00:00<00:01, 27.23it/s, loss=0.0008]
  Epoch 13/30:  33%|███████████▍                       | 19/58 [00:00<00:01, 27.23it/s, loss=0.0009]
  Epoch 13/30:  38%|█████████████▎                     | 22/58 [00:00<00:01, 26.53it/s, loss=0.0009]
  Epoch 13/30:  38%|█████████████▎                     | 22/58 [00:00<00:01, 26.53it/s, loss=0.0012]
  Epoch 13/30:  38%|█████████████▎                     | 22/58 [00:00<00:01, 26.53it/s, loss=0.0021]
  Epoch 13/30:  38%|█████████████▎                     | 22/58 [00:00<00:01, 26.53it/s, loss=0.0018]
  Epoch 13/30:  43%|███████████████                    | 25/58 [00:00<00:01, 27.27it/s, loss=0.0018]
  Epoch 13/30:  43%|███████████████                    | 25/58 [00:00<00:01, 27.27it/s, loss=0.0024]
  Epoch 13/30:  43%|███████████████                    | 25/58 [00:00<00:01, 27.27it/s, loss=0.0015]
  Epoch 13/30:  43%|███████████████                    | 25/58 [00:01<00:01, 27.27it/s, loss=0.0013]
  Epoch 13/30:  48%|████████████████▉                  | 28/58 [00:01<00:01, 26.69it/s, loss=0.0013]
  Epoch 13/30:  48%|████████████████▉                  | 28/58 [00:01<00:01, 26.69it/s, loss=0.0004]
  Epoch 13/30:  48%|████████████████▉                  | 28/58 [00:01<00:01, 26.69it/s, loss=0.0006]
  Epoch 13/30:  48%|████████████████▉                  | 28/58 [00:01<00:01, 26.69it/s, loss=0.0019]
  Epoch 13/30:  53%|██████████████████▋                | 31/58 [00:01<00:01, 25.11it/s, loss=0.0019]
  Epoch 13/30:  53%|██████████████████▋                | 31/58 [00:01<00:01, 25.11it/s, loss=0.0010]
  Epoch 13/30:  53%|██████████████████▋                | 31/58 [00:01<00:01, 25.11it/s, loss=0.0011]
  Epoch 13/30:  53%|██████████████████▋                | 31/58 [00:01<00:01, 25.11it/s, loss=0.0013]
  Epoch 13/30:  59%|████████████████████▌              | 34/58 [00:01<00:00, 25.75it/s, loss=0.0013]
  Epoch 13/30:  59%|████████████████████▌              | 34/58 [00:01<00:00, 25.75it/s, loss=0.0035]
  Epoch 13/30:  59%|████████████████████▌              | 34/58 [00:01<00:00, 25.75it/s, loss=0.0024]
  Epoch 13/30:  59%|████████████████████▌              | 34/58 [00:01<00:00, 25.75it/s, loss=0.0009]
  Epoch 13/30:  64%|██████████████████████▎            | 37/58 [00:01<00:00, 26.76it/s, loss=0.0009]
  Epoch 13/30:  64%|██████████████████████▎            | 37/58 [00:01<00:00, 26.76it/s, loss=0.0007]
  Epoch 13/30:  64%|██████████████████████▎            | 37/58 [00:01<00:00, 26.76it/s, loss=0.0006]
  Epoch 13/30:  64%|██████████████████████▎            | 37/58 [00:01<00:00, 26.76it/s, loss=0.0014]
  Epoch 13/30:  69%|████████████████████████▏          | 40/58 [00:01<00:00, 26.76it/s, loss=0.0014]
  Epoch 13/30:  69%|████████████████████████▏          | 40/58 [00:01<00:00, 26.76it/s, loss=0.0007]
  Epoch 13/30:  69%|████████████████████████▏          | 40/58 [00:01<00:00, 26.76it/s, loss=0.0012]
  Epoch 13/30:  69%|████████████████████████▏          | 40/58 [00:01<00:00, 26.76it/s, loss=0.0014]
  Epoch 13/30:  74%|█████████████████████████▉         | 43/58 [00:01<00:00, 27.34it/s, loss=0.0014]
  Epoch 13/30:  74%|█████████████████████████▉         | 43/58 [00:01<00:00, 27.34it/s, loss=0.0015]
  Epoch 13/30:  74%|█████████████████████████▉         | 43/58 [00:01<00:00, 27.34it/s, loss=0.0017]
  Epoch 13/30:  74%|█████████████████████████▉         | 43/58 [00:01<00:00, 27.34it/s, loss=0.0018]
  Epoch 13/30:  74%|█████████████████████████▉         | 43/58 [00:01<00:00, 27.34it/s, loss=0.0011]
  Epoch 13/30:  81%|████████████████████████████▎      | 47/58 [00:01<00:00, 28.10it/s, loss=0.0011]
  Epoch 13/30:  81%|████████████████████████████▎      | 47/58 [00:01<00:00, 28.10it/s, loss=0.0011]
  Epoch 13/30:  81%|████████████████████████████▎      | 47/58 [00:01<00:00, 28.10it/s, loss=0.0007]
  Epoch 13/30:  81%|████████████████████████████▎      | 47/58 [00:01<00:00, 28.10it/s, loss=0.0005]
  Epoch 13/30:  86%|██████████████████████████████▏    | 50/58 [00:01<00:00, 27.79it/s, loss=0.0005]
  Epoch 13/30:  86%|██████████████████████████████▏    | 50/58 [00:01<00:00, 27.79it/s, loss=0.0010]
  Epoch 13/30:  86%|██████████████████████████████▏    | 50/58 [00:01<00:00, 27.79it/s, loss=0.0008]
  Epoch 13/30:  86%|██████████████████████████████▏    | 50/58 [00:01<00:00, 27.79it/s, loss=0.0006]
  Epoch 13/30:  91%|███████████████████████████████▉   | 53/58 [00:01<00:00, 27.72it/s, loss=0.0006]
  Epoch 13/30:  91%|███████████████████████████████▉   | 53/58 [00:01<00:00, 27.72it/s, loss=0.0020]
  Epoch 13/30:  91%|███████████████████████████████▉   | 53/58 [00:01<00:00, 27.72it/s, loss=0.0015]
  Epoch 13/30:  91%|███████████████████████████████▉   | 53/58 [00:02<00:00, 27.72it/s, loss=0.0009]
  Epoch 13/30:  91%|███████████████████████████████▉   | 53/58 [00:02<00:00, 27.72it/s, loss=0.0006]
  Epoch 13/30:  98%|██████████████████████████████████▍| 57/58 [00:02<00:00, 29.02it/s, loss=0.0006]
  Epoch 13/30:  98%|██████████████████████████████████▍| 57/58 [00:02<00:00, 29.02it/s, loss=0.0001]
                                                                                                    

  Epoch 14/30:   0%|                                                         | 0/58 [00:00<?, ?it/s]
  Epoch 14/30:   0%|                                            | 0/58 [00:00<?, ?it/s, loss=0.0008]
  Epoch 14/30:   0%|                                            | 0/58 [00:00<?, ?it/s, loss=0.0012]
  Epoch 14/30:   0%|                                            | 0/58 [00:00<?, ?it/s, loss=0.0028]
  Epoch 14/30:   5%|█▊                                  | 3/58 [00:00<00:01, 28.73it/s, loss=0.0028]
  Epoch 14/30:   5%|█▊                                  | 3/58 [00:00<00:01, 28.73it/s, loss=0.0011]
  Epoch 14/30:   5%|█▊                                  | 3/58 [00:00<00:01, 28.73it/s, loss=0.0012]
  Epoch 14/30:   5%|█▊                                  | 3/58 [00:00<00:01, 28.73it/s, loss=0.0007]
  Epoch 14/30:  10%|███▋                                | 6/58 [00:00<00:01, 29.44it/s, loss=0.0007]
  Epoch 14/30:  10%|███▋                                | 6/58 [00:00<00:01, 29.44it/s, loss=0.0006]
  Epoch 14/30:  10%|███▋                                | 6/58 [00:00<00:01, 29.44it/s, loss=0.0018]
  Epoch 14/30:  10%|███▋                                | 6/58 [00:00<00:01, 29.44it/s, loss=0.0017]
  Epoch 14/30:  16%|█████▌                              | 9/58 [00:00<00:01, 28.83it/s, loss=0.0017]
  Epoch 14/30:  16%|█████▌                              | 9/58 [00:00<00:01, 28.83it/s, loss=0.0013]
  Epoch 14/30:  16%|█████▌                              | 9/58 [00:00<00:01, 28.83it/s, loss=0.0009]
  Epoch 14/30:  16%|█████▌                              | 9/58 [00:00<00:01, 28.83it/s, loss=0.0020]
  Epoch 14/30:  21%|███████▏                           | 12/58 [00:00<00:01, 27.76it/s, loss=0.0020]
  Epoch 14/30:  21%|███████▏                           | 12/58 [00:00<00:01, 27.76it/s, loss=0.0005]
  Epoch 14/30:  21%|███████▏                           | 12/58 [00:00<00:01, 27.76it/s, loss=0.0011]
  Epoch 14/30:  21%|███████▏                           | 12/58 [00:00<00:01, 27.76it/s, loss=0.0011]
  Epoch 14/30:  26%|█████████                          | 15/58 [00:00<00:01, 28.02it/s, loss=0.0011]
  Epoch 14/30:  26%|█████████                          | 15/58 [00:00<00:01, 28.02it/s, loss=0.0013]
  Epoch 14/30:  26%|█████████                          | 15/58 [00:00<00:01, 28.02it/s, loss=0.0022]
  Epoch 14/30:  26%|█████████                          | 15/58 [00:00<00:01, 28.02it/s, loss=0.0009]
  Epoch 14/30:  31%|██████████▊                        | 18/58 [00:00<00:01, 28.29it/s, loss=0.0009]
  Epoch 14/30:  31%|██████████▊                        | 18/58 [00:00<00:01, 28.29it/s, loss=0.0025]
  Epoch 14/30:  31%|██████████▊                        | 18/58 [00:00<00:01, 28.29it/s, loss=0.0014]
  Epoch 14/30:  31%|██████████▊                        | 18/58 [00:00<00:01, 28.29it/s, loss=0.0006]
  Epoch 14/30:  36%|████████████▋                      | 21/58 [00:00<00:01, 28.38it/s, loss=0.0006]
  Epoch 14/30:  36%|████████████▋                      | 21/58 [00:00<00:01, 28.38it/s, loss=0.0006]
  Epoch 14/30:  36%|████████████▋                      | 21/58 [00:00<00:01, 28.38it/s, loss=0.0023]
  Epoch 14/30:  36%|████████████▋                      | 21/58 [00:00<00:01, 28.38it/s, loss=0.0007]
  Epoch 14/30:  41%|██████████████▍                    | 24/58 [00:00<00:01, 28.39it/s, loss=0.0007]
  Epoch 14/30:  41%|██████████████▍                    | 24/58 [00:00<00:01, 28.39it/s, loss=0.0006]
  Epoch 14/30:  41%|██████████████▍                    | 24/58 [00:00<00:01, 28.39it/s, loss=0.0008]
  Epoch 14/30:  41%|██████████████▍                    | 24/58 [00:00<00:01, 28.39it/s, loss=0.0016]
  Epoch 14/30:  47%|████████████████▎                  | 27/58 [00:00<00:01, 28.63it/s, loss=0.0016]
  Epoch 14/30:  47%|████████████████▎                  | 27/58 [00:00<00:01, 28.63it/s, loss=0.0010]
  Epoch 14/30:  47%|████████████████▎                  | 27/58 [00:01<00:01, 28.63it/s, loss=0.0005]
  Epoch 14/30:  47%|████████████████▎                  | 27/58 [00:01<00:01, 28.63it/s, loss=0.0006]
  Epoch 14/30:  52%|██████████████████                 | 30/58 [00:01<00:00, 28.35it/s, loss=0.0006]
  Epoch 14/30:  52%|██████████████████                 | 30/58 [00:01<00:00, 28.35it/s, loss=0.0003]
  Epoch 14/30:  52%|██████████████████                 | 30/58 [00:01<00:00, 28.35it/s, loss=0.0018]
  Epoch 14/30:  52%|██████████████████                 | 30/58 [00:01<00:00, 28.35it/s, loss=0.0033]
  Epoch 14/30:  57%|███████████████████▉               | 33/58 [00:01<00:00, 28.26it/s, loss=0.0033]
  Epoch 14/30:  57%|███████████████████▉               | 33/58 [00:01<00:00, 28.26it/s, loss=0.0013]
  Epoch 14/30:  57%|███████████████████▉               | 33/58 [00:01<00:00, 28.26it/s, loss=0.0006]
  Epoch 14/30:  57%|███████████████████▉               | 33/58 [00:01<00:00, 28.26it/s, loss=0.0017]
  Epoch 14/30:  62%|█████████████████████▋             | 36/58 [00:01<00:00, 28.52it/s, loss=0.0017]
  Epoch 14/30:  62%|█████████████████████▋             | 36/58 [00:01<00:00, 28.52it/s, loss=0.0031]
  Epoch 14/30:  62%|█████████████████████▋             | 36/58 [00:01<00:00, 28.52it/s, loss=0.0007]
  Epoch 14/30:  62%|█████████████████████▋             | 36/58 [00:01<00:00, 28.52it/s, loss=0.0011]
  Epoch 14/30:  62%|█████████████████████▋             | 36/58 [00:01<00:00, 28.52it/s, loss=0.0013]
  Epoch 14/30:  69%|████████████████████████▏          | 40/58 [00:01<00:00, 29.44it/s, loss=0.0013]
  Epoch 14/30:  69%|████████████████████████▏          | 40/58 [00:01<00:00, 29.44it/s, loss=0.0011]
  Epoch 14/30:  69%|████████████████████████▏          | 40/58 [00:01<00:00, 29.44it/s, loss=0.0008]
  Epoch 14/30:  69%|████████████████████████▏          | 40/58 [00:01<00:00, 29.44it/s, loss=0.0010]
  Epoch 14/30:  69%|████████████████████████▏          | 40/58 [00:01<00:00, 29.44it/s, loss=0.0045]
  Epoch 14/30:  76%|██████████████████████████▌        | 44/58 [00:01<00:00, 30.98it/s, loss=0.0045]
  Epoch 14/30:  76%|██████████████████████████▌        | 44/58 [00:01<00:00, 30.98it/s, loss=0.0008]
  Epoch 14/30:  76%|██████████████████████████▌        | 44/58 [00:01<00:00, 30.98it/s, loss=0.0016]
  Epoch 14/30:  76%|██████████████████████████▌        | 44/58 [00:01<00:00, 30.98it/s, loss=0.0010]
  Epoch 14/30:  76%|██████████████████████████▌        | 44/58 [00:01<00:00, 30.98it/s, loss=0.0006]
  Epoch 14/30:  83%|████████████████████████████▉      | 48/58 [00:01<00:00, 32.20it/s, loss=0.0006]
  Epoch 14/30:  83%|████████████████████████████▉      | 48/58 [00:01<00:00, 32.20it/s, loss=0.0031]
  Epoch 14/30:  83%|████████████████████████████▉      | 48/58 [00:01<00:00, 32.20it/s, loss=0.0019]
  Epoch 14/30:  83%|████████████████████████████▉      | 48/58 [00:01<00:00, 32.20it/s, loss=0.0014]
  Epoch 14/30:  83%|████████████████████████████▉      | 48/58 [00:01<00:00, 32.20it/s, loss=0.0007]
  Epoch 14/30:  90%|███████████████████████████████▍   | 52/58 [00:01<00:00, 33.45it/s, loss=0.0007]
  Epoch 14/30:  90%|███████████████████████████████▍   | 52/58 [00:01<00:00, 33.45it/s, loss=0.0020]
  Epoch 14/30:  90%|███████████████████████████████▍   | 52/58 [00:01<00:00, 33.45it/s, loss=0.0020]
  Epoch 14/30:  90%|███████████████████████████████▍   | 52/58 [00:01<00:00, 33.45it/s, loss=0.0031]
  Epoch 14/30:  90%|███████████████████████████████▍   | 52/58 [00:01<00:00, 33.45it/s, loss=0.0017]
  Epoch 14/30:  97%|█████████████████████████████████▊ | 56/58 [00:01<00:00, 32.45it/s, loss=0.0017]
  Epoch 14/30:  97%|█████████████████████████████████▊ | 56/58 [00:01<00:00, 32.45it/s, loss=0.0008]
  Epoch 14/30:  97%|█████████████████████████████████▊ | 56/58 [00:01<00:00, 32.45it/s, loss=0.0034]
                                                                                                    

  Epoch 15/30:   0%|                                                         | 0/58 [00:00<?, ?it/s]
  Epoch 15/30:   0%|                                            | 0/58 [00:00<?, ?it/s, loss=0.0014]
  Epoch 15/30:   0%|                                            | 0/58 [00:00<?, ?it/s, loss=0.0010]
  Epoch 15/30:   0%|                                            | 0/58 [00:00<?, ?it/s, loss=0.0007]
  Epoch 15/30:   5%|█▊                                  | 3/58 [00:00<00:02, 25.99it/s, loss=0.0007]
  Epoch 15/30:   5%|█▊                                  | 3/58 [00:00<00:02, 25.99it/s, loss=0.0010]
  Epoch 15/30:   5%|█▊                                  | 3/58 [00:00<00:02, 25.99it/s, loss=0.0027]
  Epoch 15/30:   5%|█▊                                  | 3/58 [00:00<00:02, 25.99it/s, loss=0.0009]
  Epoch 15/30:   5%|█▊                                  | 3/58 [00:00<00:02, 25.99it/s, loss=0.0008]
  Epoch 15/30:  12%|████▎                               | 7/58 [00:00<00:01, 32.05it/s, loss=0.0008]
  Epoch 15/30:  12%|████▎                               | 7/58 [00:00<00:01, 32.05it/s, loss=0.0020]
  Epoch 15/30:  12%|████▎                               | 7/58 [00:00<00:01, 32.05it/s, loss=0.0014]
  Epoch 15/30:  12%|████▎                               | 7/58 [00:00<00:01, 32.05it/s, loss=0.0028]
  Epoch 15/30:  12%|████▎                               | 7/58 [00:00<00:01, 32.05it/s, loss=0.0016]
  Epoch 15/30:  19%|██████▋                            | 11/58 [00:00<00:01, 32.81it/s, loss=0.0016]
  Epoch 15/30:  19%|██████▋                            | 11/58 [00:00<00:01, 32.81it/s, loss=0.0008]
  Epoch 15/30:  19%|██████▋                            | 11/58 [00:00<00:01, 32.81it/s, loss=0.0015]
  Epoch 15/30:  19%|██████▋                            | 11/58 [00:00<00:01, 32.81it/s, loss=0.0007]
  Epoch 15/30:  19%|██████▋                            | 11/58 [00:00<00:01, 32.81it/s, loss=0.0026]
  Epoch 15/30:  26%|█████████                          | 15/58 [00:00<00:01, 33.48it/s, loss=0.0026]
  Epoch 15/30:  26%|█████████                          | 15/58 [00:00<00:01, 33.48it/s, loss=0.0012]
  Epoch 15/30:  26%|█████████                          | 15/58 [00:00<00:01, 33.48it/s, loss=0.0012]
  Epoch 15/30:  26%|█████████                          | 15/58 [00:00<00:01, 33.48it/s, loss=0.0010]
  Epoch 15/30:  26%|█████████                          | 15/58 [00:00<00:01, 33.48it/s, loss=0.0007]
  Epoch 15/30:  33%|███████████▍                       | 19/58 [00:00<00:01, 33.34it/s, loss=0.0007]
  Epoch 15/30:  33%|███████████▍                       | 19/58 [00:00<00:01, 33.34it/s, loss=0.0010]
  Epoch 15/30:  33%|███████████▍                       | 19/58 [00:00<00:01, 33.34it/s, loss=0.0011]
  Epoch 15/30:  33%|███████████▍                       | 19/58 [00:00<00:01, 33.34it/s, loss=0.0007]
  Epoch 15/30:  33%|███████████▍                       | 19/58 [00:00<00:01, 33.34it/s, loss=0.0006]
  Epoch 15/30:  40%|█████████████▉                     | 23/58 [00:00<00:01, 34.48it/s, loss=0.0006]
  Epoch 15/30:  40%|█████████████▉                     | 23/58 [00:00<00:01, 34.48it/s, loss=0.0037]
  Epoch 15/30:  40%|█████████████▉                     | 23/58 [00:00<00:01, 34.48it/s, loss=0.0016]
  Epoch 15/30:  40%|█████████████▉                     | 23/58 [00:00<00:01, 34.48it/s, loss=0.0012]
  Epoch 15/30:  40%|█████████████▉                     | 23/58 [00:00<00:01, 34.48it/s, loss=0.0009]
  Epoch 15/30:  47%|████████████████▎                  | 27/58 [00:00<00:00, 33.19it/s, loss=0.0009]
  Epoch 15/30:  47%|████████████████▎                  | 27/58 [00:00<00:00, 33.19it/s, loss=0.0011]
  Epoch 15/30:  47%|████████████████▎                  | 27/58 [00:00<00:00, 33.19it/s, loss=0.0009]
  Epoch 15/30:  47%|████████████████▎                  | 27/58 [00:00<00:00, 33.19it/s, loss=0.0016]
  Epoch 15/30:  47%|████████████████▎                  | 27/58 [00:00<00:00, 33.19it/s, loss=0.0022]
  Epoch 15/30:  53%|██████████████████▋                | 31/58 [00:00<00:00, 31.91it/s, loss=0.0022]
  Epoch 15/30:  53%|██████████████████▋                | 31/58 [00:00<00:00, 31.91it/s, loss=0.0007]
  Epoch 15/30:  53%|██████████████████▋                | 31/58 [00:01<00:00, 31.91it/s, loss=0.0015]
  Epoch 15/30:  53%|██████████████████▋                | 31/58 [00:01<00:00, 31.91it/s, loss=0.0013]
  Epoch 15/30:  53%|██████████████████▋                | 31/58 [00:01<00:00, 31.91it/s, loss=0.0018]
  Epoch 15/30:  60%|█████████████████████              | 35/58 [00:01<00:00, 28.69it/s, loss=0.0018]
  Epoch 15/30:  60%|█████████████████████              | 35/58 [00:01<00:00, 28.69it/s, loss=0.0009]
  Epoch 15/30:  60%|█████████████████████              | 35/58 [00:01<00:00, 28.69it/s, loss=0.0008]
  Epoch 15/30:  60%|█████████████████████              | 35/58 [00:01<00:00, 28.69it/s, loss=0.0010]
  Epoch 15/30:  66%|██████████████████████▉            | 38/58 [00:01<00:00, 28.04it/s, loss=0.0010]
  Epoch 15/30:  66%|██████████████████████▉            | 38/58 [00:01<00:00, 28.04it/s, loss=0.0025]
  Epoch 15/30:  66%|██████████████████████▉            | 38/58 [00:01<00:00, 28.04it/s, loss=0.0012]
  Epoch 15/30:  66%|██████████████████████▉            | 38/58 [00:01<00:00, 28.04it/s, loss=0.0044]
  Epoch 15/30:  71%|████████████████████████▋          | 41/58 [00:01<00:00, 28.50it/s, loss=0.0044]
  Epoch 15/30:  71%|████████████████████████▋          | 41/58 [00:01<00:00, 28.50it/s, loss=0.0009]
  Epoch 15/30:  71%|████████████████████████▋          | 41/58 [00:01<00:00, 28.50it/s, loss=0.0014]
  Epoch 15/30:  71%|████████████████████████▋          | 41/58 [00:01<00:00, 28.50it/s, loss=0.0007]
  Epoch 15/30:  76%|██████████████████████████▌        | 44/58 [00:01<00:00, 28.17it/s, loss=0.0007]
  Epoch 15/30:  76%|██████████████████████████▌        | 44/58 [00:01<00:00, 28.17it/s, loss=0.0030]
  Epoch 15/30:  76%|██████████████████████████▌        | 44/58 [00:01<00:00, 28.17it/s, loss=0.0034]
  Epoch 15/30:  76%|██████████████████████████▌        | 44/58 [00:01<00:00, 28.17it/s, loss=0.0011]
  Epoch 15/30:  76%|██████████████████████████▌        | 44/58 [00:01<00:00, 28.17it/s, loss=0.0006]
  Epoch 15/30:  83%|████████████████████████████▉      | 48/58 [00:01<00:00, 28.99it/s, loss=0.0006]
  Epoch 15/30:  83%|████████████████████████████▉      | 48/58 [00:01<00:00, 28.99it/s, loss=0.0008]
  Epoch 15/30:  83%|████████████████████████████▉      | 48/58 [00:01<00:00, 28.99it/s, loss=0.0011]
  Epoch 15/30:  83%|████████████████████████████▉      | 48/58 [00:01<00:00, 28.99it/s, loss=0.0012]
  Epoch 15/30:  88%|██████████████████████████████▊    | 51/58 [00:01<00:00, 29.17it/s, loss=0.0012]
  Epoch 15/30:  88%|██████████████████████████████▊    | 51/58 [00:01<00:00, 29.17it/s, loss=0.0016]
  Epoch 15/30:  88%|██████████████████████████████▊    | 51/58 [00:01<00:00, 29.17it/s, loss=0.0013]
  Epoch 15/30:  88%|██████████████████████████████▊    | 51/58 [00:01<00:00, 29.17it/s, loss=0.0009]
  Epoch 15/30:  93%|████████████████████████████████▌  | 54/58 [00:01<00:00, 28.96it/s, loss=0.0009]
  Epoch 15/30:  93%|████████████████████████████████▌  | 54/58 [00:01<00:00, 28.96it/s, loss=0.0008]
  Epoch 15/30:  93%|████████████████████████████████▌  | 54/58 [00:01<00:00, 28.96it/s, loss=0.0007]
  Epoch 15/30:  93%|████████████████████████████████▌  | 54/58 [00:01<00:00, 28.96it/s, loss=0.0015]
  Epoch 15/30:  98%|██████████████████████████████████▍| 57/58 [00:01<00:00, 29.01it/s, loss=0.0015]
  Epoch 15/30:  98%|██████████████████████████████████▍| 57/58 [00:01<00:00, 29.01it/s, loss=0.0009]
                                                                                                    
  Epoch 15/30 │ Loss: 0.0014 │ T+1: 0.4381 │ T+2: 0.3147 │ T+3: 0.1304

  Epoch 16/30:   0%|                                                         | 0/58 [00:00<?, ?it/s]
  Epoch 16/30:   0%|                                            | 0/58 [00:00<?, ?it/s, loss=0.0006]
  Epoch 16/30:   0%|                                            | 0/58 [00:00<?, ?it/s, loss=0.0016]
  Epoch 16/30:   0%|                                            | 0/58 [00:00<?, ?it/s, loss=0.0007]
  Epoch 16/30:   5%|█▊                                  | 3/58 [00:00<00:01, 29.58it/s, loss=0.0007]
  Epoch 16/30:   5%|█▊                                  | 3/58 [00:00<00:01, 29.58it/s, loss=0.0016]
  Epoch 16/30:   5%|█▊                                  | 3/58 [00:00<00:01, 29.58it/s, loss=0.0015]
  Epoch 16/30:   5%|█▊                                  | 3/58 [00:00<00:01, 29.58it/s, loss=0.0015]
  Epoch 16/30:  10%|███▋                                | 6/58 [00:00<00:01, 27.07it/s, loss=0.0015]
  Epoch 16/30:  10%|███▋                                | 6/58 [00:00<00:01, 27.07it/s, loss=0.0011]
  Epoch 16/30:  10%|███▋                                | 6/58 [00:00<00:01, 27.07it/s, loss=0.0026]
  Epoch 16/30:  10%|███▋                                | 6/58 [00:00<00:01, 27.07it/s, loss=0.0005]
  Epoch 16/30:  10%|███▋                                | 6/58 [00:00<00:01, 27.07it/s, loss=0.0024]
  Epoch 16/30:  17%|██████                             | 10/58 [00:00<00:01, 29.95it/s, loss=0.0024]
  Epoch 16/30:  17%|██████                             | 10/58 [00:00<00:01, 29.95it/s, loss=0.0004]
  Epoch 16/30:  17%|██████                             | 10/58 [00:00<00:01, 29.95it/s, loss=0.0006]
  Epoch 16/30:  17%|██████                             | 10/58 [00:00<00:01, 29.95it/s, loss=0.0009]
  Epoch 16/30:  17%|██████                             | 10/58 [00:00<00:01, 29.95it/s, loss=0.0013]
  Epoch 16/30:  24%|████████▍                          | 14/58 [00:00<00:01, 31.96it/s, loss=0.0013]
  Epoch 16/30:  24%|████████▍                          | 14/58 [00:00<00:01, 31.96it/s, loss=0.0018]
  Epoch 16/30:  24%|████████▍                          | 14/58 [00:00<00:01, 31.96it/s, loss=0.0017]
  Epoch 16/30:  24%|████████▍                          | 14/58 [00:00<00:01, 31.96it/s, loss=0.0023]
  Epoch 16/30:  24%|████████▍                          | 14/58 [00:00<00:01, 31.96it/s, loss=0.0023]
  Epoch 16/30:  31%|██████████▊                        | 18/58 [00:00<00:01, 33.58it/s, loss=0.0023]
  Epoch 16/30:  31%|██████████▊                        | 18/58 [00:00<00:01, 33.58it/s, loss=0.0024]
  Epoch 16/30:  31%|██████████▊                        | 18/58 [00:00<00:01, 33.58it/s, loss=0.0010]
  Epoch 16/30:  31%|██████████▊                        | 18/58 [00:00<00:01, 33.58it/s, loss=0.0007]
  Epoch 16/30:  31%|██████████▊                        | 18/58 [00:00<00:01, 33.58it/s, loss=0.0007]
  Epoch 16/30:  38%|█████████████▎                     | 22/58 [00:00<00:01, 34.23it/s, loss=0.0007]
  Epoch 16/30:  38%|█████████████▎                     | 22/58 [00:00<00:01, 34.23it/s, loss=0.0025]
  Epoch 16/30:  38%|█████████████▎                     | 22/58 [00:00<00:01, 34.23it/s, loss=0.0015]
  Epoch 16/30:  38%|█████████████▎                     | 22/58 [00:00<00:01, 34.23it/s, loss=0.0007]
  Epoch 16/30:  38%|█████████████▎                     | 22/58 [00:00<00:01, 34.23it/s, loss=0.0010]
  Epoch 16/30:  45%|███████████████▋                   | 26/58 [00:00<00:00, 33.79it/s, loss=0.0010]
  Epoch 16/30:  45%|███████████████▋                   | 26/58 [00:00<00:00, 33.79it/s, loss=0.0041]
  Epoch 16/30:  45%|███████████████▋                   | 26/58 [00:00<00:00, 33.79it/s, loss=0.0007]
  Epoch 16/30:  45%|███████████████▋                   | 26/58 [00:00<00:00, 33.79it/s, loss=0.0011]
  Epoch 16/30:  45%|███████████████▋                   | 26/58 [00:00<00:00, 33.79it/s, loss=0.0014]
  Epoch 16/30:  52%|██████████████████                 | 30/58 [00:00<00:00, 34.08it/s, loss=0.0014]
  Epoch 16/30:  52%|██████████████████                 | 30/58 [00:00<00:00, 34.08it/s, loss=0.0024]
  Epoch 16/30:  52%|██████████████████                 | 30/58 [00:00<00:00, 34.08it/s, loss=0.0003]
  Epoch 16/30:  52%|██████████████████                 | 30/58 [00:00<00:00, 34.08it/s, loss=0.0005]
  Epoch 16/30:  52%|██████████████████                 | 30/58 [00:01<00:00, 34.08it/s, loss=0.0018]
  Epoch 16/30:  59%|████████████████████▌              | 34/58 [00:01<00:00, 34.59it/s, loss=0.0018]
  Epoch 16/30:  59%|████████████████████▌              | 34/58 [00:01<00:00, 34.59it/s, loss=0.0012]
  Epoch 16/30:  59%|████████████████████▌              | 34/58 [00:01<00:00, 34.59it/s, loss=0.0015]
  Epoch 16/30:  59%|████████████████████▌              | 34/58 [00:01<00:00, 34.59it/s, loss=0.0007]
  Epoch 16/30:  59%|████████████████████▌              | 34/58 [00:01<00:00, 34.59it/s, loss=0.0017]
  Epoch 16/30:  66%|██████████████████████▉            | 38/58 [00:01<00:00, 34.70it/s, loss=0.0017]
  Epoch 16/30:  66%|██████████████████████▉            | 38/58 [00:01<00:00, 34.70it/s, loss=0.0013]
  Epoch 16/30:  66%|██████████████████████▉            | 38/58 [00:01<00:00, 34.70it/s, loss=0.0013]
  Epoch 16/30:  66%|██████████████████████▉            | 38/58 [00:01<00:00, 34.70it/s, loss=0.0010]
  Epoch 16/30:  66%|██████████████████████▉            | 38/58 [00:01<00:00, 34.70it/s, loss=0.0009]
  Epoch 16/30:  72%|█████████████████████████▎         | 42/58 [00:01<00:00, 34.86it/s, loss=0.0009]
  Epoch 16/30:  72%|█████████████████████████▎         | 42/58 [00:01<00:00, 34.86it/s, loss=0.0014]
  Epoch 16/30:  72%|█████████████████████████▎         | 42/58 [00:01<00:00, 34.86it/s, loss=0.0024]
  Epoch 16/30:  72%|█████████████████████████▎         | 42/58 [00:01<00:00, 34.86it/s, loss=0.0010]
  Epoch 16/30:  72%|█████████████████████████▎         | 42/58 [00:01<00:00, 34.86it/s, loss=0.0006]
  Epoch 16/30:  79%|███████████████████████████▊       | 46/58 [00:01<00:00, 34.91it/s, loss=0.0006]
  Epoch 16/30:  79%|███████████████████████████▊       | 46/58 [00:01<00:00, 34.91it/s, loss=0.0014]
  Epoch 16/30:  79%|███████████████████████████▊       | 46/58 [00:01<00:00, 34.91it/s, loss=0.0003]
  Epoch 16/30:  79%|███████████████████████████▊       | 46/58 [00:01<00:00, 34.91it/s, loss=0.0009]
  Epoch 16/30:  79%|███████████████████████████▊       | 46/58 [00:01<00:00, 34.91it/s, loss=0.0018]
  Epoch 16/30:  86%|██████████████████████████████▏    | 50/58 [00:01<00:00, 33.74it/s, loss=0.0018]
  Epoch 16/30:  86%|██████████████████████████████▏    | 50/58 [00:01<00:00, 33.74it/s, loss=0.0009]
  Epoch 16/30:  86%|██████████████████████████████▏    | 50/58 [00:01<00:00, 33.74it/s, loss=0.0012]
  Epoch 16/30:  86%|██████████████████████████████▏    | 50/58 [00:01<00:00, 33.74it/s, loss=0.0011]
  Epoch 16/30:  86%|██████████████████████████████▏    | 50/58 [00:01<00:00, 33.74it/s, loss=0.0007]
  Epoch 16/30:  93%|████████████████████████████████▌  | 54/58 [00:01<00:00, 33.44it/s, loss=0.0007]
  Epoch 16/30:  93%|████████████████████████████████▌  | 54/58 [00:01<00:00, 33.44it/s, loss=0.0025]
  Epoch 16/30:  93%|████████████████████████████████▌  | 54/58 [00:01<00:00, 33.44it/s, loss=0.0021]
  Epoch 16/30:  93%|████████████████████████████████▌  | 54/58 [00:01<00:00, 33.44it/s, loss=0.0015]
  Epoch 16/30:  93%|████████████████████████████████▌  | 54/58 [00:01<00:00, 33.44it/s, loss=0.0004]
  Epoch 16/30: 100%|███████████████████████████████████| 58/58 [00:01<00:00, 34.80it/s, loss=0.0004]
                                                                                                    

  Epoch 17/30:   0%|                                                         | 0/58 [00:00<?, ?it/s]
  Epoch 17/30:   0%|                                            | 0/58 [00:00<?, ?it/s, loss=0.0015]
  Epoch 17/30:   0%|                                            | 0/58 [00:00<?, ?it/s, loss=0.0015]
  Epoch 17/30:   0%|                                            | 0/58 [00:00<?, ?it/s, loss=0.0008]
  Epoch 17/30:   0%|                                            | 0/58 [00:00<?, ?it/s, loss=0.0005]
  Epoch 17/30:   7%|██▍                                 | 4/58 [00:00<00:01, 33.51it/s, loss=0.0005]
  Epoch 17/30:   7%|██▍                                 | 4/58 [00:00<00:01, 33.51it/s, loss=0.0020]
  Epoch 17/30:   7%|██▍                                 | 4/58 [00:00<00:01, 33.51it/s, loss=0.0009]
  Epoch 17/30:   7%|██▍                                 | 4/58 [00:00<00:01, 33.51it/s, loss=0.0013]
  Epoch 17/30:   7%|██▍                                 | 4/58 [00:00<00:01, 33.51it/s, loss=0.0018]
  Epoch 17/30:  14%|████▉                               | 8/58 [00:00<00:01, 31.40it/s, loss=0.0018]
  Epoch 17/30:  14%|████▉                               | 8/58 [00:00<00:01, 31.40it/s, loss=0.0012]
  Epoch 17/30:  14%|████▉                               | 8/58 [00:00<00:01, 31.40it/s, loss=0.0006]
  Epoch 17/30:  14%|████▉                               | 8/58 [00:00<00:01, 31.40it/s, loss=0.0013]
  Epoch 17/30:  14%|████▉                               | 8/58 [00:00<00:01, 31.40it/s, loss=0.0019]
  Epoch 17/30:  21%|███████▏                           | 12/58 [00:00<00:01, 32.61it/s, loss=0.0019]
  Epoch 17/30:  21%|███████▏                           | 12/58 [00:00<00:01, 32.61it/s, loss=0.0008]
  Epoch 17/30:  21%|███████▏                           | 12/58 [00:00<00:01, 32.61it/s, loss=0.0023]
  Epoch 17/30:  21%|███████▏                           | 12/58 [00:00<00:01, 32.61it/s, loss=0.0005]
  Epoch 17/30:  21%|███████▏                           | 12/58 [00:00<00:01, 32.61it/s, loss=0.0006]
  Epoch 17/30:  28%|█████████▋                         | 16/58 [00:00<00:01, 32.11it/s, loss=0.0006]
  Epoch 17/30:  28%|█████████▋                         | 16/58 [00:00<00:01, 32.11it/s, loss=0.0015]
  Epoch 17/30:  28%|█████████▋                         | 16/58 [00:00<00:01, 32.11it/s, loss=0.0005]
  Epoch 17/30:  28%|█████████▋                         | 16/58 [00:00<00:01, 32.11it/s, loss=0.0023]
  Epoch 17/30:  28%|█████████▋                         | 16/58 [00:00<00:01, 32.11it/s, loss=0.0017]
  Epoch 17/30:  34%|████████████                       | 20/58 [00:00<00:01, 33.64it/s, loss=0.0017]
  Epoch 17/30:  34%|████████████                       | 20/58 [00:00<00:01, 33.64it/s, loss=0.0009]
  Epoch 17/30:  34%|████████████                       | 20/58 [00:00<00:01, 33.64it/s, loss=0.0016]
  Epoch 17/30:  34%|████████████                       | 20/58 [00:00<00:01, 33.64it/s, loss=0.0020]
  Epoch 17/30:  34%|████████████                       | 20/58 [00:00<00:01, 33.64it/s, loss=0.0021]
  Epoch 17/30:  41%|██████████████▍                    | 24/58 [00:00<00:01, 33.70it/s, loss=0.0021]
  Epoch 17/30:  41%|██████████████▍                    | 24/58 [00:00<00:01, 33.70it/s, loss=0.0010]
  Epoch 17/30:  41%|██████████████▍                    | 24/58 [00:00<00:01, 33.70it/s, loss=0.0022]
  Epoch 17/30:  41%|██████████████▍                    | 24/58 [00:00<00:01, 33.70it/s, loss=0.0010]
  Epoch 17/30:  41%|██████████████▍                    | 24/58 [00:00<00:01, 33.70it/s, loss=0.0018]
  Epoch 17/30:  48%|████████████████▉                  | 28/58 [00:00<00:00, 35.25it/s, loss=0.0018]
  Epoch 17/30:  48%|████████████████▉                  | 28/58 [00:00<00:00, 35.25it/s, loss=0.0006]
  Epoch 17/30:  48%|████████████████▉                  | 28/58 [00:00<00:00, 35.25it/s, loss=0.0009]
  Epoch 17/30:  48%|████████████████▉                  | 28/58 [00:00<00:00, 35.25it/s, loss=0.0006]
  Epoch 17/30:  48%|████████████████▉                  | 28/58 [00:00<00:00, 35.25it/s, loss=0.0009]
  Epoch 17/30:  55%|███████████████████▎               | 32/58 [00:00<00:00, 34.85it/s, loss=0.0009]
  Epoch 17/30:  55%|███████████████████▎               | 32/58 [00:00<00:00, 34.85it/s, loss=0.0015]
  Epoch 17/30:  55%|███████████████████▎               | 32/58 [00:01<00:00, 34.85it/s, loss=0.0014]
  Epoch 17/30:  55%|███████████████████▎               | 32/58 [00:01<00:00, 34.85it/s, loss=0.0013]
  Epoch 17/30:  55%|███████████████████▎               | 32/58 [00:01<00:00, 34.85it/s, loss=0.0010]
  Epoch 17/30:  62%|█████████████████████▋             | 36/58 [00:01<00:00, 33.12it/s, loss=0.0010]
  Epoch 17/30:  62%|█████████████████████▋             | 36/58 [00:01<00:00, 33.12it/s, loss=0.0018]
  Epoch 17/30:  62%|█████████████████████▋             | 36/58 [00:01<00:00, 33.12it/s, loss=0.0014]
  Epoch 17/30:  62%|█████████████████████▋             | 36/58 [00:01<00:00, 33.12it/s, loss=0.0011]
  Epoch 17/30:  62%|█████████████████████▋             | 36/58 [00:01<00:00, 33.12it/s, loss=0.0012]
  Epoch 17/30:  69%|████████████████████████▏          | 40/58 [00:01<00:00, 33.07it/s, loss=0.0012]
  Epoch 17/30:  69%|████████████████████████▏          | 40/58 [00:01<00:00, 33.07it/s, loss=0.0012]
  Epoch 17/30:  69%|████████████████████████▏          | 40/58 [00:01<00:00, 33.07it/s, loss=0.0020]
  Epoch 17/30:  69%|████████████████████████▏          | 40/58 [00:01<00:00, 33.07it/s, loss=0.0004]
  Epoch 17/30:  69%|████████████████████████▏          | 40/58 [00:01<00:00, 33.07it/s, loss=0.0040]
  Epoch 17/30:  76%|██████████████████████████▌        | 44/58 [00:01<00:00, 33.01it/s, loss=0.0040]
  Epoch 17/30:  76%|██████████████████████████▌        | 44/58 [00:01<00:00, 33.01it/s, loss=0.0008]
  Epoch 17/30:  76%|██████████████████████████▌        | 44/58 [00:01<00:00, 33.01it/s, loss=0.0007]
  Epoch 17/30:  76%|██████████████████████████▌        | 44/58 [00:01<00:00, 33.01it/s, loss=0.0006]
  Epoch 17/30:  76%|██████████████████████████▌        | 44/58 [00:01<00:00, 33.01it/s, loss=0.0012]
  Epoch 17/30:  83%|████████████████████████████▉      | 48/58 [00:01<00:00, 32.24it/s, loss=0.0012]
  Epoch 17/30:  83%|████████████████████████████▉      | 48/58 [00:01<00:00, 32.24it/s, loss=0.0010]
  Epoch 17/30:  83%|████████████████████████████▉      | 48/58 [00:01<00:00, 32.24it/s, loss=0.0026]
  Epoch 17/30:  83%|████████████████████████████▉      | 48/58 [00:01<00:00, 32.24it/s, loss=0.0026]
  Epoch 17/30:  83%|████████████████████████████▉      | 48/58 [00:01<00:00, 32.24it/s, loss=0.0023]
  Epoch 17/30:  90%|███████████████████████████████▍   | 52/58 [00:01<00:00, 30.18it/s, loss=0.0023]
  Epoch 17/30:  90%|███████████████████████████████▍   | 52/58 [00:01<00:00, 30.18it/s, loss=0.0028]
  Epoch 17/30:  90%|███████████████████████████████▍   | 52/58 [00:01<00:00, 30.18it/s, loss=0.0006]
  Epoch 17/30:  90%|███████████████████████████████▍   | 52/58 [00:01<00:00, 30.18it/s, loss=0.0007]
  Epoch 17/30:  90%|███████████████████████████████▍   | 52/58 [00:01<00:00, 30.18it/s, loss=0.0006]
  Epoch 17/30:  97%|█████████████████████████████████▊ | 56/58 [00:01<00:00, 29.58it/s, loss=0.0006]
  Epoch 17/30:  97%|█████████████████████████████████▊ | 56/58 [00:01<00:00, 29.58it/s, loss=0.0016]
  Epoch 17/30:  97%|█████████████████████████████████▊ | 56/58 [00:01<00:00, 29.58it/s, loss=0.0002]
                                                                                                    

  Epoch 18/30:   0%|                                                         | 0/58 [00:00<?, ?it/s]
  Epoch 18/30:   0%|                                            | 0/58 [00:00<?, ?it/s, loss=0.0012]
  Epoch 18/30:   0%|                                            | 0/58 [00:00<?, ?it/s, loss=0.0029]
  Epoch 18/30:   0%|                                            | 0/58 [00:00<?, ?it/s, loss=0.0009]
  Epoch 18/30:   5%|█▊                                  | 3/58 [00:00<00:01, 27.82it/s, loss=0.0009]
  Epoch 18/30:   5%|█▊                                  | 3/58 [00:00<00:01, 27.82it/s, loss=0.0047]
  Epoch 18/30:   5%|█▊                                  | 3/58 [00:00<00:01, 27.82it/s, loss=0.0015]
  Epoch 18/30:   5%|█▊                                  | 3/58 [00:00<00:01, 27.82it/s, loss=0.0007]
  Epoch 18/30:  10%|███▋                                | 6/58 [00:00<00:01, 28.05it/s, loss=0.0007]
  Epoch 18/30:  10%|███▋                                | 6/58 [00:00<00:01, 28.05it/s, loss=0.0008]
  Epoch 18/30:  10%|███▋                                | 6/58 [00:00<00:01, 28.05it/s, loss=0.0014]
  Epoch 18/30:  10%|███▋                                | 6/58 [00:00<00:01, 28.05it/s, loss=0.0010]
  Epoch 18/30:  16%|█████▌                              | 9/58 [00:00<00:01, 28.77it/s, loss=0.0010]
  Epoch 18/30:  16%|█████▌                              | 9/58 [00:00<00:01, 28.77it/s, loss=0.0010]
  Epoch 18/30:  16%|█████▌                              | 9/58 [00:00<00:01, 28.77it/s, loss=0.0014]
  Epoch 18/30:  16%|█████▌                              | 9/58 [00:00<00:01, 28.77it/s, loss=0.0013]
  Epoch 18/30:  16%|█████▌                              | 9/58 [00:00<00:01, 28.77it/s, loss=0.0016]
  Epoch 18/30:  22%|███████▊                           | 13/58 [00:00<00:01, 29.21it/s, loss=0.0016]
  Epoch 18/30:  22%|███████▊                           | 13/58 [00:00<00:01, 29.21it/s, loss=0.0013]
  Epoch 18/30:  22%|███████▊                           | 13/58 [00:00<00:01, 29.21it/s, loss=0.0011]
  Epoch 18/30:  22%|███████▊                           | 13/58 [00:00<00:01, 29.21it/s, loss=0.0019]
  Epoch 18/30:  28%|█████████▋                         | 16/58 [00:00<00:01, 28.54it/s, loss=0.0019]
  Epoch 18/30:  28%|█████████▋                         | 16/58 [00:00<00:01, 28.54it/s, loss=0.0020]
  Epoch 18/30:  28%|█████████▋                         | 16/58 [00:00<00:01, 28.54it/s, loss=0.0019]
  Epoch 18/30:  28%|█████████▋                         | 16/58 [00:00<00:01, 28.54it/s, loss=0.0010]
  Epoch 18/30:  33%|███████████▍                       | 19/58 [00:00<00:01, 28.95it/s, loss=0.0010]
  Epoch 18/30:  33%|███████████▍                       | 19/58 [00:00<00:01, 28.95it/s, loss=0.0007]
  Epoch 18/30:  33%|███████████▍                       | 19/58 [00:00<00:01, 28.95it/s, loss=0.0017]
  Epoch 18/30:  33%|███████████▍                       | 19/58 [00:00<00:01, 28.95it/s, loss=0.0008]
  Epoch 18/30:  33%|███████████▍                       | 19/58 [00:00<00:01, 28.95it/s, loss=0.0014]
  Epoch 18/30:  40%|█████████████▉                     | 23/58 [00:00<00:01, 30.48it/s, loss=0.0014]
  Epoch 18/30:  40%|█████████████▉                     | 23/58 [00:00<00:01, 30.48it/s, loss=0.0014]
  Epoch 18/30:  40%|█████████████▉                     | 23/58 [00:00<00:01, 30.48it/s, loss=0.0008]
  Epoch 18/30:  40%|█████████████▉                     | 23/58 [00:00<00:01, 30.48it/s, loss=0.0018]
  Epoch 18/30:  40%|█████████████▉                     | 23/58 [00:00<00:01, 30.48it/s, loss=0.0021]
  Epoch 18/30:  47%|████████████████▎                  | 27/58 [00:00<00:01, 30.77it/s, loss=0.0021]
  Epoch 18/30:  47%|████████████████▎                  | 27/58 [00:00<00:01, 30.77it/s, loss=0.0011]
  Epoch 18/30:  47%|████████████████▎                  | 27/58 [00:00<00:01, 30.77it/s, loss=0.0010]
  Epoch 18/30:  47%|████████████████▎                  | 27/58 [00:01<00:01, 30.77it/s, loss=0.0005]
  Epoch 18/30:  47%|████████████████▎                  | 27/58 [00:01<00:01, 30.77it/s, loss=0.0024]
  Epoch 18/30:  53%|██████████████████▋                | 31/58 [00:01<00:00, 30.71it/s, loss=0.0024]
  Epoch 18/30:  53%|██████████████████▋                | 31/58 [00:01<00:00, 30.71it/s, loss=0.0005]
  Epoch 18/30:  53%|██████████████████▋                | 31/58 [00:01<00:00, 30.71it/s, loss=0.0009]
  Epoch 18/30:  53%|██████████████████▋                | 31/58 [00:01<00:00, 30.71it/s, loss=0.0004]
  Epoch 18/30:  53%|██████████████████▋                | 31/58 [00:01<00:00, 30.71it/s, loss=0.0004]
  Epoch 18/30:  60%|█████████████████████              | 35/58 [00:01<00:00, 30.51it/s, loss=0.0004]
  Epoch 18/30:  60%|█████████████████████              | 35/58 [00:01<00:00, 30.51it/s, loss=0.0008]
  Epoch 18/30:  60%|█████████████████████              | 35/58 [00:01<00:00, 30.51it/s, loss=0.0009]
  Epoch 18/30:  60%|█████████████████████              | 35/58 [00:01<00:00, 30.51it/s, loss=0.0007]
  Epoch 18/30:  60%|█████████████████████              | 35/58 [00:01<00:00, 30.51it/s, loss=0.0015]
  Epoch 18/30:  67%|███████████████████████▌           | 39/58 [00:01<00:00, 29.74it/s, loss=0.0015]
  Epoch 18/30:  67%|███████████████████████▌           | 39/58 [00:01<00:00, 29.74it/s, loss=0.0003]
  Epoch 18/30:  67%|███████████████████████▌           | 39/58 [00:01<00:00, 29.74it/s, loss=0.0009]
  Epoch 18/30:  67%|███████████████████████▌           | 39/58 [00:01<00:00, 29.74it/s, loss=0.0008]
  Epoch 18/30:  67%|███████████████████████▌           | 39/58 [00:01<00:00, 29.74it/s, loss=0.0023]
  Epoch 18/30:  74%|█████████████████████████▉         | 43/58 [00:01<00:00, 29.92it/s, loss=0.0023]
  Epoch 18/30:  74%|█████████████████████████▉         | 43/58 [00:01<00:00, 29.92it/s, loss=0.0014]
  Epoch 18/30:  74%|█████████████████████████▉         | 43/58 [00:01<00:00, 29.92it/s, loss=0.0013]
  Epoch 18/30:  74%|█████████████████████████▉         | 43/58 [00:01<00:00, 29.92it/s, loss=0.0008]
  Epoch 18/30:  79%|███████████████████████████▊       | 46/58 [00:01<00:00, 29.44it/s, loss=0.0008]
  Epoch 18/30:  79%|███████████████████████████▊       | 46/58 [00:01<00:00, 29.44it/s, loss=0.0018]
  Epoch 18/30:  79%|███████████████████████████▊       | 46/58 [00:01<00:00, 29.44it/s, loss=0.0024]
  Epoch 18/30:  79%|███████████████████████████▊       | 46/58 [00:01<00:00, 29.44it/s, loss=0.0006]
  Epoch 18/30:  84%|█████████████████████████████▌     | 49/58 [00:01<00:00, 28.88it/s, loss=0.0006]
  Epoch 18/30:  84%|█████████████████████████████▌     | 49/58 [00:01<00:00, 28.88it/s, loss=0.0020]
  Epoch 18/30:  84%|█████████████████████████████▌     | 49/58 [00:01<00:00, 28.88it/s, loss=0.0011]
  Epoch 18/30:  84%|█████████████████████████████▌     | 49/58 [00:01<00:00, 28.88it/s, loss=0.0008]
  Epoch 18/30:  90%|███████████████████████████████▍   | 52/58 [00:01<00:00, 28.06it/s, loss=0.0008]
  Epoch 18/30:  90%|███████████████████████████████▍   | 52/58 [00:01<00:00, 28.06it/s, loss=0.0033]
  Epoch 18/30:  90%|███████████████████████████████▍   | 52/58 [00:01<00:00, 28.06it/s, loss=0.0010]
  Epoch 18/30:  90%|███████████████████████████████▍   | 52/58 [00:01<00:00, 28.06it/s, loss=0.0016]
  Epoch 18/30:  95%|█████████████████████████████████▏ | 55/58 [00:01<00:00, 28.33it/s, loss=0.0016]
  Epoch 18/30:  95%|█████████████████████████████████▏ | 55/58 [00:01<00:00, 28.33it/s, loss=0.0004]
  Epoch 18/30:  95%|█████████████████████████████████▏ | 55/58 [00:01<00:00, 28.33it/s, loss=0.0019]
  Epoch 18/30:  95%|█████████████████████████████████▏ | 55/58 [00:01<00:00, 28.33it/s, loss=0.0002]
                                                                                                    

  Epoch 19/30:   0%|                                                         | 0/58 [00:00<?, ?it/s]
  Epoch 19/30:   0%|                                            | 0/58 [00:00<?, ?it/s, loss=0.0005]
  Epoch 19/30:   0%|                                            | 0/58 [00:00<?, ?it/s, loss=0.0010]
  Epoch 19/30:   0%|                                            | 0/58 [00:00<?, ?it/s, loss=0.0010]
  Epoch 19/30:   5%|█▊                                  | 3/58 [00:00<00:01, 27.75it/s, loss=0.0010]
  Epoch 19/30:   5%|█▊                                  | 3/58 [00:00<00:01, 27.75it/s, loss=0.0015]
  Epoch 19/30:   5%|█▊                                  | 3/58 [00:00<00:01, 27.75it/s, loss=0.0012]
  Epoch 19/30:   5%|█▊                                  | 3/58 [00:00<00:01, 27.75it/s, loss=0.0019]
  Epoch 19/30:  10%|███▋                                | 6/58 [00:00<00:01, 26.72it/s, loss=0.0019]
  Epoch 19/30:  10%|███▋                                | 6/58 [00:00<00:01, 26.72it/s, loss=0.0005]
  Epoch 19/30:  10%|███▋                                | 6/58 [00:00<00:01, 26.72it/s, loss=0.0016]
  Epoch 19/30:  10%|███▋                                | 6/58 [00:00<00:01, 26.72it/s, loss=0.0008]
  Epoch 19/30:  16%|█████▌                              | 9/58 [00:00<00:01, 26.81it/s, loss=0.0008]
  Epoch 19/30:  16%|█████▌                              | 9/58 [00:00<00:01, 26.81it/s, loss=0.0010]
  Epoch 19/30:  16%|█████▌                              | 9/58 [00:00<00:01, 26.81it/s, loss=0.0013]
  Epoch 19/30:  16%|█████▌                              | 9/58 [00:00<00:01, 26.81it/s, loss=0.0005]
  Epoch 19/30:  21%|███████▏                           | 12/58 [00:00<00:01, 27.37it/s, loss=0.0005]
  Epoch 19/30:  21%|███████▏                           | 12/58 [00:00<00:01, 27.37it/s, loss=0.0009]
  Epoch 19/30:  21%|███████▏                           | 12/58 [00:00<00:01, 27.37it/s, loss=0.0012]
  Epoch 19/30:  21%|███████▏                           | 12/58 [00:00<00:01, 27.37it/s, loss=0.0008]
  Epoch 19/30:  26%|█████████                          | 15/58 [00:00<00:01, 27.09it/s, loss=0.0008]
  Epoch 19/30:  26%|█████████                          | 15/58 [00:00<00:01, 27.09it/s, loss=0.0003]
  Epoch 19/30:  26%|█████████                          | 15/58 [00:00<00:01, 27.09it/s, loss=0.0007]
  Epoch 19/30:  26%|█████████                          | 15/58 [00:00<00:01, 27.09it/s, loss=0.0023]
  Epoch 19/30:  31%|██████████▊                        | 18/58 [00:00<00:01, 26.55it/s, loss=0.0023]
  Epoch 19/30:  31%|██████████▊                        | 18/58 [00:00<00:01, 26.55it/s, loss=0.0019]
  Epoch 19/30:  31%|██████████▊                        | 18/58 [00:00<00:01, 26.55it/s, loss=0.0010]
  Epoch 19/30:  31%|██████████▊                        | 18/58 [00:00<00:01, 26.55it/s, loss=0.0011]
  Epoch 19/30:  36%|████████████▋                      | 21/58 [00:00<00:01, 26.30it/s, loss=0.0011]
  Epoch 19/30:  36%|████████████▋                      | 21/58 [00:00<00:01, 26.30it/s, loss=0.0026]
  Epoch 19/30:  36%|████████████▋                      | 21/58 [00:00<00:01, 26.30it/s, loss=0.0012]
  Epoch 19/30:  36%|████████████▋                      | 21/58 [00:00<00:01, 26.30it/s, loss=0.0005]
  Epoch 19/30:  41%|██████████████▍                    | 24/58 [00:00<00:01, 26.51it/s, loss=0.0005]
  Epoch 19/30:  41%|██████████████▍                    | 24/58 [00:00<00:01, 26.51it/s, loss=0.0013]
  Epoch 19/30:  41%|██████████████▍                    | 24/58 [00:00<00:01, 26.51it/s, loss=0.0012]
  Epoch 19/30:  41%|██████████████▍                    | 24/58 [00:01<00:01, 26.51it/s, loss=0.0022]
  Epoch 19/30:  47%|████████████████▎                  | 27/58 [00:01<00:01, 26.67it/s, loss=0.0022]
  Epoch 19/30:  47%|████████████████▎                  | 27/58 [00:01<00:01, 26.67it/s, loss=0.0005]
  Epoch 19/30:  47%|████████████████▎                  | 27/58 [00:01<00:01, 26.67it/s, loss=0.0022]
  Epoch 19/30:  47%|████████████████▎                  | 27/58 [00:01<00:01, 26.67it/s, loss=0.0007]
  Epoch 19/30:  52%|██████████████████                 | 30/58 [00:01<00:01, 26.48it/s, loss=0.0007]
  Epoch 19/30:  52%|██████████████████                 | 30/58 [00:01<00:01, 26.48it/s, loss=0.0013]
  Epoch 19/30:  52%|██████████████████                 | 30/58 [00:01<00:01, 26.48it/s, loss=0.0023]
  Epoch 19/30:  52%|██████████████████                 | 30/58 [00:01<00:01, 26.48it/s, loss=0.0007]
  Epoch 19/30:  57%|███████████████████▉               | 33/58 [00:01<00:00, 26.83it/s, loss=0.0007]
  Epoch 19/30:  57%|███████████████████▉               | 33/58 [00:01<00:00, 26.83it/s, loss=0.0006]
  Epoch 19/30:  57%|███████████████████▉               | 33/58 [00:01<00:00, 26.83it/s, loss=0.0010]
  Epoch 19/30:  57%|███████████████████▉               | 33/58 [00:01<00:00, 26.83it/s, loss=0.0017]
  Epoch 19/30:  62%|█████████████████████▋             | 36/58 [00:01<00:00, 26.85it/s, loss=0.0017]
  Epoch 19/30:  62%|█████████████████████▋             | 36/58 [00:01<00:00, 26.85it/s, loss=0.0031]
  Epoch 19/30:  62%|█████████████████████▋             | 36/58 [00:01<00:00, 26.85it/s, loss=0.0021]
  Epoch 19/30:  62%|█████████████████████▋             | 36/58 [00:01<00:00, 26.85it/s, loss=0.0007]
  Epoch 19/30:  67%|███████████████████████▌           | 39/58 [00:01<00:00, 27.27it/s, loss=0.0007]
  Epoch 19/30:  67%|███████████████████████▌           | 39/58 [00:01<00:00, 27.27it/s, loss=0.0026]
  Epoch 19/30:  67%|███████████████████████▌           | 39/58 [00:01<00:00, 27.27it/s, loss=0.0005]
  Epoch 19/30:  67%|███████████████████████▌           | 39/58 [00:01<00:00, 27.27it/s, loss=0.0028]
  Epoch 19/30:  72%|█████████████████████████▎         | 42/58 [00:01<00:00, 27.34it/s, loss=0.0028]
  Epoch 19/30:  72%|█████████████████████████▎         | 42/58 [00:01<00:00, 27.34it/s, loss=0.0007]
  Epoch 19/30:  72%|█████████████████████████▎         | 42/58 [00:01<00:00, 27.34it/s, loss=0.0006]
  Epoch 19/30:  72%|█████████████████████████▎         | 42/58 [00:01<00:00, 27.34it/s, loss=0.0014]
  Epoch 19/30:  72%|█████████████████████████▎         | 42/58 [00:01<00:00, 27.34it/s, loss=0.0005]
  Epoch 19/30:  79%|███████████████████████████▊       | 46/58 [00:01<00:00, 28.90it/s, loss=0.0005]
  Epoch 19/30:  79%|███████████████████████████▊       | 46/58 [00:01<00:00, 28.90it/s, loss=0.0030]
  Epoch 19/30:  79%|███████████████████████████▊       | 46/58 [00:01<00:00, 28.90it/s, loss=0.0009]
  Epoch 19/30:  79%|███████████████████████████▊       | 46/58 [00:01<00:00, 28.90it/s, loss=0.0011]
  Epoch 19/30:  84%|█████████████████████████████▌     | 49/58 [00:01<00:00, 29.02it/s, loss=0.0011]
  Epoch 19/30:  84%|█████████████████████████████▌     | 49/58 [00:01<00:00, 29.02it/s, loss=0.0031]
  Epoch 19/30:  84%|█████████████████████████████▌     | 49/58 [00:01<00:00, 29.02it/s, loss=0.0033]
  Epoch 19/30:  84%|█████████████████████████████▌     | 49/58 [00:01<00:00, 29.02it/s, loss=0.0013]
  Epoch 19/30:  84%|█████████████████████████████▌     | 49/58 [00:01<00:00, 29.02it/s, loss=0.0008]
  Epoch 19/30:  91%|███████████████████████████████▉   | 53/58 [00:01<00:00, 30.00it/s, loss=0.0008]
  Epoch 19/30:  91%|███████████████████████████████▉   | 53/58 [00:01<00:00, 30.00it/s, loss=0.0006]
  Epoch 19/30:  91%|███████████████████████████████▉   | 53/58 [00:01<00:00, 30.00it/s, loss=0.0007]
  Epoch 19/30:  91%|███████████████████████████████▉   | 53/58 [00:02<00:00, 30.00it/s, loss=0.0010]
  Epoch 19/30:  97%|█████████████████████████████████▊ | 56/58 [00:02<00:00, 29.82it/s, loss=0.0010]
  Epoch 19/30:  97%|█████████████████████████████████▊ | 56/58 [00:02<00:00, 29.82it/s, loss=0.0007]
  Epoch 19/30:  97%|█████████████████████████████████▊ | 56/58 [00:02<00:00, 29.82it/s, loss=0.0000]
                                                                                                    

  Epoch 20/30:   0%|                                                         | 0/58 [00:00<?, ?it/s]
  Epoch 20/30:   0%|                                            | 0/58 [00:00<?, ?it/s, loss=0.0021]
  Epoch 20/30:   0%|                                            | 0/58 [00:00<?, ?it/s, loss=0.0017]
  Epoch 20/30:   0%|                                            | 0/58 [00:00<?, ?it/s, loss=0.0010]
  Epoch 20/30:   5%|█▊                                  | 3/58 [00:00<00:01, 29.92it/s, loss=0.0010]
  Epoch 20/30:   5%|█▊                                  | 3/58 [00:00<00:01, 29.92it/s, loss=0.0017]
  Epoch 20/30:   5%|█▊                                  | 3/58 [00:00<00:01, 29.92it/s, loss=0.0012]
  Epoch 20/30:   5%|█▊                                  | 3/58 [00:00<00:01, 29.92it/s, loss=0.0013]
  Epoch 20/30:  10%|███▋                                | 6/58 [00:00<00:01, 28.58it/s, loss=0.0013]
  Epoch 20/30:  10%|███▋                                | 6/58 [00:00<00:01, 28.58it/s, loss=0.0013]
  Epoch 20/30:  10%|███▋                                | 6/58 [00:00<00:01, 28.58it/s, loss=0.0017]
  Epoch 20/30:  10%|███▋                                | 6/58 [00:00<00:01, 28.58it/s, loss=0.0018]
  Epoch 20/30:  16%|█████▌                              | 9/58 [00:00<00:01, 27.92it/s, loss=0.0018]
  Epoch 20/30:  16%|█████▌                              | 9/58 [00:00<00:01, 27.92it/s, loss=0.0010]
  Epoch 20/30:  16%|█████▌                              | 9/58 [00:00<00:01, 27.92it/s, loss=0.0025]
  Epoch 20/30:  16%|█████▌                              | 9/58 [00:00<00:01, 27.92it/s, loss=0.0005]
  Epoch 20/30:  21%|███████▏                           | 12/58 [00:00<00:01, 27.53it/s, loss=0.0005]
  Epoch 20/30:  21%|███████▏                           | 12/58 [00:00<00:01, 27.53it/s, loss=0.0017]
  Epoch 20/30:  21%|███████▏                           | 12/58 [00:00<00:01, 27.53it/s, loss=0.0008]
  Epoch 20/30:  21%|███████▏                           | 12/58 [00:00<00:01, 27.53it/s, loss=0.0012]
  Epoch 20/30:  26%|█████████                          | 15/58 [00:00<00:01, 27.62it/s, loss=0.0012]
  Epoch 20/30:  26%|█████████                          | 15/58 [00:00<00:01, 27.62it/s, loss=0.0015]
  Epoch 20/30:  26%|█████████                          | 15/58 [00:00<00:01, 27.62it/s, loss=0.0026]
  Epoch 20/30:  26%|█████████                          | 15/58 [00:00<00:01, 27.62it/s, loss=0.0018]
  Epoch 20/30:  31%|██████████▊                        | 18/58 [00:00<00:01, 27.74it/s, loss=0.0018]
  Epoch 20/30:  31%|██████████▊                        | 18/58 [00:00<00:01, 27.74it/s, loss=0.0024]
  Epoch 20/30:  31%|██████████▊                        | 18/58 [00:00<00:01, 27.74it/s, loss=0.0008]
  Epoch 20/30:  31%|██████████▊                        | 18/58 [00:00<00:01, 27.74it/s, loss=0.0008]
  Epoch 20/30:  36%|████████████▋                      | 21/58 [00:00<00:01, 27.40it/s, loss=0.0008]
  Epoch 20/30:  36%|████████████▋                      | 21/58 [00:00<00:01, 27.40it/s, loss=0.0007]
  Epoch 20/30:  36%|████████████▋                      | 21/58 [00:00<00:01, 27.40it/s, loss=0.0020]
  Epoch 20/30:  36%|████████████▋                      | 21/58 [00:00<00:01, 27.40it/s, loss=0.0004]
  Epoch 20/30:  36%|████████████▋                      | 21/58 [00:00<00:01, 27.40it/s, loss=0.0016]
  Epoch 20/30:  43%|███████████████                    | 25/58 [00:00<00:01, 28.22it/s, loss=0.0016]
  Epoch 20/30:  43%|███████████████                    | 25/58 [00:00<00:01, 28.22it/s, loss=0.0012]
  Epoch 20/30:  43%|███████████████                    | 25/58 [00:00<00:01, 28.22it/s, loss=0.0003]
  Epoch 20/30:  43%|███████████████                    | 25/58 [00:00<00:01, 28.22it/s, loss=0.0010]
  Epoch 20/30:  48%|████████████████▉                  | 28/58 [00:00<00:01, 28.31it/s, loss=0.0010]
  Epoch 20/30:  48%|████████████████▉                  | 28/58 [00:01<00:01, 28.31it/s, loss=0.0011]
  Epoch 20/30:  48%|████████████████▉                  | 28/58 [00:01<00:01, 28.31it/s, loss=0.0014]
  Epoch 20/30:  48%|████████████████▉                  | 28/58 [00:01<00:01, 28.31it/s, loss=0.0014]
  Epoch 20/30:  53%|██████████████████▋                | 31/58 [00:01<00:01, 20.51it/s, loss=0.0014]
  Epoch 20/30:  53%|██████████████████▋                | 31/58 [00:01<00:01, 20.51it/s, loss=0.0015]
  Epoch 20/30:  53%|██████████████████▋                | 31/58 [00:01<00:01, 20.51it/s, loss=0.0009]
  Epoch 20/30:  53%|██████████████████▋                | 31/58 [00:01<00:01, 20.51it/s, loss=0.0019]
  Epoch 20/30:  59%|████████████████████▌              | 34/58 [00:01<00:01, 22.45it/s, loss=0.0019]
  Epoch 20/30:  59%|████████████████████▌              | 34/58 [00:01<00:01, 22.45it/s, loss=0.0005]
  Epoch 20/30:  59%|████████████████████▌              | 34/58 [00:01<00:01, 22.45it/s, loss=0.0004]
  Epoch 20/30:  59%|████████████████████▌              | 34/58 [00:01<00:01, 22.45it/s, loss=0.0006]
  Epoch 20/30:  64%|██████████████████████▎            | 37/58 [00:01<00:00, 23.04it/s, loss=0.0006]
  Epoch 20/30:  64%|██████████████████████▎            | 37/58 [00:01<00:00, 23.04it/s, loss=0.0006]
  Epoch 20/30:  64%|██████████████████████▎            | 37/58 [00:01<00:00, 23.04it/s, loss=0.0014]
  Epoch 20/30:  64%|██████████████████████▎            | 37/58 [00:01<00:00, 23.04it/s, loss=0.0014]
  Epoch 20/30:  69%|████████████████████████▏          | 40/58 [00:01<00:00, 22.47it/s, loss=0.0014]
  Epoch 20/30:  69%|████████████████████████▏          | 40/58 [00:01<00:00, 22.47it/s, loss=0.0003]
  Epoch 20/30:  69%|████████████████████████▏          | 40/58 [00:01<00:00, 22.47it/s, loss=0.0025]
  Epoch 20/30:  69%|████████████████████████▏          | 40/58 [00:01<00:00, 22.47it/s, loss=0.0012]
  Epoch 20/30:  74%|█████████████████████████▉         | 43/58 [00:01<00:00, 22.03it/s, loss=0.0012]
  Epoch 20/30:  74%|█████████████████████████▉         | 43/58 [00:01<00:00, 22.03it/s, loss=0.0004]
  Epoch 20/30:  74%|█████████████████████████▉         | 43/58 [00:01<00:00, 22.03it/s, loss=0.0007]
  Epoch 20/30:  74%|█████████████████████████▉         | 43/58 [00:01<00:00, 22.03it/s, loss=0.0031]
  Epoch 20/30:  79%|███████████████████████████▊       | 46/58 [00:01<00:00, 22.67it/s, loss=0.0031]
  Epoch 20/30:  79%|███████████████████████████▊       | 46/58 [00:01<00:00, 22.67it/s, loss=0.0003]
  Epoch 20/30:  79%|███████████████████████████▊       | 46/58 [00:01<00:00, 22.67it/s, loss=0.0008]
  Epoch 20/30:  79%|███████████████████████████▊       | 46/58 [00:02<00:00, 22.67it/s, loss=0.0027]
  Epoch 20/30:  84%|█████████████████████████████▌     | 49/58 [00:02<00:00, 22.65it/s, loss=0.0027]
  Epoch 20/30:  84%|█████████████████████████████▌     | 49/58 [00:02<00:00, 22.65it/s, loss=0.0006]
  Epoch 20/30:  84%|█████████████████████████████▌     | 49/58 [00:02<00:00, 22.65it/s, loss=0.0010]
  Epoch 20/30:  84%|█████████████████████████████▌     | 49/58 [00:02<00:00, 22.65it/s, loss=0.0025]
  Epoch 20/30:  90%|███████████████████████████████▍   | 52/58 [00:02<00:00, 23.41it/s, loss=0.0025]
  Epoch 20/30:  90%|███████████████████████████████▍   | 52/58 [00:02<00:00, 23.41it/s, loss=0.0010]
  Epoch 20/30:  90%|███████████████████████████████▍   | 52/58 [00:02<00:00, 23.41it/s, loss=0.0007]
  Epoch 20/30:  90%|███████████████████████████████▍   | 52/58 [00:02<00:00, 23.41it/s, loss=0.0007]
  Epoch 20/30:  95%|█████████████████████████████████▏ | 55/58 [00:02<00:00, 24.04it/s, loss=0.0007]
  Epoch 20/30:  95%|█████████████████████████████████▏ | 55/58 [00:02<00:00, 24.04it/s, loss=0.0019]
  Epoch 20/30:  95%|█████████████████████████████████▏ | 55/58 [00:02<00:00, 24.04it/s, loss=0.0023]
  Epoch 20/30:  95%|█████████████████████████████████▏ | 55/58 [00:02<00:00, 24.04it/s, loss=0.0005]
                                                                                                    
  Epoch 20/30 │ Loss: 0.0013 │ T+1: 0.5010 │ T+2: 0.3290 │ T+3: 0.1889 ★ NEW BEST

  Epoch 21/30:   0%|                                                         | 0/58 [00:00<?, ?it/s]
  Epoch 21/30:   0%|                                            | 0/58 [00:00<?, ?it/s, loss=0.0006]
  Epoch 21/30:   0%|                                            | 0/58 [00:00<?, ?it/s, loss=0.0011]
  Epoch 21/30:   0%|                                            | 0/58 [00:00<?, ?it/s, loss=0.0006]
  Epoch 21/30:   5%|█▊                                  | 3/58 [00:00<00:01, 28.44it/s, loss=0.0006]
  Epoch 21/30:   5%|█▊                                  | 3/58 [00:00<00:01, 28.44it/s, loss=0.0011]
  Epoch 21/30:   5%|█▊                                  | 3/58 [00:00<00:01, 28.44it/s, loss=0.0037]
  Epoch 21/30:   5%|█▊                                  | 3/58 [00:00<00:01, 28.44it/s, loss=0.0039]
  Epoch 21/30:  10%|███▋                                | 6/58 [00:00<00:01, 29.13it/s, loss=0.0039]
  Epoch 21/30:  10%|███▋                                | 6/58 [00:00<00:01, 29.13it/s, loss=0.0024]
  Epoch 21/30:  10%|███▋                                | 6/58 [00:00<00:01, 29.13it/s, loss=0.0014]
  Epoch 21/30:  10%|███▋                                | 6/58 [00:00<00:01, 29.13it/s, loss=0.0010]
  Epoch 21/30:  10%|███▋                                | 6/58 [00:00<00:01, 29.13it/s, loss=0.0024]
  Epoch 21/30:  17%|██████                             | 10/58 [00:00<00:01, 32.00it/s, loss=0.0024]
  Epoch 21/30:  17%|██████                             | 10/58 [00:00<00:01, 32.00it/s, loss=0.0011]
  Epoch 21/30:  17%|██████                             | 10/58 [00:00<00:01, 32.00it/s, loss=0.0014]
  Epoch 21/30:  17%|██████                             | 10/58 [00:00<00:01, 32.00it/s, loss=0.0009]
  Epoch 21/30:  17%|██████                             | 10/58 [00:00<00:01, 32.00it/s, loss=0.0010]
  Epoch 21/30:  24%|████████▍                          | 14/58 [00:00<00:01, 30.82it/s, loss=0.0010]
  Epoch 21/30:  24%|████████▍                          | 14/58 [00:00<00:01, 30.82it/s, loss=0.0015]
  Epoch 21/30:  24%|████████▍                          | 14/58 [00:00<00:01, 30.82it/s, loss=0.0017]
  Epoch 21/30:  24%|████████▍                          | 14/58 [00:00<00:01, 30.82it/s, loss=0.0007]
  Epoch 21/30:  24%|████████▍                          | 14/58 [00:00<00:01, 30.82it/s, loss=0.0012]
  Epoch 21/30:  31%|██████████▊                        | 18/58 [00:00<00:01, 30.93it/s, loss=0.0012]
  Epoch 21/30:  31%|██████████▊                        | 18/58 [00:00<00:01, 30.93it/s, loss=0.0007]
  Epoch 21/30:  31%|██████████▊                        | 18/58 [00:00<00:01, 30.93it/s, loss=0.0022]
  Epoch 21/30:  31%|██████████▊                        | 18/58 [00:00<00:01, 30.93it/s, loss=0.0008]
  Epoch 21/30:  31%|██████████▊                        | 18/58 [00:00<00:01, 30.93it/s, loss=0.0015]
  Epoch 21/30:  38%|█████████████▎                     | 22/58 [00:00<00:01, 31.51it/s, loss=0.0015]
  Epoch 21/30:  38%|█████████████▎                     | 22/58 [00:00<00:01, 31.51it/s, loss=0.0010]
  Epoch 21/30:  38%|█████████████▎                     | 22/58 [00:00<00:01, 31.51it/s, loss=0.0012]
  Epoch 21/30:  38%|█████████████▎                     | 22/58 [00:00<00:01, 31.51it/s, loss=0.0009]
  Epoch 21/30:  38%|█████████████▎                     | 22/58 [00:00<00:01, 31.51it/s, loss=0.0008]
  Epoch 21/30:  45%|███████████████▋                   | 26/58 [00:00<00:00, 32.79it/s, loss=0.0008]
  Epoch 21/30:  45%|███████████████▋                   | 26/58 [00:00<00:00, 32.79it/s, loss=0.0006]
  Epoch 21/30:  45%|███████████████▋                   | 26/58 [00:00<00:00, 32.79it/s, loss=0.0013]
  Epoch 21/30:  45%|███████████████▋                   | 26/58 [00:00<00:00, 32.79it/s, loss=0.0037]
  Epoch 21/30:  45%|███████████████▋                   | 26/58 [00:00<00:00, 32.79it/s, loss=0.0007]
  Epoch 21/30:  52%|██████████████████                 | 30/58 [00:00<00:00, 31.69it/s, loss=0.0007]
  Epoch 21/30:  52%|██████████████████                 | 30/58 [00:00<00:00, 31.69it/s, loss=0.0021]
  Epoch 21/30:  52%|██████████████████                 | 30/58 [00:01<00:00, 31.69it/s, loss=0.0011]
  Epoch 21/30:  52%|██████████████████                 | 30/58 [00:01<00:00, 31.69it/s, loss=0.0006]
  Epoch 21/30:  52%|██████████████████                 | 30/58 [00:01<00:00, 31.69it/s, loss=0.0018]
  Epoch 21/30:  59%|████████████████████▌              | 34/58 [00:01<00:00, 31.78it/s, loss=0.0018]
  Epoch 21/30:  59%|████████████████████▌              | 34/58 [00:01<00:00, 31.78it/s, loss=0.0007]
  Epoch 21/30:  59%|████████████████████▌              | 34/58 [00:01<00:00, 31.78it/s, loss=0.0019]
  Epoch 21/30:  59%|████████████████████▌              | 34/58 [00:01<00:00, 31.78it/s, loss=0.0009]
  Epoch 21/30:  59%|████████████████████▌              | 34/58 [00:01<00:00, 31.78it/s, loss=0.0022]
  Epoch 21/30:  66%|██████████████████████▉            | 38/58 [00:01<00:00, 31.90it/s, loss=0.0022]
  Epoch 21/30:  66%|██████████████████████▉            | 38/58 [00:01<00:00, 31.90it/s, loss=0.0012]
  Epoch 21/30:  66%|██████████████████████▉            | 38/58 [00:01<00:00, 31.90it/s, loss=0.0008]
  Epoch 21/30:  66%|██████████████████████▉            | 38/58 [00:01<00:00, 31.90it/s, loss=0.0005]
  Epoch 21/30:  66%|██████████████████████▉            | 38/58 [00:01<00:00, 31.90it/s, loss=0.0007]
  Epoch 21/30:  72%|█████████████████████████▎         | 42/58 [00:01<00:00, 31.37it/s, loss=0.0007]
  Epoch 21/30:  72%|█████████████████████████▎         | 42/58 [00:01<00:00, 31.37it/s, loss=0.0023]
  Epoch 21/30:  72%|█████████████████████████▎         | 42/58 [00:01<00:00, 31.37it/s, loss=0.0005]
  Epoch 21/30:  72%|█████████████████████████▎         | 42/58 [00:01<00:00, 31.37it/s, loss=0.0014]
  Epoch 21/30:  72%|█████████████████████████▎         | 42/58 [00:01<00:00, 31.37it/s, loss=0.0007]
  Epoch 21/30:  79%|███████████████████████████▊       | 46/58 [00:01<00:00, 31.77it/s, loss=0.0007]
  Epoch 21/30:  79%|███████████████████████████▊       | 46/58 [00:01<00:00, 31.77it/s, loss=0.0010]
  Epoch 21/30:  79%|███████████████████████████▊       | 46/58 [00:01<00:00, 31.77it/s, loss=0.0017]
  Epoch 21/30:  79%|███████████████████████████▊       | 46/58 [00:01<00:00, 31.77it/s, loss=0.0009]
  Epoch 21/30:  79%|███████████████████████████▊       | 46/58 [00:01<00:00, 31.77it/s, loss=0.0013]
  Epoch 21/30:  86%|██████████████████████████████▏    | 50/58 [00:01<00:00, 30.85it/s, loss=0.0013]
  Epoch 21/30:  86%|██████████████████████████████▏    | 50/58 [00:01<00:00, 30.85it/s, loss=0.0010]
  Epoch 21/30:  86%|██████████████████████████████▏    | 50/58 [00:01<00:00, 30.85it/s, loss=0.0009]
  Epoch 21/30:  86%|██████████████████████████████▏    | 50/58 [00:01<00:00, 30.85it/s, loss=0.0013]
  Epoch 21/30:  86%|██████████████████████████████▏    | 50/58 [00:01<00:00, 30.85it/s, loss=0.0007]
  Epoch 21/30:  93%|████████████████████████████████▌  | 54/58 [00:01<00:00, 30.92it/s, loss=0.0007]
  Epoch 21/30:  93%|████████████████████████████████▌  | 54/58 [00:01<00:00, 30.92it/s, loss=0.0014]
  Epoch 21/30:  93%|████████████████████████████████▌  | 54/58 [00:01<00:00, 30.92it/s, loss=0.0006]
  Epoch 21/30:  93%|████████████████████████████████▌  | 54/58 [00:01<00:00, 30.92it/s, loss=0.0007]
  Epoch 21/30:  93%|████████████████████████████████▌  | 54/58 [00:01<00:00, 30.92it/s, loss=0.0032]
  Epoch 21/30: 100%|███████████████████████████████████| 58/58 [00:01<00:00, 30.74it/s, loss=0.0032]
                                                                                                    

  Epoch 22/30:   0%|                                                         | 0/58 [00:00<?, ?it/s]
  Epoch 22/30:   0%|                                            | 0/58 [00:00<?, ?it/s, loss=0.0010]
  Epoch 22/30:   0%|                                            | 0/58 [00:00<?, ?it/s, loss=0.0019]
  Epoch 22/30:   0%|                                            | 0/58 [00:00<?, ?it/s, loss=0.0023]
  Epoch 22/30:   5%|█▊                                  | 3/58 [00:00<00:01, 29.05it/s, loss=0.0023]
  Epoch 22/30:   5%|█▊                                  | 3/58 [00:00<00:01, 29.05it/s, loss=0.0004]
  Epoch 22/30:   5%|█▊                                  | 3/58 [00:00<00:01, 29.05it/s, loss=0.0019]
  Epoch 22/30:   5%|█▊                                  | 3/58 [00:00<00:01, 29.05it/s, loss=0.0008]
  Epoch 22/30:   5%|█▊                                  | 3/58 [00:00<00:01, 29.05it/s, loss=0.0011]
  Epoch 22/30:  12%|████▎                               | 7/58 [00:00<00:01, 30.94it/s, loss=0.0011]
  Epoch 22/30:  12%|████▎                               | 7/58 [00:00<00:01, 30.94it/s, loss=0.0008]
  Epoch 22/30:  12%|████▎                               | 7/58 [00:00<00:01, 30.94it/s, loss=0.0017]
  Epoch 22/30:  12%|████▎                               | 7/58 [00:00<00:01, 30.94it/s, loss=0.0018]
  Epoch 22/30:  12%|████▎                               | 7/58 [00:00<00:01, 30.94it/s, loss=0.0007]
  Epoch 22/30:  19%|██████▋                            | 11/58 [00:00<00:01, 31.19it/s, loss=0.0007]
  Epoch 22/30:  19%|██████▋                            | 11/58 [00:00<00:01, 31.19it/s, loss=0.0019]
  Epoch 22/30:  19%|██████▋                            | 11/58 [00:00<00:01, 31.19it/s, loss=0.0010]
  Epoch 22/30:  19%|██████▋                            | 11/58 [00:00<00:01, 31.19it/s, loss=0.0023]
  Epoch 22/30:  19%|██████▋                            | 11/58 [00:00<00:01, 31.19it/s, loss=0.0018]
  Epoch 22/30:  26%|█████████                          | 15/58 [00:00<00:01, 32.25it/s, loss=0.0018]
  Epoch 22/30:  26%|█████████                          | 15/58 [00:00<00:01, 32.25it/s, loss=0.0019]
  Epoch 22/30:  26%|█████████                          | 15/58 [00:00<00:01, 32.25it/s, loss=0.0011]
  Epoch 22/30:  26%|█████████                          | 15/58 [00:00<00:01, 32.25it/s, loss=0.0005]
  Epoch 22/30:  26%|█████████                          | 15/58 [00:00<00:01, 32.25it/s, loss=0.0011]
  Epoch 22/30:  33%|███████████▍                       | 19/58 [00:00<00:01, 30.96it/s, loss=0.0011]
  Epoch 22/30:  33%|███████████▍                       | 19/58 [00:00<00:01, 30.96it/s, loss=0.0019]
  Epoch 22/30:  33%|███████████▍                       | 19/58 [00:00<00:01, 30.96it/s, loss=0.0007]
  Epoch 22/30:  33%|███████████▍                       | 19/58 [00:00<00:01, 30.96it/s, loss=0.0013]
  Epoch 22/30:  33%|███████████▍                       | 19/58 [00:00<00:01, 30.96it/s, loss=0.0011]
  Epoch 22/30:  40%|█████████████▉                     | 23/58 [00:00<00:01, 29.65it/s, loss=0.0011]
  Epoch 22/30:  40%|█████████████▉                     | 23/58 [00:00<00:01, 29.65it/s, loss=0.0011]
  Epoch 22/30:  40%|█████████████▉                     | 23/58 [00:00<00:01, 29.65it/s, loss=0.0006]
  Epoch 22/30:  40%|█████████████▉                     | 23/58 [00:00<00:01, 29.65it/s, loss=0.0010]
  Epoch 22/30:  45%|███████████████▋                   | 26/58 [00:00<00:01, 29.04it/s, loss=0.0010]
  Epoch 22/30:  45%|███████████████▋                   | 26/58 [00:00<00:01, 29.04it/s, loss=0.0010]
  Epoch 22/30:  45%|███████████████▋                   | 26/58 [00:00<00:01, 29.04it/s, loss=0.0024]
  Epoch 22/30:  45%|███████████████▋                   | 26/58 [00:00<00:01, 29.04it/s, loss=0.0015]
  Epoch 22/30:  50%|█████████████████▌                 | 29/58 [00:00<00:00, 29.16it/s, loss=0.0015]
  Epoch 22/30:  50%|█████████████████▌                 | 29/58 [00:01<00:00, 29.16it/s, loss=0.0019]
  Epoch 22/30:  50%|█████████████████▌                 | 29/58 [00:01<00:00, 29.16it/s, loss=0.0006]
  Epoch 22/30:  50%|█████████████████▌                 | 29/58 [00:01<00:00, 29.16it/s, loss=0.0020]
  Epoch 22/30:  55%|███████████████████▎               | 32/58 [00:01<00:00, 29.13it/s, loss=0.0020]
  Epoch 22/30:  55%|███████████████████▎               | 32/58 [00:01<00:00, 29.13it/s, loss=0.0008]
  Epoch 22/30:  55%|███████████████████▎               | 32/58 [00:01<00:00, 29.13it/s, loss=0.0020]
  Epoch 22/30:  55%|███████████████████▎               | 32/58 [00:01<00:00, 29.13it/s, loss=0.0013]
  Epoch 22/30:  55%|███████████████████▎               | 32/58 [00:01<00:00, 29.13it/s, loss=0.0011]
  Epoch 22/30:  62%|█████████████████████▋             | 36/58 [00:01<00:00, 29.85it/s, loss=0.0011]
  Epoch 22/30:  62%|█████████████████████▋             | 36/58 [00:01<00:00, 29.85it/s, loss=0.0012]
  Epoch 22/30:  62%|█████████████████████▋             | 36/58 [00:01<00:00, 29.85it/s, loss=0.0029]
  Epoch 22/30:  62%|█████████████████████▋             | 36/58 [00:01<00:00, 29.85it/s, loss=0.0016]
  Epoch 22/30:  67%|███████████████████████▌           | 39/58 [00:01<00:00, 28.62it/s, loss=0.0016]
  Epoch 22/30:  67%|███████████████████████▌           | 39/58 [00:01<00:00, 28.62it/s, loss=0.0015]
  Epoch 22/30:  67%|███████████████████████▌           | 39/58 [00:01<00:00, 28.62it/s, loss=0.0004]
  Epoch 22/30:  67%|███████████████████████▌           | 39/58 [00:01<00:00, 28.62it/s, loss=0.0007]
  Epoch 22/30:  72%|█████████████████████████▎         | 42/58 [00:01<00:00, 28.15it/s, loss=0.0007]
  Epoch 22/30:  72%|█████████████████████████▎         | 42/58 [00:01<00:00, 28.15it/s, loss=0.0005]
  Epoch 22/30:  72%|█████████████████████████▎         | 42/58 [00:01<00:00, 28.15it/s, loss=0.0014]
  Epoch 22/30:  72%|█████████████████████████▎         | 42/58 [00:01<00:00, 28.15it/s, loss=0.0012]
  Epoch 22/30:  78%|███████████████████████████▏       | 45/58 [00:01<00:00, 27.24it/s, loss=0.0012]
  Epoch 22/30:  78%|███████████████████████████▏       | 45/58 [00:01<00:00, 27.24it/s, loss=0.0020]
  Epoch 22/30:  78%|███████████████████████████▏       | 45/58 [00:01<00:00, 27.24it/s, loss=0.0007]
  Epoch 22/30:  78%|███████████████████████████▏       | 45/58 [00:01<00:00, 27.24it/s, loss=0.0009]
  Epoch 22/30:  83%|████████████████████████████▉      | 48/58 [00:01<00:00, 27.47it/s, loss=0.0009]
  Epoch 22/30:  83%|████████████████████████████▉      | 48/58 [00:01<00:00, 27.47it/s, loss=0.0007]
  Epoch 22/30:  83%|████████████████████████████▉      | 48/58 [00:01<00:00, 27.47it/s, loss=0.0011]
  Epoch 22/30:  83%|████████████████████████████▉      | 48/58 [00:01<00:00, 27.47it/s, loss=0.0013]
  Epoch 22/30:  83%|████████████████████████████▉      | 48/58 [00:01<00:00, 27.47it/s, loss=0.0020]
  Epoch 22/30:  90%|███████████████████████████████▍   | 52/58 [00:01<00:00, 29.10it/s, loss=0.0020]
  Epoch 22/30:  90%|███████████████████████████████▍   | 52/58 [00:01<00:00, 29.10it/s, loss=0.0017]
  Epoch 22/30:  90%|███████████████████████████████▍   | 52/58 [00:01<00:00, 29.10it/s, loss=0.0006]
  Epoch 22/30:  90%|███████████████████████████████▍   | 52/58 [00:01<00:00, 29.10it/s, loss=0.0010]
  Epoch 22/30:  90%|███████████████████████████████▍   | 52/58 [00:01<00:00, 29.10it/s, loss=0.0013]
  Epoch 22/30:  97%|█████████████████████████████████▊ | 56/58 [00:01<00:00, 29.84it/s, loss=0.0013]
  Epoch 22/30:  97%|█████████████████████████████████▊ | 56/58 [00:01<00:00, 29.84it/s, loss=0.0024]
  Epoch 22/30:  97%|█████████████████████████████████▊ | 56/58 [00:01<00:00, 29.84it/s, loss=0.0005]
                                                                                                    

  Epoch 23/30:   0%|                                                         | 0/58 [00:00<?, ?it/s]
  Epoch 23/30:   0%|                                            | 0/58 [00:00<?, ?it/s, loss=0.0010]
  Epoch 23/30:   0%|                                            | 0/58 [00:00<?, ?it/s, loss=0.0006]
  Epoch 23/30:   0%|                                            | 0/58 [00:00<?, ?it/s, loss=0.0022]
  Epoch 23/30:   5%|█▊                                  | 3/58 [00:00<00:01, 27.77it/s, loss=0.0022]
  Epoch 23/30:   5%|█▊                                  | 3/58 [00:00<00:01, 27.77it/s, loss=0.0007]
  Epoch 23/30:   5%|█▊                                  | 3/58 [00:00<00:01, 27.77it/s, loss=0.0028]
  Epoch 23/30:   5%|█▊                                  | 3/58 [00:00<00:01, 27.77it/s, loss=0.0007]
  Epoch 23/30:  10%|███▋                                | 6/58 [00:00<00:01, 28.92it/s, loss=0.0007]
  Epoch 23/30:  10%|███▋                                | 6/58 [00:00<00:01, 28.92it/s, loss=0.0014]
  Epoch 23/30:  10%|███▋                                | 6/58 [00:00<00:01, 28.92it/s, loss=0.0010]
  Epoch 23/30:  10%|███▋                                | 6/58 [00:00<00:01, 28.92it/s, loss=0.0028]
  Epoch 23/30:  10%|███▋                                | 6/58 [00:00<00:01, 28.92it/s, loss=0.0015]
  Epoch 23/30:  17%|██████                             | 10/58 [00:00<00:01, 31.90it/s, loss=0.0015]
  Epoch 23/30:  17%|██████                             | 10/58 [00:00<00:01, 31.90it/s, loss=0.0028]
  Epoch 23/30:  17%|██████                             | 10/58 [00:00<00:01, 31.90it/s, loss=0.0017]
  Epoch 23/30:  17%|██████                             | 10/58 [00:00<00:01, 31.90it/s, loss=0.0003]
  Epoch 23/30:  17%|██████                             | 10/58 [00:00<00:01, 31.90it/s, loss=0.0006]
  Epoch 23/30:  24%|████████▍                          | 14/58 [00:00<00:01, 34.47it/s, loss=0.0006]
  Epoch 23/30:  24%|████████▍                          | 14/58 [00:00<00:01, 34.47it/s, loss=0.0005]
  Epoch 23/30:  24%|████████▍                          | 14/58 [00:00<00:01, 34.47it/s, loss=0.0010]
  Epoch 23/30:  24%|████████▍                          | 14/58 [00:00<00:01, 34.47it/s, loss=0.0024]
  Epoch 23/30:  24%|████████▍                          | 14/58 [00:00<00:01, 34.47it/s, loss=0.0020]
  Epoch 23/30:  31%|██████████▊                        | 18/58 [00:00<00:01, 34.59it/s, loss=0.0020]
  Epoch 23/30:  31%|██████████▊                        | 18/58 [00:00<00:01, 34.59it/s, loss=0.0008]
  Epoch 23/30:  31%|██████████▊                        | 18/58 [00:00<00:01, 34.59it/s, loss=0.0029]
  Epoch 23/30:  31%|██████████▊                        | 18/58 [00:00<00:01, 34.59it/s, loss=0.0007]
  Epoch 23/30:  31%|██████████▊                        | 18/58 [00:00<00:01, 34.59it/s, loss=0.0005]
  Epoch 23/30:  31%|██████████▊                        | 18/58 [00:00<00:01, 34.59it/s, loss=0.0016]
  Epoch 23/30:  40%|█████████████▉                     | 23/58 [00:00<00:00, 37.20it/s, loss=0.0016]
  Epoch 23/30:  40%|█████████████▉                     | 23/58 [00:00<00:00, 37.20it/s, loss=0.0007]
  Epoch 23/30:  40%|█████████████▉                     | 23/58 [00:00<00:00, 37.20it/s, loss=0.0021]
  Epoch 23/30:  40%|█████████████▉                     | 23/58 [00:00<00:00, 37.20it/s, loss=0.0007]
  Epoch 23/30:  40%|█████████████▉                     | 23/58 [00:00<00:00, 37.20it/s, loss=0.0007]
  Epoch 23/30:  47%|████████████████▎                  | 27/58 [00:00<00:00, 37.50it/s, loss=0.0007]
  Epoch 23/30:  47%|████████████████▎                  | 27/58 [00:00<00:00, 37.50it/s, loss=0.0012]
  Epoch 23/30:  47%|████████████████▎                  | 27/58 [00:00<00:00, 37.50it/s, loss=0.0008]
  Epoch 23/30:  47%|████████████████▎                  | 27/58 [00:00<00:00, 37.50it/s, loss=0.0029]
  Epoch 23/30:  47%|████████████████▎                  | 27/58 [00:00<00:00, 37.50it/s, loss=0.0009]
  Epoch 23/30:  53%|██████████████████▋                | 31/58 [00:00<00:00, 36.73it/s, loss=0.0009]
  Epoch 23/30:  53%|██████████████████▋                | 31/58 [00:00<00:00, 36.73it/s, loss=0.0005]
  Epoch 23/30:  53%|██████████████████▋                | 31/58 [00:00<00:00, 36.73it/s, loss=0.0025]
  Epoch 23/30:  53%|██████████████████▋                | 31/58 [00:00<00:00, 36.73it/s, loss=0.0007]
  Epoch 23/30:  53%|██████████████████▋                | 31/58 [00:00<00:00, 36.73it/s, loss=0.0004]
  Epoch 23/30:  60%|█████████████████████              | 35/58 [00:00<00:00, 35.62it/s, loss=0.0004]
  Epoch 23/30:  60%|█████████████████████              | 35/58 [00:01<00:00, 35.62it/s, loss=0.0003]
  Epoch 23/30:  60%|█████████████████████              | 35/58 [00:01<00:00, 35.62it/s, loss=0.0019]
  Epoch 23/30:  60%|█████████████████████              | 35/58 [00:01<00:00, 35.62it/s, loss=0.0015]
  Epoch 23/30:  60%|█████████████████████              | 35/58 [00:01<00:00, 35.62it/s, loss=0.0013]
  Epoch 23/30:  67%|███████████████████████▌           | 39/58 [00:01<00:00, 34.52it/s, loss=0.0013]
  Epoch 23/30:  67%|███████████████████████▌           | 39/58 [00:01<00:00, 34.52it/s, loss=0.0004]
  Epoch 23/30:  67%|███████████████████████▌           | 39/58 [00:01<00:00, 34.52it/s, loss=0.0011]
  Epoch 23/30:  67%|███████████████████████▌           | 39/58 [00:01<00:00, 34.52it/s, loss=0.0022]
  Epoch 23/30:  67%|███████████████████████▌           | 39/58 [00:01<00:00, 34.52it/s, loss=0.0013]
  Epoch 23/30:  74%|█████████████████████████▉         | 43/58 [00:01<00:00, 35.45it/s, loss=0.0013]
  Epoch 23/30:  74%|█████████████████████████▉         | 43/58 [00:01<00:00, 35.45it/s, loss=0.0007]
  Epoch 23/30:  74%|█████████████████████████▉         | 43/58 [00:01<00:00, 35.45it/s, loss=0.0005]
  Epoch 23/30:  74%|█████████████████████████▉         | 43/58 [00:01<00:00, 35.45it/s, loss=0.0011]
  Epoch 23/30:  74%|█████████████████████████▉         | 43/58 [00:01<00:00, 35.45it/s, loss=0.0008]
  Epoch 23/30:  74%|█████████████████████████▉         | 43/58 [00:01<00:00, 35.45it/s, loss=0.0034]
  Epoch 23/30:  83%|████████████████████████████▉      | 48/58 [00:01<00:00, 36.38it/s, loss=0.0034]
  Epoch 23/30:  83%|████████████████████████████▉      | 48/58 [00:01<00:00, 36.38it/s, loss=0.0007]
  Epoch 23/30:  83%|████████████████████████████▉      | 48/58 [00:01<00:00, 36.38it/s, loss=0.0005]
  Epoch 23/30:  83%|████████████████████████████▉      | 48/58 [00:01<00:00, 36.38it/s, loss=0.0021]
  Epoch 23/30:  83%|████████████████████████████▉      | 48/58 [00:01<00:00, 36.38it/s, loss=0.0014]
  Epoch 23/30:  90%|███████████████████████████████▍   | 52/58 [00:01<00:00, 34.49it/s, loss=0.0014]
  Epoch 23/30:  90%|███████████████████████████████▍   | 52/58 [00:01<00:00, 34.49it/s, loss=0.0026]
  Epoch 23/30:  90%|███████████████████████████████▍   | 52/58 [00:01<00:00, 34.49it/s, loss=0.0014]
  Epoch 23/30:  90%|███████████████████████████████▍   | 52/58 [00:01<00:00, 34.49it/s, loss=0.0008]
  Epoch 23/30:  90%|███████████████████████████████▍   | 52/58 [00:01<00:00, 34.49it/s, loss=0.0004]
  Epoch 23/30:  97%|█████████████████████████████████▊ | 56/58 [00:01<00:00, 34.56it/s, loss=0.0004]
  Epoch 23/30:  97%|█████████████████████████████████▊ | 56/58 [00:01<00:00, 34.56it/s, loss=0.0011]
  Epoch 23/30:  97%|█████████████████████████████████▊ | 56/58 [00:01<00:00, 34.56it/s, loss=0.0006]
                                                                                                    

  Epoch 24/30:   0%|                                                         | 0/58 [00:00<?, ?it/s]
  Epoch 24/30:   0%|                                            | 0/58 [00:00<?, ?it/s, loss=0.0006]
  Epoch 24/30:   0%|                                            | 0/58 [00:00<?, ?it/s, loss=0.0020]
  Epoch 24/30:   0%|                                            | 0/58 [00:00<?, ?it/s, loss=0.0007]
  Epoch 24/30:   0%|                                            | 0/58 [00:00<?, ?it/s, loss=0.0023]
  Epoch 24/30:   7%|██▍                                 | 4/58 [00:00<00:01, 37.67it/s, loss=0.0023]
  Epoch 24/30:   7%|██▍                                 | 4/58 [00:00<00:01, 37.67it/s, loss=0.0016]
  Epoch 24/30:   7%|██▍                                 | 4/58 [00:00<00:01, 37.67it/s, loss=0.0016]
  Epoch 24/30:   7%|██▍                                 | 4/58 [00:00<00:01, 37.67it/s, loss=0.0009]
  Epoch 24/30:   7%|██▍                                 | 4/58 [00:00<00:01, 37.67it/s, loss=0.0007]
  Epoch 24/30:  14%|████▉                               | 8/58 [00:00<00:01, 34.79it/s, loss=0.0007]
  Epoch 24/30:  14%|████▉                               | 8/58 [00:00<00:01, 34.79it/s, loss=0.0014]
  Epoch 24/30:  14%|████▉                               | 8/58 [00:00<00:01, 34.79it/s, loss=0.0040]
  Epoch 24/30:  14%|████▉                               | 8/58 [00:00<00:01, 34.79it/s, loss=0.0012]
  Epoch 24/30:  14%|████▉                               | 8/58 [00:00<00:01, 34.79it/s, loss=0.0013]
  Epoch 24/30:  21%|███████▏                           | 12/58 [00:00<00:01, 36.47it/s, loss=0.0013]
  Epoch 24/30:  21%|███████▏                           | 12/58 [00:00<00:01, 36.47it/s, loss=0.0008]
  Epoch 24/30:  21%|███████▏                           | 12/58 [00:00<00:01, 36.47it/s, loss=0.0018]
  Epoch 24/30:  21%|███████▏                           | 12/58 [00:00<00:01, 36.47it/s, loss=0.0004]
  Epoch 24/30:  21%|███████▏                           | 12/58 [00:00<00:01, 36.47it/s, loss=0.0007]
  Epoch 24/30:  28%|█████████▋                         | 16/58 [00:00<00:01, 34.82it/s, loss=0.0007]
  Epoch 24/30:  28%|█████████▋                         | 16/58 [00:00<00:01, 34.82it/s, loss=0.0003]
  Epoch 24/30:  28%|█████████▋                         | 16/58 [00:00<00:01, 34.82it/s, loss=0.0007]
  Epoch 24/30:  28%|█████████▋                         | 16/58 [00:00<00:01, 34.82it/s, loss=0.0012]
  Epoch 24/30:  28%|█████████▋                         | 16/58 [00:00<00:01, 34.82it/s, loss=0.0023]
  Epoch 24/30:  34%|████████████                       | 20/58 [00:00<00:01, 34.85it/s, loss=0.0023]
  Epoch 24/30:  34%|████████████                       | 20/58 [00:00<00:01, 34.85it/s, loss=0.0004]
  Epoch 24/30:  34%|████████████                       | 20/58 [00:00<00:01, 34.85it/s, loss=0.0020]
  Epoch 24/30:  34%|████████████                       | 20/58 [00:00<00:01, 34.85it/s, loss=0.0019]
  Epoch 24/30:  34%|████████████                       | 20/58 [00:00<00:01, 34.85it/s, loss=0.0015]
  Epoch 24/30:  41%|██████████████▍                    | 24/58 [00:00<00:01, 33.55it/s, loss=0.0015]
  Epoch 24/30:  41%|██████████████▍                    | 24/58 [00:00<00:01, 33.55it/s, loss=0.0017]
  Epoch 24/30:  41%|██████████████▍                    | 24/58 [00:00<00:01, 33.55it/s, loss=0.0011]
  Epoch 24/30:  41%|██████████████▍                    | 24/58 [00:00<00:01, 33.55it/s, loss=0.0013]
  Epoch 24/30:  41%|██████████████▍                    | 24/58 [00:00<00:01, 33.55it/s, loss=0.0011]
  Epoch 24/30:  48%|████████████████▉                  | 28/58 [00:00<00:00, 32.36it/s, loss=0.0011]
  Epoch 24/30:  48%|████████████████▉                  | 28/58 [00:00<00:00, 32.36it/s, loss=0.0006]
  Epoch 24/30:  48%|████████████████▉                  | 28/58 [00:00<00:00, 32.36it/s, loss=0.0008]
  Epoch 24/30:  48%|████████████████▉                  | 28/58 [00:00<00:00, 32.36it/s, loss=0.0014]
  Epoch 24/30:  48%|████████████████▉                  | 28/58 [00:00<00:00, 32.36it/s, loss=0.0024]
  Epoch 24/30:  55%|███████████████████▎               | 32/58 [00:00<00:00, 32.68it/s, loss=0.0024]
  Epoch 24/30:  55%|███████████████████▎               | 32/58 [00:00<00:00, 32.68it/s, loss=0.0009]
  Epoch 24/30:  55%|███████████████████▎               | 32/58 [00:01<00:00, 32.68it/s, loss=0.0013]
  Epoch 24/30:  55%|███████████████████▎               | 32/58 [00:01<00:00, 32.68it/s, loss=0.0008]
  Epoch 24/30:  55%|███████████████████▎               | 32/58 [00:01<00:00, 32.68it/s, loss=0.0005]
  Epoch 24/30:  62%|█████████████████████▋             | 36/58 [00:01<00:00, 33.78it/s, loss=0.0005]
  Epoch 24/30:  62%|█████████████████████▋             | 36/58 [00:01<00:00, 33.78it/s, loss=0.0003]
  Epoch 24/30:  62%|█████████████████████▋             | 36/58 [00:01<00:00, 33.78it/s, loss=0.0007]
  Epoch 24/30:  62%|█████████████████████▋             | 36/58 [00:01<00:00, 33.78it/s, loss=0.0034]
  Epoch 24/30:  62%|█████████████████████▋             | 36/58 [00:01<00:00, 33.78it/s, loss=0.0029]
  Epoch 24/30:  69%|████████████████████████▏          | 40/58 [00:01<00:00, 34.00it/s, loss=0.0029]
  Epoch 24/30:  69%|████████████████████████▏          | 40/58 [00:01<00:00, 34.00it/s, loss=0.0013]
  Epoch 24/30:  69%|████████████████████████▏          | 40/58 [00:01<00:00, 34.00it/s, loss=0.0013]
  Epoch 24/30:  69%|████████████████████████▏          | 40/58 [00:01<00:00, 34.00it/s, loss=0.0006]
  Epoch 24/30:  69%|████████████████████████▏          | 40/58 [00:01<00:00, 34.00it/s, loss=0.0030]
  Epoch 24/30:  69%|████████████████████████▏          | 40/58 [00:01<00:00, 34.00it/s, loss=0.0011]
  Epoch 24/30:  78%|███████████████████████████▏       | 45/58 [00:01<00:00, 35.38it/s, loss=0.0011]
  Epoch 24/30:  78%|███████████████████████████▏       | 45/58 [00:01<00:00, 35.38it/s, loss=0.0004]
  Epoch 24/30:  78%|███████████████████████████▏       | 45/58 [00:01<00:00, 35.38it/s, loss=0.0008]
  Epoch 24/30:  78%|███████████████████████████▏       | 45/58 [00:01<00:00, 35.38it/s, loss=0.0005]
  Epoch 24/30:  78%|███████████████████████████▏       | 45/58 [00:01<00:00, 35.38it/s, loss=0.0018]
  Epoch 24/30:  84%|█████████████████████████████▌     | 49/58 [00:01<00:00, 35.16it/s, loss=0.0018]
  Epoch 24/30:  84%|█████████████████████████████▌     | 49/58 [00:01<00:00, 35.16it/s, loss=0.0006]
  Epoch 24/30:  84%|█████████████████████████████▌     | 49/58 [00:01<00:00, 35.16it/s, loss=0.0017]
  Epoch 24/30:  84%|█████████████████████████████▌     | 49/58 [00:01<00:00, 35.16it/s, loss=0.0018]
  Epoch 24/30:  84%|█████████████████████████████▌     | 49/58 [00:01<00:00, 35.16it/s, loss=0.0019]
  Epoch 24/30:  91%|███████████████████████████████▉   | 53/58 [00:01<00:00, 35.42it/s, loss=0.0019]
  Epoch 24/30:  91%|███████████████████████████████▉   | 53/58 [00:01<00:00, 35.42it/s, loss=0.0008]
  Epoch 24/30:  91%|███████████████████████████████▉   | 53/58 [00:01<00:00, 35.42it/s, loss=0.0006]
  Epoch 24/30:  91%|███████████████████████████████▉   | 53/58 [00:01<00:00, 35.42it/s, loss=0.0009]
  Epoch 24/30:  91%|███████████████████████████████▉   | 53/58 [00:01<00:00, 35.42it/s, loss=0.0008]
  Epoch 24/30:  98%|██████████████████████████████████▍| 57/58 [00:01<00:00, 36.04it/s, loss=0.0008]
  Epoch 24/30:  98%|██████████████████████████████████▍| 57/58 [00:01<00:00, 36.04it/s, loss=0.0010]
                                                                                                    

  Epoch 25/30:   0%|                                                         | 0/58 [00:00<?, ?it/s]
  Epoch 25/30:   0%|                                            | 0/58 [00:00<?, ?it/s, loss=0.0006]
  Epoch 25/30:   0%|                                            | 0/58 [00:00<?, ?it/s, loss=0.0018]
  Epoch 25/30:   0%|                                            | 0/58 [00:00<?, ?it/s, loss=0.0004]
  Epoch 25/30:   0%|                                            | 0/58 [00:00<?, ?it/s, loss=0.0015]
  Epoch 25/30:   7%|██▍                                 | 4/58 [00:00<00:01, 32.26it/s, loss=0.0015]
  Epoch 25/30:   7%|██▍                                 | 4/58 [00:00<00:01, 32.26it/s, loss=0.0017]
  Epoch 25/30:   7%|██▍                                 | 4/58 [00:00<00:01, 32.26it/s, loss=0.0004]
  Epoch 25/30:   7%|██▍                                 | 4/58 [00:00<00:01, 32.26it/s, loss=0.0016]
  Epoch 25/30:   7%|██▍                                 | 4/58 [00:00<00:01, 32.26it/s, loss=0.0024]
  Epoch 25/30:  14%|████▉                               | 8/58 [00:00<00:01, 30.60it/s, loss=0.0024]
  Epoch 25/30:  14%|████▉                               | 8/58 [00:00<00:01, 30.60it/s, loss=0.0012]
  Epoch 25/30:  14%|████▉                               | 8/58 [00:00<00:01, 30.60it/s, loss=0.0017]
  Epoch 25/30:  14%|████▉                               | 8/58 [00:00<00:01, 30.60it/s, loss=0.0011]
  Epoch 25/30:  14%|████▉                               | 8/58 [00:00<00:01, 30.60it/s, loss=0.0019]
  Epoch 25/30:  21%|███████▏                           | 12/58 [00:00<00:02, 20.59it/s, loss=0.0019]
  Epoch 25/30:  21%|███████▏                           | 12/58 [00:00<00:02, 20.59it/s, loss=0.0012]
  Epoch 25/30:  21%|███████▏                           | 12/58 [00:00<00:02, 20.59it/s, loss=0.0008]
  Epoch 25/30:  21%|███████▏                           | 12/58 [00:00<00:02, 20.59it/s, loss=0.0012]
  Epoch 25/30:  21%|███████▏                           | 12/58 [00:00<00:02, 20.59it/s, loss=0.0010]
  Epoch 25/30:  28%|█████████▋                         | 16/58 [00:00<00:01, 23.33it/s, loss=0.0010]
  Epoch 25/30:  28%|█████████▋                         | 16/58 [00:00<00:01, 23.33it/s, loss=0.0008]
  Epoch 25/30:  28%|█████████▋                         | 16/58 [00:00<00:01, 23.33it/s, loss=0.0030]
  Epoch 25/30:  28%|█████████▋                         | 16/58 [00:00<00:01, 23.33it/s, loss=0.0012]
  Epoch 25/30:  33%|███████████▍                       | 19/58 [00:00<00:01, 24.94it/s, loss=0.0012]
  Epoch 25/30:  33%|███████████▍                       | 19/58 [00:00<00:01, 24.94it/s, loss=0.0018]
  Epoch 25/30:  33%|███████████▍                       | 19/58 [00:00<00:01, 24.94it/s, loss=0.0005]
  Epoch 25/30:  33%|███████████▍                       | 19/58 [00:00<00:01, 24.94it/s, loss=0.0005]
  Epoch 25/30:  38%|█████████████▎                     | 22/58 [00:00<00:01, 25.20it/s, loss=0.0005]
  Epoch 25/30:  38%|█████████████▎                     | 22/58 [00:00<00:01, 25.20it/s, loss=0.0025]
  Epoch 25/30:  38%|█████████████▎                     | 22/58 [00:00<00:01, 25.20it/s, loss=0.0009]
  Epoch 25/30:  38%|█████████████▎                     | 22/58 [00:00<00:01, 25.20it/s, loss=0.0020]
  Epoch 25/30:  43%|███████████████                    | 25/58 [00:00<00:01, 25.97it/s, loss=0.0020]
  Epoch 25/30:  43%|███████████████                    | 25/58 [00:01<00:01, 25.97it/s, loss=0.0023]
  Epoch 25/30:  43%|███████████████                    | 25/58 [00:01<00:01, 25.97it/s, loss=0.0019]
  Epoch 25/30:  43%|███████████████                    | 25/58 [00:01<00:01, 25.97it/s, loss=0.0011]
  Epoch 25/30:  43%|███████████████                    | 25/58 [00:01<00:01, 25.97it/s, loss=0.0012]
  Epoch 25/30:  50%|█████████████████▌                 | 29/58 [00:01<00:01, 26.99it/s, loss=0.0012]
  Epoch 25/30:  50%|█████████████████▌                 | 29/58 [00:01<00:01, 26.99it/s, loss=0.0018]
  Epoch 25/30:  50%|█████████████████▌                 | 29/58 [00:01<00:01, 26.99it/s, loss=0.0021]
  Epoch 25/30:  50%|█████████████████▌                 | 29/58 [00:01<00:01, 26.99it/s, loss=0.0006]
  Epoch 25/30:  55%|███████████████████▎               | 32/58 [00:01<00:00, 27.03it/s, loss=0.0006]
  Epoch 25/30:  55%|███████████████████▎               | 32/58 [00:01<00:00, 27.03it/s, loss=0.0008]
  Epoch 25/30:  55%|███████████████████▎               | 32/58 [00:01<00:00, 27.03it/s, loss=0.0009]
  Epoch 25/30:  55%|███████████████████▎               | 32/58 [00:01<00:00, 27.03it/s, loss=0.0008]
  Epoch 25/30:  60%|█████████████████████              | 35/58 [00:01<00:00, 27.57it/s, loss=0.0008]
  Epoch 25/30:  60%|█████████████████████              | 35/58 [00:01<00:00, 27.57it/s, loss=0.0010]
  Epoch 25/30:  60%|█████████████████████              | 35/58 [00:01<00:00, 27.57it/s, loss=0.0007]
  Epoch 25/30:  60%|█████████████████████              | 35/58 [00:01<00:00, 27.57it/s, loss=0.0007]
  Epoch 25/30:  66%|██████████████████████▉            | 38/58 [00:01<00:00, 27.61it/s, loss=0.0007]
  Epoch 25/30:  66%|██████████████████████▉            | 38/58 [00:01<00:00, 27.61it/s, loss=0.0012]
  Epoch 25/30:  66%|██████████████████████▉            | 38/58 [00:01<00:00, 27.61it/s, loss=0.0006]
  Epoch 25/30:  66%|██████████████████████▉            | 38/58 [00:01<00:00, 27.61it/s, loss=0.0016]
  Epoch 25/30:  71%|████████████████████████▋          | 41/58 [00:01<00:00, 27.93it/s, loss=0.0016]
  Epoch 25/30:  71%|████████████████████████▋          | 41/58 [00:01<00:00, 27.93it/s, loss=0.0028]
  Epoch 25/30:  71%|████████████████████████▋          | 41/58 [00:01<00:00, 27.93it/s, loss=0.0006]
  Epoch 25/30:  71%|████████████████████████▋          | 41/58 [00:01<00:00, 27.93it/s, loss=0.0010]
  Epoch 25/30:  76%|██████████████████████████▌        | 44/58 [00:01<00:00, 28.26it/s, loss=0.0010]
  Epoch 25/30:  76%|██████████████████████████▌        | 44/58 [00:01<00:00, 28.26it/s, loss=0.0024]
  Epoch 25/30:  76%|██████████████████████████▌        | 44/58 [00:01<00:00, 28.26it/s, loss=0.0011]
  Epoch 25/30:  76%|██████████████████████████▌        | 44/58 [00:01<00:00, 28.26it/s, loss=0.0018]
  Epoch 25/30:  76%|██████████████████████████▌        | 44/58 [00:01<00:00, 28.26it/s, loss=0.0012]
  Epoch 25/30:  83%|████████████████████████████▉      | 48/58 [00:01<00:00, 29.27it/s, loss=0.0012]
  Epoch 25/30:  83%|████████████████████████████▉      | 48/58 [00:01<00:00, 29.27it/s, loss=0.0005]
  Epoch 25/30:  83%|████████████████████████████▉      | 48/58 [00:01<00:00, 29.27it/s, loss=0.0012]
  Epoch 25/30:  83%|████████████████████████████▉      | 48/58 [00:01<00:00, 29.27it/s, loss=0.0009]
  Epoch 25/30:  88%|██████████████████████████████▊    | 51/58 [00:01<00:00, 29.22it/s, loss=0.0009]
  Epoch 25/30:  88%|██████████████████████████████▊    | 51/58 [00:01<00:00, 29.22it/s, loss=0.0018]
  Epoch 25/30:  88%|██████████████████████████████▊    | 51/58 [00:01<00:00, 29.22it/s, loss=0.0006]
  Epoch 25/30:  88%|██████████████████████████████▊    | 51/58 [00:01<00:00, 29.22it/s, loss=0.0004]
  Epoch 25/30:  93%|████████████████████████████████▌  | 54/58 [00:02<00:00, 28.50it/s, loss=0.0004]
  Epoch 25/30:  93%|████████████████████████████████▌  | 54/58 [00:02<00:00, 28.50it/s, loss=0.0034]
  Epoch 25/30:  93%|████████████████████████████████▌  | 54/58 [00:02<00:00, 28.50it/s, loss=0.0004]
  Epoch 25/30:  93%|████████████████████████████████▌  | 54/58 [00:02<00:00, 28.50it/s, loss=0.0005]
  Epoch 25/30:  98%|██████████████████████████████████▍| 57/58 [00:02<00:00, 27.89it/s, loss=0.0005]
  Epoch 25/30:  98%|██████████████████████████████████▍| 57/58 [00:02<00:00, 27.89it/s, loss=0.0003]
                                                                                                    
  Epoch 25/30 │ Loss: 0.0013 │ T+1: 0.4904 │ T+2: 0.3265 │ T+3: 0.2362

  Epoch 26/30:   0%|                                                         | 0/58 [00:00<?, ?it/s]
  Epoch 26/30:   0%|                                            | 0/58 [00:00<?, ?it/s, loss=0.0012]
  Epoch 26/30:   0%|                                            | 0/58 [00:00<?, ?it/s, loss=0.0017]
  Epoch 26/30:   0%|                                            | 0/58 [00:00<?, ?it/s, loss=0.0007]
  Epoch 26/30:   5%|█▊                                  | 3/58 [00:00<00:01, 28.29it/s, loss=0.0007]
  Epoch 26/30:   5%|█▊                                  | 3/58 [00:00<00:01, 28.29it/s, loss=0.0010]
  Epoch 26/30:   5%|█▊                                  | 3/58 [00:00<00:01, 28.29it/s, loss=0.0015]
  Epoch 26/30:   5%|█▊                                  | 3/58 [00:00<00:01, 28.29it/s, loss=0.0009]
  Epoch 26/30:  10%|███▋                                | 6/58 [00:00<00:01, 26.93it/s, loss=0.0009]
  Epoch 26/30:  10%|███▋                                | 6/58 [00:00<00:01, 26.93it/s, loss=0.0005]
  Epoch 26/30:  10%|███▋                                | 6/58 [00:00<00:01, 26.93it/s, loss=0.0005]
  Epoch 26/30:  10%|███▋                                | 6/58 [00:00<00:01, 26.93it/s, loss=0.0022]
  Epoch 26/30:  10%|███▋                                | 6/58 [00:00<00:01, 26.93it/s, loss=0.0011]
  Epoch 26/30:  17%|██████                             | 10/58 [00:00<00:01, 29.05it/s, loss=0.0011]
  Epoch 26/30:  17%|██████                             | 10/58 [00:00<00:01, 29.05it/s, loss=0.0006]
  Epoch 26/30:  17%|██████                             | 10/58 [00:00<00:01, 29.05it/s, loss=0.0005]
  Epoch 26/30:  17%|██████                             | 10/58 [00:00<00:01, 29.05it/s, loss=0.0014]
  Epoch 26/30:  22%|███████▊                           | 13/58 [00:00<00:01, 28.35it/s, loss=0.0014]
  Epoch 26/30:  22%|███████▊                           | 13/58 [00:00<00:01, 28.35it/s, loss=0.0011]
  Epoch 26/30:  22%|███████▊                           | 13/58 [00:00<00:01, 28.35it/s, loss=0.0021]
  Epoch 26/30:  22%|███████▊                           | 13/58 [00:00<00:01, 28.35it/s, loss=0.0004]
  Epoch 26/30:  28%|█████████▋                         | 16/58 [00:00<00:01, 28.14it/s, loss=0.0004]
  Epoch 26/30:  28%|█████████▋                         | 16/58 [00:00<00:01, 28.14it/s, loss=0.0006]
  Epoch 26/30:  28%|█████████▋                         | 16/58 [00:00<00:01, 28.14it/s, loss=0.0004]
  Epoch 26/30:  28%|█████████▋                         | 16/58 [00:00<00:01, 28.14it/s, loss=0.0017]
  Epoch 26/30:  33%|███████████▍                       | 19/58 [00:00<00:01, 28.20it/s, loss=0.0017]
  Epoch 26/30:  33%|███████████▍                       | 19/58 [00:00<00:01, 28.20it/s, loss=0.0015]
  Epoch 26/30:  33%|███████████▍                       | 19/58 [00:00<00:01, 28.20it/s, loss=0.0018]
  Epoch 26/30:  33%|███████████▍                       | 19/58 [00:00<00:01, 28.20it/s, loss=0.0014]
  Epoch 26/30:  38%|█████████████▎                     | 22/58 [00:00<00:01, 24.58it/s, loss=0.0014]
  Epoch 26/30:  38%|█████████████▎                     | 22/58 [00:00<00:01, 24.58it/s, loss=0.0021]
  Epoch 26/30:  38%|█████████████▎                     | 22/58 [00:00<00:01, 24.58it/s, loss=0.0021]
  Epoch 26/30:  38%|█████████████▎                     | 22/58 [00:00<00:01, 24.58it/s, loss=0.0007]
  Epoch 26/30:  43%|███████████████                    | 25/58 [00:00<00:01, 25.19it/s, loss=0.0007]
  Epoch 26/30:  43%|███████████████                    | 25/58 [00:00<00:01, 25.19it/s, loss=0.0011]
  Epoch 26/30:  43%|███████████████                    | 25/58 [00:01<00:01, 25.19it/s, loss=0.0008]
  Epoch 26/30:  43%|███████████████                    | 25/58 [00:01<00:01, 25.19it/s, loss=0.0006]
  Epoch 26/30:  43%|███████████████                    | 25/58 [00:01<00:01, 25.19it/s, loss=0.0006]
  Epoch 26/30:  50%|█████████████████▌                 | 29/58 [00:01<00:01, 27.46it/s, loss=0.0006]
  Epoch 26/30:  50%|█████████████████▌                 | 29/58 [00:01<00:01, 27.46it/s, loss=0.0020]
  Epoch 26/30:  50%|█████████████████▌                 | 29/58 [00:01<00:01, 27.46it/s, loss=0.0015]
  Epoch 26/30:  50%|█████████████████▌                 | 29/58 [00:01<00:01, 27.46it/s, loss=0.0020]
  Epoch 26/30:  50%|█████████████████▌                 | 29/58 [00:01<00:01, 27.46it/s, loss=0.0014]
  Epoch 26/30:  57%|███████████████████▉               | 33/58 [00:01<00:00, 29.49it/s, loss=0.0014]
  Epoch 26/30:  57%|███████████████████▉               | 33/58 [00:01<00:00, 29.49it/s, loss=0.0006]
  Epoch 26/30:  57%|███████████████████▉               | 33/58 [00:01<00:00, 29.49it/s, loss=0.0008]
  Epoch 26/30:  57%|███████████████████▉               | 33/58 [00:01<00:00, 29.49it/s, loss=0.0007]
  Epoch 26/30:  57%|███████████████████▉               | 33/58 [00:01<00:00, 29.49it/s, loss=0.0020]
  Epoch 26/30:  64%|██████████████████████▎            | 37/58 [00:01<00:00, 31.06it/s, loss=0.0020]
  Epoch 26/30:  64%|██████████████████████▎            | 37/58 [00:01<00:00, 31.06it/s, loss=0.0021]
  Epoch 26/30:  64%|██████████████████████▎            | 37/58 [00:01<00:00, 31.06it/s, loss=0.0008]
  Epoch 26/30:  64%|██████████████████████▎            | 37/58 [00:01<00:00, 31.06it/s, loss=0.0005]
  Epoch 26/30:  64%|██████████████████████▎            | 37/58 [00:01<00:00, 31.06it/s, loss=0.0021]
  Epoch 26/30:  71%|████████████████████████▋          | 41/58 [00:01<00:00, 32.03it/s, loss=0.0021]
  Epoch 26/30:  71%|████████████████████████▋          | 41/58 [00:01<00:00, 32.03it/s, loss=0.0013]
  Epoch 26/30:  71%|████████████████████████▋          | 41/58 [00:01<00:00, 32.03it/s, loss=0.0018]
  Epoch 26/30:  71%|████████████████████████▋          | 41/58 [00:01<00:00, 32.03it/s, loss=0.0003]
  Epoch 26/30:  71%|████████████████████████▋          | 41/58 [00:01<00:00, 32.03it/s, loss=0.0015]
  Epoch 26/30:  78%|███████████████████████████▏       | 45/58 [00:01<00:00, 32.81it/s, loss=0.0015]
  Epoch 26/30:  78%|███████████████████████████▏       | 45/58 [00:01<00:00, 32.81it/s, loss=0.0010]
  Epoch 26/30:  78%|███████████████████████████▏       | 45/58 [00:01<00:00, 32.81it/s, loss=0.0006]
  Epoch 26/30:  78%|███████████████████████████▏       | 45/58 [00:01<00:00, 32.81it/s, loss=0.0015]
  Epoch 26/30:  78%|███████████████████████████▏       | 45/58 [00:01<00:00, 32.81it/s, loss=0.0025]
  Epoch 26/30:  84%|█████████████████████████████▌     | 49/58 [00:01<00:00, 34.13it/s, loss=0.0025]
  Epoch 26/30:  84%|█████████████████████████████▌     | 49/58 [00:01<00:00, 34.13it/s, loss=0.0016]
  Epoch 26/30:  84%|█████████████████████████████▌     | 49/58 [00:01<00:00, 34.13it/s, loss=0.0019]
  Epoch 26/30:  84%|█████████████████████████████▌     | 49/58 [00:01<00:00, 34.13it/s, loss=0.0015]
  Epoch 26/30:  84%|█████████████████████████████▌     | 49/58 [00:01<00:00, 34.13it/s, loss=0.0010]
  Epoch 26/30:  91%|███████████████████████████████▉   | 53/58 [00:01<00:00, 32.61it/s, loss=0.0010]
  Epoch 26/30:  91%|███████████████████████████████▉   | 53/58 [00:01<00:00, 32.61it/s, loss=0.0004]
  Epoch 26/30:  91%|███████████████████████████████▉   | 53/58 [00:01<00:00, 32.61it/s, loss=0.0013]
  Epoch 26/30:  91%|███████████████████████████████▉   | 53/58 [00:01<00:00, 32.61it/s, loss=0.0032]
  Epoch 26/30:  91%|███████████████████████████████▉   | 53/58 [00:01<00:00, 32.61it/s, loss=0.0014]
  Epoch 26/30:  98%|██████████████████████████████████▍| 57/58 [00:01<00:00, 31.47it/s, loss=0.0014]
  Epoch 26/30:  98%|██████████████████████████████████▍| 57/58 [00:01<00:00, 31.47it/s, loss=0.0000]
                                                                                                    

  Epoch 27/30:   0%|                                                         | 0/58 [00:00<?, ?it/s]
  Epoch 27/30:   0%|                                            | 0/58 [00:00<?, ?it/s, loss=0.0006]
  Epoch 27/30:   0%|                                            | 0/58 [00:00<?, ?it/s, loss=0.0008]
  Epoch 27/30:   0%|                                            | 0/58 [00:00<?, ?it/s, loss=0.0007]
  Epoch 27/30:   5%|█▊                                  | 3/58 [00:00<00:01, 29.56it/s, loss=0.0007]
  Epoch 27/30:   5%|█▊                                  | 3/58 [00:00<00:01, 29.56it/s, loss=0.0014]
  Epoch 27/30:   5%|█▊                                  | 3/58 [00:00<00:01, 29.56it/s, loss=0.0018]
  Epoch 27/30:   5%|█▊                                  | 3/58 [00:00<00:01, 29.56it/s, loss=0.0015]
  Epoch 27/30:   5%|█▊                                  | 3/58 [00:00<00:01, 29.56it/s, loss=0.0010]
  Epoch 27/30:  12%|████▎                               | 7/58 [00:00<00:01, 33.66it/s, loss=0.0010]
  Epoch 27/30:  12%|████▎                               | 7/58 [00:00<00:01, 33.66it/s, loss=0.0009]
  Epoch 27/30:  12%|████▎                               | 7/58 [00:00<00:01, 33.66it/s, loss=0.0018]
  Epoch 27/30:  12%|████▎                               | 7/58 [00:00<00:01, 33.66it/s, loss=0.0035]
  Epoch 27/30:  12%|████▎                               | 7/58 [00:00<00:01, 33.66it/s, loss=0.0005]
  Epoch 27/30:  19%|██████▋                            | 11/58 [00:00<00:01, 32.18it/s, loss=0.0005]
  Epoch 27/30:  19%|██████▋                            | 11/58 [00:00<00:01, 32.18it/s, loss=0.0031]
  Epoch 27/30:  19%|██████▋                            | 11/58 [00:00<00:01, 32.18it/s, loss=0.0011]
  Epoch 27/30:  19%|██████▋                            | 11/58 [00:00<00:01, 32.18it/s, loss=0.0015]
  Epoch 27/30:  19%|██████▋                            | 11/58 [00:00<00:01, 32.18it/s, loss=0.0015]
  Epoch 27/30:  26%|█████████                          | 15/58 [00:00<00:01, 33.71it/s, loss=0.0015]
  Epoch 27/30:  26%|█████████                          | 15/58 [00:00<00:01, 33.71it/s, loss=0.0012]
  Epoch 27/30:  26%|█████████                          | 15/58 [00:00<00:01, 33.71it/s, loss=0.0010]
  Epoch 27/30:  26%|█████████                          | 15/58 [00:00<00:01, 33.71it/s, loss=0.0009]
  Epoch 27/30:  26%|█████████                          | 15/58 [00:00<00:01, 33.71it/s, loss=0.0009]
  Epoch 27/30:  33%|███████████▍                       | 19/58 [00:00<00:01, 35.32it/s, loss=0.0009]
  Epoch 27/30:  33%|███████████▍                       | 19/58 [00:00<00:01, 35.32it/s, loss=0.0005]
  Epoch 27/30:  33%|███████████▍                       | 19/58 [00:00<00:01, 35.32it/s, loss=0.0006]
  Epoch 27/30:  33%|███████████▍                       | 19/58 [00:00<00:01, 35.32it/s, loss=0.0003]
  Epoch 27/30:  33%|███████████▍                       | 19/58 [00:00<00:01, 35.32it/s, loss=0.0004]
  Epoch 27/30:  40%|█████████████▉                     | 23/58 [00:00<00:01, 32.12it/s, loss=0.0004]
  Epoch 27/30:  40%|█████████████▉                     | 23/58 [00:00<00:01, 32.12it/s, loss=0.0028]
  Epoch 27/30:  40%|█████████████▉                     | 23/58 [00:00<00:01, 32.12it/s, loss=0.0018]
  Epoch 27/30:  40%|█████████████▉                     | 23/58 [00:00<00:01, 32.12it/s, loss=0.0006]
  Epoch 27/30:  40%|█████████████▉                     | 23/58 [00:00<00:01, 32.12it/s, loss=0.0025]
  Epoch 27/30:  47%|████████████████▎                  | 27/58 [00:00<00:01, 29.94it/s, loss=0.0025]
  Epoch 27/30:  47%|████████████████▎                  | 27/58 [00:00<00:01, 29.94it/s, loss=0.0015]
  Epoch 27/30:  47%|████████████████▎                  | 27/58 [00:00<00:01, 29.94it/s, loss=0.0008]
  Epoch 27/30:  47%|████████████████▎                  | 27/58 [00:00<00:01, 29.94it/s, loss=0.0015]
  Epoch 27/30:  47%|████████████████▎                  | 27/58 [00:01<00:01, 29.94it/s, loss=0.0016]
  Epoch 27/30:  53%|██████████████████▋                | 31/58 [00:01<00:00, 27.81it/s, loss=0.0016]
  Epoch 27/30:  53%|██████████████████▋                | 31/58 [00:01<00:00, 27.81it/s, loss=0.0012]
  Epoch 27/30:  53%|██████████████████▋                | 31/58 [00:01<00:00, 27.81it/s, loss=0.0020]
  Epoch 27/30:  53%|██████████████████▋                | 31/58 [00:01<00:00, 27.81it/s, loss=0.0020]
  Epoch 27/30:  53%|██████████████████▋                | 31/58 [00:01<00:00, 27.81it/s, loss=0.0004]
  Epoch 27/30:  60%|█████████████████████              | 35/58 [00:01<00:00, 28.58it/s, loss=0.0004]
  Epoch 27/30:  60%|█████████████████████              | 35/58 [00:01<00:00, 28.58it/s, loss=0.0013]
  Epoch 27/30:  60%|█████████████████████              | 35/58 [00:01<00:00, 28.58it/s, loss=0.0009]
  Epoch 27/30:  60%|█████████████████████              | 35/58 [00:01<00:00, 28.58it/s, loss=0.0012]
  Epoch 27/30:  60%|█████████████████████              | 35/58 [00:01<00:00, 28.58it/s, loss=0.0016]
  Epoch 27/30:  60%|█████████████████████              | 35/58 [00:01<00:00, 28.58it/s, loss=0.0028]
  Epoch 27/30:  69%|████████████████████████▏          | 40/58 [00:01<00:00, 31.92it/s, loss=0.0028]
  Epoch 27/30:  69%|████████████████████████▏          | 40/58 [00:01<00:00, 31.92it/s, loss=0.0018]
  Epoch 27/30:  69%|████████████████████████▏          | 40/58 [00:01<00:00, 31.92it/s, loss=0.0006]
  Epoch 27/30:  69%|████████████████████████▏          | 40/58 [00:01<00:00, 31.92it/s, loss=0.0004]
  Epoch 27/30:  69%|████████████████████████▏          | 40/58 [00:01<00:00, 31.92it/s, loss=0.0012]
  Epoch 27/30:  76%|██████████████████████████▌        | 44/58 [00:01<00:00, 33.87it/s, loss=0.0012]
  Epoch 27/30:  76%|██████████████████████████▌        | 44/58 [00:01<00:00, 33.87it/s, loss=0.0012]
  Epoch 27/30:  76%|██████████████████████████▌        | 44/58 [00:01<00:00, 33.87it/s, loss=0.0011]
  Epoch 27/30:  76%|██████████████████████████▌        | 44/58 [00:01<00:00, 33.87it/s, loss=0.0006]
  Epoch 27/30:  76%|██████████████████████████▌        | 44/58 [00:01<00:00, 33.87it/s, loss=0.0008]
  Epoch 27/30:  83%|████████████████████████████▉      | 48/58 [00:01<00:00, 34.94it/s, loss=0.0008]
  Epoch 27/30:  83%|████████████████████████████▉      | 48/58 [00:01<00:00, 34.94it/s, loss=0.0010]
  Epoch 27/30:  83%|████████████████████████████▉      | 48/58 [00:01<00:00, 34.94it/s, loss=0.0009]
  Epoch 27/30:  83%|████████████████████████████▉      | 48/58 [00:01<00:00, 34.94it/s, loss=0.0007]
  Epoch 27/30:  83%|████████████████████████████▉      | 48/58 [00:01<00:00, 34.94it/s, loss=0.0006]
  Epoch 27/30:  90%|███████████████████████████████▍   | 52/58 [00:01<00:00, 36.00it/s, loss=0.0006]
  Epoch 27/30:  90%|███████████████████████████████▍   | 52/58 [00:01<00:00, 36.00it/s, loss=0.0014]
  Epoch 27/30:  90%|███████████████████████████████▍   | 52/58 [00:01<00:00, 36.00it/s, loss=0.0011]
  Epoch 27/30:  90%|███████████████████████████████▍   | 52/58 [00:01<00:00, 36.00it/s, loss=0.0026]
  Epoch 27/30:  90%|███████████████████████████████▍   | 52/58 [00:01<00:00, 36.00it/s, loss=0.0016]
  Epoch 27/30:  90%|███████████████████████████████▍   | 52/58 [00:01<00:00, 36.00it/s, loss=0.0005]
  Epoch 27/30:  98%|██████████████████████████████████▍| 57/58 [00:01<00:00, 37.49it/s, loss=0.0005]
  Epoch 27/30:  98%|██████████████████████████████████▍| 57/58 [00:01<00:00, 37.49it/s, loss=0.0040]
                                                                                                    

  Epoch 28/30:   0%|                                                         | 0/58 [00:00<?, ?it/s]
  Epoch 28/30:   0%|                                            | 0/58 [00:00<?, ?it/s, loss=0.0028]
  Epoch 28/30:   0%|                                            | 0/58 [00:00<?, ?it/s, loss=0.0020]
  Epoch 28/30:   0%|                                            | 0/58 [00:00<?, ?it/s, loss=0.0006]
  Epoch 28/30:   0%|                                            | 0/58 [00:00<?, ?it/s, loss=0.0017]
  Epoch 28/30:   7%|██▍                                 | 4/58 [00:00<00:01, 35.41it/s, loss=0.0017]
  Epoch 28/30:   7%|██▍                                 | 4/58 [00:00<00:01, 35.41it/s, loss=0.0022]
  Epoch 28/30:   7%|██▍                                 | 4/58 [00:00<00:01, 35.41it/s, loss=0.0015]
  Epoch 28/30:   7%|██▍                                 | 4/58 [00:00<00:01, 35.41it/s, loss=0.0017]
  Epoch 28/30:   7%|██▍                                 | 4/58 [00:00<00:01, 35.41it/s, loss=0.0023]
  Epoch 28/30:   7%|██▍                                 | 4/58 [00:00<00:01, 35.41it/s, loss=0.0009]
  Epoch 28/30:  16%|█████▌                              | 9/58 [00:00<00:01, 38.19it/s, loss=0.0009]
  Epoch 28/30:  16%|█████▌                              | 9/58 [00:00<00:01, 38.19it/s, loss=0.0021]
  Epoch 28/30:  16%|█████▌                              | 9/58 [00:00<00:01, 38.19it/s, loss=0.0008]
  Epoch 28/30:  16%|█████▌                              | 9/58 [00:00<00:01, 38.19it/s, loss=0.0004]
  Epoch 28/30:  16%|█████▌                              | 9/58 [00:00<00:01, 38.19it/s, loss=0.0006]
  Epoch 28/30:  22%|███████▊                           | 13/58 [00:00<00:01, 38.01it/s, loss=0.0006]
  Epoch 28/30:  22%|███████▊                           | 13/58 [00:00<00:01, 38.01it/s, loss=0.0011]
  Epoch 28/30:  22%|███████▊                           | 13/58 [00:00<00:01, 38.01it/s, loss=0.0013]
  Epoch 28/30:  22%|███████▊                           | 13/58 [00:00<00:01, 38.01it/s, loss=0.0008]
  Epoch 28/30:  22%|███████▊                           | 13/58 [00:00<00:01, 38.01it/s, loss=0.0005]
  Epoch 28/30:  22%|███████▊                           | 13/58 [00:00<00:01, 38.01it/s, loss=0.0020]
  Epoch 28/30:  31%|██████████▊                        | 18/58 [00:00<00:01, 39.38it/s, loss=0.0020]
  Epoch 28/30:  31%|██████████▊                        | 18/58 [00:00<00:01, 39.38it/s, loss=0.0016]
  Epoch 28/30:  31%|██████████▊                        | 18/58 [00:00<00:01, 39.38it/s, loss=0.0014]
  Epoch 28/30:  31%|██████████▊                        | 18/58 [00:00<00:01, 39.38it/s, loss=0.0028]
  Epoch 28/30:  31%|██████████▊                        | 18/58 [00:00<00:01, 39.38it/s, loss=0.0010]
  Epoch 28/30:  31%|██████████▊                        | 18/58 [00:00<00:01, 39.38it/s, loss=0.0007]
  Epoch 28/30:  40%|█████████████▉                     | 23/58 [00:00<00:00, 40.22it/s, loss=0.0007]
  Epoch 28/30:  40%|█████████████▉                     | 23/58 [00:00<00:00, 40.22it/s, loss=0.0008]
  Epoch 28/30:  40%|█████████████▉                     | 23/58 [00:00<00:00, 40.22it/s, loss=0.0008]
  Epoch 28/30:  40%|█████████████▉                     | 23/58 [00:00<00:00, 40.22it/s, loss=0.0005]
  Epoch 28/30:  40%|█████████████▉                     | 23/58 [00:00<00:00, 40.22it/s, loss=0.0009]
  Epoch 28/30:  40%|█████████████▉                     | 23/58 [00:00<00:00, 40.22it/s, loss=0.0012]
  Epoch 28/30:  48%|████████████████▉                  | 28/58 [00:00<00:00, 38.43it/s, loss=0.0012]
  Epoch 28/30:  48%|████████████████▉                  | 28/58 [00:00<00:00, 38.43it/s, loss=0.0028]
  Epoch 28/30:  48%|████████████████▉                  | 28/58 [00:00<00:00, 38.43it/s, loss=0.0005]
  Epoch 28/30:  48%|████████████████▉                  | 28/58 [00:00<00:00, 38.43it/s, loss=0.0010]
  Epoch 28/30:  48%|████████████████▉                  | 28/58 [00:00<00:00, 38.43it/s, loss=0.0008]
  Epoch 28/30:  55%|███████████████████▎               | 32/58 [00:00<00:00, 37.31it/s, loss=0.0008]
  Epoch 28/30:  55%|███████████████████▎               | 32/58 [00:00<00:00, 37.31it/s, loss=0.0006]
  Epoch 28/30:  55%|███████████████████▎               | 32/58 [00:00<00:00, 37.31it/s, loss=0.0010]
  Epoch 28/30:  55%|███████████████████▎               | 32/58 [00:00<00:00, 37.31it/s, loss=0.0008]
  Epoch 28/30:  55%|███████████████████▎               | 32/58 [00:00<00:00, 37.31it/s, loss=0.0007]
  Epoch 28/30:  62%|█████████████████████▋             | 36/58 [00:00<00:00, 37.46it/s, loss=0.0007]
  Epoch 28/30:  62%|█████████████████████▋             | 36/58 [00:00<00:00, 37.46it/s, loss=0.0008]
  Epoch 28/30:  62%|█████████████████████▋             | 36/58 [00:00<00:00, 37.46it/s, loss=0.0018]
  Epoch 28/30:  62%|█████████████████████▋             | 36/58 [00:01<00:00, 37.46it/s, loss=0.0007]
  Epoch 28/30:  62%|█████████████████████▋             | 36/58 [00:01<00:00, 37.46it/s, loss=0.0041]
  Epoch 28/30:  69%|████████████████████████▏          | 40/58 [00:01<00:00, 37.84it/s, loss=0.0041]
  Epoch 28/30:  69%|████████████████████████▏          | 40/58 [00:01<00:00, 37.84it/s, loss=0.0012]
  Epoch 28/30:  69%|████████████████████████▏          | 40/58 [00:01<00:00, 37.84it/s, loss=0.0005]
  Epoch 28/30:  69%|████████████████████████▏          | 40/58 [00:01<00:00, 37.84it/s, loss=0.0014]
  Epoch 28/30:  69%|████████████████████████▏          | 40/58 [00:01<00:00, 37.84it/s, loss=0.0011]
  Epoch 28/30:  69%|████████████████████████▏          | 40/58 [00:01<00:00, 37.84it/s, loss=0.0017]
  Epoch 28/30:  78%|███████████████████████████▏       | 45/58 [00:01<00:00, 39.73it/s, loss=0.0017]
  Epoch 28/30:  78%|███████████████████████████▏       | 45/58 [00:01<00:00, 39.73it/s, loss=0.0010]
  Epoch 28/30:  78%|███████████████████████████▏       | 45/58 [00:01<00:00, 39.73it/s, loss=0.0016]
  Epoch 28/30:  78%|███████████████████████████▏       | 45/58 [00:01<00:00, 39.73it/s, loss=0.0013]
  Epoch 28/30:  78%|███████████████████████████▏       | 45/58 [00:01<00:00, 39.73it/s, loss=0.0024]
  Epoch 28/30:  84%|█████████████████████████████▌     | 49/58 [00:01<00:00, 37.49it/s, loss=0.0024]
  Epoch 28/30:  84%|█████████████████████████████▌     | 49/58 [00:01<00:00, 37.49it/s, loss=0.0008]
  Epoch 28/30:  84%|█████████████████████████████▌     | 49/58 [00:01<00:00, 37.49it/s, loss=0.0025]
  Epoch 28/30:  84%|█████████████████████████████▌     | 49/58 [00:01<00:00, 37.49it/s, loss=0.0013]
  Epoch 28/30:  84%|█████████████████████████████▌     | 49/58 [00:01<00:00, 37.49it/s, loss=0.0007]
  Epoch 28/30:  91%|███████████████████████████████▉   | 53/58 [00:01<00:00, 35.41it/s, loss=0.0007]
  Epoch 28/30:  91%|███████████████████████████████▉   | 53/58 [00:01<00:00, 35.41it/s, loss=0.0003]
  Epoch 28/30:  91%|███████████████████████████████▉   | 53/58 [00:01<00:00, 35.41it/s, loss=0.0009]
  Epoch 28/30:  91%|███████████████████████████████▉   | 53/58 [00:01<00:00, 35.41it/s, loss=0.0025]
  Epoch 28/30:  91%|███████████████████████████████▉   | 53/58 [00:01<00:00, 35.41it/s, loss=0.0011]
  Epoch 28/30:  98%|██████████████████████████████████▍| 57/58 [00:01<00:00, 35.09it/s, loss=0.0011]
  Epoch 28/30:  98%|██████████████████████████████████▍| 57/58 [00:01<00:00, 35.09it/s, loss=0.0001]
                                                                                                    

  Epoch 29/30:   0%|                                                         | 0/58 [00:00<?, ?it/s]
  Epoch 29/30:   0%|                                            | 0/58 [00:00<?, ?it/s, loss=0.0010]
  Epoch 29/30:   0%|                                            | 0/58 [00:00<?, ?it/s, loss=0.0015]
  Epoch 29/30:   0%|                                            | 0/58 [00:00<?, ?it/s, loss=0.0015]
  Epoch 29/30:   0%|                                            | 0/58 [00:00<?, ?it/s, loss=0.0013]
  Epoch 29/30:   7%|██▍                                 | 4/58 [00:00<00:01, 39.10it/s, loss=0.0013]
  Epoch 29/30:   7%|██▍                                 | 4/58 [00:00<00:01, 39.10it/s, loss=0.0012]
  Epoch 29/30:   7%|██▍                                 | 4/58 [00:00<00:01, 39.10it/s, loss=0.0009]
  Epoch 29/30:   7%|██▍                                 | 4/58 [00:00<00:01, 39.10it/s, loss=0.0017]
  Epoch 29/30:   7%|██▍                                 | 4/58 [00:00<00:01, 39.10it/s, loss=0.0016]
  Epoch 29/30:  14%|████▉                               | 8/58 [00:00<00:01, 37.38it/s, loss=0.0016]
  Epoch 29/30:  14%|████▉                               | 8/58 [00:00<00:01, 37.38it/s, loss=0.0008]
  Epoch 29/30:  14%|████▉                               | 8/58 [00:00<00:01, 37.38it/s, loss=0.0012]
  Epoch 29/30:  14%|████▉                               | 8/58 [00:00<00:01, 37.38it/s, loss=0.0016]
  Epoch 29/30:  14%|████▉                               | 8/58 [00:00<00:01, 37.38it/s, loss=0.0005]
  Epoch 29/30:  21%|███████▏                           | 12/58 [00:00<00:01, 36.71it/s, loss=0.0005]
  Epoch 29/30:  21%|███████▏                           | 12/58 [00:00<00:01, 36.71it/s, loss=0.0006]
  Epoch 29/30:  21%|███████▏                           | 12/58 [00:00<00:01, 36.71it/s, loss=0.0008]
  Epoch 29/30:  21%|███████▏                           | 12/58 [00:00<00:01, 36.71it/s, loss=0.0024]
  Epoch 29/30:  21%|███████▏                           | 12/58 [00:00<00:01, 36.71it/s, loss=0.0006]
  Epoch 29/30:  21%|███████▏                           | 12/58 [00:00<00:01, 36.71it/s, loss=0.0005]
  Epoch 29/30:  29%|██████████▎                        | 17/58 [00:00<00:01, 38.94it/s, loss=0.0005]
  Epoch 29/30:  29%|██████████▎                        | 17/58 [00:00<00:01, 38.94it/s, loss=0.0008]
  Epoch 29/30:  29%|██████████▎                        | 17/58 [00:00<00:01, 38.94it/s, loss=0.0023]
  Epoch 29/30:  29%|██████████▎                        | 17/58 [00:00<00:01, 38.94it/s, loss=0.0006]
  Epoch 29/30:  29%|██████████▎                        | 17/58 [00:00<00:01, 38.94it/s, loss=0.0031]
  Epoch 29/30:  36%|████████████▋                      | 21/58 [00:00<00:00, 38.47it/s, loss=0.0031]
  Epoch 29/30:  36%|████████████▋                      | 21/58 [00:00<00:00, 38.47it/s, loss=0.0015]
  Epoch 29/30:  36%|████████████▋                      | 21/58 [00:00<00:00, 38.47it/s, loss=0.0005]
  Epoch 29/30:  36%|████████████▋                      | 21/58 [00:00<00:00, 38.47it/s, loss=0.0006]
  Epoch 29/30:  36%|████████████▋                      | 21/58 [00:00<00:00, 38.47it/s, loss=0.0016]
  Epoch 29/30:  43%|███████████████                    | 25/58 [00:00<00:00, 35.88it/s, loss=0.0016]
  Epoch 29/30:  43%|███████████████                    | 25/58 [00:00<00:00, 35.88it/s, loss=0.0004]
  Epoch 29/30:  43%|███████████████                    | 25/58 [00:00<00:00, 35.88it/s, loss=0.0011]
  Epoch 29/30:  43%|███████████████                    | 25/58 [00:00<00:00, 35.88it/s, loss=0.0007]
  Epoch 29/30:  43%|███████████████                    | 25/58 [00:00<00:00, 35.88it/s, loss=0.0009]
  Epoch 29/30:  50%|█████████████████▌                 | 29/58 [00:00<00:00, 34.56it/s, loss=0.0009]
  Epoch 29/30:  50%|█████████████████▌                 | 29/58 [00:00<00:00, 34.56it/s, loss=0.0018]
  Epoch 29/30:  50%|█████████████████▌                 | 29/58 [00:00<00:00, 34.56it/s, loss=0.0007]
  Epoch 29/30:  50%|█████████████████▌                 | 29/58 [00:00<00:00, 34.56it/s, loss=0.0022]
  Epoch 29/30:  50%|█████████████████▌                 | 29/58 [00:00<00:00, 34.56it/s, loss=0.0008]
  Epoch 29/30:  57%|███████████████████▉               | 33/58 [00:00<00:00, 33.07it/s, loss=0.0008]
  Epoch 29/30:  57%|███████████████████▉               | 33/58 [00:00<00:00, 33.07it/s, loss=0.0008]
  Epoch 29/30:  57%|███████████████████▉               | 33/58 [00:00<00:00, 33.07it/s, loss=0.0006]
  Epoch 29/30:  57%|███████████████████▉               | 33/58 [00:01<00:00, 33.07it/s, loss=0.0006]
  Epoch 29/30:  57%|███████████████████▉               | 33/58 [00:01<00:00, 33.07it/s, loss=0.0012]
  Epoch 29/30:  64%|██████████████████████▎            | 37/58 [00:01<00:00, 33.64it/s, loss=0.0012]
  Epoch 29/30:  64%|██████████████████████▎            | 37/58 [00:01<00:00, 33.64it/s, loss=0.0037]
  Epoch 29/30:  64%|██████████████████████▎            | 37/58 [00:01<00:00, 33.64it/s, loss=0.0014]
  Epoch 29/30:  64%|██████████████████████▎            | 37/58 [00:01<00:00, 33.64it/s, loss=0.0010]
  Epoch 29/30:  64%|██████████████████████▎            | 37/58 [00:01<00:00, 33.64it/s, loss=0.0007]
  Epoch 29/30:  71%|████████████████████████▋          | 41/58 [00:01<00:00, 34.00it/s, loss=0.0007]
  Epoch 29/30:  71%|████████████████████████▋          | 41/58 [00:01<00:00, 34.00it/s, loss=0.0024]
  Epoch 29/30:  71%|████████████████████████▋          | 41/58 [00:01<00:00, 34.00it/s, loss=0.0018]
  Epoch 29/30:  71%|████████████████████████▋          | 41/58 [00:01<00:00, 34.00it/s, loss=0.0018]
  Epoch 29/30:  71%|████████████████████████▋          | 41/58 [00:01<00:00, 34.00it/s, loss=0.0006]
  Epoch 29/30:  71%|████████████████████████▋          | 41/58 [00:01<00:00, 34.00it/s, loss=0.0008]
  Epoch 29/30:  79%|███████████████████████████▊       | 46/58 [00:01<00:00, 36.30it/s, loss=0.0008]
  Epoch 29/30:  79%|███████████████████████████▊       | 46/58 [00:01<00:00, 36.30it/s, loss=0.0034]
  Epoch 29/30:  79%|███████████████████████████▊       | 46/58 [00:01<00:00, 36.30it/s, loss=0.0016]
  Epoch 29/30:  79%|███████████████████████████▊       | 46/58 [00:01<00:00, 36.30it/s, loss=0.0024]
  Epoch 29/30:  79%|███████████████████████████▊       | 46/58 [00:01<00:00, 36.30it/s, loss=0.0008]
  Epoch 29/30:  79%|███████████████████████████▊       | 46/58 [00:01<00:00, 36.30it/s, loss=0.0010]
  Epoch 29/30:  88%|██████████████████████████████▊    | 51/58 [00:01<00:00, 36.68it/s, loss=0.0010]
  Epoch 29/30:  88%|██████████████████████████████▊    | 51/58 [00:01<00:00, 36.68it/s, loss=0.0006]
  Epoch 29/30:  88%|██████████████████████████████▊    | 51/58 [00:01<00:00, 36.68it/s, loss=0.0013]
  Epoch 29/30:  88%|██████████████████████████████▊    | 51/58 [00:01<00:00, 36.68it/s, loss=0.0009]
  Epoch 29/30:  88%|██████████████████████████████▊    | 51/58 [00:01<00:00, 36.68it/s, loss=0.0010]
  Epoch 29/30:  88%|██████████████████████████████▊    | 51/58 [00:01<00:00, 36.68it/s, loss=0.0012]
  Epoch 29/30:  97%|█████████████████████████████████▊ | 56/58 [00:01<00:00, 37.23it/s, loss=0.0012]
  Epoch 29/30:  97%|█████████████████████████████████▊ | 56/58 [00:01<00:00, 37.23it/s, loss=0.0013]
  Epoch 29/30:  97%|█████████████████████████████████▊ | 56/58 [00:01<00:00, 37.23it/s, loss=0.0003]
                                                                                                    

  Epoch 30/30:   0%|                                                         | 0/58 [00:00<?, ?it/s]
  Epoch 30/30:   0%|                                            | 0/58 [00:00<?, ?it/s, loss=0.0018]
  Epoch 30/30:   0%|                                            | 0/58 [00:00<?, ?it/s, loss=0.0010]
  Epoch 30/30:   0%|                                            | 0/58 [00:00<?, ?it/s, loss=0.0009]
  Epoch 30/30:   0%|                                            | 0/58 [00:00<?, ?it/s, loss=0.0014]
  Epoch 30/30:   7%|██▍                                 | 4/58 [00:00<00:01, 32.44it/s, loss=0.0014]
  Epoch 30/30:   7%|██▍                                 | 4/58 [00:00<00:01, 32.44it/s, loss=0.0006]
  Epoch 30/30:   7%|██▍                                 | 4/58 [00:00<00:01, 32.44it/s, loss=0.0022]
  Epoch 30/30:   7%|██▍                                 | 4/58 [00:00<00:01, 32.44it/s, loss=0.0020]
  Epoch 30/30:   7%|██▍                                 | 4/58 [00:00<00:01, 32.44it/s, loss=0.0033]
  Epoch 30/30:  14%|████▉                               | 8/58 [00:00<00:01, 32.55it/s, loss=0.0033]
  Epoch 30/30:  14%|████▉                               | 8/58 [00:00<00:01, 32.55it/s, loss=0.0021]
  Epoch 30/30:  14%|████▉                               | 8/58 [00:00<00:01, 32.55it/s, loss=0.0005]
  Epoch 30/30:  14%|████▉                               | 8/58 [00:00<00:01, 32.55it/s, loss=0.0014]
  Epoch 30/30:  14%|████▉                               | 8/58 [00:00<00:01, 32.55it/s, loss=0.0005]
  Epoch 30/30:  21%|███████▏                           | 12/58 [00:00<00:01, 32.58it/s, loss=0.0005]
  Epoch 30/30:  21%|███████▏                           | 12/58 [00:00<00:01, 32.58it/s, loss=0.0011]
  Epoch 30/30:  21%|███████▏                           | 12/58 [00:00<00:01, 32.58it/s, loss=0.0015]
  Epoch 30/30:  21%|███████▏                           | 12/58 [00:00<00:01, 32.58it/s, loss=0.0012]
  Epoch 30/30:  21%|███████▏                           | 12/58 [00:00<00:01, 32.58it/s, loss=0.0009]
  Epoch 30/30:  28%|█████████▋                         | 16/58 [00:00<00:01, 34.13it/s, loss=0.0009]
  Epoch 30/30:  28%|█████████▋                         | 16/58 [00:00<00:01, 34.13it/s, loss=0.0024]
  Epoch 30/30:  28%|█████████▋                         | 16/58 [00:00<00:01, 34.13it/s, loss=0.0010]
  Epoch 30/30:  28%|█████████▋                         | 16/58 [00:00<00:01, 34.13it/s, loss=0.0010]
  Epoch 30/30:  28%|█████████▋                         | 16/58 [00:00<00:01, 34.13it/s, loss=0.0010]
  Epoch 30/30:  34%|████████████                       | 20/58 [00:00<00:01, 34.17it/s, loss=0.0010]
  Epoch 30/30:  34%|████████████                       | 20/58 [00:00<00:01, 34.17it/s, loss=0.0008]
  Epoch 30/30:  34%|████████████                       | 20/58 [00:00<00:01, 34.17it/s, loss=0.0005]
  Epoch 30/30:  34%|████████████                       | 20/58 [00:00<00:01, 34.17it/s, loss=0.0005]
  Epoch 30/30:  34%|████████████                       | 20/58 [00:00<00:01, 34.17it/s, loss=0.0014]
  Epoch 30/30:  41%|██████████████▍                    | 24/58 [00:00<00:00, 34.05it/s, loss=0.0014]
  Epoch 30/30:  41%|██████████████▍                    | 24/58 [00:00<00:00, 34.05it/s, loss=0.0008]
  Epoch 30/30:  41%|██████████████▍                    | 24/58 [00:00<00:00, 34.05it/s, loss=0.0009]
  Epoch 30/30:  41%|██████████████▍                    | 24/58 [00:00<00:00, 34.05it/s, loss=0.0016]
  Epoch 30/30:  41%|██████████████▍                    | 24/58 [00:00<00:00, 34.05it/s, loss=0.0018]
  Epoch 30/30:  48%|████████████████▉                  | 28/58 [00:00<00:00, 35.11it/s, loss=0.0018]
  Epoch 30/30:  48%|████████████████▉                  | 28/58 [00:00<00:00, 35.11it/s, loss=0.0015]
  Epoch 30/30:  48%|████████████████▉                  | 28/58 [00:00<00:00, 35.11it/s, loss=0.0008]
  Epoch 30/30:  48%|████████████████▉                  | 28/58 [00:00<00:00, 35.11it/s, loss=0.0013]
  Epoch 30/30:  48%|████████████████▉                  | 28/58 [00:00<00:00, 35.11it/s, loss=0.0014]
  Epoch 30/30:  55%|███████████████████▎               | 32/58 [00:00<00:00, 36.27it/s, loss=0.0014]
  Epoch 30/30:  55%|███████████████████▎               | 32/58 [00:00<00:00, 36.27it/s, loss=0.0007]
  Epoch 30/30:  55%|███████████████████▎               | 32/58 [00:00<00:00, 36.27it/s, loss=0.0017]
  Epoch 30/30:  55%|███████████████████▎               | 32/58 [00:00<00:00, 36.27it/s, loss=0.0002]
  Epoch 30/30:  55%|███████████████████▎               | 32/58 [00:01<00:00, 36.27it/s, loss=0.0008]
  Epoch 30/30:  55%|███████████████████▎               | 32/58 [00:01<00:00, 36.27it/s, loss=0.0010]
  Epoch 30/30:  64%|██████████████████████▎            | 37/58 [00:01<00:00, 38.33it/s, loss=0.0010]
  Epoch 30/30:  64%|██████████████████████▎            | 37/58 [00:01<00:00, 38.33it/s, loss=0.0018]
  Epoch 30/30:  64%|██████████████████████▎            | 37/58 [00:01<00:00, 38.33it/s, loss=0.0007]
  Epoch 30/30:  64%|██████████████████████▎            | 37/58 [00:01<00:00, 38.33it/s, loss=0.0007]
  Epoch 30/30:  64%|██████████████████████▎            | 37/58 [00:01<00:00, 38.33it/s, loss=0.0020]
  Epoch 30/30:  71%|████████████████████████▋          | 41/58 [00:01<00:00, 35.15it/s, loss=0.0020]
  Epoch 30/30:  71%|████████████████████████▋          | 41/58 [00:01<00:00, 35.15it/s, loss=0.0007]
  Epoch 30/30:  71%|████████████████████████▋          | 41/58 [00:01<00:00, 35.15it/s, loss=0.0009]
  Epoch 30/30:  71%|████████████████████████▋          | 41/58 [00:01<00:00, 35.15it/s, loss=0.0005]
  Epoch 30/30:  71%|████████████████████████▋          | 41/58 [00:01<00:00, 35.15it/s, loss=0.0012]
  Epoch 30/30:  78%|███████████████████████████▏       | 45/58 [00:01<00:00, 35.82it/s, loss=0.0012]
  Epoch 30/30:  78%|███████████████████████████▏       | 45/58 [00:01<00:00, 35.82it/s, loss=0.0006]
  Epoch 30/30:  78%|███████████████████████████▏       | 45/58 [00:01<00:00, 35.82it/s, loss=0.0012]
  Epoch 30/30:  78%|███████████████████████████▏       | 45/58 [00:01<00:00, 35.82it/s, loss=0.0012]
  Epoch 30/30:  78%|███████████████████████████▏       | 45/58 [00:01<00:00, 35.82it/s, loss=0.0011]
  Epoch 30/30:  78%|███████████████████████████▏       | 45/58 [00:01<00:00, 35.82it/s, loss=0.0007]
  Epoch 30/30:  86%|██████████████████████████████▏    | 50/58 [00:01<00:00, 38.07it/s, loss=0.0007]
  Epoch 30/30:  86%|██████████████████████████████▏    | 50/58 [00:01<00:00, 38.07it/s, loss=0.0018]
  Epoch 30/30:  86%|██████████████████████████████▏    | 50/58 [00:01<00:00, 38.07it/s, loss=0.0008]
  Epoch 30/30:  86%|██████████████████████████████▏    | 50/58 [00:01<00:00, 38.07it/s, loss=0.0008]
  Epoch 30/30:  86%|██████████████████████████████▏    | 50/58 [00:01<00:00, 38.07it/s, loss=0.0025]
  Epoch 30/30:  86%|██████████████████████████████▏    | 50/58 [00:01<00:00, 38.07it/s, loss=0.0009]
  Epoch 30/30:  95%|█████████████████████████████████▏ | 55/58 [00:01<00:00, 40.31it/s, loss=0.0009]
  Epoch 30/30:  95%|█████████████████████████████████▏ | 55/58 [00:01<00:00, 40.31it/s, loss=0.0020]
  Epoch 30/30:  95%|█████████████████████████████████▏ | 55/58 [00:01<00:00, 40.31it/s, loss=0.0029]
  Epoch 30/30:  95%|█████████████████████████████████▏ | 55/58 [00:01<00:00, 40.31it/s, loss=0.0088]
                                                                                                    
  Epoch 30/30 │ Loss: 0.0014 │ T+1: 0.5125 │ T+2: 0.3522 │ T+3: 0.2554 ★ NEW BEST

  → Loading best model checkpoint
    Best T+1 NSE: 0.5125

  → Saving model
    Model saved: E:\SRIP 2025\Streamflow and Water-level Prediction\Final Stuff\srip-transformer\runs\baseline_mha_20260304_212149\model.pt

============================================================
  STEP 7: EVALUATING MODEL
============================================================

  → Evaluating on Test Set 1961-1970

  Testing 1961-1970:   0%|                                                   | 0/15 [00:00<?, ?it/s]
  Testing 1961-1970:  60%|█████████████████████████▊                 | 9/15 [00:00<00:00, 88.05it/s]
                                                                                                    

    Results (1961-1970):
    Horizon       NSE       R²      PBIAS │      P90      P95 │    Peak%
    ----------------------------------------------------------------------
    T1         0.6558   0.6558    -59.59% │   0.4386   0.4213 │    95.7%
    T2         0.0898   0.0898   -143.91% │   0.0550   0.0781 │    98.0%
    T3         0.4318   0.4318     -8.38% │  -0.1277  -0.4728 │    80.9%

  → Evaluating on Test Set 2011-2020

  Testing 2011-2020:   0%|                                                   | 0/15 [00:00<?, ?it/s]
  Testing 2011-2020:  67%|████████████████████████████              | 10/15 [00:00<00:00, 96.46it/s]
                                                                                                    

    Results (2011-2020):
    Horizon       NSE       R²      PBIAS │      P90      P95 │    Peak%
    ----------------------------------------------------------------------
    T1        -0.4359  -0.4359   -147.04% │  -0.9909  -0.6130 │    98.4%
    T2        -1.3877  -1.3877   -244.70% │  -0.8863  -0.2545 │    97.9%
    T3         0.3102   0.3102    -46.06% │  -0.0628  -0.2319 │    85.9%

============================================================
  STEP 8: SAVING RESULTS
============================================================

  → Saving results.json

  → Saving train_history.json

  → Computing feature saliency (gradient × input)
    Features: ['rainfall', 'tmax', 'tmin', 'waterlevel_upstream', 'streamflow_upstream', 'waterlevel_final', 'streamflow_final']
Traceback (most recent call last):
  File "E:\SRIP 2025\Streamflow and Water-level Prediction\Final Stuff\srip-transformer\src\train.py", line 895, in <module>
    main()
  File "E:\SRIP 2025\Streamflow and Water-level Prediction\Final Stuff\srip-transformer\src\train.py", line 850, in main
    saliency_results = compute_feature_saliency(
                       ^^^^^^^^^^^^^^^^^^^^^^^^^
  File "E:\SRIP 2025\Streamflow and Water-level Prediction\Final Stuff\srip-transformer\src\train.py", line 398, in compute_feature_saliency
    predictions[horizon].sum().backward(retain_graph=True)
  File "C:\Users\HP\AppData\Local\Programs\Python\Python312\Lib\site-packages\torch\_tensor.py", line 630, in backward
    torch.autograd.backward(
  File "C:\Users\HP\AppData\Local\Programs\Python\Python312\Lib\site-packages\torch\autograd\__init__.py", line 364, in backward
    _engine_run_backward(
  File "C:\Users\HP\AppData\Local\Programs\Python\Python312\Lib\site-packages\torch\autograd\graph.py", line 865, in _engine_run_backward
    return Variable._execution_engine.run_backward(  # Calls into the C++ engine to run the backward pass
           ^^^^^^^^^^^^^^^^^^^^^^^^^^^^^^^^^^^^^^^^^^^^^^^^^^^^^^^^^^^^^^^^^^^^^^^^^^^^^^^^^^^^^^^^^^^^^^
RuntimeError: cudnn RNN backward can only be called in training mode
