
============================================================
  SeqLSTM TRAINING PIPELINE
  Modular Ablation Framework
============================================================

============================================================
  STEP 1: LOADING CONFIGURATION
============================================================
  Config file: E:\SRIP 2025\Streamflow and Water-level Prediction\Final Stuff\srip-transformer\src\configs\baseline_mha.yaml
  Config name: baseline_mha

  Configuration:
    • Sequential:    ✗ OFF (single LSTM)
    • Bidirectional: ✗ OFF
    • Attention:     ✓ ON  (MHA)
    • Rating Curve:  ✗ OFF
    • Hierarchical:  ✗ OFF

  LSTM Settings:
    • Hidden dim:    64
    • Num layers:    1
    • Dropout:       0.1

  Attention Settings:
    • Num heads:     8

  Hard Constraints (enforced globally):
    • Lookback:      7 days
    • Batch size:    256
    • Learning rate: 0.001
    • Epochs:        30
    • Optimizer:     Adam
    • Loss:          MSE
    • Random seed:   74

  → Setting random seed: 74

  → Using device: cuda
    GPU: NVIDIA GeForce RTX 3050 4GB Laptop GPU

============================================================
  STEP 2: LOADING AND PREPARING DATA
============================================================

  → Loading station data: E:\SRIP 2025\Streamflow and Water-level Prediction\Final Stuff\srip-transformer\hierarchial\new_Sandia_with_hierarchical_quantiles.csv
    Raw data shape: (22279, 23)
    Date range: 1961-01-02 to 2021-12-31

  → Detected pre-computed hierarchical features in CSV
    • hierarchical_feature_quantile_0.1
    • hierarchical_feature_quantile_0.5
    • hierarchical_feature_quantile_0.9
    • hierarchical_feature_quantile_0.95
    ✗ Will be EXCLUDED (use_hierarchical=False)

  → Determining feature set
    Using auto-detected features
    Total features: 7
       1. rainfall
       2. tmax
       3. tmin
       4. waterlevel_upstream
       5. streamflow_upstream
       6. waterlevel_final
       7. streamflow_final
    Target: streamflow_final

  → Loading processed data
    Station: Sandia
    Processed shape: (22279, 23)

  → Splitting data by year
    Train (1971-2010):        14,610 samples
    Test (1961-1970):         3,651 samples
    Test (2011-2020):         3,653 samples

  → Scaling features (MinMaxScaler)
    Scaler fitted on 7 features

  → Creating PyTorch datasets
    Lookback window: 7 days (t-7 to t-1)
    Train dataset:   14,600 sequences
    Test 61-70:      3,641 sequences
    Test 11-20:      3,643 sequences

  → Creating DataLoaders
    Batch size: 256
    Train batches: 58

============================================================
  STEP 3: SETTING UP OUTPUT DIRECTORY
============================================================
  Run directory: E:\SRIP 2025\Streamflow and Water-level Prediction\Final Stuff\srip-transformer\runs\baseline_mha_20260304_212255

============================================================
  STEP 4: RATING CURVE (SKIPPED)
============================================================
  Fitter disabled in config

============================================================
  STEP 5: CREATING MODEL
============================================================

  → Initializing SeqLSTMModel
    Input dimension: 7
    Model variant:   Vanilla_MHA

  → Counting parameters & FLOPs
    Total parameters: 41,795
      • lstm: 18,688
      • attention: 16,768
      • heads: 6,339
    FLOPs (per forward pass): 375.424K  [manual estimate]

============================================================
  STEP 6: TRAINING MODEL
============================================================

  → Setting up optimizer and loss function
    Optimizer: Adam (lr=0.001)
    Loss: MSELoss

  → Starting training loop (30 epochs)
    Progress will be shown every 5 epochs


  Epoch  1/30:   0%|                                                         | 0/58 [00:00<?, ?it/s]
  Epoch  1/30:   0%|                                            | 0/58 [00:00<?, ?it/s, loss=0.1081]
  Epoch  1/30:   2%|▌                                   | 1/58 [00:00<00:23,  2.42it/s, loss=0.1081]
  Epoch  1/30:   2%|▌                                   | 1/58 [00:00<00:23,  2.42it/s, loss=0.0192]
  Epoch  1/30:   2%|▌                                   | 1/58 [00:00<00:23,  2.42it/s, loss=0.0102]
  Epoch  1/30:   2%|▌                                   | 1/58 [00:00<00:23,  2.42it/s, loss=0.0239]
  Epoch  1/30:   2%|▌                                   | 1/58 [00:00<00:23,  2.42it/s, loss=0.0301]
  Epoch  1/30:   2%|▌                                   | 1/58 [00:00<00:23,  2.42it/s, loss=0.0277]
  Epoch  1/30:  10%|███▋                                | 6/58 [00:00<00:03, 14.50it/s, loss=0.0277]
  Epoch  1/30:  10%|███▋                                | 6/58 [00:00<00:03, 14.50it/s, loss=0.0200]
  Epoch  1/30:  10%|███▋                                | 6/58 [00:00<00:03, 14.50it/s, loss=0.0144]
  Epoch  1/30:  10%|███▋                                | 6/58 [00:00<00:03, 14.50it/s, loss=0.0090]
  Epoch  1/30:  10%|███▋                                | 6/58 [00:00<00:03, 14.50it/s, loss=0.0075]
  Epoch  1/30:  17%|██████                             | 10/58 [00:00<00:02, 21.25it/s, loss=0.0075]
  Epoch  1/30:  17%|██████                             | 10/58 [00:00<00:02, 21.25it/s, loss=0.0057]
  Epoch  1/30:  17%|██████                             | 10/58 [00:00<00:02, 21.25it/s, loss=0.0081]
  Epoch  1/30:  17%|██████                             | 10/58 [00:00<00:02, 21.25it/s, loss=0.0113]
  Epoch  1/30:  17%|██████                             | 10/58 [00:00<00:02, 21.25it/s, loss=0.0123]
  Epoch  1/30:  17%|██████                             | 10/58 [00:00<00:02, 21.25it/s, loss=0.0101]
  Epoch  1/30:  26%|█████████                          | 15/58 [00:00<00:01, 28.19it/s, loss=0.0101]
  Epoch  1/30:  26%|█████████                          | 15/58 [00:00<00:01, 28.19it/s, loss=0.0113]
  Epoch  1/30:  26%|█████████                          | 15/58 [00:00<00:01, 28.19it/s, loss=0.0065]
  Epoch  1/30:  26%|█████████                          | 15/58 [00:00<00:01, 28.19it/s, loss=0.0068]
  Epoch  1/30:  26%|█████████                          | 15/58 [00:00<00:01, 28.19it/s, loss=0.0037]
  Epoch  1/30:  33%|███████████▍                       | 19/58 [00:00<00:01, 31.18it/s, loss=0.0037]
  Epoch  1/30:  33%|███████████▍                       | 19/58 [00:00<00:01, 31.18it/s, loss=0.0049]
  Epoch  1/30:  33%|███████████▍                       | 19/58 [00:00<00:01, 31.18it/s, loss=0.0061]
  Epoch  1/30:  33%|███████████▍                       | 19/58 [00:00<00:01, 31.18it/s, loss=0.0038]
  Epoch  1/30:  33%|███████████▍                       | 19/58 [00:00<00:01, 31.18it/s, loss=0.0059]
  Epoch  1/30:  33%|███████████▍                       | 19/58 [00:00<00:01, 31.18it/s, loss=0.0054]
  Epoch  1/30:  41%|██████████████▍                    | 24/58 [00:00<00:00, 35.73it/s, loss=0.0054]
  Epoch  1/30:  41%|██████████████▍                    | 24/58 [00:00<00:00, 35.73it/s, loss=0.0045]
  Epoch  1/30:  41%|██████████████▍                    | 24/58 [00:00<00:00, 35.73it/s, loss=0.0056]
  Epoch  1/30:  41%|██████████████▍                    | 24/58 [00:01<00:00, 35.73it/s, loss=0.0043]
  Epoch  1/30:  41%|██████████████▍                    | 24/58 [00:01<00:00, 35.73it/s, loss=0.0058]
  Epoch  1/30:  41%|██████████████▍                    | 24/58 [00:01<00:00, 35.73it/s, loss=0.0045]
  Epoch  1/30:  50%|█████████████████▌                 | 29/58 [00:01<00:00, 36.15it/s, loss=0.0045]
  Epoch  1/30:  50%|█████████████████▌                 | 29/58 [00:01<00:00, 36.15it/s, loss=0.0052]
  Epoch  1/30:  50%|█████████████████▌                 | 29/58 [00:01<00:00, 36.15it/s, loss=0.0028]
  Epoch  1/30:  50%|█████████████████▌                 | 29/58 [00:01<00:00, 36.15it/s, loss=0.0026]
  Epoch  1/30:  50%|█████████████████▌                 | 29/58 [00:01<00:00, 36.15it/s, loss=0.0048]
  Epoch  1/30:  50%|█████████████████▌                 | 29/58 [00:01<00:00, 36.15it/s, loss=0.0050]
  Epoch  1/30:  59%|████████████████████▌              | 34/58 [00:01<00:00, 38.99it/s, loss=0.0050]
  Epoch  1/30:  59%|████████████████████▌              | 34/58 [00:01<00:00, 38.99it/s, loss=0.0045]
  Epoch  1/30:  59%|████████████████████▌              | 34/58 [00:01<00:00, 38.99it/s, loss=0.0030]
  Epoch  1/30:  59%|████████████████████▌              | 34/58 [00:01<00:00, 38.99it/s, loss=0.0048]
  Epoch  1/30:  59%|████████████████████▌              | 34/58 [00:01<00:00, 38.99it/s, loss=0.0028]
  Epoch  1/30:  59%|████████████████████▌              | 34/58 [00:01<00:00, 38.99it/s, loss=0.0032]
  Epoch  1/30:  67%|███████████████████████▌           | 39/58 [00:01<00:00, 40.02it/s, loss=0.0032]
  Epoch  1/30:  67%|███████████████████████▌           | 39/58 [00:01<00:00, 40.02it/s, loss=0.0054]
  Epoch  1/30:  67%|███████████████████████▌           | 39/58 [00:01<00:00, 40.02it/s, loss=0.0032]
  Epoch  1/30:  67%|███████████████████████▌           | 39/58 [00:01<00:00, 40.02it/s, loss=0.0029]
  Epoch  1/30:  67%|███████████████████████▌           | 39/58 [00:01<00:00, 40.02it/s, loss=0.0020]
  Epoch  1/30:  67%|███████████████████████▌           | 39/58 [00:01<00:00, 40.02it/s, loss=0.0028]
  Epoch  1/30:  76%|██████████████████████████▌        | 44/58 [00:01<00:00, 42.35it/s, loss=0.0028]
  Epoch  1/30:  76%|██████████████████████████▌        | 44/58 [00:01<00:00, 42.35it/s, loss=0.0021]
  Epoch  1/30:  76%|██████████████████████████▌        | 44/58 [00:01<00:00, 42.35it/s, loss=0.0037]
  Epoch  1/30:  76%|██████████████████████████▌        | 44/58 [00:01<00:00, 42.35it/s, loss=0.0020]
  Epoch  1/30:  76%|██████████████████████████▌        | 44/58 [00:01<00:00, 42.35it/s, loss=0.0021]
  Epoch  1/30:  76%|██████████████████████████▌        | 44/58 [00:01<00:00, 42.35it/s, loss=0.0020]
  Epoch  1/30:  76%|██████████████████████████▌        | 44/58 [00:01<00:00, 42.35it/s, loss=0.0030]
  Epoch  1/30:  86%|██████████████████████████████▏    | 50/58 [00:01<00:00, 45.36it/s, loss=0.0030]
  Epoch  1/30:  86%|██████████████████████████████▏    | 50/58 [00:01<00:00, 45.36it/s, loss=0.0018]
  Epoch  1/30:  86%|██████████████████████████████▏    | 50/58 [00:01<00:00, 45.36it/s, loss=0.0028]
  Epoch  1/30:  86%|██████████████████████████████▏    | 50/58 [00:01<00:00, 45.36it/s, loss=0.0042]
  Epoch  1/30:  86%|██████████████████████████████▏    | 50/58 [00:01<00:00, 45.36it/s, loss=0.0020]
  Epoch  1/30:  86%|██████████████████████████████▏    | 50/58 [00:01<00:00, 45.36it/s, loss=0.0038]
  Epoch  1/30:  95%|█████████████████████████████████▏ | 55/58 [00:01<00:00, 43.11it/s, loss=0.0038]
  Epoch  1/30:  95%|█████████████████████████████████▏ | 55/58 [00:01<00:00, 43.11it/s, loss=0.0015]
  Epoch  1/30:  95%|█████████████████████████████████▏ | 55/58 [00:01<00:00, 43.11it/s, loss=0.0017]
  Epoch  1/30:  95%|█████████████████████████████████▏ | 55/58 [00:01<00:00, 43.11it/s, loss=0.0013]
                                                                                                    

  Epoch  2/30:   0%|                                                         | 0/58 [00:00<?, ?it/s]
  Epoch  2/30:   0%|                                            | 0/58 [00:00<?, ?it/s, loss=0.0021]
  Epoch  2/30:   0%|                                            | 0/58 [00:00<?, ?it/s, loss=0.0036]
  Epoch  2/30:   0%|                                            | 0/58 [00:00<?, ?it/s, loss=0.0022]
  Epoch  2/30:   0%|                                            | 0/58 [00:00<?, ?it/s, loss=0.0013]
  Epoch  2/30:   0%|                                            | 0/58 [00:00<?, ?it/s, loss=0.0013]
  Epoch  2/30:   9%|███                                 | 5/58 [00:00<00:01, 45.07it/s, loss=0.0013]
  Epoch  2/30:   9%|███                                 | 5/58 [00:00<00:01, 45.07it/s, loss=0.0023]
  Epoch  2/30:   9%|███                                 | 5/58 [00:00<00:01, 45.07it/s, loss=0.0022]
  Epoch  2/30:   9%|███                                 | 5/58 [00:00<00:01, 45.07it/s, loss=0.0016]
  Epoch  2/30:   9%|███                                 | 5/58 [00:00<00:01, 45.07it/s, loss=0.0020]
  Epoch  2/30:   9%|███                                 | 5/58 [00:00<00:01, 45.07it/s, loss=0.0010]
  Epoch  2/30:  17%|██████                             | 10/58 [00:00<00:01, 41.83it/s, loss=0.0010]
  Epoch  2/30:  17%|██████                             | 10/58 [00:00<00:01, 41.83it/s, loss=0.0019]
  Epoch  2/30:  17%|██████                             | 10/58 [00:00<00:01, 41.83it/s, loss=0.0033]
  Epoch  2/30:  17%|██████                             | 10/58 [00:00<00:01, 41.83it/s, loss=0.0052]
  Epoch  2/30:  17%|██████                             | 10/58 [00:00<00:01, 41.83it/s, loss=0.0017]
  Epoch  2/30:  17%|██████                             | 10/58 [00:00<00:01, 41.83it/s, loss=0.0020]
  Epoch  2/30:  26%|█████████                          | 15/58 [00:00<00:01, 40.68it/s, loss=0.0020]
  Epoch  2/30:  26%|█████████                          | 15/58 [00:00<00:01, 40.68it/s, loss=0.0018]
  Epoch  2/30:  26%|█████████                          | 15/58 [00:00<00:01, 40.68it/s, loss=0.0020]
  Epoch  2/30:  26%|█████████                          | 15/58 [00:00<00:01, 40.68it/s, loss=0.0038]
  Epoch  2/30:  26%|█████████                          | 15/58 [00:00<00:01, 40.68it/s, loss=0.0029]
  Epoch  2/30:  26%|█████████                          | 15/58 [00:00<00:01, 40.68it/s, loss=0.0017]
  Epoch  2/30:  34%|████████████                       | 20/58 [00:00<00:00, 41.78it/s, loss=0.0017]
  Epoch  2/30:  34%|████████████                       | 20/58 [00:00<00:00, 41.78it/s, loss=0.0015]
  Epoch  2/30:  34%|████████████                       | 20/58 [00:00<00:00, 41.78it/s, loss=0.0018]
  Epoch  2/30:  34%|████████████                       | 20/58 [00:00<00:00, 41.78it/s, loss=0.0016]
  Epoch  2/30:  34%|████████████                       | 20/58 [00:00<00:00, 41.78it/s, loss=0.0015]
  Epoch  2/30:  34%|████████████                       | 20/58 [00:00<00:00, 41.78it/s, loss=0.0025]
  Epoch  2/30:  43%|███████████████                    | 25/58 [00:00<00:00, 42.37it/s, loss=0.0025]
  Epoch  2/30:  43%|███████████████                    | 25/58 [00:00<00:00, 42.37it/s, loss=0.0037]
  Epoch  2/30:  43%|███████████████                    | 25/58 [00:00<00:00, 42.37it/s, loss=0.0042]
  Epoch  2/30:  43%|███████████████                    | 25/58 [00:00<00:00, 42.37it/s, loss=0.0029]
  Epoch  2/30:  43%|███████████████                    | 25/58 [00:00<00:00, 42.37it/s, loss=0.0038]
  Epoch  2/30:  43%|███████████████                    | 25/58 [00:00<00:00, 42.37it/s, loss=0.0016]
  Epoch  2/30:  52%|██████████████████                 | 30/58 [00:00<00:00, 39.15it/s, loss=0.0016]
  Epoch  2/30:  52%|██████████████████                 | 30/58 [00:00<00:00, 39.15it/s, loss=0.0030]
  Epoch  2/30:  52%|██████████████████                 | 30/58 [00:00<00:00, 39.15it/s, loss=0.0014]
  Epoch  2/30:  52%|██████████████████                 | 30/58 [00:00<00:00, 39.15it/s, loss=0.0018]
  Epoch  2/30:  52%|██████████████████                 | 30/58 [00:00<00:00, 39.15it/s, loss=0.0011]
  Epoch  2/30:  59%|████████████████████▌              | 34/58 [00:00<00:00, 37.80it/s, loss=0.0011]
  Epoch  2/30:  59%|████████████████████▌              | 34/58 [00:00<00:00, 37.80it/s, loss=0.0018]
  Epoch  2/30:  59%|████████████████████▌              | 34/58 [00:00<00:00, 37.80it/s, loss=0.0018]
  Epoch  2/30:  59%|████████████████████▌              | 34/58 [00:00<00:00, 37.80it/s, loss=0.0010]
  Epoch  2/30:  59%|████████████████████▌              | 34/58 [00:00<00:00, 37.80it/s, loss=0.0019]
  Epoch  2/30:  59%|████████████████████▌              | 34/58 [00:00<00:00, 37.80it/s, loss=0.0015]
  Epoch  2/30:  67%|███████████████████████▌           | 39/58 [00:00<00:00, 39.54it/s, loss=0.0015]
  Epoch  2/30:  67%|███████████████████████▌           | 39/58 [00:00<00:00, 39.54it/s, loss=0.0022]
  Epoch  2/30:  67%|███████████████████████▌           | 39/58 [00:01<00:00, 39.54it/s, loss=0.0012]
  Epoch  2/30:  67%|███████████████████████▌           | 39/58 [00:01<00:00, 39.54it/s, loss=0.0024]
  Epoch  2/30:  67%|███████████████████████▌           | 39/58 [00:01<00:00, 39.54it/s, loss=0.0025]
  Epoch  2/30:  74%|█████████████████████████▉         | 43/58 [00:01<00:00, 39.33it/s, loss=0.0025]
  Epoch  2/30:  74%|█████████████████████████▉         | 43/58 [00:01<00:00, 39.33it/s, loss=0.0021]
  Epoch  2/30:  74%|█████████████████████████▉         | 43/58 [00:01<00:00, 39.33it/s, loss=0.0014]
  Epoch  2/30:  74%|█████████████████████████▉         | 43/58 [00:01<00:00, 39.33it/s, loss=0.0014]
  Epoch  2/30:  74%|█████████████████████████▉         | 43/58 [00:01<00:00, 39.33it/s, loss=0.0012]
  Epoch  2/30:  81%|████████████████████████████▎      | 47/58 [00:01<00:00, 39.23it/s, loss=0.0012]
  Epoch  2/30:  81%|████████████████████████████▎      | 47/58 [00:01<00:00, 39.23it/s, loss=0.0011]
  Epoch  2/30:  81%|████████████████████████████▎      | 47/58 [00:01<00:00, 39.23it/s, loss=0.0033]
  Epoch  2/30:  81%|████████████████████████████▎      | 47/58 [00:01<00:00, 39.23it/s, loss=0.0030]
  Epoch  2/30:  81%|████████████████████████████▎      | 47/58 [00:01<00:00, 39.23it/s, loss=0.0027]
  Epoch  2/30:  88%|██████████████████████████████▊    | 51/58 [00:01<00:00, 38.44it/s, loss=0.0027]
  Epoch  2/30:  88%|██████████████████████████████▊    | 51/58 [00:01<00:00, 38.44it/s, loss=0.0009]
  Epoch  2/30:  88%|██████████████████████████████▊    | 51/58 [00:01<00:00, 38.44it/s, loss=0.0019]
  Epoch  2/30:  88%|██████████████████████████████▊    | 51/58 [00:01<00:00, 38.44it/s, loss=0.0017]
  Epoch  2/30:  88%|██████████████████████████████▊    | 51/58 [00:01<00:00, 38.44it/s, loss=0.0011]
  Epoch  2/30:  95%|█████████████████████████████████▏ | 55/58 [00:01<00:00, 36.34it/s, loss=0.0011]
  Epoch  2/30:  95%|█████████████████████████████████▏ | 55/58 [00:01<00:00, 36.34it/s, loss=0.0028]
  Epoch  2/30:  95%|█████████████████████████████████▏ | 55/58 [00:01<00:00, 36.34it/s, loss=0.0030]
  Epoch  2/30:  95%|█████████████████████████████████▏ | 55/58 [00:01<00:00, 36.34it/s, loss=0.0114]
                                                                                                    

  Epoch  3/30:   0%|                                                         | 0/58 [00:00<?, ?it/s]
  Epoch  3/30:   0%|                                            | 0/58 [00:00<?, ?it/s, loss=0.0011]
  Epoch  3/30:   0%|                                            | 0/58 [00:00<?, ?it/s, loss=0.0012]
  Epoch  3/30:   0%|                                            | 0/58 [00:00<?, ?it/s, loss=0.0016]
  Epoch  3/30:   5%|█▊                                  | 3/58 [00:00<00:01, 28.79it/s, loss=0.0016]
  Epoch  3/30:   5%|█▊                                  | 3/58 [00:00<00:01, 28.79it/s, loss=0.0015]
  Epoch  3/30:   5%|█▊                                  | 3/58 [00:00<00:01, 28.79it/s, loss=0.0027]
  Epoch  3/30:   5%|█▊                                  | 3/58 [00:00<00:01, 28.79it/s, loss=0.0018]
  Epoch  3/30:   5%|█▊                                  | 3/58 [00:00<00:01, 28.79it/s, loss=0.0013]
  Epoch  3/30:  12%|████▎                               | 7/58 [00:00<00:01, 31.20it/s, loss=0.0013]
  Epoch  3/30:  12%|████▎                               | 7/58 [00:00<00:01, 31.20it/s, loss=0.0019]
  Epoch  3/30:  12%|████▎                               | 7/58 [00:00<00:01, 31.20it/s, loss=0.0023]
  Epoch  3/30:  12%|████▎                               | 7/58 [00:00<00:01, 31.20it/s, loss=0.0009]
  Epoch  3/30:  12%|████▎                               | 7/58 [00:00<00:01, 31.20it/s, loss=0.0025]
  Epoch  3/30:  19%|██████▋                            | 11/58 [00:00<00:01, 29.55it/s, loss=0.0025]
  Epoch  3/30:  19%|██████▋                            | 11/58 [00:00<00:01, 29.55it/s, loss=0.0027]
  Epoch  3/30:  19%|██████▋                            | 11/58 [00:00<00:01, 29.55it/s, loss=0.0022]
  Epoch  3/30:  19%|██████▋                            | 11/58 [00:00<00:01, 29.55it/s, loss=0.0027]
  Epoch  3/30:  19%|██████▋                            | 11/58 [00:00<00:01, 29.55it/s, loss=0.0026]
  Epoch  3/30:  26%|█████████                          | 15/58 [00:00<00:01, 31.33it/s, loss=0.0026]
  Epoch  3/30:  26%|█████████                          | 15/58 [00:00<00:01, 31.33it/s, loss=0.0017]
  Epoch  3/30:  26%|█████████                          | 15/58 [00:00<00:01, 31.33it/s, loss=0.0014]
  Epoch  3/30:  26%|█████████                          | 15/58 [00:00<00:01, 31.33it/s, loss=0.0014]
  Epoch  3/30:  26%|█████████                          | 15/58 [00:00<00:01, 31.33it/s, loss=0.0012]
  Epoch  3/30:  33%|███████████▍                       | 19/58 [00:00<00:01, 31.38it/s, loss=0.0012]
  Epoch  3/30:  33%|███████████▍                       | 19/58 [00:00<00:01, 31.38it/s, loss=0.0011]
  Epoch  3/30:  33%|███████████▍                       | 19/58 [00:00<00:01, 31.38it/s, loss=0.0033]
  Epoch  3/30:  33%|███████████▍                       | 19/58 [00:00<00:01, 31.38it/s, loss=0.0013]
  Epoch  3/30:  33%|███████████▍                       | 19/58 [00:00<00:01, 31.38it/s, loss=0.0009]
  Epoch  3/30:  33%|███████████▍                       | 19/58 [00:00<00:01, 31.38it/s, loss=0.0009]
  Epoch  3/30:  41%|██████████████▍                    | 24/58 [00:00<00:00, 35.89it/s, loss=0.0009]
  Epoch  3/30:  41%|██████████████▍                    | 24/58 [00:00<00:00, 35.89it/s, loss=0.0039]
  Epoch  3/30:  41%|██████████████▍                    | 24/58 [00:00<00:00, 35.89it/s, loss=0.0017]
  Epoch  3/30:  41%|██████████████▍                    | 24/58 [00:00<00:00, 35.89it/s, loss=0.0010]
  Epoch  3/30:  41%|██████████████▍                    | 24/58 [00:00<00:00, 35.89it/s, loss=0.0026]
  Epoch  3/30:  48%|████████████████▉                  | 28/58 [00:00<00:00, 36.44it/s, loss=0.0026]
  Epoch  3/30:  48%|████████████████▉                  | 28/58 [00:00<00:00, 36.44it/s, loss=0.0018]
  Epoch  3/30:  48%|████████████████▉                  | 28/58 [00:00<00:00, 36.44it/s, loss=0.0023]
  Epoch  3/30:  48%|████████████████▉                  | 28/58 [00:00<00:00, 36.44it/s, loss=0.0011]
  Epoch  3/30:  48%|████████████████▉                  | 28/58 [00:00<00:00, 36.44it/s, loss=0.0014]
  Epoch  3/30:  55%|███████████████████▎               | 32/58 [00:00<00:00, 36.05it/s, loss=0.0014]
  Epoch  3/30:  55%|███████████████████▎               | 32/58 [00:00<00:00, 36.05it/s, loss=0.0013]
  Epoch  3/30:  55%|███████████████████▎               | 32/58 [00:01<00:00, 36.05it/s, loss=0.0019]
  Epoch  3/30:  55%|███████████████████▎               | 32/58 [00:01<00:00, 36.05it/s, loss=0.0009]
  Epoch  3/30:  55%|███████████████████▎               | 32/58 [00:01<00:00, 36.05it/s, loss=0.0028]
  Epoch  3/30:  62%|█████████████████████▋             | 36/58 [00:01<00:00, 34.44it/s, loss=0.0028]
  Epoch  3/30:  62%|█████████████████████▋             | 36/58 [00:01<00:00, 34.44it/s, loss=0.0010]
  Epoch  3/30:  62%|█████████████████████▋             | 36/58 [00:01<00:00, 34.44it/s, loss=0.0018]
  Epoch  3/30:  62%|█████████████████████▋             | 36/58 [00:01<00:00, 34.44it/s, loss=0.0011]
  Epoch  3/30:  62%|█████████████████████▋             | 36/58 [00:01<00:00, 34.44it/s, loss=0.0013]
  Epoch  3/30:  69%|████████████████████████▏          | 40/58 [00:01<00:00, 33.26it/s, loss=0.0013]
  Epoch  3/30:  69%|████████████████████████▏          | 40/58 [00:01<00:00, 33.26it/s, loss=0.0015]
  Epoch  3/30:  69%|████████████████████████▏          | 40/58 [00:01<00:00, 33.26it/s, loss=0.0009]
  Epoch  3/30:  69%|████████████████████████▏          | 40/58 [00:01<00:00, 33.26it/s, loss=0.0009]
  Epoch  3/30:  69%|████████████████████████▏          | 40/58 [00:01<00:00, 33.26it/s, loss=0.0009]
  Epoch  3/30:  76%|██████████████████████████▌        | 44/58 [00:01<00:00, 33.11it/s, loss=0.0009]
  Epoch  3/30:  76%|██████████████████████████▌        | 44/58 [00:01<00:00, 33.11it/s, loss=0.0018]
  Epoch  3/30:  76%|██████████████████████████▌        | 44/58 [00:01<00:00, 33.11it/s, loss=0.0024]
  Epoch  3/30:  76%|██████████████████████████▌        | 44/58 [00:01<00:00, 33.11it/s, loss=0.0011]
  Epoch  3/30:  76%|██████████████████████████▌        | 44/58 [00:01<00:00, 33.11it/s, loss=0.0015]
  Epoch  3/30:  83%|████████████████████████████▉      | 48/58 [00:01<00:00, 33.05it/s, loss=0.0015]
  Epoch  3/30:  83%|████████████████████████████▉      | 48/58 [00:01<00:00, 33.05it/s, loss=0.0022]
  Epoch  3/30:  83%|████████████████████████████▉      | 48/58 [00:01<00:00, 33.05it/s, loss=0.0009]
  Epoch  3/30:  83%|████████████████████████████▉      | 48/58 [00:01<00:00, 33.05it/s, loss=0.0011]
  Epoch  3/30:  83%|████████████████████████████▉      | 48/58 [00:01<00:00, 33.05it/s, loss=0.0016]
  Epoch  3/30:  90%|███████████████████████████████▍   | 52/58 [00:01<00:00, 31.64it/s, loss=0.0016]
  Epoch  3/30:  90%|███████████████████████████████▍   | 52/58 [00:01<00:00, 31.64it/s, loss=0.0012]
  Epoch  3/30:  90%|███████████████████████████████▍   | 52/58 [00:01<00:00, 31.64it/s, loss=0.0010]
  Epoch  3/30:  90%|███████████████████████████████▍   | 52/58 [00:01<00:00, 31.64it/s, loss=0.0007]
  Epoch  3/30:  90%|███████████████████████████████▍   | 52/58 [00:01<00:00, 31.64it/s, loss=0.0011]
  Epoch  3/30:  97%|█████████████████████████████████▊ | 56/58 [00:01<00:00, 31.67it/s, loss=0.0011]
  Epoch  3/30:  97%|█████████████████████████████████▊ | 56/58 [00:01<00:00, 31.67it/s, loss=0.0009]
  Epoch  3/30:  97%|█████████████████████████████████▊ | 56/58 [00:01<00:00, 31.67it/s, loss=0.0006]
                                                                                                    

  Epoch  4/30:   0%|                                                         | 0/58 [00:00<?, ?it/s]
  Epoch  4/30:   0%|                                            | 0/58 [00:00<?, ?it/s, loss=0.0021]
  Epoch  4/30:   0%|                                            | 0/58 [00:00<?, ?it/s, loss=0.0015]
  Epoch  4/30:   0%|                                            | 0/58 [00:00<?, ?it/s, loss=0.0014]
  Epoch  4/30:   5%|█▊                                  | 3/58 [00:00<00:01, 29.60it/s, loss=0.0014]
  Epoch  4/30:   5%|█▊                                  | 3/58 [00:00<00:01, 29.60it/s, loss=0.0014]
  Epoch  4/30:   5%|█▊                                  | 3/58 [00:00<00:01, 29.60it/s, loss=0.0011]
  Epoch  4/30:   5%|█▊                                  | 3/58 [00:00<00:01, 29.60it/s, loss=0.0010]
  Epoch  4/30:  10%|███▋                                | 6/58 [00:00<00:01, 29.28it/s, loss=0.0010]
  Epoch  4/30:  10%|███▋                                | 6/58 [00:00<00:01, 29.28it/s, loss=0.0007]
  Epoch  4/30:  10%|███▋                                | 6/58 [00:00<00:01, 29.28it/s, loss=0.0009]
  Epoch  4/30:  10%|███▋                                | 6/58 [00:00<00:01, 29.28it/s, loss=0.0011]
  Epoch  4/30:  10%|███▋                                | 6/58 [00:00<00:01, 29.28it/s, loss=0.0009]
  Epoch  4/30:  17%|██████                             | 10/58 [00:00<00:01, 30.87it/s, loss=0.0009]
  Epoch  4/30:  17%|██████                             | 10/58 [00:00<00:01, 30.87it/s, loss=0.0018]
  Epoch  4/30:  17%|██████                             | 10/58 [00:00<00:01, 30.87it/s, loss=0.0008]
  Epoch  4/30:  17%|██████                             | 10/58 [00:00<00:01, 30.87it/s, loss=0.0012]
  Epoch  4/30:  17%|██████                             | 10/58 [00:00<00:01, 30.87it/s, loss=0.0011]
  Epoch  4/30:  24%|████████▍                          | 14/58 [00:00<00:01, 31.36it/s, loss=0.0011]
  Epoch  4/30:  24%|████████▍                          | 14/58 [00:00<00:01, 31.36it/s, loss=0.0012]
  Epoch  4/30:  24%|████████▍                          | 14/58 [00:00<00:01, 31.36it/s, loss=0.0015]
  Epoch  4/30:  24%|████████▍                          | 14/58 [00:00<00:01, 31.36it/s, loss=0.0012]
  Epoch  4/30:  24%|████████▍                          | 14/58 [00:00<00:01, 31.36it/s, loss=0.0009]
  Epoch  4/30:  31%|██████████▊                        | 18/58 [00:00<00:01, 32.21it/s, loss=0.0009]
  Epoch  4/30:  31%|██████████▊                        | 18/58 [00:00<00:01, 32.21it/s, loss=0.0026]
  Epoch  4/30:  31%|██████████▊                        | 18/58 [00:00<00:01, 32.21it/s, loss=0.0014]
  Epoch  4/30:  31%|██████████▊                        | 18/58 [00:00<00:01, 32.21it/s, loss=0.0011]
  Epoch  4/30:  31%|██████████▊                        | 18/58 [00:00<00:01, 32.21it/s, loss=0.0011]
  Epoch  4/30:  38%|█████████████▎                     | 22/58 [00:00<00:01, 32.03it/s, loss=0.0011]
  Epoch  4/30:  38%|█████████████▎                     | 22/58 [00:00<00:01, 32.03it/s, loss=0.0035]
  Epoch  4/30:  38%|█████████████▎                     | 22/58 [00:00<00:01, 32.03it/s, loss=0.0019]
  Epoch  4/30:  38%|█████████████▎                     | 22/58 [00:00<00:01, 32.03it/s, loss=0.0009]
  Epoch  4/30:  38%|█████████████▎                     | 22/58 [00:00<00:01, 32.03it/s, loss=0.0010]
  Epoch  4/30:  45%|███████████████▋                   | 26/58 [00:00<00:01, 31.36it/s, loss=0.0010]
  Epoch  4/30:  45%|███████████████▋                   | 26/58 [00:00<00:01, 31.36it/s, loss=0.0012]
  Epoch  4/30:  45%|███████████████▋                   | 26/58 [00:00<00:01, 31.36it/s, loss=0.0018]
  Epoch  4/30:  45%|███████████████▋                   | 26/58 [00:00<00:01, 31.36it/s, loss=0.0010]
  Epoch  4/30:  45%|███████████████▋                   | 26/58 [00:00<00:01, 31.36it/s, loss=0.0014]
  Epoch  4/30:  52%|██████████████████                 | 30/58 [00:00<00:00, 30.31it/s, loss=0.0014]
  Epoch  4/30:  52%|██████████████████                 | 30/58 [00:01<00:00, 30.31it/s, loss=0.0009]
  Epoch  4/30:  52%|██████████████████                 | 30/58 [00:01<00:00, 30.31it/s, loss=0.0011]
  Epoch  4/30:  52%|██████████████████                 | 30/58 [00:01<00:00, 30.31it/s, loss=0.0007]
  Epoch  4/30:  52%|██████████████████                 | 30/58 [00:01<00:00, 30.31it/s, loss=0.0008]
  Epoch  4/30:  59%|████████████████████▌              | 34/58 [00:01<00:00, 30.25it/s, loss=0.0008]
  Epoch  4/30:  59%|████████████████████▌              | 34/58 [00:01<00:00, 30.25it/s, loss=0.0020]
  Epoch  4/30:  59%|████████████████████▌              | 34/58 [00:01<00:00, 30.25it/s, loss=0.0018]
  Epoch  4/30:  59%|████████████████████▌              | 34/58 [00:01<00:00, 30.25it/s, loss=0.0008]
  Epoch  4/30:  59%|████████████████████▌              | 34/58 [00:01<00:00, 30.25it/s, loss=0.0014]
  Epoch  4/30:  66%|██████████████████████▉            | 38/58 [00:01<00:00, 30.55it/s, loss=0.0014]
  Epoch  4/30:  66%|██████████████████████▉            | 38/58 [00:01<00:00, 30.55it/s, loss=0.0014]
  Epoch  4/30:  66%|██████████████████████▉            | 38/58 [00:01<00:00, 30.55it/s, loss=0.0028]
  Epoch  4/30:  66%|██████████████████████▉            | 38/58 [00:01<00:00, 30.55it/s, loss=0.0020]
  Epoch  4/30:  66%|██████████████████████▉            | 38/58 [00:01<00:00, 30.55it/s, loss=0.0012]
  Epoch  4/30:  72%|█████████████████████████▎         | 42/58 [00:01<00:00, 31.36it/s, loss=0.0012]
  Epoch  4/30:  72%|█████████████████████████▎         | 42/58 [00:01<00:00, 31.36it/s, loss=0.0007]
  Epoch  4/30:  72%|█████████████████████████▎         | 42/58 [00:01<00:00, 31.36it/s, loss=0.0007]
  Epoch  4/30:  72%|█████████████████████████▎         | 42/58 [00:01<00:00, 31.36it/s, loss=0.0024]
  Epoch  4/30:  72%|█████████████████████████▎         | 42/58 [00:01<00:00, 31.36it/s, loss=0.0029]
  Epoch  4/30:  79%|███████████████████████████▊       | 46/58 [00:01<00:00, 30.79it/s, loss=0.0029]
  Epoch  4/30:  79%|███████████████████████████▊       | 46/58 [00:01<00:00, 30.79it/s, loss=0.0025]
  Epoch  4/30:  79%|███████████████████████████▊       | 46/58 [00:01<00:00, 30.79it/s, loss=0.0009]
  Epoch  4/30:  79%|███████████████████████████▊       | 46/58 [00:01<00:00, 30.79it/s, loss=0.0015]
  Epoch  4/30:  79%|███████████████████████████▊       | 46/58 [00:01<00:00, 30.79it/s, loss=0.0021]
  Epoch  4/30:  86%|██████████████████████████████▏    | 50/58 [00:01<00:00, 30.37it/s, loss=0.0021]
  Epoch  4/30:  86%|██████████████████████████████▏    | 50/58 [00:01<00:00, 30.37it/s, loss=0.0014]
  Epoch  4/30:  86%|██████████████████████████████▏    | 50/58 [00:01<00:00, 30.37it/s, loss=0.0007]
  Epoch  4/30:  86%|██████████████████████████████▏    | 50/58 [00:01<00:00, 30.37it/s, loss=0.0011]
  Epoch  4/30:  86%|██████████████████████████████▏    | 50/58 [00:01<00:00, 30.37it/s, loss=0.0011]
  Epoch  4/30:  93%|████████████████████████████████▌  | 54/58 [00:01<00:00, 30.28it/s, loss=0.0011]
  Epoch  4/30:  93%|████████████████████████████████▌  | 54/58 [00:01<00:00, 30.28it/s, loss=0.0011]
  Epoch  4/30:  93%|████████████████████████████████▌  | 54/58 [00:01<00:00, 30.28it/s, loss=0.0006]
  Epoch  4/30:  93%|████████████████████████████████▌  | 54/58 [00:01<00:00, 30.28it/s, loss=0.0008]
  Epoch  4/30:  93%|████████████████████████████████▌  | 54/58 [00:01<00:00, 30.28it/s, loss=0.0003]
  Epoch  4/30: 100%|███████████████████████████████████| 58/58 [00:01<00:00, 32.41it/s, loss=0.0003]
                                                                                                    

  Epoch  5/30:   0%|                                                         | 0/58 [00:00<?, ?it/s]
  Epoch  5/30:   0%|                                            | 0/58 [00:00<?, ?it/s, loss=0.0011]
  Epoch  5/30:   0%|                                            | 0/58 [00:00<?, ?it/s, loss=0.0021]
  Epoch  5/30:   0%|                                            | 0/58 [00:00<?, ?it/s, loss=0.0015]
  Epoch  5/30:   0%|                                            | 0/58 [00:00<?, ?it/s, loss=0.0010]
  Epoch  5/30:   7%|██▍                                 | 4/58 [00:00<00:01, 30.93it/s, loss=0.0010]
  Epoch  5/30:   7%|██▍                                 | 4/58 [00:00<00:01, 30.93it/s, loss=0.0016]
  Epoch  5/30:   7%|██▍                                 | 4/58 [00:00<00:01, 30.93it/s, loss=0.0008]
  Epoch  5/30:   7%|██▍                                 | 4/58 [00:00<00:01, 30.93it/s, loss=0.0006]
  Epoch  5/30:   7%|██▍                                 | 4/58 [00:00<00:01, 30.93it/s, loss=0.0010]
  Epoch  5/30:  14%|████▉                               | 8/58 [00:00<00:01, 30.82it/s, loss=0.0010]
  Epoch  5/30:  14%|████▉                               | 8/58 [00:00<00:01, 30.82it/s, loss=0.0007]
  Epoch  5/30:  14%|████▉                               | 8/58 [00:00<00:01, 30.82it/s, loss=0.0008]
  Epoch  5/30:  14%|████▉                               | 8/58 [00:00<00:01, 30.82it/s, loss=0.0010]
  Epoch  5/30:  14%|████▉                               | 8/58 [00:00<00:01, 30.82it/s, loss=0.0009]
  Epoch  5/30:  21%|███████▏                           | 12/58 [00:00<00:01, 31.85it/s, loss=0.0009]
  Epoch  5/30:  21%|███████▏                           | 12/58 [00:00<00:01, 31.85it/s, loss=0.0007]
  Epoch  5/30:  21%|███████▏                           | 12/58 [00:00<00:01, 31.85it/s, loss=0.0008]
  Epoch  5/30:  21%|███████▏                           | 12/58 [00:00<00:01, 31.85it/s, loss=0.0012]
  Epoch  5/30:  21%|███████▏                           | 12/58 [00:00<00:01, 31.85it/s, loss=0.0008]
  Epoch  5/30:  28%|█████████▋                         | 16/58 [00:00<00:01, 32.71it/s, loss=0.0008]
  Epoch  5/30:  28%|█████████▋                         | 16/58 [00:00<00:01, 32.71it/s, loss=0.0006]
  Epoch  5/30:  28%|█████████▋                         | 16/58 [00:00<00:01, 32.71it/s, loss=0.0020]
  Epoch  5/30:  28%|█████████▋                         | 16/58 [00:00<00:01, 32.71it/s, loss=0.0029]
  Epoch  5/30:  28%|█████████▋                         | 16/58 [00:00<00:01, 32.71it/s, loss=0.0012]
  Epoch  5/30:  34%|████████████                       | 20/58 [00:00<00:01, 33.63it/s, loss=0.0012]
  Epoch  5/30:  34%|████████████                       | 20/58 [00:00<00:01, 33.63it/s, loss=0.0013]
  Epoch  5/30:  34%|████████████                       | 20/58 [00:00<00:01, 33.63it/s, loss=0.0016]
  Epoch  5/30:  34%|████████████                       | 20/58 [00:00<00:01, 33.63it/s, loss=0.0007]
  Epoch  5/30:  34%|████████████                       | 20/58 [00:00<00:01, 33.63it/s, loss=0.0009]
  Epoch  5/30:  41%|██████████████▍                    | 24/58 [00:00<00:01, 33.13it/s, loss=0.0009]
  Epoch  5/30:  41%|██████████████▍                    | 24/58 [00:00<00:01, 33.13it/s, loss=0.0008]
  Epoch  5/30:  41%|██████████████▍                    | 24/58 [00:00<00:01, 33.13it/s, loss=0.0020]
  Epoch  5/30:  41%|██████████████▍                    | 24/58 [00:00<00:01, 33.13it/s, loss=0.0010]
  Epoch  5/30:  41%|██████████████▍                    | 24/58 [00:00<00:01, 33.13it/s, loss=0.0007]
  Epoch  5/30:  48%|████████████████▉                  | 28/58 [00:00<00:00, 33.04it/s, loss=0.0007]
  Epoch  5/30:  48%|████████████████▉                  | 28/58 [00:00<00:00, 33.04it/s, loss=0.0015]
  Epoch  5/30:  48%|████████████████▉                  | 28/58 [00:00<00:00, 33.04it/s, loss=0.0011]
  Epoch  5/30:  48%|████████████████▉                  | 28/58 [00:00<00:00, 33.04it/s, loss=0.0009]
  Epoch  5/30:  48%|████████████████▉                  | 28/58 [00:00<00:00, 33.04it/s, loss=0.0025]
  Epoch  5/30:  55%|███████████████████▎               | 32/58 [00:00<00:00, 32.44it/s, loss=0.0025]
  Epoch  5/30:  55%|███████████████████▎               | 32/58 [00:01<00:00, 32.44it/s, loss=0.0024]
  Epoch  5/30:  55%|███████████████████▎               | 32/58 [00:01<00:00, 32.44it/s, loss=0.0013]
  Epoch  5/30:  55%|███████████████████▎               | 32/58 [00:01<00:00, 32.44it/s, loss=0.0010]
  Epoch  5/30:  55%|███████████████████▎               | 32/58 [00:01<00:00, 32.44it/s, loss=0.0006]
  Epoch  5/30:  62%|█████████████████████▋             | 36/58 [00:01<00:00, 33.91it/s, loss=0.0006]
  Epoch  5/30:  62%|█████████████████████▋             | 36/58 [00:01<00:00, 33.91it/s, loss=0.0012]
  Epoch  5/30:  62%|█████████████████████▋             | 36/58 [00:01<00:00, 33.91it/s, loss=0.0007]
  Epoch  5/30:  62%|█████████████████████▋             | 36/58 [00:01<00:00, 33.91it/s, loss=0.0013]
  Epoch  5/30:  62%|█████████████████████▋             | 36/58 [00:01<00:00, 33.91it/s, loss=0.0008]
  Epoch  5/30:  69%|████████████████████████▏          | 40/58 [00:01<00:00, 34.11it/s, loss=0.0008]
  Epoch  5/30:  69%|████████████████████████▏          | 40/58 [00:01<00:00, 34.11it/s, loss=0.0011]
  Epoch  5/30:  69%|████████████████████████▏          | 40/58 [00:01<00:00, 34.11it/s, loss=0.0024]
  Epoch  5/30:  69%|████████████████████████▏          | 40/58 [00:01<00:00, 34.11it/s, loss=0.0017]
  Epoch  5/30:  69%|████████████████████████▏          | 40/58 [00:01<00:00, 34.11it/s, loss=0.0024]
  Epoch  5/30:  76%|██████████████████████████▌        | 44/58 [00:01<00:00, 32.56it/s, loss=0.0024]
  Epoch  5/30:  76%|██████████████████████████▌        | 44/58 [00:01<00:00, 32.56it/s, loss=0.0016]
  Epoch  5/30:  76%|██████████████████████████▌        | 44/58 [00:01<00:00, 32.56it/s, loss=0.0008]
  Epoch  5/30:  76%|██████████████████████████▌        | 44/58 [00:01<00:00, 32.56it/s, loss=0.0011]
  Epoch  5/30:  76%|██████████████████████████▌        | 44/58 [00:01<00:00, 32.56it/s, loss=0.0008]
  Epoch  5/30:  83%|████████████████████████████▉      | 48/58 [00:01<00:00, 32.23it/s, loss=0.0008]
  Epoch  5/30:  83%|████████████████████████████▉      | 48/58 [00:01<00:00, 32.23it/s, loss=0.0007]
  Epoch  5/30:  83%|████████████████████████████▉      | 48/58 [00:01<00:00, 32.23it/s, loss=0.0017]
  Epoch  5/30:  83%|████████████████████████████▉      | 48/58 [00:01<00:00, 32.23it/s, loss=0.0035]
  Epoch  5/30:  83%|████████████████████████████▉      | 48/58 [00:01<00:00, 32.23it/s, loss=0.0007]
  Epoch  5/30:  90%|███████████████████████████████▍   | 52/58 [00:01<00:00, 30.36it/s, loss=0.0007]
  Epoch  5/30:  90%|███████████████████████████████▍   | 52/58 [00:01<00:00, 30.36it/s, loss=0.0017]
  Epoch  5/30:  90%|███████████████████████████████▍   | 52/58 [00:01<00:00, 30.36it/s, loss=0.0012]
  Epoch  5/30:  90%|███████████████████████████████▍   | 52/58 [00:01<00:00, 30.36it/s, loss=0.0015]
  Epoch  5/30:  90%|███████████████████████████████▍   | 52/58 [00:01<00:00, 30.36it/s, loss=0.0008]
  Epoch  5/30:  97%|█████████████████████████████████▊ | 56/58 [00:01<00:00, 31.47it/s, loss=0.0008]
  Epoch  5/30:  97%|█████████████████████████████████▊ | 56/58 [00:01<00:00, 31.47it/s, loss=0.0012]
  Epoch  5/30:  97%|█████████████████████████████████▊ | 56/58 [00:01<00:00, 31.47it/s, loss=0.0004]
                                                                                                    
  Epoch  5/30 │ Loss: 0.0013 │ T+1: 0.7001 │ T+2: 0.5582 │ T+3: 0.2121 ★ NEW BEST

  Epoch  6/30:   0%|                                                         | 0/58 [00:00<?, ?it/s]
  Epoch  6/30:   0%|                                            | 0/58 [00:00<?, ?it/s, loss=0.0021]
  Epoch  6/30:   0%|                                            | 0/58 [00:00<?, ?it/s, loss=0.0006]
  Epoch  6/30:   0%|                                            | 0/58 [00:00<?, ?it/s, loss=0.0013]
  Epoch  6/30:   0%|                                            | 0/58 [00:00<?, ?it/s, loss=0.0011]
  Epoch  6/30:   7%|██▍                                 | 4/58 [00:00<00:01, 30.59it/s, loss=0.0011]
  Epoch  6/30:   7%|██▍                                 | 4/58 [00:00<00:01, 30.59it/s, loss=0.0018]
  Epoch  6/30:   7%|██▍                                 | 4/58 [00:00<00:01, 30.59it/s, loss=0.0007]
  Epoch  6/30:   7%|██▍                                 | 4/58 [00:00<00:01, 30.59it/s, loss=0.0011]
  Epoch  6/30:   7%|██▍                                 | 4/58 [00:00<00:01, 30.59it/s, loss=0.0019]
  Epoch  6/30:  14%|████▉                               | 8/58 [00:00<00:01, 34.46it/s, loss=0.0019]
  Epoch  6/30:  14%|████▉                               | 8/58 [00:00<00:01, 34.46it/s, loss=0.0012]
  Epoch  6/30:  14%|████▉                               | 8/58 [00:00<00:01, 34.46it/s, loss=0.0013]
  Epoch  6/30:  14%|████▉                               | 8/58 [00:00<00:01, 34.46it/s, loss=0.0011]
  Epoch  6/30:  14%|████▉                               | 8/58 [00:00<00:01, 34.46it/s, loss=0.0007]
  Epoch  6/30:  21%|███████▏                           | 12/58 [00:00<00:01, 33.17it/s, loss=0.0007]
  Epoch  6/30:  21%|███████▏                           | 12/58 [00:00<00:01, 33.17it/s, loss=0.0008]
  Epoch  6/30:  21%|███████▏                           | 12/58 [00:00<00:01, 33.17it/s, loss=0.0006]
  Epoch  6/30:  21%|███████▏                           | 12/58 [00:00<00:01, 33.17it/s, loss=0.0013]
  Epoch  6/30:  21%|███████▏                           | 12/58 [00:00<00:01, 33.17it/s, loss=0.0007]
  Epoch  6/30:  28%|█████████▋                         | 16/58 [00:00<00:01, 34.75it/s, loss=0.0007]
  Epoch  6/30:  28%|█████████▋                         | 16/58 [00:00<00:01, 34.75it/s, loss=0.0026]
  Epoch  6/30:  28%|█████████▋                         | 16/58 [00:00<00:01, 34.75it/s, loss=0.0009]
  Epoch  6/30:  28%|█████████▋                         | 16/58 [00:00<00:01, 34.75it/s, loss=0.0010]
  Epoch  6/30:  28%|█████████▋                         | 16/58 [00:00<00:01, 34.75it/s, loss=0.0018]
  Epoch  6/30:  34%|████████████                       | 20/58 [00:00<00:01, 36.32it/s, loss=0.0018]
  Epoch  6/30:  34%|████████████                       | 20/58 [00:00<00:01, 36.32it/s, loss=0.0011]
  Epoch  6/30:  34%|████████████                       | 20/58 [00:00<00:01, 36.32it/s, loss=0.0011]
  Epoch  6/30:  34%|████████████                       | 20/58 [00:00<00:01, 36.32it/s, loss=0.0021]
  Epoch  6/30:  34%|████████████                       | 20/58 [00:00<00:01, 36.32it/s, loss=0.0004]
  Epoch  6/30:  41%|██████████████▍                    | 24/58 [00:00<00:00, 36.49it/s, loss=0.0004]
  Epoch  6/30:  41%|██████████████▍                    | 24/58 [00:00<00:00, 36.49it/s, loss=0.0010]
  Epoch  6/30:  41%|██████████████▍                    | 24/58 [00:00<00:00, 36.49it/s, loss=0.0005]
  Epoch  6/30:  41%|██████████████▍                    | 24/58 [00:00<00:00, 36.49it/s, loss=0.0015]
  Epoch  6/30:  41%|██████████████▍                    | 24/58 [00:00<00:00, 36.49it/s, loss=0.0016]
  Epoch  6/30:  48%|████████████████▉                  | 28/58 [00:00<00:00, 36.50it/s, loss=0.0016]
  Epoch  6/30:  48%|████████████████▉                  | 28/58 [00:00<00:00, 36.50it/s, loss=0.0012]
  Epoch  6/30:  48%|████████████████▉                  | 28/58 [00:00<00:00, 36.50it/s, loss=0.0013]
  Epoch  6/30:  48%|████████████████▉                  | 28/58 [00:00<00:00, 36.50it/s, loss=0.0024]
  Epoch  6/30:  48%|████████████████▉                  | 28/58 [00:00<00:00, 36.50it/s, loss=0.0009]
  Epoch  6/30:  55%|███████████████████▎               | 32/58 [00:00<00:00, 36.46it/s, loss=0.0009]
  Epoch  6/30:  55%|███████████████████▎               | 32/58 [00:00<00:00, 36.46it/s, loss=0.0011]
  Epoch  6/30:  55%|███████████████████▎               | 32/58 [00:00<00:00, 36.46it/s, loss=0.0028]
  Epoch  6/30:  55%|███████████████████▎               | 32/58 [00:00<00:00, 36.46it/s, loss=0.0007]
  Epoch  6/30:  55%|███████████████████▎               | 32/58 [00:01<00:00, 36.46it/s, loss=0.0007]
  Epoch  6/30:  62%|█████████████████████▋             | 36/58 [00:01<00:00, 37.33it/s, loss=0.0007]
  Epoch  6/30:  62%|█████████████████████▋             | 36/58 [00:01<00:00, 37.33it/s, loss=0.0005]
  Epoch  6/30:  62%|█████████████████████▋             | 36/58 [00:01<00:00, 37.33it/s, loss=0.0011]
  Epoch  6/30:  62%|█████████████████████▋             | 36/58 [00:01<00:00, 37.33it/s, loss=0.0011]
  Epoch  6/30:  62%|█████████████████████▋             | 36/58 [00:01<00:00, 37.33it/s, loss=0.0007]
  Epoch  6/30:  62%|█████████████████████▋             | 36/58 [00:01<00:00, 37.33it/s, loss=0.0031]
  Epoch  6/30:  71%|████████████████████████▋          | 41/58 [00:01<00:00, 39.17it/s, loss=0.0031]
  Epoch  6/30:  71%|████████████████████████▋          | 41/58 [00:01<00:00, 39.17it/s, loss=0.0015]
  Epoch  6/30:  71%|████████████████████████▋          | 41/58 [00:01<00:00, 39.17it/s, loss=0.0010]
  Epoch  6/30:  71%|████████████████████████▋          | 41/58 [00:01<00:00, 39.17it/s, loss=0.0010]
  Epoch  6/30:  71%|████████████████████████▋          | 41/58 [00:01<00:00, 39.17it/s, loss=0.0010]
  Epoch  6/30:  78%|███████████████████████████▏       | 45/58 [00:01<00:00, 38.94it/s, loss=0.0010]
  Epoch  6/30:  78%|███████████████████████████▏       | 45/58 [00:01<00:00, 38.94it/s, loss=0.0006]
  Epoch  6/30:  78%|███████████████████████████▏       | 45/58 [00:01<00:00, 38.94it/s, loss=0.0009]
  Epoch  6/30:  78%|███████████████████████████▏       | 45/58 [00:01<00:00, 38.94it/s, loss=0.0008]
  Epoch  6/30:  78%|███████████████████████████▏       | 45/58 [00:01<00:00, 38.94it/s, loss=0.0021]
  Epoch  6/30:  84%|█████████████████████████████▌     | 49/58 [00:01<00:00, 39.15it/s, loss=0.0021]
  Epoch  6/30:  84%|█████████████████████████████▌     | 49/58 [00:01<00:00, 39.15it/s, loss=0.0009]
  Epoch  6/30:  84%|█████████████████████████████▌     | 49/58 [00:01<00:00, 39.15it/s, loss=0.0010]
  Epoch  6/30:  84%|█████████████████████████████▌     | 49/58 [00:01<00:00, 39.15it/s, loss=0.0008]
  Epoch  6/30:  84%|█████████████████████████████▌     | 49/58 [00:01<00:00, 39.15it/s, loss=0.0008]
  Epoch  6/30:  91%|███████████████████████████████▉   | 53/58 [00:01<00:00, 29.95it/s, loss=0.0008]
  Epoch  6/30:  91%|███████████████████████████████▉   | 53/58 [00:01<00:00, 29.95it/s, loss=0.0008]
  Epoch  6/30:  91%|███████████████████████████████▉   | 53/58 [00:01<00:00, 29.95it/s, loss=0.0004]
  Epoch  6/30:  91%|███████████████████████████████▉   | 53/58 [00:01<00:00, 29.95it/s, loss=0.0007]
  Epoch  6/30:  91%|███████████████████████████████▉   | 53/58 [00:01<00:00, 29.95it/s, loss=0.0005]
  Epoch  6/30:  98%|██████████████████████████████████▍| 57/58 [00:01<00:00, 32.27it/s, loss=0.0005]
  Epoch  6/30:  98%|██████████████████████████████████▍| 57/58 [00:01<00:00, 32.27it/s, loss=0.0040]
                                                                                                    

  Epoch  7/30:   0%|                                                         | 0/58 [00:00<?, ?it/s]
  Epoch  7/30:   0%|                                            | 0/58 [00:00<?, ?it/s, loss=0.0004]
  Epoch  7/30:   0%|                                            | 0/58 [00:00<?, ?it/s, loss=0.0010]
  Epoch  7/30:   0%|                                            | 0/58 [00:00<?, ?it/s, loss=0.0012]
  Epoch  7/30:   0%|                                            | 0/58 [00:00<?, ?it/s, loss=0.0009]
  Epoch  7/30:   7%|██▍                                 | 4/58 [00:00<00:01, 34.33it/s, loss=0.0009]
  Epoch  7/30:   7%|██▍                                 | 4/58 [00:00<00:01, 34.33it/s, loss=0.0007]
  Epoch  7/30:   7%|██▍                                 | 4/58 [00:00<00:01, 34.33it/s, loss=0.0008]
  Epoch  7/30:   7%|██▍                                 | 4/58 [00:00<00:01, 34.33it/s, loss=0.0008]
  Epoch  7/30:   7%|██▍                                 | 4/58 [00:00<00:01, 34.33it/s, loss=0.0016]
  Epoch  7/30:  14%|████▉                               | 8/58 [00:00<00:01, 35.46it/s, loss=0.0016]
  Epoch  7/30:  14%|████▉                               | 8/58 [00:00<00:01, 35.46it/s, loss=0.0010]
  Epoch  7/30:  14%|████▉                               | 8/58 [00:00<00:01, 35.46it/s, loss=0.0006]
  Epoch  7/30:  14%|████▉                               | 8/58 [00:00<00:01, 35.46it/s, loss=0.0010]
  Epoch  7/30:  14%|████▉                               | 8/58 [00:00<00:01, 35.46it/s, loss=0.0004]
  Epoch  7/30:  21%|███████▏                           | 12/58 [00:00<00:01, 36.73it/s, loss=0.0004]
  Epoch  7/30:  21%|███████▏                           | 12/58 [00:00<00:01, 36.73it/s, loss=0.0015]
  Epoch  7/30:  21%|███████▏                           | 12/58 [00:00<00:01, 36.73it/s, loss=0.0008]
  Epoch  7/30:  21%|███████▏                           | 12/58 [00:00<00:01, 36.73it/s, loss=0.0007]
  Epoch  7/30:  21%|███████▏                           | 12/58 [00:00<00:01, 36.73it/s, loss=0.0005]
  Epoch  7/30:  28%|█████████▋                         | 16/58 [00:00<00:01, 37.24it/s, loss=0.0005]
  Epoch  7/30:  28%|█████████▋                         | 16/58 [00:00<00:01, 37.24it/s, loss=0.0006]
  Epoch  7/30:  28%|█████████▋                         | 16/58 [00:00<00:01, 37.24it/s, loss=0.0021]
  Epoch  7/30:  28%|█████████▋                         | 16/58 [00:00<00:01, 37.24it/s, loss=0.0005]
  Epoch  7/30:  28%|█████████▋                         | 16/58 [00:00<00:01, 37.24it/s, loss=0.0024]
  Epoch  7/30:  34%|████████████                       | 20/58 [00:00<00:01, 34.15it/s, loss=0.0024]
  Epoch  7/30:  34%|████████████                       | 20/58 [00:00<00:01, 34.15it/s, loss=0.0005]
  Epoch  7/30:  34%|████████████                       | 20/58 [00:00<00:01, 34.15it/s, loss=0.0025]
  Epoch  7/30:  34%|████████████                       | 20/58 [00:00<00:01, 34.15it/s, loss=0.0009]
  Epoch  7/30:  34%|████████████                       | 20/58 [00:00<00:01, 34.15it/s, loss=0.0010]
  Epoch  7/30:  41%|██████████████▍                    | 24/58 [00:00<00:01, 32.94it/s, loss=0.0010]
  Epoch  7/30:  41%|██████████████▍                    | 24/58 [00:00<00:01, 32.94it/s, loss=0.0026]
  Epoch  7/30:  41%|██████████████▍                    | 24/58 [00:00<00:01, 32.94it/s, loss=0.0008]
  Epoch  7/30:  41%|██████████████▍                    | 24/58 [00:00<00:01, 32.94it/s, loss=0.0008]
  Epoch  7/30:  41%|██████████████▍                    | 24/58 [00:00<00:01, 32.94it/s, loss=0.0006]
  Epoch  7/30:  48%|████████████████▉                  | 28/58 [00:00<00:00, 30.96it/s, loss=0.0006]
  Epoch  7/30:  48%|████████████████▉                  | 28/58 [00:00<00:00, 30.96it/s, loss=0.0010]
  Epoch  7/30:  48%|████████████████▉                  | 28/58 [00:00<00:00, 30.96it/s, loss=0.0007]
  Epoch  7/30:  48%|████████████████▉                  | 28/58 [00:00<00:00, 30.96it/s, loss=0.0007]
  Epoch  7/30:  48%|████████████████▉                  | 28/58 [00:00<00:00, 30.96it/s, loss=0.0018]
  Epoch  7/30:  55%|███████████████████▎               | 32/58 [00:00<00:00, 30.24it/s, loss=0.0018]
  Epoch  7/30:  55%|███████████████████▎               | 32/58 [00:01<00:00, 30.24it/s, loss=0.0007]
  Epoch  7/30:  55%|███████████████████▎               | 32/58 [00:01<00:00, 30.24it/s, loss=0.0014]
  Epoch  7/30:  55%|███████████████████▎               | 32/58 [00:01<00:00, 30.24it/s, loss=0.0031]
  Epoch  7/30:  55%|███████████████████▎               | 32/58 [00:01<00:00, 30.24it/s, loss=0.0008]
  Epoch  7/30:  62%|█████████████████████▋             | 36/58 [00:01<00:00, 29.67it/s, loss=0.0008]
  Epoch  7/30:  62%|█████████████████████▋             | 36/58 [00:01<00:00, 29.67it/s, loss=0.0010]
  Epoch  7/30:  62%|█████████████████████▋             | 36/58 [00:01<00:00, 29.67it/s, loss=0.0008]
  Epoch  7/30:  62%|█████████████████████▋             | 36/58 [00:01<00:00, 29.67it/s, loss=0.0011]
  Epoch  7/30:  62%|█████████████████████▋             | 36/58 [00:01<00:00, 29.67it/s, loss=0.0008]
  Epoch  7/30:  69%|████████████████████████▏          | 40/58 [00:01<00:00, 29.55it/s, loss=0.0008]
  Epoch  7/30:  69%|████████████████████████▏          | 40/58 [00:01<00:00, 29.55it/s, loss=0.0018]
  Epoch  7/30:  69%|████████████████████████▏          | 40/58 [00:01<00:00, 29.55it/s, loss=0.0009]
  Epoch  7/30:  69%|████████████████████████▏          | 40/58 [00:01<00:00, 29.55it/s, loss=0.0008]
  Epoch  7/30:  74%|█████████████████████████▉         | 43/58 [00:01<00:00, 28.85it/s, loss=0.0008]
  Epoch  7/30:  74%|█████████████████████████▉         | 43/58 [00:01<00:00, 28.85it/s, loss=0.0015]
  Epoch  7/30:  74%|█████████████████████████▉         | 43/58 [00:01<00:00, 28.85it/s, loss=0.0008]
  Epoch  7/30:  74%|█████████████████████████▉         | 43/58 [00:01<00:00, 28.85it/s, loss=0.0013]
  Epoch  7/30:  79%|███████████████████████████▊       | 46/58 [00:01<00:00, 28.31it/s, loss=0.0013]
  Epoch  7/30:  79%|███████████████████████████▊       | 46/58 [00:01<00:00, 28.31it/s, loss=0.0009]
  Epoch  7/30:  79%|███████████████████████████▊       | 46/58 [00:01<00:00, 28.31it/s, loss=0.0015]
  Epoch  7/30:  79%|███████████████████████████▊       | 46/58 [00:01<00:00, 28.31it/s, loss=0.0010]
  Epoch  7/30:  79%|███████████████████████████▊       | 46/58 [00:01<00:00, 28.31it/s, loss=0.0017]
  Epoch  7/30:  86%|██████████████████████████████▏    | 50/58 [00:01<00:00, 28.75it/s, loss=0.0017]
  Epoch  7/30:  86%|██████████████████████████████▏    | 50/58 [00:01<00:00, 28.75it/s, loss=0.0013]
  Epoch  7/30:  86%|██████████████████████████████▏    | 50/58 [00:01<00:00, 28.75it/s, loss=0.0007]
  Epoch  7/30:  86%|██████████████████████████████▏    | 50/58 [00:01<00:00, 28.75it/s, loss=0.0024]
  Epoch  7/30:  86%|██████████████████████████████▏    | 50/58 [00:01<00:00, 28.75it/s, loss=0.0013]
  Epoch  7/30:  93%|████████████████████████████████▌  | 54/58 [00:01<00:00, 29.10it/s, loss=0.0013]
  Epoch  7/30:  93%|████████████████████████████████▌  | 54/58 [00:01<00:00, 29.10it/s, loss=0.0008]
  Epoch  7/30:  93%|████████████████████████████████▌  | 54/58 [00:01<00:00, 29.10it/s, loss=0.0021]
  Epoch  7/30:  93%|████████████████████████████████▌  | 54/58 [00:01<00:00, 29.10it/s, loss=0.0012]
  Epoch  7/30:  98%|██████████████████████████████████▍| 57/58 [00:01<00:00, 28.74it/s, loss=0.0012]
  Epoch  7/30:  98%|██████████████████████████████████▍| 57/58 [00:01<00:00, 28.74it/s, loss=0.0005]
                                                                                                    

  Epoch  8/30:   0%|                                                         | 0/58 [00:00<?, ?it/s]
  Epoch  8/30:   0%|                                            | 0/58 [00:00<?, ?it/s, loss=0.0007]
  Epoch  8/30:   0%|                                            | 0/58 [00:00<?, ?it/s, loss=0.0007]
  Epoch  8/30:   0%|                                            | 0/58 [00:00<?, ?it/s, loss=0.0009]
  Epoch  8/30:   5%|█▊                                  | 3/58 [00:00<00:01, 28.97it/s, loss=0.0009]
  Epoch  8/30:   5%|█▊                                  | 3/58 [00:00<00:01, 28.97it/s, loss=0.0005]
  Epoch  8/30:   5%|█▊                                  | 3/58 [00:00<00:01, 28.97it/s, loss=0.0014]
  Epoch  8/30:   5%|█▊                                  | 3/58 [00:00<00:01, 28.97it/s, loss=0.0012]
  Epoch  8/30:  10%|███▋                                | 6/58 [00:00<00:01, 28.40it/s, loss=0.0012]
  Epoch  8/30:  10%|███▋                                | 6/58 [00:00<00:01, 28.40it/s, loss=0.0032]
  Epoch  8/30:  10%|███▋                                | 6/58 [00:00<00:01, 28.40it/s, loss=0.0015]
  Epoch  8/30:  10%|███▋                                | 6/58 [00:00<00:01, 28.40it/s, loss=0.0009]
  Epoch  8/30:  16%|█████▌                              | 9/58 [00:00<00:01, 29.10it/s, loss=0.0009]
  Epoch  8/30:  16%|█████▌                              | 9/58 [00:00<00:01, 29.10it/s, loss=0.0009]
  Epoch  8/30:  16%|█████▌                              | 9/58 [00:00<00:01, 29.10it/s, loss=0.0019]
  Epoch  8/30:  16%|█████▌                              | 9/58 [00:00<00:01, 29.10it/s, loss=0.0012]
  Epoch  8/30:  16%|█████▌                              | 9/58 [00:00<00:01, 29.10it/s, loss=0.0012]
  Epoch  8/30:  22%|███████▊                           | 13/58 [00:00<00:01, 30.70it/s, loss=0.0012]
  Epoch  8/30:  22%|███████▊                           | 13/58 [00:00<00:01, 30.70it/s, loss=0.0012]
  Epoch  8/30:  22%|███████▊                           | 13/58 [00:00<00:01, 30.70it/s, loss=0.0005]
  Epoch  8/30:  22%|███████▊                           | 13/58 [00:00<00:01, 30.70it/s, loss=0.0006]
  Epoch  8/30:  22%|███████▊                           | 13/58 [00:00<00:01, 30.70it/s, loss=0.0006]
  Epoch  8/30:  29%|██████████▎                        | 17/58 [00:00<00:01, 30.48it/s, loss=0.0006]
  Epoch  8/30:  29%|██████████▎                        | 17/58 [00:00<00:01, 30.48it/s, loss=0.0007]
  Epoch  8/30:  29%|██████████▎                        | 17/58 [00:00<00:01, 30.48it/s, loss=0.0010]
  Epoch  8/30:  29%|██████████▎                        | 17/58 [00:00<00:01, 30.48it/s, loss=0.0011]
  Epoch  8/30:  29%|██████████▎                        | 17/58 [00:00<00:01, 30.48it/s, loss=0.0007]
  Epoch  8/30:  36%|████████████▋                      | 21/58 [00:00<00:01, 32.13it/s, loss=0.0007]
  Epoch  8/30:  36%|████████████▋                      | 21/58 [00:00<00:01, 32.13it/s, loss=0.0008]
  Epoch  8/30:  36%|████████████▋                      | 21/58 [00:00<00:01, 32.13it/s, loss=0.0009]
  Epoch  8/30:  36%|████████████▋                      | 21/58 [00:00<00:01, 32.13it/s, loss=0.0010]
  Epoch  8/30:  36%|████████████▋                      | 21/58 [00:00<00:01, 32.13it/s, loss=0.0013]
  Epoch  8/30:  43%|███████████████                    | 25/58 [00:00<00:01, 32.45it/s, loss=0.0013]
  Epoch  8/30:  43%|███████████████                    | 25/58 [00:00<00:01, 32.45it/s, loss=0.0009]
  Epoch  8/30:  43%|███████████████                    | 25/58 [00:00<00:01, 32.45it/s, loss=0.0007]
  Epoch  8/30:  43%|███████████████                    | 25/58 [00:00<00:01, 32.45it/s, loss=0.0024]
  Epoch  8/30:  43%|███████████████                    | 25/58 [00:00<00:01, 32.45it/s, loss=0.0022]
  Epoch  8/30:  50%|█████████████████▌                 | 29/58 [00:00<00:00, 33.06it/s, loss=0.0022]
  Epoch  8/30:  50%|█████████████████▌                 | 29/58 [00:00<00:00, 33.06it/s, loss=0.0012]
  Epoch  8/30:  50%|█████████████████▌                 | 29/58 [00:00<00:00, 33.06it/s, loss=0.0010]
  Epoch  8/30:  50%|█████████████████▌                 | 29/58 [00:00<00:00, 33.06it/s, loss=0.0010]
  Epoch  8/30:  50%|█████████████████▌                 | 29/58 [00:01<00:00, 33.06it/s, loss=0.0012]
  Epoch  8/30:  50%|█████████████████▌                 | 29/58 [00:01<00:00, 33.06it/s, loss=0.0012]
  Epoch  8/30:  59%|████████████████████▌              | 34/58 [00:01<00:00, 35.63it/s, loss=0.0012]
  Epoch  8/30:  59%|████████████████████▌              | 34/58 [00:01<00:00, 35.63it/s, loss=0.0015]
  Epoch  8/30:  59%|████████████████████▌              | 34/58 [00:01<00:00, 35.63it/s, loss=0.0005]
  Epoch  8/30:  59%|████████████████████▌              | 34/58 [00:01<00:00, 35.63it/s, loss=0.0010]
  Epoch  8/30:  59%|████████████████████▌              | 34/58 [00:01<00:00, 35.63it/s, loss=0.0012]
  Epoch  8/30:  59%|████████████████████▌              | 34/58 [00:01<00:00, 35.63it/s, loss=0.0009]
  Epoch  8/30:  67%|███████████████████████▌           | 39/58 [00:01<00:00, 36.62it/s, loss=0.0009]
  Epoch  8/30:  67%|███████████████████████▌           | 39/58 [00:01<00:00, 36.62it/s, loss=0.0006]
  Epoch  8/30:  67%|███████████████████████▌           | 39/58 [00:01<00:00, 36.62it/s, loss=0.0013]
  Epoch  8/30:  67%|███████████████████████▌           | 39/58 [00:01<00:00, 36.62it/s, loss=0.0010]
  Epoch  8/30:  67%|███████████████████████▌           | 39/58 [00:01<00:00, 36.62it/s, loss=0.0020]
  Epoch  8/30:  74%|█████████████████████████▉         | 43/58 [00:01<00:00, 36.69it/s, loss=0.0020]
  Epoch  8/30:  74%|█████████████████████████▉         | 43/58 [00:01<00:00, 36.69it/s, loss=0.0008]
  Epoch  8/30:  74%|█████████████████████████▉         | 43/58 [00:01<00:00, 36.69it/s, loss=0.0012]
  Epoch  8/30:  74%|█████████████████████████▉         | 43/58 [00:01<00:00, 36.69it/s, loss=0.0014]
  Epoch  8/30:  74%|█████████████████████████▉         | 43/58 [00:01<00:00, 36.69it/s, loss=0.0008]
  Epoch  8/30:  81%|████████████████████████████▎      | 47/58 [00:01<00:00, 34.55it/s, loss=0.0008]
  Epoch  8/30:  81%|████████████████████████████▎      | 47/58 [00:01<00:00, 34.55it/s, loss=0.0006]
  Epoch  8/30:  81%|████████████████████████████▎      | 47/58 [00:01<00:00, 34.55it/s, loss=0.0017]
  Epoch  8/30:  81%|████████████████████████████▎      | 47/58 [00:01<00:00, 34.55it/s, loss=0.0005]
  Epoch  8/30:  81%|████████████████████████████▎      | 47/58 [00:01<00:00, 34.55it/s, loss=0.0004]
  Epoch  8/30:  88%|██████████████████████████████▊    | 51/58 [00:01<00:00, 32.99it/s, loss=0.0004]
  Epoch  8/30:  88%|██████████████████████████████▊    | 51/58 [00:01<00:00, 32.99it/s, loss=0.0015]
  Epoch  8/30:  88%|██████████████████████████████▊    | 51/58 [00:01<00:00, 32.99it/s, loss=0.0010]
  Epoch  8/30:  88%|██████████████████████████████▊    | 51/58 [00:01<00:00, 32.99it/s, loss=0.0009]
  Epoch  8/30:  88%|██████████████████████████████▊    | 51/58 [00:01<00:00, 32.99it/s, loss=0.0006]
  Epoch  8/30:  95%|█████████████████████████████████▏ | 55/58 [00:01<00:00, 31.83it/s, loss=0.0006]
  Epoch  8/30:  95%|█████████████████████████████████▏ | 55/58 [00:01<00:00, 31.83it/s, loss=0.0025]
  Epoch  8/30:  95%|█████████████████████████████████▏ | 55/58 [00:01<00:00, 31.83it/s, loss=0.0011]
  Epoch  8/30:  95%|█████████████████████████████████▏ | 55/58 [00:01<00:00, 31.83it/s, loss=0.0010]
                                                                                                    

  Epoch  9/30:   0%|                                                         | 0/58 [00:00<?, ?it/s]
  Epoch  9/30:   0%|                                            | 0/58 [00:00<?, ?it/s, loss=0.0012]
  Epoch  9/30:   0%|                                            | 0/58 [00:00<?, ?it/s, loss=0.0013]
  Epoch  9/30:   0%|                                            | 0/58 [00:00<?, ?it/s, loss=0.0015]
  Epoch  9/30:   5%|█▊                                  | 3/58 [00:00<00:01, 29.10it/s, loss=0.0015]
  Epoch  9/30:   5%|█▊                                  | 3/58 [00:00<00:01, 29.10it/s, loss=0.0009]
  Epoch  9/30:   5%|█▊                                  | 3/58 [00:00<00:01, 29.10it/s, loss=0.0015]
  Epoch  9/30:   5%|█▊                                  | 3/58 [00:00<00:01, 29.10it/s, loss=0.0013]
  Epoch  9/30:  10%|███▋                                | 6/58 [00:00<00:01, 29.01it/s, loss=0.0013]
  Epoch  9/30:  10%|███▋                                | 6/58 [00:00<00:01, 29.01it/s, loss=0.0005]
  Epoch  9/30:  10%|███▋                                | 6/58 [00:00<00:01, 29.01it/s, loss=0.0029]
  Epoch  9/30:  10%|███▋                                | 6/58 [00:00<00:01, 29.01it/s, loss=0.0006]
  Epoch  9/30:  10%|███▋                                | 6/58 [00:00<00:01, 29.01it/s, loss=0.0006]
  Epoch  9/30:  17%|██████                             | 10/58 [00:00<00:01, 31.65it/s, loss=0.0006]
  Epoch  9/30:  17%|██████                             | 10/58 [00:00<00:01, 31.65it/s, loss=0.0017]
  Epoch  9/30:  17%|██████                             | 10/58 [00:00<00:01, 31.65it/s, loss=0.0006]
  Epoch  9/30:  17%|██████                             | 10/58 [00:00<00:01, 31.65it/s, loss=0.0012]
  Epoch  9/30:  17%|██████                             | 10/58 [00:00<00:01, 31.65it/s, loss=0.0008]
  Epoch  9/30:  24%|████████▍                          | 14/58 [00:00<00:01, 31.67it/s, loss=0.0008]
  Epoch  9/30:  24%|████████▍                          | 14/58 [00:00<00:01, 31.67it/s, loss=0.0008]
  Epoch  9/30:  24%|████████▍                          | 14/58 [00:00<00:01, 31.67it/s, loss=0.0007]
  Epoch  9/30:  24%|████████▍                          | 14/58 [00:00<00:01, 31.67it/s, loss=0.0011]
  Epoch  9/30:  24%|████████▍                          | 14/58 [00:00<00:01, 31.67it/s, loss=0.0011]
  Epoch  9/30:  24%|████████▍                          | 14/58 [00:00<00:01, 31.67it/s, loss=0.0011]
  Epoch  9/30:  33%|███████████▍                       | 19/58 [00:00<00:01, 34.83it/s, loss=0.0011]
  Epoch  9/30:  33%|███████████▍                       | 19/58 [00:00<00:01, 34.83it/s, loss=0.0009]
  Epoch  9/30:  33%|███████████▍                       | 19/58 [00:00<00:01, 34.83it/s, loss=0.0005]
  Epoch  9/30:  33%|███████████▍                       | 19/58 [00:00<00:01, 34.83it/s, loss=0.0010]
  Epoch  9/30:  33%|███████████▍                       | 19/58 [00:00<00:01, 34.83it/s, loss=0.0011]
  Epoch  9/30:  40%|█████████████▉                     | 23/58 [00:00<00:01, 33.21it/s, loss=0.0011]
  Epoch  9/30:  40%|█████████████▉                     | 23/58 [00:00<00:01, 33.21it/s, loss=0.0008]
  Epoch  9/30:  40%|█████████████▉                     | 23/58 [00:00<00:01, 33.21it/s, loss=0.0011]
  Epoch  9/30:  40%|█████████████▉                     | 23/58 [00:00<00:01, 33.21it/s, loss=0.0013]
  Epoch  9/30:  40%|█████████████▉                     | 23/58 [00:00<00:01, 33.21it/s, loss=0.0006]
  Epoch  9/30:  47%|████████████████▎                  | 27/58 [00:00<00:00, 33.00it/s, loss=0.0006]
  Epoch  9/30:  47%|████████████████▎                  | 27/58 [00:00<00:00, 33.00it/s, loss=0.0012]
  Epoch  9/30:  47%|████████████████▎                  | 27/58 [00:00<00:00, 33.00it/s, loss=0.0008]
  Epoch  9/30:  47%|████████████████▎                  | 27/58 [00:00<00:00, 33.00it/s, loss=0.0007]
  Epoch  9/30:  47%|████████████████▎                  | 27/58 [00:00<00:00, 33.00it/s, loss=0.0015]
  Epoch  9/30:  53%|██████████████████▋                | 31/58 [00:00<00:00, 33.93it/s, loss=0.0015]
  Epoch  9/30:  53%|██████████████████▋                | 31/58 [00:00<00:00, 33.93it/s, loss=0.0009]
  Epoch  9/30:  53%|██████████████████▋                | 31/58 [00:00<00:00, 33.93it/s, loss=0.0011]
  Epoch  9/30:  53%|██████████████████▋                | 31/58 [00:01<00:00, 33.93it/s, loss=0.0019]
  Epoch  9/30:  53%|██████████████████▋                | 31/58 [00:01<00:00, 33.93it/s, loss=0.0027]
  Epoch  9/30:  60%|█████████████████████              | 35/58 [00:01<00:00, 33.93it/s, loss=0.0027]
  Epoch  9/30:  60%|█████████████████████              | 35/58 [00:01<00:00, 33.93it/s, loss=0.0006]
  Epoch  9/30:  60%|█████████████████████              | 35/58 [00:01<00:00, 33.93it/s, loss=0.0011]
  Epoch  9/30:  60%|█████████████████████              | 35/58 [00:01<00:00, 33.93it/s, loss=0.0011]
  Epoch  9/30:  60%|█████████████████████              | 35/58 [00:01<00:00, 33.93it/s, loss=0.0006]
  Epoch  9/30:  67%|███████████████████████▌           | 39/58 [00:01<00:00, 32.97it/s, loss=0.0006]
  Epoch  9/30:  67%|███████████████████████▌           | 39/58 [00:01<00:00, 32.97it/s, loss=0.0005]
  Epoch  9/30:  67%|███████████████████████▌           | 39/58 [00:01<00:00, 32.97it/s, loss=0.0006]
  Epoch  9/30:  67%|███████████████████████▌           | 39/58 [00:01<00:00, 32.97it/s, loss=0.0015]
  Epoch  9/30:  67%|███████████████████████▌           | 39/58 [00:01<00:00, 32.97it/s, loss=0.0006]
  Epoch  9/30:  74%|█████████████████████████▉         | 43/58 [00:01<00:00, 31.08it/s, loss=0.0006]
  Epoch  9/30:  74%|█████████████████████████▉         | 43/58 [00:01<00:00, 31.08it/s, loss=0.0011]
  Epoch  9/30:  74%|█████████████████████████▉         | 43/58 [00:01<00:00, 31.08it/s, loss=0.0009]
  Epoch  9/30:  74%|█████████████████████████▉         | 43/58 [00:01<00:00, 31.08it/s, loss=0.0009]
  Epoch  9/30:  74%|█████████████████████████▉         | 43/58 [00:01<00:00, 31.08it/s, loss=0.0007]
  Epoch  9/30:  81%|████████████████████████████▎      | 47/58 [00:01<00:00, 30.61it/s, loss=0.0007]
  Epoch  9/30:  81%|████████████████████████████▎      | 47/58 [00:01<00:00, 30.61it/s, loss=0.0007]
  Epoch  9/30:  81%|████████████████████████████▎      | 47/58 [00:01<00:00, 30.61it/s, loss=0.0007]
  Epoch  9/30:  81%|████████████████████████████▎      | 47/58 [00:01<00:00, 30.61it/s, loss=0.0008]
  Epoch  9/30:  81%|████████████████████████████▎      | 47/58 [00:01<00:00, 30.61it/s, loss=0.0007]
  Epoch  9/30:  88%|██████████████████████████████▊    | 51/58 [00:01<00:00, 30.78it/s, loss=0.0007]
  Epoch  9/30:  88%|██████████████████████████████▊    | 51/58 [00:01<00:00, 30.78it/s, loss=0.0015]
  Epoch  9/30:  88%|██████████████████████████████▊    | 51/58 [00:01<00:00, 30.78it/s, loss=0.0009]
  Epoch  9/30:  88%|██████████████████████████████▊    | 51/58 [00:01<00:00, 30.78it/s, loss=0.0005]
  Epoch  9/30:  88%|██████████████████████████████▊    | 51/58 [00:01<00:00, 30.78it/s, loss=0.0014]
  Epoch  9/30:  95%|█████████████████████████████████▏ | 55/58 [00:01<00:00, 31.42it/s, loss=0.0014]
  Epoch  9/30:  95%|█████████████████████████████████▏ | 55/58 [00:01<00:00, 31.42it/s, loss=0.0012]
  Epoch  9/30:  95%|█████████████████████████████████▏ | 55/58 [00:01<00:00, 31.42it/s, loss=0.0033]
  Epoch  9/30:  95%|█████████████████████████████████▏ | 55/58 [00:01<00:00, 31.42it/s, loss=0.0013]
                                                                                                    

  Epoch 10/30:   0%|                                                         | 0/58 [00:00<?, ?it/s]
  Epoch 10/30:   0%|                                            | 0/58 [00:00<?, ?it/s, loss=0.0017]
  Epoch 10/30:   0%|                                            | 0/58 [00:00<?, ?it/s, loss=0.0008]
  Epoch 10/30:   0%|                                            | 0/58 [00:00<?, ?it/s, loss=0.0011]
  Epoch 10/30:   5%|█▊                                  | 3/58 [00:00<00:01, 29.66it/s, loss=0.0011]
  Epoch 10/30:   5%|█▊                                  | 3/58 [00:00<00:01, 29.66it/s, loss=0.0008]
  Epoch 10/30:   5%|█▊                                  | 3/58 [00:00<00:01, 29.66it/s, loss=0.0006]
  Epoch 10/30:   5%|█▊                                  | 3/58 [00:00<00:01, 29.66it/s, loss=0.0006]
  Epoch 10/30:   5%|█▊                                  | 3/58 [00:00<00:01, 29.66it/s, loss=0.0015]
  Epoch 10/30:  12%|████▎                               | 7/58 [00:00<00:01, 34.11it/s, loss=0.0015]
  Epoch 10/30:  12%|████▎                               | 7/58 [00:00<00:01, 34.11it/s, loss=0.0006]
  Epoch 10/30:  12%|████▎                               | 7/58 [00:00<00:01, 34.11it/s, loss=0.0006]
  Epoch 10/30:  12%|████▎                               | 7/58 [00:00<00:01, 34.11it/s, loss=0.0008]
  Epoch 10/30:  12%|████▎                               | 7/58 [00:00<00:01, 34.11it/s, loss=0.0006]
  Epoch 10/30:  19%|██████▋                            | 11/58 [00:00<00:01, 35.38it/s, loss=0.0006]
  Epoch 10/30:  19%|██████▋                            | 11/58 [00:00<00:01, 35.38it/s, loss=0.0006]
  Epoch 10/30:  19%|██████▋                            | 11/58 [00:00<00:01, 35.38it/s, loss=0.0025]
  Epoch 10/30:  19%|██████▋                            | 11/58 [00:00<00:01, 35.38it/s, loss=0.0013]
  Epoch 10/30:  19%|██████▋                            | 11/58 [00:00<00:01, 35.38it/s, loss=0.0010]
  Epoch 10/30:  26%|█████████                          | 15/58 [00:00<00:01, 32.63it/s, loss=0.0010]
  Epoch 10/30:  26%|█████████                          | 15/58 [00:00<00:01, 32.63it/s, loss=0.0016]
  Epoch 10/30:  26%|█████████                          | 15/58 [00:00<00:01, 32.63it/s, loss=0.0006]
  Epoch 10/30:  26%|█████████                          | 15/58 [00:00<00:01, 32.63it/s, loss=0.0012]
  Epoch 10/30:  26%|█████████                          | 15/58 [00:00<00:01, 32.63it/s, loss=0.0016]
  Epoch 10/30:  33%|███████████▍                       | 19/58 [00:00<00:01, 32.78it/s, loss=0.0016]
  Epoch 10/30:  33%|███████████▍                       | 19/58 [00:00<00:01, 32.78it/s, loss=0.0005]
  Epoch 10/30:  33%|███████████▍                       | 19/58 [00:00<00:01, 32.78it/s, loss=0.0010]
  Epoch 10/30:  33%|███████████▍                       | 19/58 [00:00<00:01, 32.78it/s, loss=0.0018]
  Epoch 10/30:  33%|███████████▍                       | 19/58 [00:00<00:01, 32.78it/s, loss=0.0019]
  Epoch 10/30:  33%|███████████▍                       | 19/58 [00:00<00:01, 32.78it/s, loss=0.0005]
  Epoch 10/30:  41%|██████████████▍                    | 24/58 [00:00<00:00, 35.45it/s, loss=0.0005]
  Epoch 10/30:  41%|██████████████▍                    | 24/58 [00:00<00:00, 35.45it/s, loss=0.0010]
  Epoch 10/30:  41%|██████████████▍                    | 24/58 [00:00<00:00, 35.45it/s, loss=0.0008]
  Epoch 10/30:  41%|██████████████▍                    | 24/58 [00:00<00:00, 35.45it/s, loss=0.0004]
  Epoch 10/30:  41%|██████████████▍                    | 24/58 [00:00<00:00, 35.45it/s, loss=0.0011]
  Epoch 10/30:  48%|████████████████▉                  | 28/58 [00:00<00:00, 36.21it/s, loss=0.0011]
  Epoch 10/30:  48%|████████████████▉                  | 28/58 [00:00<00:00, 36.21it/s, loss=0.0008]
  Epoch 10/30:  48%|████████████████▉                  | 28/58 [00:00<00:00, 36.21it/s, loss=0.0011]
  Epoch 10/30:  48%|████████████████▉                  | 28/58 [00:00<00:00, 36.21it/s, loss=0.0032]
  Epoch 10/30:  48%|████████████████▉                  | 28/58 [00:00<00:00, 36.21it/s, loss=0.0008]
  Epoch 10/30:  55%|███████████████████▎               | 32/58 [00:00<00:00, 34.63it/s, loss=0.0008]
  Epoch 10/30:  55%|███████████████████▎               | 32/58 [00:00<00:00, 34.63it/s, loss=0.0009]
  Epoch 10/30:  55%|███████████████████▎               | 32/58 [00:00<00:00, 34.63it/s, loss=0.0005]
  Epoch 10/30:  55%|███████████████████▎               | 32/58 [00:01<00:00, 34.63it/s, loss=0.0008]
  Epoch 10/30:  55%|███████████████████▎               | 32/58 [00:01<00:00, 34.63it/s, loss=0.0004]
  Epoch 10/30:  62%|█████████████████████▋             | 36/58 [00:01<00:00, 35.27it/s, loss=0.0004]
  Epoch 10/30:  62%|█████████████████████▋             | 36/58 [00:01<00:00, 35.27it/s, loss=0.0014]
  Epoch 10/30:  62%|█████████████████████▋             | 36/58 [00:01<00:00, 35.27it/s, loss=0.0007]
  Epoch 10/30:  62%|█████████████████████▋             | 36/58 [00:01<00:00, 35.27it/s, loss=0.0017]
  Epoch 10/30:  62%|█████████████████████▋             | 36/58 [00:01<00:00, 35.27it/s, loss=0.0010]
  Epoch 10/30:  69%|████████████████████████▏          | 40/58 [00:01<00:00, 32.62it/s, loss=0.0010]
  Epoch 10/30:  69%|████████████████████████▏          | 40/58 [00:01<00:00, 32.62it/s, loss=0.0006]
  Epoch 10/30:  69%|████████████████████████▏          | 40/58 [00:01<00:00, 32.62it/s, loss=0.0011]
  Epoch 10/30:  69%|████████████████████████▏          | 40/58 [00:01<00:00, 32.62it/s, loss=0.0012]
  Epoch 10/30:  69%|████████████████████████▏          | 40/58 [00:01<00:00, 32.62it/s, loss=0.0010]
  Epoch 10/30:  76%|██████████████████████████▌        | 44/58 [00:01<00:00, 29.35it/s, loss=0.0010]
  Epoch 10/30:  76%|██████████████████████████▌        | 44/58 [00:01<00:00, 29.35it/s, loss=0.0011]
  Epoch 10/30:  76%|██████████████████████████▌        | 44/58 [00:01<00:00, 29.35it/s, loss=0.0006]
  Epoch 10/30:  76%|██████████████████████████▌        | 44/58 [00:01<00:00, 29.35it/s, loss=0.0011]
  Epoch 10/30:  76%|██████████████████████████▌        | 44/58 [00:01<00:00, 29.35it/s, loss=0.0005]
  Epoch 10/30:  83%|████████████████████████████▉      | 48/58 [00:01<00:00, 28.17it/s, loss=0.0005]
  Epoch 10/30:  83%|████████████████████████████▉      | 48/58 [00:01<00:00, 28.17it/s, loss=0.0007]
  Epoch 10/30:  83%|████████████████████████████▉      | 48/58 [00:01<00:00, 28.17it/s, loss=0.0008]
  Epoch 10/30:  83%|████████████████████████████▉      | 48/58 [00:01<00:00, 28.17it/s, loss=0.0004]
  Epoch 10/30:  88%|██████████████████████████████▊    | 51/58 [00:01<00:00, 28.23it/s, loss=0.0004]
  Epoch 10/30:  88%|██████████████████████████████▊    | 51/58 [00:01<00:00, 28.23it/s, loss=0.0016]
  Epoch 10/30:  88%|██████████████████████████████▊    | 51/58 [00:01<00:00, 28.23it/s, loss=0.0019]
  Epoch 10/30:  88%|██████████████████████████████▊    | 51/58 [00:01<00:00, 28.23it/s, loss=0.0006]
  Epoch 10/30:  93%|████████████████████████████████▌  | 54/58 [00:01<00:00, 28.43it/s, loss=0.0006]
  Epoch 10/30:  93%|████████████████████████████████▌  | 54/58 [00:01<00:00, 28.43it/s, loss=0.0009]
  Epoch 10/30:  93%|████████████████████████████████▌  | 54/58 [00:01<00:00, 28.43it/s, loss=0.0008]
  Epoch 10/30:  93%|████████████████████████████████▌  | 54/58 [00:01<00:00, 28.43it/s, loss=0.0007]
  Epoch 10/30:  98%|██████████████████████████████████▍| 57/58 [00:01<00:00, 28.63it/s, loss=0.0007]
  Epoch 10/30:  98%|██████████████████████████████████▍| 57/58 [00:01<00:00, 28.63it/s, loss=0.0001]
                                                                                                    
  Epoch 10/30 │ Loss: 0.0010 │ T+1: 0.7959 │ T+2: 0.6417 │ T+3: 0.3304 ★ NEW BEST

  Epoch 11/30:   0%|                                                         | 0/58 [00:00<?, ?it/s]
  Epoch 11/30:   0%|                                            | 0/58 [00:00<?, ?it/s, loss=0.0012]
  Epoch 11/30:   0%|                                            | 0/58 [00:00<?, ?it/s, loss=0.0012]
  Epoch 11/30:   0%|                                            | 0/58 [00:00<?, ?it/s, loss=0.0004]
  Epoch 11/30:   0%|                                            | 0/58 [00:00<?, ?it/s, loss=0.0009]
  Epoch 11/30:   7%|██▍                                 | 4/58 [00:00<00:01, 30.20it/s, loss=0.0009]
  Epoch 11/30:   7%|██▍                                 | 4/58 [00:00<00:01, 30.20it/s, loss=0.0008]
  Epoch 11/30:   7%|██▍                                 | 4/58 [00:00<00:01, 30.20it/s, loss=0.0017]
  Epoch 11/30:   7%|██▍                                 | 4/58 [00:00<00:01, 30.20it/s, loss=0.0015]
  Epoch 11/30:   7%|██▍                                 | 4/58 [00:00<00:01, 30.20it/s, loss=0.0008]
  Epoch 11/30:  14%|████▉                               | 8/58 [00:00<00:01, 32.04it/s, loss=0.0008]
  Epoch 11/30:  14%|████▉                               | 8/58 [00:00<00:01, 32.04it/s, loss=0.0012]
  Epoch 11/30:  14%|████▉                               | 8/58 [00:00<00:01, 32.04it/s, loss=0.0006]
  Epoch 11/30:  14%|████▉                               | 8/58 [00:00<00:01, 32.04it/s, loss=0.0026]
  Epoch 11/30:  14%|████▉                               | 8/58 [00:00<00:01, 32.04it/s, loss=0.0010]
  Epoch 11/30:  21%|███████▏                           | 12/58 [00:00<00:01, 30.74it/s, loss=0.0010]
  Epoch 11/30:  21%|███████▏                           | 12/58 [00:00<00:01, 30.74it/s, loss=0.0008]
  Epoch 11/30:  21%|███████▏                           | 12/58 [00:00<00:01, 30.74it/s, loss=0.0009]
  Epoch 11/30:  21%|███████▏                           | 12/58 [00:00<00:01, 30.74it/s, loss=0.0011]
  Epoch 11/30:  21%|███████▏                           | 12/58 [00:00<00:01, 30.74it/s, loss=0.0013]
  Epoch 11/30:  28%|█████████▋                         | 16/58 [00:00<00:01, 29.70it/s, loss=0.0013]
  Epoch 11/30:  28%|█████████▋                         | 16/58 [00:00<00:01, 29.70it/s, loss=0.0008]
  Epoch 11/30:  28%|█████████▋                         | 16/58 [00:00<00:01, 29.70it/s, loss=0.0003]
  Epoch 11/30:  28%|█████████▋                         | 16/58 [00:00<00:01, 29.70it/s, loss=0.0006]
  Epoch 11/30:  28%|█████████▋                         | 16/58 [00:00<00:01, 29.70it/s, loss=0.0008]
  Epoch 11/30:  34%|████████████                       | 20/58 [00:00<00:01, 30.26it/s, loss=0.0008]
  Epoch 11/30:  34%|████████████                       | 20/58 [00:00<00:01, 30.26it/s, loss=0.0005]
  Epoch 11/30:  34%|████████████                       | 20/58 [00:00<00:01, 30.26it/s, loss=0.0010]
  Epoch 11/30:  34%|████████████                       | 20/58 [00:00<00:01, 30.26it/s, loss=0.0005]
  Epoch 11/30:  34%|████████████                       | 20/58 [00:00<00:01, 30.26it/s, loss=0.0006]
  Epoch 11/30:  41%|██████████████▍                    | 24/58 [00:00<00:01, 29.41it/s, loss=0.0006]
  Epoch 11/30:  41%|██████████████▍                    | 24/58 [00:00<00:01, 29.41it/s, loss=0.0022]
  Epoch 11/30:  41%|██████████████▍                    | 24/58 [00:00<00:01, 29.41it/s, loss=0.0006]
  Epoch 11/30:  41%|██████████████▍                    | 24/58 [00:00<00:01, 29.41it/s, loss=0.0005]
  Epoch 11/30:  47%|████████████████▎                  | 27/58 [00:00<00:01, 29.08it/s, loss=0.0005]
  Epoch 11/30:  47%|████████████████▎                  | 27/58 [00:00<00:01, 29.08it/s, loss=0.0005]
  Epoch 11/30:  47%|████████████████▎                  | 27/58 [00:00<00:01, 29.08it/s, loss=0.0008]
  Epoch 11/30:  47%|████████████████▎                  | 27/58 [00:00<00:01, 29.08it/s, loss=0.0018]
  Epoch 11/30:  47%|████████████████▎                  | 27/58 [00:01<00:01, 29.08it/s, loss=0.0009]
  Epoch 11/30:  53%|██████████████████▋                | 31/58 [00:01<00:00, 30.45it/s, loss=0.0009]
  Epoch 11/30:  53%|██████████████████▋                | 31/58 [00:01<00:00, 30.45it/s, loss=0.0015]
  Epoch 11/30:  53%|██████████████████▋                | 31/58 [00:01<00:00, 30.45it/s, loss=0.0015]
  Epoch 11/30:  53%|██████████████████▋                | 31/58 [00:01<00:00, 30.45it/s, loss=0.0004]
  Epoch 11/30:  53%|██████████████████▋                | 31/58 [00:01<00:00, 30.45it/s, loss=0.0029]
  Epoch 11/30:  60%|█████████████████████              | 35/58 [00:01<00:01, 22.98it/s, loss=0.0029]
  Epoch 11/30:  60%|█████████████████████              | 35/58 [00:01<00:01, 22.98it/s, loss=0.0007]
  Epoch 11/30:  60%|█████████████████████              | 35/58 [00:01<00:01, 22.98it/s, loss=0.0028]
  Epoch 11/30:  60%|█████████████████████              | 35/58 [00:01<00:01, 22.98it/s, loss=0.0011]
  Epoch 11/30:  66%|██████████████████████▉            | 38/58 [00:01<00:00, 22.34it/s, loss=0.0011]
  Epoch 11/30:  66%|██████████████████████▉            | 38/58 [00:01<00:00, 22.34it/s, loss=0.0008]
  Epoch 11/30:  66%|██████████████████████▉            | 38/58 [00:01<00:00, 22.34it/s, loss=0.0005]
  Epoch 11/30:  66%|██████████████████████▉            | 38/58 [00:01<00:00, 22.34it/s, loss=0.0018]
  Epoch 11/30:  66%|██████████████████████▉            | 38/58 [00:01<00:00, 22.34it/s, loss=0.0006]
  Epoch 11/30:  72%|█████████████████████████▎         | 42/58 [00:01<00:00, 24.50it/s, loss=0.0006]
  Epoch 11/30:  72%|█████████████████████████▎         | 42/58 [00:01<00:00, 24.50it/s, loss=0.0014]
  Epoch 11/30:  72%|█████████████████████████▎         | 42/58 [00:01<00:00, 24.50it/s, loss=0.0012]
  Epoch 11/30:  72%|█████████████████████████▎         | 42/58 [00:01<00:00, 24.50it/s, loss=0.0004]
  Epoch 11/30:  72%|█████████████████████████▎         | 42/58 [00:01<00:00, 24.50it/s, loss=0.0007]
  Epoch 11/30:  79%|███████████████████████████▊       | 46/58 [00:01<00:00, 26.81it/s, loss=0.0007]
  Epoch 11/30:  79%|███████████████████████████▊       | 46/58 [00:01<00:00, 26.81it/s, loss=0.0010]
  Epoch 11/30:  79%|███████████████████████████▊       | 46/58 [00:01<00:00, 26.81it/s, loss=0.0005]
  Epoch 11/30:  79%|███████████████████████████▊       | 46/58 [00:01<00:00, 26.81it/s, loss=0.0005]
  Epoch 11/30:  84%|█████████████████████████████▌     | 49/58 [00:01<00:00, 27.48it/s, loss=0.0005]
  Epoch 11/30:  84%|█████████████████████████████▌     | 49/58 [00:01<00:00, 27.48it/s, loss=0.0008]
  Epoch 11/30:  84%|█████████████████████████████▌     | 49/58 [00:01<00:00, 27.48it/s, loss=0.0013]
  Epoch 11/30:  84%|█████████████████████████████▌     | 49/58 [00:01<00:00, 27.48it/s, loss=0.0009]
  Epoch 11/30:  90%|███████████████████████████████▍   | 52/58 [00:01<00:00, 27.92it/s, loss=0.0009]
  Epoch 11/30:  90%|███████████████████████████████▍   | 52/58 [00:01<00:00, 27.92it/s, loss=0.0010]
  Epoch 11/30:  90%|███████████████████████████████▍   | 52/58 [00:01<00:00, 27.92it/s, loss=0.0004]
  Epoch 11/30:  90%|███████████████████████████████▍   | 52/58 [00:02<00:00, 27.92it/s, loss=0.0004]
  Epoch 11/30:  95%|█████████████████████████████████▏ | 55/58 [00:02<00:00, 27.24it/s, loss=0.0004]
  Epoch 11/30:  95%|█████████████████████████████████▏ | 55/58 [00:02<00:00, 27.24it/s, loss=0.0008]
  Epoch 11/30:  95%|█████████████████████████████████▏ | 55/58 [00:02<00:00, 27.24it/s, loss=0.0013]
  Epoch 11/30:  95%|█████████████████████████████████▏ | 55/58 [00:02<00:00, 27.24it/s, loss=0.0004]
                                                                                                    

  Epoch 12/30:   0%|                                                         | 0/58 [00:00<?, ?it/s]
  Epoch 12/30:   0%|                                            | 0/58 [00:00<?, ?it/s, loss=0.0005]
  Epoch 12/30:   0%|                                            | 0/58 [00:00<?, ?it/s, loss=0.0007]
  Epoch 12/30:   0%|                                            | 0/58 [00:00<?, ?it/s, loss=0.0017]
  Epoch 12/30:   5%|█▊                                  | 3/58 [00:00<00:02, 25.28it/s, loss=0.0017]
  Epoch 12/30:   5%|█▊                                  | 3/58 [00:00<00:02, 25.28it/s, loss=0.0006]
  Epoch 12/30:   5%|█▊                                  | 3/58 [00:00<00:02, 25.28it/s, loss=0.0019]
  Epoch 12/30:   5%|█▊                                  | 3/58 [00:00<00:02, 25.28it/s, loss=0.0007]
  Epoch 12/30:  10%|███▋                                | 6/58 [00:00<00:01, 26.36it/s, loss=0.0007]
  Epoch 12/30:  10%|███▋                                | 6/58 [00:00<00:01, 26.36it/s, loss=0.0010]
  Epoch 12/30:  10%|███▋                                | 6/58 [00:00<00:01, 26.36it/s, loss=0.0011]
  Epoch 12/30:  10%|███▋                                | 6/58 [00:00<00:01, 26.36it/s, loss=0.0010]
  Epoch 12/30:  10%|███▋                                | 6/58 [00:00<00:01, 26.36it/s, loss=0.0009]
  Epoch 12/30:  17%|██████                             | 10/58 [00:00<00:01, 29.38it/s, loss=0.0009]
  Epoch 12/30:  17%|██████                             | 10/58 [00:00<00:01, 29.38it/s, loss=0.0024]
  Epoch 12/30:  17%|██████                             | 10/58 [00:00<00:01, 29.38it/s, loss=0.0008]
  Epoch 12/30:  17%|██████                             | 10/58 [00:00<00:01, 29.38it/s, loss=0.0009]
  Epoch 12/30:  17%|██████                             | 10/58 [00:00<00:01, 29.38it/s, loss=0.0006]
  Epoch 12/30:  24%|████████▍                          | 14/58 [00:00<00:01, 31.90it/s, loss=0.0006]
  Epoch 12/30:  24%|████████▍                          | 14/58 [00:00<00:01, 31.90it/s, loss=0.0006]
  Epoch 12/30:  24%|████████▍                          | 14/58 [00:00<00:01, 31.90it/s, loss=0.0011]
  Epoch 12/30:  24%|████████▍                          | 14/58 [00:00<00:01, 31.90it/s, loss=0.0005]
  Epoch 12/30:  24%|████████▍                          | 14/58 [00:00<00:01, 31.90it/s, loss=0.0012]
  Epoch 12/30:  31%|██████████▊                        | 18/58 [00:00<00:01, 33.22it/s, loss=0.0012]
  Epoch 12/30:  31%|██████████▊                        | 18/58 [00:00<00:01, 33.22it/s, loss=0.0024]
  Epoch 12/30:  31%|██████████▊                        | 18/58 [00:00<00:01, 33.22it/s, loss=0.0003]
  Epoch 12/30:  31%|██████████▊                        | 18/58 [00:00<00:01, 33.22it/s, loss=0.0007]
  Epoch 12/30:  31%|██████████▊                        | 18/58 [00:00<00:01, 33.22it/s, loss=0.0007]
  Epoch 12/30:  38%|█████████████▎                     | 22/58 [00:00<00:01, 32.10it/s, loss=0.0007]
  Epoch 12/30:  38%|█████████████▎                     | 22/58 [00:00<00:01, 32.10it/s, loss=0.0008]
  Epoch 12/30:  38%|█████████████▎                     | 22/58 [00:00<00:01, 32.10it/s, loss=0.0009]
  Epoch 12/30:  38%|█████████████▎                     | 22/58 [00:00<00:01, 32.10it/s, loss=0.0015]
  Epoch 12/30:  38%|█████████████▎                     | 22/58 [00:00<00:01, 32.10it/s, loss=0.0009]
  Epoch 12/30:  45%|███████████████▋                   | 26/58 [00:00<00:01, 31.98it/s, loss=0.0009]
  Epoch 12/30:  45%|███████████████▋                   | 26/58 [00:00<00:01, 31.98it/s, loss=0.0011]
  Epoch 12/30:  45%|███████████████▋                   | 26/58 [00:00<00:01, 31.98it/s, loss=0.0006]
  Epoch 12/30:  45%|███████████████▋                   | 26/58 [00:00<00:01, 31.98it/s, loss=0.0013]
  Epoch 12/30:  45%|███████████████▋                   | 26/58 [00:00<00:01, 31.98it/s, loss=0.0011]
  Epoch 12/30:  52%|██████████████████                 | 30/58 [00:00<00:00, 32.05it/s, loss=0.0011]
  Epoch 12/30:  52%|██████████████████                 | 30/58 [00:00<00:00, 32.05it/s, loss=0.0009]
  Epoch 12/30:  52%|██████████████████                 | 30/58 [00:01<00:00, 32.05it/s, loss=0.0013]
  Epoch 12/30:  52%|██████████████████                 | 30/58 [00:01<00:00, 32.05it/s, loss=0.0004]
  Epoch 12/30:  52%|██████████████████                 | 30/58 [00:01<00:00, 32.05it/s, loss=0.0004]
  Epoch 12/30:  59%|████████████████████▌              | 34/58 [00:01<00:00, 32.06it/s, loss=0.0004]
  Epoch 12/30:  59%|████████████████████▌              | 34/58 [00:01<00:00, 32.06it/s, loss=0.0011]
  Epoch 12/30:  59%|████████████████████▌              | 34/58 [00:01<00:00, 32.06it/s, loss=0.0007]
  Epoch 12/30:  59%|████████████████████▌              | 34/58 [00:01<00:00, 32.06it/s, loss=0.0014]
  Epoch 12/30:  59%|████████████████████▌              | 34/58 [00:01<00:00, 32.06it/s, loss=0.0005]
  Epoch 12/30:  66%|██████████████████████▉            | 38/58 [00:01<00:00, 32.80it/s, loss=0.0005]
  Epoch 12/30:  66%|██████████████████████▉            | 38/58 [00:01<00:00, 32.80it/s, loss=0.0004]
  Epoch 12/30:  66%|██████████████████████▉            | 38/58 [00:01<00:00, 32.80it/s, loss=0.0013]
  Epoch 12/30:  66%|██████████████████████▉            | 38/58 [00:01<00:00, 32.80it/s, loss=0.0024]
  Epoch 12/30:  66%|██████████████████████▉            | 38/58 [00:01<00:00, 32.80it/s, loss=0.0010]
  Epoch 12/30:  72%|█████████████████████████▎         | 42/58 [00:01<00:00, 32.99it/s, loss=0.0010]
  Epoch 12/30:  72%|█████████████████████████▎         | 42/58 [00:01<00:00, 32.99it/s, loss=0.0009]
  Epoch 12/30:  72%|█████████████████████████▎         | 42/58 [00:01<00:00, 32.99it/s, loss=0.0007]
  Epoch 12/30:  72%|█████████████████████████▎         | 42/58 [00:01<00:00, 32.99it/s, loss=0.0007]
  Epoch 12/30:  72%|█████████████████████████▎         | 42/58 [00:01<00:00, 32.99it/s, loss=0.0016]
  Epoch 12/30:  79%|███████████████████████████▊       | 46/58 [00:01<00:00, 32.04it/s, loss=0.0016]
  Epoch 12/30:  79%|███████████████████████████▊       | 46/58 [00:01<00:00, 32.04it/s, loss=0.0007]
  Epoch 12/30:  79%|███████████████████████████▊       | 46/58 [00:01<00:00, 32.04it/s, loss=0.0011]
  Epoch 12/30:  79%|███████████████████████████▊       | 46/58 [00:01<00:00, 32.04it/s, loss=0.0014]
  Epoch 12/30:  79%|███████████████████████████▊       | 46/58 [00:01<00:00, 32.04it/s, loss=0.0005]
  Epoch 12/30:  86%|██████████████████████████████▏    | 50/58 [00:01<00:00, 32.01it/s, loss=0.0005]
  Epoch 12/30:  86%|██████████████████████████████▏    | 50/58 [00:01<00:00, 32.01it/s, loss=0.0007]
  Epoch 12/30:  86%|██████████████████████████████▏    | 50/58 [00:01<00:00, 32.01it/s, loss=0.0013]
  Epoch 12/30:  86%|██████████████████████████████▏    | 50/58 [00:01<00:00, 32.01it/s, loss=0.0009]
  Epoch 12/30:  86%|██████████████████████████████▏    | 50/58 [00:01<00:00, 32.01it/s, loss=0.0007]
  Epoch 12/30:  93%|████████████████████████████████▌  | 54/58 [00:01<00:00, 32.55it/s, loss=0.0007]
  Epoch 12/30:  93%|████████████████████████████████▌  | 54/58 [00:01<00:00, 32.55it/s, loss=0.0005]
  Epoch 12/30:  93%|████████████████████████████████▌  | 54/58 [00:01<00:00, 32.55it/s, loss=0.0011]
  Epoch 12/30:  93%|████████████████████████████████▌  | 54/58 [00:01<00:00, 32.55it/s, loss=0.0016]
  Epoch 12/30:  93%|████████████████████████████████▌  | 54/58 [00:01<00:00, 32.55it/s, loss=0.0002]
                                                                                                    

  Epoch 13/30:   0%|                                                         | 0/58 [00:00<?, ?it/s]
  Epoch 13/30:   0%|                                            | 0/58 [00:00<?, ?it/s, loss=0.0007]
  Epoch 13/30:   0%|                                            | 0/58 [00:00<?, ?it/s, loss=0.0014]
  Epoch 13/30:   0%|                                            | 0/58 [00:00<?, ?it/s, loss=0.0006]
  Epoch 13/30:   0%|                                            | 0/58 [00:00<?, ?it/s, loss=0.0009]
  Epoch 13/30:   7%|██▍                                 | 4/58 [00:00<00:01, 32.44it/s, loss=0.0009]
  Epoch 13/30:   7%|██▍                                 | 4/58 [00:00<00:01, 32.44it/s, loss=0.0006]
  Epoch 13/30:   7%|██▍                                 | 4/58 [00:00<00:01, 32.44it/s, loss=0.0018]
  Epoch 13/30:   7%|██▍                                 | 4/58 [00:00<00:01, 32.44it/s, loss=0.0005]
  Epoch 13/30:   7%|██▍                                 | 4/58 [00:00<00:01, 32.44it/s, loss=0.0012]
  Epoch 13/30:  14%|████▉                               | 8/58 [00:00<00:01, 34.37it/s, loss=0.0012]
  Epoch 13/30:  14%|████▉                               | 8/58 [00:00<00:01, 34.37it/s, loss=0.0010]
  Epoch 13/30:  14%|████▉                               | 8/58 [00:00<00:01, 34.37it/s, loss=0.0011]
  Epoch 13/30:  14%|████▉                               | 8/58 [00:00<00:01, 34.37it/s, loss=0.0008]
  Epoch 13/30:  14%|████▉                               | 8/58 [00:00<00:01, 34.37it/s, loss=0.0013]
  Epoch 13/30:  21%|███████▏                           | 12/58 [00:00<00:01, 34.62it/s, loss=0.0013]
  Epoch 13/30:  21%|███████▏                           | 12/58 [00:00<00:01, 34.62it/s, loss=0.0018]
  Epoch 13/30:  21%|███████▏                           | 12/58 [00:00<00:01, 34.62it/s, loss=0.0011]
  Epoch 13/30:  21%|███████▏                           | 12/58 [00:00<00:01, 34.62it/s, loss=0.0009]
  Epoch 13/30:  21%|███████▏                           | 12/58 [00:00<00:01, 34.62it/s, loss=0.0003]
  Epoch 13/30:  28%|█████████▋                         | 16/58 [00:00<00:01, 35.89it/s, loss=0.0003]
  Epoch 13/30:  28%|█████████▋                         | 16/58 [00:00<00:01, 35.89it/s, loss=0.0008]
  Epoch 13/30:  28%|█████████▋                         | 16/58 [00:00<00:01, 35.89it/s, loss=0.0006]
  Epoch 13/30:  28%|█████████▋                         | 16/58 [00:00<00:01, 35.89it/s, loss=0.0005]
  Epoch 13/30:  28%|█████████▋                         | 16/58 [00:00<00:01, 35.89it/s, loss=0.0010]
  Epoch 13/30:  34%|████████████                       | 20/58 [00:00<00:01, 36.66it/s, loss=0.0010]
  Epoch 13/30:  34%|████████████                       | 20/58 [00:00<00:01, 36.66it/s, loss=0.0006]
  Epoch 13/30:  34%|████████████                       | 20/58 [00:00<00:01, 36.66it/s, loss=0.0008]
  Epoch 13/30:  34%|████████████                       | 20/58 [00:00<00:01, 36.66it/s, loss=0.0012]
  Epoch 13/30:  34%|████████████                       | 20/58 [00:00<00:01, 36.66it/s, loss=0.0010]
  Epoch 13/30:  34%|████████████                       | 20/58 [00:00<00:01, 36.66it/s, loss=0.0011]
  Epoch 13/30:  43%|███████████████                    | 25/58 [00:00<00:00, 39.20it/s, loss=0.0011]
  Epoch 13/30:  43%|███████████████                    | 25/58 [00:00<00:00, 39.20it/s, loss=0.0009]
  Epoch 13/30:  43%|███████████████                    | 25/58 [00:00<00:00, 39.20it/s, loss=0.0012]
  Epoch 13/30:  43%|███████████████                    | 25/58 [00:00<00:00, 39.20it/s, loss=0.0010]
  Epoch 13/30:  43%|███████████████                    | 25/58 [00:00<00:00, 39.20it/s, loss=0.0006]
  Epoch 13/30:  43%|███████████████                    | 25/58 [00:00<00:00, 39.20it/s, loss=0.0007]
  Epoch 13/30:  52%|██████████████████                 | 30/58 [00:00<00:00, 40.39it/s, loss=0.0007]
  Epoch 13/30:  52%|██████████████████                 | 30/58 [00:00<00:00, 40.39it/s, loss=0.0006]
  Epoch 13/30:  52%|██████████████████                 | 30/58 [00:00<00:00, 40.39it/s, loss=0.0007]
  Epoch 13/30:  52%|██████████████████                 | 30/58 [00:00<00:00, 40.39it/s, loss=0.0029]
  Epoch 13/30:  52%|██████████████████                 | 30/58 [00:00<00:00, 40.39it/s, loss=0.0023]
  Epoch 13/30:  52%|██████████████████                 | 30/58 [00:00<00:00, 40.39it/s, loss=0.0008]
  Epoch 13/30:  60%|█████████████████████              | 35/58 [00:00<00:00, 37.02it/s, loss=0.0008]
  Epoch 13/30:  60%|█████████████████████              | 35/58 [00:00<00:00, 37.02it/s, loss=0.0011]
  Epoch 13/30:  60%|█████████████████████              | 35/58 [00:00<00:00, 37.02it/s, loss=0.0004]
  Epoch 13/30:  60%|█████████████████████              | 35/58 [00:01<00:00, 37.02it/s, loss=0.0024]
  Epoch 13/30:  60%|█████████████████████              | 35/58 [00:01<00:00, 37.02it/s, loss=0.0011]
  Epoch 13/30:  67%|███████████████████████▌           | 39/58 [00:01<00:00, 37.03it/s, loss=0.0011]
  Epoch 13/30:  67%|███████████████████████▌           | 39/58 [00:01<00:00, 37.03it/s, loss=0.0018]
  Epoch 13/30:  67%|███████████████████████▌           | 39/58 [00:01<00:00, 37.03it/s, loss=0.0007]
  Epoch 13/30:  67%|███████████████████████▌           | 39/58 [00:01<00:00, 37.03it/s, loss=0.0004]
  Epoch 13/30:  67%|███████████████████████▌           | 39/58 [00:01<00:00, 37.03it/s, loss=0.0005]
  Epoch 13/30:  74%|█████████████████████████▉         | 43/58 [00:01<00:00, 37.47it/s, loss=0.0005]
  Epoch 13/30:  74%|█████████████████████████▉         | 43/58 [00:01<00:00, 37.47it/s, loss=0.0014]
  Epoch 13/30:  74%|█████████████████████████▉         | 43/58 [00:01<00:00, 37.47it/s, loss=0.0005]
  Epoch 13/30:  74%|█████████████████████████▉         | 43/58 [00:01<00:00, 37.47it/s, loss=0.0006]
  Epoch 13/30:  74%|█████████████████████████▉         | 43/58 [00:01<00:00, 37.47it/s, loss=0.0008]
  Epoch 13/30:  81%|████████████████████████████▎      | 47/58 [00:01<00:00, 37.87it/s, loss=0.0008]
  Epoch 13/30:  81%|████████████████████████████▎      | 47/58 [00:01<00:00, 37.87it/s, loss=0.0004]
  Epoch 13/30:  81%|████████████████████████████▎      | 47/58 [00:01<00:00, 37.87it/s, loss=0.0008]
  Epoch 13/30:  81%|████████████████████████████▎      | 47/58 [00:01<00:00, 37.87it/s, loss=0.0007]
  Epoch 13/30:  81%|████████████████████████████▎      | 47/58 [00:01<00:00, 37.87it/s, loss=0.0009]
  Epoch 13/30:  88%|██████████████████████████████▊    | 51/58 [00:01<00:00, 35.51it/s, loss=0.0009]
  Epoch 13/30:  88%|██████████████████████████████▊    | 51/58 [00:01<00:00, 35.51it/s, loss=0.0005]
  Epoch 13/30:  88%|██████████████████████████████▊    | 51/58 [00:01<00:00, 35.51it/s, loss=0.0010]
  Epoch 13/30:  88%|██████████████████████████████▊    | 51/58 [00:01<00:00, 35.51it/s, loss=0.0019]
  Epoch 13/30:  88%|██████████████████████████████▊    | 51/58 [00:01<00:00, 35.51it/s, loss=0.0013]
  Epoch 13/30:  88%|██████████████████████████████▊    | 51/58 [00:01<00:00, 35.51it/s, loss=0.0007]
  Epoch 13/30:  97%|█████████████████████████████████▊ | 56/58 [00:01<00:00, 37.49it/s, loss=0.0007]
  Epoch 13/30:  97%|█████████████████████████████████▊ | 56/58 [00:01<00:00, 37.49it/s, loss=0.0004]
  Epoch 13/30:  97%|█████████████████████████████████▊ | 56/58 [00:01<00:00, 37.49it/s, loss=0.0001]
                                                                                                    

  Epoch 14/30:   0%|                                                         | 0/58 [00:00<?, ?it/s]
  Epoch 14/30:   0%|                                            | 0/58 [00:00<?, ?it/s, loss=0.0004]
  Epoch 14/30:   0%|                                            | 0/58 [00:00<?, ?it/s, loss=0.0006]
  Epoch 14/30:   0%|                                            | 0/58 [00:00<?, ?it/s, loss=0.0007]
  Epoch 14/30:   5%|█▊                                  | 3/58 [00:00<00:01, 28.90it/s, loss=0.0007]
  Epoch 14/30:   5%|█▊                                  | 3/58 [00:00<00:01, 28.90it/s, loss=0.0006]
  Epoch 14/30:   5%|█▊                                  | 3/58 [00:00<00:01, 28.90it/s, loss=0.0005]
  Epoch 14/30:   5%|█▊                                  | 3/58 [00:00<00:01, 28.90it/s, loss=0.0008]
  Epoch 14/30:   5%|█▊                                  | 3/58 [00:00<00:01, 28.90it/s, loss=0.0007]
  Epoch 14/30:  12%|████▎                               | 7/58 [00:00<00:01, 31.59it/s, loss=0.0007]
  Epoch 14/30:  12%|████▎                               | 7/58 [00:00<00:01, 31.59it/s, loss=0.0024]
  Epoch 14/30:  12%|████▎                               | 7/58 [00:00<00:01, 31.59it/s, loss=0.0013]
  Epoch 14/30:  12%|████▎                               | 7/58 [00:00<00:01, 31.59it/s, loss=0.0013]
  Epoch 14/30:  12%|████▎                               | 7/58 [00:00<00:01, 31.59it/s, loss=0.0005]
  Epoch 14/30:  12%|████▎                               | 7/58 [00:00<00:01, 31.59it/s, loss=0.0009]
  Epoch 14/30:  21%|███████▏                           | 12/58 [00:00<00:01, 36.56it/s, loss=0.0009]
  Epoch 14/30:  21%|███████▏                           | 12/58 [00:00<00:01, 36.56it/s, loss=0.0010]
  Epoch 14/30:  21%|███████▏                           | 12/58 [00:00<00:01, 36.56it/s, loss=0.0013]
  Epoch 14/30:  21%|███████▏                           | 12/58 [00:00<00:01, 36.56it/s, loss=0.0005]
  Epoch 14/30:  21%|███████▏                           | 12/58 [00:00<00:01, 36.56it/s, loss=0.0023]
  Epoch 14/30:  21%|███████▏                           | 12/58 [00:00<00:01, 36.56it/s, loss=0.0014]
  Epoch 14/30:  29%|██████████▎                        | 17/58 [00:00<00:01, 40.07it/s, loss=0.0014]
  Epoch 14/30:  29%|██████████▎                        | 17/58 [00:00<00:01, 40.07it/s, loss=0.0014]
  Epoch 14/30:  29%|██████████▎                        | 17/58 [00:00<00:01, 40.07it/s, loss=0.0005]
  Epoch 14/30:  29%|██████████▎                        | 17/58 [00:00<00:01, 40.07it/s, loss=0.0007]
  Epoch 14/30:  29%|██████████▎                        | 17/58 [00:00<00:01, 40.07it/s, loss=0.0010]
  Epoch 14/30:  29%|██████████▎                        | 17/58 [00:00<00:01, 40.07it/s, loss=0.0005]
  Epoch 14/30:  38%|█████████████▎                     | 22/58 [00:00<00:00, 37.87it/s, loss=0.0005]
  Epoch 14/30:  38%|█████████████▎                     | 22/58 [00:00<00:00, 37.87it/s, loss=0.0020]
  Epoch 14/30:  38%|█████████████▎                     | 22/58 [00:00<00:00, 37.87it/s, loss=0.0007]
  Epoch 14/30:  38%|█████████████▎                     | 22/58 [00:00<00:00, 37.87it/s, loss=0.0005]
  Epoch 14/30:  38%|█████████████▎                     | 22/58 [00:00<00:00, 37.87it/s, loss=0.0006]
  Epoch 14/30:  45%|███████████████▋                   | 26/58 [00:00<00:00, 37.48it/s, loss=0.0006]
  Epoch 14/30:  45%|███████████████▋                   | 26/58 [00:00<00:00, 37.48it/s, loss=0.0012]
  Epoch 14/30:  45%|███████████████▋                   | 26/58 [00:00<00:00, 37.48it/s, loss=0.0006]
  Epoch 14/30:  45%|███████████████▋                   | 26/58 [00:00<00:00, 37.48it/s, loss=0.0004]
  Epoch 14/30:  45%|███████████████▋                   | 26/58 [00:00<00:00, 37.48it/s, loss=0.0010]
  Epoch 14/30:  45%|███████████████▋                   | 26/58 [00:00<00:00, 37.48it/s, loss=0.0005]
  Epoch 14/30:  53%|██████████████████▋                | 31/58 [00:00<00:00, 39.64it/s, loss=0.0005]
  Epoch 14/30:  53%|██████████████████▋                | 31/58 [00:00<00:00, 39.64it/s, loss=0.0011]
  Epoch 14/30:  53%|██████████████████▋                | 31/58 [00:00<00:00, 39.64it/s, loss=0.0015]
  Epoch 14/30:  53%|██████████████████▋                | 31/58 [00:00<00:00, 39.64it/s, loss=0.0008]
  Epoch 14/30:  53%|██████████████████▋                | 31/58 [00:00<00:00, 39.64it/s, loss=0.0006]
  Epoch 14/30:  60%|█████████████████████              | 35/58 [00:00<00:00, 35.21it/s, loss=0.0006]
  Epoch 14/30:  60%|█████████████████████              | 35/58 [00:00<00:00, 35.21it/s, loss=0.0010]
  Epoch 14/30:  60%|█████████████████████              | 35/58 [00:01<00:00, 35.21it/s, loss=0.0005]
  Epoch 14/30:  60%|█████████████████████              | 35/58 [00:01<00:00, 35.21it/s, loss=0.0015]
  Epoch 14/30:  60%|█████████████████████              | 35/58 [00:01<00:00, 35.21it/s, loss=0.0007]
  Epoch 14/30:  67%|███████████████████████▌           | 39/58 [00:01<00:00, 35.54it/s, loss=0.0007]
  Epoch 14/30:  67%|███████████████████████▌           | 39/58 [00:01<00:00, 35.54it/s, loss=0.0004]
  Epoch 14/30:  67%|███████████████████████▌           | 39/58 [00:01<00:00, 35.54it/s, loss=0.0006]
  Epoch 14/30:  67%|███████████████████████▌           | 39/58 [00:01<00:00, 35.54it/s, loss=0.0012]
  Epoch 14/30:  67%|███████████████████████▌           | 39/58 [00:01<00:00, 35.54it/s, loss=0.0010]
  Epoch 14/30:  74%|█████████████████████████▉         | 43/58 [00:01<00:00, 35.27it/s, loss=0.0010]
  Epoch 14/30:  74%|█████████████████████████▉         | 43/58 [00:01<00:00, 35.27it/s, loss=0.0009]
  Epoch 14/30:  74%|█████████████████████████▉         | 43/58 [00:01<00:00, 35.27it/s, loss=0.0004]
  Epoch 14/30:  74%|█████████████████████████▉         | 43/58 [00:01<00:00, 35.27it/s, loss=0.0005]
  Epoch 14/30:  74%|█████████████████████████▉         | 43/58 [00:01<00:00, 35.27it/s, loss=0.0011]
  Epoch 14/30:  81%|████████████████████████████▎      | 47/58 [00:01<00:00, 35.45it/s, loss=0.0011]
  Epoch 14/30:  81%|████████████████████████████▎      | 47/58 [00:01<00:00, 35.45it/s, loss=0.0006]
  Epoch 14/30:  81%|████████████████████████████▎      | 47/58 [00:01<00:00, 35.45it/s, loss=0.0008]
  Epoch 14/30:  81%|████████████████████████████▎      | 47/58 [00:01<00:00, 35.45it/s, loss=0.0006]
  Epoch 14/30:  81%|████████████████████████████▎      | 47/58 [00:01<00:00, 35.45it/s, loss=0.0023]
  Epoch 14/30:  88%|██████████████████████████████▊    | 51/58 [00:01<00:00, 35.19it/s, loss=0.0023]
  Epoch 14/30:  88%|██████████████████████████████▊    | 51/58 [00:01<00:00, 35.19it/s, loss=0.0011]
  Epoch 14/30:  88%|██████████████████████████████▊    | 51/58 [00:01<00:00, 35.19it/s, loss=0.0009]
  Epoch 14/30:  88%|██████████████████████████████▊    | 51/58 [00:01<00:00, 35.19it/s, loss=0.0019]
  Epoch 14/30:  88%|██████████████████████████████▊    | 51/58 [00:01<00:00, 35.19it/s, loss=0.0012]
  Epoch 14/30:  95%|█████████████████████████████████▏ | 55/58 [00:01<00:00, 35.21it/s, loss=0.0012]
  Epoch 14/30:  95%|█████████████████████████████████▏ | 55/58 [00:01<00:00, 35.21it/s, loss=0.0011]
  Epoch 14/30:  95%|█████████████████████████████████▏ | 55/58 [00:01<00:00, 35.21it/s, loss=0.0008]
  Epoch 14/30:  95%|█████████████████████████████████▏ | 55/58 [00:01<00:00, 35.21it/s, loss=0.0005]
                                                                                                    

  Epoch 15/30:   0%|                                                         | 0/58 [00:00<?, ?it/s]
  Epoch 15/30:   0%|                                            | 0/58 [00:00<?, ?it/s, loss=0.0009]
  Epoch 15/30:   0%|                                            | 0/58 [00:00<?, ?it/s, loss=0.0010]
  Epoch 15/30:   0%|                                            | 0/58 [00:00<?, ?it/s, loss=0.0005]
  Epoch 15/30:   0%|                                            | 0/58 [00:00<?, ?it/s, loss=0.0007]
  Epoch 15/30:   7%|██▍                                 | 4/58 [00:00<00:01, 35.79it/s, loss=0.0007]
  Epoch 15/30:   7%|██▍                                 | 4/58 [00:00<00:01, 35.79it/s, loss=0.0007]
  Epoch 15/30:   7%|██▍                                 | 4/58 [00:00<00:01, 35.79it/s, loss=0.0007]
  Epoch 15/30:   7%|██▍                                 | 4/58 [00:00<00:01, 35.79it/s, loss=0.0007]
  Epoch 15/30:   7%|██▍                                 | 4/58 [00:00<00:01, 35.79it/s, loss=0.0005]
  Epoch 15/30:  14%|████▉                               | 8/58 [00:00<00:01, 34.76it/s, loss=0.0005]
  Epoch 15/30:  14%|████▉                               | 8/58 [00:00<00:01, 34.76it/s, loss=0.0011]
  Epoch 15/30:  14%|████▉                               | 8/58 [00:00<00:01, 34.76it/s, loss=0.0009]
  Epoch 15/30:  14%|████▉                               | 8/58 [00:00<00:01, 34.76it/s, loss=0.0007]
  Epoch 15/30:  14%|████▉                               | 8/58 [00:00<00:01, 34.76it/s, loss=0.0007]
  Epoch 15/30:  21%|███████▏                           | 12/58 [00:00<00:01, 36.30it/s, loss=0.0007]
  Epoch 15/30:  21%|███████▏                           | 12/58 [00:00<00:01, 36.30it/s, loss=0.0004]
  Epoch 15/30:  21%|███████▏                           | 12/58 [00:00<00:01, 36.30it/s, loss=0.0024]
  Epoch 15/30:  21%|███████▏                           | 12/58 [00:00<00:01, 36.30it/s, loss=0.0016]
  Epoch 15/30:  21%|███████▏                           | 12/58 [00:00<00:01, 36.30it/s, loss=0.0008]
  Epoch 15/30:  28%|█████████▋                         | 16/58 [00:00<00:01, 34.90it/s, loss=0.0008]
  Epoch 15/30:  28%|█████████▋                         | 16/58 [00:00<00:01, 34.90it/s, loss=0.0019]
  Epoch 15/30:  28%|█████████▋                         | 16/58 [00:00<00:01, 34.90it/s, loss=0.0005]
  Epoch 15/30:  28%|█████████▋                         | 16/58 [00:00<00:01, 34.90it/s, loss=0.0007]
  Epoch 15/30:  28%|█████████▋                         | 16/58 [00:00<00:01, 34.90it/s, loss=0.0012]
  Epoch 15/30:  34%|████████████                       | 20/58 [00:00<00:01, 34.56it/s, loss=0.0012]
  Epoch 15/30:  34%|████████████                       | 20/58 [00:00<00:01, 34.56it/s, loss=0.0007]
  Epoch 15/30:  34%|████████████                       | 20/58 [00:00<00:01, 34.56it/s, loss=0.0005]
  Epoch 15/30:  34%|████████████                       | 20/58 [00:00<00:01, 34.56it/s, loss=0.0014]
  Epoch 15/30:  34%|████████████                       | 20/58 [00:00<00:01, 34.56it/s, loss=0.0019]
  Epoch 15/30:  41%|██████████████▍                    | 24/58 [00:00<00:00, 35.54it/s, loss=0.0019]
  Epoch 15/30:  41%|██████████████▍                    | 24/58 [00:00<00:00, 35.54it/s, loss=0.0018]
  Epoch 15/30:  41%|██████████████▍                    | 24/58 [00:00<00:00, 35.54it/s, loss=0.0013]
  Epoch 15/30:  41%|██████████████▍                    | 24/58 [00:00<00:00, 35.54it/s, loss=0.0007]
  Epoch 15/30:  41%|██████████████▍                    | 24/58 [00:00<00:00, 35.54it/s, loss=0.0006]
  Epoch 15/30:  48%|████████████████▉                  | 28/58 [00:00<00:00, 32.71it/s, loss=0.0006]
  Epoch 15/30:  48%|████████████████▉                  | 28/58 [00:00<00:00, 32.71it/s, loss=0.0014]
  Epoch 15/30:  48%|████████████████▉                  | 28/58 [00:00<00:00, 32.71it/s, loss=0.0005]
  Epoch 15/30:  48%|████████████████▉                  | 28/58 [00:00<00:00, 32.71it/s, loss=0.0025]
  Epoch 15/30:  48%|████████████████▉                  | 28/58 [00:00<00:00, 32.71it/s, loss=0.0010]
  Epoch 15/30:  55%|███████████████████▎               | 32/58 [00:00<00:00, 32.65it/s, loss=0.0010]
  Epoch 15/30:  55%|███████████████████▎               | 32/58 [00:00<00:00, 32.65it/s, loss=0.0008]
  Epoch 15/30:  55%|███████████████████▎               | 32/58 [00:01<00:00, 32.65it/s, loss=0.0011]
  Epoch 15/30:  55%|███████████████████▎               | 32/58 [00:01<00:00, 32.65it/s, loss=0.0009]
  Epoch 15/30:  55%|███████████████████▎               | 32/58 [00:01<00:00, 32.65it/s, loss=0.0006]
  Epoch 15/30:  62%|█████████████████████▋             | 36/58 [00:01<00:00, 33.05it/s, loss=0.0006]
  Epoch 15/30:  62%|█████████████████████▋             | 36/58 [00:01<00:00, 33.05it/s, loss=0.0005]
  Epoch 15/30:  62%|█████████████████████▋             | 36/58 [00:01<00:00, 33.05it/s, loss=0.0008]
  Epoch 15/30:  62%|█████████████████████▋             | 36/58 [00:01<00:00, 33.05it/s, loss=0.0004]
  Epoch 15/30:  62%|█████████████████████▋             | 36/58 [00:01<00:00, 33.05it/s, loss=0.0006]
  Epoch 15/30:  69%|████████████████████████▏          | 40/58 [00:01<00:00, 34.84it/s, loss=0.0006]
  Epoch 15/30:  69%|████████████████████████▏          | 40/58 [00:01<00:00, 34.84it/s, loss=0.0009]
  Epoch 15/30:  69%|████████████████████████▏          | 40/58 [00:01<00:00, 34.84it/s, loss=0.0008]
  Epoch 15/30:  69%|████████████████████████▏          | 40/58 [00:01<00:00, 34.84it/s, loss=0.0006]
  Epoch 15/30:  69%|████████████████████████▏          | 40/58 [00:01<00:00, 34.84it/s, loss=0.0005]
  Epoch 15/30:  76%|██████████████████████████▌        | 44/58 [00:01<00:00, 34.18it/s, loss=0.0005]
  Epoch 15/30:  76%|██████████████████████████▌        | 44/58 [00:01<00:00, 34.18it/s, loss=0.0004]
  Epoch 15/30:  76%|██████████████████████████▌        | 44/58 [00:01<00:00, 34.18it/s, loss=0.0008]
  Epoch 15/30:  76%|██████████████████████████▌        | 44/58 [00:01<00:00, 34.18it/s, loss=0.0010]
  Epoch 15/30:  76%|██████████████████████████▌        | 44/58 [00:01<00:00, 34.18it/s, loss=0.0003]
  Epoch 15/30:  83%|████████████████████████████▉      | 48/58 [00:01<00:00, 35.44it/s, loss=0.0003]
  Epoch 15/30:  83%|████████████████████████████▉      | 48/58 [00:01<00:00, 35.44it/s, loss=0.0005]
  Epoch 15/30:  83%|████████████████████████████▉      | 48/58 [00:01<00:00, 35.44it/s, loss=0.0010]
  Epoch 15/30:  83%|████████████████████████████▉      | 48/58 [00:01<00:00, 35.44it/s, loss=0.0006]
  Epoch 15/30:  83%|████████████████████████████▉      | 48/58 [00:01<00:00, 35.44it/s, loss=0.0019]
  Epoch 15/30:  90%|███████████████████████████████▍   | 52/58 [00:01<00:00, 34.98it/s, loss=0.0019]
  Epoch 15/30:  90%|███████████████████████████████▍   | 52/58 [00:01<00:00, 34.98it/s, loss=0.0005]
  Epoch 15/30:  90%|███████████████████████████████▍   | 52/58 [00:01<00:00, 34.98it/s, loss=0.0014]
  Epoch 15/30:  90%|███████████████████████████████▍   | 52/58 [00:01<00:00, 34.98it/s, loss=0.0010]
  Epoch 15/30:  90%|███████████████████████████████▍   | 52/58 [00:01<00:00, 34.98it/s, loss=0.0007]
  Epoch 15/30:  90%|███████████████████████████████▍   | 52/58 [00:01<00:00, 34.98it/s, loss=0.0007]
  Epoch 15/30:  98%|██████████████████████████████████▍| 57/58 [00:01<00:00, 36.95it/s, loss=0.0007]
  Epoch 15/30:  98%|██████████████████████████████████▍| 57/58 [00:01<00:00, 36.95it/s, loss=0.0008]
                                                                                                    
  Epoch 15/30 │ Loss: 0.0009 │ T+1: 0.8289 │ T+2: 0.6587 │ T+3: 0.3995 ★ NEW BEST

  Epoch 16/30:   0%|                                                         | 0/58 [00:00<?, ?it/s]
  Epoch 16/30:   0%|                                            | 0/58 [00:00<?, ?it/s, loss=0.0004]
  Epoch 16/30:   0%|                                            | 0/58 [00:00<?, ?it/s, loss=0.0026]
  Epoch 16/30:   0%|                                            | 0/58 [00:00<?, ?it/s, loss=0.0011]
  Epoch 16/30:   0%|                                            | 0/58 [00:00<?, ?it/s, loss=0.0021]
  Epoch 16/30:   7%|██▍                                 | 4/58 [00:00<00:01, 33.21it/s, loss=0.0021]
  Epoch 16/30:   7%|██▍                                 | 4/58 [00:00<00:01, 33.21it/s, loss=0.0009]
  Epoch 16/30:   7%|██▍                                 | 4/58 [00:00<00:01, 33.21it/s, loss=0.0006]
  Epoch 16/30:   7%|██▍                                 | 4/58 [00:00<00:01, 33.21it/s, loss=0.0011]
  Epoch 16/30:   7%|██▍                                 | 4/58 [00:00<00:01, 33.21it/s, loss=0.0008]
  Epoch 16/30:  14%|████▉                               | 8/58 [00:00<00:01, 34.46it/s, loss=0.0008]
  Epoch 16/30:  14%|████▉                               | 8/58 [00:00<00:01, 34.46it/s, loss=0.0003]
  Epoch 16/30:  14%|████▉                               | 8/58 [00:00<00:01, 34.46it/s, loss=0.0009]
  Epoch 16/30:  14%|████▉                               | 8/58 [00:00<00:01, 34.46it/s, loss=0.0006]
  Epoch 16/30:  14%|████▉                               | 8/58 [00:00<00:01, 34.46it/s, loss=0.0006]
  Epoch 16/30:  21%|███████▏                           | 12/58 [00:00<00:01, 34.54it/s, loss=0.0006]
  Epoch 16/30:  21%|███████▏                           | 12/58 [00:00<00:01, 34.54it/s, loss=0.0008]
  Epoch 16/30:  21%|███████▏                           | 12/58 [00:00<00:01, 34.54it/s, loss=0.0009]
  Epoch 16/30:  21%|███████▏                           | 12/58 [00:00<00:01, 34.54it/s, loss=0.0003]
  Epoch 16/30:  21%|███████▏                           | 12/58 [00:00<00:01, 34.54it/s, loss=0.0009]
  Epoch 16/30:  28%|█████████▋                         | 16/58 [00:00<00:01, 35.71it/s, loss=0.0009]
  Epoch 16/30:  28%|█████████▋                         | 16/58 [00:00<00:01, 35.71it/s, loss=0.0003]
  Epoch 16/30:  28%|█████████▋                         | 16/58 [00:00<00:01, 35.71it/s, loss=0.0010]
  Epoch 16/30:  28%|█████████▋                         | 16/58 [00:00<00:01, 35.71it/s, loss=0.0008]
  Epoch 16/30:  28%|█████████▋                         | 16/58 [00:00<00:01, 35.71it/s, loss=0.0013]
  Epoch 16/30:  34%|████████████                       | 20/58 [00:00<00:01, 35.51it/s, loss=0.0013]
  Epoch 16/30:  34%|████████████                       | 20/58 [00:00<00:01, 35.51it/s, loss=0.0013]
  Epoch 16/30:  34%|████████████                       | 20/58 [00:00<00:01, 35.51it/s, loss=0.0008]
  Epoch 16/30:  34%|████████████                       | 20/58 [00:00<00:01, 35.51it/s, loss=0.0018]
  Epoch 16/30:  34%|████████████                       | 20/58 [00:00<00:01, 35.51it/s, loss=0.0009]
  Epoch 16/30:  41%|██████████████▍                    | 24/58 [00:00<00:01, 34.00it/s, loss=0.0009]
  Epoch 16/30:  41%|██████████████▍                    | 24/58 [00:00<00:01, 34.00it/s, loss=0.0005]
  Epoch 16/30:  41%|██████████████▍                    | 24/58 [00:00<00:01, 34.00it/s, loss=0.0011]
  Epoch 16/30:  41%|██████████████▍                    | 24/58 [00:00<00:01, 34.00it/s, loss=0.0013]
  Epoch 16/30:  41%|██████████████▍                    | 24/58 [00:00<00:01, 34.00it/s, loss=0.0010]
  Epoch 16/30:  48%|████████████████▉                  | 28/58 [00:00<00:00, 34.22it/s, loss=0.0010]
  Epoch 16/30:  48%|████████████████▉                  | 28/58 [00:00<00:00, 34.22it/s, loss=0.0015]
  Epoch 16/30:  48%|████████████████▉                  | 28/58 [00:00<00:00, 34.22it/s, loss=0.0011]
  Epoch 16/30:  48%|████████████████▉                  | 28/58 [00:00<00:00, 34.22it/s, loss=0.0005]
  Epoch 16/30:  48%|████████████████▉                  | 28/58 [00:00<00:00, 34.22it/s, loss=0.0007]
  Epoch 16/30:  55%|███████████████████▎               | 32/58 [00:00<00:00, 33.80it/s, loss=0.0007]
  Epoch 16/30:  55%|███████████████████▎               | 32/58 [00:00<00:00, 33.80it/s, loss=0.0005]
  Epoch 16/30:  55%|███████████████████▎               | 32/58 [00:00<00:00, 33.80it/s, loss=0.0006]
  Epoch 16/30:  55%|███████████████████▎               | 32/58 [00:01<00:00, 33.80it/s, loss=0.0008]
  Epoch 16/30:  55%|███████████████████▎               | 32/58 [00:01<00:00, 33.80it/s, loss=0.0010]
  Epoch 16/30:  62%|█████████████████████▋             | 36/58 [00:01<00:00, 33.52it/s, loss=0.0010]
  Epoch 16/30:  62%|█████████████████████▋             | 36/58 [00:01<00:00, 33.52it/s, loss=0.0005]
  Epoch 16/30:  62%|█████████████████████▋             | 36/58 [00:01<00:00, 33.52it/s, loss=0.0020]
  Epoch 16/30:  62%|█████████████████████▋             | 36/58 [00:01<00:00, 33.52it/s, loss=0.0009]
  Epoch 16/30:  62%|█████████████████████▋             | 36/58 [00:01<00:00, 33.52it/s, loss=0.0005]
  Epoch 16/30:  69%|████████████████████████▏          | 40/58 [00:01<00:00, 34.38it/s, loss=0.0005]
  Epoch 16/30:  69%|████████████████████████▏          | 40/58 [00:01<00:00, 34.38it/s, loss=0.0009]
  Epoch 16/30:  69%|████████████████████████▏          | 40/58 [00:01<00:00, 34.38it/s, loss=0.0008]
  Epoch 16/30:  69%|████████████████████████▏          | 40/58 [00:01<00:00, 34.38it/s, loss=0.0015]
  Epoch 16/30:  69%|████████████████████████▏          | 40/58 [00:01<00:00, 34.38it/s, loss=0.0007]
  Epoch 16/30:  76%|██████████████████████████▌        | 44/58 [00:01<00:00, 34.77it/s, loss=0.0007]
  Epoch 16/30:  76%|██████████████████████████▌        | 44/58 [00:01<00:00, 34.77it/s, loss=0.0009]
  Epoch 16/30:  76%|██████████████████████████▌        | 44/58 [00:01<00:00, 34.77it/s, loss=0.0005]
  Epoch 16/30:  76%|██████████████████████████▌        | 44/58 [00:01<00:00, 34.77it/s, loss=0.0013]
  Epoch 16/30:  76%|██████████████████████████▌        | 44/58 [00:01<00:00, 34.77it/s, loss=0.0003]
  Epoch 16/30:  83%|████████████████████████████▉      | 48/58 [00:01<00:00, 35.76it/s, loss=0.0003]
  Epoch 16/30:  83%|████████████████████████████▉      | 48/58 [00:01<00:00, 35.76it/s, loss=0.0018]
  Epoch 16/30:  83%|████████████████████████████▉      | 48/58 [00:01<00:00, 35.76it/s, loss=0.0008]
  Epoch 16/30:  83%|████████████████████████████▉      | 48/58 [00:01<00:00, 35.76it/s, loss=0.0006]
  Epoch 16/30:  83%|████████████████████████████▉      | 48/58 [00:01<00:00, 35.76it/s, loss=0.0005]
  Epoch 16/30:  90%|███████████████████████████████▍   | 52/58 [00:01<00:00, 33.15it/s, loss=0.0005]
  Epoch 16/30:  90%|███████████████████████████████▍   | 52/58 [00:01<00:00, 33.15it/s, loss=0.0014]
  Epoch 16/30:  90%|███████████████████████████████▍   | 52/58 [00:01<00:00, 33.15it/s, loss=0.0015]
  Epoch 16/30:  90%|███████████████████████████████▍   | 52/58 [00:01<00:00, 33.15it/s, loss=0.0012]
  Epoch 16/30:  90%|███████████████████████████████▍   | 52/58 [00:01<00:00, 33.15it/s, loss=0.0017]
  Epoch 16/30:  97%|█████████████████████████████████▊ | 56/58 [00:01<00:00, 34.16it/s, loss=0.0017]
  Epoch 16/30:  97%|█████████████████████████████████▊ | 56/58 [00:01<00:00, 34.16it/s, loss=0.0009]
  Epoch 16/30:  97%|█████████████████████████████████▊ | 56/58 [00:01<00:00, 34.16it/s, loss=0.0005]
                                                                                                    

  Epoch 17/30:   0%|                                                         | 0/58 [00:00<?, ?it/s]
  Epoch 17/30:   0%|                                            | 0/58 [00:00<?, ?it/s, loss=0.0007]
  Epoch 17/30:   0%|                                            | 0/58 [00:00<?, ?it/s, loss=0.0007]
  Epoch 17/30:   0%|                                            | 0/58 [00:00<?, ?it/s, loss=0.0008]
  Epoch 17/30:   0%|                                            | 0/58 [00:00<?, ?it/s, loss=0.0012]
  Epoch 17/30:   7%|██▍                                 | 4/58 [00:00<00:01, 36.85it/s, loss=0.0012]
  Epoch 17/30:   7%|██▍                                 | 4/58 [00:00<00:01, 36.85it/s, loss=0.0004]
  Epoch 17/30:   7%|██▍                                 | 4/58 [00:00<00:01, 36.85it/s, loss=0.0020]
  Epoch 17/30:   7%|██▍                                 | 4/58 [00:00<00:01, 36.85it/s, loss=0.0015]
  Epoch 17/30:   7%|██▍                                 | 4/58 [00:00<00:01, 36.85it/s, loss=0.0011]
  Epoch 17/30:  14%|████▉                               | 8/58 [00:00<00:01, 33.76it/s, loss=0.0011]
  Epoch 17/30:  14%|████▉                               | 8/58 [00:00<00:01, 33.76it/s, loss=0.0004]
  Epoch 17/30:  14%|████▉                               | 8/58 [00:00<00:01, 33.76it/s, loss=0.0023]
  Epoch 17/30:  14%|████▉                               | 8/58 [00:00<00:01, 33.76it/s, loss=0.0010]
  Epoch 17/30:  14%|████▉                               | 8/58 [00:00<00:01, 33.76it/s, loss=0.0026]
  Epoch 17/30:  21%|███████▏                           | 12/58 [00:00<00:01, 35.14it/s, loss=0.0026]
  Epoch 17/30:  21%|███████▏                           | 12/58 [00:00<00:01, 35.14it/s, loss=0.0004]
  Epoch 17/30:  21%|███████▏                           | 12/58 [00:00<00:01, 35.14it/s, loss=0.0007]
  Epoch 17/30:  21%|███████▏                           | 12/58 [00:00<00:01, 35.14it/s, loss=0.0007]
  Epoch 17/30:  21%|███████▏                           | 12/58 [00:00<00:01, 35.14it/s, loss=0.0004]
  Epoch 17/30:  21%|███████▏                           | 12/58 [00:00<00:01, 35.14it/s, loss=0.0009]
  Epoch 17/30:  29%|██████████▎                        | 17/58 [00:00<00:01, 37.99it/s, loss=0.0009]
  Epoch 17/30:  29%|██████████▎                        | 17/58 [00:00<00:01, 37.99it/s, loss=0.0007]
  Epoch 17/30:  29%|██████████▎                        | 17/58 [00:00<00:01, 37.99it/s, loss=0.0006]
  Epoch 17/30:  29%|██████████▎                        | 17/58 [00:00<00:01, 37.99it/s, loss=0.0008]
  Epoch 17/30:  29%|██████████▎                        | 17/58 [00:00<00:01, 37.99it/s, loss=0.0005]
  Epoch 17/30:  36%|████████████▋                      | 21/58 [00:00<00:00, 37.64it/s, loss=0.0005]
  Epoch 17/30:  36%|████████████▋                      | 21/58 [00:00<00:00, 37.64it/s, loss=0.0007]
  Epoch 17/30:  36%|████████████▋                      | 21/58 [00:00<00:00, 37.64it/s, loss=0.0010]
  Epoch 17/30:  36%|████████████▋                      | 21/58 [00:00<00:00, 37.64it/s, loss=0.0009]
  Epoch 17/30:  36%|████████████▋                      | 21/58 [00:00<00:00, 37.64it/s, loss=0.0010]
  Epoch 17/30:  43%|███████████████                    | 25/58 [00:00<00:00, 37.48it/s, loss=0.0010]
  Epoch 17/30:  43%|███████████████                    | 25/58 [00:00<00:00, 37.48it/s, loss=0.0007]
  Epoch 17/30:  43%|███████████████                    | 25/58 [00:00<00:00, 37.48it/s, loss=0.0011]
  Epoch 17/30:  43%|███████████████                    | 25/58 [00:00<00:00, 37.48it/s, loss=0.0012]
  Epoch 17/30:  43%|███████████████                    | 25/58 [00:00<00:00, 37.48it/s, loss=0.0005]
  Epoch 17/30:  50%|█████████████████▌                 | 29/58 [00:00<00:00, 36.55it/s, loss=0.0005]
  Epoch 17/30:  50%|█████████████████▌                 | 29/58 [00:00<00:00, 36.55it/s, loss=0.0005]
  Epoch 17/30:  50%|█████████████████▌                 | 29/58 [00:00<00:00, 36.55it/s, loss=0.0007]
  Epoch 17/30:  50%|█████████████████▌                 | 29/58 [00:00<00:00, 36.55it/s, loss=0.0006]
  Epoch 17/30:  50%|█████████████████▌                 | 29/58 [00:00<00:00, 36.55it/s, loss=0.0006]
  Epoch 17/30:  57%|███████████████████▉               | 33/58 [00:00<00:00, 36.62it/s, loss=0.0006]
  Epoch 17/30:  57%|███████████████████▉               | 33/58 [00:00<00:00, 36.62it/s, loss=0.0008]
  Epoch 17/30:  57%|███████████████████▉               | 33/58 [00:00<00:00, 36.62it/s, loss=0.0022]
  Epoch 17/30:  57%|███████████████████▉               | 33/58 [00:00<00:00, 36.62it/s, loss=0.0005]
  Epoch 17/30:  57%|███████████████████▉               | 33/58 [00:01<00:00, 36.62it/s, loss=0.0009]
  Epoch 17/30:  64%|██████████████████████▎            | 37/58 [00:01<00:00, 34.68it/s, loss=0.0009]
  Epoch 17/30:  64%|██████████████████████▎            | 37/58 [00:01<00:00, 34.68it/s, loss=0.0004]
  Epoch 17/30:  64%|██████████████████████▎            | 37/58 [00:01<00:00, 34.68it/s, loss=0.0007]
  Epoch 17/30:  64%|██████████████████████▎            | 37/58 [00:01<00:00, 34.68it/s, loss=0.0003]
  Epoch 17/30:  64%|██████████████████████▎            | 37/58 [00:01<00:00, 34.68it/s, loss=0.0007]
  Epoch 17/30:  71%|████████████████████████▋          | 41/58 [00:01<00:00, 34.66it/s, loss=0.0007]
  Epoch 17/30:  71%|████████████████████████▋          | 41/58 [00:01<00:00, 34.66it/s, loss=0.0016]
  Epoch 17/30:  71%|████████████████████████▋          | 41/58 [00:01<00:00, 34.66it/s, loss=0.0002]
  Epoch 17/30:  71%|████████████████████████▋          | 41/58 [00:01<00:00, 34.66it/s, loss=0.0013]
  Epoch 17/30:  71%|████████████████████████▋          | 41/58 [00:01<00:00, 34.66it/s, loss=0.0010]
  Epoch 17/30:  78%|███████████████████████████▏       | 45/58 [00:01<00:00, 35.80it/s, loss=0.0010]
  Epoch 17/30:  78%|███████████████████████████▏       | 45/58 [00:01<00:00, 35.80it/s, loss=0.0005]
  Epoch 17/30:  78%|███████████████████████████▏       | 45/58 [00:01<00:00, 35.80it/s, loss=0.0004]
  Epoch 17/30:  78%|███████████████████████████▏       | 45/58 [00:01<00:00, 35.80it/s, loss=0.0007]
  Epoch 17/30:  78%|███████████████████████████▏       | 45/58 [00:01<00:00, 35.80it/s, loss=0.0009]
  Epoch 17/30:  84%|█████████████████████████████▌     | 49/58 [00:01<00:00, 36.50it/s, loss=0.0009]
  Epoch 17/30:  84%|█████████████████████████████▌     | 49/58 [00:01<00:00, 36.50it/s, loss=0.0011]
  Epoch 17/30:  84%|█████████████████████████████▌     | 49/58 [00:01<00:00, 36.50it/s, loss=0.0015]
  Epoch 17/30:  84%|█████████████████████████████▌     | 49/58 [00:01<00:00, 36.50it/s, loss=0.0012]
  Epoch 17/30:  84%|█████████████████████████████▌     | 49/58 [00:01<00:00, 36.50it/s, loss=0.0009]
  Epoch 17/30:  84%|█████████████████████████████▌     | 49/58 [00:01<00:00, 36.50it/s, loss=0.0009]
  Epoch 17/30:  93%|████████████████████████████████▌  | 54/58 [00:01<00:00, 37.61it/s, loss=0.0009]
  Epoch 17/30:  93%|████████████████████████████████▌  | 54/58 [00:01<00:00, 37.61it/s, loss=0.0004]
  Epoch 17/30:  93%|████████████████████████████████▌  | 54/58 [00:01<00:00, 37.61it/s, loss=0.0006]
  Epoch 17/30:  93%|████████████████████████████████▌  | 54/58 [00:01<00:00, 37.61it/s, loss=0.0017]
  Epoch 17/30:  93%|████████████████████████████████▌  | 54/58 [00:01<00:00, 37.61it/s, loss=0.0001]
                                                                                                    

  Epoch 18/30:   0%|                                                         | 0/58 [00:00<?, ?it/s]
  Epoch 18/30:   0%|                                            | 0/58 [00:00<?, ?it/s, loss=0.0005]
  Epoch 18/30:   0%|                                            | 0/58 [00:00<?, ?it/s, loss=0.0010]
  Epoch 18/30:   0%|                                            | 0/58 [00:00<?, ?it/s, loss=0.0005]
  Epoch 18/30:   5%|█▊                                  | 3/58 [00:00<00:01, 28.88it/s, loss=0.0005]
  Epoch 18/30:   5%|█▊                                  | 3/58 [00:00<00:01, 28.88it/s, loss=0.0009]
  Epoch 18/30:   5%|█▊                                  | 3/58 [00:00<00:01, 28.88it/s, loss=0.0004]
  Epoch 18/30:   5%|█▊                                  | 3/58 [00:00<00:01, 28.88it/s, loss=0.0005]
  Epoch 18/30:   5%|█▊                                  | 3/58 [00:00<00:01, 28.88it/s, loss=0.0004]
  Epoch 18/30:   5%|█▊                                  | 3/58 [00:00<00:01, 28.88it/s, loss=0.0017]
  Epoch 18/30:  14%|████▉                               | 8/58 [00:00<00:01, 35.24it/s, loss=0.0017]
  Epoch 18/30:  14%|████▉                               | 8/58 [00:00<00:01, 35.24it/s, loss=0.0008]
  Epoch 18/30:  14%|████▉                               | 8/58 [00:00<00:01, 35.24it/s, loss=0.0009]
  Epoch 18/30:  14%|████▉                               | 8/58 [00:00<00:01, 35.24it/s, loss=0.0005]
  Epoch 18/30:  14%|████▉                               | 8/58 [00:00<00:01, 35.24it/s, loss=0.0006]
  Epoch 18/30:  21%|███████▏                           | 12/58 [00:00<00:01, 34.94it/s, loss=0.0006]
  Epoch 18/30:  21%|███████▏                           | 12/58 [00:00<00:01, 34.94it/s, loss=0.0006]
  Epoch 18/30:  21%|███████▏                           | 12/58 [00:00<00:01, 34.94it/s, loss=0.0004]
  Epoch 18/30:  21%|███████▏                           | 12/58 [00:00<00:01, 34.94it/s, loss=0.0007]
  Epoch 18/30:  21%|███████▏                           | 12/58 [00:00<00:01, 34.94it/s, loss=0.0008]
  Epoch 18/30:  28%|█████████▋                         | 16/58 [00:00<00:01, 36.38it/s, loss=0.0008]
  Epoch 18/30:  28%|█████████▋                         | 16/58 [00:00<00:01, 36.38it/s, loss=0.0014]
  Epoch 18/30:  28%|█████████▋                         | 16/58 [00:00<00:01, 36.38it/s, loss=0.0011]
  Epoch 18/30:  28%|█████████▋                         | 16/58 [00:00<00:01, 36.38it/s, loss=0.0006]
  Epoch 18/30:  28%|█████████▋                         | 16/58 [00:00<00:01, 36.38it/s, loss=0.0012]
  Epoch 18/30:  34%|████████████                       | 20/58 [00:00<00:01, 37.00it/s, loss=0.0012]
  Epoch 18/30:  34%|████████████                       | 20/58 [00:00<00:01, 37.00it/s, loss=0.0023]
  Epoch 18/30:  34%|████████████                       | 20/58 [00:00<00:01, 37.00it/s, loss=0.0020]
  Epoch 18/30:  34%|████████████                       | 20/58 [00:00<00:01, 37.00it/s, loss=0.0008]
  Epoch 18/30:  34%|████████████                       | 20/58 [00:00<00:01, 37.00it/s, loss=0.0005]
  Epoch 18/30:  41%|██████████████▍                    | 24/58 [00:00<00:01, 33.57it/s, loss=0.0005]
  Epoch 18/30:  41%|██████████████▍                    | 24/58 [00:00<00:01, 33.57it/s, loss=0.0007]
  Epoch 18/30:  41%|██████████████▍                    | 24/58 [00:00<00:01, 33.57it/s, loss=0.0010]
  Epoch 18/30:  41%|██████████████▍                    | 24/58 [00:00<00:01, 33.57it/s, loss=0.0010]
  Epoch 18/30:  41%|██████████████▍                    | 24/58 [00:00<00:01, 33.57it/s, loss=0.0014]
  Epoch 18/30:  48%|████████████████▉                  | 28/58 [00:00<00:01, 29.55it/s, loss=0.0014]
  Epoch 18/30:  48%|████████████████▉                  | 28/58 [00:00<00:01, 29.55it/s, loss=0.0012]
  Epoch 18/30:  48%|████████████████▉                  | 28/58 [00:00<00:01, 29.55it/s, loss=0.0009]
  Epoch 18/30:  48%|████████████████▉                  | 28/58 [00:00<00:01, 29.55it/s, loss=0.0019]
  Epoch 18/30:  48%|████████████████▉                  | 28/58 [00:01<00:01, 29.55it/s, loss=0.0011]
  Epoch 18/30:  55%|███████████████████▎               | 32/58 [00:01<00:00, 28.85it/s, loss=0.0011]
  Epoch 18/30:  55%|███████████████████▎               | 32/58 [00:01<00:00, 28.85it/s, loss=0.0010]
  Epoch 18/30:  55%|███████████████████▎               | 32/58 [00:01<00:00, 28.85it/s, loss=0.0007]
  Epoch 18/30:  55%|███████████████████▎               | 32/58 [00:01<00:00, 28.85it/s, loss=0.0002]
  Epoch 18/30:  55%|███████████████████▎               | 32/58 [00:01<00:00, 28.85it/s, loss=0.0008]
  Epoch 18/30:  62%|█████████████████████▋             | 36/58 [00:01<00:00, 29.79it/s, loss=0.0008]
  Epoch 18/30:  62%|█████████████████████▋             | 36/58 [00:01<00:00, 29.79it/s, loss=0.0007]
  Epoch 18/30:  62%|█████████████████████▋             | 36/58 [00:01<00:00, 29.79it/s, loss=0.0007]
  Epoch 18/30:  62%|█████████████████████▋             | 36/58 [00:01<00:00, 29.79it/s, loss=0.0010]
  Epoch 18/30:  62%|█████████████████████▋             | 36/58 [00:01<00:00, 29.79it/s, loss=0.0003]
  Epoch 18/30:  69%|████████████████████████▏          | 40/58 [00:01<00:00, 31.71it/s, loss=0.0003]
  Epoch 18/30:  69%|████████████████████████▏          | 40/58 [00:01<00:00, 31.71it/s, loss=0.0005]
  Epoch 18/30:  69%|████████████████████████▏          | 40/58 [00:01<00:00, 31.71it/s, loss=0.0005]
  Epoch 18/30:  69%|████████████████████████▏          | 40/58 [00:01<00:00, 31.71it/s, loss=0.0013]
  Epoch 18/30:  69%|████████████████████████▏          | 40/58 [00:01<00:00, 31.71it/s, loss=0.0004]
  Epoch 18/30:  76%|██████████████████████████▌        | 44/58 [00:01<00:00, 33.51it/s, loss=0.0004]
  Epoch 18/30:  76%|██████████████████████████▌        | 44/58 [00:01<00:00, 33.51it/s, loss=0.0013]
  Epoch 18/30:  76%|██████████████████████████▌        | 44/58 [00:01<00:00, 33.51it/s, loss=0.0010]
  Epoch 18/30:  76%|██████████████████████████▌        | 44/58 [00:01<00:00, 33.51it/s, loss=0.0013]
  Epoch 18/30:  76%|██████████████████████████▌        | 44/58 [00:01<00:00, 33.51it/s, loss=0.0004]
  Epoch 18/30:  83%|████████████████████████████▉      | 48/58 [00:01<00:00, 30.62it/s, loss=0.0004]
  Epoch 18/30:  83%|████████████████████████████▉      | 48/58 [00:01<00:00, 30.62it/s, loss=0.0011]
  Epoch 18/30:  83%|████████████████████████████▉      | 48/58 [00:01<00:00, 30.62it/s, loss=0.0019]
  Epoch 18/30:  83%|████████████████████████████▉      | 48/58 [00:01<00:00, 30.62it/s, loss=0.0008]
  Epoch 18/30:  83%|████████████████████████████▉      | 48/58 [00:01<00:00, 30.62it/s, loss=0.0011]
  Epoch 18/30:  90%|███████████████████████████████▍   | 52/58 [00:01<00:00, 30.33it/s, loss=0.0011]
  Epoch 18/30:  90%|███████████████████████████████▍   | 52/58 [00:01<00:00, 30.33it/s, loss=0.0010]
  Epoch 18/30:  90%|███████████████████████████████▍   | 52/58 [00:01<00:00, 30.33it/s, loss=0.0004]
  Epoch 18/30:  90%|███████████████████████████████▍   | 52/58 [00:01<00:00, 30.33it/s, loss=0.0011]
  Epoch 18/30:  90%|███████████████████████████████▍   | 52/58 [00:01<00:00, 30.33it/s, loss=0.0003]
  Epoch 18/30:  97%|█████████████████████████████████▊ | 56/58 [00:01<00:00, 29.45it/s, loss=0.0003]
  Epoch 18/30:  97%|█████████████████████████████████▊ | 56/58 [00:01<00:00, 29.45it/s, loss=0.0008]
  Epoch 18/30:  97%|█████████████████████████████████▊ | 56/58 [00:01<00:00, 29.45it/s, loss=0.0001]
                                                                                                    

  Epoch 19/30:   0%|                                                         | 0/58 [00:00<?, ?it/s]
  Epoch 19/30:   0%|                                            | 0/58 [00:00<?, ?it/s, loss=0.0002]
  Epoch 19/30:   0%|                                            | 0/58 [00:00<?, ?it/s, loss=0.0005]
  Epoch 19/30:   0%|                                            | 0/58 [00:00<?, ?it/s, loss=0.0008]
  Epoch 19/30:   5%|█▊                                  | 3/58 [00:00<00:01, 29.62it/s, loss=0.0008]
  Epoch 19/30:   5%|█▊                                  | 3/58 [00:00<00:01, 29.62it/s, loss=0.0009]
  Epoch 19/30:   5%|█▊                                  | 3/58 [00:00<00:01, 29.62it/s, loss=0.0015]
  Epoch 19/30:   5%|█▊                                  | 3/58 [00:00<00:01, 29.62it/s, loss=0.0005]
  Epoch 19/30:  10%|███▋                                | 6/58 [00:00<00:01, 28.78it/s, loss=0.0005]
  Epoch 19/30:  10%|███▋                                | 6/58 [00:00<00:01, 28.78it/s, loss=0.0003]
  Epoch 19/30:  10%|███▋                                | 6/58 [00:00<00:01, 28.78it/s, loss=0.0004]
  Epoch 19/30:  10%|███▋                                | 6/58 [00:00<00:01, 28.78it/s, loss=0.0008]
  Epoch 19/30:  16%|█████▌                              | 9/58 [00:00<00:01, 29.24it/s, loss=0.0008]
  Epoch 19/30:  16%|█████▌                              | 9/58 [00:00<00:01, 29.24it/s, loss=0.0013]
  Epoch 19/30:  16%|█████▌                              | 9/58 [00:00<00:01, 29.24it/s, loss=0.0008]
  Epoch 19/30:  16%|█████▌                              | 9/58 [00:00<00:01, 29.24it/s, loss=0.0003]
  Epoch 19/30:  21%|███████▏                           | 12/58 [00:00<00:01, 28.90it/s, loss=0.0003]
  Epoch 19/30:  21%|███████▏                           | 12/58 [00:00<00:01, 28.90it/s, loss=0.0010]
  Epoch 19/30:  21%|███████▏                           | 12/58 [00:00<00:01, 28.90it/s, loss=0.0011]
  Epoch 19/30:  21%|███████▏                           | 12/58 [00:00<00:01, 28.90it/s, loss=0.0005]
  Epoch 19/30:  21%|███████▏                           | 12/58 [00:00<00:01, 28.90it/s, loss=0.0002]
  Epoch 19/30:  28%|█████████▋                         | 16/58 [00:00<00:01, 29.24it/s, loss=0.0002]
  Epoch 19/30:  28%|█████████▋                         | 16/58 [00:00<00:01, 29.24it/s, loss=0.0004]
  Epoch 19/30:  28%|█████████▋                         | 16/58 [00:00<00:01, 29.24it/s, loss=0.0020]
  Epoch 19/30:  28%|█████████▋                         | 16/58 [00:00<00:01, 29.24it/s, loss=0.0003]
  Epoch 19/30:  33%|███████████▍                       | 19/58 [00:00<00:01, 28.46it/s, loss=0.0003]
  Epoch 19/30:  33%|███████████▍                       | 19/58 [00:00<00:01, 28.46it/s, loss=0.0003]
  Epoch 19/30:  33%|███████████▍                       | 19/58 [00:00<00:01, 28.46it/s, loss=0.0004]
  Epoch 19/30:  33%|███████████▍                       | 19/58 [00:00<00:01, 28.46it/s, loss=0.0013]
  Epoch 19/30:  38%|█████████████▎                     | 22/58 [00:00<00:01, 28.52it/s, loss=0.0013]
  Epoch 19/30:  38%|█████████████▎                     | 22/58 [00:00<00:01, 28.52it/s, loss=0.0010]
  Epoch 19/30:  38%|█████████████▎                     | 22/58 [00:00<00:01, 28.52it/s, loss=0.0007]
  Epoch 19/30:  38%|█████████████▎                     | 22/58 [00:00<00:01, 28.52it/s, loss=0.0006]
  Epoch 19/30:  43%|███████████████                    | 25/58 [00:00<00:01, 28.85it/s, loss=0.0006]
  Epoch 19/30:  43%|███████████████                    | 25/58 [00:00<00:01, 28.85it/s, loss=0.0009]
  Epoch 19/30:  43%|███████████████                    | 25/58 [00:00<00:01, 28.85it/s, loss=0.0008]
  Epoch 19/30:  43%|███████████████                    | 25/58 [00:00<00:01, 28.85it/s, loss=0.0003]
  Epoch 19/30:  43%|███████████████                    | 25/58 [00:01<00:01, 28.85it/s, loss=0.0007]
  Epoch 19/30:  50%|█████████████████▌                 | 29/58 [00:01<00:00, 29.14it/s, loss=0.0007]
  Epoch 19/30:  50%|█████████████████▌                 | 29/58 [00:01<00:00, 29.14it/s, loss=0.0007]
  Epoch 19/30:  50%|█████████████████▌                 | 29/58 [00:01<00:00, 29.14it/s, loss=0.0014]
  Epoch 19/30:  50%|█████████████████▌                 | 29/58 [00:01<00:00, 29.14it/s, loss=0.0007]
  Epoch 19/30:  50%|█████████████████▌                 | 29/58 [00:01<00:00, 29.14it/s, loss=0.0006]
  Epoch 19/30:  57%|███████████████████▉               | 33/58 [00:01<00:00, 30.49it/s, loss=0.0006]
  Epoch 19/30:  57%|███████████████████▉               | 33/58 [00:01<00:00, 30.49it/s, loss=0.0010]
  Epoch 19/30:  57%|███████████████████▉               | 33/58 [00:01<00:00, 30.49it/s, loss=0.0014]
  Epoch 19/30:  57%|███████████████████▉               | 33/58 [00:01<00:00, 30.49it/s, loss=0.0010]
  Epoch 19/30:  57%|███████████████████▉               | 33/58 [00:01<00:00, 30.49it/s, loss=0.0012]
  Epoch 19/30:  64%|██████████████████████▎            | 37/58 [00:01<00:00, 32.19it/s, loss=0.0012]
  Epoch 19/30:  64%|██████████████████████▎            | 37/58 [00:01<00:00, 32.19it/s, loss=0.0011]
  Epoch 19/30:  64%|██████████████████████▎            | 37/58 [00:01<00:00, 32.19it/s, loss=0.0005]
  Epoch 19/30:  64%|██████████████████████▎            | 37/58 [00:01<00:00, 32.19it/s, loss=0.0012]
  Epoch 19/30:  64%|██████████████████████▎            | 37/58 [00:01<00:00, 32.19it/s, loss=0.0008]
  Epoch 19/30:  71%|████████████████████████▋          | 41/58 [00:01<00:00, 33.94it/s, loss=0.0008]
  Epoch 19/30:  71%|████████████████████████▋          | 41/58 [00:01<00:00, 33.94it/s, loss=0.0007]
  Epoch 19/30:  71%|████████████████████████▋          | 41/58 [00:01<00:00, 33.94it/s, loss=0.0005]
  Epoch 19/30:  71%|████████████████████████▋          | 41/58 [00:01<00:00, 33.94it/s, loss=0.0034]
  Epoch 19/30:  71%|████████████████████████▋          | 41/58 [00:01<00:00, 33.94it/s, loss=0.0008]
  Epoch 19/30:  78%|███████████████████████████▏       | 45/58 [00:01<00:00, 32.67it/s, loss=0.0008]
  Epoch 19/30:  78%|███████████████████████████▏       | 45/58 [00:01<00:00, 32.67it/s, loss=0.0005]
  Epoch 19/30:  78%|███████████████████████████▏       | 45/58 [00:01<00:00, 32.67it/s, loss=0.0010]
  Epoch 19/30:  78%|███████████████████████████▏       | 45/58 [00:01<00:00, 32.67it/s, loss=0.0007]
  Epoch 19/30:  78%|███████████████████████████▏       | 45/58 [00:01<00:00, 32.67it/s, loss=0.0010]
  Epoch 19/30:  84%|█████████████████████████████▌     | 49/58 [00:01<00:00, 32.30it/s, loss=0.0010]
  Epoch 19/30:  84%|█████████████████████████████▌     | 49/58 [00:01<00:00, 32.30it/s, loss=0.0025]
  Epoch 19/30:  84%|█████████████████████████████▌     | 49/58 [00:01<00:00, 32.30it/s, loss=0.0016]
  Epoch 19/30:  84%|█████████████████████████████▌     | 49/58 [00:01<00:00, 32.30it/s, loss=0.0017]
  Epoch 19/30:  84%|█████████████████████████████▌     | 49/58 [00:01<00:00, 32.30it/s, loss=0.0009]
  Epoch 19/30:  91%|███████████████████████████████▉   | 53/58 [00:01<00:00, 31.12it/s, loss=0.0009]
  Epoch 19/30:  91%|███████████████████████████████▉   | 53/58 [00:01<00:00, 31.12it/s, loss=0.0006]
  Epoch 19/30:  91%|███████████████████████████████▉   | 53/58 [00:01<00:00, 31.12it/s, loss=0.0006]
  Epoch 19/30:  91%|███████████████████████████████▉   | 53/58 [00:01<00:00, 31.12it/s, loss=0.0009]
  Epoch 19/30:  91%|███████████████████████████████▉   | 53/58 [00:01<00:00, 31.12it/s, loss=0.0005]
  Epoch 19/30:  98%|██████████████████████████████████▍| 57/58 [00:01<00:00, 31.21it/s, loss=0.0005]
  Epoch 19/30:  98%|██████████████████████████████████▍| 57/58 [00:01<00:00, 31.21it/s, loss=0.0001]
                                                                                                    

  Epoch 20/30:   0%|                                                         | 0/58 [00:00<?, ?it/s]
  Epoch 20/30:   0%|                                            | 0/58 [00:00<?, ?it/s, loss=0.0004]
  Epoch 20/30:   0%|                                            | 0/58 [00:00<?, ?it/s, loss=0.0016]
  Epoch 20/30:   0%|                                            | 0/58 [00:00<?, ?it/s, loss=0.0007]
  Epoch 20/30:   0%|                                            | 0/58 [00:00<?, ?it/s, loss=0.0012]
  Epoch 20/30:   7%|██▍                                 | 4/58 [00:00<00:01, 30.77it/s, loss=0.0012]
  Epoch 20/30:   7%|██▍                                 | 4/58 [00:00<00:01, 30.77it/s, loss=0.0004]
  Epoch 20/30:   7%|██▍                                 | 4/58 [00:00<00:01, 30.77it/s, loss=0.0005]
  Epoch 20/30:   7%|██▍                                 | 4/58 [00:00<00:01, 30.77it/s, loss=0.0008]
  Epoch 20/30:   7%|██▍                                 | 4/58 [00:00<00:01, 30.77it/s, loss=0.0008]
  Epoch 20/30:  14%|████▉                               | 8/58 [00:00<00:01, 32.38it/s, loss=0.0008]
  Epoch 20/30:  14%|████▉                               | 8/58 [00:00<00:01, 32.38it/s, loss=0.0008]
  Epoch 20/30:  14%|████▉                               | 8/58 [00:00<00:01, 32.38it/s, loss=0.0008]
  Epoch 20/30:  14%|████▉                               | 8/58 [00:00<00:01, 32.38it/s, loss=0.0009]
  Epoch 20/30:  14%|████▉                               | 8/58 [00:00<00:01, 32.38it/s, loss=0.0003]
  Epoch 20/30:  21%|███████▏                           | 12/58 [00:00<00:01, 33.72it/s, loss=0.0003]
  Epoch 20/30:  21%|███████▏                           | 12/58 [00:00<00:01, 33.72it/s, loss=0.0020]
  Epoch 20/30:  21%|███████▏                           | 12/58 [00:00<00:01, 33.72it/s, loss=0.0031]
  Epoch 20/30:  21%|███████▏                           | 12/58 [00:00<00:01, 33.72it/s, loss=0.0003]
  Epoch 20/30:  21%|███████▏                           | 12/58 [00:00<00:01, 33.72it/s, loss=0.0009]
  Epoch 20/30:  28%|█████████▋                         | 16/58 [00:00<00:01, 33.31it/s, loss=0.0009]
  Epoch 20/30:  28%|█████████▋                         | 16/58 [00:00<00:01, 33.31it/s, loss=0.0009]
  Epoch 20/30:  28%|█████████▋                         | 16/58 [00:00<00:01, 33.31it/s, loss=0.0008]
  Epoch 20/30:  28%|█████████▋                         | 16/58 [00:00<00:01, 33.31it/s, loss=0.0032]
  Epoch 20/30:  28%|█████████▋                         | 16/58 [00:00<00:01, 33.31it/s, loss=0.0003]
  Epoch 20/30:  34%|████████████                       | 20/58 [00:00<00:01, 32.60it/s, loss=0.0003]
  Epoch 20/30:  34%|████████████                       | 20/58 [00:00<00:01, 32.60it/s, loss=0.0008]
  Epoch 20/30:  34%|████████████                       | 20/58 [00:00<00:01, 32.60it/s, loss=0.0007]
  Epoch 20/30:  34%|████████████                       | 20/58 [00:00<00:01, 32.60it/s, loss=0.0011]
  Epoch 20/30:  34%|████████████                       | 20/58 [00:00<00:01, 32.60it/s, loss=0.0006]
  Epoch 20/30:  41%|██████████████▍                    | 24/58 [00:00<00:00, 34.42it/s, loss=0.0006]
  Epoch 20/30:  41%|██████████████▍                    | 24/58 [00:00<00:00, 34.42it/s, loss=0.0020]
  Epoch 20/30:  41%|██████████████▍                    | 24/58 [00:00<00:00, 34.42it/s, loss=0.0004]
  Epoch 20/30:  41%|██████████████▍                    | 24/58 [00:00<00:00, 34.42it/s, loss=0.0007]
  Epoch 20/30:  41%|██████████████▍                    | 24/58 [00:00<00:00, 34.42it/s, loss=0.0010]
  Epoch 20/30:  48%|████████████████▉                  | 28/58 [00:00<00:00, 33.18it/s, loss=0.0010]
  Epoch 20/30:  48%|████████████████▉                  | 28/58 [00:00<00:00, 33.18it/s, loss=0.0007]
  Epoch 20/30:  48%|████████████████▉                  | 28/58 [00:01<00:00, 33.18it/s, loss=0.0007]
  Epoch 20/30:  48%|████████████████▉                  | 28/58 [00:01<00:00, 33.18it/s, loss=0.0004]
  Epoch 20/30:  48%|████████████████▉                  | 28/58 [00:01<00:00, 33.18it/s, loss=0.0007]
  Epoch 20/30:  55%|███████████████████▎               | 32/58 [00:01<00:01, 25.83it/s, loss=0.0007]
  Epoch 20/30:  55%|███████████████████▎               | 32/58 [00:01<00:01, 25.83it/s, loss=0.0010]
  Epoch 20/30:  55%|███████████████████▎               | 32/58 [00:01<00:01, 25.83it/s, loss=0.0011]
  Epoch 20/30:  55%|███████████████████▎               | 32/58 [00:01<00:01, 25.83it/s, loss=0.0006]
  Epoch 20/30:  55%|███████████████████▎               | 32/58 [00:01<00:01, 25.83it/s, loss=0.0004]
  Epoch 20/30:  62%|█████████████████████▋             | 36/58 [00:01<00:00, 27.70it/s, loss=0.0004]
  Epoch 20/30:  62%|█████████████████████▋             | 36/58 [00:01<00:00, 27.70it/s, loss=0.0005]
  Epoch 20/30:  62%|█████████████████████▋             | 36/58 [00:01<00:00, 27.70it/s, loss=0.0004]
  Epoch 20/30:  62%|█████████████████████▋             | 36/58 [00:01<00:00, 27.70it/s, loss=0.0007]
  Epoch 20/30:  62%|█████████████████████▋             | 36/58 [00:01<00:00, 27.70it/s, loss=0.0017]
  Epoch 20/30:  69%|████████████████████████▏          | 40/58 [00:01<00:00, 28.59it/s, loss=0.0017]
  Epoch 20/30:  69%|████████████████████████▏          | 40/58 [00:01<00:00, 28.59it/s, loss=0.0002]
  Epoch 20/30:  69%|████████████████████████▏          | 40/58 [00:01<00:00, 28.59it/s, loss=0.0009]
  Epoch 20/30:  69%|████████████████████████▏          | 40/58 [00:01<00:00, 28.59it/s, loss=0.0004]
  Epoch 20/30:  69%|████████████████████████▏          | 40/58 [00:01<00:00, 28.59it/s, loss=0.0003]
  Epoch 20/30:  69%|████████████████████████▏          | 40/58 [00:01<00:00, 28.59it/s, loss=0.0004]
  Epoch 20/30:  78%|███████████████████████████▏       | 45/58 [00:01<00:00, 32.36it/s, loss=0.0004]
  Epoch 20/30:  78%|███████████████████████████▏       | 45/58 [00:01<00:00, 32.36it/s, loss=0.0009]
  Epoch 20/30:  78%|███████████████████████████▏       | 45/58 [00:01<00:00, 32.36it/s, loss=0.0005]
  Epoch 20/30:  78%|███████████████████████████▏       | 45/58 [00:01<00:00, 32.36it/s, loss=0.0007]
  Epoch 20/30:  78%|███████████████████████████▏       | 45/58 [00:01<00:00, 32.36it/s, loss=0.0007]
  Epoch 20/30:  84%|█████████████████████████████▌     | 49/58 [00:01<00:00, 32.08it/s, loss=0.0007]
  Epoch 20/30:  84%|█████████████████████████████▌     | 49/58 [00:01<00:00, 32.08it/s, loss=0.0007]
  Epoch 20/30:  84%|█████████████████████████████▌     | 49/58 [00:01<00:00, 32.08it/s, loss=0.0005]
  Epoch 20/30:  84%|█████████████████████████████▌     | 49/58 [00:01<00:00, 32.08it/s, loss=0.0008]
  Epoch 20/30:  84%|█████████████████████████████▌     | 49/58 [00:01<00:00, 32.08it/s, loss=0.0007]
  Epoch 20/30:  91%|███████████████████████████████▉   | 53/58 [00:01<00:00, 33.66it/s, loss=0.0007]
  Epoch 20/30:  91%|███████████████████████████████▉   | 53/58 [00:01<00:00, 33.66it/s, loss=0.0008]
  Epoch 20/30:  91%|███████████████████████████████▉   | 53/58 [00:01<00:00, 33.66it/s, loss=0.0007]
  Epoch 20/30:  91%|███████████████████████████████▉   | 53/58 [00:01<00:00, 33.66it/s, loss=0.0024]
  Epoch 20/30:  91%|███████████████████████████████▉   | 53/58 [00:01<00:00, 33.66it/s, loss=0.0014]
  Epoch 20/30:  98%|██████████████████████████████████▍| 57/58 [00:01<00:00, 34.03it/s, loss=0.0014]
  Epoch 20/30:  98%|██████████████████████████████████▍| 57/58 [00:01<00:00, 34.03it/s, loss=0.0001]
                                                                                                    
  Epoch 20/30 │ Loss: 0.0009 │ T+1: 0.8398 │ T+2: 0.6741 │ T+3: 0.4295

  Epoch 21/30:   0%|                                                         | 0/58 [00:00<?, ?it/s]
  Epoch 21/30:   0%|                                            | 0/58 [00:00<?, ?it/s, loss=0.0005]
  Epoch 21/30:   0%|                                            | 0/58 [00:00<?, ?it/s, loss=0.0011]
  Epoch 21/30:   0%|                                            | 0/58 [00:00<?, ?it/s, loss=0.0004]
  Epoch 21/30:   5%|█▊                                  | 3/58 [00:00<00:02, 25.17it/s, loss=0.0004]
  Epoch 21/30:   5%|█▊                                  | 3/58 [00:00<00:02, 25.17it/s, loss=0.0006]
  Epoch 21/30:   5%|█▊                                  | 3/58 [00:00<00:02, 25.17it/s, loss=0.0009]
  Epoch 21/30:   5%|█▊                                  | 3/58 [00:00<00:02, 25.17it/s, loss=0.0039]
  Epoch 21/30:   5%|█▊                                  | 3/58 [00:00<00:02, 25.17it/s, loss=0.0012]
  Epoch 21/30:  12%|████▎                               | 7/58 [00:00<00:01, 32.50it/s, loss=0.0012]
  Epoch 21/30:  12%|████▎                               | 7/58 [00:00<00:01, 32.50it/s, loss=0.0010]
  Epoch 21/30:  12%|████▎                               | 7/58 [00:00<00:01, 32.50it/s, loss=0.0006]
  Epoch 21/30:  12%|████▎                               | 7/58 [00:00<00:01, 32.50it/s, loss=0.0010]
  Epoch 21/30:  12%|████▎                               | 7/58 [00:00<00:01, 32.50it/s, loss=0.0007]
  Epoch 21/30:  19%|██████▋                            | 11/58 [00:00<00:01, 33.81it/s, loss=0.0007]
  Epoch 21/30:  19%|██████▋                            | 11/58 [00:00<00:01, 33.81it/s, loss=0.0016]
  Epoch 21/30:  19%|██████▋                            | 11/58 [00:00<00:01, 33.81it/s, loss=0.0008]
  Epoch 21/30:  19%|██████▋                            | 11/58 [00:00<00:01, 33.81it/s, loss=0.0012]
  Epoch 21/30:  19%|██████▋                            | 11/58 [00:00<00:01, 33.81it/s, loss=0.0007]
  Epoch 21/30:  26%|█████████                          | 15/58 [00:00<00:01, 34.50it/s, loss=0.0007]
  Epoch 21/30:  26%|█████████                          | 15/58 [00:00<00:01, 34.50it/s, loss=0.0011]
  Epoch 21/30:  26%|█████████                          | 15/58 [00:00<00:01, 34.50it/s, loss=0.0013]
  Epoch 21/30:  26%|█████████                          | 15/58 [00:00<00:01, 34.50it/s, loss=0.0006]
  Epoch 21/30:  26%|█████████                          | 15/58 [00:00<00:01, 34.50it/s, loss=0.0004]
  Epoch 21/30:  33%|███████████▍                       | 19/58 [00:00<00:01, 34.37it/s, loss=0.0004]
  Epoch 21/30:  33%|███████████▍                       | 19/58 [00:00<00:01, 34.37it/s, loss=0.0004]
  Epoch 21/30:  33%|███████████▍                       | 19/58 [00:00<00:01, 34.37it/s, loss=0.0009]
  Epoch 21/30:  33%|███████████▍                       | 19/58 [00:00<00:01, 34.37it/s, loss=0.0004]
  Epoch 21/30:  33%|███████████▍                       | 19/58 [00:00<00:01, 34.37it/s, loss=0.0004]
  Epoch 21/30:  40%|█████████████▉                     | 23/58 [00:00<00:00, 35.13it/s, loss=0.0004]
  Epoch 21/30:  40%|█████████████▉                     | 23/58 [00:00<00:00, 35.13it/s, loss=0.0007]
  Epoch 21/30:  40%|█████████████▉                     | 23/58 [00:00<00:00, 35.13it/s, loss=0.0006]
  Epoch 21/30:  40%|█████████████▉                     | 23/58 [00:00<00:00, 35.13it/s, loss=0.0007]
  Epoch 21/30:  40%|█████████████▉                     | 23/58 [00:00<00:00, 35.13it/s, loss=0.0009]
  Epoch 21/30:  47%|████████████████▎                  | 27/58 [00:00<00:00, 33.63it/s, loss=0.0009]
  Epoch 21/30:  47%|████████████████▎                  | 27/58 [00:00<00:00, 33.63it/s, loss=0.0005]
  Epoch 21/30:  47%|████████████████▎                  | 27/58 [00:00<00:00, 33.63it/s, loss=0.0015]
  Epoch 21/30:  47%|████████████████▎                  | 27/58 [00:00<00:00, 33.63it/s, loss=0.0005]
  Epoch 21/30:  47%|████████████████▎                  | 27/58 [00:00<00:00, 33.63it/s, loss=0.0005]
  Epoch 21/30:  53%|██████████████████▋                | 31/58 [00:00<00:00, 33.43it/s, loss=0.0005]
  Epoch 21/30:  53%|██████████████████▋                | 31/58 [00:00<00:00, 33.43it/s, loss=0.0010]
  Epoch 21/30:  53%|██████████████████▋                | 31/58 [00:00<00:00, 33.43it/s, loss=0.0005]
  Epoch 21/30:  53%|██████████████████▋                | 31/58 [00:01<00:00, 33.43it/s, loss=0.0011]
  Epoch 21/30:  53%|██████████████████▋                | 31/58 [00:01<00:00, 33.43it/s, loss=0.0009]
  Epoch 21/30:  60%|█████████████████████              | 35/58 [00:01<00:00, 34.06it/s, loss=0.0009]
  Epoch 21/30:  60%|█████████████████████              | 35/58 [00:01<00:00, 34.06it/s, loss=0.0007]
  Epoch 21/30:  60%|█████████████████████              | 35/58 [00:01<00:00, 34.06it/s, loss=0.0006]
  Epoch 21/30:  60%|█████████████████████              | 35/58 [00:01<00:00, 34.06it/s, loss=0.0006]
  Epoch 21/30:  60%|█████████████████████              | 35/58 [00:01<00:00, 34.06it/s, loss=0.0011]
  Epoch 21/30:  67%|███████████████████████▌           | 39/58 [00:01<00:00, 33.88it/s, loss=0.0011]
  Epoch 21/30:  67%|███████████████████████▌           | 39/58 [00:01<00:00, 33.88it/s, loss=0.0010]
  Epoch 21/30:  67%|███████████████████████▌           | 39/58 [00:01<00:00, 33.88it/s, loss=0.0003]
  Epoch 21/30:  67%|███████████████████████▌           | 39/58 [00:01<00:00, 33.88it/s, loss=0.0005]
  Epoch 21/30:  67%|███████████████████████▌           | 39/58 [00:01<00:00, 33.88it/s, loss=0.0012]
  Epoch 21/30:  74%|█████████████████████████▉         | 43/58 [00:01<00:00, 34.12it/s, loss=0.0012]
  Epoch 21/30:  74%|█████████████████████████▉         | 43/58 [00:01<00:00, 34.12it/s, loss=0.0004]
  Epoch 21/30:  74%|█████████████████████████▉         | 43/58 [00:01<00:00, 34.12it/s, loss=0.0018]
  Epoch 21/30:  74%|█████████████████████████▉         | 43/58 [00:01<00:00, 34.12it/s, loss=0.0005]
  Epoch 21/30:  74%|█████████████████████████▉         | 43/58 [00:01<00:00, 34.12it/s, loss=0.0006]
  Epoch 21/30:  81%|████████████████████████████▎      | 47/58 [00:01<00:00, 32.79it/s, loss=0.0006]
  Epoch 21/30:  81%|████████████████████████████▎      | 47/58 [00:01<00:00, 32.79it/s, loss=0.0011]
  Epoch 21/30:  81%|████████████████████████████▎      | 47/58 [00:01<00:00, 32.79it/s, loss=0.0004]
  Epoch 21/30:  81%|████████████████████████████▎      | 47/58 [00:01<00:00, 32.79it/s, loss=0.0019]
  Epoch 21/30:  81%|████████████████████████████▎      | 47/58 [00:01<00:00, 32.79it/s, loss=0.0007]
  Epoch 21/30:  88%|██████████████████████████████▊    | 51/58 [00:01<00:00, 34.17it/s, loss=0.0007]
  Epoch 21/30:  88%|██████████████████████████████▊    | 51/58 [00:01<00:00, 34.17it/s, loss=0.0010]
  Epoch 21/30:  88%|██████████████████████████████▊    | 51/58 [00:01<00:00, 34.17it/s, loss=0.0006]
  Epoch 21/30:  88%|██████████████████████████████▊    | 51/58 [00:01<00:00, 34.17it/s, loss=0.0004]
  Epoch 21/30:  88%|██████████████████████████████▊    | 51/58 [00:01<00:00, 34.17it/s, loss=0.0008]
  Epoch 21/30:  95%|█████████████████████████████████▏ | 55/58 [00:01<00:00, 34.05it/s, loss=0.0008]
  Epoch 21/30:  95%|█████████████████████████████████▏ | 55/58 [00:01<00:00, 34.05it/s, loss=0.0010]
  Epoch 21/30:  95%|█████████████████████████████████▏ | 55/58 [00:01<00:00, 34.05it/s, loss=0.0002]
  Epoch 21/30:  95%|█████████████████████████████████▏ | 55/58 [00:01<00:00, 34.05it/s, loss=0.0004]
                                                                                                    

  Epoch 22/30:   0%|                                                         | 0/58 [00:00<?, ?it/s]
  Epoch 22/30:   0%|                                            | 0/58 [00:00<?, ?it/s, loss=0.0008]
  Epoch 22/30:   0%|                                            | 0/58 [00:00<?, ?it/s, loss=0.0007]
  Epoch 22/30:   0%|                                            | 0/58 [00:00<?, ?it/s, loss=0.0015]
  Epoch 22/30:   0%|                                            | 0/58 [00:00<?, ?it/s, loss=0.0011]
  Epoch 22/30:   7%|██▍                                 | 4/58 [00:00<00:01, 38.20it/s, loss=0.0011]
  Epoch 22/30:   7%|██▍                                 | 4/58 [00:00<00:01, 38.20it/s, loss=0.0015]
  Epoch 22/30:   7%|██▍                                 | 4/58 [00:00<00:01, 38.20it/s, loss=0.0004]
  Epoch 22/30:   7%|██▍                                 | 4/58 [00:00<00:01, 38.20it/s, loss=0.0005]
  Epoch 22/30:   7%|██▍                                 | 4/58 [00:00<00:01, 38.20it/s, loss=0.0010]
  Epoch 22/30:  14%|████▉                               | 8/58 [00:00<00:01, 37.11it/s, loss=0.0010]
  Epoch 22/30:  14%|████▉                               | 8/58 [00:00<00:01, 37.11it/s, loss=0.0008]
  Epoch 22/30:  14%|████▉                               | 8/58 [00:00<00:01, 37.11it/s, loss=0.0007]
  Epoch 22/30:  14%|████▉                               | 8/58 [00:00<00:01, 37.11it/s, loss=0.0007]
  Epoch 22/30:  14%|████▉                               | 8/58 [00:00<00:01, 37.11it/s, loss=0.0006]
  Epoch 22/30:  21%|███████▏                           | 12/58 [00:00<00:01, 35.89it/s, loss=0.0006]
  Epoch 22/30:  21%|███████▏                           | 12/58 [00:00<00:01, 35.89it/s, loss=0.0008]
  Epoch 22/30:  21%|███████▏                           | 12/58 [00:00<00:01, 35.89it/s, loss=0.0009]
  Epoch 22/30:  21%|███████▏                           | 12/58 [00:00<00:01, 35.89it/s, loss=0.0005]
  Epoch 22/30:  21%|███████▏                           | 12/58 [00:00<00:01, 35.89it/s, loss=0.0011]
  Epoch 22/30:  28%|█████████▋                         | 16/58 [00:00<00:01, 32.11it/s, loss=0.0011]
  Epoch 22/30:  28%|█████████▋                         | 16/58 [00:00<00:01, 32.11it/s, loss=0.0004]
  Epoch 22/30:  28%|█████████▋                         | 16/58 [00:00<00:01, 32.11it/s, loss=0.0004]
  Epoch 22/30:  28%|█████████▋                         | 16/58 [00:00<00:01, 32.11it/s, loss=0.0013]
  Epoch 22/30:  28%|█████████▋                         | 16/58 [00:00<00:01, 32.11it/s, loss=0.0005]
  Epoch 22/30:  28%|█████████▋                         | 16/58 [00:00<00:01, 32.11it/s, loss=0.0005]
  Epoch 22/30:  36%|████████████▋                      | 21/58 [00:00<00:01, 35.15it/s, loss=0.0005]
  Epoch 22/30:  36%|████████████▋                      | 21/58 [00:00<00:01, 35.15it/s, loss=0.0006]
  Epoch 22/30:  36%|████████████▋                      | 21/58 [00:00<00:01, 35.15it/s, loss=0.0006]
  Epoch 22/30:  36%|████████████▋                      | 21/58 [00:00<00:01, 35.15it/s, loss=0.0005]
  Epoch 22/30:  36%|████████████▋                      | 21/58 [00:00<00:01, 35.15it/s, loss=0.0006]
  Epoch 22/30:  43%|███████████████                    | 25/58 [00:00<00:00, 35.04it/s, loss=0.0006]
  Epoch 22/30:  43%|███████████████                    | 25/58 [00:00<00:00, 35.04it/s, loss=0.0007]
  Epoch 22/30:  43%|███████████████                    | 25/58 [00:00<00:00, 35.04it/s, loss=0.0008]
  Epoch 22/30:  43%|███████████████                    | 25/58 [00:00<00:00, 35.04it/s, loss=0.0004]
  Epoch 22/30:  43%|███████████████                    | 25/58 [00:00<00:00, 35.04it/s, loss=0.0022]
  Epoch 22/30:  50%|█████████████████▌                 | 29/58 [00:00<00:00, 33.36it/s, loss=0.0022]
  Epoch 22/30:  50%|█████████████████▌                 | 29/58 [00:00<00:00, 33.36it/s, loss=0.0008]
  Epoch 22/30:  50%|█████████████████▌                 | 29/58 [00:00<00:00, 33.36it/s, loss=0.0006]
  Epoch 22/30:  50%|█████████████████▌                 | 29/58 [00:00<00:00, 33.36it/s, loss=0.0012]
  Epoch 22/30:  50%|█████████████████▌                 | 29/58 [00:00<00:00, 33.36it/s, loss=0.0004]
  Epoch 22/30:  57%|███████████████████▉               | 33/58 [00:00<00:00, 31.85it/s, loss=0.0004]
  Epoch 22/30:  57%|███████████████████▉               | 33/58 [00:01<00:00, 31.85it/s, loss=0.0007]
  Epoch 22/30:  57%|███████████████████▉               | 33/58 [00:01<00:00, 31.85it/s, loss=0.0014]
  Epoch 22/30:  57%|███████████████████▉               | 33/58 [00:01<00:00, 31.85it/s, loss=0.0004]
  Epoch 22/30:  57%|███████████████████▉               | 33/58 [00:01<00:00, 31.85it/s, loss=0.0007]
  Epoch 22/30:  64%|██████████████████████▎            | 37/58 [00:01<00:00, 33.35it/s, loss=0.0007]
  Epoch 22/30:  64%|██████████████████████▎            | 37/58 [00:01<00:00, 33.35it/s, loss=0.0018]
  Epoch 22/30:  64%|██████████████████████▎            | 37/58 [00:01<00:00, 33.35it/s, loss=0.0003]
  Epoch 22/30:  64%|██████████████████████▎            | 37/58 [00:01<00:00, 33.35it/s, loss=0.0009]
  Epoch 22/30:  64%|██████████████████████▎            | 37/58 [00:01<00:00, 33.35it/s, loss=0.0003]
  Epoch 22/30:  71%|████████████████████████▋          | 41/58 [00:01<00:00, 34.19it/s, loss=0.0003]
  Epoch 22/30:  71%|████████████████████████▋          | 41/58 [00:01<00:00, 34.19it/s, loss=0.0006]
  Epoch 22/30:  71%|████████████████████████▋          | 41/58 [00:01<00:00, 34.19it/s, loss=0.0011]
  Epoch 22/30:  71%|████████████████████████▋          | 41/58 [00:01<00:00, 34.19it/s, loss=0.0006]
  Epoch 22/30:  71%|████████████████████████▋          | 41/58 [00:01<00:00, 34.19it/s, loss=0.0004]
  Epoch 22/30:  78%|███████████████████████████▏       | 45/58 [00:01<00:00, 34.73it/s, loss=0.0004]
  Epoch 22/30:  78%|███████████████████████████▏       | 45/58 [00:01<00:00, 34.73it/s, loss=0.0004]
  Epoch 22/30:  78%|███████████████████████████▏       | 45/58 [00:01<00:00, 34.73it/s, loss=0.0003]
  Epoch 22/30:  78%|███████████████████████████▏       | 45/58 [00:01<00:00, 34.73it/s, loss=0.0029]
  Epoch 22/30:  78%|███████████████████████████▏       | 45/58 [00:01<00:00, 34.73it/s, loss=0.0023]
  Epoch 22/30:  84%|█████████████████████████████▌     | 49/58 [00:01<00:00, 34.09it/s, loss=0.0023]
  Epoch 22/30:  84%|█████████████████████████████▌     | 49/58 [00:01<00:00, 34.09it/s, loss=0.0011]
  Epoch 22/30:  84%|█████████████████████████████▌     | 49/58 [00:01<00:00, 34.09it/s, loss=0.0003]
  Epoch 22/30:  84%|█████████████████████████████▌     | 49/58 [00:01<00:00, 34.09it/s, loss=0.0007]
  Epoch 22/30:  84%|█████████████████████████████▌     | 49/58 [00:01<00:00, 34.09it/s, loss=0.0007]
  Epoch 22/30:  91%|███████████████████████████████▉   | 53/58 [00:01<00:00, 35.63it/s, loss=0.0007]
  Epoch 22/30:  91%|███████████████████████████████▉   | 53/58 [00:01<00:00, 35.63it/s, loss=0.0011]
  Epoch 22/30:  91%|███████████████████████████████▉   | 53/58 [00:01<00:00, 35.63it/s, loss=0.0007]
  Epoch 22/30:  91%|███████████████████████████████▉   | 53/58 [00:01<00:00, 35.63it/s, loss=0.0009]
  Epoch 22/30:  91%|███████████████████████████████▉   | 53/58 [00:01<00:00, 35.63it/s, loss=0.0015]
  Epoch 22/30:  98%|██████████████████████████████████▍| 57/58 [00:01<00:00, 35.02it/s, loss=0.0015]
  Epoch 22/30:  98%|██████████████████████████████████▍| 57/58 [00:01<00:00, 35.02it/s, loss=0.0001]
                                                                                                    

  Epoch 23/30:   0%|                                                         | 0/58 [00:00<?, ?it/s]
  Epoch 23/30:   0%|                                            | 0/58 [00:00<?, ?it/s, loss=0.0004]
  Epoch 23/30:   0%|                                            | 0/58 [00:00<?, ?it/s, loss=0.0003]
  Epoch 23/30:   0%|                                            | 0/58 [00:00<?, ?it/s, loss=0.0015]
  Epoch 23/30:   0%|                                            | 0/58 [00:00<?, ?it/s, loss=0.0008]
  Epoch 23/30:   7%|██▍                                 | 4/58 [00:00<00:01, 38.19it/s, loss=0.0008]
  Epoch 23/30:   7%|██▍                                 | 4/58 [00:00<00:01, 38.19it/s, loss=0.0010]
  Epoch 23/30:   7%|██▍                                 | 4/58 [00:00<00:01, 38.19it/s, loss=0.0003]
  Epoch 23/30:   7%|██▍                                 | 4/58 [00:00<00:01, 38.19it/s, loss=0.0006]
  Epoch 23/30:   7%|██▍                                 | 4/58 [00:00<00:01, 38.19it/s, loss=0.0007]
  Epoch 23/30:  14%|████▉                               | 8/58 [00:00<00:01, 36.40it/s, loss=0.0007]
  Epoch 23/30:  14%|████▉                               | 8/58 [00:00<00:01, 36.40it/s, loss=0.0022]
  Epoch 23/30:  14%|████▉                               | 8/58 [00:00<00:01, 36.40it/s, loss=0.0005]
  Epoch 23/30:  14%|████▉                               | 8/58 [00:00<00:01, 36.40it/s, loss=0.0005]
  Epoch 23/30:  14%|████▉                               | 8/58 [00:00<00:01, 36.40it/s, loss=0.0015]
  Epoch 23/30:  21%|███████▏                           | 12/58 [00:00<00:01, 36.18it/s, loss=0.0015]
  Epoch 23/30:  21%|███████▏                           | 12/58 [00:00<00:01, 36.18it/s, loss=0.0003]
  Epoch 23/30:  21%|███████▏                           | 12/58 [00:00<00:01, 36.18it/s, loss=0.0004]
  Epoch 23/30:  21%|███████▏                           | 12/58 [00:00<00:01, 36.18it/s, loss=0.0005]
  Epoch 23/30:  21%|███████▏                           | 12/58 [00:00<00:01, 36.18it/s, loss=0.0007]
  Epoch 23/30:  28%|█████████▋                         | 16/58 [00:00<00:01, 36.72it/s, loss=0.0007]
  Epoch 23/30:  28%|█████████▋                         | 16/58 [00:00<00:01, 36.72it/s, loss=0.0006]
  Epoch 23/30:  28%|█████████▋                         | 16/58 [00:00<00:01, 36.72it/s, loss=0.0014]
  Epoch 23/30:  28%|█████████▋                         | 16/58 [00:00<00:01, 36.72it/s, loss=0.0007]
  Epoch 23/30:  28%|█████████▋                         | 16/58 [00:00<00:01, 36.72it/s, loss=0.0007]
  Epoch 23/30:  34%|████████████                       | 20/58 [00:00<00:01, 37.49it/s, loss=0.0007]
  Epoch 23/30:  34%|████████████                       | 20/58 [00:00<00:01, 37.49it/s, loss=0.0009]
  Epoch 23/30:  34%|████████████                       | 20/58 [00:00<00:01, 37.49it/s, loss=0.0018]
  Epoch 23/30:  34%|████████████                       | 20/58 [00:00<00:01, 37.49it/s, loss=0.0010]
  Epoch 23/30:  34%|████████████                       | 20/58 [00:00<00:01, 37.49it/s, loss=0.0005]
  Epoch 23/30:  41%|██████████████▍                    | 24/58 [00:00<00:00, 35.36it/s, loss=0.0005]
  Epoch 23/30:  41%|██████████████▍                    | 24/58 [00:00<00:00, 35.36it/s, loss=0.0012]
  Epoch 23/30:  41%|██████████████▍                    | 24/58 [00:00<00:00, 35.36it/s, loss=0.0009]
  Epoch 23/30:  41%|██████████████▍                    | 24/58 [00:00<00:00, 35.36it/s, loss=0.0003]
  Epoch 23/30:  41%|██████████████▍                    | 24/58 [00:00<00:00, 35.36it/s, loss=0.0004]
  Epoch 23/30:  48%|████████████████▉                  | 28/58 [00:00<00:00, 35.04it/s, loss=0.0004]
  Epoch 23/30:  48%|████████████████▉                  | 28/58 [00:00<00:00, 35.04it/s, loss=0.0010]
  Epoch 23/30:  48%|████████████████▉                  | 28/58 [00:00<00:00, 35.04it/s, loss=0.0020]
  Epoch 23/30:  48%|████████████████▉                  | 28/58 [00:00<00:00, 35.04it/s, loss=0.0014]
  Epoch 23/30:  48%|████████████████▉                  | 28/58 [00:00<00:00, 35.04it/s, loss=0.0004]
  Epoch 23/30:  48%|████████████████▉                  | 28/58 [00:00<00:00, 35.04it/s, loss=0.0013]
  Epoch 23/30:  57%|███████████████████▉               | 33/58 [00:00<00:00, 37.69it/s, loss=0.0013]
  Epoch 23/30:  57%|███████████████████▉               | 33/58 [00:00<00:00, 37.69it/s, loss=0.0008]
  Epoch 23/30:  57%|███████████████████▉               | 33/58 [00:00<00:00, 37.69it/s, loss=0.0023]
  Epoch 23/30:  57%|███████████████████▉               | 33/58 [00:00<00:00, 37.69it/s, loss=0.0003]
  Epoch 23/30:  57%|███████████████████▉               | 33/58 [00:01<00:00, 37.69it/s, loss=0.0006]
  Epoch 23/30:  64%|██████████████████████▎            | 37/58 [00:01<00:00, 36.69it/s, loss=0.0006]
  Epoch 23/30:  64%|██████████████████████▎            | 37/58 [00:01<00:00, 36.69it/s, loss=0.0005]
  Epoch 23/30:  64%|██████████████████████▎            | 37/58 [00:01<00:00, 36.69it/s, loss=0.0010]
  Epoch 23/30:  64%|██████████████████████▎            | 37/58 [00:01<00:00, 36.69it/s, loss=0.0007]
  Epoch 23/30:  64%|██████████████████████▎            | 37/58 [00:01<00:00, 36.69it/s, loss=0.0011]
  Epoch 23/30:  71%|████████████████████████▋          | 41/58 [00:01<00:00, 37.41it/s, loss=0.0011]
  Epoch 23/30:  71%|████████████████████████▋          | 41/58 [00:01<00:00, 37.41it/s, loss=0.0007]
  Epoch 23/30:  71%|████████████████████████▋          | 41/58 [00:01<00:00, 37.41it/s, loss=0.0003]
  Epoch 23/30:  71%|████████████████████████▋          | 41/58 [00:01<00:00, 37.41it/s, loss=0.0009]
  Epoch 23/30:  71%|████████████████████████▋          | 41/58 [00:01<00:00, 37.41it/s, loss=0.0008]
  Epoch 23/30:  71%|████████████████████████▋          | 41/58 [00:01<00:00, 37.41it/s, loss=0.0008]
  Epoch 23/30:  79%|███████████████████████████▊       | 46/58 [00:01<00:00, 37.27it/s, loss=0.0008]
  Epoch 23/30:  79%|███████████████████████████▊       | 46/58 [00:01<00:00, 37.27it/s, loss=0.0005]
  Epoch 23/30:  79%|███████████████████████████▊       | 46/58 [00:01<00:00, 37.27it/s, loss=0.0010]
  Epoch 23/30:  79%|███████████████████████████▊       | 46/58 [00:01<00:00, 37.27it/s, loss=0.0004]
  Epoch 23/30:  79%|███████████████████████████▊       | 46/58 [00:01<00:00, 37.27it/s, loss=0.0007]
  Epoch 23/30:  86%|██████████████████████████████▏    | 50/58 [00:01<00:00, 37.78it/s, loss=0.0007]
  Epoch 23/30:  86%|██████████████████████████████▏    | 50/58 [00:01<00:00, 37.78it/s, loss=0.0005]
  Epoch 23/30:  86%|██████████████████████████████▏    | 50/58 [00:01<00:00, 37.78it/s, loss=0.0008]
  Epoch 23/30:  86%|██████████████████████████████▏    | 50/58 [00:01<00:00, 37.78it/s, loss=0.0009]
  Epoch 23/30:  86%|██████████████████████████████▏    | 50/58 [00:01<00:00, 37.78it/s, loss=0.0008]
  Epoch 23/30:  93%|████████████████████████████████▌  | 54/58 [00:01<00:00, 38.04it/s, loss=0.0008]
  Epoch 23/30:  93%|████████████████████████████████▌  | 54/58 [00:01<00:00, 38.04it/s, loss=0.0008]
  Epoch 23/30:  93%|████████████████████████████████▌  | 54/58 [00:01<00:00, 38.04it/s, loss=0.0005]
  Epoch 23/30:  93%|████████████████████████████████▌  | 54/58 [00:01<00:00, 38.04it/s, loss=0.0008]
  Epoch 23/30:  93%|████████████████████████████████▌  | 54/58 [00:01<00:00, 38.04it/s, loss=0.0006]
  Epoch 23/30: 100%|███████████████████████████████████| 58/58 [00:01<00:00, 38.28it/s, loss=0.0006]
                                                                                                    

  Epoch 24/30:   0%|                                                         | 0/58 [00:00<?, ?it/s]
  Epoch 24/30:   0%|                                            | 0/58 [00:00<?, ?it/s, loss=0.0006]
  Epoch 24/30:   0%|                                            | 0/58 [00:00<?, ?it/s, loss=0.0013]
  Epoch 24/30:   0%|                                            | 0/58 [00:00<?, ?it/s, loss=0.0004]
  Epoch 24/30:   0%|                                            | 0/58 [00:00<?, ?it/s, loss=0.0011]
  Epoch 24/30:   7%|██▍                                 | 4/58 [00:00<00:01, 36.26it/s, loss=0.0011]
  Epoch 24/30:   7%|██▍                                 | 4/58 [00:00<00:01, 36.26it/s, loss=0.0007]
  Epoch 24/30:   7%|██▍                                 | 4/58 [00:00<00:01, 36.26it/s, loss=0.0013]
  Epoch 24/30:   7%|██▍                                 | 4/58 [00:00<00:01, 36.26it/s, loss=0.0005]
  Epoch 24/30:   7%|██▍                                 | 4/58 [00:00<00:01, 36.26it/s, loss=0.0009]
  Epoch 24/30:  14%|████▉                               | 8/58 [00:00<00:01, 34.54it/s, loss=0.0009]
  Epoch 24/30:  14%|████▉                               | 8/58 [00:00<00:01, 34.54it/s, loss=0.0003]
  Epoch 24/30:  14%|████▉                               | 8/58 [00:00<00:01, 34.54it/s, loss=0.0011]
  Epoch 24/30:  14%|████▉                               | 8/58 [00:00<00:01, 34.54it/s, loss=0.0013]
  Epoch 24/30:  14%|████▉                               | 8/58 [00:00<00:01, 34.54it/s, loss=0.0006]
  Epoch 24/30:  21%|███████▏                           | 12/58 [00:00<00:01, 33.63it/s, loss=0.0006]
  Epoch 24/30:  21%|███████▏                           | 12/58 [00:00<00:01, 33.63it/s, loss=0.0006]
  Epoch 24/30:  21%|███████▏                           | 12/58 [00:00<00:01, 33.63it/s, loss=0.0026]
  Epoch 24/30:  21%|███████▏                           | 12/58 [00:00<00:01, 33.63it/s, loss=0.0004]
  Epoch 24/30:  21%|███████▏                           | 12/58 [00:00<00:01, 33.63it/s, loss=0.0003]
  Epoch 24/30:  28%|█████████▋                         | 16/58 [00:00<00:01, 31.95it/s, loss=0.0003]
  Epoch 24/30:  28%|█████████▋                         | 16/58 [00:00<00:01, 31.95it/s, loss=0.0005]
  Epoch 24/30:  28%|█████████▋                         | 16/58 [00:00<00:01, 31.95it/s, loss=0.0005]
  Epoch 24/30:  28%|█████████▋                         | 16/58 [00:00<00:01, 31.95it/s, loss=0.0025]
  Epoch 24/30:  28%|█████████▋                         | 16/58 [00:00<00:01, 31.95it/s, loss=0.0012]
  Epoch 24/30:  34%|████████████                       | 20/58 [00:00<00:01, 30.94it/s, loss=0.0012]
  Epoch 24/30:  34%|████████████                       | 20/58 [00:00<00:01, 30.94it/s, loss=0.0006]
  Epoch 24/30:  34%|████████████                       | 20/58 [00:00<00:01, 30.94it/s, loss=0.0014]
  Epoch 24/30:  34%|████████████                       | 20/58 [00:00<00:01, 30.94it/s, loss=0.0007]
  Epoch 24/30:  34%|████████████                       | 20/58 [00:00<00:01, 30.94it/s, loss=0.0012]
  Epoch 24/30:  34%|████████████                       | 20/58 [00:00<00:01, 30.94it/s, loss=0.0007]
  Epoch 24/30:  43%|███████████████                    | 25/58 [00:00<00:00, 34.03it/s, loss=0.0007]
  Epoch 24/30:  43%|███████████████                    | 25/58 [00:00<00:00, 34.03it/s, loss=0.0004]
  Epoch 24/30:  43%|███████████████                    | 25/58 [00:00<00:00, 34.03it/s, loss=0.0016]
  Epoch 24/30:  43%|███████████████                    | 25/58 [00:00<00:00, 34.03it/s, loss=0.0007]
  Epoch 24/30:  43%|███████████████                    | 25/58 [00:00<00:00, 34.03it/s, loss=0.0008]
  Epoch 24/30:  50%|█████████████████▌                 | 29/58 [00:00<00:00, 33.92it/s, loss=0.0008]
  Epoch 24/30:  50%|█████████████████▌                 | 29/58 [00:00<00:00, 33.92it/s, loss=0.0005]
  Epoch 24/30:  50%|█████████████████▌                 | 29/58 [00:00<00:00, 33.92it/s, loss=0.0008]
  Epoch 24/30:  50%|█████████████████▌                 | 29/58 [00:00<00:00, 33.92it/s, loss=0.0007]
  Epoch 24/30:  50%|█████████████████▌                 | 29/58 [00:01<00:00, 33.92it/s, loss=0.0010]
  Epoch 24/30:  57%|███████████████████▉               | 33/58 [00:01<00:00, 32.01it/s, loss=0.0010]
  Epoch 24/30:  57%|███████████████████▉               | 33/58 [00:01<00:00, 32.01it/s, loss=0.0007]
  Epoch 24/30:  57%|███████████████████▉               | 33/58 [00:01<00:00, 32.01it/s, loss=0.0003]
  Epoch 24/30:  57%|███████████████████▉               | 33/58 [00:01<00:00, 32.01it/s, loss=0.0012]
  Epoch 24/30:  57%|███████████████████▉               | 33/58 [00:01<00:00, 32.01it/s, loss=0.0003]
  Epoch 24/30:  64%|██████████████████████▎            | 37/58 [00:01<00:00, 30.78it/s, loss=0.0003]
  Epoch 24/30:  64%|██████████████████████▎            | 37/58 [00:01<00:00, 30.78it/s, loss=0.0005]
  Epoch 24/30:  64%|██████████████████████▎            | 37/58 [00:01<00:00, 30.78it/s, loss=0.0006]
  Epoch 24/30:  64%|██████████████████████▎            | 37/58 [00:01<00:00, 30.78it/s, loss=0.0006]
  Epoch 24/30:  64%|██████████████████████▎            | 37/58 [00:01<00:00, 30.78it/s, loss=0.0008]
  Epoch 24/30:  71%|████████████████████████▋          | 41/58 [00:01<00:00, 30.70it/s, loss=0.0008]
  Epoch 24/30:  71%|████████████████████████▋          | 41/58 [00:01<00:00, 30.70it/s, loss=0.0005]
  Epoch 24/30:  71%|████████████████████████▋          | 41/58 [00:01<00:00, 30.70it/s, loss=0.0005]
  Epoch 24/30:  71%|████████████████████████▋          | 41/58 [00:01<00:00, 30.70it/s, loss=0.0009]
  Epoch 24/30:  71%|████████████████████████▋          | 41/58 [00:01<00:00, 30.70it/s, loss=0.0009]
  Epoch 24/30:  78%|███████████████████████████▏       | 45/58 [00:01<00:00, 29.87it/s, loss=0.0009]
  Epoch 24/30:  78%|███████████████████████████▏       | 45/58 [00:01<00:00, 29.87it/s, loss=0.0008]
  Epoch 24/30:  78%|███████████████████████████▏       | 45/58 [00:01<00:00, 29.87it/s, loss=0.0005]
  Epoch 24/30:  78%|███████████████████████████▏       | 45/58 [00:01<00:00, 29.87it/s, loss=0.0002]
  Epoch 24/30:  78%|███████████████████████████▏       | 45/58 [00:01<00:00, 29.87it/s, loss=0.0003]
  Epoch 24/30:  84%|█████████████████████████████▌     | 49/58 [00:01<00:00, 29.29it/s, loss=0.0003]
  Epoch 24/30:  84%|█████████████████████████████▌     | 49/58 [00:01<00:00, 29.29it/s, loss=0.0007]
  Epoch 24/30:  84%|█████████████████████████████▌     | 49/58 [00:01<00:00, 29.29it/s, loss=0.0008]
  Epoch 24/30:  84%|█████████████████████████████▌     | 49/58 [00:01<00:00, 29.29it/s, loss=0.0025]
  Epoch 24/30:  90%|███████████████████████████████▍   | 52/58 [00:01<00:00, 29.03it/s, loss=0.0025]
  Epoch 24/30:  90%|███████████████████████████████▍   | 52/58 [00:01<00:00, 29.03it/s, loss=0.0004]
  Epoch 24/30:  90%|███████████████████████████████▍   | 52/58 [00:01<00:00, 29.03it/s, loss=0.0006]
  Epoch 24/30:  90%|███████████████████████████████▍   | 52/58 [00:01<00:00, 29.03it/s, loss=0.0017]
  Epoch 24/30:  95%|█████████████████████████████████▏ | 55/58 [00:01<00:00, 29.24it/s, loss=0.0017]
  Epoch 24/30:  95%|█████████████████████████████████▏ | 55/58 [00:01<00:00, 29.24it/s, loss=0.0014]
  Epoch 24/30:  95%|█████████████████████████████████▏ | 55/58 [00:01<00:00, 29.24it/s, loss=0.0010]
  Epoch 24/30:  95%|█████████████████████████████████▏ | 55/58 [00:01<00:00, 29.24it/s, loss=0.0001]
                                                                                                    

  Epoch 25/30:   0%|                                                         | 0/58 [00:00<?, ?it/s]
  Epoch 25/30:   0%|                                            | 0/58 [00:00<?, ?it/s, loss=0.0006]
  Epoch 25/30:   0%|                                            | 0/58 [00:00<?, ?it/s, loss=0.0010]
  Epoch 25/30:   0%|                                            | 0/58 [00:00<?, ?it/s, loss=0.0004]
  Epoch 25/30:   5%|█▊                                  | 3/58 [00:00<00:01, 29.31it/s, loss=0.0004]
  Epoch 25/30:   5%|█▊                                  | 3/58 [00:00<00:01, 29.31it/s, loss=0.0012]
  Epoch 25/30:   5%|█▊                                  | 3/58 [00:00<00:01, 29.31it/s, loss=0.0004]
  Epoch 25/30:   5%|█▊                                  | 3/58 [00:00<00:01, 29.31it/s, loss=0.0004]
  Epoch 25/30:  10%|███▋                                | 6/58 [00:00<00:01, 28.81it/s, loss=0.0004]
  Epoch 25/30:  10%|███▋                                | 6/58 [00:00<00:01, 28.81it/s, loss=0.0005]
  Epoch 25/30:  10%|███▋                                | 6/58 [00:00<00:01, 28.81it/s, loss=0.0005]
  Epoch 25/30:  10%|███▋                                | 6/58 [00:00<00:01, 28.81it/s, loss=0.0018]
  Epoch 25/30:  16%|█████▌                              | 9/58 [00:00<00:01, 28.95it/s, loss=0.0018]
  Epoch 25/30:  16%|█████▌                              | 9/58 [00:00<00:01, 28.95it/s, loss=0.0008]
  Epoch 25/30:  16%|█████▌                              | 9/58 [00:00<00:01, 28.95it/s, loss=0.0006]
  Epoch 25/30:  16%|█████▌                              | 9/58 [00:00<00:01, 28.95it/s, loss=0.0006]
  Epoch 25/30:  21%|███████▏                           | 12/58 [00:00<00:02, 18.72it/s, loss=0.0006]
  Epoch 25/30:  21%|███████▏                           | 12/58 [00:00<00:02, 18.72it/s, loss=0.0012]
  Epoch 25/30:  21%|███████▏                           | 12/58 [00:00<00:02, 18.72it/s, loss=0.0004]
  Epoch 25/30:  21%|███████▏                           | 12/58 [00:00<00:02, 18.72it/s, loss=0.0009]
  Epoch 25/30:  26%|█████████                          | 15/58 [00:00<00:02, 21.37it/s, loss=0.0009]
  Epoch 25/30:  26%|█████████                          | 15/58 [00:00<00:02, 21.37it/s, loss=0.0005]
  Epoch 25/30:  26%|█████████                          | 15/58 [00:00<00:02, 21.37it/s, loss=0.0005]
  Epoch 25/30:  26%|█████████                          | 15/58 [00:00<00:02, 21.37it/s, loss=0.0012]
  Epoch 25/30:  31%|██████████▊                        | 18/58 [00:00<00:01, 22.34it/s, loss=0.0012]
  Epoch 25/30:  31%|██████████▊                        | 18/58 [00:00<00:01, 22.34it/s, loss=0.0006]
  Epoch 25/30:  31%|██████████▊                        | 18/58 [00:00<00:01, 22.34it/s, loss=0.0003]
  Epoch 25/30:  31%|██████████▊                        | 18/58 [00:00<00:01, 22.34it/s, loss=0.0004]
  Epoch 25/30:  36%|████████████▋                      | 21/58 [00:00<00:01, 23.92it/s, loss=0.0004]
  Epoch 25/30:  36%|████████████▋                      | 21/58 [00:00<00:01, 23.92it/s, loss=0.0003]
  Epoch 25/30:  36%|████████████▋                      | 21/58 [00:00<00:01, 23.92it/s, loss=0.0005]
  Epoch 25/30:  36%|████████████▋                      | 21/58 [00:01<00:01, 23.92it/s, loss=0.0005]
  Epoch 25/30:  41%|██████████████▍                    | 24/58 [00:01<00:01, 24.63it/s, loss=0.0005]
  Epoch 25/30:  41%|██████████████▍                    | 24/58 [00:01<00:01, 24.63it/s, loss=0.0013]
  Epoch 25/30:  41%|██████████████▍                    | 24/58 [00:01<00:01, 24.63it/s, loss=0.0015]
  Epoch 25/30:  41%|██████████████▍                    | 24/58 [00:01<00:01, 24.63it/s, loss=0.0007]
  Epoch 25/30:  47%|████████████████▎                  | 27/58 [00:01<00:01, 25.01it/s, loss=0.0007]
  Epoch 25/30:  47%|████████████████▎                  | 27/58 [00:01<00:01, 25.01it/s, loss=0.0008]
  Epoch 25/30:  47%|████████████████▎                  | 27/58 [00:01<00:01, 25.01it/s, loss=0.0032]
  Epoch 25/30:  47%|████████████████▎                  | 27/58 [00:01<00:01, 25.01it/s, loss=0.0012]
  Epoch 25/30:  52%|██████████████████                 | 30/58 [00:01<00:01, 25.90it/s, loss=0.0012]
  Epoch 25/30:  52%|██████████████████                 | 30/58 [00:01<00:01, 25.90it/s, loss=0.0006]
  Epoch 25/30:  52%|██████████████████                 | 30/58 [00:01<00:01, 25.90it/s, loss=0.0004]
  Epoch 25/30:  52%|██████████████████                 | 30/58 [00:01<00:01, 25.90it/s, loss=0.0026]
  Epoch 25/30:  57%|███████████████████▉               | 33/58 [00:01<00:00, 25.95it/s, loss=0.0026]
  Epoch 25/30:  57%|███████████████████▉               | 33/58 [00:01<00:00, 25.95it/s, loss=0.0004]
  Epoch 25/30:  57%|███████████████████▉               | 33/58 [00:01<00:00, 25.95it/s, loss=0.0007]
  Epoch 25/30:  57%|███████████████████▉               | 33/58 [00:01<00:00, 25.95it/s, loss=0.0019]
  Epoch 25/30:  62%|█████████████████████▋             | 36/58 [00:01<00:00, 25.88it/s, loss=0.0019]
  Epoch 25/30:  62%|█████████████████████▋             | 36/58 [00:01<00:00, 25.88it/s, loss=0.0011]
  Epoch 25/30:  62%|█████████████████████▋             | 36/58 [00:01<00:00, 25.88it/s, loss=0.0011]
  Epoch 25/30:  62%|█████████████████████▋             | 36/58 [00:01<00:00, 25.88it/s, loss=0.0005]
  Epoch 25/30:  67%|███████████████████████▌           | 39/58 [00:01<00:00, 26.79it/s, loss=0.0005]
  Epoch 25/30:  67%|███████████████████████▌           | 39/58 [00:01<00:00, 26.79it/s, loss=0.0010]
  Epoch 25/30:  67%|███████████████████████▌           | 39/58 [00:01<00:00, 26.79it/s, loss=0.0007]
  Epoch 25/30:  67%|███████████████████████▌           | 39/58 [00:01<00:00, 26.79it/s, loss=0.0018]
  Epoch 25/30:  72%|█████████████████████████▎         | 42/58 [00:01<00:00, 26.89it/s, loss=0.0018]
  Epoch 25/30:  72%|█████████████████████████▎         | 42/58 [00:01<00:00, 26.89it/s, loss=0.0004]
  Epoch 25/30:  72%|█████████████████████████▎         | 42/58 [00:01<00:00, 26.89it/s, loss=0.0004]
  Epoch 25/30:  72%|█████████████████████████▎         | 42/58 [00:01<00:00, 26.89it/s, loss=0.0009]
  Epoch 25/30:  78%|███████████████████████████▏       | 45/58 [00:01<00:00, 27.25it/s, loss=0.0009]
  Epoch 25/30:  78%|███████████████████████████▏       | 45/58 [00:01<00:00, 27.25it/s, loss=0.0006]
  Epoch 25/30:  78%|███████████████████████████▏       | 45/58 [00:01<00:00, 27.25it/s, loss=0.0007]
  Epoch 25/30:  78%|███████████████████████████▏       | 45/58 [00:01<00:00, 27.25it/s, loss=0.0008]
  Epoch 25/30:  83%|████████████████████████████▉      | 48/58 [00:01<00:00, 26.99it/s, loss=0.0008]
  Epoch 25/30:  83%|████████████████████████████▉      | 48/58 [00:01<00:00, 26.99it/s, loss=0.0005]
  Epoch 25/30:  83%|████████████████████████████▉      | 48/58 [00:01<00:00, 26.99it/s, loss=0.0005]
  Epoch 25/30:  83%|████████████████████████████▉      | 48/58 [00:02<00:00, 26.99it/s, loss=0.0011]
  Epoch 25/30:  88%|██████████████████████████████▊    | 51/58 [00:02<00:00, 27.07it/s, loss=0.0011]
  Epoch 25/30:  88%|██████████████████████████████▊    | 51/58 [00:02<00:00, 27.07it/s, loss=0.0011]
  Epoch 25/30:  88%|██████████████████████████████▊    | 51/58 [00:02<00:00, 27.07it/s, loss=0.0005]
  Epoch 25/30:  88%|██████████████████████████████▊    | 51/58 [00:02<00:00, 27.07it/s, loss=0.0003]
  Epoch 25/30:  93%|████████████████████████████████▌  | 54/58 [00:02<00:00, 26.85it/s, loss=0.0003]
  Epoch 25/30:  93%|████████████████████████████████▌  | 54/58 [00:02<00:00, 26.85it/s, loss=0.0013]
  Epoch 25/30:  93%|████████████████████████████████▌  | 54/58 [00:02<00:00, 26.85it/s, loss=0.0003]
  Epoch 25/30:  93%|████████████████████████████████▌  | 54/58 [00:02<00:00, 26.85it/s, loss=0.0009]
  Epoch 25/30:  98%|██████████████████████████████████▍| 57/58 [00:02<00:00, 27.03it/s, loss=0.0009]
  Epoch 25/30:  98%|██████████████████████████████████▍| 57/58 [00:02<00:00, 27.03it/s, loss=0.0008]
                                                                                                    
  Epoch 25/30 │ Loss: 0.0008 │ T+1: 0.8554 │ T+2: 0.6759 │ T+3: 0.4517

  Epoch 26/30:   0%|                                                         | 0/58 [00:00<?, ?it/s]
  Epoch 26/30:   0%|                                            | 0/58 [00:00<?, ?it/s, loss=0.0013]
  Epoch 26/30:   0%|                                            | 0/58 [00:00<?, ?it/s, loss=0.0013]
  Epoch 26/30:   0%|                                            | 0/58 [00:00<?, ?it/s, loss=0.0007]
  Epoch 26/30:   5%|█▊                                  | 3/58 [00:00<00:01, 28.72it/s, loss=0.0007]
  Epoch 26/30:   5%|█▊                                  | 3/58 [00:00<00:01, 28.72it/s, loss=0.0003]
  Epoch 26/30:   5%|█▊                                  | 3/58 [00:00<00:01, 28.72it/s, loss=0.0006]
  Epoch 26/30:   5%|█▊                                  | 3/58 [00:00<00:01, 28.72it/s, loss=0.0009]
  Epoch 26/30:  10%|███▋                                | 6/58 [00:00<00:01, 26.78it/s, loss=0.0009]
  Epoch 26/30:  10%|███▋                                | 6/58 [00:00<00:01, 26.78it/s, loss=0.0012]
  Epoch 26/30:  10%|███▋                                | 6/58 [00:00<00:01, 26.78it/s, loss=0.0004]
  Epoch 26/30:  10%|███▋                                | 6/58 [00:00<00:01, 26.78it/s, loss=0.0016]
  Epoch 26/30:  16%|█████▌                              | 9/58 [00:00<00:01, 27.55it/s, loss=0.0016]
  Epoch 26/30:  16%|█████▌                              | 9/58 [00:00<00:01, 27.55it/s, loss=0.0008]
  Epoch 26/30:  16%|█████▌                              | 9/58 [00:00<00:01, 27.55it/s, loss=0.0003]
  Epoch 26/30:  16%|█████▌                              | 9/58 [00:00<00:01, 27.55it/s, loss=0.0003]
  Epoch 26/30:  21%|███████▏                           | 12/58 [00:00<00:01, 27.40it/s, loss=0.0003]
  Epoch 26/30:  21%|███████▏                           | 12/58 [00:00<00:01, 27.40it/s, loss=0.0014]
  Epoch 26/30:  21%|███████▏                           | 12/58 [00:00<00:01, 27.40it/s, loss=0.0003]
  Epoch 26/30:  21%|███████▏                           | 12/58 [00:00<00:01, 27.40it/s, loss=0.0010]
  Epoch 26/30:  26%|█████████                          | 15/58 [00:00<00:01, 27.36it/s, loss=0.0010]
  Epoch 26/30:  26%|█████████                          | 15/58 [00:00<00:01, 27.36it/s, loss=0.0007]
  Epoch 26/30:  26%|█████████                          | 15/58 [00:00<00:01, 27.36it/s, loss=0.0009]
  Epoch 26/30:  26%|█████████                          | 15/58 [00:00<00:01, 27.36it/s, loss=0.0003]
  Epoch 26/30:  31%|██████████▊                        | 18/58 [00:00<00:01, 27.77it/s, loss=0.0003]
  Epoch 26/30:  31%|██████████▊                        | 18/58 [00:00<00:01, 27.77it/s, loss=0.0005]
  Epoch 26/30:  31%|██████████▊                        | 18/58 [00:00<00:01, 27.77it/s, loss=0.0007]
  Epoch 26/30:  31%|██████████▊                        | 18/58 [00:00<00:01, 27.77it/s, loss=0.0004]
  Epoch 26/30:  36%|████████████▋                      | 21/58 [00:00<00:01, 27.67it/s, loss=0.0004]
  Epoch 26/30:  36%|████████████▋                      | 21/58 [00:00<00:01, 27.67it/s, loss=0.0002]
  Epoch 26/30:  36%|████████████▋                      | 21/58 [00:00<00:01, 27.67it/s, loss=0.0015]
  Epoch 26/30:  36%|████████████▋                      | 21/58 [00:00<00:01, 27.67it/s, loss=0.0005]
  Epoch 26/30:  41%|██████████████▍                    | 24/58 [00:00<00:01, 27.80it/s, loss=0.0005]
  Epoch 26/30:  41%|██████████████▍                    | 24/58 [00:00<00:01, 27.80it/s, loss=0.0006]
  Epoch 26/30:  41%|██████████████▍                    | 24/58 [00:00<00:01, 27.80it/s, loss=0.0010]
  Epoch 26/30:  41%|██████████████▍                    | 24/58 [00:00<00:01, 27.80it/s, loss=0.0006]
  Epoch 26/30:  47%|████████████████▎                  | 27/58 [00:00<00:01, 27.80it/s, loss=0.0006]
  Epoch 26/30:  47%|████████████████▎                  | 27/58 [00:01<00:01, 27.80it/s, loss=0.0003]
  Epoch 26/30:  47%|████████████████▎                  | 27/58 [00:01<00:01, 27.80it/s, loss=0.0008]
  Epoch 26/30:  47%|████████████████▎                  | 27/58 [00:01<00:01, 27.80it/s, loss=0.0007]
  Epoch 26/30:  47%|████████████████▎                  | 27/58 [00:01<00:01, 27.80it/s, loss=0.0012]
  Epoch 26/30:  53%|██████████████████▋                | 31/58 [00:01<00:00, 28.74it/s, loss=0.0012]
  Epoch 26/30:  53%|██████████████████▋                | 31/58 [00:01<00:00, 28.74it/s, loss=0.0004]
  Epoch 26/30:  53%|██████████████████▋                | 31/58 [00:01<00:00, 28.74it/s, loss=0.0008]
  Epoch 26/30:  53%|██████████████████▋                | 31/58 [00:01<00:00, 28.74it/s, loss=0.0010]
  Epoch 26/30:  59%|████████████████████▌              | 34/58 [00:01<00:00, 28.08it/s, loss=0.0010]
  Epoch 26/30:  59%|████████████████████▌              | 34/58 [00:01<00:00, 28.08it/s, loss=0.0012]
  Epoch 26/30:  59%|████████████████████▌              | 34/58 [00:01<00:00, 28.08it/s, loss=0.0006]
  Epoch 26/30:  59%|████████████████████▌              | 34/58 [00:01<00:00, 28.08it/s, loss=0.0007]
  Epoch 26/30:  64%|██████████████████████▎            | 37/58 [00:01<00:00, 28.15it/s, loss=0.0007]
  Epoch 26/30:  64%|██████████████████████▎            | 37/58 [00:01<00:00, 28.15it/s, loss=0.0019]
  Epoch 26/30:  64%|██████████████████████▎            | 37/58 [00:01<00:00, 28.15it/s, loss=0.0003]
  Epoch 26/30:  64%|██████████████████████▎            | 37/58 [00:01<00:00, 28.15it/s, loss=0.0008]
  Epoch 26/30:  64%|██████████████████████▎            | 37/58 [00:01<00:00, 28.15it/s, loss=0.0008]
  Epoch 26/30:  71%|████████████████████████▋          | 41/58 [00:01<00:00, 30.10it/s, loss=0.0008]
  Epoch 26/30:  71%|████████████████████████▋          | 41/58 [00:01<00:00, 30.10it/s, loss=0.0011]
  Epoch 26/30:  71%|████████████████████████▋          | 41/58 [00:01<00:00, 30.10it/s, loss=0.0007]
  Epoch 26/30:  71%|████████████████████████▋          | 41/58 [00:01<00:00, 30.10it/s, loss=0.0009]
  Epoch 26/30:  71%|████████████████████████▋          | 41/58 [00:01<00:00, 30.10it/s, loss=0.0003]
  Epoch 26/30:  78%|███████████████████████████▏       | 45/58 [00:01<00:00, 31.85it/s, loss=0.0003]
  Epoch 26/30:  78%|███████████████████████████▏       | 45/58 [00:01<00:00, 31.85it/s, loss=0.0003]
  Epoch 26/30:  78%|███████████████████████████▏       | 45/58 [00:01<00:00, 31.85it/s, loss=0.0004]
  Epoch 26/30:  78%|███████████████████████████▏       | 45/58 [00:01<00:00, 31.85it/s, loss=0.0010]
  Epoch 26/30:  78%|███████████████████████████▏       | 45/58 [00:01<00:00, 31.85it/s, loss=0.0010]
  Epoch 26/30:  84%|█████████████████████████████▌     | 49/58 [00:01<00:00, 33.47it/s, loss=0.0010]
  Epoch 26/30:  84%|█████████████████████████████▌     | 49/58 [00:01<00:00, 33.47it/s, loss=0.0009]
  Epoch 26/30:  84%|█████████████████████████████▌     | 49/58 [00:01<00:00, 33.47it/s, loss=0.0007]
  Epoch 26/30:  84%|█████████████████████████████▌     | 49/58 [00:01<00:00, 33.47it/s, loss=0.0005]
  Epoch 26/30:  84%|█████████████████████████████▌     | 49/58 [00:01<00:00, 33.47it/s, loss=0.0006]
  Epoch 26/30:  91%|███████████████████████████████▉   | 53/58 [00:01<00:00, 31.80it/s, loss=0.0006]
  Epoch 26/30:  91%|███████████████████████████████▉   | 53/58 [00:01<00:00, 31.80it/s, loss=0.0005]
  Epoch 26/30:  91%|███████████████████████████████▉   | 53/58 [00:01<00:00, 31.80it/s, loss=0.0009]
  Epoch 26/30:  91%|███████████████████████████████▉   | 53/58 [00:01<00:00, 31.80it/s, loss=0.0015]
  Epoch 26/30:  91%|███████████████████████████████▉   | 53/58 [00:01<00:00, 31.80it/s, loss=0.0026]
  Epoch 26/30:  98%|██████████████████████████████████▍| 57/58 [00:01<00:00, 31.36it/s, loss=0.0026]
  Epoch 26/30:  98%|██████████████████████████████████▍| 57/58 [00:01<00:00, 31.36it/s, loss=0.0001]
                                                                                                    

  Epoch 27/30:   0%|                                                         | 0/58 [00:00<?, ?it/s]
  Epoch 27/30:   0%|                                            | 0/58 [00:00<?, ?it/s, loss=0.0006]
  Epoch 27/30:   0%|                                            | 0/58 [00:00<?, ?it/s, loss=0.0011]
  Epoch 27/30:   0%|                                            | 0/58 [00:00<?, ?it/s, loss=0.0014]
  Epoch 27/30:   0%|                                            | 0/58 [00:00<?, ?it/s, loss=0.0012]
  Epoch 27/30:   7%|██▍                                 | 4/58 [00:00<00:01, 33.29it/s, loss=0.0012]
  Epoch 27/30:   7%|██▍                                 | 4/58 [00:00<00:01, 33.29it/s, loss=0.0006]
  Epoch 27/30:   7%|██▍                                 | 4/58 [00:00<00:01, 33.29it/s, loss=0.0005]
  Epoch 27/30:   7%|██▍                                 | 4/58 [00:00<00:01, 33.29it/s, loss=0.0005]
  Epoch 27/30:   7%|██▍                                 | 4/58 [00:00<00:01, 33.29it/s, loss=0.0011]
  Epoch 27/30:  14%|████▉                               | 8/58 [00:00<00:01, 34.82it/s, loss=0.0011]
  Epoch 27/30:  14%|████▉                               | 8/58 [00:00<00:01, 34.82it/s, loss=0.0006]
  Epoch 27/30:  14%|████▉                               | 8/58 [00:00<00:01, 34.82it/s, loss=0.0004]
  Epoch 27/30:  14%|████▉                               | 8/58 [00:00<00:01, 34.82it/s, loss=0.0007]
  Epoch 27/30:  14%|████▉                               | 8/58 [00:00<00:01, 34.82it/s, loss=0.0009]
  Epoch 27/30:  21%|███████▏                           | 12/58 [00:00<00:01, 35.72it/s, loss=0.0009]
  Epoch 27/30:  21%|███████▏                           | 12/58 [00:00<00:01, 35.72it/s, loss=0.0010]
  Epoch 27/30:  21%|███████▏                           | 12/58 [00:00<00:01, 35.72it/s, loss=0.0005]
  Epoch 27/30:  21%|███████▏                           | 12/58 [00:00<00:01, 35.72it/s, loss=0.0013]
  Epoch 27/30:  21%|███████▏                           | 12/58 [00:00<00:01, 35.72it/s, loss=0.0024]
  Epoch 27/30:  28%|█████████▋                         | 16/58 [00:00<00:01, 35.55it/s, loss=0.0024]
  Epoch 27/30:  28%|█████████▋                         | 16/58 [00:00<00:01, 35.55it/s, loss=0.0005]
  Epoch 27/30:  28%|█████████▋                         | 16/58 [00:00<00:01, 35.55it/s, loss=0.0004]
  Epoch 27/30:  28%|█████████▋                         | 16/58 [00:00<00:01, 35.55it/s, loss=0.0004]
  Epoch 27/30:  28%|█████████▋                         | 16/58 [00:00<00:01, 35.55it/s, loss=0.0005]
  Epoch 27/30:  34%|████████████                       | 20/58 [00:00<00:01, 35.91it/s, loss=0.0005]
  Epoch 27/30:  34%|████████████                       | 20/58 [00:00<00:01, 35.91it/s, loss=0.0006]
  Epoch 27/30:  34%|████████████                       | 20/58 [00:00<00:01, 35.91it/s, loss=0.0001]
  Epoch 27/30:  34%|████████████                       | 20/58 [00:00<00:01, 35.91it/s, loss=0.0012]
  Epoch 27/30:  34%|████████████                       | 20/58 [00:00<00:01, 35.91it/s, loss=0.0011]
  Epoch 27/30:  41%|██████████████▍                    | 24/58 [00:00<00:00, 35.61it/s, loss=0.0011]
  Epoch 27/30:  41%|██████████████▍                    | 24/58 [00:00<00:00, 35.61it/s, loss=0.0008]
  Epoch 27/30:  41%|██████████████▍                    | 24/58 [00:00<00:00, 35.61it/s, loss=0.0005]
  Epoch 27/30:  41%|██████████████▍                    | 24/58 [00:00<00:00, 35.61it/s, loss=0.0009]
  Epoch 27/30:  41%|██████████████▍                    | 24/58 [00:00<00:00, 35.61it/s, loss=0.0006]
  Epoch 27/30:  48%|████████████████▉                  | 28/58 [00:00<00:00, 36.71it/s, loss=0.0006]
  Epoch 27/30:  48%|████████████████▉                  | 28/58 [00:00<00:00, 36.71it/s, loss=0.0005]
  Epoch 27/30:  48%|████████████████▉                  | 28/58 [00:00<00:00, 36.71it/s, loss=0.0003]
  Epoch 27/30:  48%|████████████████▉                  | 28/58 [00:00<00:00, 36.71it/s, loss=0.0005]
  Epoch 27/30:  48%|████████████████▉                  | 28/58 [00:00<00:00, 36.71it/s, loss=0.0006]
  Epoch 27/30:  55%|███████████████████▎               | 32/58 [00:00<00:00, 34.97it/s, loss=0.0006]
  Epoch 27/30:  55%|███████████████████▎               | 32/58 [00:00<00:00, 34.97it/s, loss=0.0008]
  Epoch 27/30:  55%|███████████████████▎               | 32/58 [00:00<00:00, 34.97it/s, loss=0.0008]
  Epoch 27/30:  55%|███████████████████▎               | 32/58 [00:00<00:00, 34.97it/s, loss=0.0002]
  Epoch 27/30:  55%|███████████████████▎               | 32/58 [00:01<00:00, 34.97it/s, loss=0.0007]
  Epoch 27/30:  55%|███████████████████▎               | 32/58 [00:01<00:00, 34.97it/s, loss=0.0008]
  Epoch 27/30:  64%|██████████████████████▎            | 37/58 [00:01<00:00, 36.14it/s, loss=0.0008]
  Epoch 27/30:  64%|██████████████████████▎            | 37/58 [00:01<00:00, 36.14it/s, loss=0.0008]
  Epoch 27/30:  64%|██████████████████████▎            | 37/58 [00:01<00:00, 36.14it/s, loss=0.0009]
  Epoch 27/30:  64%|██████████████████████▎            | 37/58 [00:01<00:00, 36.14it/s, loss=0.0006]
  Epoch 27/30:  64%|██████████████████████▎            | 37/58 [00:01<00:00, 36.14it/s, loss=0.0012]
  Epoch 27/30:  64%|██████████████████████▎            | 37/58 [00:01<00:00, 36.14it/s, loss=0.0002]
  Epoch 27/30:  72%|█████████████████████████▎         | 42/58 [00:01<00:00, 38.04it/s, loss=0.0002]
  Epoch 27/30:  72%|█████████████████████████▎         | 42/58 [00:01<00:00, 38.04it/s, loss=0.0005]
  Epoch 27/30:  72%|█████████████████████████▎         | 42/58 [00:01<00:00, 38.04it/s, loss=0.0006]
  Epoch 27/30:  72%|█████████████████████████▎         | 42/58 [00:01<00:00, 38.04it/s, loss=0.0011]
  Epoch 27/30:  72%|█████████████████████████▎         | 42/58 [00:01<00:00, 38.04it/s, loss=0.0009]
  Epoch 27/30:  79%|███████████████████████████▊       | 46/58 [00:01<00:00, 37.72it/s, loss=0.0009]
  Epoch 27/30:  79%|███████████████████████████▊       | 46/58 [00:01<00:00, 37.72it/s, loss=0.0005]
  Epoch 27/30:  79%|███████████████████████████▊       | 46/58 [00:01<00:00, 37.72it/s, loss=0.0006]
  Epoch 27/30:  79%|███████████████████████████▊       | 46/58 [00:01<00:00, 37.72it/s, loss=0.0023]
  Epoch 27/30:  79%|███████████████████████████▊       | 46/58 [00:01<00:00, 37.72it/s, loss=0.0005]
  Epoch 27/30:  86%|██████████████████████████████▏    | 50/58 [00:01<00:00, 36.28it/s, loss=0.0005]
  Epoch 27/30:  86%|██████████████████████████████▏    | 50/58 [00:01<00:00, 36.28it/s, loss=0.0010]
  Epoch 27/30:  86%|██████████████████████████████▏    | 50/58 [00:01<00:00, 36.28it/s, loss=0.0013]
  Epoch 27/30:  86%|██████████████████████████████▏    | 50/58 [00:01<00:00, 36.28it/s, loss=0.0006]
  Epoch 27/30:  86%|██████████████████████████████▏    | 50/58 [00:01<00:00, 36.28it/s, loss=0.0008]
  Epoch 27/30:  93%|████████████████████████████████▌  | 54/58 [00:01<00:00, 36.92it/s, loss=0.0008]
  Epoch 27/30:  93%|████████████████████████████████▌  | 54/58 [00:01<00:00, 36.92it/s, loss=0.0012]
  Epoch 27/30:  93%|████████████████████████████████▌  | 54/58 [00:01<00:00, 36.92it/s, loss=0.0007]
  Epoch 27/30:  93%|████████████████████████████████▌  | 54/58 [00:01<00:00, 36.92it/s, loss=0.0010]
  Epoch 27/30:  93%|████████████████████████████████▌  | 54/58 [00:01<00:00, 36.92it/s, loss=0.0075]
                                                                                                    

  Epoch 28/30:   0%|                                                         | 0/58 [00:00<?, ?it/s]
  Epoch 28/30:   0%|                                            | 0/58 [00:00<?, ?it/s, loss=0.0009]
  Epoch 28/30:   0%|                                            | 0/58 [00:00<?, ?it/s, loss=0.0014]
  Epoch 28/30:   0%|                                            | 0/58 [00:00<?, ?it/s, loss=0.0009]
  Epoch 28/30:   0%|                                            | 0/58 [00:00<?, ?it/s, loss=0.0004]
  Epoch 28/30:   0%|                                            | 0/58 [00:00<?, ?it/s, loss=0.0012]
  Epoch 28/30:   9%|███                                 | 5/58 [00:00<00:01, 43.74it/s, loss=0.0012]
  Epoch 28/30:   9%|███                                 | 5/58 [00:00<00:01, 43.74it/s, loss=0.0010]
  Epoch 28/30:   9%|███                                 | 5/58 [00:00<00:01, 43.74it/s, loss=0.0010]
  Epoch 28/30:   9%|███                                 | 5/58 [00:00<00:01, 43.74it/s, loss=0.0010]
  Epoch 28/30:   9%|███                                 | 5/58 [00:00<00:01, 43.74it/s, loss=0.0011]
  Epoch 28/30:   9%|███                                 | 5/58 [00:00<00:01, 43.74it/s, loss=0.0009]
  Epoch 28/30:  17%|██████                             | 10/58 [00:00<00:01, 39.58it/s, loss=0.0009]
  Epoch 28/30:  17%|██████                             | 10/58 [00:00<00:01, 39.58it/s, loss=0.0007]
  Epoch 28/30:  17%|██████                             | 10/58 [00:00<00:01, 39.58it/s, loss=0.0008]
  Epoch 28/30:  17%|██████                             | 10/58 [00:00<00:01, 39.58it/s, loss=0.0003]
  Epoch 28/30:  17%|██████                             | 10/58 [00:00<00:01, 39.58it/s, loss=0.0005]
  Epoch 28/30:  17%|██████                             | 10/58 [00:00<00:01, 39.58it/s, loss=0.0004]
  Epoch 28/30:  26%|█████████                          | 15/58 [00:00<00:01, 41.32it/s, loss=0.0004]
  Epoch 28/30:  26%|█████████                          | 15/58 [00:00<00:01, 41.32it/s, loss=0.0011]
  Epoch 28/30:  26%|█████████                          | 15/58 [00:00<00:01, 41.32it/s, loss=0.0016]
  Epoch 28/30:  26%|█████████                          | 15/58 [00:00<00:01, 41.32it/s, loss=0.0005]
  Epoch 28/30:  26%|█████████                          | 15/58 [00:00<00:01, 41.32it/s, loss=0.0005]
  Epoch 28/30:  26%|█████████                          | 15/58 [00:00<00:01, 41.32it/s, loss=0.0010]
  Epoch 28/30:  34%|████████████                       | 20/58 [00:00<00:00, 42.08it/s, loss=0.0010]
  Epoch 28/30:  34%|████████████                       | 20/58 [00:00<00:00, 42.08it/s, loss=0.0009]
  Epoch 28/30:  34%|████████████                       | 20/58 [00:00<00:00, 42.08it/s, loss=0.0010]
  Epoch 28/30:  34%|████████████                       | 20/58 [00:00<00:00, 42.08it/s, loss=0.0002]
  Epoch 28/30:  34%|████████████                       | 20/58 [00:00<00:00, 42.08it/s, loss=0.0004]
  Epoch 28/30:  34%|████████████                       | 20/58 [00:00<00:00, 42.08it/s, loss=0.0004]
  Epoch 28/30:  43%|███████████████                    | 25/58 [00:00<00:00, 43.20it/s, loss=0.0004]
  Epoch 28/30:  43%|███████████████                    | 25/58 [00:00<00:00, 43.20it/s, loss=0.0015]
  Epoch 28/30:  43%|███████████████                    | 25/58 [00:00<00:00, 43.20it/s, loss=0.0009]
  Epoch 28/30:  43%|███████████████                    | 25/58 [00:00<00:00, 43.20it/s, loss=0.0011]
  Epoch 28/30:  43%|███████████████                    | 25/58 [00:00<00:00, 43.20it/s, loss=0.0010]
  Epoch 28/30:  43%|███████████████                    | 25/58 [00:00<00:00, 43.20it/s, loss=0.0006]
  Epoch 28/30:  52%|██████████████████                 | 30/58 [00:00<00:00, 41.50it/s, loss=0.0006]
  Epoch 28/30:  52%|██████████████████                 | 30/58 [00:00<00:00, 41.50it/s, loss=0.0009]
  Epoch 28/30:  52%|██████████████████                 | 30/58 [00:00<00:00, 41.50it/s, loss=0.0006]
  Epoch 28/30:  52%|██████████████████                 | 30/58 [00:00<00:00, 41.50it/s, loss=0.0007]
  Epoch 28/30:  52%|██████████████████                 | 30/58 [00:00<00:00, 41.50it/s, loss=0.0006]
  Epoch 28/30:  52%|██████████████████                 | 30/58 [00:00<00:00, 41.50it/s, loss=0.0006]
  Epoch 28/30:  60%|█████████████████████              | 35/58 [00:00<00:00, 40.69it/s, loss=0.0006]
  Epoch 28/30:  60%|█████████████████████              | 35/58 [00:00<00:00, 40.69it/s, loss=0.0006]
  Epoch 28/30:  60%|█████████████████████              | 35/58 [00:00<00:00, 40.69it/s, loss=0.0005]
  Epoch 28/30:  60%|█████████████████████              | 35/58 [00:00<00:00, 40.69it/s, loss=0.0024]
  Epoch 28/30:  60%|█████████████████████              | 35/58 [00:00<00:00, 40.69it/s, loss=0.0005]
  Epoch 28/30:  60%|█████████████████████              | 35/58 [00:00<00:00, 40.69it/s, loss=0.0017]
  Epoch 28/30:  69%|████████████████████████▏          | 40/58 [00:00<00:00, 40.31it/s, loss=0.0017]
  Epoch 28/30:  69%|████████████████████████▏          | 40/58 [00:00<00:00, 40.31it/s, loss=0.0007]
  Epoch 28/30:  69%|████████████████████████▏          | 40/58 [00:01<00:00, 40.31it/s, loss=0.0004]
  Epoch 28/30:  69%|████████████████████████▏          | 40/58 [00:01<00:00, 40.31it/s, loss=0.0014]
  Epoch 28/30:  69%|████████████████████████▏          | 40/58 [00:01<00:00, 40.31it/s, loss=0.0008]
  Epoch 28/30:  69%|████████████████████████▏          | 40/58 [00:01<00:00, 40.31it/s, loss=0.0008]
  Epoch 28/30:  78%|███████████████████████████▏       | 45/58 [00:01<00:00, 40.76it/s, loss=0.0008]
  Epoch 28/30:  78%|███████████████████████████▏       | 45/58 [00:01<00:00, 40.76it/s, loss=0.0010]
  Epoch 28/30:  78%|███████████████████████████▏       | 45/58 [00:01<00:00, 40.76it/s, loss=0.0011]
  Epoch 28/30:  78%|███████████████████████████▏       | 45/58 [00:01<00:00, 40.76it/s, loss=0.0008]
  Epoch 28/30:  78%|███████████████████████████▏       | 45/58 [00:01<00:00, 40.76it/s, loss=0.0010]
  Epoch 28/30:  78%|███████████████████████████▏       | 45/58 [00:01<00:00, 40.76it/s, loss=0.0005]
  Epoch 28/30:  86%|██████████████████████████████▏    | 50/58 [00:01<00:00, 37.92it/s, loss=0.0005]
  Epoch 28/30:  86%|██████████████████████████████▏    | 50/58 [00:01<00:00, 37.92it/s, loss=0.0015]
  Epoch 28/30:  86%|██████████████████████████████▏    | 50/58 [00:01<00:00, 37.92it/s, loss=0.0003]
  Epoch 28/30:  86%|██████████████████████████████▏    | 50/58 [00:01<00:00, 37.92it/s, loss=0.0005]
  Epoch 28/30:  86%|██████████████████████████████▏    | 50/58 [00:01<00:00, 37.92it/s, loss=0.0006]
  Epoch 28/30:  93%|████████████████████████████████▌  | 54/58 [00:01<00:00, 36.68it/s, loss=0.0006]
  Epoch 28/30:  93%|████████████████████████████████▌  | 54/58 [00:01<00:00, 36.68it/s, loss=0.0014]
  Epoch 28/30:  93%|████████████████████████████████▌  | 54/58 [00:01<00:00, 36.68it/s, loss=0.0006]
  Epoch 28/30:  93%|████████████████████████████████▌  | 54/58 [00:01<00:00, 36.68it/s, loss=0.0028]
  Epoch 28/30:  93%|████████████████████████████████▌  | 54/58 [00:01<00:00, 36.68it/s, loss=0.0002]
                                                                                                    

  Epoch 29/30:   0%|                                                         | 0/58 [00:00<?, ?it/s]
  Epoch 29/30:   0%|                                            | 0/58 [00:00<?, ?it/s, loss=0.0004]
  Epoch 29/30:   0%|                                            | 0/58 [00:00<?, ?it/s, loss=0.0007]
  Epoch 29/30:   0%|                                            | 0/58 [00:00<?, ?it/s, loss=0.0004]
  Epoch 29/30:   0%|                                            | 0/58 [00:00<?, ?it/s, loss=0.0018]
  Epoch 29/30:   7%|██▍                                 | 4/58 [00:00<00:01, 31.47it/s, loss=0.0018]
  Epoch 29/30:   7%|██▍                                 | 4/58 [00:00<00:01, 31.47it/s, loss=0.0008]
  Epoch 29/30:   7%|██▍                                 | 4/58 [00:00<00:01, 31.47it/s, loss=0.0004]
  Epoch 29/30:   7%|██▍                                 | 4/58 [00:00<00:01, 31.47it/s, loss=0.0003]
  Epoch 29/30:   7%|██▍                                 | 4/58 [00:00<00:01, 31.47it/s, loss=0.0007]
  Epoch 29/30:  14%|████▉                               | 8/58 [00:00<00:01, 35.63it/s, loss=0.0007]
  Epoch 29/30:  14%|████▉                               | 8/58 [00:00<00:01, 35.63it/s, loss=0.0008]
  Epoch 29/30:  14%|████▉                               | 8/58 [00:00<00:01, 35.63it/s, loss=0.0005]
  Epoch 29/30:  14%|████▉                               | 8/58 [00:00<00:01, 35.63it/s, loss=0.0011]
  Epoch 29/30:  14%|████▉                               | 8/58 [00:00<00:01, 35.63it/s, loss=0.0005]
  Epoch 29/30:  21%|███████▏                           | 12/58 [00:00<00:01, 33.37it/s, loss=0.0005]
  Epoch 29/30:  21%|███████▏                           | 12/58 [00:00<00:01, 33.37it/s, loss=0.0005]
  Epoch 29/30:  21%|███████▏                           | 12/58 [00:00<00:01, 33.37it/s, loss=0.0003]
  Epoch 29/30:  21%|███████▏                           | 12/58 [00:00<00:01, 33.37it/s, loss=0.0015]
  Epoch 29/30:  21%|███████▏                           | 12/58 [00:00<00:01, 33.37it/s, loss=0.0010]
  Epoch 29/30:  21%|███████▏                           | 12/58 [00:00<00:01, 33.37it/s, loss=0.0006]
  Epoch 29/30:  29%|██████████▎                        | 17/58 [00:00<00:01, 35.70it/s, loss=0.0006]
  Epoch 29/30:  29%|██████████▎                        | 17/58 [00:00<00:01, 35.70it/s, loss=0.0009]
  Epoch 29/30:  29%|██████████▎                        | 17/58 [00:00<00:01, 35.70it/s, loss=0.0005]
  Epoch 29/30:  29%|██████████▎                        | 17/58 [00:00<00:01, 35.70it/s, loss=0.0006]
  Epoch 29/30:  29%|██████████▎                        | 17/58 [00:00<00:01, 35.70it/s, loss=0.0010]
  Epoch 29/30:  29%|██████████▎                        | 17/58 [00:00<00:01, 35.70it/s, loss=0.0005]
  Epoch 29/30:  38%|█████████████▎                     | 22/58 [00:00<00:00, 37.84it/s, loss=0.0005]
  Epoch 29/30:  38%|█████████████▎                     | 22/58 [00:00<00:00, 37.84it/s, loss=0.0019]
  Epoch 29/30:  38%|█████████████▎                     | 22/58 [00:00<00:00, 37.84it/s, loss=0.0005]
  Epoch 29/30:  38%|█████████████▎                     | 22/58 [00:00<00:00, 37.84it/s, loss=0.0007]
  Epoch 29/30:  38%|█████████████▎                     | 22/58 [00:00<00:00, 37.84it/s, loss=0.0004]
  Epoch 29/30:  38%|█████████████▎                     | 22/58 [00:00<00:00, 37.84it/s, loss=0.0009]
  Epoch 29/30:  47%|████████████████▎                  | 27/58 [00:00<00:00, 39.43it/s, loss=0.0009]
  Epoch 29/30:  47%|████████████████▎                  | 27/58 [00:00<00:00, 39.43it/s, loss=0.0022]
  Epoch 29/30:  47%|████████████████▎                  | 27/58 [00:00<00:00, 39.43it/s, loss=0.0005]
  Epoch 29/30:  47%|████████████████▎                  | 27/58 [00:00<00:00, 39.43it/s, loss=0.0011]
  Epoch 29/30:  47%|████████████████▎                  | 27/58 [00:00<00:00, 39.43it/s, loss=0.0002]
  Epoch 29/30:  47%|████████████████▎                  | 27/58 [00:00<00:00, 39.43it/s, loss=0.0010]
  Epoch 29/30:  55%|███████████████████▎               | 32/58 [00:00<00:00, 38.64it/s, loss=0.0010]
  Epoch 29/30:  55%|███████████████████▎               | 32/58 [00:00<00:00, 38.64it/s, loss=0.0007]
  Epoch 29/30:  55%|███████████████████▎               | 32/58 [00:00<00:00, 38.64it/s, loss=0.0008]
  Epoch 29/30:  55%|███████████████████▎               | 32/58 [00:00<00:00, 38.64it/s, loss=0.0007]
  Epoch 29/30:  55%|███████████████████▎               | 32/58 [00:00<00:00, 38.64it/s, loss=0.0005]
  Epoch 29/30:  62%|█████████████████████▋             | 36/58 [00:00<00:00, 39.00it/s, loss=0.0005]
  Epoch 29/30:  62%|█████████████████████▋             | 36/58 [00:00<00:00, 39.00it/s, loss=0.0004]
  Epoch 29/30:  62%|█████████████████████▋             | 36/58 [00:01<00:00, 39.00it/s, loss=0.0017]
  Epoch 29/30:  62%|█████████████████████▋             | 36/58 [00:01<00:00, 39.00it/s, loss=0.0004]
  Epoch 29/30:  62%|█████████████████████▋             | 36/58 [00:01<00:00, 39.00it/s, loss=0.0010]
  Epoch 29/30:  69%|████████████████████████▏          | 40/58 [00:01<00:00, 38.52it/s, loss=0.0010]
  Epoch 29/30:  69%|████████████████████████▏          | 40/58 [00:01<00:00, 38.52it/s, loss=0.0003]
  Epoch 29/30:  69%|████████████████████████▏          | 40/58 [00:01<00:00, 38.52it/s, loss=0.0011]
  Epoch 29/30:  69%|████████████████████████▏          | 40/58 [00:01<00:00, 38.52it/s, loss=0.0008]
  Epoch 29/30:  69%|████████████████████████▏          | 40/58 [00:01<00:00, 38.52it/s, loss=0.0003]
  Epoch 29/30:  76%|██████████████████████████▌        | 44/58 [00:01<00:00, 37.82it/s, loss=0.0003]
  Epoch 29/30:  76%|██████████████████████████▌        | 44/58 [00:01<00:00, 37.82it/s, loss=0.0007]
  Epoch 29/30:  76%|██████████████████████████▌        | 44/58 [00:01<00:00, 37.82it/s, loss=0.0005]
  Epoch 29/30:  76%|██████████████████████████▌        | 44/58 [00:01<00:00, 37.82it/s, loss=0.0011]
  Epoch 29/30:  76%|██████████████████████████▌        | 44/58 [00:01<00:00, 37.82it/s, loss=0.0004]
  Epoch 29/30:  83%|████████████████████████████▉      | 48/58 [00:01<00:00, 34.76it/s, loss=0.0004]
  Epoch 29/30:  83%|████████████████████████████▉      | 48/58 [00:01<00:00, 34.76it/s, loss=0.0015]
  Epoch 29/30:  83%|████████████████████████████▉      | 48/58 [00:01<00:00, 34.76it/s, loss=0.0009]
  Epoch 29/30:  83%|████████████████████████████▉      | 48/58 [00:01<00:00, 34.76it/s, loss=0.0015]
  Epoch 29/30:  83%|████████████████████████████▉      | 48/58 [00:01<00:00, 34.76it/s, loss=0.0009]
  Epoch 29/30:  90%|███████████████████████████████▍   | 52/58 [00:01<00:00, 34.30it/s, loss=0.0009]
  Epoch 29/30:  90%|███████████████████████████████▍   | 52/58 [00:01<00:00, 34.30it/s, loss=0.0008]
  Epoch 29/30:  90%|███████████████████████████████▍   | 52/58 [00:01<00:00, 34.30it/s, loss=0.0012]
  Epoch 29/30:  90%|███████████████████████████████▍   | 52/58 [00:01<00:00, 34.30it/s, loss=0.0004]
  Epoch 29/30:  90%|███████████████████████████████▍   | 52/58 [00:01<00:00, 34.30it/s, loss=0.0011]
  Epoch 29/30:  97%|█████████████████████████████████▊ | 56/58 [00:01<00:00, 33.64it/s, loss=0.0011]
  Epoch 29/30:  97%|█████████████████████████████████▊ | 56/58 [00:01<00:00, 33.64it/s, loss=0.0006]
  Epoch 29/30:  97%|█████████████████████████████████▊ | 56/58 [00:01<00:00, 33.64it/s, loss=0.0006]
                                                                                                    

  Epoch 30/30:   0%|                                                         | 0/58 [00:00<?, ?it/s]
  Epoch 30/30:   0%|                                            | 0/58 [00:00<?, ?it/s, loss=0.0004]
  Epoch 30/30:   0%|                                            | 0/58 [00:00<?, ?it/s, loss=0.0008]
  Epoch 30/30:   0%|                                            | 0/58 [00:00<?, ?it/s, loss=0.0008]
  Epoch 30/30:   0%|                                            | 0/58 [00:00<?, ?it/s, loss=0.0008]
  Epoch 30/30:   7%|██▍                                 | 4/58 [00:00<00:01, 30.64it/s, loss=0.0008]
  Epoch 30/30:   7%|██▍                                 | 4/58 [00:00<00:01, 30.64it/s, loss=0.0005]
  Epoch 30/30:   7%|██▍                                 | 4/58 [00:00<00:01, 30.64it/s, loss=0.0010]
  Epoch 30/30:   7%|██▍                                 | 4/58 [00:00<00:01, 30.64it/s, loss=0.0010]
  Epoch 30/30:   7%|██▍                                 | 4/58 [00:00<00:01, 30.64it/s, loss=0.0033]
  Epoch 30/30:  14%|████▉                               | 8/58 [00:00<00:01, 28.25it/s, loss=0.0033]
  Epoch 30/30:  14%|████▉                               | 8/58 [00:00<00:01, 28.25it/s, loss=0.0011]
  Epoch 30/30:  14%|████▉                               | 8/58 [00:00<00:01, 28.25it/s, loss=0.0004]
  Epoch 30/30:  14%|████▉                               | 8/58 [00:00<00:01, 28.25it/s, loss=0.0006]
  Epoch 30/30:  14%|████▉                               | 8/58 [00:00<00:01, 28.25it/s, loss=0.0007]
  Epoch 30/30:  21%|███████▏                           | 12/58 [00:00<00:01, 31.19it/s, loss=0.0007]
  Epoch 30/30:  21%|███████▏                           | 12/58 [00:00<00:01, 31.19it/s, loss=0.0004]
  Epoch 30/30:  21%|███████▏                           | 12/58 [00:00<00:01, 31.19it/s, loss=0.0012]
  Epoch 30/30:  21%|███████▏                           | 12/58 [00:00<00:01, 31.19it/s, loss=0.0005]
  Epoch 30/30:  21%|███████▏                           | 12/58 [00:00<00:01, 31.19it/s, loss=0.0007]
  Epoch 30/30:  28%|█████████▋                         | 16/58 [00:00<00:01, 31.20it/s, loss=0.0007]
  Epoch 30/30:  28%|█████████▋                         | 16/58 [00:00<00:01, 31.20it/s, loss=0.0009]
  Epoch 30/30:  28%|█████████▋                         | 16/58 [00:00<00:01, 31.20it/s, loss=0.0008]
  Epoch 30/30:  28%|█████████▋                         | 16/58 [00:00<00:01, 31.20it/s, loss=0.0010]
  Epoch 30/30:  28%|█████████▋                         | 16/58 [00:00<00:01, 31.20it/s, loss=0.0005]
  Epoch 30/30:  34%|████████████                       | 20/58 [00:00<00:01, 31.03it/s, loss=0.0005]
  Epoch 30/30:  34%|████████████                       | 20/58 [00:00<00:01, 31.03it/s, loss=0.0011]
  Epoch 30/30:  34%|████████████                       | 20/58 [00:00<00:01, 31.03it/s, loss=0.0004]
  Epoch 30/30:  34%|████████████                       | 20/58 [00:00<00:01, 31.03it/s, loss=0.0003]
  Epoch 30/30:  34%|████████████                       | 20/58 [00:00<00:01, 31.03it/s, loss=0.0017]
  Epoch 30/30:  41%|██████████████▍                    | 24/58 [00:00<00:01, 30.35it/s, loss=0.0017]
  Epoch 30/30:  41%|██████████████▍                    | 24/58 [00:00<00:01, 30.35it/s, loss=0.0003]
  Epoch 30/30:  41%|██████████████▍                    | 24/58 [00:00<00:01, 30.35it/s, loss=0.0013]
  Epoch 30/30:  41%|██████████████▍                    | 24/58 [00:00<00:01, 30.35it/s, loss=0.0007]
  Epoch 30/30:  41%|██████████████▍                    | 24/58 [00:00<00:01, 30.35it/s, loss=0.0007]
  Epoch 30/30:  48%|████████████████▉                  | 28/58 [00:00<00:00, 32.03it/s, loss=0.0007]
  Epoch 30/30:  48%|████████████████▉                  | 28/58 [00:00<00:00, 32.03it/s, loss=0.0008]
  Epoch 30/30:  48%|████████████████▉                  | 28/58 [00:00<00:00, 32.03it/s, loss=0.0012]
  Epoch 30/30:  48%|████████████████▉                  | 28/58 [00:00<00:00, 32.03it/s, loss=0.0004]
  Epoch 30/30:  48%|████████████████▉                  | 28/58 [00:01<00:00, 32.03it/s, loss=0.0003]
  Epoch 30/30:  55%|███████████████████▎               | 32/58 [00:01<00:00, 31.11it/s, loss=0.0003]
  Epoch 30/30:  55%|███████████████████▎               | 32/58 [00:01<00:00, 31.11it/s, loss=0.0008]
  Epoch 30/30:  55%|███████████████████▎               | 32/58 [00:01<00:00, 31.11it/s, loss=0.0025]
  Epoch 30/30:  55%|███████████████████▎               | 32/58 [00:01<00:00, 31.11it/s, loss=0.0004]
  Epoch 30/30:  55%|███████████████████▎               | 32/58 [00:01<00:00, 31.11it/s, loss=0.0006]
  Epoch 30/30:  62%|█████████████████████▋             | 36/58 [00:01<00:00, 31.77it/s, loss=0.0006]
  Epoch 30/30:  62%|█████████████████████▋             | 36/58 [00:01<00:00, 31.77it/s, loss=0.0011]
  Epoch 30/30:  62%|█████████████████████▋             | 36/58 [00:01<00:00, 31.77it/s, loss=0.0006]
  Epoch 30/30:  62%|█████████████████████▋             | 36/58 [00:01<00:00, 31.77it/s, loss=0.0004]
  Epoch 30/30:  62%|█████████████████████▋             | 36/58 [00:01<00:00, 31.77it/s, loss=0.0003]
  Epoch 30/30:  69%|████████████████████████▏          | 40/58 [00:01<00:00, 32.43it/s, loss=0.0003]
  Epoch 30/30:  69%|████████████████████████▏          | 40/58 [00:01<00:00, 32.43it/s, loss=0.0010]
  Epoch 30/30:  69%|████████████████████████▏          | 40/58 [00:01<00:00, 32.43it/s, loss=0.0004]
  Epoch 30/30:  69%|████████████████████████▏          | 40/58 [00:01<00:00, 32.43it/s, loss=0.0002]
  Epoch 30/30:  69%|████████████████████████▏          | 40/58 [00:01<00:00, 32.43it/s, loss=0.0016]
  Epoch 30/30:  76%|██████████████████████████▌        | 44/58 [00:01<00:00, 33.60it/s, loss=0.0016]
  Epoch 30/30:  76%|██████████████████████████▌        | 44/58 [00:01<00:00, 33.60it/s, loss=0.0004]
  Epoch 30/30:  76%|██████████████████████████▌        | 44/58 [00:01<00:00, 33.60it/s, loss=0.0002]
  Epoch 30/30:  76%|██████████████████████████▌        | 44/58 [00:01<00:00, 33.60it/s, loss=0.0004]
  Epoch 30/30:  76%|██████████████████████████▌        | 44/58 [00:01<00:00, 33.60it/s, loss=0.0004]
  Epoch 30/30:  83%|████████████████████████████▉      | 48/58 [00:01<00:00, 32.81it/s, loss=0.0004]
  Epoch 30/30:  83%|████████████████████████████▉      | 48/58 [00:01<00:00, 32.81it/s, loss=0.0025]
  Epoch 30/30:  83%|████████████████████████████▉      | 48/58 [00:01<00:00, 32.81it/s, loss=0.0005]
  Epoch 30/30:  83%|████████████████████████████▉      | 48/58 [00:01<00:00, 32.81it/s, loss=0.0004]
  Epoch 30/30:  83%|████████████████████████████▉      | 48/58 [00:01<00:00, 32.81it/s, loss=0.0003]
  Epoch 30/30:  90%|███████████████████████████████▍   | 52/58 [00:01<00:00, 32.81it/s, loss=0.0003]
  Epoch 30/30:  90%|███████████████████████████████▍   | 52/58 [00:01<00:00, 32.81it/s, loss=0.0006]
  Epoch 30/30:  90%|███████████████████████████████▍   | 52/58 [00:01<00:00, 32.81it/s, loss=0.0010]
  Epoch 30/30:  90%|███████████████████████████████▍   | 52/58 [00:01<00:00, 32.81it/s, loss=0.0005]
  Epoch 30/30:  90%|███████████████████████████████▍   | 52/58 [00:01<00:00, 32.81it/s, loss=0.0004]
  Epoch 30/30:  97%|█████████████████████████████████▊ | 56/58 [00:01<00:00, 33.47it/s, loss=0.0004]
  Epoch 30/30:  97%|█████████████████████████████████▊ | 56/58 [00:01<00:00, 33.47it/s, loss=0.0014]
  Epoch 30/30:  97%|█████████████████████████████████▊ | 56/58 [00:01<00:00, 33.47it/s, loss=0.0039]
                                                                                                    
  Epoch 30/30 │ Loss: 0.0008 │ T+1: 0.8692 │ T+2: 0.6852 │ T+3: 0.4822 ★ NEW BEST

  → Loading best model checkpoint
    Best T+1 NSE: 0.8692

  → Saving model
    Model saved: E:\SRIP 2025\Streamflow and Water-level Prediction\Final Stuff\srip-transformer\runs\baseline_mha_20260304_212255\model.pt

============================================================
  STEP 7: EVALUATING MODEL
============================================================

  → Evaluating on Test Set 1961-1970

  Testing 1961-1970:   0%|                                                   | 0/15 [00:00<?, ?it/s]
  Testing 1961-1970:  33%|██████████████▎                            | 5/15 [00:00<00:00, 47.72it/s]
  Testing 1961-1970:  87%|████████████████████████████████████▍     | 13/15 [00:00<00:00, 63.58it/s]
                                                                                                    

    Results (1961-1970):
    Horizon       NSE       R²      PBIAS │      P90      P95 │    Peak%
    ----------------------------------------------------------------------
    T1         0.9193   0.9193      0.88% │   0.8227   0.7459 │    86.9%
    T2         0.8720   0.8720     -2.71% │   0.7265   0.5931 │    90.7%
    T3         0.6239   0.6239    -98.72% │   0.5195   0.3337 │    97.6%

  → Evaluating on Test Set 2011-2020

  Testing 2011-2020:   0%|                                                   | 0/15 [00:00<?, ?it/s]
  Testing 2011-2020:  73%|██████████████████████████████           | 11/15 [00:00<00:00, 106.98it/s]
                                                                                                    

    Results (2011-2020):
    Horizon       NSE       R²      PBIAS │      P90      P95 │    Peak%
    ----------------------------------------------------------------------
    T1         0.5686   0.5686     27.78% │   0.2158  -0.1158 │    58.5%
    T2         0.4227   0.4227     23.93% │  -0.0507  -0.4851 │    67.0%
    T3         0.2522   0.2522    -66.56% │  -0.1640  -0.5586 │    95.1%

============================================================
  STEP 8: SAVING RESULTS
============================================================

  → Saving results.json

  → Saving train_history.json

  → Computing feature saliency (gradient × input)
    Features: ['rainfall', 'tmax', 'tmin', 'waterlevel_upstream', 'streamflow_upstream', 'waterlevel_final', 'streamflow_final']
Traceback (most recent call last):
  File "E:\SRIP 2025\Streamflow and Water-level Prediction\Final Stuff\srip-transformer\src\train.py", line 895, in <module>
    main()
  File "E:\SRIP 2025\Streamflow and Water-level Prediction\Final Stuff\srip-transformer\src\train.py", line 850, in main
    saliency_results = compute_feature_saliency(
                       ^^^^^^^^^^^^^^^^^^^^^^^^^
  File "E:\SRIP 2025\Streamflow and Water-level Prediction\Final Stuff\srip-transformer\src\train.py", line 398, in compute_feature_saliency
    predictions[horizon].sum().backward(retain_graph=True)
  File "C:\Users\HP\AppData\Local\Programs\Python\Python312\Lib\site-packages\torch\_tensor.py", line 630, in backward
    torch.autograd.backward(
  File "C:\Users\HP\AppData\Local\Programs\Python\Python312\Lib\site-packages\torch\autograd\__init__.py", line 364, in backward
    _engine_run_backward(
  File "C:\Users\HP\AppData\Local\Programs\Python\Python312\Lib\site-packages\torch\autograd\graph.py", line 865, in _engine_run_backward
    return Variable._execution_engine.run_backward(  # Calls into the C++ engine to run the backward pass
           ^^^^^^^^^^^^^^^^^^^^^^^^^^^^^^^^^^^^^^^^^^^^^^^^^^^^^^^^^^^^^^^^^^^^^^^^^^^^^^^^^^^^^^^^^^^^^^
RuntimeError: cudnn RNN backward can only be called in training mode
