
============================================================
  SeqLSTM TRAINING PIPELINE
  Modular Ablation Framework
============================================================

============================================================
  STEP 1: LOADING CONFIGURATION
============================================================
  Config file: E:\SRIP 2025\Streamflow and Water-level Prediction\Final Stuff\srip-transformer\src\configs\bidirectional.yaml
  Config name: bidirectional

  Configuration:
    • Sequential:    ✗ OFF (single LSTM)
    • Bidirectional: ✓ ON
    • Attention:     ✗ OFF
    • Rating Curve:  ✗ OFF
    • Hierarchical:  ✗ OFF

  LSTM Settings:
    • Hidden dim:    64
    • Num layers:    1
    • Dropout:       0.1

  Hard Constraints (enforced globally):
    • Lookback:      7 days
    • Batch size:    256
    • Learning rate: 0.001
    • Epochs:        30
    • Optimizer:     Adam
    • Loss:          MSE
    • Random seed:   74

  → Setting random seed: 74

  → Using device: cuda
    GPU: NVIDIA GeForce RTX 3050 4GB Laptop GPU

============================================================
  STEP 2: LOADING AND PREPARING DATA
============================================================

  → Loading station data: E:\SRIP 2025\Streamflow and Water-level Prediction\Final Stuff\srip-transformer\hierarchial\new_Barmanghat_with_hierarchical_quantiles.csv
    Raw data shape: (22279, 23)
    Date range: 1961-01-02 to 2021-12-31

  → Detected pre-computed hierarchical features in CSV
    • hierarchical_feature_quantile_0.1
    • hierarchical_feature_quantile_0.5
    • hierarchical_feature_quantile_0.9
    • hierarchical_feature_quantile_0.95
    ✗ Will be EXCLUDED (use_hierarchical=False)

  → Determining feature set
    Using auto-detected features
    Total features: 7
       1. rainfall
       2. tmax
       3. tmin
       4. waterlevel_upstream
       5. streamflow_upstream
       6. waterlevel_final
       7. streamflow_final
    Target: streamflow_final

  → Loading processed data
    Station: Barmanghat
    Processed shape: (22279, 23)

  → Splitting data by year
    Train (1971-2010):        14,610 samples
    Test (1961-1970):         3,651 samples
    Test (2011-2020):         3,653 samples

  → Scaling features (MinMaxScaler)
    Scaler fitted on 7 features

  → Creating PyTorch datasets
    Lookback window: 7 days (t-7 to t-1)
    Train dataset:   14,600 sequences
    Test 61-70:      3,641 sequences
    Test 11-20:      3,643 sequences

  → Creating DataLoaders
    Batch size: 256
    Train batches: 58

============================================================
  STEP 3: SETTING UP OUTPUT DIRECTORY
============================================================
  Run directory: E:\SRIP 2025\Streamflow and Water-level Prediction\Final Stuff\srip-transformer\runs\bidirectional_20260304_212356

============================================================
  STEP 4: RATING CURVE (SKIPPED)
============================================================
  Fitter disabled in config

============================================================
  STEP 5: CREATING MODEL
============================================================

  → Initializing SeqLSTMModel
    Input dimension: 7
    Model variant:   Bidirectional

  → Counting parameters & FLOPs
    Total parameters: 62,339
      • lstm: 37,376
      • heads: 24,963
    FLOPs (per forward pass): 508.928K  [manual estimate]

============================================================
  STEP 6: TRAINING MODEL
============================================================

  → Setting up optimizer and loss function
    Optimizer: Adam (lr=0.001)
    Loss: MSELoss

  → Starting training loop (30 epochs)
    Progress will be shown every 5 epochs


  Epoch  1/30:   0%|                                                         | 0/58 [00:00<?, ?it/s]
  Epoch  1/30:   0%|                                            | 0/58 [00:00<?, ?it/s, loss=0.0033]
  Epoch  1/30:   2%|▌                                   | 1/58 [00:00<00:25,  2.24it/s, loss=0.0033]
  Epoch  1/30:   2%|▌                                   | 1/58 [00:00<00:25,  2.24it/s, loss=0.0026]
  Epoch  1/30:   2%|▌                                   | 1/58 [00:00<00:25,  2.24it/s, loss=0.0020]
  Epoch  1/30:   2%|▌                                   | 1/58 [00:00<00:25,  2.24it/s, loss=0.0041]
  Epoch  1/30:   2%|▌                                   | 1/58 [00:00<00:25,  2.24it/s, loss=0.0043]
  Epoch  1/30:   9%|███                                 | 5/58 [00:00<00:04, 11.14it/s, loss=0.0043]
  Epoch  1/30:   9%|███                                 | 5/58 [00:00<00:04, 11.14it/s, loss=0.0031]
  Epoch  1/30:   9%|███                                 | 5/58 [00:00<00:04, 11.14it/s, loss=0.0008]
  Epoch  1/30:   9%|███                                 | 5/58 [00:00<00:04, 11.14it/s, loss=0.0031]
  Epoch  1/30:   9%|███                                 | 5/58 [00:00<00:04, 11.14it/s, loss=0.0027]
  Epoch  1/30:  16%|█████▌                              | 9/58 [00:00<00:02, 17.58it/s, loss=0.0027]
  Epoch  1/30:  16%|█████▌                              | 9/58 [00:00<00:02, 17.58it/s, loss=0.0030]
  Epoch  1/30:  16%|█████▌                              | 9/58 [00:00<00:02, 17.58it/s, loss=0.0028]
  Epoch  1/30:  16%|█████▌                              | 9/58 [00:00<00:02, 17.58it/s, loss=0.0015]
  Epoch  1/30:  16%|█████▌                              | 9/58 [00:00<00:02, 17.58it/s, loss=0.0032]
  Epoch  1/30:  22%|███████▊                           | 13/58 [00:00<00:02, 22.36it/s, loss=0.0032]
  Epoch  1/30:  22%|███████▊                           | 13/58 [00:00<00:02, 22.36it/s, loss=0.0013]
  Epoch  1/30:  22%|███████▊                           | 13/58 [00:00<00:02, 22.36it/s, loss=0.0037]
  Epoch  1/30:  22%|███████▊                           | 13/58 [00:00<00:02, 22.36it/s, loss=0.0018]
  Epoch  1/30:  22%|███████▊                           | 13/58 [00:00<00:02, 22.36it/s, loss=0.0007]
  Epoch  1/30:  29%|██████████▎                        | 17/58 [00:00<00:01, 25.78it/s, loss=0.0007]
  Epoch  1/30:  29%|██████████▎                        | 17/58 [00:00<00:01, 25.78it/s, loss=0.0009]
  Epoch  1/30:  29%|██████████▎                        | 17/58 [00:00<00:01, 25.78it/s, loss=0.0028]
  Epoch  1/30:  29%|██████████▎                        | 17/58 [00:01<00:01, 25.78it/s, loss=0.0017]
  Epoch  1/30:  29%|██████████▎                        | 17/58 [00:01<00:01, 25.78it/s, loss=0.0008]
  Epoch  1/30:  36%|████████████▋                      | 21/58 [00:01<00:01, 27.29it/s, loss=0.0008]
  Epoch  1/30:  36%|████████████▋                      | 21/58 [00:01<00:01, 27.29it/s, loss=0.0027]
  Epoch  1/30:  36%|████████████▋                      | 21/58 [00:01<00:01, 27.29it/s, loss=0.0030]
  Epoch  1/30:  36%|████████████▋                      | 21/58 [00:01<00:01, 27.29it/s, loss=0.0027]
  Epoch  1/30:  36%|████████████▋                      | 21/58 [00:01<00:01, 27.29it/s, loss=0.0033]
  Epoch  1/30:  43%|███████████████                    | 25/58 [00:01<00:01, 28.63it/s, loss=0.0033]
  Epoch  1/30:  43%|███████████████                    | 25/58 [00:01<00:01, 28.63it/s, loss=0.0014]
  Epoch  1/30:  43%|███████████████                    | 25/58 [00:01<00:01, 28.63it/s, loss=0.0014]
  Epoch  1/30:  43%|███████████████                    | 25/58 [00:01<00:01, 28.63it/s, loss=0.0010]
  Epoch  1/30:  43%|███████████████                    | 25/58 [00:01<00:01, 28.63it/s, loss=0.0045]
  Epoch  1/30:  50%|█████████████████▌                 | 29/58 [00:01<00:00, 29.73it/s, loss=0.0045]
  Epoch  1/30:  50%|█████████████████▌                 | 29/58 [00:01<00:00, 29.73it/s, loss=0.0010]
  Epoch  1/30:  50%|█████████████████▌                 | 29/58 [00:01<00:00, 29.73it/s, loss=0.0022]
  Epoch  1/30:  50%|█████████████████▌                 | 29/58 [00:01<00:00, 29.73it/s, loss=0.0006]
  Epoch  1/30:  50%|█████████████████▌                 | 29/58 [00:01<00:00, 29.73it/s, loss=0.0018]
  Epoch  1/30:  50%|█████████████████▌                 | 29/58 [00:01<00:00, 29.73it/s, loss=0.0011]
  Epoch  1/30:  59%|████████████████████▌              | 34/58 [00:01<00:00, 32.63it/s, loss=0.0011]
  Epoch  1/30:  59%|████████████████████▌              | 34/58 [00:01<00:00, 32.63it/s, loss=0.0021]
  Epoch  1/30:  59%|████████████████████▌              | 34/58 [00:01<00:00, 32.63it/s, loss=0.0013]
  Epoch  1/30:  59%|████████████████████▌              | 34/58 [00:01<00:00, 32.63it/s, loss=0.0009]
  Epoch  1/30:  59%|████████████████████▌              | 34/58 [00:01<00:00, 32.63it/s, loss=0.0026]
  Epoch  1/30:  66%|██████████████████████▉            | 38/58 [00:01<00:00, 32.93it/s, loss=0.0026]
  Epoch  1/30:  66%|██████████████████████▉            | 38/58 [00:01<00:00, 32.93it/s, loss=0.0008]
  Epoch  1/30:  66%|██████████████████████▉            | 38/58 [00:01<00:00, 32.93it/s, loss=0.0008]
  Epoch  1/30:  66%|██████████████████████▉            | 38/58 [00:01<00:00, 32.93it/s, loss=0.0025]
  Epoch  1/30:  66%|██████████████████████▉            | 38/58 [00:01<00:00, 32.93it/s, loss=0.0010]
  Epoch  1/30:  72%|█████████████████████████▎         | 42/58 [00:01<00:00, 33.10it/s, loss=0.0010]
  Epoch  1/30:  72%|█████████████████████████▎         | 42/58 [00:01<00:00, 33.10it/s, loss=0.0015]
  Epoch  1/30:  72%|█████████████████████████▎         | 42/58 [00:01<00:00, 33.10it/s, loss=0.0012]
  Epoch  1/30:  72%|█████████████████████████▎         | 42/58 [00:01<00:00, 33.10it/s, loss=0.0003]
  Epoch  1/30:  72%|█████████████████████████▎         | 42/58 [00:01<00:00, 33.10it/s, loss=0.0017]
  Epoch  1/30:  79%|███████████████████████████▊       | 46/58 [00:01<00:00, 33.63it/s, loss=0.0017]
  Epoch  1/30:  79%|███████████████████████████▊       | 46/58 [00:01<00:00, 33.63it/s, loss=0.0007]
  Epoch  1/30:  79%|███████████████████████████▊       | 46/58 [00:01<00:00, 33.63it/s, loss=0.0019]
  Epoch  1/30:  79%|███████████████████████████▊       | 46/58 [00:01<00:00, 33.63it/s, loss=0.0017]
  Epoch  1/30:  79%|███████████████████████████▊       | 46/58 [00:01<00:00, 33.63it/s, loss=0.0008]
  Epoch  1/30:  86%|██████████████████████████████▏    | 50/58 [00:01<00:00, 32.80it/s, loss=0.0008]
  Epoch  1/30:  86%|██████████████████████████████▏    | 50/58 [00:01<00:00, 32.80it/s, loss=0.0022]
  Epoch  1/30:  86%|██████████████████████████████▏    | 50/58 [00:01<00:00, 32.80it/s, loss=0.0004]
  Epoch  1/30:  86%|██████████████████████████████▏    | 50/58 [00:01<00:00, 32.80it/s, loss=0.0010]
  Epoch  1/30:  86%|██████████████████████████████▏    | 50/58 [00:02<00:00, 32.80it/s, loss=0.0013]
  Epoch  1/30:  93%|████████████████████████████████▌  | 54/58 [00:02<00:00, 32.34it/s, loss=0.0013]
  Epoch  1/30:  93%|████████████████████████████████▌  | 54/58 [00:02<00:00, 32.34it/s, loss=0.0033]
  Epoch  1/30:  93%|████████████████████████████████▌  | 54/58 [00:02<00:00, 32.34it/s, loss=0.0005]
  Epoch  1/30:  93%|████████████████████████████████▌  | 54/58 [00:02<00:00, 32.34it/s, loss=0.0013]
  Epoch  1/30:  93%|████████████████████████████████▌  | 54/58 [00:02<00:00, 32.34it/s, loss=0.0002]
  Epoch  1/30: 100%|███████████████████████████████████| 58/58 [00:02<00:00, 32.84it/s, loss=0.0002]
                                                                                                    

  Epoch  2/30:   0%|                                                         | 0/58 [00:00<?, ?it/s]
  Epoch  2/30:   0%|                                            | 0/58 [00:00<?, ?it/s, loss=0.0017]
  Epoch  2/30:   0%|                                            | 0/58 [00:00<?, ?it/s, loss=0.0020]
  Epoch  2/30:   0%|                                            | 0/58 [00:00<?, ?it/s, loss=0.0022]
  Epoch  2/30:   0%|                                            | 0/58 [00:00<?, ?it/s, loss=0.0008]
  Epoch  2/30:   7%|██▍                                 | 4/58 [00:00<00:01, 35.16it/s, loss=0.0008]
  Epoch  2/30:   7%|██▍                                 | 4/58 [00:00<00:01, 35.16it/s, loss=0.0006]
  Epoch  2/30:   7%|██▍                                 | 4/58 [00:00<00:01, 35.16it/s, loss=0.0006]
  Epoch  2/30:   7%|██▍                                 | 4/58 [00:00<00:01, 35.16it/s, loss=0.0009]
  Epoch  2/30:   7%|██▍                                 | 4/58 [00:00<00:01, 35.16it/s, loss=0.0009]
  Epoch  2/30:  14%|████▉                               | 8/58 [00:00<00:01, 36.05it/s, loss=0.0009]
  Epoch  2/30:  14%|████▉                               | 8/58 [00:00<00:01, 36.05it/s, loss=0.0009]
  Epoch  2/30:  14%|████▉                               | 8/58 [00:00<00:01, 36.05it/s, loss=0.0011]
  Epoch  2/30:  14%|████▉                               | 8/58 [00:00<00:01, 36.05it/s, loss=0.0006]
  Epoch  2/30:  14%|████▉                               | 8/58 [00:00<00:01, 36.05it/s, loss=0.0010]
  Epoch  2/30:  21%|███████▏                           | 12/58 [00:00<00:01, 33.38it/s, loss=0.0010]
  Epoch  2/30:  21%|███████▏                           | 12/58 [00:00<00:01, 33.38it/s, loss=0.0045]
  Epoch  2/30:  21%|███████▏                           | 12/58 [00:00<00:01, 33.38it/s, loss=0.0006]
  Epoch  2/30:  21%|███████▏                           | 12/58 [00:00<00:01, 33.38it/s, loss=0.0014]
  Epoch  2/30:  21%|███████▏                           | 12/58 [00:00<00:01, 33.38it/s, loss=0.0025]
  Epoch  2/30:  28%|█████████▋                         | 16/58 [00:00<00:01, 32.80it/s, loss=0.0025]
  Epoch  2/30:  28%|█████████▋                         | 16/58 [00:00<00:01, 32.80it/s, loss=0.0008]
  Epoch  2/30:  28%|█████████▋                         | 16/58 [00:00<00:01, 32.80it/s, loss=0.0025]
  Epoch  2/30:  28%|█████████▋                         | 16/58 [00:00<00:01, 32.80it/s, loss=0.0012]
  Epoch  2/30:  28%|█████████▋                         | 16/58 [00:00<00:01, 32.80it/s, loss=0.0019]
  Epoch  2/30:  34%|████████████                       | 20/58 [00:00<00:01, 32.97it/s, loss=0.0019]
  Epoch  2/30:  34%|████████████                       | 20/58 [00:00<00:01, 32.97it/s, loss=0.0007]
  Epoch  2/30:  34%|████████████                       | 20/58 [00:00<00:01, 32.97it/s, loss=0.0008]
  Epoch  2/30:  34%|████████████                       | 20/58 [00:00<00:01, 32.97it/s, loss=0.0012]
  Epoch  2/30:  34%|████████████                       | 20/58 [00:00<00:01, 32.97it/s, loss=0.0009]
  Epoch  2/30:  41%|██████████████▍                    | 24/58 [00:00<00:01, 32.10it/s, loss=0.0009]
  Epoch  2/30:  41%|██████████████▍                    | 24/58 [00:00<00:01, 32.10it/s, loss=0.0007]
  Epoch  2/30:  41%|██████████████▍                    | 24/58 [00:00<00:01, 32.10it/s, loss=0.0004]
  Epoch  2/30:  41%|██████████████▍                    | 24/58 [00:00<00:01, 32.10it/s, loss=0.0004]
  Epoch  2/30:  41%|██████████████▍                    | 24/58 [00:00<00:01, 32.10it/s, loss=0.0016]
  Epoch  2/30:  48%|████████████████▉                  | 28/58 [00:00<00:00, 32.46it/s, loss=0.0016]
  Epoch  2/30:  48%|████████████████▉                  | 28/58 [00:00<00:00, 32.46it/s, loss=0.0008]
  Epoch  2/30:  48%|████████████████▉                  | 28/58 [00:00<00:00, 32.46it/s, loss=0.0008]
  Epoch  2/30:  48%|████████████████▉                  | 28/58 [00:00<00:00, 32.46it/s, loss=0.0005]
  Epoch  2/30:  48%|████████████████▉                  | 28/58 [00:00<00:00, 32.46it/s, loss=0.0003]
  Epoch  2/30:  55%|███████████████████▎               | 32/58 [00:00<00:00, 32.50it/s, loss=0.0003]
  Epoch  2/30:  55%|███████████████████▎               | 32/58 [00:01<00:00, 32.50it/s, loss=0.0006]
  Epoch  2/30:  55%|███████████████████▎               | 32/58 [00:01<00:00, 32.50it/s, loss=0.0021]
  Epoch  2/30:  55%|███████████████████▎               | 32/58 [00:01<00:00, 32.50it/s, loss=0.0014]
  Epoch  2/30:  55%|███████████████████▎               | 32/58 [00:01<00:00, 32.50it/s, loss=0.0009]
  Epoch  2/30:  62%|█████████████████████▋             | 36/58 [00:01<00:00, 33.86it/s, loss=0.0009]
  Epoch  2/30:  62%|█████████████████████▋             | 36/58 [00:01<00:00, 33.86it/s, loss=0.0009]
  Epoch  2/30:  62%|█████████████████████▋             | 36/58 [00:01<00:00, 33.86it/s, loss=0.0013]
  Epoch  2/30:  62%|█████████████████████▋             | 36/58 [00:01<00:00, 33.86it/s, loss=0.0004]
  Epoch  2/30:  62%|█████████████████████▋             | 36/58 [00:01<00:00, 33.86it/s, loss=0.0011]
  Epoch  2/30:  69%|████████████████████████▏          | 40/58 [00:01<00:00, 33.05it/s, loss=0.0011]
  Epoch  2/30:  69%|████████████████████████▏          | 40/58 [00:01<00:00, 33.05it/s, loss=0.0016]
  Epoch  2/30:  69%|████████████████████████▏          | 40/58 [00:01<00:00, 33.05it/s, loss=0.0005]
  Epoch  2/30:  69%|████████████████████████▏          | 40/58 [00:01<00:00, 33.05it/s, loss=0.0023]
  Epoch  2/30:  69%|████████████████████████▏          | 40/58 [00:01<00:00, 33.05it/s, loss=0.0011]
  Epoch  2/30:  76%|██████████████████████████▌        | 44/58 [00:01<00:00, 32.14it/s, loss=0.0011]
  Epoch  2/30:  76%|██████████████████████████▌        | 44/58 [00:01<00:00, 32.14it/s, loss=0.0016]
  Epoch  2/30:  76%|██████████████████████████▌        | 44/58 [00:01<00:00, 32.14it/s, loss=0.0009]
  Epoch  2/30:  76%|██████████████████████████▌        | 44/58 [00:01<00:00, 32.14it/s, loss=0.0004]
  Epoch  2/30:  76%|██████████████████████████▌        | 44/58 [00:01<00:00, 32.14it/s, loss=0.0021]
  Epoch  2/30:  83%|████████████████████████████▉      | 48/58 [00:01<00:00, 32.36it/s, loss=0.0021]
  Epoch  2/30:  83%|████████████████████████████▉      | 48/58 [00:01<00:00, 32.36it/s, loss=0.0008]
  Epoch  2/30:  83%|████████████████████████████▉      | 48/58 [00:01<00:00, 32.36it/s, loss=0.0007]
  Epoch  2/30:  83%|████████████████████████████▉      | 48/58 [00:01<00:00, 32.36it/s, loss=0.0017]
  Epoch  2/30:  83%|████████████████████████████▉      | 48/58 [00:01<00:00, 32.36it/s, loss=0.0018]
  Epoch  2/30:  90%|███████████████████████████████▍   | 52/58 [00:01<00:00, 32.11it/s, loss=0.0018]
  Epoch  2/30:  90%|███████████████████████████████▍   | 52/58 [00:01<00:00, 32.11it/s, loss=0.0002]
  Epoch  2/30:  90%|███████████████████████████████▍   | 52/58 [00:01<00:00, 32.11it/s, loss=0.0010]
  Epoch  2/30:  90%|███████████████████████████████▍   | 52/58 [00:01<00:00, 32.11it/s, loss=0.0008]
  Epoch  2/30:  90%|███████████████████████████████▍   | 52/58 [00:01<00:00, 32.11it/s, loss=0.0004]
  Epoch  2/30:  97%|█████████████████████████████████▊ | 56/58 [00:01<00:00, 32.65it/s, loss=0.0004]
  Epoch  2/30:  97%|█████████████████████████████████▊ | 56/58 [00:01<00:00, 32.65it/s, loss=0.0008]
  Epoch  2/30:  97%|█████████████████████████████████▊ | 56/58 [00:01<00:00, 32.65it/s, loss=0.0002]
                                                                                                    

  Epoch  3/30:   0%|                                                         | 0/58 [00:00<?, ?it/s]
  Epoch  3/30:   0%|                                            | 0/58 [00:00<?, ?it/s, loss=0.0005]
  Epoch  3/30:   0%|                                            | 0/58 [00:00<?, ?it/s, loss=0.0011]
  Epoch  3/30:   0%|                                            | 0/58 [00:00<?, ?it/s, loss=0.0004]
  Epoch  3/30:   0%|                                            | 0/58 [00:00<?, ?it/s, loss=0.0009]
  Epoch  3/30:   7%|██▍                                 | 4/58 [00:00<00:01, 30.61it/s, loss=0.0009]
  Epoch  3/30:   7%|██▍                                 | 4/58 [00:00<00:01, 30.61it/s, loss=0.0003]
  Epoch  3/30:   7%|██▍                                 | 4/58 [00:00<00:01, 30.61it/s, loss=0.0010]
  Epoch  3/30:   7%|██▍                                 | 4/58 [00:00<00:01, 30.61it/s, loss=0.0009]
  Epoch  3/30:   7%|██▍                                 | 4/58 [00:00<00:01, 30.61it/s, loss=0.0015]
  Epoch  3/30:  14%|████▉                               | 8/58 [00:00<00:01, 34.24it/s, loss=0.0015]
  Epoch  3/30:  14%|████▉                               | 8/58 [00:00<00:01, 34.24it/s, loss=0.0011]
  Epoch  3/30:  14%|████▉                               | 8/58 [00:00<00:01, 34.24it/s, loss=0.0025]
  Epoch  3/30:  14%|████▉                               | 8/58 [00:00<00:01, 34.24it/s, loss=0.0003]
  Epoch  3/30:  14%|████▉                               | 8/58 [00:00<00:01, 34.24it/s, loss=0.0023]
  Epoch  3/30:  21%|███████▏                           | 12/58 [00:00<00:01, 36.34it/s, loss=0.0023]
  Epoch  3/30:  21%|███████▏                           | 12/58 [00:00<00:01, 36.34it/s, loss=0.0009]
  Epoch  3/30:  21%|███████▏                           | 12/58 [00:00<00:01, 36.34it/s, loss=0.0007]
  Epoch  3/30:  21%|███████▏                           | 12/58 [00:00<00:01, 36.34it/s, loss=0.0007]
  Epoch  3/30:  21%|███████▏                           | 12/58 [00:00<00:01, 36.34it/s, loss=0.0005]
  Epoch  3/30:  28%|█████████▋                         | 16/58 [00:00<00:01, 36.82it/s, loss=0.0005]
  Epoch  3/30:  28%|█████████▋                         | 16/58 [00:00<00:01, 36.82it/s, loss=0.0005]
  Epoch  3/30:  28%|█████████▋                         | 16/58 [00:00<00:01, 36.82it/s, loss=0.0013]
  Epoch  3/30:  28%|█████████▋                         | 16/58 [00:00<00:01, 36.82it/s, loss=0.0005]
  Epoch  3/30:  28%|█████████▋                         | 16/58 [00:00<00:01, 36.82it/s, loss=0.0007]
  Epoch  3/30:  28%|█████████▋                         | 16/58 [00:00<00:01, 36.82it/s, loss=0.0007]
  Epoch  3/30:  36%|████████████▋                      | 21/58 [00:00<00:00, 37.32it/s, loss=0.0007]
  Epoch  3/30:  36%|████████████▋                      | 21/58 [00:00<00:00, 37.32it/s, loss=0.0002]
  Epoch  3/30:  36%|████████████▋                      | 21/58 [00:00<00:00, 37.32it/s, loss=0.0004]
  Epoch  3/30:  36%|████████████▋                      | 21/58 [00:00<00:00, 37.32it/s, loss=0.0013]
  Epoch  3/30:  36%|████████████▋                      | 21/58 [00:00<00:00, 37.32it/s, loss=0.0007]
  Epoch  3/30:  43%|███████████████                    | 25/58 [00:00<00:00, 37.92it/s, loss=0.0007]
  Epoch  3/30:  43%|███████████████                    | 25/58 [00:00<00:00, 37.92it/s, loss=0.0004]
  Epoch  3/30:  43%|███████████████                    | 25/58 [00:00<00:00, 37.92it/s, loss=0.0007]
  Epoch  3/30:  43%|███████████████                    | 25/58 [00:00<00:00, 37.92it/s, loss=0.0019]
  Epoch  3/30:  43%|███████████████                    | 25/58 [00:00<00:00, 37.92it/s, loss=0.0005]
  Epoch  3/30:  50%|█████████████████▌                 | 29/58 [00:00<00:00, 37.97it/s, loss=0.0005]
  Epoch  3/30:  50%|█████████████████▌                 | 29/58 [00:00<00:00, 37.97it/s, loss=0.0008]
  Epoch  3/30:  50%|█████████████████▌                 | 29/58 [00:00<00:00, 37.97it/s, loss=0.0005]
  Epoch  3/30:  50%|█████████████████▌                 | 29/58 [00:00<00:00, 37.97it/s, loss=0.0005]
  Epoch  3/30:  50%|█████████████████▌                 | 29/58 [00:00<00:00, 37.97it/s, loss=0.0007]
  Epoch  3/30:  57%|███████████████████▉               | 33/58 [00:00<00:00, 35.28it/s, loss=0.0007]
  Epoch  3/30:  57%|███████████████████▉               | 33/58 [00:00<00:00, 35.28it/s, loss=0.0009]
  Epoch  3/30:  57%|███████████████████▉               | 33/58 [00:00<00:00, 35.28it/s, loss=0.0007]
  Epoch  3/30:  57%|███████████████████▉               | 33/58 [00:01<00:00, 35.28it/s, loss=0.0005]
  Epoch  3/30:  57%|███████████████████▉               | 33/58 [00:01<00:00, 35.28it/s, loss=0.0004]
  Epoch  3/30:  64%|██████████████████████▎            | 37/58 [00:01<00:00, 34.18it/s, loss=0.0004]
  Epoch  3/30:  64%|██████████████████████▎            | 37/58 [00:01<00:00, 34.18it/s, loss=0.0020]
  Epoch  3/30:  64%|██████████████████████▎            | 37/58 [00:01<00:00, 34.18it/s, loss=0.0006]
  Epoch  3/30:  64%|██████████████████████▎            | 37/58 [00:01<00:00, 34.18it/s, loss=0.0013]
  Epoch  3/30:  64%|██████████████████████▎            | 37/58 [00:01<00:00, 34.18it/s, loss=0.0005]
  Epoch  3/30:  71%|████████████████████████▋          | 41/58 [00:01<00:00, 33.60it/s, loss=0.0005]
  Epoch  3/30:  71%|████████████████████████▋          | 41/58 [00:01<00:00, 33.60it/s, loss=0.0007]
  Epoch  3/30:  71%|████████████████████████▋          | 41/58 [00:01<00:00, 33.60it/s, loss=0.0005]
  Epoch  3/30:  71%|████████████████████████▋          | 41/58 [00:01<00:00, 33.60it/s, loss=0.0006]
  Epoch  3/30:  71%|████████████████████████▋          | 41/58 [00:01<00:00, 33.60it/s, loss=0.0020]
  Epoch  3/30:  78%|███████████████████████████▏       | 45/58 [00:01<00:00, 33.44it/s, loss=0.0020]
  Epoch  3/30:  78%|███████████████████████████▏       | 45/58 [00:01<00:00, 33.44it/s, loss=0.0014]
  Epoch  3/30:  78%|███████████████████████████▏       | 45/58 [00:01<00:00, 33.44it/s, loss=0.0011]
  Epoch  3/30:  78%|███████████████████████████▏       | 45/58 [00:01<00:00, 33.44it/s, loss=0.0010]
  Epoch  3/30:  78%|███████████████████████████▏       | 45/58 [00:01<00:00, 33.44it/s, loss=0.0005]
  Epoch  3/30:  84%|█████████████████████████████▌     | 49/58 [00:01<00:00, 33.78it/s, loss=0.0005]
  Epoch  3/30:  84%|█████████████████████████████▌     | 49/58 [00:01<00:00, 33.78it/s, loss=0.0017]
  Epoch  3/30:  84%|█████████████████████████████▌     | 49/58 [00:01<00:00, 33.78it/s, loss=0.0025]
  Epoch  3/30:  84%|█████████████████████████████▌     | 49/58 [00:01<00:00, 33.78it/s, loss=0.0012]
  Epoch  3/30:  84%|█████████████████████████████▌     | 49/58 [00:01<00:00, 33.78it/s, loss=0.0005]
  Epoch  3/30:  91%|███████████████████████████████▉   | 53/58 [00:01<00:00, 33.62it/s, loss=0.0005]
  Epoch  3/30:  91%|███████████████████████████████▉   | 53/58 [00:01<00:00, 33.62it/s, loss=0.0010]
  Epoch  3/30:  91%|███████████████████████████████▉   | 53/58 [00:01<00:00, 33.62it/s, loss=0.0010]
  Epoch  3/30:  91%|███████████████████████████████▉   | 53/58 [00:01<00:00, 33.62it/s, loss=0.0003]
  Epoch  3/30:  91%|███████████████████████████████▉   | 53/58 [00:01<00:00, 33.62it/s, loss=0.0025]
  Epoch  3/30:  98%|██████████████████████████████████▍| 57/58 [00:01<00:00, 33.43it/s, loss=0.0025]
  Epoch  3/30:  98%|██████████████████████████████████▍| 57/58 [00:01<00:00, 33.43it/s, loss=0.0002]
                                                                                                    

  Epoch  4/30:   0%|                                                         | 0/58 [00:00<?, ?it/s]
  Epoch  4/30:   0%|                                            | 0/58 [00:00<?, ?it/s, loss=0.0007]
  Epoch  4/30:   0%|                                            | 0/58 [00:00<?, ?it/s, loss=0.0006]
  Epoch  4/30:   0%|                                            | 0/58 [00:00<?, ?it/s, loss=0.0007]
  Epoch  4/30:   0%|                                            | 0/58 [00:00<?, ?it/s, loss=0.0015]
  Epoch  4/30:   7%|██▍                                 | 4/58 [00:00<00:01, 36.61it/s, loss=0.0015]
  Epoch  4/30:   7%|██▍                                 | 4/58 [00:00<00:01, 36.61it/s, loss=0.0003]
  Epoch  4/30:   7%|██▍                                 | 4/58 [00:00<00:01, 36.61it/s, loss=0.0013]
  Epoch  4/30:   7%|██▍                                 | 4/58 [00:00<00:01, 36.61it/s, loss=0.0004]
  Epoch  4/30:   7%|██▍                                 | 4/58 [00:00<00:01, 36.61it/s, loss=0.0026]
  Epoch  4/30:  14%|████▉                               | 8/58 [00:00<00:01, 37.01it/s, loss=0.0026]
  Epoch  4/30:  14%|████▉                               | 8/58 [00:00<00:01, 37.01it/s, loss=0.0003]
  Epoch  4/30:  14%|████▉                               | 8/58 [00:00<00:01, 37.01it/s, loss=0.0006]
  Epoch  4/30:  14%|████▉                               | 8/58 [00:00<00:01, 37.01it/s, loss=0.0017]
  Epoch  4/30:  14%|████▉                               | 8/58 [00:00<00:01, 37.01it/s, loss=0.0003]
  Epoch  4/30:  21%|███████▏                           | 12/58 [00:00<00:01, 33.76it/s, loss=0.0003]
  Epoch  4/30:  21%|███████▏                           | 12/58 [00:00<00:01, 33.76it/s, loss=0.0020]
  Epoch  4/30:  21%|███████▏                           | 12/58 [00:00<00:01, 33.76it/s, loss=0.0016]
  Epoch  4/30:  21%|███████▏                           | 12/58 [00:00<00:01, 33.76it/s, loss=0.0030]
  Epoch  4/30:  21%|███████▏                           | 12/58 [00:00<00:01, 33.76it/s, loss=0.0011]
  Epoch  4/30:  28%|█████████▋                         | 16/58 [00:00<00:01, 34.01it/s, loss=0.0011]
  Epoch  4/30:  28%|█████████▋                         | 16/58 [00:00<00:01, 34.01it/s, loss=0.0011]
  Epoch  4/30:  28%|█████████▋                         | 16/58 [00:00<00:01, 34.01it/s, loss=0.0017]
  Epoch  4/30:  28%|█████████▋                         | 16/58 [00:00<00:01, 34.01it/s, loss=0.0008]
  Epoch  4/30:  28%|█████████▋                         | 16/58 [00:00<00:01, 34.01it/s, loss=0.0009]
  Epoch  4/30:  34%|████████████                       | 20/58 [00:00<00:01, 33.81it/s, loss=0.0009]
  Epoch  4/30:  34%|████████████                       | 20/58 [00:00<00:01, 33.81it/s, loss=0.0004]
  Epoch  4/30:  34%|████████████                       | 20/58 [00:00<00:01, 33.81it/s, loss=0.0013]
  Epoch  4/30:  34%|████████████                       | 20/58 [00:00<00:01, 33.81it/s, loss=0.0012]
  Epoch  4/30:  34%|████████████                       | 20/58 [00:00<00:01, 33.81it/s, loss=0.0005]
  Epoch  4/30:  41%|██████████████▍                    | 24/58 [00:00<00:00, 34.07it/s, loss=0.0005]
  Epoch  4/30:  41%|██████████████▍                    | 24/58 [00:00<00:00, 34.07it/s, loss=0.0006]
  Epoch  4/30:  41%|██████████████▍                    | 24/58 [00:00<00:00, 34.07it/s, loss=0.0004]
  Epoch  4/30:  41%|██████████████▍                    | 24/58 [00:00<00:00, 34.07it/s, loss=0.0010]
  Epoch  4/30:  41%|██████████████▍                    | 24/58 [00:00<00:00, 34.07it/s, loss=0.0011]
  Epoch  4/30:  48%|████████████████▉                  | 28/58 [00:00<00:00, 35.60it/s, loss=0.0011]
  Epoch  4/30:  48%|████████████████▉                  | 28/58 [00:00<00:00, 35.60it/s, loss=0.0005]
  Epoch  4/30:  48%|████████████████▉                  | 28/58 [00:00<00:00, 35.60it/s, loss=0.0003]
  Epoch  4/30:  48%|████████████████▉                  | 28/58 [00:00<00:00, 35.60it/s, loss=0.0008]
  Epoch  4/30:  48%|████████████████▉                  | 28/58 [00:00<00:00, 35.60it/s, loss=0.0006]
  Epoch  4/30:  55%|███████████████████▎               | 32/58 [00:00<00:00, 34.87it/s, loss=0.0006]
  Epoch  4/30:  55%|███████████████████▎               | 32/58 [00:00<00:00, 34.87it/s, loss=0.0005]
  Epoch  4/30:  55%|███████████████████▎               | 32/58 [00:00<00:00, 34.87it/s, loss=0.0012]
  Epoch  4/30:  55%|███████████████████▎               | 32/58 [00:01<00:00, 34.87it/s, loss=0.0005]
  Epoch  4/30:  55%|███████████████████▎               | 32/58 [00:01<00:00, 34.87it/s, loss=0.0006]
  Epoch  4/30:  62%|█████████████████████▋             | 36/58 [00:01<00:00, 34.78it/s, loss=0.0006]
  Epoch  4/30:  62%|█████████████████████▋             | 36/58 [00:01<00:00, 34.78it/s, loss=0.0012]
  Epoch  4/30:  62%|█████████████████████▋             | 36/58 [00:01<00:00, 34.78it/s, loss=0.0020]
  Epoch  4/30:  62%|█████████████████████▋             | 36/58 [00:01<00:00, 34.78it/s, loss=0.0009]
  Epoch  4/30:  62%|█████████████████████▋             | 36/58 [00:01<00:00, 34.78it/s, loss=0.0009]
  Epoch  4/30:  69%|████████████████████████▏          | 40/58 [00:01<00:00, 34.86it/s, loss=0.0009]
  Epoch  4/30:  69%|████████████████████████▏          | 40/58 [00:01<00:00, 34.86it/s, loss=0.0008]
  Epoch  4/30:  69%|████████████████████████▏          | 40/58 [00:01<00:00, 34.86it/s, loss=0.0003]
  Epoch  4/30:  69%|████████████████████████▏          | 40/58 [00:01<00:00, 34.86it/s, loss=0.0003]
  Epoch  4/30:  69%|████████████████████████▏          | 40/58 [00:01<00:00, 34.86it/s, loss=0.0004]
  Epoch  4/30:  76%|██████████████████████████▌        | 44/58 [00:01<00:00, 34.40it/s, loss=0.0004]
  Epoch  4/30:  76%|██████████████████████████▌        | 44/58 [00:01<00:00, 34.40it/s, loss=0.0005]
  Epoch  4/30:  76%|██████████████████████████▌        | 44/58 [00:01<00:00, 34.40it/s, loss=0.0013]
  Epoch  4/30:  76%|██████████████████████████▌        | 44/58 [00:01<00:00, 34.40it/s, loss=0.0002]
  Epoch  4/30:  76%|██████████████████████████▌        | 44/58 [00:01<00:00, 34.40it/s, loss=0.0005]
  Epoch  4/30:  83%|████████████████████████████▉      | 48/58 [00:01<00:00, 34.59it/s, loss=0.0005]
  Epoch  4/30:  83%|████████████████████████████▉      | 48/58 [00:01<00:00, 34.59it/s, loss=0.0004]
  Epoch  4/30:  83%|████████████████████████████▉      | 48/58 [00:01<00:00, 34.59it/s, loss=0.0004]
  Epoch  4/30:  83%|████████████████████████████▉      | 48/58 [00:01<00:00, 34.59it/s, loss=0.0004]
  Epoch  4/30:  83%|████████████████████████████▉      | 48/58 [00:01<00:00, 34.59it/s, loss=0.0008]
  Epoch  4/30:  83%|████████████████████████████▉      | 48/58 [00:01<00:00, 34.59it/s, loss=0.0009]
  Epoch  4/30:  91%|███████████████████████████████▉   | 53/58 [00:01<00:00, 38.00it/s, loss=0.0009]
  Epoch  4/30:  91%|███████████████████████████████▉   | 53/58 [00:01<00:00, 38.00it/s, loss=0.0009]
  Epoch  4/30:  91%|███████████████████████████████▉   | 53/58 [00:01<00:00, 38.00it/s, loss=0.0005]
  Epoch  4/30:  91%|███████████████████████████████▉   | 53/58 [00:01<00:00, 38.00it/s, loss=0.0005]
  Epoch  4/30:  91%|███████████████████████████████▉   | 53/58 [00:01<00:00, 38.00it/s, loss=0.0006]
  Epoch  4/30:  91%|███████████████████████████████▉   | 53/58 [00:01<00:00, 38.00it/s, loss=0.0001]
  Epoch  4/30: 100%|███████████████████████████████████| 58/58 [00:01<00:00, 40.51it/s, loss=0.0001]
                                                                                                    

  Epoch  5/30:   0%|                                                         | 0/58 [00:00<?, ?it/s]
  Epoch  5/30:   0%|                                            | 0/58 [00:00<?, ?it/s, loss=0.0006]
  Epoch  5/30:   0%|                                            | 0/58 [00:00<?, ?it/s, loss=0.0015]
  Epoch  5/30:   0%|                                            | 0/58 [00:00<?, ?it/s, loss=0.0014]
  Epoch  5/30:   0%|                                            | 0/58 [00:00<?, ?it/s, loss=0.0005]
  Epoch  5/30:   7%|██▍                                 | 4/58 [00:00<00:01, 35.54it/s, loss=0.0005]
  Epoch  5/30:   7%|██▍                                 | 4/58 [00:00<00:01, 35.54it/s, loss=0.0007]
  Epoch  5/30:   7%|██▍                                 | 4/58 [00:00<00:01, 35.54it/s, loss=0.0006]
  Epoch  5/30:   7%|██▍                                 | 4/58 [00:00<00:01, 35.54it/s, loss=0.0003]
  Epoch  5/30:   7%|██▍                                 | 4/58 [00:00<00:01, 35.54it/s, loss=0.0005]
  Epoch  5/30:  14%|████▉                               | 8/58 [00:00<00:01, 37.55it/s, loss=0.0005]
  Epoch  5/30:  14%|████▉                               | 8/58 [00:00<00:01, 37.55it/s, loss=0.0004]
  Epoch  5/30:  14%|████▉                               | 8/58 [00:00<00:01, 37.55it/s, loss=0.0012]
  Epoch  5/30:  14%|████▉                               | 8/58 [00:00<00:01, 37.55it/s, loss=0.0021]
  Epoch  5/30:  14%|████▉                               | 8/58 [00:00<00:01, 37.55it/s, loss=0.0005]
  Epoch  5/30:  14%|████▉                               | 8/58 [00:00<00:01, 37.55it/s, loss=0.0011]
  Epoch  5/30:  22%|███████▊                           | 13/58 [00:00<00:01, 38.17it/s, loss=0.0011]
  Epoch  5/30:  22%|███████▊                           | 13/58 [00:00<00:01, 38.17it/s, loss=0.0004]
  Epoch  5/30:  22%|███████▊                           | 13/58 [00:00<00:01, 38.17it/s, loss=0.0008]
  Epoch  5/30:  22%|███████▊                           | 13/58 [00:00<00:01, 38.17it/s, loss=0.0011]
  Epoch  5/30:  22%|███████▊                           | 13/58 [00:00<00:01, 38.17it/s, loss=0.0008]
  Epoch  5/30:  22%|███████▊                           | 13/58 [00:00<00:01, 38.17it/s, loss=0.0006]
  Epoch  5/30:  31%|██████████▊                        | 18/58 [00:00<00:01, 39.69it/s, loss=0.0006]
  Epoch  5/30:  31%|██████████▊                        | 18/58 [00:00<00:01, 39.69it/s, loss=0.0004]
  Epoch  5/30:  31%|██████████▊                        | 18/58 [00:00<00:01, 39.69it/s, loss=0.0009]
  Epoch  5/30:  31%|██████████▊                        | 18/58 [00:00<00:01, 39.69it/s, loss=0.0006]
  Epoch  5/30:  31%|██████████▊                        | 18/58 [00:00<00:01, 39.69it/s, loss=0.0004]
  Epoch  5/30:  38%|█████████████▎                     | 22/58 [00:00<00:00, 39.21it/s, loss=0.0004]
  Epoch  5/30:  38%|█████████████▎                     | 22/58 [00:00<00:00, 39.21it/s, loss=0.0010]
  Epoch  5/30:  38%|█████████████▎                     | 22/58 [00:00<00:00, 39.21it/s, loss=0.0012]
  Epoch  5/30:  38%|█████████████▎                     | 22/58 [00:00<00:00, 39.21it/s, loss=0.0014]
  Epoch  5/30:  38%|█████████████▎                     | 22/58 [00:00<00:00, 39.21it/s, loss=0.0008]
  Epoch  5/30:  45%|███████████████▋                   | 26/58 [00:00<00:00, 38.07it/s, loss=0.0008]
  Epoch  5/30:  45%|███████████████▋                   | 26/58 [00:00<00:00, 38.07it/s, loss=0.0006]
  Epoch  5/30:  45%|███████████████▋                   | 26/58 [00:00<00:00, 38.07it/s, loss=0.0006]
  Epoch  5/30:  45%|███████████████▋                   | 26/58 [00:00<00:00, 38.07it/s, loss=0.0006]
  Epoch  5/30:  45%|███████████████▋                   | 26/58 [00:00<00:00, 38.07it/s, loss=0.0018]
  Epoch  5/30:  45%|███████████████▋                   | 26/58 [00:00<00:00, 38.07it/s, loss=0.0005]
  Epoch  5/30:  45%|███████████████▋                   | 26/58 [00:00<00:00, 38.07it/s, loss=0.0006]
  Epoch  5/30:  55%|███████████████████▎               | 32/58 [00:00<00:00, 42.58it/s, loss=0.0006]
  Epoch  5/30:  55%|███████████████████▎               | 32/58 [00:00<00:00, 42.58it/s, loss=0.0006]
  Epoch  5/30:  55%|███████████████████▎               | 32/58 [00:00<00:00, 42.58it/s, loss=0.0012]
  Epoch  5/30:  55%|███████████████████▎               | 32/58 [00:00<00:00, 42.58it/s, loss=0.0029]
  Epoch  5/30:  55%|███████████████████▎               | 32/58 [00:00<00:00, 42.58it/s, loss=0.0003]
  Epoch  5/30:  55%|███████████████████▎               | 32/58 [00:00<00:00, 42.58it/s, loss=0.0003]
  Epoch  5/30:  64%|██████████████████████▎            | 37/58 [00:00<00:00, 42.34it/s, loss=0.0003]
  Epoch  5/30:  64%|██████████████████████▎            | 37/58 [00:00<00:00, 42.34it/s, loss=0.0008]
  Epoch  5/30:  64%|██████████████████████▎            | 37/58 [00:00<00:00, 42.34it/s, loss=0.0007]
  Epoch  5/30:  64%|██████████████████████▎            | 37/58 [00:00<00:00, 42.34it/s, loss=0.0004]
  Epoch  5/30:  64%|██████████████████████▎            | 37/58 [00:01<00:00, 42.34it/s, loss=0.0004]
  Epoch  5/30:  64%|██████████████████████▎            | 37/58 [00:01<00:00, 42.34it/s, loss=0.0017]
  Epoch  5/30:  72%|█████████████████████████▎         | 42/58 [00:01<00:00, 40.79it/s, loss=0.0017]
  Epoch  5/30:  72%|█████████████████████████▎         | 42/58 [00:01<00:00, 40.79it/s, loss=0.0011]
  Epoch  5/30:  72%|█████████████████████████▎         | 42/58 [00:01<00:00, 40.79it/s, loss=0.0005]
  Epoch  5/30:  72%|█████████████████████████▎         | 42/58 [00:01<00:00, 40.79it/s, loss=0.0013]
  Epoch  5/30:  72%|█████████████████████████▎         | 42/58 [00:01<00:00, 40.79it/s, loss=0.0004]
  Epoch  5/30:  72%|█████████████████████████▎         | 42/58 [00:01<00:00, 40.79it/s, loss=0.0006]
  Epoch  5/30:  81%|████████████████████████████▎      | 47/58 [00:01<00:00, 41.09it/s, loss=0.0006]
  Epoch  5/30:  81%|████████████████████████████▎      | 47/58 [00:01<00:00, 41.09it/s, loss=0.0014]
  Epoch  5/30:  81%|████████████████████████████▎      | 47/58 [00:01<00:00, 41.09it/s, loss=0.0016]
  Epoch  5/30:  81%|████████████████████████████▎      | 47/58 [00:01<00:00, 41.09it/s, loss=0.0010]
  Epoch  5/30:  81%|████████████████████████████▎      | 47/58 [00:01<00:00, 41.09it/s, loss=0.0005]
  Epoch  5/30:  81%|████████████████████████████▎      | 47/58 [00:01<00:00, 41.09it/s, loss=0.0009]
  Epoch  5/30:  90%|███████████████████████████████▍   | 52/58 [00:01<00:00, 39.24it/s, loss=0.0009]
  Epoch  5/30:  90%|███████████████████████████████▍   | 52/58 [00:01<00:00, 39.24it/s, loss=0.0004]
  Epoch  5/30:  90%|███████████████████████████████▍   | 52/58 [00:01<00:00, 39.24it/s, loss=0.0007]
  Epoch  5/30:  90%|███████████████████████████████▍   | 52/58 [00:01<00:00, 39.24it/s, loss=0.0005]
  Epoch  5/30:  90%|███████████████████████████████▍   | 52/58 [00:01<00:00, 39.24it/s, loss=0.0007]
  Epoch  5/30:  97%|█████████████████████████████████▊ | 56/58 [00:01<00:00, 38.76it/s, loss=0.0007]
  Epoch  5/30:  97%|█████████████████████████████████▊ | 56/58 [00:01<00:00, 38.76it/s, loss=0.0010]
  Epoch  5/30:  97%|█████████████████████████████████▊ | 56/58 [00:01<00:00, 38.76it/s, loss=0.0008]
                                                                                                    
  Epoch  5/30 │ Loss: 0.0008 │ T+1: 0.8157 │ T+2: 0.6096 │ T+3: 0.4332 ★ NEW BEST

  Epoch  6/30:   0%|                                                         | 0/58 [00:00<?, ?it/s]
  Epoch  6/30:   0%|                                            | 0/58 [00:00<?, ?it/s, loss=0.0013]
  Epoch  6/30:   0%|                                            | 0/58 [00:00<?, ?it/s, loss=0.0010]
  Epoch  6/30:   0%|                                            | 0/58 [00:00<?, ?it/s, loss=0.0005]
  Epoch  6/30:   0%|                                            | 0/58 [00:00<?, ?it/s, loss=0.0009]
  Epoch  6/30:   7%|██▍                                 | 4/58 [00:00<00:01, 36.13it/s, loss=0.0009]
  Epoch  6/30:   7%|██▍                                 | 4/58 [00:00<00:01, 36.13it/s, loss=0.0004]
  Epoch  6/30:   7%|██▍                                 | 4/58 [00:00<00:01, 36.13it/s, loss=0.0005]
  Epoch  6/30:   7%|██▍                                 | 4/58 [00:00<00:01, 36.13it/s, loss=0.0018]
  Epoch  6/30:   7%|██▍                                 | 4/58 [00:00<00:01, 36.13it/s, loss=0.0019]
  Epoch  6/30:  14%|████▉                               | 8/58 [00:00<00:01, 33.19it/s, loss=0.0019]
  Epoch  6/30:  14%|████▉                               | 8/58 [00:00<00:01, 33.19it/s, loss=0.0003]
  Epoch  6/30:  14%|████▉                               | 8/58 [00:00<00:01, 33.19it/s, loss=0.0009]
  Epoch  6/30:  14%|████▉                               | 8/58 [00:00<00:01, 33.19it/s, loss=0.0008]
  Epoch  6/30:  14%|████▉                               | 8/58 [00:00<00:01, 33.19it/s, loss=0.0002]
  Epoch  6/30:  21%|███████▏                           | 12/58 [00:00<00:01, 34.86it/s, loss=0.0002]
  Epoch  6/30:  21%|███████▏                           | 12/58 [00:00<00:01, 34.86it/s, loss=0.0004]
  Epoch  6/30:  21%|███████▏                           | 12/58 [00:00<00:01, 34.86it/s, loss=0.0003]
  Epoch  6/30:  21%|███████▏                           | 12/58 [00:00<00:01, 34.86it/s, loss=0.0006]
  Epoch  6/30:  21%|███████▏                           | 12/58 [00:00<00:01, 34.86it/s, loss=0.0010]
  Epoch  6/30:  21%|███████▏                           | 12/58 [00:00<00:01, 34.86it/s, loss=0.0010]
  Epoch  6/30:  29%|██████████▎                        | 17/58 [00:00<00:01, 37.91it/s, loss=0.0010]
  Epoch  6/30:  29%|██████████▎                        | 17/58 [00:00<00:01, 37.91it/s, loss=0.0021]
  Epoch  6/30:  29%|██████████▎                        | 17/58 [00:00<00:01, 37.91it/s, loss=0.0003]
  Epoch  6/30:  29%|██████████▎                        | 17/58 [00:00<00:01, 37.91it/s, loss=0.0005]
  Epoch  6/30:  29%|██████████▎                        | 17/58 [00:00<00:01, 37.91it/s, loss=0.0010]
  Epoch  6/30:  29%|██████████▎                        | 17/58 [00:00<00:01, 37.91it/s, loss=0.0012]
  Epoch  6/30:  38%|█████████████▎                     | 22/58 [00:00<00:00, 39.70it/s, loss=0.0012]
  Epoch  6/30:  38%|█████████████▎                     | 22/58 [00:00<00:00, 39.70it/s, loss=0.0011]
  Epoch  6/30:  38%|█████████████▎                     | 22/58 [00:00<00:00, 39.70it/s, loss=0.0005]
  Epoch  6/30:  38%|█████████████▎                     | 22/58 [00:00<00:00, 39.70it/s, loss=0.0017]
  Epoch  6/30:  38%|█████████████▎                     | 22/58 [00:00<00:00, 39.70it/s, loss=0.0004]
  Epoch  6/30:  45%|███████████████▋                   | 26/58 [00:00<00:00, 36.97it/s, loss=0.0004]
  Epoch  6/30:  45%|███████████████▋                   | 26/58 [00:00<00:00, 36.97it/s, loss=0.0005]
  Epoch  6/30:  45%|███████████████▋                   | 26/58 [00:00<00:00, 36.97it/s, loss=0.0016]
  Epoch  6/30:  45%|███████████████▋                   | 26/58 [00:00<00:00, 36.97it/s, loss=0.0010]
  Epoch  6/30:  45%|███████████████▋                   | 26/58 [00:00<00:00, 36.97it/s, loss=0.0011]
  Epoch  6/30:  45%|███████████████▋                   | 26/58 [00:00<00:00, 36.97it/s, loss=0.0012]
  Epoch  6/30:  53%|██████████████████▋                | 31/58 [00:00<00:00, 38.23it/s, loss=0.0012]
  Epoch  6/30:  53%|██████████████████▋                | 31/58 [00:00<00:00, 38.23it/s, loss=0.0011]
  Epoch  6/30:  53%|██████████████████▋                | 31/58 [00:00<00:00, 38.23it/s, loss=0.0025]
  Epoch  6/30:  53%|██████████████████▋                | 31/58 [00:00<00:00, 38.23it/s, loss=0.0004]
  Epoch  6/30:  53%|██████████████████▋                | 31/58 [00:00<00:00, 38.23it/s, loss=0.0014]
  Epoch  6/30:  53%|██████████████████▋                | 31/58 [00:00<00:00, 38.23it/s, loss=0.0010]
  Epoch  6/30:  62%|█████████████████████▋             | 36/58 [00:00<00:00, 38.94it/s, loss=0.0010]
  Epoch  6/30:  62%|█████████████████████▋             | 36/58 [00:00<00:00, 38.94it/s, loss=0.0006]
  Epoch  6/30:  62%|█████████████████████▋             | 36/58 [00:01<00:00, 38.94it/s, loss=0.0005]
  Epoch  6/30:  62%|█████████████████████▋             | 36/58 [00:01<00:00, 38.94it/s, loss=0.0006]
  Epoch  6/30:  62%|█████████████████████▋             | 36/58 [00:01<00:00, 38.94it/s, loss=0.0003]
  Epoch  6/30:  69%|████████████████████████▏          | 40/58 [00:01<00:00, 39.12it/s, loss=0.0003]
  Epoch  6/30:  69%|████████████████████████▏          | 40/58 [00:01<00:00, 39.12it/s, loss=0.0004]
  Epoch  6/30:  69%|████████████████████████▏          | 40/58 [00:01<00:00, 39.12it/s, loss=0.0004]
  Epoch  6/30:  69%|████████████████████████▏          | 40/58 [00:01<00:00, 39.12it/s, loss=0.0005]
  Epoch  6/30:  69%|████████████████████████▏          | 40/58 [00:01<00:00, 39.12it/s, loss=0.0005]
  Epoch  6/30:  76%|██████████████████████████▌        | 44/58 [00:01<00:00, 37.72it/s, loss=0.0005]
  Epoch  6/30:  76%|██████████████████████████▌        | 44/58 [00:01<00:00, 37.72it/s, loss=0.0004]
  Epoch  6/30:  76%|██████████████████████████▌        | 44/58 [00:01<00:00, 37.72it/s, loss=0.0020]
  Epoch  6/30:  76%|██████████████████████████▌        | 44/58 [00:01<00:00, 37.72it/s, loss=0.0009]
  Epoch  6/30:  76%|██████████████████████████▌        | 44/58 [00:01<00:00, 37.72it/s, loss=0.0009]
  Epoch  6/30:  83%|████████████████████████████▉      | 48/58 [00:01<00:00, 37.81it/s, loss=0.0009]
  Epoch  6/30:  83%|████████████████████████████▉      | 48/58 [00:01<00:00, 37.81it/s, loss=0.0003]
  Epoch  6/30:  83%|████████████████████████████▉      | 48/58 [00:01<00:00, 37.81it/s, loss=0.0005]
  Epoch  6/30:  83%|████████████████████████████▉      | 48/58 [00:01<00:00, 37.81it/s, loss=0.0004]
  Epoch  6/30:  83%|████████████████████████████▉      | 48/58 [00:01<00:00, 37.81it/s, loss=0.0005]
  Epoch  6/30:  90%|███████████████████████████████▍   | 52/58 [00:01<00:00, 36.96it/s, loss=0.0005]
  Epoch  6/30:  90%|███████████████████████████████▍   | 52/58 [00:01<00:00, 36.96it/s, loss=0.0007]
  Epoch  6/30:  90%|███████████████████████████████▍   | 52/58 [00:01<00:00, 36.96it/s, loss=0.0008]
  Epoch  6/30:  90%|███████████████████████████████▍   | 52/58 [00:01<00:00, 36.96it/s, loss=0.0004]
  Epoch  6/30:  90%|███████████████████████████████▍   | 52/58 [00:01<00:00, 36.96it/s, loss=0.0009]
  Epoch  6/30:  97%|█████████████████████████████████▊ | 56/58 [00:01<00:00, 28.70it/s, loss=0.0009]
  Epoch  6/30:  97%|█████████████████████████████████▊ | 56/58 [00:01<00:00, 28.70it/s, loss=0.0003]
  Epoch  6/30:  97%|█████████████████████████████████▊ | 56/58 [00:01<00:00, 28.70it/s, loss=0.0081]
                                                                                                    

  Epoch  7/30:   0%|                                                         | 0/58 [00:00<?, ?it/s]
  Epoch  7/30:   0%|                                            | 0/58 [00:00<?, ?it/s, loss=0.0004]
  Epoch  7/30:   0%|                                            | 0/58 [00:00<?, ?it/s, loss=0.0010]
  Epoch  7/30:   0%|                                            | 0/58 [00:00<?, ?it/s, loss=0.0014]
  Epoch  7/30:   0%|                                            | 0/58 [00:00<?, ?it/s, loss=0.0007]
  Epoch  7/30:   7%|██▍                                 | 4/58 [00:00<00:01, 33.71it/s, loss=0.0007]
  Epoch  7/30:   7%|██▍                                 | 4/58 [00:00<00:01, 33.71it/s, loss=0.0009]
  Epoch  7/30:   7%|██▍                                 | 4/58 [00:00<00:01, 33.71it/s, loss=0.0002]
  Epoch  7/30:   7%|██▍                                 | 4/58 [00:00<00:01, 33.71it/s, loss=0.0012]
  Epoch  7/30:   7%|██▍                                 | 4/58 [00:00<00:01, 33.71it/s, loss=0.0012]
  Epoch  7/30:  14%|████▉                               | 8/58 [00:00<00:01, 36.93it/s, loss=0.0012]
  Epoch  7/30:  14%|████▉                               | 8/58 [00:00<00:01, 36.93it/s, loss=0.0006]
  Epoch  7/30:  14%|████▉                               | 8/58 [00:00<00:01, 36.93it/s, loss=0.0007]
  Epoch  7/30:  14%|████▉                               | 8/58 [00:00<00:01, 36.93it/s, loss=0.0020]
  Epoch  7/30:  14%|████▉                               | 8/58 [00:00<00:01, 36.93it/s, loss=0.0011]
  Epoch  7/30:  21%|███████▏                           | 12/58 [00:00<00:01, 38.25it/s, loss=0.0011]
  Epoch  7/30:  21%|███████▏                           | 12/58 [00:00<00:01, 38.25it/s, loss=0.0004]
  Epoch  7/30:  21%|███████▏                           | 12/58 [00:00<00:01, 38.25it/s, loss=0.0010]
  Epoch  7/30:  21%|███████▏                           | 12/58 [00:00<00:01, 38.25it/s, loss=0.0007]
  Epoch  7/30:  21%|███████▏                           | 12/58 [00:00<00:01, 38.25it/s, loss=0.0008]
  Epoch  7/30:  28%|█████████▋                         | 16/58 [00:00<00:01, 36.69it/s, loss=0.0008]
  Epoch  7/30:  28%|█████████▋                         | 16/58 [00:00<00:01, 36.69it/s, loss=0.0007]
  Epoch  7/30:  28%|█████████▋                         | 16/58 [00:00<00:01, 36.69it/s, loss=0.0005]
  Epoch  7/30:  28%|█████████▋                         | 16/58 [00:00<00:01, 36.69it/s, loss=0.0020]
  Epoch  7/30:  28%|█████████▋                         | 16/58 [00:00<00:01, 36.69it/s, loss=0.0005]
  Epoch  7/30:  34%|████████████                       | 20/58 [00:00<00:01, 35.97it/s, loss=0.0005]
  Epoch  7/30:  34%|████████████                       | 20/58 [00:00<00:01, 35.97it/s, loss=0.0005]
  Epoch  7/30:  34%|████████████                       | 20/58 [00:00<00:01, 35.97it/s, loss=0.0015]
  Epoch  7/30:  34%|████████████                       | 20/58 [00:00<00:01, 35.97it/s, loss=0.0004]
  Epoch  7/30:  34%|████████████                       | 20/58 [00:00<00:01, 35.97it/s, loss=0.0026]
  Epoch  7/30:  41%|██████████████▍                    | 24/58 [00:00<00:01, 33.60it/s, loss=0.0026]
  Epoch  7/30:  41%|██████████████▍                    | 24/58 [00:00<00:01, 33.60it/s, loss=0.0005]
  Epoch  7/30:  41%|██████████████▍                    | 24/58 [00:00<00:01, 33.60it/s, loss=0.0003]
  Epoch  7/30:  41%|██████████████▍                    | 24/58 [00:00<00:01, 33.60it/s, loss=0.0009]
  Epoch  7/30:  41%|██████████████▍                    | 24/58 [00:00<00:01, 33.60it/s, loss=0.0012]
  Epoch  7/30:  48%|████████████████▉                  | 28/58 [00:00<00:00, 34.10it/s, loss=0.0012]
  Epoch  7/30:  48%|████████████████▉                  | 28/58 [00:00<00:00, 34.10it/s, loss=0.0006]
  Epoch  7/30:  48%|████████████████▉                  | 28/58 [00:00<00:00, 34.10it/s, loss=0.0010]
  Epoch  7/30:  48%|████████████████▉                  | 28/58 [00:00<00:00, 34.10it/s, loss=0.0016]
  Epoch  7/30:  48%|████████████████▉                  | 28/58 [00:00<00:00, 34.10it/s, loss=0.0008]
  Epoch  7/30:  55%|███████████████████▎               | 32/58 [00:00<00:00, 31.63it/s, loss=0.0008]
  Epoch  7/30:  55%|███████████████████▎               | 32/58 [00:00<00:00, 31.63it/s, loss=0.0004]
  Epoch  7/30:  55%|███████████████████▎               | 32/58 [00:01<00:00, 31.63it/s, loss=0.0004]
  Epoch  7/30:  55%|███████████████████▎               | 32/58 [00:01<00:00, 31.63it/s, loss=0.0010]
  Epoch  7/30:  55%|███████████████████▎               | 32/58 [00:01<00:00, 31.63it/s, loss=0.0003]
  Epoch  7/30:  62%|█████████████████████▋             | 36/58 [00:01<00:00, 31.17it/s, loss=0.0003]
  Epoch  7/30:  62%|█████████████████████▋             | 36/58 [00:01<00:00, 31.17it/s, loss=0.0004]
  Epoch  7/30:  62%|█████████████████████▋             | 36/58 [00:01<00:00, 31.17it/s, loss=0.0007]
  Epoch  7/30:  62%|█████████████████████▋             | 36/58 [00:01<00:00, 31.17it/s, loss=0.0005]
  Epoch  7/30:  62%|█████████████████████▋             | 36/58 [00:01<00:00, 31.17it/s, loss=0.0003]
  Epoch  7/30:  69%|████████████████████████▏          | 40/58 [00:01<00:00, 29.92it/s, loss=0.0003]
  Epoch  7/30:  69%|████████████████████████▏          | 40/58 [00:01<00:00, 29.92it/s, loss=0.0018]
  Epoch  7/30:  69%|████████████████████████▏          | 40/58 [00:01<00:00, 29.92it/s, loss=0.0004]
  Epoch  7/30:  69%|████████████████████████▏          | 40/58 [00:01<00:00, 29.92it/s, loss=0.0006]
  Epoch  7/30:  69%|████████████████████████▏          | 40/58 [00:01<00:00, 29.92it/s, loss=0.0010]
  Epoch  7/30:  76%|██████████████████████████▌        | 44/58 [00:01<00:00, 30.90it/s, loss=0.0010]
  Epoch  7/30:  76%|██████████████████████████▌        | 44/58 [00:01<00:00, 30.90it/s, loss=0.0007]
  Epoch  7/30:  76%|██████████████████████████▌        | 44/58 [00:01<00:00, 30.90it/s, loss=0.0003]
  Epoch  7/30:  76%|██████████████████████████▌        | 44/58 [00:01<00:00, 30.90it/s, loss=0.0003]
  Epoch  7/30:  76%|██████████████████████████▌        | 44/58 [00:01<00:00, 30.90it/s, loss=0.0019]
  Epoch  7/30:  83%|████████████████████████████▉      | 48/58 [00:01<00:00, 32.52it/s, loss=0.0019]
  Epoch  7/30:  83%|████████████████████████████▉      | 48/58 [00:01<00:00, 32.52it/s, loss=0.0016]
  Epoch  7/30:  83%|████████████████████████████▉      | 48/58 [00:01<00:00, 32.52it/s, loss=0.0009]
  Epoch  7/30:  83%|████████████████████████████▉      | 48/58 [00:01<00:00, 32.52it/s, loss=0.0004]
  Epoch  7/30:  83%|████████████████████████████▉      | 48/58 [00:01<00:00, 32.52it/s, loss=0.0006]
  Epoch  7/30:  90%|███████████████████████████████▍   | 52/58 [00:01<00:00, 31.48it/s, loss=0.0006]
  Epoch  7/30:  90%|███████████████████████████████▍   | 52/58 [00:01<00:00, 31.48it/s, loss=0.0006]
  Epoch  7/30:  90%|███████████████████████████████▍   | 52/58 [00:01<00:00, 31.48it/s, loss=0.0007]
  Epoch  7/30:  90%|███████████████████████████████▍   | 52/58 [00:01<00:00, 31.48it/s, loss=0.0011]
  Epoch  7/30:  90%|███████████████████████████████▍   | 52/58 [00:01<00:00, 31.48it/s, loss=0.0004]
  Epoch  7/30:  97%|█████████████████████████████████▊ | 56/58 [00:01<00:00, 31.90it/s, loss=0.0004]
  Epoch  7/30:  97%|█████████████████████████████████▊ | 56/58 [00:01<00:00, 31.90it/s, loss=0.0015]
  Epoch  7/30:  97%|█████████████████████████████████▊ | 56/58 [00:01<00:00, 31.90it/s, loss=0.0052]
                                                                                                    

  Epoch  8/30:   0%|                                                         | 0/58 [00:00<?, ?it/s]
  Epoch  8/30:   0%|                                            | 0/58 [00:00<?, ?it/s, loss=0.0026]
  Epoch  8/30:   0%|                                            | 0/58 [00:00<?, ?it/s, loss=0.0006]
  Epoch  8/30:   0%|                                            | 0/58 [00:00<?, ?it/s, loss=0.0008]
  Epoch  8/30:   5%|█▊                                  | 3/58 [00:00<00:02, 25.90it/s, loss=0.0008]
  Epoch  8/30:   5%|█▊                                  | 3/58 [00:00<00:02, 25.90it/s, loss=0.0011]
  Epoch  8/30:   5%|█▊                                  | 3/58 [00:00<00:02, 25.90it/s, loss=0.0009]
  Epoch  8/30:   5%|█▊                                  | 3/58 [00:00<00:02, 25.90it/s, loss=0.0004]
  Epoch  8/30:   5%|█▊                                  | 3/58 [00:00<00:02, 25.90it/s, loss=0.0016]
  Epoch  8/30:  12%|████▎                               | 7/58 [00:00<00:01, 30.09it/s, loss=0.0016]
  Epoch  8/30:  12%|████▎                               | 7/58 [00:00<00:01, 30.09it/s, loss=0.0006]
  Epoch  8/30:  12%|████▎                               | 7/58 [00:00<00:01, 30.09it/s, loss=0.0005]
  Epoch  8/30:  12%|████▎                               | 7/58 [00:00<00:01, 30.09it/s, loss=0.0017]
  Epoch  8/30:  12%|████▎                               | 7/58 [00:00<00:01, 30.09it/s, loss=0.0006]
  Epoch  8/30:  19%|██████▋                            | 11/58 [00:00<00:01, 30.49it/s, loss=0.0006]
  Epoch  8/30:  19%|██████▋                            | 11/58 [00:00<00:01, 30.49it/s, loss=0.0005]
  Epoch  8/30:  19%|██████▋                            | 11/58 [00:00<00:01, 30.49it/s, loss=0.0007]
  Epoch  8/30:  19%|██████▋                            | 11/58 [00:00<00:01, 30.49it/s, loss=0.0010]
  Epoch  8/30:  19%|██████▋                            | 11/58 [00:00<00:01, 30.49it/s, loss=0.0007]
  Epoch  8/30:  26%|█████████                          | 15/58 [00:00<00:01, 33.25it/s, loss=0.0007]
  Epoch  8/30:  26%|█████████                          | 15/58 [00:00<00:01, 33.25it/s, loss=0.0014]
  Epoch  8/30:  26%|█████████                          | 15/58 [00:00<00:01, 33.25it/s, loss=0.0009]
  Epoch  8/30:  26%|█████████                          | 15/58 [00:00<00:01, 33.25it/s, loss=0.0005]
  Epoch  8/30:  26%|█████████                          | 15/58 [00:00<00:01, 33.25it/s, loss=0.0005]
  Epoch  8/30:  26%|█████████                          | 15/58 [00:00<00:01, 33.25it/s, loss=0.0003]
  Epoch  8/30:  34%|████████████                       | 20/58 [00:00<00:01, 35.75it/s, loss=0.0003]
  Epoch  8/30:  34%|████████████                       | 20/58 [00:00<00:01, 35.75it/s, loss=0.0004]
  Epoch  8/30:  34%|████████████                       | 20/58 [00:00<00:01, 35.75it/s, loss=0.0007]
  Epoch  8/30:  34%|████████████                       | 20/58 [00:00<00:01, 35.75it/s, loss=0.0006]
  Epoch  8/30:  34%|████████████                       | 20/58 [00:00<00:01, 35.75it/s, loss=0.0004]
  Epoch  8/30:  41%|██████████████▍                    | 24/58 [00:00<00:00, 34.80it/s, loss=0.0004]
  Epoch  8/30:  41%|██████████████▍                    | 24/58 [00:00<00:00, 34.80it/s, loss=0.0012]
  Epoch  8/30:  41%|██████████████▍                    | 24/58 [00:00<00:00, 34.80it/s, loss=0.0003]
  Epoch  8/30:  41%|██████████████▍                    | 24/58 [00:00<00:00, 34.80it/s, loss=0.0016]
  Epoch  8/30:  41%|██████████████▍                    | 24/58 [00:00<00:00, 34.80it/s, loss=0.0011]
  Epoch  8/30:  48%|████████████████▉                  | 28/58 [00:00<00:00, 34.31it/s, loss=0.0011]
  Epoch  8/30:  48%|████████████████▉                  | 28/58 [00:00<00:00, 34.31it/s, loss=0.0025]
  Epoch  8/30:  48%|████████████████▉                  | 28/58 [00:00<00:00, 34.31it/s, loss=0.0014]
  Epoch  8/30:  48%|████████████████▉                  | 28/58 [00:00<00:00, 34.31it/s, loss=0.0004]
  Epoch  8/30:  48%|████████████████▉                  | 28/58 [00:00<00:00, 34.31it/s, loss=0.0010]
  Epoch  8/30:  55%|███████████████████▎               | 32/58 [00:00<00:00, 33.69it/s, loss=0.0010]
  Epoch  8/30:  55%|███████████████████▎               | 32/58 [00:00<00:00, 33.69it/s, loss=0.0003]
  Epoch  8/30:  55%|███████████████████▎               | 32/58 [00:01<00:00, 33.69it/s, loss=0.0008]
  Epoch  8/30:  55%|███████████████████▎               | 32/58 [00:01<00:00, 33.69it/s, loss=0.0013]
  Epoch  8/30:  55%|███████████████████▎               | 32/58 [00:01<00:00, 33.69it/s, loss=0.0012]
  Epoch  8/30:  62%|█████████████████████▋             | 36/58 [00:01<00:00, 34.20it/s, loss=0.0012]
  Epoch  8/30:  62%|█████████████████████▋             | 36/58 [00:01<00:00, 34.20it/s, loss=0.0006]
  Epoch  8/30:  62%|█████████████████████▋             | 36/58 [00:01<00:00, 34.20it/s, loss=0.0007]
  Epoch  8/30:  62%|█████████████████████▋             | 36/58 [00:01<00:00, 34.20it/s, loss=0.0010]
  Epoch  8/30:  62%|█████████████████████▋             | 36/58 [00:01<00:00, 34.20it/s, loss=0.0007]
  Epoch  8/30:  62%|█████████████████████▋             | 36/58 [00:01<00:00, 34.20it/s, loss=0.0009]
  Epoch  8/30:  71%|████████████████████████▋          | 41/58 [00:01<00:00, 37.11it/s, loss=0.0009]
  Epoch  8/30:  71%|████████████████████████▋          | 41/58 [00:01<00:00, 37.11it/s, loss=0.0010]
  Epoch  8/30:  71%|████████████████████████▋          | 41/58 [00:01<00:00, 37.11it/s, loss=0.0008]
  Epoch  8/30:  71%|████████████████████████▋          | 41/58 [00:01<00:00, 37.11it/s, loss=0.0009]
  Epoch  8/30:  71%|████████████████████████▋          | 41/58 [00:01<00:00, 37.11it/s, loss=0.0008]
  Epoch  8/30:  78%|███████████████████████████▏       | 45/58 [00:01<00:00, 36.55it/s, loss=0.0008]
  Epoch  8/30:  78%|███████████████████████████▏       | 45/58 [00:01<00:00, 36.55it/s, loss=0.0005]
  Epoch  8/30:  78%|███████████████████████████▏       | 45/58 [00:01<00:00, 36.55it/s, loss=0.0002]
  Epoch  8/30:  78%|███████████████████████████▏       | 45/58 [00:01<00:00, 36.55it/s, loss=0.0012]
  Epoch  8/30:  78%|███████████████████████████▏       | 45/58 [00:01<00:00, 36.55it/s, loss=0.0014]
  Epoch  8/30:  78%|███████████████████████████▏       | 45/58 [00:01<00:00, 36.55it/s, loss=0.0003]
  Epoch  8/30:  86%|██████████████████████████████▏    | 50/58 [00:01<00:00, 38.65it/s, loss=0.0003]
  Epoch  8/30:  86%|██████████████████████████████▏    | 50/58 [00:01<00:00, 38.65it/s, loss=0.0008]
  Epoch  8/30:  86%|██████████████████████████████▏    | 50/58 [00:01<00:00, 38.65it/s, loss=0.0010]
  Epoch  8/30:  86%|██████████████████████████████▏    | 50/58 [00:01<00:00, 38.65it/s, loss=0.0007]
  Epoch  8/30:  86%|██████████████████████████████▏    | 50/58 [00:01<00:00, 38.65it/s, loss=0.0004]
  Epoch  8/30:  86%|██████████████████████████████▏    | 50/58 [00:01<00:00, 38.65it/s, loss=0.0007]
  Epoch  8/30:  95%|█████████████████████████████████▏ | 55/58 [00:01<00:00, 40.51it/s, loss=0.0007]
  Epoch  8/30:  95%|█████████████████████████████████▏ | 55/58 [00:01<00:00, 40.51it/s, loss=0.0006]
  Epoch  8/30:  95%|█████████████████████████████████▏ | 55/58 [00:01<00:00, 40.51it/s, loss=0.0003]
  Epoch  8/30:  95%|█████████████████████████████████▏ | 55/58 [00:01<00:00, 40.51it/s, loss=0.0001]
                                                                                                    

  Epoch  9/30:   0%|                                                         | 0/58 [00:00<?, ?it/s]
  Epoch  9/30:   0%|                                            | 0/58 [00:00<?, ?it/s, loss=0.0006]
  Epoch  9/30:   0%|                                            | 0/58 [00:00<?, ?it/s, loss=0.0005]
  Epoch  9/30:   0%|                                            | 0/58 [00:00<?, ?it/s, loss=0.0014]
  Epoch  9/30:   0%|                                            | 0/58 [00:00<?, ?it/s, loss=0.0003]
  Epoch  9/30:   0%|                                            | 0/58 [00:00<?, ?it/s, loss=0.0007]
  Epoch  9/30:   9%|███                                 | 5/58 [00:00<00:01, 41.61it/s, loss=0.0007]
  Epoch  9/30:   9%|███                                 | 5/58 [00:00<00:01, 41.61it/s, loss=0.0005]
  Epoch  9/30:   9%|███                                 | 5/58 [00:00<00:01, 41.61it/s, loss=0.0007]
  Epoch  9/30:   9%|███                                 | 5/58 [00:00<00:01, 41.61it/s, loss=0.0013]
  Epoch  9/30:   9%|███                                 | 5/58 [00:00<00:01, 41.61it/s, loss=0.0008]
  Epoch  9/30:   9%|███                                 | 5/58 [00:00<00:01, 41.61it/s, loss=0.0011]
  Epoch  9/30:  17%|██████                             | 10/58 [00:00<00:01, 37.48it/s, loss=0.0011]
  Epoch  9/30:  17%|██████                             | 10/58 [00:00<00:01, 37.48it/s, loss=0.0019]
  Epoch  9/30:  17%|██████                             | 10/58 [00:00<00:01, 37.48it/s, loss=0.0004]
  Epoch  9/30:  17%|██████                             | 10/58 [00:00<00:01, 37.48it/s, loss=0.0014]
  Epoch  9/30:  17%|██████                             | 10/58 [00:00<00:01, 37.48it/s, loss=0.0004]
  Epoch  9/30:  24%|████████▍                          | 14/58 [00:00<00:01, 36.61it/s, loss=0.0004]
  Epoch  9/30:  24%|████████▍                          | 14/58 [00:00<00:01, 36.61it/s, loss=0.0003]
  Epoch  9/30:  24%|████████▍                          | 14/58 [00:00<00:01, 36.61it/s, loss=0.0003]
  Epoch  9/30:  24%|████████▍                          | 14/58 [00:00<00:01, 36.61it/s, loss=0.0007]
  Epoch  9/30:  24%|████████▍                          | 14/58 [00:00<00:01, 36.61it/s, loss=0.0004]
  Epoch  9/30:  31%|██████████▊                        | 18/58 [00:00<00:01, 35.22it/s, loss=0.0004]
  Epoch  9/30:  31%|██████████▊                        | 18/58 [00:00<00:01, 35.22it/s, loss=0.0009]
  Epoch  9/30:  31%|██████████▊                        | 18/58 [00:00<00:01, 35.22it/s, loss=0.0017]
  Epoch  9/30:  31%|██████████▊                        | 18/58 [00:00<00:01, 35.22it/s, loss=0.0012]
  Epoch  9/30:  31%|██████████▊                        | 18/58 [00:00<00:01, 35.22it/s, loss=0.0019]
  Epoch  9/30:  38%|█████████████▎                     | 22/58 [00:00<00:01, 34.04it/s, loss=0.0019]
  Epoch  9/30:  38%|█████████████▎                     | 22/58 [00:00<00:01, 34.04it/s, loss=0.0007]
  Epoch  9/30:  38%|█████████████▎                     | 22/58 [00:00<00:01, 34.04it/s, loss=0.0004]
  Epoch  9/30:  38%|█████████████▎                     | 22/58 [00:00<00:01, 34.04it/s, loss=0.0008]
  Epoch  9/30:  38%|█████████████▎                     | 22/58 [00:00<00:01, 34.04it/s, loss=0.0008]
  Epoch  9/30:  45%|███████████████▋                   | 26/58 [00:00<00:01, 30.96it/s, loss=0.0008]
  Epoch  9/30:  45%|███████████████▋                   | 26/58 [00:00<00:01, 30.96it/s, loss=0.0005]
  Epoch  9/30:  45%|███████████████▋                   | 26/58 [00:00<00:01, 30.96it/s, loss=0.0007]
  Epoch  9/30:  45%|███████████████▋                   | 26/58 [00:00<00:01, 30.96it/s, loss=0.0011]
  Epoch  9/30:  45%|███████████████▋                   | 26/58 [00:00<00:01, 30.96it/s, loss=0.0006]
  Epoch  9/30:  52%|██████████████████                 | 30/58 [00:00<00:00, 30.61it/s, loss=0.0006]
  Epoch  9/30:  52%|██████████████████                 | 30/58 [00:00<00:00, 30.61it/s, loss=0.0009]
  Epoch  9/30:  52%|██████████████████                 | 30/58 [00:00<00:00, 30.61it/s, loss=0.0006]
  Epoch  9/30:  52%|██████████████████                 | 30/58 [00:01<00:00, 30.61it/s, loss=0.0006]
  Epoch  9/30:  52%|██████████████████                 | 30/58 [00:01<00:00, 30.61it/s, loss=0.0006]
  Epoch  9/30:  59%|████████████████████▌              | 34/58 [00:01<00:00, 28.97it/s, loss=0.0006]
  Epoch  9/30:  59%|████████████████████▌              | 34/58 [00:01<00:00, 28.97it/s, loss=0.0010]
  Epoch  9/30:  59%|████████████████████▌              | 34/58 [00:01<00:00, 28.97it/s, loss=0.0014]
  Epoch  9/30:  59%|████████████████████▌              | 34/58 [00:01<00:00, 28.97it/s, loss=0.0008]
  Epoch  9/30:  59%|████████████████████▌              | 34/58 [00:01<00:00, 28.97it/s, loss=0.0004]
  Epoch  9/30:  66%|██████████████████████▉            | 38/58 [00:01<00:00, 30.85it/s, loss=0.0004]
  Epoch  9/30:  66%|██████████████████████▉            | 38/58 [00:01<00:00, 30.85it/s, loss=0.0004]
  Epoch  9/30:  66%|██████████████████████▉            | 38/58 [00:01<00:00, 30.85it/s, loss=0.0003]
  Epoch  9/30:  66%|██████████████████████▉            | 38/58 [00:01<00:00, 30.85it/s, loss=0.0010]
  Epoch  9/30:  66%|██████████████████████▉            | 38/58 [00:01<00:00, 30.85it/s, loss=0.0005]
  Epoch  9/30:  72%|█████████████████████████▎         | 42/58 [00:01<00:00, 31.27it/s, loss=0.0005]
  Epoch  9/30:  72%|█████████████████████████▎         | 42/58 [00:01<00:00, 31.27it/s, loss=0.0005]
  Epoch  9/30:  72%|█████████████████████████▎         | 42/58 [00:01<00:00, 31.27it/s, loss=0.0006]
  Epoch  9/30:  72%|█████████████████████████▎         | 42/58 [00:01<00:00, 31.27it/s, loss=0.0006]
  Epoch  9/30:  72%|█████████████████████████▎         | 42/58 [00:01<00:00, 31.27it/s, loss=0.0008]
  Epoch  9/30:  79%|███████████████████████████▊       | 46/58 [00:01<00:00, 31.89it/s, loss=0.0008]
  Epoch  9/30:  79%|███████████████████████████▊       | 46/58 [00:01<00:00, 31.89it/s, loss=0.0003]
  Epoch  9/30:  79%|███████████████████████████▊       | 46/58 [00:01<00:00, 31.89it/s, loss=0.0017]
  Epoch  9/30:  79%|███████████████████████████▊       | 46/58 [00:01<00:00, 31.89it/s, loss=0.0003]
  Epoch  9/30:  79%|███████████████████████████▊       | 46/58 [00:01<00:00, 31.89it/s, loss=0.0020]
  Epoch  9/30:  86%|██████████████████████████████▏    | 50/58 [00:01<00:00, 32.37it/s, loss=0.0020]
  Epoch  9/30:  86%|██████████████████████████████▏    | 50/58 [00:01<00:00, 32.37it/s, loss=0.0004]
  Epoch  9/30:  86%|██████████████████████████████▏    | 50/58 [00:01<00:00, 32.37it/s, loss=0.0011]
  Epoch  9/30:  86%|██████████████████████████████▏    | 50/58 [00:01<00:00, 32.37it/s, loss=0.0007]
  Epoch  9/30:  86%|██████████████████████████████▏    | 50/58 [00:01<00:00, 32.37it/s, loss=0.0010]
  Epoch  9/30:  86%|██████████████████████████████▏    | 50/58 [00:01<00:00, 32.37it/s, loss=0.0005]
  Epoch  9/30:  95%|█████████████████████████████████▏ | 55/58 [00:01<00:00, 35.05it/s, loss=0.0005]
  Epoch  9/30:  95%|█████████████████████████████████▏ | 55/58 [00:01<00:00, 35.05it/s, loss=0.0018]
  Epoch  9/30:  95%|█████████████████████████████████▏ | 55/58 [00:01<00:00, 35.05it/s, loss=0.0007]
  Epoch  9/30:  95%|█████████████████████████████████▏ | 55/58 [00:01<00:00, 35.05it/s, loss=0.0000]
                                                                                                    

  Epoch 10/30:   0%|                                                         | 0/58 [00:00<?, ?it/s]
  Epoch 10/30:   0%|                                            | 0/58 [00:00<?, ?it/s, loss=0.0002]
  Epoch 10/30:   0%|                                            | 0/58 [00:00<?, ?it/s, loss=0.0012]
  Epoch 10/30:   0%|                                            | 0/58 [00:00<?, ?it/s, loss=0.0005]
  Epoch 10/30:   0%|                                            | 0/58 [00:00<?, ?it/s, loss=0.0003]
  Epoch 10/30:   0%|                                            | 0/58 [00:00<?, ?it/s, loss=0.0006]
  Epoch 10/30:   9%|███                                 | 5/58 [00:00<00:01, 43.31it/s, loss=0.0006]
  Epoch 10/30:   9%|███                                 | 5/58 [00:00<00:01, 43.31it/s, loss=0.0007]
  Epoch 10/30:   9%|███                                 | 5/58 [00:00<00:01, 43.31it/s, loss=0.0012]
  Epoch 10/30:   9%|███                                 | 5/58 [00:00<00:01, 43.31it/s, loss=0.0007]
  Epoch 10/30:   9%|███                                 | 5/58 [00:00<00:01, 43.31it/s, loss=0.0007]
  Epoch 10/30:   9%|███                                 | 5/58 [00:00<00:01, 43.31it/s, loss=0.0007]
  Epoch 10/30:  17%|██████                             | 10/58 [00:00<00:01, 38.87it/s, loss=0.0007]
  Epoch 10/30:  17%|██████                             | 10/58 [00:00<00:01, 38.87it/s, loss=0.0006]
  Epoch 10/30:  17%|██████                             | 10/58 [00:00<00:01, 38.87it/s, loss=0.0004]
  Epoch 10/30:  17%|██████                             | 10/58 [00:00<00:01, 38.87it/s, loss=0.0008]
  Epoch 10/30:  17%|██████                             | 10/58 [00:00<00:01, 38.87it/s, loss=0.0004]
  Epoch 10/30:  24%|████████▍                          | 14/58 [00:00<00:01, 37.03it/s, loss=0.0004]
  Epoch 10/30:  24%|████████▍                          | 14/58 [00:00<00:01, 37.03it/s, loss=0.0005]
  Epoch 10/30:  24%|████████▍                          | 14/58 [00:00<00:01, 37.03it/s, loss=0.0023]
  Epoch 10/30:  24%|████████▍                          | 14/58 [00:00<00:01, 37.03it/s, loss=0.0003]
  Epoch 10/30:  24%|████████▍                          | 14/58 [00:00<00:01, 37.03it/s, loss=0.0006]
  Epoch 10/30:  31%|██████████▊                        | 18/58 [00:00<00:01, 35.73it/s, loss=0.0006]
  Epoch 10/30:  31%|██████████▊                        | 18/58 [00:00<00:01, 35.73it/s, loss=0.0003]
  Epoch 10/30:  31%|██████████▊                        | 18/58 [00:00<00:01, 35.73it/s, loss=0.0007]
  Epoch 10/30:  31%|██████████▊                        | 18/58 [00:00<00:01, 35.73it/s, loss=0.0003]
  Epoch 10/30:  31%|██████████▊                        | 18/58 [00:00<00:01, 35.73it/s, loss=0.0009]
  Epoch 10/30:  38%|█████████████▎                     | 22/58 [00:00<00:01, 34.55it/s, loss=0.0009]
  Epoch 10/30:  38%|█████████████▎                     | 22/58 [00:00<00:01, 34.55it/s, loss=0.0022]
  Epoch 10/30:  38%|█████████████▎                     | 22/58 [00:00<00:01, 34.55it/s, loss=0.0022]
  Epoch 10/30:  38%|█████████████▎                     | 22/58 [00:00<00:01, 34.55it/s, loss=0.0004]
  Epoch 10/30:  38%|█████████████▎                     | 22/58 [00:00<00:01, 34.55it/s, loss=0.0007]
  Epoch 10/30:  38%|█████████████▎                     | 22/58 [00:00<00:01, 34.55it/s, loss=0.0013]
  Epoch 10/30:  47%|████████████████▎                  | 27/58 [00:00<00:00, 36.49it/s, loss=0.0013]
  Epoch 10/30:  47%|████████████████▎                  | 27/58 [00:00<00:00, 36.49it/s, loss=0.0003]
  Epoch 10/30:  47%|████████████████▎                  | 27/58 [00:00<00:00, 36.49it/s, loss=0.0004]
  Epoch 10/30:  47%|████████████████▎                  | 27/58 [00:00<00:00, 36.49it/s, loss=0.0008]
  Epoch 10/30:  47%|████████████████▎                  | 27/58 [00:00<00:00, 36.49it/s, loss=0.0008]
  Epoch 10/30:  53%|██████████████████▋                | 31/58 [00:00<00:00, 36.13it/s, loss=0.0008]
  Epoch 10/30:  53%|██████████████████▋                | 31/58 [00:00<00:00, 36.13it/s, loss=0.0004]
  Epoch 10/30:  53%|██████████████████▋                | 31/58 [00:00<00:00, 36.13it/s, loss=0.0006]
  Epoch 10/30:  53%|██████████████████▋                | 31/58 [00:00<00:00, 36.13it/s, loss=0.0009]
  Epoch 10/30:  53%|██████████████████▋                | 31/58 [00:00<00:00, 36.13it/s, loss=0.0008]
  Epoch 10/30:  60%|█████████████████████              | 35/58 [00:00<00:00, 35.44it/s, loss=0.0008]
  Epoch 10/30:  60%|█████████████████████              | 35/58 [00:00<00:00, 35.44it/s, loss=0.0011]
  Epoch 10/30:  60%|█████████████████████              | 35/58 [00:01<00:00, 35.44it/s, loss=0.0007]
  Epoch 10/30:  60%|█████████████████████              | 35/58 [00:01<00:00, 35.44it/s, loss=0.0004]
  Epoch 10/30:  60%|█████████████████████              | 35/58 [00:01<00:00, 35.44it/s, loss=0.0008]
  Epoch 10/30:  60%|█████████████████████              | 35/58 [00:01<00:00, 35.44it/s, loss=0.0024]
  Epoch 10/30:  69%|████████████████████████▏          | 40/58 [00:01<00:00, 37.05it/s, loss=0.0024]
  Epoch 10/30:  69%|████████████████████████▏          | 40/58 [00:01<00:00, 37.05it/s, loss=0.0005]
  Epoch 10/30:  69%|████████████████████████▏          | 40/58 [00:01<00:00, 37.05it/s, loss=0.0003]
  Epoch 10/30:  69%|████████████████████████▏          | 40/58 [00:01<00:00, 37.05it/s, loss=0.0006]
  Epoch 10/30:  69%|████████████████████████▏          | 40/58 [00:01<00:00, 37.05it/s, loss=0.0013]
  Epoch 10/30:  69%|████████████████████████▏          | 40/58 [00:01<00:00, 37.05it/s, loss=0.0003]
  Epoch 10/30:  78%|███████████████████████████▏       | 45/58 [00:01<00:00, 39.06it/s, loss=0.0003]
  Epoch 10/30:  78%|███████████████████████████▏       | 45/58 [00:01<00:00, 39.06it/s, loss=0.0006]
  Epoch 10/30:  78%|███████████████████████████▏       | 45/58 [00:01<00:00, 39.06it/s, loss=0.0008]
  Epoch 10/30:  78%|███████████████████████████▏       | 45/58 [00:01<00:00, 39.06it/s, loss=0.0018]
  Epoch 10/30:  78%|███████████████████████████▏       | 45/58 [00:01<00:00, 39.06it/s, loss=0.0007]
  Epoch 10/30:  78%|███████████████████████████▏       | 45/58 [00:01<00:00, 39.06it/s, loss=0.0007]
  Epoch 10/30:  86%|██████████████████████████████▏    | 50/58 [00:01<00:00, 40.38it/s, loss=0.0007]
  Epoch 10/30:  86%|██████████████████████████████▏    | 50/58 [00:01<00:00, 40.38it/s, loss=0.0013]
  Epoch 10/30:  86%|██████████████████████████████▏    | 50/58 [00:01<00:00, 40.38it/s, loss=0.0003]
  Epoch 10/30:  86%|██████████████████████████████▏    | 50/58 [00:01<00:00, 40.38it/s, loss=0.0007]
  Epoch 10/30:  86%|██████████████████████████████▏    | 50/58 [00:01<00:00, 40.38it/s, loss=0.0011]
  Epoch 10/30:  86%|██████████████████████████████▏    | 50/58 [00:01<00:00, 40.38it/s, loss=0.0009]
  Epoch 10/30:  95%|█████████████████████████████████▏ | 55/58 [00:01<00:00, 40.37it/s, loss=0.0009]
  Epoch 10/30:  95%|█████████████████████████████████▏ | 55/58 [00:01<00:00, 40.37it/s, loss=0.0004]
  Epoch 10/30:  95%|█████████████████████████████████▏ | 55/58 [00:01<00:00, 40.37it/s, loss=0.0015]
  Epoch 10/30:  95%|█████████████████████████████████▏ | 55/58 [00:01<00:00, 40.37it/s, loss=0.0003]
                                                                                                    
  Epoch 10/30 │ Loss: 0.0008 │ T+1: 0.8349 │ T+2: 0.6253 │ T+3: 0.4554 ★ NEW BEST

  Epoch 11/30:   0%|                                                         | 0/58 [00:00<?, ?it/s]
  Epoch 11/30:   0%|                                            | 0/58 [00:00<?, ?it/s, loss=0.0008]
  Epoch 11/30:   0%|                                            | 0/58 [00:00<?, ?it/s, loss=0.0004]
  Epoch 11/30:   0%|                                            | 0/58 [00:00<?, ?it/s, loss=0.0007]
  Epoch 11/30:   0%|                                            | 0/58 [00:00<?, ?it/s, loss=0.0007]
  Epoch 11/30:   7%|██▍                                 | 4/58 [00:00<00:01, 31.09it/s, loss=0.0007]
  Epoch 11/30:   7%|██▍                                 | 4/58 [00:00<00:01, 31.09it/s, loss=0.0008]
  Epoch 11/30:   7%|██▍                                 | 4/58 [00:00<00:01, 31.09it/s, loss=0.0008]
  Epoch 11/30:   7%|██▍                                 | 4/58 [00:00<00:01, 31.09it/s, loss=0.0002]
  Epoch 11/30:   7%|██▍                                 | 4/58 [00:00<00:01, 31.09it/s, loss=0.0003]
  Epoch 11/30:  14%|████▉                               | 8/58 [00:00<00:01, 31.01it/s, loss=0.0003]
  Epoch 11/30:  14%|████▉                               | 8/58 [00:00<00:01, 31.01it/s, loss=0.0009]
  Epoch 11/30:  14%|████▉                               | 8/58 [00:00<00:01, 31.01it/s, loss=0.0003]
  Epoch 11/30:  14%|████▉                               | 8/58 [00:00<00:01, 31.01it/s, loss=0.0007]
  Epoch 11/30:  14%|████▉                               | 8/58 [00:00<00:01, 31.01it/s, loss=0.0012]
  Epoch 11/30:  21%|███████▏                           | 12/58 [00:00<00:01, 32.43it/s, loss=0.0012]
  Epoch 11/30:  21%|███████▏                           | 12/58 [00:00<00:01, 32.43it/s, loss=0.0007]
  Epoch 11/30:  21%|███████▏                           | 12/58 [00:00<00:01, 32.43it/s, loss=0.0026]
  Epoch 11/30:  21%|███████▏                           | 12/58 [00:00<00:01, 32.43it/s, loss=0.0012]
  Epoch 11/30:  21%|███████▏                           | 12/58 [00:00<00:01, 32.43it/s, loss=0.0011]
  Epoch 11/30:  28%|█████████▋                         | 16/58 [00:00<00:01, 34.15it/s, loss=0.0011]
  Epoch 11/30:  28%|█████████▋                         | 16/58 [00:00<00:01, 34.15it/s, loss=0.0006]
  Epoch 11/30:  28%|█████████▋                         | 16/58 [00:00<00:01, 34.15it/s, loss=0.0006]
  Epoch 11/30:  28%|█████████▋                         | 16/58 [00:00<00:01, 34.15it/s, loss=0.0006]
  Epoch 11/30:  28%|█████████▋                         | 16/58 [00:00<00:01, 34.15it/s, loss=0.0013]
  Epoch 11/30:  34%|████████████                       | 20/58 [00:00<00:01, 35.02it/s, loss=0.0013]
  Epoch 11/30:  34%|████████████                       | 20/58 [00:00<00:01, 35.02it/s, loss=0.0031]
  Epoch 11/30:  34%|████████████                       | 20/58 [00:00<00:01, 35.02it/s, loss=0.0004]
  Epoch 11/30:  34%|████████████                       | 20/58 [00:00<00:01, 35.02it/s, loss=0.0005]
  Epoch 11/30:  34%|████████████                       | 20/58 [00:00<00:01, 35.02it/s, loss=0.0004]
  Epoch 11/30:  41%|██████████████▍                    | 24/58 [00:00<00:00, 35.10it/s, loss=0.0004]
  Epoch 11/30:  41%|██████████████▍                    | 24/58 [00:00<00:00, 35.10it/s, loss=0.0005]
  Epoch 11/30:  41%|██████████████▍                    | 24/58 [00:00<00:00, 35.10it/s, loss=0.0006]
  Epoch 11/30:  41%|██████████████▍                    | 24/58 [00:00<00:00, 35.10it/s, loss=0.0015]
  Epoch 11/30:  41%|██████████████▍                    | 24/58 [00:00<00:00, 35.10it/s, loss=0.0005]
  Epoch 11/30:  48%|████████████████▉                  | 28/58 [00:00<00:00, 36.49it/s, loss=0.0005]
  Epoch 11/30:  48%|████████████████▉                  | 28/58 [00:00<00:00, 36.49it/s, loss=0.0007]
  Epoch 11/30:  48%|████████████████▉                  | 28/58 [00:00<00:00, 36.49it/s, loss=0.0004]
  Epoch 11/30:  48%|████████████████▉                  | 28/58 [00:00<00:00, 36.49it/s, loss=0.0012]
  Epoch 11/30:  48%|████████████████▉                  | 28/58 [00:00<00:00, 36.49it/s, loss=0.0014]
  Epoch 11/30:  55%|███████████████████▎               | 32/58 [00:00<00:00, 34.87it/s, loss=0.0014]
  Epoch 11/30:  55%|███████████████████▎               | 32/58 [00:01<00:00, 34.87it/s, loss=0.0007]
  Epoch 11/30:  55%|███████████████████▎               | 32/58 [00:01<00:00, 34.87it/s, loss=0.0006]
  Epoch 11/30:  55%|███████████████████▎               | 32/58 [00:01<00:00, 34.87it/s, loss=0.0017]
  Epoch 11/30:  55%|███████████████████▎               | 32/58 [00:01<00:00, 34.87it/s, loss=0.0005]
  Epoch 11/30:  62%|█████████████████████▋             | 36/58 [00:01<00:00, 27.39it/s, loss=0.0005]
  Epoch 11/30:  62%|█████████████████████▋             | 36/58 [00:01<00:00, 27.39it/s, loss=0.0016]
  Epoch 11/30:  62%|█████████████████████▋             | 36/58 [00:01<00:00, 27.39it/s, loss=0.0003]
  Epoch 11/30:  62%|█████████████████████▋             | 36/58 [00:01<00:00, 27.39it/s, loss=0.0007]
  Epoch 11/30:  62%|█████████████████████▋             | 36/58 [00:01<00:00, 27.39it/s, loss=0.0004]
  Epoch 11/30:  69%|████████████████████████▏          | 40/58 [00:01<00:00, 30.16it/s, loss=0.0004]
  Epoch 11/30:  69%|████████████████████████▏          | 40/58 [00:01<00:00, 30.16it/s, loss=0.0008]
  Epoch 11/30:  69%|████████████████████████▏          | 40/58 [00:01<00:00, 30.16it/s, loss=0.0006]
  Epoch 11/30:  69%|████████████████████████▏          | 40/58 [00:01<00:00, 30.16it/s, loss=0.0007]
  Epoch 11/30:  69%|████████████████████████▏          | 40/58 [00:01<00:00, 30.16it/s, loss=0.0004]
  Epoch 11/30:  76%|██████████████████████████▌        | 44/58 [00:01<00:00, 31.76it/s, loss=0.0004]
  Epoch 11/30:  76%|██████████████████████████▌        | 44/58 [00:01<00:00, 31.76it/s, loss=0.0004]
  Epoch 11/30:  76%|██████████████████████████▌        | 44/58 [00:01<00:00, 31.76it/s, loss=0.0002]
  Epoch 11/30:  76%|██████████████████████████▌        | 44/58 [00:01<00:00, 31.76it/s, loss=0.0005]
  Epoch 11/30:  76%|██████████████████████████▌        | 44/58 [00:01<00:00, 31.76it/s, loss=0.0005]
  Epoch 11/30:  83%|████████████████████████████▉      | 48/58 [00:01<00:00, 33.11it/s, loss=0.0005]
  Epoch 11/30:  83%|████████████████████████████▉      | 48/58 [00:01<00:00, 33.11it/s, loss=0.0018]
  Epoch 11/30:  83%|████████████████████████████▉      | 48/58 [00:01<00:00, 33.11it/s, loss=0.0003]
  Epoch 11/30:  83%|████████████████████████████▉      | 48/58 [00:01<00:00, 33.11it/s, loss=0.0009]
  Epoch 11/30:  83%|████████████████████████████▉      | 48/58 [00:01<00:00, 33.11it/s, loss=0.0012]
  Epoch 11/30:  90%|███████████████████████████████▍   | 52/58 [00:01<00:00, 34.80it/s, loss=0.0012]
  Epoch 11/30:  90%|███████████████████████████████▍   | 52/58 [00:01<00:00, 34.80it/s, loss=0.0011]
  Epoch 11/30:  90%|███████████████████████████████▍   | 52/58 [00:01<00:00, 34.80it/s, loss=0.0012]
  Epoch 11/30:  90%|███████████████████████████████▍   | 52/58 [00:01<00:00, 34.80it/s, loss=0.0005]
  Epoch 11/30:  90%|███████████████████████████████▍   | 52/58 [00:01<00:00, 34.80it/s, loss=0.0002]
  Epoch 11/30:  90%|███████████████████████████████▍   | 52/58 [00:01<00:00, 34.80it/s, loss=0.0005]
  Epoch 11/30:  98%|██████████████████████████████████▍| 57/58 [00:01<00:00, 36.36it/s, loss=0.0005]
  Epoch 11/30:  98%|██████████████████████████████████▍| 57/58 [00:01<00:00, 36.36it/s, loss=0.0010]
                                                                                                    

  Epoch 12/30:   0%|                                                         | 0/58 [00:00<?, ?it/s]
  Epoch 12/30:   0%|                                            | 0/58 [00:00<?, ?it/s, loss=0.0008]
  Epoch 12/30:   0%|                                            | 0/58 [00:00<?, ?it/s, loss=0.0013]
  Epoch 12/30:   0%|                                            | 0/58 [00:00<?, ?it/s, loss=0.0007]
  Epoch 12/30:   0%|                                            | 0/58 [00:00<?, ?it/s, loss=0.0020]
  Epoch 12/30:   7%|██▍                                 | 4/58 [00:00<00:01, 37.32it/s, loss=0.0020]
  Epoch 12/30:   7%|██▍                                 | 4/58 [00:00<00:01, 37.32it/s, loss=0.0003]
  Epoch 12/30:   7%|██▍                                 | 4/58 [00:00<00:01, 37.32it/s, loss=0.0004]
  Epoch 12/30:   7%|██▍                                 | 4/58 [00:00<00:01, 37.32it/s, loss=0.0003]
  Epoch 12/30:   7%|██▍                                 | 4/58 [00:00<00:01, 37.32it/s, loss=0.0010]
  Epoch 12/30:   7%|██▍                                 | 4/58 [00:00<00:01, 37.32it/s, loss=0.0003]
  Epoch 12/30:  16%|█████▌                              | 9/58 [00:00<00:01, 41.79it/s, loss=0.0003]
  Epoch 12/30:  16%|█████▌                              | 9/58 [00:00<00:01, 41.79it/s, loss=0.0004]
  Epoch 12/30:  16%|█████▌                              | 9/58 [00:00<00:01, 41.79it/s, loss=0.0002]
  Epoch 12/30:  16%|█████▌                              | 9/58 [00:00<00:01, 41.79it/s, loss=0.0002]
  Epoch 12/30:  16%|█████▌                              | 9/58 [00:00<00:01, 41.79it/s, loss=0.0014]
  Epoch 12/30:  16%|█████▌                              | 9/58 [00:00<00:01, 41.79it/s, loss=0.0008]
  Epoch 12/30:  16%|█████▌                              | 9/58 [00:00<00:01, 41.79it/s, loss=0.0018]
  Epoch 12/30:  26%|█████████                          | 15/58 [00:00<00:00, 45.94it/s, loss=0.0018]
  Epoch 12/30:  26%|█████████                          | 15/58 [00:00<00:00, 45.94it/s, loss=0.0013]
  Epoch 12/30:  26%|█████████                          | 15/58 [00:00<00:00, 45.94it/s, loss=0.0007]
  Epoch 12/30:  26%|█████████                          | 15/58 [00:00<00:00, 45.94it/s, loss=0.0010]
  Epoch 12/30:  26%|█████████                          | 15/58 [00:00<00:00, 45.94it/s, loss=0.0006]
  Epoch 12/30:  26%|█████████                          | 15/58 [00:00<00:00, 45.94it/s, loss=0.0005]
  Epoch 12/30:  34%|████████████                       | 20/58 [00:00<00:00, 44.35it/s, loss=0.0005]
  Epoch 12/30:  34%|████████████                       | 20/58 [00:00<00:00, 44.35it/s, loss=0.0002]
  Epoch 12/30:  34%|████████████                       | 20/58 [00:00<00:00, 44.35it/s, loss=0.0004]
  Epoch 12/30:  34%|████████████                       | 20/58 [00:00<00:00, 44.35it/s, loss=0.0005]
  Epoch 12/30:  34%|████████████                       | 20/58 [00:00<00:00, 44.35it/s, loss=0.0021]
  Epoch 12/30:  34%|████████████                       | 20/58 [00:00<00:00, 44.35it/s, loss=0.0004]
  Epoch 12/30:  43%|███████████████                    | 25/58 [00:00<00:00, 42.88it/s, loss=0.0004]
  Epoch 12/30:  43%|███████████████                    | 25/58 [00:00<00:00, 42.88it/s, loss=0.0016]
  Epoch 12/30:  43%|███████████████                    | 25/58 [00:00<00:00, 42.88it/s, loss=0.0008]
  Epoch 12/30:  43%|███████████████                    | 25/58 [00:00<00:00, 42.88it/s, loss=0.0009]
  Epoch 12/30:  43%|███████████████                    | 25/58 [00:00<00:00, 42.88it/s, loss=0.0008]
  Epoch 12/30:  43%|███████████████                    | 25/58 [00:00<00:00, 42.88it/s, loss=0.0005]
  Epoch 12/30:  52%|██████████████████                 | 30/58 [00:00<00:00, 38.83it/s, loss=0.0005]
  Epoch 12/30:  52%|██████████████████                 | 30/58 [00:00<00:00, 38.83it/s, loss=0.0006]
  Epoch 12/30:  52%|██████████████████                 | 30/58 [00:00<00:00, 38.83it/s, loss=0.0003]
  Epoch 12/30:  52%|██████████████████                 | 30/58 [00:00<00:00, 38.83it/s, loss=0.0004]
  Epoch 12/30:  52%|██████████████████                 | 30/58 [00:00<00:00, 38.83it/s, loss=0.0004]
  Epoch 12/30:  59%|████████████████████▌              | 34/58 [00:00<00:00, 38.21it/s, loss=0.0004]
  Epoch 12/30:  59%|████████████████████▌              | 34/58 [00:00<00:00, 38.21it/s, loss=0.0012]
  Epoch 12/30:  59%|████████████████████▌              | 34/58 [00:00<00:00, 38.21it/s, loss=0.0003]
  Epoch 12/30:  59%|████████████████████▌              | 34/58 [00:00<00:00, 38.21it/s, loss=0.0005]
  Epoch 12/30:  59%|████████████████████▌              | 34/58 [00:00<00:00, 38.21it/s, loss=0.0007]
  Epoch 12/30:  66%|██████████████████████▉            | 38/58 [00:00<00:00, 35.63it/s, loss=0.0007]
  Epoch 12/30:  66%|██████████████████████▉            | 38/58 [00:01<00:00, 35.63it/s, loss=0.0008]
  Epoch 12/30:  66%|██████████████████████▉            | 38/58 [00:01<00:00, 35.63it/s, loss=0.0009]
  Epoch 12/30:  66%|██████████████████████▉            | 38/58 [00:01<00:00, 35.63it/s, loss=0.0005]
  Epoch 12/30:  66%|██████████████████████▉            | 38/58 [00:01<00:00, 35.63it/s, loss=0.0007]
  Epoch 12/30:  72%|█████████████████████████▎         | 42/58 [00:01<00:00, 35.20it/s, loss=0.0007]
  Epoch 12/30:  72%|█████████████████████████▎         | 42/58 [00:01<00:00, 35.20it/s, loss=0.0023]
  Epoch 12/30:  72%|█████████████████████████▎         | 42/58 [00:01<00:00, 35.20it/s, loss=0.0013]
  Epoch 12/30:  72%|█████████████████████████▎         | 42/58 [00:01<00:00, 35.20it/s, loss=0.0006]
  Epoch 12/30:  72%|█████████████████████████▎         | 42/58 [00:01<00:00, 35.20it/s, loss=0.0005]
  Epoch 12/30:  79%|███████████████████████████▊       | 46/58 [00:01<00:00, 35.91it/s, loss=0.0005]
  Epoch 12/30:  79%|███████████████████████████▊       | 46/58 [00:01<00:00, 35.91it/s, loss=0.0013]
  Epoch 12/30:  79%|███████████████████████████▊       | 46/58 [00:01<00:00, 35.91it/s, loss=0.0018]
  Epoch 12/30:  79%|███████████████████████████▊       | 46/58 [00:01<00:00, 35.91it/s, loss=0.0009]
  Epoch 12/30:  79%|███████████████████████████▊       | 46/58 [00:01<00:00, 35.91it/s, loss=0.0010]
  Epoch 12/30:  86%|██████████████████████████████▏    | 50/58 [00:01<00:00, 35.97it/s, loss=0.0010]
  Epoch 12/30:  86%|██████████████████████████████▏    | 50/58 [00:01<00:00, 35.97it/s, loss=0.0004]
  Epoch 12/30:  86%|██████████████████████████████▏    | 50/58 [00:01<00:00, 35.97it/s, loss=0.0006]
  Epoch 12/30:  86%|██████████████████████████████▏    | 50/58 [00:01<00:00, 35.97it/s, loss=0.0004]
  Epoch 12/30:  86%|██████████████████████████████▏    | 50/58 [00:01<00:00, 35.97it/s, loss=0.0010]
  Epoch 12/30:  93%|████████████████████████████████▌  | 54/58 [00:01<00:00, 36.39it/s, loss=0.0010]
  Epoch 12/30:  93%|████████████████████████████████▌  | 54/58 [00:01<00:00, 36.39it/s, loss=0.0006]
  Epoch 12/30:  93%|████████████████████████████████▌  | 54/58 [00:01<00:00, 36.39it/s, loss=0.0008]
  Epoch 12/30:  93%|████████████████████████████████▌  | 54/58 [00:01<00:00, 36.39it/s, loss=0.0003]
  Epoch 12/30:  93%|████████████████████████████████▌  | 54/58 [00:01<00:00, 36.39it/s, loss=0.0001]
                                                                                                    

  Epoch 13/30:   0%|                                                         | 0/58 [00:00<?, ?it/s]
  Epoch 13/30:   0%|                                            | 0/58 [00:00<?, ?it/s, loss=0.0012]
  Epoch 13/30:   0%|                                            | 0/58 [00:00<?, ?it/s, loss=0.0009]
  Epoch 13/30:   0%|                                            | 0/58 [00:00<?, ?it/s, loss=0.0009]
  Epoch 13/30:   0%|                                            | 0/58 [00:00<?, ?it/s, loss=0.0002]
  Epoch 13/30:   7%|██▍                                 | 4/58 [00:00<00:01, 33.06it/s, loss=0.0002]
  Epoch 13/30:   7%|██▍                                 | 4/58 [00:00<00:01, 33.06it/s, loss=0.0012]
  Epoch 13/30:   7%|██▍                                 | 4/58 [00:00<00:01, 33.06it/s, loss=0.0019]
  Epoch 13/30:   7%|██▍                                 | 4/58 [00:00<00:01, 33.06it/s, loss=0.0005]
  Epoch 13/30:   7%|██▍                                 | 4/58 [00:00<00:01, 33.06it/s, loss=0.0003]
  Epoch 13/30:  14%|████▉                               | 8/58 [00:00<00:01, 32.22it/s, loss=0.0003]
  Epoch 13/30:  14%|████▉                               | 8/58 [00:00<00:01, 32.22it/s, loss=0.0008]
  Epoch 13/30:  14%|████▉                               | 8/58 [00:00<00:01, 32.22it/s, loss=0.0003]
  Epoch 13/30:  14%|████▉                               | 8/58 [00:00<00:01, 32.22it/s, loss=0.0006]
  Epoch 13/30:  14%|████▉                               | 8/58 [00:00<00:01, 32.22it/s, loss=0.0005]
  Epoch 13/30:  21%|███████▏                           | 12/58 [00:00<00:01, 32.73it/s, loss=0.0005]
  Epoch 13/30:  21%|███████▏                           | 12/58 [00:00<00:01, 32.73it/s, loss=0.0004]
  Epoch 13/30:  21%|███████▏                           | 12/58 [00:00<00:01, 32.73it/s, loss=0.0009]
  Epoch 13/30:  21%|███████▏                           | 12/58 [00:00<00:01, 32.73it/s, loss=0.0009]
  Epoch 13/30:  21%|███████▏                           | 12/58 [00:00<00:01, 32.73it/s, loss=0.0004]
  Epoch 13/30:  28%|█████████▋                         | 16/58 [00:00<00:01, 33.02it/s, loss=0.0004]
  Epoch 13/30:  28%|█████████▋                         | 16/58 [00:00<00:01, 33.02it/s, loss=0.0013]
  Epoch 13/30:  28%|█████████▋                         | 16/58 [00:00<00:01, 33.02it/s, loss=0.0009]
  Epoch 13/30:  28%|█████████▋                         | 16/58 [00:00<00:01, 33.02it/s, loss=0.0003]
  Epoch 13/30:  28%|█████████▋                         | 16/58 [00:00<00:01, 33.02it/s, loss=0.0006]
  Epoch 13/30:  28%|█████████▋                         | 16/58 [00:00<00:01, 33.02it/s, loss=0.0009]
  Epoch 13/30:  36%|████████████▋                      | 21/58 [00:00<00:01, 36.81it/s, loss=0.0009]
  Epoch 13/30:  36%|████████████▋                      | 21/58 [00:00<00:01, 36.81it/s, loss=0.0010]
  Epoch 13/30:  36%|████████████▋                      | 21/58 [00:00<00:01, 36.81it/s, loss=0.0004]
  Epoch 13/30:  36%|████████████▋                      | 21/58 [00:00<00:01, 36.81it/s, loss=0.0004]
  Epoch 13/30:  36%|████████████▋                      | 21/58 [00:00<00:01, 36.81it/s, loss=0.0006]
  Epoch 13/30:  43%|███████████████                    | 25/58 [00:00<00:00, 36.84it/s, loss=0.0006]
  Epoch 13/30:  43%|███████████████                    | 25/58 [00:00<00:00, 36.84it/s, loss=0.0005]
  Epoch 13/30:  43%|███████████████                    | 25/58 [00:00<00:00, 36.84it/s, loss=0.0011]
  Epoch 13/30:  43%|███████████████                    | 25/58 [00:00<00:00, 36.84it/s, loss=0.0005]
  Epoch 13/30:  43%|███████████████                    | 25/58 [00:00<00:00, 36.84it/s, loss=0.0005]
  Epoch 13/30:  50%|█████████████████▌                 | 29/58 [00:00<00:00, 37.23it/s, loss=0.0005]
  Epoch 13/30:  50%|█████████████████▌                 | 29/58 [00:00<00:00, 37.23it/s, loss=0.0009]
  Epoch 13/30:  50%|█████████████████▌                 | 29/58 [00:00<00:00, 37.23it/s, loss=0.0007]
  Epoch 13/30:  50%|█████████████████▌                 | 29/58 [00:00<00:00, 37.23it/s, loss=0.0002]
  Epoch 13/30:  50%|█████████████████▌                 | 29/58 [00:00<00:00, 37.23it/s, loss=0.0006]
  Epoch 13/30:  57%|███████████████████▉               | 33/58 [00:00<00:00, 35.72it/s, loss=0.0006]
  Epoch 13/30:  57%|███████████████████▉               | 33/58 [00:00<00:00, 35.72it/s, loss=0.0011]
  Epoch 13/30:  57%|███████████████████▉               | 33/58 [00:00<00:00, 35.72it/s, loss=0.0008]
  Epoch 13/30:  57%|███████████████████▉               | 33/58 [00:01<00:00, 35.72it/s, loss=0.0010]
  Epoch 13/30:  57%|███████████████████▉               | 33/58 [00:01<00:00, 35.72it/s, loss=0.0023]
  Epoch 13/30:  64%|██████████████████████▎            | 37/58 [00:01<00:00, 35.76it/s, loss=0.0023]
  Epoch 13/30:  64%|██████████████████████▎            | 37/58 [00:01<00:00, 35.76it/s, loss=0.0006]
  Epoch 13/30:  64%|██████████████████████▎            | 37/58 [00:01<00:00, 35.76it/s, loss=0.0005]
  Epoch 13/30:  64%|██████████████████████▎            | 37/58 [00:01<00:00, 35.76it/s, loss=0.0008]
  Epoch 13/30:  64%|██████████████████████▎            | 37/58 [00:01<00:00, 35.76it/s, loss=0.0005]
  Epoch 13/30:  64%|██████████████████████▎            | 37/58 [00:01<00:00, 35.76it/s, loss=0.0010]
  Epoch 13/30:  72%|█████████████████████████▎         | 42/58 [00:01<00:00, 37.32it/s, loss=0.0010]
  Epoch 13/30:  72%|█████████████████████████▎         | 42/58 [00:01<00:00, 37.32it/s, loss=0.0006]
  Epoch 13/30:  72%|█████████████████████████▎         | 42/58 [00:01<00:00, 37.32it/s, loss=0.0006]
  Epoch 13/30:  72%|█████████████████████████▎         | 42/58 [00:01<00:00, 37.32it/s, loss=0.0008]
  Epoch 13/30:  72%|█████████████████████████▎         | 42/58 [00:01<00:00, 37.32it/s, loss=0.0005]
  Epoch 13/30:  72%|█████████████████████████▎         | 42/58 [00:01<00:00, 37.32it/s, loss=0.0003]
  Epoch 13/30:  81%|████████████████████████████▎      | 47/58 [00:01<00:00, 38.01it/s, loss=0.0003]
  Epoch 13/30:  81%|████████████████████████████▎      | 47/58 [00:01<00:00, 38.01it/s, loss=0.0006]
  Epoch 13/30:  81%|████████████████████████████▎      | 47/58 [00:01<00:00, 38.01it/s, loss=0.0009]
  Epoch 13/30:  81%|████████████████████████████▎      | 47/58 [00:01<00:00, 38.01it/s, loss=0.0004]
  Epoch 13/30:  81%|████████████████████████████▎      | 47/58 [00:01<00:00, 38.01it/s, loss=0.0010]
  Epoch 13/30:  88%|██████████████████████████████▊    | 51/58 [00:01<00:00, 36.05it/s, loss=0.0010]
  Epoch 13/30:  88%|██████████████████████████████▊    | 51/58 [00:01<00:00, 36.05it/s, loss=0.0005]
  Epoch 13/30:  88%|██████████████████████████████▊    | 51/58 [00:01<00:00, 36.05it/s, loss=0.0016]
  Epoch 13/30:  88%|██████████████████████████████▊    | 51/58 [00:01<00:00, 36.05it/s, loss=0.0014]
  Epoch 13/30:  88%|██████████████████████████████▊    | 51/58 [00:01<00:00, 36.05it/s, loss=0.0010]
  Epoch 13/30:  95%|█████████████████████████████████▏ | 55/58 [00:01<00:00, 33.06it/s, loss=0.0010]
  Epoch 13/30:  95%|█████████████████████████████████▏ | 55/58 [00:01<00:00, 33.06it/s, loss=0.0011]
  Epoch 13/30:  95%|█████████████████████████████████▏ | 55/58 [00:01<00:00, 33.06it/s, loss=0.0008]
  Epoch 13/30:  95%|█████████████████████████████████▏ | 55/58 [00:01<00:00, 33.06it/s, loss=0.0025]
                                                                                                    

  Epoch 14/30:   0%|                                                         | 0/58 [00:00<?, ?it/s]
  Epoch 14/30:   0%|                                            | 0/58 [00:00<?, ?it/s, loss=0.0012]
  Epoch 14/30:   0%|                                            | 0/58 [00:00<?, ?it/s, loss=0.0004]
  Epoch 14/30:   0%|                                            | 0/58 [00:00<?, ?it/s, loss=0.0010]
  Epoch 14/30:   0%|                                            | 0/58 [00:00<?, ?it/s, loss=0.0004]
  Epoch 14/30:   7%|██▍                                 | 4/58 [00:00<00:01, 38.91it/s, loss=0.0004]
  Epoch 14/30:   7%|██▍                                 | 4/58 [00:00<00:01, 38.91it/s, loss=0.0006]
  Epoch 14/30:   7%|██▍                                 | 4/58 [00:00<00:01, 38.91it/s, loss=0.0011]
  Epoch 14/30:   7%|██▍                                 | 4/58 [00:00<00:01, 38.91it/s, loss=0.0006]
  Epoch 14/30:   7%|██▍                                 | 4/58 [00:00<00:01, 38.91it/s, loss=0.0009]
  Epoch 14/30:  14%|████▉                               | 8/58 [00:00<00:01, 35.29it/s, loss=0.0009]
  Epoch 14/30:  14%|████▉                               | 8/58 [00:00<00:01, 35.29it/s, loss=0.0010]
  Epoch 14/30:  14%|████▉                               | 8/58 [00:00<00:01, 35.29it/s, loss=0.0009]
  Epoch 14/30:  14%|████▉                               | 8/58 [00:00<00:01, 35.29it/s, loss=0.0008]
  Epoch 14/30:  14%|████▉                               | 8/58 [00:00<00:01, 35.29it/s, loss=0.0010]
  Epoch 14/30:  14%|████▉                               | 8/58 [00:00<00:01, 35.29it/s, loss=0.0015]
  Epoch 14/30:  22%|███████▊                           | 13/58 [00:00<00:01, 38.16it/s, loss=0.0015]
  Epoch 14/30:  22%|███████▊                           | 13/58 [00:00<00:01, 38.16it/s, loss=0.0013]
  Epoch 14/30:  22%|███████▊                           | 13/58 [00:00<00:01, 38.16it/s, loss=0.0020]
  Epoch 14/30:  22%|███████▊                           | 13/58 [00:00<00:01, 38.16it/s, loss=0.0012]
  Epoch 14/30:  22%|███████▊                           | 13/58 [00:00<00:01, 38.16it/s, loss=0.0009]
  Epoch 14/30:  22%|███████▊                           | 13/58 [00:00<00:01, 38.16it/s, loss=0.0006]
  Epoch 14/30:  31%|██████████▊                        | 18/58 [00:00<00:00, 40.34it/s, loss=0.0006]
  Epoch 14/30:  31%|██████████▊                        | 18/58 [00:00<00:00, 40.34it/s, loss=0.0004]
  Epoch 14/30:  31%|██████████▊                        | 18/58 [00:00<00:00, 40.34it/s, loss=0.0011]
  Epoch 14/30:  31%|██████████▊                        | 18/58 [00:00<00:00, 40.34it/s, loss=0.0016]
  Epoch 14/30:  31%|██████████▊                        | 18/58 [00:00<00:00, 40.34it/s, loss=0.0003]
  Epoch 14/30:  31%|██████████▊                        | 18/58 [00:00<00:00, 40.34it/s, loss=0.0009]
  Epoch 14/30:  40%|█████████████▉                     | 23/58 [00:00<00:00, 39.98it/s, loss=0.0009]
  Epoch 14/30:  40%|█████████████▉                     | 23/58 [00:00<00:00, 39.98it/s, loss=0.0002]
  Epoch 14/30:  40%|█████████████▉                     | 23/58 [00:00<00:00, 39.98it/s, loss=0.0006]
  Epoch 14/30:  40%|█████████████▉                     | 23/58 [00:00<00:00, 39.98it/s, loss=0.0008]
  Epoch 14/30:  40%|█████████████▉                     | 23/58 [00:00<00:00, 39.98it/s, loss=0.0006]
  Epoch 14/30:  40%|█████████████▉                     | 23/58 [00:00<00:00, 39.98it/s, loss=0.0003]
  Epoch 14/30:  48%|████████████████▉                  | 28/58 [00:00<00:00, 39.91it/s, loss=0.0003]
  Epoch 14/30:  48%|████████████████▉                  | 28/58 [00:00<00:00, 39.91it/s, loss=0.0008]
  Epoch 14/30:  48%|████████████████▉                  | 28/58 [00:00<00:00, 39.91it/s, loss=0.0006]
  Epoch 14/30:  48%|████████████████▉                  | 28/58 [00:00<00:00, 39.91it/s, loss=0.0009]
  Epoch 14/30:  48%|████████████████▉                  | 28/58 [00:00<00:00, 39.91it/s, loss=0.0010]
  Epoch 14/30:  55%|███████████████████▎               | 32/58 [00:00<00:00, 38.84it/s, loss=0.0010]
  Epoch 14/30:  55%|███████████████████▎               | 32/58 [00:00<00:00, 38.84it/s, loss=0.0007]
  Epoch 14/30:  55%|███████████████████▎               | 32/58 [00:00<00:00, 38.84it/s, loss=0.0002]
  Epoch 14/30:  55%|███████████████████▎               | 32/58 [00:00<00:00, 38.84it/s, loss=0.0006]
  Epoch 14/30:  55%|███████████████████▎               | 32/58 [00:00<00:00, 38.84it/s, loss=0.0009]
  Epoch 14/30:  62%|█████████████████████▋             | 36/58 [00:00<00:00, 37.64it/s, loss=0.0009]
  Epoch 14/30:  62%|█████████████████████▋             | 36/58 [00:00<00:00, 37.64it/s, loss=0.0008]
  Epoch 14/30:  62%|█████████████████████▋             | 36/58 [00:00<00:00, 37.64it/s, loss=0.0003]
  Epoch 14/30:  62%|█████████████████████▋             | 36/58 [00:01<00:00, 37.64it/s, loss=0.0020]
  Epoch 14/30:  62%|█████████████████████▋             | 36/58 [00:01<00:00, 37.64it/s, loss=0.0007]
  Epoch 14/30:  69%|████████████████████████▏          | 40/58 [00:01<00:00, 37.88it/s, loss=0.0007]
  Epoch 14/30:  69%|████████████████████████▏          | 40/58 [00:01<00:00, 37.88it/s, loss=0.0005]
  Epoch 14/30:  69%|████████████████████████▏          | 40/58 [00:01<00:00, 37.88it/s, loss=0.0017]
  Epoch 14/30:  69%|████████████████████████▏          | 40/58 [00:01<00:00, 37.88it/s, loss=0.0005]
  Epoch 14/30:  69%|████████████████████████▏          | 40/58 [00:01<00:00, 37.88it/s, loss=0.0004]
  Epoch 14/30:  76%|██████████████████████████▌        | 44/58 [00:01<00:00, 37.09it/s, loss=0.0004]
  Epoch 14/30:  76%|██████████████████████████▌        | 44/58 [00:01<00:00, 37.09it/s, loss=0.0005]
  Epoch 14/30:  76%|██████████████████████████▌        | 44/58 [00:01<00:00, 37.09it/s, loss=0.0019]
  Epoch 14/30:  76%|██████████████████████████▌        | 44/58 [00:01<00:00, 37.09it/s, loss=0.0007]
  Epoch 14/30:  76%|██████████████████████████▌        | 44/58 [00:01<00:00, 37.09it/s, loss=0.0002]
  Epoch 14/30:  76%|██████████████████████████▌        | 44/58 [00:01<00:00, 37.09it/s, loss=0.0003]
  Epoch 14/30:  84%|█████████████████████████████▌     | 49/58 [00:01<00:00, 40.00it/s, loss=0.0003]
  Epoch 14/30:  84%|█████████████████████████████▌     | 49/58 [00:01<00:00, 40.00it/s, loss=0.0011]
  Epoch 14/30:  84%|█████████████████████████████▌     | 49/58 [00:01<00:00, 40.00it/s, loss=0.0008]
  Epoch 14/30:  84%|█████████████████████████████▌     | 49/58 [00:01<00:00, 40.00it/s, loss=0.0008]
  Epoch 14/30:  84%|█████████████████████████████▌     | 49/58 [00:01<00:00, 40.00it/s, loss=0.0008]
  Epoch 14/30:  84%|█████████████████████████████▌     | 49/58 [00:01<00:00, 40.00it/s, loss=0.0013]
  Epoch 14/30:  93%|████████████████████████████████▌  | 54/58 [00:01<00:00, 39.86it/s, loss=0.0013]
  Epoch 14/30:  93%|████████████████████████████████▌  | 54/58 [00:01<00:00, 39.86it/s, loss=0.0007]
  Epoch 14/30:  93%|████████████████████████████████▌  | 54/58 [00:01<00:00, 39.86it/s, loss=0.0007]
  Epoch 14/30:  93%|████████████████████████████████▌  | 54/58 [00:01<00:00, 39.86it/s, loss=0.0003]
  Epoch 14/30:  93%|████████████████████████████████▌  | 54/58 [00:01<00:00, 39.86it/s, loss=0.0000]
                                                                                                    

  Epoch 15/30:   0%|                                                         | 0/58 [00:00<?, ?it/s]
  Epoch 15/30:   0%|                                            | 0/58 [00:00<?, ?it/s, loss=0.0009]
  Epoch 15/30:   0%|                                            | 0/58 [00:00<?, ?it/s, loss=0.0008]
  Epoch 15/30:   0%|                                            | 0/58 [00:00<?, ?it/s, loss=0.0006]
  Epoch 15/30:   0%|                                            | 0/58 [00:00<?, ?it/s, loss=0.0008]
  Epoch 15/30:   7%|██▍                                 | 4/58 [00:00<00:01, 39.94it/s, loss=0.0008]
  Epoch 15/30:   7%|██▍                                 | 4/58 [00:00<00:01, 39.94it/s, loss=0.0007]
  Epoch 15/30:   7%|██▍                                 | 4/58 [00:00<00:01, 39.94it/s, loss=0.0007]
  Epoch 15/30:   7%|██▍                                 | 4/58 [00:00<00:01, 39.94it/s, loss=0.0002]
  Epoch 15/30:   7%|██▍                                 | 4/58 [00:00<00:01, 39.94it/s, loss=0.0005]
  Epoch 15/30:  14%|████▉                               | 8/58 [00:00<00:01, 38.73it/s, loss=0.0005]
  Epoch 15/30:  14%|████▉                               | 8/58 [00:00<00:01, 38.73it/s, loss=0.0005]
  Epoch 15/30:  14%|████▉                               | 8/58 [00:00<00:01, 38.73it/s, loss=0.0013]
  Epoch 15/30:  14%|████▉                               | 8/58 [00:00<00:01, 38.73it/s, loss=0.0006]
  Epoch 15/30:  14%|████▉                               | 8/58 [00:00<00:01, 38.73it/s, loss=0.0006]
  Epoch 15/30:  14%|████▉                               | 8/58 [00:00<00:01, 38.73it/s, loss=0.0005]
  Epoch 15/30:  22%|███████▊                           | 13/58 [00:00<00:01, 40.78it/s, loss=0.0005]
  Epoch 15/30:  22%|███████▊                           | 13/58 [00:00<00:01, 40.78it/s, loss=0.0011]
  Epoch 15/30:  22%|███████▊                           | 13/58 [00:00<00:01, 40.78it/s, loss=0.0008]
  Epoch 15/30:  22%|███████▊                           | 13/58 [00:00<00:01, 40.78it/s, loss=0.0008]
  Epoch 15/30:  22%|███████▊                           | 13/58 [00:00<00:01, 40.78it/s, loss=0.0008]
  Epoch 15/30:  22%|███████▊                           | 13/58 [00:00<00:01, 40.78it/s, loss=0.0015]
  Epoch 15/30:  31%|██████████▊                        | 18/58 [00:00<00:00, 40.69it/s, loss=0.0015]
  Epoch 15/30:  31%|██████████▊                        | 18/58 [00:00<00:00, 40.69it/s, loss=0.0005]
  Epoch 15/30:  31%|██████████▊                        | 18/58 [00:00<00:00, 40.69it/s, loss=0.0005]
  Epoch 15/30:  31%|██████████▊                        | 18/58 [00:00<00:00, 40.69it/s, loss=0.0011]
  Epoch 15/30:  31%|██████████▊                        | 18/58 [00:00<00:00, 40.69it/s, loss=0.0003]
  Epoch 15/30:  31%|██████████▊                        | 18/58 [00:00<00:00, 40.69it/s, loss=0.0005]
  Epoch 15/30:  40%|█████████████▉                     | 23/58 [00:00<00:00, 39.31it/s, loss=0.0005]
  Epoch 15/30:  40%|█████████████▉                     | 23/58 [00:00<00:00, 39.31it/s, loss=0.0005]
  Epoch 15/30:  40%|█████████████▉                     | 23/58 [00:00<00:00, 39.31it/s, loss=0.0006]
  Epoch 15/30:  40%|█████████████▉                     | 23/58 [00:00<00:00, 39.31it/s, loss=0.0004]
  Epoch 15/30:  40%|█████████████▉                     | 23/58 [00:00<00:00, 39.31it/s, loss=0.0010]
  Epoch 15/30:  47%|████████████████▎                  | 27/58 [00:00<00:00, 37.42it/s, loss=0.0010]
  Epoch 15/30:  47%|████████████████▎                  | 27/58 [00:00<00:00, 37.42it/s, loss=0.0005]
  Epoch 15/30:  47%|████████████████▎                  | 27/58 [00:00<00:00, 37.42it/s, loss=0.0019]
  Epoch 15/30:  47%|████████████████▎                  | 27/58 [00:00<00:00, 37.42it/s, loss=0.0004]
  Epoch 15/30:  47%|████████████████▎                  | 27/58 [00:00<00:00, 37.42it/s, loss=0.0005]
  Epoch 15/30:  53%|██████████████████▋                | 31/58 [00:00<00:00, 34.66it/s, loss=0.0005]
  Epoch 15/30:  53%|██████████████████▋                | 31/58 [00:00<00:00, 34.66it/s, loss=0.0006]
  Epoch 15/30:  53%|██████████████████▋                | 31/58 [00:00<00:00, 34.66it/s, loss=0.0004]
  Epoch 15/30:  53%|██████████████████▋                | 31/58 [00:00<00:00, 34.66it/s, loss=0.0008]
  Epoch 15/30:  53%|██████████████████▋                | 31/58 [00:00<00:00, 34.66it/s, loss=0.0010]
  Epoch 15/30:  60%|█████████████████████              | 35/58 [00:00<00:00, 32.60it/s, loss=0.0010]
  Epoch 15/30:  60%|█████████████████████              | 35/58 [00:00<00:00, 32.60it/s, loss=0.0003]
  Epoch 15/30:  60%|█████████████████████              | 35/58 [00:01<00:00, 32.60it/s, loss=0.0009]
  Epoch 15/30:  60%|█████████████████████              | 35/58 [00:01<00:00, 32.60it/s, loss=0.0011]
  Epoch 15/30:  60%|█████████████████████              | 35/58 [00:01<00:00, 32.60it/s, loss=0.0001]
  Epoch 15/30:  67%|███████████████████████▌           | 39/58 [00:01<00:00, 32.22it/s, loss=0.0001]
  Epoch 15/30:  67%|███████████████████████▌           | 39/58 [00:01<00:00, 32.22it/s, loss=0.0024]
  Epoch 15/30:  67%|███████████████████████▌           | 39/58 [00:01<00:00, 32.22it/s, loss=0.0002]
  Epoch 15/30:  67%|███████████████████████▌           | 39/58 [00:01<00:00, 32.22it/s, loss=0.0004]
  Epoch 15/30:  67%|███████████████████████▌           | 39/58 [00:01<00:00, 32.22it/s, loss=0.0011]
  Epoch 15/30:  74%|█████████████████████████▉         | 43/58 [00:01<00:00, 31.93it/s, loss=0.0011]
  Epoch 15/30:  74%|█████████████████████████▉         | 43/58 [00:01<00:00, 31.93it/s, loss=0.0003]
  Epoch 15/30:  74%|█████████████████████████▉         | 43/58 [00:01<00:00, 31.93it/s, loss=0.0005]
  Epoch 15/30:  74%|█████████████████████████▉         | 43/58 [00:01<00:00, 31.93it/s, loss=0.0011]
  Epoch 15/30:  74%|█████████████████████████▉         | 43/58 [00:01<00:00, 31.93it/s, loss=0.0003]
  Epoch 15/30:  81%|████████████████████████████▎      | 47/58 [00:01<00:00, 32.60it/s, loss=0.0003]
  Epoch 15/30:  81%|████████████████████████████▎      | 47/58 [00:01<00:00, 32.60it/s, loss=0.0019]
  Epoch 15/30:  81%|████████████████████████████▎      | 47/58 [00:01<00:00, 32.60it/s, loss=0.0003]
  Epoch 15/30:  81%|████████████████████████████▎      | 47/58 [00:01<00:00, 32.60it/s, loss=0.0017]
  Epoch 15/30:  81%|████████████████████████████▎      | 47/58 [00:01<00:00, 32.60it/s, loss=0.0011]
  Epoch 15/30:  88%|██████████████████████████████▊    | 51/58 [00:01<00:00, 32.88it/s, loss=0.0011]
  Epoch 15/30:  88%|██████████████████████████████▊    | 51/58 [00:01<00:00, 32.88it/s, loss=0.0012]
  Epoch 15/30:  88%|██████████████████████████████▊    | 51/58 [00:01<00:00, 32.88it/s, loss=0.0004]
  Epoch 15/30:  88%|██████████████████████████████▊    | 51/58 [00:01<00:00, 32.88it/s, loss=0.0006]
  Epoch 15/30:  88%|██████████████████████████████▊    | 51/58 [00:01<00:00, 32.88it/s, loss=0.0017]
  Epoch 15/30:  88%|██████████████████████████████▊    | 51/58 [00:01<00:00, 32.88it/s, loss=0.0003]
  Epoch 15/30:  97%|█████████████████████████████████▊ | 56/58 [00:01<00:00, 35.02it/s, loss=0.0003]
  Epoch 15/30:  97%|█████████████████████████████████▊ | 56/58 [00:01<00:00, 35.02it/s, loss=0.0007]
  Epoch 15/30:  97%|█████████████████████████████████▊ | 56/58 [00:01<00:00, 35.02it/s, loss=0.0000]
                                                                                                    
  Epoch 15/30 │ Loss: 0.0008 │ T+1: 0.8572 │ T+2: 0.6456 │ T+3: 0.4631 ★ NEW BEST

  Epoch 16/30:   0%|                                                         | 0/58 [00:00<?, ?it/s]
  Epoch 16/30:   0%|                                            | 0/58 [00:00<?, ?it/s, loss=0.0010]
  Epoch 16/30:   0%|                                            | 0/58 [00:00<?, ?it/s, loss=0.0015]
  Epoch 16/30:   0%|                                            | 0/58 [00:00<?, ?it/s, loss=0.0004]
  Epoch 16/30:   0%|                                            | 0/58 [00:00<?, ?it/s, loss=0.0002]
  Epoch 16/30:   0%|                                            | 0/58 [00:00<?, ?it/s, loss=0.0006]
  Epoch 16/30:   9%|███                                 | 5/58 [00:00<00:01, 45.14it/s, loss=0.0006]
  Epoch 16/30:   9%|███                                 | 5/58 [00:00<00:01, 45.14it/s, loss=0.0003]
  Epoch 16/30:   9%|███                                 | 5/58 [00:00<00:01, 45.14it/s, loss=0.0013]
  Epoch 16/30:   9%|███                                 | 5/58 [00:00<00:01, 45.14it/s, loss=0.0015]
  Epoch 16/30:   9%|███                                 | 5/58 [00:00<00:01, 45.14it/s, loss=0.0008]
  Epoch 16/30:   9%|███                                 | 5/58 [00:00<00:01, 45.14it/s, loss=0.0008]
  Epoch 16/30:  17%|██████                             | 10/58 [00:00<00:01, 40.14it/s, loss=0.0008]
  Epoch 16/30:  17%|██████                             | 10/58 [00:00<00:01, 40.14it/s, loss=0.0028]
  Epoch 16/30:  17%|██████                             | 10/58 [00:00<00:01, 40.14it/s, loss=0.0005]
  Epoch 16/30:  17%|██████                             | 10/58 [00:00<00:01, 40.14it/s, loss=0.0004]
  Epoch 16/30:  17%|██████                             | 10/58 [00:00<00:01, 40.14it/s, loss=0.0015]
  Epoch 16/30:  17%|██████                             | 10/58 [00:00<00:01, 40.14it/s, loss=0.0006]
  Epoch 16/30:  26%|█████████                          | 15/58 [00:00<00:01, 39.30it/s, loss=0.0006]
  Epoch 16/30:  26%|█████████                          | 15/58 [00:00<00:01, 39.30it/s, loss=0.0003]
  Epoch 16/30:  26%|█████████                          | 15/58 [00:00<00:01, 39.30it/s, loss=0.0005]
  Epoch 16/30:  26%|█████████                          | 15/58 [00:00<00:01, 39.30it/s, loss=0.0014]
  Epoch 16/30:  26%|█████████                          | 15/58 [00:00<00:01, 39.30it/s, loss=0.0007]
  Epoch 16/30:  26%|█████████                          | 15/58 [00:00<00:01, 39.30it/s, loss=0.0005]
  Epoch 16/30:  34%|████████████                       | 20/58 [00:00<00:00, 40.67it/s, loss=0.0005]
  Epoch 16/30:  34%|████████████                       | 20/58 [00:00<00:00, 40.67it/s, loss=0.0005]
  Epoch 16/30:  34%|████████████                       | 20/58 [00:00<00:00, 40.67it/s, loss=0.0008]
  Epoch 16/30:  34%|████████████                       | 20/58 [00:00<00:00, 40.67it/s, loss=0.0005]
  Epoch 16/30:  34%|████████████                       | 20/58 [00:00<00:00, 40.67it/s, loss=0.0003]
  Epoch 16/30:  34%|████████████                       | 20/58 [00:00<00:00, 40.67it/s, loss=0.0012]
  Epoch 16/30:  34%|████████████                       | 20/58 [00:00<00:00, 40.67it/s, loss=0.0008]
  Epoch 16/30:  45%|███████████████▋                   | 26/58 [00:00<00:00, 42.51it/s, loss=0.0008]
  Epoch 16/30:  45%|███████████████▋                   | 26/58 [00:00<00:00, 42.51it/s, loss=0.0005]
  Epoch 16/30:  45%|███████████████▋                   | 26/58 [00:00<00:00, 42.51it/s, loss=0.0004]
  Epoch 16/30:  45%|███████████████▋                   | 26/58 [00:00<00:00, 42.51it/s, loss=0.0004]
  Epoch 16/30:  45%|███████████████▋                   | 26/58 [00:00<00:00, 42.51it/s, loss=0.0010]
  Epoch 16/30:  45%|███████████████▋                   | 26/58 [00:00<00:00, 42.51it/s, loss=0.0004]
  Epoch 16/30:  53%|██████████████████▋                | 31/58 [00:00<00:00, 43.03it/s, loss=0.0004]
  Epoch 16/30:  53%|██████████████████▋                | 31/58 [00:00<00:00, 43.03it/s, loss=0.0004]
  Epoch 16/30:  53%|██████████████████▋                | 31/58 [00:00<00:00, 43.03it/s, loss=0.0004]
  Epoch 16/30:  53%|██████████████████▋                | 31/58 [00:00<00:00, 43.03it/s, loss=0.0007]
  Epoch 16/30:  53%|██████████████████▋                | 31/58 [00:00<00:00, 43.03it/s, loss=0.0011]
  Epoch 16/30:  53%|██████████████████▋                | 31/58 [00:00<00:00, 43.03it/s, loss=0.0003]
  Epoch 16/30:  62%|█████████████████████▋             | 36/58 [00:00<00:00, 42.17it/s, loss=0.0003]
  Epoch 16/30:  62%|█████████████████████▋             | 36/58 [00:00<00:00, 42.17it/s, loss=0.0003]
  Epoch 16/30:  62%|█████████████████████▋             | 36/58 [00:00<00:00, 42.17it/s, loss=0.0006]
  Epoch 16/30:  62%|█████████████████████▋             | 36/58 [00:00<00:00, 42.17it/s, loss=0.0010]
  Epoch 16/30:  62%|█████████████████████▋             | 36/58 [00:00<00:00, 42.17it/s, loss=0.0010]
  Epoch 16/30:  62%|█████████████████████▋             | 36/58 [00:00<00:00, 42.17it/s, loss=0.0006]
  Epoch 16/30:  71%|████████████████████████▋          | 41/58 [00:00<00:00, 40.82it/s, loss=0.0006]
  Epoch 16/30:  71%|████████████████████████▋          | 41/58 [00:01<00:00, 40.82it/s, loss=0.0010]
  Epoch 16/30:  71%|████████████████████████▋          | 41/58 [00:01<00:00, 40.82it/s, loss=0.0017]
  Epoch 16/30:  71%|████████████████████████▋          | 41/58 [00:01<00:00, 40.82it/s, loss=0.0002]
  Epoch 16/30:  71%|████████████████████████▋          | 41/58 [00:01<00:00, 40.82it/s, loss=0.0004]
  Epoch 16/30:  71%|████████████████████████▋          | 41/58 [00:01<00:00, 40.82it/s, loss=0.0005]
  Epoch 16/30:  79%|███████████████████████████▊       | 46/58 [00:01<00:00, 41.37it/s, loss=0.0005]
  Epoch 16/30:  79%|███████████████████████████▊       | 46/58 [00:01<00:00, 41.37it/s, loss=0.0003]
  Epoch 16/30:  79%|███████████████████████████▊       | 46/58 [00:01<00:00, 41.37it/s, loss=0.0004]
  Epoch 16/30:  79%|███████████████████████████▊       | 46/58 [00:01<00:00, 41.37it/s, loss=0.0005]
  Epoch 16/30:  79%|███████████████████████████▊       | 46/58 [00:01<00:00, 41.37it/s, loss=0.0004]
  Epoch 16/30:  79%|███████████████████████████▊       | 46/58 [00:01<00:00, 41.37it/s, loss=0.0010]
  Epoch 16/30:  79%|███████████████████████████▊       | 46/58 [00:01<00:00, 41.37it/s, loss=0.0026]
  Epoch 16/30:  90%|███████████████████████████████▍   | 52/58 [00:01<00:00, 43.72it/s, loss=0.0026]
  Epoch 16/30:  90%|███████████████████████████████▍   | 52/58 [00:01<00:00, 43.72it/s, loss=0.0005]
  Epoch 16/30:  90%|███████████████████████████████▍   | 52/58 [00:01<00:00, 43.72it/s, loss=0.0007]
  Epoch 16/30:  90%|███████████████████████████████▍   | 52/58 [00:01<00:00, 43.72it/s, loss=0.0008]
  Epoch 16/30:  90%|███████████████████████████████▍   | 52/58 [00:01<00:00, 43.72it/s, loss=0.0013]
  Epoch 16/30:  90%|███████████████████████████████▍   | 52/58 [00:01<00:00, 43.72it/s, loss=0.0004]
  Epoch 16/30:  98%|██████████████████████████████████▍| 57/58 [00:01<00:00, 39.98it/s, loss=0.0004]
  Epoch 16/30:  98%|██████████████████████████████████▍| 57/58 [00:01<00:00, 39.98it/s, loss=0.0005]
                                                                                                    

  Epoch 17/30:   0%|                                                         | 0/58 [00:00<?, ?it/s]
  Epoch 17/30:   0%|                                            | 0/58 [00:00<?, ?it/s, loss=0.0006]
  Epoch 17/30:   0%|                                            | 0/58 [00:00<?, ?it/s, loss=0.0007]
  Epoch 17/30:   0%|                                            | 0/58 [00:00<?, ?it/s, loss=0.0004]
  Epoch 17/30:   0%|                                            | 0/58 [00:00<?, ?it/s, loss=0.0006]
  Epoch 17/30:   7%|██▍                                 | 4/58 [00:00<00:01, 30.03it/s, loss=0.0006]
  Epoch 17/30:   7%|██▍                                 | 4/58 [00:00<00:01, 30.03it/s, loss=0.0005]
  Epoch 17/30:   7%|██▍                                 | 4/58 [00:00<00:01, 30.03it/s, loss=0.0009]
  Epoch 17/30:   7%|██▍                                 | 4/58 [00:00<00:01, 30.03it/s, loss=0.0005]
  Epoch 17/30:   7%|██▍                                 | 4/58 [00:00<00:01, 30.03it/s, loss=0.0013]
  Epoch 17/30:  14%|████▉                               | 8/58 [00:00<00:01, 29.94it/s, loss=0.0013]
  Epoch 17/30:  14%|████▉                               | 8/58 [00:00<00:01, 29.94it/s, loss=0.0003]
  Epoch 17/30:  14%|████▉                               | 8/58 [00:00<00:01, 29.94it/s, loss=0.0004]
  Epoch 17/30:  14%|████▉                               | 8/58 [00:00<00:01, 29.94it/s, loss=0.0004]
  Epoch 17/30:  14%|████▉                               | 8/58 [00:00<00:01, 29.94it/s, loss=0.0009]
  Epoch 17/30:  21%|███████▏                           | 12/58 [00:00<00:01, 32.45it/s, loss=0.0009]
  Epoch 17/30:  21%|███████▏                           | 12/58 [00:00<00:01, 32.45it/s, loss=0.0008]
  Epoch 17/30:  21%|███████▏                           | 12/58 [00:00<00:01, 32.45it/s, loss=0.0002]
  Epoch 17/30:  21%|███████▏                           | 12/58 [00:00<00:01, 32.45it/s, loss=0.0006]
  Epoch 17/30:  21%|███████▏                           | 12/58 [00:00<00:01, 32.45it/s, loss=0.0005]
  Epoch 17/30:  28%|█████████▋                         | 16/58 [00:00<00:01, 31.18it/s, loss=0.0005]
  Epoch 17/30:  28%|█████████▋                         | 16/58 [00:00<00:01, 31.18it/s, loss=0.0003]
  Epoch 17/30:  28%|█████████▋                         | 16/58 [00:00<00:01, 31.18it/s, loss=0.0005]
  Epoch 17/30:  28%|█████████▋                         | 16/58 [00:00<00:01, 31.18it/s, loss=0.0014]
  Epoch 17/30:  28%|█████████▋                         | 16/58 [00:00<00:01, 31.18it/s, loss=0.0007]
  Epoch 17/30:  34%|████████████                       | 20/58 [00:00<00:01, 31.75it/s, loss=0.0007]
  Epoch 17/30:  34%|████████████                       | 20/58 [00:00<00:01, 31.75it/s, loss=0.0004]
  Epoch 17/30:  34%|████████████                       | 20/58 [00:00<00:01, 31.75it/s, loss=0.0022]
  Epoch 17/30:  34%|████████████                       | 20/58 [00:00<00:01, 31.75it/s, loss=0.0006]
  Epoch 17/30:  34%|████████████                       | 20/58 [00:00<00:01, 31.75it/s, loss=0.0010]
  Epoch 17/30:  41%|██████████████▍                    | 24/58 [00:00<00:01, 32.77it/s, loss=0.0010]
  Epoch 17/30:  41%|██████████████▍                    | 24/58 [00:00<00:01, 32.77it/s, loss=0.0017]
  Epoch 17/30:  41%|██████████████▍                    | 24/58 [00:00<00:01, 32.77it/s, loss=0.0004]
  Epoch 17/30:  41%|██████████████▍                    | 24/58 [00:00<00:01, 32.77it/s, loss=0.0003]
  Epoch 17/30:  41%|██████████████▍                    | 24/58 [00:00<00:01, 32.77it/s, loss=0.0007]
  Epoch 17/30:  48%|████████████████▉                  | 28/58 [00:00<00:00, 33.34it/s, loss=0.0007]
  Epoch 17/30:  48%|████████████████▉                  | 28/58 [00:00<00:00, 33.34it/s, loss=0.0009]
  Epoch 17/30:  48%|████████████████▉                  | 28/58 [00:00<00:00, 33.34it/s, loss=0.0002]
  Epoch 17/30:  48%|████████████████▉                  | 28/58 [00:00<00:00, 33.34it/s, loss=0.0008]
  Epoch 17/30:  48%|████████████████▉                  | 28/58 [00:00<00:00, 33.34it/s, loss=0.0008]
  Epoch 17/30:  55%|███████████████████▎               | 32/58 [00:00<00:00, 34.22it/s, loss=0.0008]
  Epoch 17/30:  55%|███████████████████▎               | 32/58 [00:01<00:00, 34.22it/s, loss=0.0018]
  Epoch 17/30:  55%|███████████████████▎               | 32/58 [00:01<00:00, 34.22it/s, loss=0.0005]
  Epoch 17/30:  55%|███████████████████▎               | 32/58 [00:01<00:00, 34.22it/s, loss=0.0012]
  Epoch 17/30:  55%|███████████████████▎               | 32/58 [00:01<00:00, 34.22it/s, loss=0.0005]
  Epoch 17/30:  62%|█████████████████████▋             | 36/58 [00:01<00:00, 35.05it/s, loss=0.0005]
  Epoch 17/30:  62%|█████████████████████▋             | 36/58 [00:01<00:00, 35.05it/s, loss=0.0003]
  Epoch 17/30:  62%|█████████████████████▋             | 36/58 [00:01<00:00, 35.05it/s, loss=0.0004]
  Epoch 17/30:  62%|█████████████████████▋             | 36/58 [00:01<00:00, 35.05it/s, loss=0.0008]
  Epoch 17/30:  62%|█████████████████████▋             | 36/58 [00:01<00:00, 35.05it/s, loss=0.0010]
  Epoch 17/30:  62%|█████████████████████▋             | 36/58 [00:01<00:00, 35.05it/s, loss=0.0020]
  Epoch 17/30:  71%|████████████████████████▋          | 41/58 [00:01<00:00, 38.58it/s, loss=0.0020]
  Epoch 17/30:  71%|████████████████████████▋          | 41/58 [00:01<00:00, 38.58it/s, loss=0.0015]
  Epoch 17/30:  71%|████████████████████████▋          | 41/58 [00:01<00:00, 38.58it/s, loss=0.0016]
  Epoch 17/30:  71%|████████████████████████▋          | 41/58 [00:01<00:00, 38.58it/s, loss=0.0004]
  Epoch 17/30:  71%|████████████████████████▋          | 41/58 [00:01<00:00, 38.58it/s, loss=0.0009]
  Epoch 17/30:  78%|███████████████████████████▏       | 45/58 [00:01<00:00, 38.71it/s, loss=0.0009]
  Epoch 17/30:  78%|███████████████████████████▏       | 45/58 [00:01<00:00, 38.71it/s, loss=0.0003]
  Epoch 17/30:  78%|███████████████████████████▏       | 45/58 [00:01<00:00, 38.71it/s, loss=0.0003]
  Epoch 17/30:  78%|███████████████████████████▏       | 45/58 [00:01<00:00, 38.71it/s, loss=0.0002]
  Epoch 17/30:  78%|███████████████████████████▏       | 45/58 [00:01<00:00, 38.71it/s, loss=0.0007]
  Epoch 17/30:  84%|█████████████████████████████▌     | 49/58 [00:01<00:00, 39.05it/s, loss=0.0007]
  Epoch 17/30:  84%|█████████████████████████████▌     | 49/58 [00:01<00:00, 39.05it/s, loss=0.0004]
  Epoch 17/30:  84%|█████████████████████████████▌     | 49/58 [00:01<00:00, 39.05it/s, loss=0.0009]
  Epoch 17/30:  84%|█████████████████████████████▌     | 49/58 [00:01<00:00, 39.05it/s, loss=0.0008]
  Epoch 17/30:  84%|█████████████████████████████▌     | 49/58 [00:01<00:00, 39.05it/s, loss=0.0010]
  Epoch 17/30:  91%|███████████████████████████████▉   | 53/58 [00:01<00:00, 36.62it/s, loss=0.0010]
  Epoch 17/30:  91%|███████████████████████████████▉   | 53/58 [00:01<00:00, 36.62it/s, loss=0.0008]
  Epoch 17/30:  91%|███████████████████████████████▉   | 53/58 [00:01<00:00, 36.62it/s, loss=0.0014]
  Epoch 17/30:  91%|███████████████████████████████▉   | 53/58 [00:01<00:00, 36.62it/s, loss=0.0014]
  Epoch 17/30:  91%|███████████████████████████████▉   | 53/58 [00:01<00:00, 36.62it/s, loss=0.0004]
  Epoch 17/30:  98%|██████████████████████████████████▍| 57/58 [00:01<00:00, 36.58it/s, loss=0.0004]
  Epoch 17/30:  98%|██████████████████████████████████▍| 57/58 [00:01<00:00, 36.58it/s, loss=0.0002]
                                                                                                    

  Epoch 18/30:   0%|                                                         | 0/58 [00:00<?, ?it/s]
  Epoch 18/30:   0%|                                            | 0/58 [00:00<?, ?it/s, loss=0.0009]
  Epoch 18/30:   0%|                                            | 0/58 [00:00<?, ?it/s, loss=0.0006]
  Epoch 18/30:   0%|                                            | 0/58 [00:00<?, ?it/s, loss=0.0009]
  Epoch 18/30:   0%|                                            | 0/58 [00:00<?, ?it/s, loss=0.0004]
  Epoch 18/30:   7%|██▍                                 | 4/58 [00:00<00:01, 32.07it/s, loss=0.0004]
  Epoch 18/30:   7%|██▍                                 | 4/58 [00:00<00:01, 32.07it/s, loss=0.0004]
  Epoch 18/30:   7%|██▍                                 | 4/58 [00:00<00:01, 32.07it/s, loss=0.0005]
  Epoch 18/30:   7%|██▍                                 | 4/58 [00:00<00:01, 32.07it/s, loss=0.0004]
  Epoch 18/30:   7%|██▍                                 | 4/58 [00:00<00:01, 32.07it/s, loss=0.0003]
  Epoch 18/30:  14%|████▉                               | 8/58 [00:00<00:01, 30.78it/s, loss=0.0003]
  Epoch 18/30:  14%|████▉                               | 8/58 [00:00<00:01, 30.78it/s, loss=0.0004]
  Epoch 18/30:  14%|████▉                               | 8/58 [00:00<00:01, 30.78it/s, loss=0.0005]
  Epoch 18/30:  14%|████▉                               | 8/58 [00:00<00:01, 30.78it/s, loss=0.0004]
  Epoch 18/30:  14%|████▉                               | 8/58 [00:00<00:01, 30.78it/s, loss=0.0004]
  Epoch 18/30:  21%|███████▏                           | 12/58 [00:00<00:01, 28.85it/s, loss=0.0004]
  Epoch 18/30:  21%|███████▏                           | 12/58 [00:00<00:01, 28.85it/s, loss=0.0013]
  Epoch 18/30:  21%|███████▏                           | 12/58 [00:00<00:01, 28.85it/s, loss=0.0003]
  Epoch 18/30:  21%|███████▏                           | 12/58 [00:00<00:01, 28.85it/s, loss=0.0006]
  Epoch 18/30:  21%|███████▏                           | 12/58 [00:00<00:01, 28.85it/s, loss=0.0024]
  Epoch 18/30:  28%|█████████▋                         | 16/58 [00:00<00:01, 29.85it/s, loss=0.0024]
  Epoch 18/30:  28%|█████████▋                         | 16/58 [00:00<00:01, 29.85it/s, loss=0.0005]
  Epoch 18/30:  28%|█████████▋                         | 16/58 [00:00<00:01, 29.85it/s, loss=0.0008]
  Epoch 18/30:  28%|█████████▋                         | 16/58 [00:00<00:01, 29.85it/s, loss=0.0004]
  Epoch 18/30:  28%|█████████▋                         | 16/58 [00:00<00:01, 29.85it/s, loss=0.0010]
  Epoch 18/30:  34%|████████████                       | 20/58 [00:00<00:01, 29.22it/s, loss=0.0010]
  Epoch 18/30:  34%|████████████                       | 20/58 [00:00<00:01, 29.22it/s, loss=0.0004]
  Epoch 18/30:  34%|████████████                       | 20/58 [00:00<00:01, 29.22it/s, loss=0.0005]
  Epoch 18/30:  34%|████████████                       | 20/58 [00:00<00:01, 29.22it/s, loss=0.0009]
  Epoch 18/30:  40%|█████████████▉                     | 23/58 [00:00<00:01, 28.93it/s, loss=0.0009]
  Epoch 18/30:  40%|█████████████▉                     | 23/58 [00:00<00:01, 28.93it/s, loss=0.0008]
  Epoch 18/30:  40%|█████████████▉                     | 23/58 [00:00<00:01, 28.93it/s, loss=0.0005]
  Epoch 18/30:  40%|█████████████▉                     | 23/58 [00:00<00:01, 28.93it/s, loss=0.0006]
  Epoch 18/30:  45%|███████████████▋                   | 26/58 [00:00<00:01, 28.97it/s, loss=0.0006]
  Epoch 18/30:  45%|███████████████▋                   | 26/58 [00:00<00:01, 28.97it/s, loss=0.0004]
  Epoch 18/30:  45%|███████████████▋                   | 26/58 [00:00<00:01, 28.97it/s, loss=0.0018]
  Epoch 18/30:  45%|███████████████▋                   | 26/58 [00:00<00:01, 28.97it/s, loss=0.0013]
  Epoch 18/30:  50%|█████████████████▌                 | 29/58 [00:00<00:00, 29.15it/s, loss=0.0013]
  Epoch 18/30:  50%|█████████████████▌                 | 29/58 [00:01<00:00, 29.15it/s, loss=0.0003]
  Epoch 18/30:  50%|█████████████████▌                 | 29/58 [00:01<00:00, 29.15it/s, loss=0.0008]
  Epoch 18/30:  50%|█████████████████▌                 | 29/58 [00:01<00:00, 29.15it/s, loss=0.0003]
  Epoch 18/30:  55%|███████████████████▎               | 32/58 [00:01<00:00, 28.67it/s, loss=0.0003]
  Epoch 18/30:  55%|███████████████████▎               | 32/58 [00:01<00:00, 28.67it/s, loss=0.0008]
  Epoch 18/30:  55%|███████████████████▎               | 32/58 [00:01<00:00, 28.67it/s, loss=0.0007]
  Epoch 18/30:  55%|███████████████████▎               | 32/58 [00:01<00:00, 28.67it/s, loss=0.0006]
  Epoch 18/30:  60%|█████████████████████              | 35/58 [00:01<00:00, 28.28it/s, loss=0.0006]
  Epoch 18/30:  60%|█████████████████████              | 35/58 [00:01<00:00, 28.28it/s, loss=0.0004]
  Epoch 18/30:  60%|█████████████████████              | 35/58 [00:01<00:00, 28.28it/s, loss=0.0002]
  Epoch 18/30:  60%|█████████████████████              | 35/58 [00:01<00:00, 28.28it/s, loss=0.0006]
  Epoch 18/30:  60%|█████████████████████              | 35/58 [00:01<00:00, 28.28it/s, loss=0.0005]
  Epoch 18/30:  67%|███████████████████████▌           | 39/58 [00:01<00:00, 29.39it/s, loss=0.0005]
  Epoch 18/30:  67%|███████████████████████▌           | 39/58 [00:01<00:00, 29.39it/s, loss=0.0002]
  Epoch 18/30:  67%|███████████████████████▌           | 39/58 [00:01<00:00, 29.39it/s, loss=0.0005]
  Epoch 18/30:  67%|███████████████████████▌           | 39/58 [00:01<00:00, 29.39it/s, loss=0.0009]
  Epoch 18/30:  72%|█████████████████████████▎         | 42/58 [00:01<00:00, 29.43it/s, loss=0.0009]
  Epoch 18/30:  72%|█████████████████████████▎         | 42/58 [00:01<00:00, 29.43it/s, loss=0.0007]
  Epoch 18/30:  72%|█████████████████████████▎         | 42/58 [00:01<00:00, 29.43it/s, loss=0.0009]
  Epoch 18/30:  72%|█████████████████████████▎         | 42/58 [00:01<00:00, 29.43it/s, loss=0.0008]
  Epoch 18/30:  78%|███████████████████████████▏       | 45/58 [00:01<00:00, 28.70it/s, loss=0.0008]
  Epoch 18/30:  78%|███████████████████████████▏       | 45/58 [00:01<00:00, 28.70it/s, loss=0.0011]
  Epoch 18/30:  78%|███████████████████████████▏       | 45/58 [00:01<00:00, 28.70it/s, loss=0.0008]
  Epoch 18/30:  78%|███████████████████████████▏       | 45/58 [00:01<00:00, 28.70it/s, loss=0.0009]
  Epoch 18/30:  83%|████████████████████████████▉      | 48/58 [00:01<00:00, 26.46it/s, loss=0.0009]
  Epoch 18/30:  83%|████████████████████████████▉      | 48/58 [00:01<00:00, 26.46it/s, loss=0.0021]
  Epoch 18/30:  83%|████████████████████████████▉      | 48/58 [00:01<00:00, 26.46it/s, loss=0.0010]
  Epoch 18/30:  83%|████████████████████████████▉      | 48/58 [00:01<00:00, 26.46it/s, loss=0.0021]
  Epoch 18/30:  88%|██████████████████████████████▊    | 51/58 [00:01<00:00, 26.86it/s, loss=0.0021]
  Epoch 18/30:  88%|██████████████████████████████▊    | 51/58 [00:01<00:00, 26.86it/s, loss=0.0013]
  Epoch 18/30:  88%|██████████████████████████████▊    | 51/58 [00:01<00:00, 26.86it/s, loss=0.0006]
  Epoch 18/30:  88%|██████████████████████████████▊    | 51/58 [00:01<00:00, 26.86it/s, loss=0.0008]
  Epoch 18/30:  93%|████████████████████████████████▌  | 54/58 [00:01<00:00, 27.29it/s, loss=0.0008]
  Epoch 18/30:  93%|████████████████████████████████▌  | 54/58 [00:01<00:00, 27.29it/s, loss=0.0006]
  Epoch 18/30:  93%|████████████████████████████████▌  | 54/58 [00:01<00:00, 27.29it/s, loss=0.0013]
  Epoch 18/30:  93%|████████████████████████████████▌  | 54/58 [00:01<00:00, 27.29it/s, loss=0.0009]
  Epoch 18/30:  93%|████████████████████████████████▌  | 54/58 [00:02<00:00, 27.29it/s, loss=0.0000]
  Epoch 18/30: 100%|███████████████████████████████████| 58/58 [00:02<00:00, 29.54it/s, loss=0.0000]
                                                                                                    

  Epoch 19/30:   0%|                                                         | 0/58 [00:00<?, ?it/s]
  Epoch 19/30:   0%|                                            | 0/58 [00:00<?, ?it/s, loss=0.0007]
  Epoch 19/30:   0%|                                            | 0/58 [00:00<?, ?it/s, loss=0.0004]
  Epoch 19/30:   0%|                                            | 0/58 [00:00<?, ?it/s, loss=0.0009]
  Epoch 19/30:   5%|█▊                                  | 3/58 [00:00<00:01, 28.18it/s, loss=0.0009]
  Epoch 19/30:   5%|█▊                                  | 3/58 [00:00<00:01, 28.18it/s, loss=0.0009]
  Epoch 19/30:   5%|█▊                                  | 3/58 [00:00<00:01, 28.18it/s, loss=0.0004]
  Epoch 19/30:   5%|█▊                                  | 3/58 [00:00<00:01, 28.18it/s, loss=0.0005]
  Epoch 19/30:  10%|███▋                                | 6/58 [00:00<00:01, 27.97it/s, loss=0.0005]
  Epoch 19/30:  10%|███▋                                | 6/58 [00:00<00:01, 27.97it/s, loss=0.0003]
  Epoch 19/30:  10%|███▋                                | 6/58 [00:00<00:01, 27.97it/s, loss=0.0015]
  Epoch 19/30:  10%|███▋                                | 6/58 [00:00<00:01, 27.97it/s, loss=0.0005]
  Epoch 19/30:  16%|█████▌                              | 9/58 [00:00<00:01, 28.70it/s, loss=0.0005]
  Epoch 19/30:  16%|█████▌                              | 9/58 [00:00<00:01, 28.70it/s, loss=0.0004]
  Epoch 19/30:  16%|█████▌                              | 9/58 [00:00<00:01, 28.70it/s, loss=0.0005]
  Epoch 19/30:  16%|█████▌                              | 9/58 [00:00<00:01, 28.70it/s, loss=0.0003]
  Epoch 19/30:  21%|███████▏                           | 12/58 [00:00<00:01, 28.32it/s, loss=0.0003]
  Epoch 19/30:  21%|███████▏                           | 12/58 [00:00<00:01, 28.32it/s, loss=0.0004]
  Epoch 19/30:  21%|███████▏                           | 12/58 [00:00<00:01, 28.32it/s, loss=0.0006]
  Epoch 19/30:  21%|███████▏                           | 12/58 [00:00<00:01, 28.32it/s, loss=0.0007]
  Epoch 19/30:  26%|█████████                          | 15/58 [00:00<00:01, 27.73it/s, loss=0.0007]
  Epoch 19/30:  26%|█████████                          | 15/58 [00:00<00:01, 27.73it/s, loss=0.0010]
  Epoch 19/30:  26%|█████████                          | 15/58 [00:00<00:01, 27.73it/s, loss=0.0005]
  Epoch 19/30:  26%|█████████                          | 15/58 [00:00<00:01, 27.73it/s, loss=0.0004]
  Epoch 19/30:  31%|██████████▊                        | 18/58 [00:00<00:01, 26.93it/s, loss=0.0004]
  Epoch 19/30:  31%|██████████▊                        | 18/58 [00:00<00:01, 26.93it/s, loss=0.0006]
  Epoch 19/30:  31%|██████████▊                        | 18/58 [00:00<00:01, 26.93it/s, loss=0.0010]
  Epoch 19/30:  31%|██████████▊                        | 18/58 [00:00<00:01, 26.93it/s, loss=0.0011]
  Epoch 19/30:  36%|████████████▋                      | 21/58 [00:00<00:01, 26.45it/s, loss=0.0011]
  Epoch 19/30:  36%|████████████▋                      | 21/58 [00:00<00:01, 26.45it/s, loss=0.0008]
  Epoch 19/30:  36%|████████████▋                      | 21/58 [00:00<00:01, 26.45it/s, loss=0.0013]
  Epoch 19/30:  36%|████████████▋                      | 21/58 [00:00<00:01, 26.45it/s, loss=0.0010]
  Epoch 19/30:  41%|██████████████▍                    | 24/58 [00:00<00:01, 26.54it/s, loss=0.0010]
  Epoch 19/30:  41%|██████████████▍                    | 24/58 [00:00<00:01, 26.54it/s, loss=0.0004]
  Epoch 19/30:  41%|██████████████▍                    | 24/58 [00:00<00:01, 26.54it/s, loss=0.0003]
  Epoch 19/30:  41%|██████████████▍                    | 24/58 [00:00<00:01, 26.54it/s, loss=0.0005]
  Epoch 19/30:  47%|████████████████▎                  | 27/58 [00:00<00:01, 27.24it/s, loss=0.0005]
  Epoch 19/30:  47%|████████████████▎                  | 27/58 [00:01<00:01, 27.24it/s, loss=0.0007]
  Epoch 19/30:  47%|████████████████▎                  | 27/58 [00:01<00:01, 27.24it/s, loss=0.0003]
  Epoch 19/30:  47%|████████████████▎                  | 27/58 [00:01<00:01, 27.24it/s, loss=0.0008]
  Epoch 19/30:  52%|██████████████████                 | 30/58 [00:01<00:01, 27.46it/s, loss=0.0008]
  Epoch 19/30:  52%|██████████████████                 | 30/58 [00:01<00:01, 27.46it/s, loss=0.0010]
  Epoch 19/30:  52%|██████████████████                 | 30/58 [00:01<00:01, 27.46it/s, loss=0.0017]
  Epoch 19/30:  52%|██████████████████                 | 30/58 [00:01<00:01, 27.46it/s, loss=0.0004]
  Epoch 19/30:  57%|███████████████████▉               | 33/58 [00:01<00:00, 27.35it/s, loss=0.0004]
  Epoch 19/30:  57%|███████████████████▉               | 33/58 [00:01<00:00, 27.35it/s, loss=0.0011]
  Epoch 19/30:  57%|███████████████████▉               | 33/58 [00:01<00:00, 27.35it/s, loss=0.0004]
  Epoch 19/30:  57%|███████████████████▉               | 33/58 [00:01<00:00, 27.35it/s, loss=0.0016]
  Epoch 19/30:  62%|█████████████████████▋             | 36/58 [00:01<00:00, 27.94it/s, loss=0.0016]
  Epoch 19/30:  62%|█████████████████████▋             | 36/58 [00:01<00:00, 27.94it/s, loss=0.0003]
  Epoch 19/30:  62%|█████████████████████▋             | 36/58 [00:01<00:00, 27.94it/s, loss=0.0008]
  Epoch 19/30:  62%|█████████████████████▋             | 36/58 [00:01<00:00, 27.94it/s, loss=0.0018]
  Epoch 19/30:  62%|█████████████████████▋             | 36/58 [00:01<00:00, 27.94it/s, loss=0.0004]
  Epoch 19/30:  69%|████████████████████████▏          | 40/58 [00:01<00:00, 28.88it/s, loss=0.0004]
  Epoch 19/30:  69%|████████████████████████▏          | 40/58 [00:01<00:00, 28.88it/s, loss=0.0006]
  Epoch 19/30:  69%|████████████████████████▏          | 40/58 [00:01<00:00, 28.88it/s, loss=0.0010]
  Epoch 19/30:  69%|████████████████████████▏          | 40/58 [00:01<00:00, 28.88it/s, loss=0.0009]
  Epoch 19/30:  74%|█████████████████████████▉         | 43/58 [00:01<00:00, 29.05it/s, loss=0.0009]
  Epoch 19/30:  74%|█████████████████████████▉         | 43/58 [00:01<00:00, 29.05it/s, loss=0.0014]
  Epoch 19/30:  74%|█████████████████████████▉         | 43/58 [00:01<00:00, 29.05it/s, loss=0.0012]
  Epoch 19/30:  74%|█████████████████████████▉         | 43/58 [00:01<00:00, 29.05it/s, loss=0.0008]
  Epoch 19/30:  79%|███████████████████████████▊       | 46/58 [00:01<00:00, 29.23it/s, loss=0.0008]
  Epoch 19/30:  79%|███████████████████████████▊       | 46/58 [00:01<00:00, 29.23it/s, loss=0.0005]
  Epoch 19/30:  79%|███████████████████████████▊       | 46/58 [00:01<00:00, 29.23it/s, loss=0.0008]
  Epoch 19/30:  79%|███████████████████████████▊       | 46/58 [00:01<00:00, 29.23it/s, loss=0.0007]
  Epoch 19/30:  84%|█████████████████████████████▌     | 49/58 [00:01<00:00, 28.76it/s, loss=0.0007]
  Epoch 19/30:  84%|█████████████████████████████▌     | 49/58 [00:01<00:00, 28.76it/s, loss=0.0003]
  Epoch 19/30:  84%|█████████████████████████████▌     | 49/58 [00:01<00:00, 28.76it/s, loss=0.0022]
  Epoch 19/30:  84%|█████████████████████████████▌     | 49/58 [00:01<00:00, 28.76it/s, loss=0.0005]
  Epoch 19/30:  90%|███████████████████████████████▍   | 52/58 [00:01<00:00, 28.54it/s, loss=0.0005]
  Epoch 19/30:  90%|███████████████████████████████▍   | 52/58 [00:01<00:00, 28.54it/s, loss=0.0006]
  Epoch 19/30:  90%|███████████████████████████████▍   | 52/58 [00:01<00:00, 28.54it/s, loss=0.0009]
  Epoch 19/30:  90%|███████████████████████████████▍   | 52/58 [00:01<00:00, 28.54it/s, loss=0.0008]
  Epoch 19/30:  90%|███████████████████████████████▍   | 52/58 [00:01<00:00, 28.54it/s, loss=0.0013]
  Epoch 19/30:  97%|█████████████████████████████████▊ | 56/58 [00:01<00:00, 28.79it/s, loss=0.0013]
  Epoch 19/30:  97%|█████████████████████████████████▊ | 56/58 [00:02<00:00, 28.79it/s, loss=0.0005]
  Epoch 19/30:  97%|█████████████████████████████████▊ | 56/58 [00:02<00:00, 28.79it/s, loss=0.0001]
                                                                                                    

  Epoch 20/30:   0%|                                                         | 0/58 [00:00<?, ?it/s]
  Epoch 20/30:   0%|                                            | 0/58 [00:00<?, ?it/s, loss=0.0005]
  Epoch 20/30:   0%|                                            | 0/58 [00:00<?, ?it/s, loss=0.0008]
  Epoch 20/30:   0%|                                            | 0/58 [00:00<?, ?it/s, loss=0.0010]
  Epoch 20/30:   5%|█▊                                  | 3/58 [00:00<00:01, 28.30it/s, loss=0.0010]
  Epoch 20/30:   5%|█▊                                  | 3/58 [00:00<00:01, 28.30it/s, loss=0.0011]
  Epoch 20/30:   5%|█▊                                  | 3/58 [00:00<00:01, 28.30it/s, loss=0.0005]
  Epoch 20/30:   5%|█▊                                  | 3/58 [00:00<00:01, 28.30it/s, loss=0.0003]
  Epoch 20/30:  10%|███▋                                | 6/58 [00:00<00:01, 28.94it/s, loss=0.0003]
  Epoch 20/30:  10%|███▋                                | 6/58 [00:00<00:01, 28.94it/s, loss=0.0006]
  Epoch 20/30:  10%|███▋                                | 6/58 [00:00<00:01, 28.94it/s, loss=0.0005]
  Epoch 20/30:  10%|███▋                                | 6/58 [00:00<00:01, 28.94it/s, loss=0.0007]
  Epoch 20/30:  16%|█████▌                              | 9/58 [00:00<00:01, 27.99it/s, loss=0.0007]
  Epoch 20/30:  16%|█████▌                              | 9/58 [00:00<00:01, 27.99it/s, loss=0.0015]
  Epoch 20/30:  16%|█████▌                              | 9/58 [00:00<00:01, 27.99it/s, loss=0.0007]
  Epoch 20/30:  16%|█████▌                              | 9/58 [00:00<00:01, 27.99it/s, loss=0.0012]
  Epoch 20/30:  21%|███████▏                           | 12/58 [00:00<00:01, 28.25it/s, loss=0.0012]
  Epoch 20/30:  21%|███████▏                           | 12/58 [00:00<00:01, 28.25it/s, loss=0.0009]
  Epoch 20/30:  21%|███████▏                           | 12/58 [00:00<00:01, 28.25it/s, loss=0.0002]
  Epoch 20/30:  21%|███████▏                           | 12/58 [00:00<00:01, 28.25it/s, loss=0.0018]
  Epoch 20/30:  26%|█████████                          | 15/58 [00:00<00:01, 28.16it/s, loss=0.0018]
  Epoch 20/30:  26%|█████████                          | 15/58 [00:00<00:01, 28.16it/s, loss=0.0004]
  Epoch 20/30:  26%|█████████                          | 15/58 [00:00<00:01, 28.16it/s, loss=0.0005]
  Epoch 20/30:  26%|█████████                          | 15/58 [00:00<00:01, 28.16it/s, loss=0.0004]
  Epoch 20/30:  31%|██████████▊                        | 18/58 [00:00<00:01, 28.49it/s, loss=0.0004]
  Epoch 20/30:  31%|██████████▊                        | 18/58 [00:00<00:01, 28.49it/s, loss=0.0004]
  Epoch 20/30:  31%|██████████▊                        | 18/58 [00:00<00:01, 28.49it/s, loss=0.0010]
  Epoch 20/30:  31%|██████████▊                        | 18/58 [00:00<00:01, 28.49it/s, loss=0.0009]
  Epoch 20/30:  36%|████████████▋                      | 21/58 [00:00<00:01, 28.20it/s, loss=0.0009]
  Epoch 20/30:  36%|████████████▋                      | 21/58 [00:00<00:01, 28.20it/s, loss=0.0010]
  Epoch 20/30:  36%|████████████▋                      | 21/58 [00:00<00:01, 28.20it/s, loss=0.0012]
  Epoch 20/30:  36%|████████████▋                      | 21/58 [00:00<00:01, 28.20it/s, loss=0.0005]
  Epoch 20/30:  41%|██████████████▍                    | 24/58 [00:00<00:01, 27.05it/s, loss=0.0005]
  Epoch 20/30:  41%|██████████████▍                    | 24/58 [00:00<00:01, 27.05it/s, loss=0.0006]
  Epoch 20/30:  41%|██████████████▍                    | 24/58 [00:00<00:01, 27.05it/s, loss=0.0023]
  Epoch 20/30:  41%|██████████████▍                    | 24/58 [00:00<00:01, 27.05it/s, loss=0.0015]
  Epoch 20/30:  47%|████████████████▎                  | 27/58 [00:00<00:01, 25.97it/s, loss=0.0015]
  Epoch 20/30:  47%|████████████████▎                  | 27/58 [00:01<00:01, 25.97it/s, loss=0.0004]
  Epoch 20/30:  47%|████████████████▎                  | 27/58 [00:01<00:01, 25.97it/s, loss=0.0010]
  Epoch 20/30:  47%|████████████████▎                  | 27/58 [00:01<00:01, 25.97it/s, loss=0.0005]
  Epoch 20/30:  52%|██████████████████                 | 30/58 [00:01<00:01, 19.01it/s, loss=0.0005]
  Epoch 20/30:  52%|██████████████████                 | 30/58 [00:01<00:01, 19.01it/s, loss=0.0004]
  Epoch 20/30:  52%|██████████████████                 | 30/58 [00:01<00:01, 19.01it/s, loss=0.0007]
  Epoch 20/30:  52%|██████████████████                 | 30/58 [00:01<00:01, 19.01it/s, loss=0.0004]
  Epoch 20/30:  52%|██████████████████                 | 30/58 [00:01<00:01, 19.01it/s, loss=0.0007]
  Epoch 20/30:  59%|████████████████████▌              | 34/58 [00:01<00:01, 22.39it/s, loss=0.0007]
  Epoch 20/30:  59%|████████████████████▌              | 34/58 [00:01<00:01, 22.39it/s, loss=0.0004]
  Epoch 20/30:  59%|████████████████████▌              | 34/58 [00:01<00:01, 22.39it/s, loss=0.0008]
  Epoch 20/30:  59%|████████████████████▌              | 34/58 [00:01<00:01, 22.39it/s, loss=0.0015]
  Epoch 20/30:  64%|██████████████████████▎            | 37/58 [00:01<00:00, 23.33it/s, loss=0.0015]
  Epoch 20/30:  64%|██████████████████████▎            | 37/58 [00:01<00:00, 23.33it/s, loss=0.0002]
  Epoch 20/30:  64%|██████████████████████▎            | 37/58 [00:01<00:00, 23.33it/s, loss=0.0008]
  Epoch 20/30:  64%|██████████████████████▎            | 37/58 [00:01<00:00, 23.33it/s, loss=0.0006]
  Epoch 20/30:  69%|████████████████████████▏          | 40/58 [00:01<00:00, 24.19it/s, loss=0.0006]
  Epoch 20/30:  69%|████████████████████████▏          | 40/58 [00:01<00:00, 24.19it/s, loss=0.0011]
  Epoch 20/30:  69%|████████████████████████▏          | 40/58 [00:01<00:00, 24.19it/s, loss=0.0002]
  Epoch 20/30:  69%|████████████████████████▏          | 40/58 [00:01<00:00, 24.19it/s, loss=0.0008]
  Epoch 20/30:  69%|████████████████████████▏          | 40/58 [00:01<00:00, 24.19it/s, loss=0.0002]
  Epoch 20/30:  76%|██████████████████████████▌        | 44/58 [00:01<00:00, 26.59it/s, loss=0.0002]
  Epoch 20/30:  76%|██████████████████████████▌        | 44/58 [00:01<00:00, 26.59it/s, loss=0.0004]
  Epoch 20/30:  76%|██████████████████████████▌        | 44/58 [00:01<00:00, 26.59it/s, loss=0.0018]
  Epoch 20/30:  76%|██████████████████████████▌        | 44/58 [00:01<00:00, 26.59it/s, loss=0.0003]
  Epoch 20/30:  81%|████████████████████████████▎      | 47/58 [00:01<00:00, 26.86it/s, loss=0.0003]
  Epoch 20/30:  81%|████████████████████████████▎      | 47/58 [00:01<00:00, 26.86it/s, loss=0.0012]
  Epoch 20/30:  81%|████████████████████████████▎      | 47/58 [00:01<00:00, 26.86it/s, loss=0.0006]
  Epoch 20/30:  81%|████████████████████████████▎      | 47/58 [00:01<00:00, 26.86it/s, loss=0.0008]
  Epoch 20/30:  86%|██████████████████████████████▏    | 50/58 [00:01<00:00, 27.66it/s, loss=0.0008]
  Epoch 20/30:  86%|██████████████████████████████▏    | 50/58 [00:01<00:00, 27.66it/s, loss=0.0009]
  Epoch 20/30:  86%|██████████████████████████████▏    | 50/58 [00:01<00:00, 27.66it/s, loss=0.0008]
  Epoch 20/30:  86%|██████████████████████████████▏    | 50/58 [00:02<00:00, 27.66it/s, loss=0.0005]
  Epoch 20/30:  91%|███████████████████████████████▉   | 53/58 [00:02<00:00, 28.08it/s, loss=0.0005]
  Epoch 20/30:  91%|███████████████████████████████▉   | 53/58 [00:02<00:00, 28.08it/s, loss=0.0005]
  Epoch 20/30:  91%|███████████████████████████████▉   | 53/58 [00:02<00:00, 28.08it/s, loss=0.0005]
  Epoch 20/30:  91%|███████████████████████████████▉   | 53/58 [00:02<00:00, 28.08it/s, loss=0.0006]
  Epoch 20/30:  97%|█████████████████████████████████▊ | 56/58 [00:02<00:00, 27.36it/s, loss=0.0006]
  Epoch 20/30:  97%|█████████████████████████████████▊ | 56/58 [00:02<00:00, 27.36it/s, loss=0.0010]
  Epoch 20/30:  97%|█████████████████████████████████▊ | 56/58 [00:02<00:00, 27.36it/s, loss=0.0001]
                                                                                                    
  Epoch 20/30 │ Loss: 0.0008 │ T+1: 0.8530 │ T+2: 0.6447 │ T+3: 0.4730

  Epoch 21/30:   0%|                                                         | 0/58 [00:00<?, ?it/s]
  Epoch 21/30:   0%|                                            | 0/58 [00:00<?, ?it/s, loss=0.0004]
  Epoch 21/30:   0%|                                            | 0/58 [00:00<?, ?it/s, loss=0.0004]
  Epoch 21/30:   0%|                                            | 0/58 [00:00<?, ?it/s, loss=0.0015]
  Epoch 21/30:   5%|█▊                                  | 3/58 [00:00<00:01, 28.39it/s, loss=0.0015]
  Epoch 21/30:   5%|█▊                                  | 3/58 [00:00<00:01, 28.39it/s, loss=0.0006]
  Epoch 21/30:   5%|█▊                                  | 3/58 [00:00<00:01, 28.39it/s, loss=0.0006]
  Epoch 21/30:   5%|█▊                                  | 3/58 [00:00<00:01, 28.39it/s, loss=0.0006]
  Epoch 21/30:  10%|███▋                                | 6/58 [00:00<00:01, 27.96it/s, loss=0.0006]
  Epoch 21/30:  10%|███▋                                | 6/58 [00:00<00:01, 27.96it/s, loss=0.0004]
  Epoch 21/30:  10%|███▋                                | 6/58 [00:00<00:01, 27.96it/s, loss=0.0003]
  Epoch 21/30:  10%|███▋                                | 6/58 [00:00<00:01, 27.96it/s, loss=0.0006]
  Epoch 21/30:  16%|█████▌                              | 9/58 [00:00<00:01, 28.13it/s, loss=0.0006]
  Epoch 21/30:  16%|█████▌                              | 9/58 [00:00<00:01, 28.13it/s, loss=0.0011]
  Epoch 21/30:  16%|█████▌                              | 9/58 [00:00<00:01, 28.13it/s, loss=0.0006]
  Epoch 21/30:  16%|█████▌                              | 9/58 [00:00<00:01, 28.13it/s, loss=0.0003]
  Epoch 21/30:  21%|███████▏                           | 12/58 [00:00<00:01, 27.18it/s, loss=0.0003]
  Epoch 21/30:  21%|███████▏                           | 12/58 [00:00<00:01, 27.18it/s, loss=0.0023]
  Epoch 21/30:  21%|███████▏                           | 12/58 [00:00<00:01, 27.18it/s, loss=0.0007]
  Epoch 21/30:  21%|███████▏                           | 12/58 [00:00<00:01, 27.18it/s, loss=0.0002]
  Epoch 21/30:  26%|█████████                          | 15/58 [00:00<00:01, 27.68it/s, loss=0.0002]
  Epoch 21/30:  26%|█████████                          | 15/58 [00:00<00:01, 27.68it/s, loss=0.0001]
  Epoch 21/30:  26%|█████████                          | 15/58 [00:00<00:01, 27.68it/s, loss=0.0004]
  Epoch 21/30:  26%|█████████                          | 15/58 [00:00<00:01, 27.68it/s, loss=0.0008]
  Epoch 21/30:  31%|██████████▊                        | 18/58 [00:00<00:01, 27.67it/s, loss=0.0008]
  Epoch 21/30:  31%|██████████▊                        | 18/58 [00:00<00:01, 27.67it/s, loss=0.0010]
  Epoch 21/30:  31%|██████████▊                        | 18/58 [00:00<00:01, 27.67it/s, loss=0.0004]
  Epoch 21/30:  31%|██████████▊                        | 18/58 [00:00<00:01, 27.67it/s, loss=0.0004]
  Epoch 21/30:  36%|████████████▋                      | 21/58 [00:00<00:01, 27.46it/s, loss=0.0004]
  Epoch 21/30:  36%|████████████▋                      | 21/58 [00:00<00:01, 27.46it/s, loss=0.0003]
  Epoch 21/30:  36%|████████████▋                      | 21/58 [00:00<00:01, 27.46it/s, loss=0.0006]
  Epoch 21/30:  36%|████████████▋                      | 21/58 [00:00<00:01, 27.46it/s, loss=0.0004]
  Epoch 21/30:  41%|██████████████▍                    | 24/58 [00:00<00:01, 28.22it/s, loss=0.0004]
  Epoch 21/30:  41%|██████████████▍                    | 24/58 [00:00<00:01, 28.22it/s, loss=0.0005]
  Epoch 21/30:  41%|██████████████▍                    | 24/58 [00:00<00:01, 28.22it/s, loss=0.0005]
  Epoch 21/30:  41%|██████████████▍                    | 24/58 [00:00<00:01, 28.22it/s, loss=0.0004]
  Epoch 21/30:  41%|██████████████▍                    | 24/58 [00:00<00:01, 28.22it/s, loss=0.0010]
  Epoch 21/30:  48%|████████████████▉                  | 28/58 [00:00<00:01, 28.84it/s, loss=0.0010]
  Epoch 21/30:  48%|████████████████▉                  | 28/58 [00:01<00:01, 28.84it/s, loss=0.0007]
  Epoch 21/30:  48%|████████████████▉                  | 28/58 [00:01<00:01, 28.84it/s, loss=0.0004]
  Epoch 21/30:  48%|████████████████▉                  | 28/58 [00:01<00:01, 28.84it/s, loss=0.0009]
  Epoch 21/30:  48%|████████████████▉                  | 28/58 [00:01<00:01, 28.84it/s, loss=0.0004]
  Epoch 21/30:  55%|███████████████████▎               | 32/58 [00:01<00:00, 30.02it/s, loss=0.0004]
  Epoch 21/30:  55%|███████████████████▎               | 32/58 [00:01<00:00, 30.02it/s, loss=0.0003]
  Epoch 21/30:  55%|███████████████████▎               | 32/58 [00:01<00:00, 30.02it/s, loss=0.0007]
  Epoch 21/30:  55%|███████████████████▎               | 32/58 [00:01<00:00, 30.02it/s, loss=0.0020]
  Epoch 21/30:  60%|█████████████████████              | 35/58 [00:01<00:00, 29.62it/s, loss=0.0020]
  Epoch 21/30:  60%|█████████████████████              | 35/58 [00:01<00:00, 29.62it/s, loss=0.0015]
  Epoch 21/30:  60%|█████████████████████              | 35/58 [00:01<00:00, 29.62it/s, loss=0.0012]
  Epoch 21/30:  60%|█████████████████████              | 35/58 [00:01<00:00, 29.62it/s, loss=0.0016]
  Epoch 21/30:  66%|██████████████████████▉            | 38/58 [00:01<00:00, 29.70it/s, loss=0.0016]
  Epoch 21/30:  66%|██████████████████████▉            | 38/58 [00:01<00:00, 29.70it/s, loss=0.0007]
  Epoch 21/30:  66%|██████████████████████▉            | 38/58 [00:01<00:00, 29.70it/s, loss=0.0005]
  Epoch 21/30:  66%|██████████████████████▉            | 38/58 [00:01<00:00, 29.70it/s, loss=0.0004]
  Epoch 21/30:  71%|████████████████████████▋          | 41/58 [00:01<00:00, 29.58it/s, loss=0.0004]
  Epoch 21/30:  71%|████████████████████████▋          | 41/58 [00:01<00:00, 29.58it/s, loss=0.0010]
  Epoch 21/30:  71%|████████████████████████▋          | 41/58 [00:01<00:00, 29.58it/s, loss=0.0011]
  Epoch 21/30:  71%|████████████████████████▋          | 41/58 [00:01<00:00, 29.58it/s, loss=0.0009]
  Epoch 21/30:  71%|████████████████████████▋          | 41/58 [00:01<00:00, 29.58it/s, loss=0.0003]
  Epoch 21/30:  78%|███████████████████████████▏       | 45/58 [00:01<00:00, 30.12it/s, loss=0.0003]
  Epoch 21/30:  78%|███████████████████████████▏       | 45/58 [00:01<00:00, 30.12it/s, loss=0.0007]
  Epoch 21/30:  78%|███████████████████████████▏       | 45/58 [00:01<00:00, 30.12it/s, loss=0.0006]
  Epoch 21/30:  78%|███████████████████████████▏       | 45/58 [00:01<00:00, 30.12it/s, loss=0.0011]
  Epoch 21/30:  78%|███████████████████████████▏       | 45/58 [00:01<00:00, 30.12it/s, loss=0.0003]
  Epoch 21/30:  84%|█████████████████████████████▌     | 49/58 [00:01<00:00, 28.45it/s, loss=0.0003]
  Epoch 21/30:  84%|█████████████████████████████▌     | 49/58 [00:01<00:00, 28.45it/s, loss=0.0027]
  Epoch 21/30:  84%|█████████████████████████████▌     | 49/58 [00:01<00:00, 28.45it/s, loss=0.0003]
  Epoch 21/30:  84%|█████████████████████████████▌     | 49/58 [00:01<00:00, 28.45it/s, loss=0.0003]
  Epoch 21/30:  84%|█████████████████████████████▌     | 49/58 [00:01<00:00, 28.45it/s, loss=0.0009]
  Epoch 21/30:  91%|███████████████████████████████▉   | 53/58 [00:01<00:00, 29.48it/s, loss=0.0009]
  Epoch 21/30:  91%|███████████████████████████████▉   | 53/58 [00:01<00:00, 29.48it/s, loss=0.0005]
  Epoch 21/30:  91%|███████████████████████████████▉   | 53/58 [00:01<00:00, 29.48it/s, loss=0.0021]
  Epoch 21/30:  91%|███████████████████████████████▉   | 53/58 [00:01<00:00, 29.48it/s, loss=0.0020]
  Epoch 21/30:  91%|███████████████████████████████▉   | 53/58 [00:01<00:00, 29.48it/s, loss=0.0001]
  Epoch 21/30:  98%|██████████████████████████████████▍| 57/58 [00:01<00:00, 29.51it/s, loss=0.0001]
  Epoch 21/30:  98%|██████████████████████████████████▍| 57/58 [00:01<00:00, 29.51it/s, loss=0.0036]
                                                                                                    

  Epoch 22/30:   0%|                                                         | 0/58 [00:00<?, ?it/s]
  Epoch 22/30:   0%|                                            | 0/58 [00:00<?, ?it/s, loss=0.0013]
  Epoch 22/30:   0%|                                            | 0/58 [00:00<?, ?it/s, loss=0.0005]
  Epoch 22/30:   0%|                                            | 0/58 [00:00<?, ?it/s, loss=0.0009]
  Epoch 22/30:   0%|                                            | 0/58 [00:00<?, ?it/s, loss=0.0006]
  Epoch 22/30:   7%|██▍                                 | 4/58 [00:00<00:01, 31.52it/s, loss=0.0006]
  Epoch 22/30:   7%|██▍                                 | 4/58 [00:00<00:01, 31.52it/s, loss=0.0015]
  Epoch 22/30:   7%|██▍                                 | 4/58 [00:00<00:01, 31.52it/s, loss=0.0007]
  Epoch 22/30:   7%|██▍                                 | 4/58 [00:00<00:01, 31.52it/s, loss=0.0007]
  Epoch 22/30:   7%|██▍                                 | 4/58 [00:00<00:01, 31.52it/s, loss=0.0005]
  Epoch 22/30:  14%|████▉                               | 8/58 [00:00<00:01, 29.42it/s, loss=0.0005]
  Epoch 22/30:  14%|████▉                               | 8/58 [00:00<00:01, 29.42it/s, loss=0.0007]
  Epoch 22/30:  14%|████▉                               | 8/58 [00:00<00:01, 29.42it/s, loss=0.0007]
  Epoch 22/30:  14%|████▉                               | 8/58 [00:00<00:01, 29.42it/s, loss=0.0004]
  Epoch 22/30:  19%|██████▋                            | 11/58 [00:00<00:01, 29.56it/s, loss=0.0004]
  Epoch 22/30:  19%|██████▋                            | 11/58 [00:00<00:01, 29.56it/s, loss=0.0024]
  Epoch 22/30:  19%|██████▋                            | 11/58 [00:00<00:01, 29.56it/s, loss=0.0008]
  Epoch 22/30:  19%|██████▋                            | 11/58 [00:00<00:01, 29.56it/s, loss=0.0006]
  Epoch 22/30:  24%|████████▍                          | 14/58 [00:00<00:01, 28.17it/s, loss=0.0006]
  Epoch 22/30:  24%|████████▍                          | 14/58 [00:00<00:01, 28.17it/s, loss=0.0003]
  Epoch 22/30:  24%|████████▍                          | 14/58 [00:00<00:01, 28.17it/s, loss=0.0013]
  Epoch 22/30:  24%|████████▍                          | 14/58 [00:00<00:01, 28.17it/s, loss=0.0013]
  Epoch 22/30:  29%|██████████▎                        | 17/58 [00:00<00:01, 28.51it/s, loss=0.0013]
  Epoch 22/30:  29%|██████████▎                        | 17/58 [00:00<00:01, 28.51it/s, loss=0.0007]
  Epoch 22/30:  29%|██████████▎                        | 17/58 [00:00<00:01, 28.51it/s, loss=0.0006]
  Epoch 22/30:  29%|██████████▎                        | 17/58 [00:00<00:01, 28.51it/s, loss=0.0022]
  Epoch 22/30:  29%|██████████▎                        | 17/58 [00:00<00:01, 28.51it/s, loss=0.0004]
  Epoch 22/30:  36%|████████████▋                      | 21/58 [00:00<00:01, 29.17it/s, loss=0.0004]
  Epoch 22/30:  36%|████████████▋                      | 21/58 [00:00<00:01, 29.17it/s, loss=0.0006]
  Epoch 22/30:  36%|████████████▋                      | 21/58 [00:00<00:01, 29.17it/s, loss=0.0004]
  Epoch 22/30:  36%|████████████▋                      | 21/58 [00:00<00:01, 29.17it/s, loss=0.0008]
  Epoch 22/30:  41%|██████████████▍                    | 24/58 [00:00<00:01, 28.97it/s, loss=0.0008]
  Epoch 22/30:  41%|██████████████▍                    | 24/58 [00:00<00:01, 28.97it/s, loss=0.0003]
  Epoch 22/30:  41%|██████████████▍                    | 24/58 [00:00<00:01, 28.97it/s, loss=0.0008]
  Epoch 22/30:  41%|██████████████▍                    | 24/58 [00:00<00:01, 28.97it/s, loss=0.0004]
  Epoch 22/30:  47%|████████████████▎                  | 27/58 [00:00<00:01, 28.75it/s, loss=0.0004]
  Epoch 22/30:  47%|████████████████▎                  | 27/58 [00:00<00:01, 28.75it/s, loss=0.0006]
  Epoch 22/30:  47%|████████████████▎                  | 27/58 [00:01<00:01, 28.75it/s, loss=0.0008]
  Epoch 22/30:  47%|████████████████▎                  | 27/58 [00:01<00:01, 28.75it/s, loss=0.0009]
  Epoch 22/30:  52%|██████████████████                 | 30/58 [00:01<00:01, 27.79it/s, loss=0.0009]
  Epoch 22/30:  52%|██████████████████                 | 30/58 [00:01<00:01, 27.79it/s, loss=0.0005]
  Epoch 22/30:  52%|██████████████████                 | 30/58 [00:01<00:01, 27.79it/s, loss=0.0002]
  Epoch 22/30:  52%|██████████████████                 | 30/58 [00:01<00:01, 27.79it/s, loss=0.0008]
  Epoch 22/30:  57%|███████████████████▉               | 33/58 [00:01<00:00, 27.99it/s, loss=0.0008]
  Epoch 22/30:  57%|███████████████████▉               | 33/58 [00:01<00:00, 27.99it/s, loss=0.0004]
  Epoch 22/30:  57%|███████████████████▉               | 33/58 [00:01<00:00, 27.99it/s, loss=0.0017]
  Epoch 22/30:  57%|███████████████████▉               | 33/58 [00:01<00:00, 27.99it/s, loss=0.0003]
  Epoch 22/30:  57%|███████████████████▉               | 33/58 [00:01<00:00, 27.99it/s, loss=0.0004]
  Epoch 22/30:  64%|██████████████████████▎            | 37/58 [00:01<00:00, 28.65it/s, loss=0.0004]
  Epoch 22/30:  64%|██████████████████████▎            | 37/58 [00:01<00:00, 28.65it/s, loss=0.0005]
  Epoch 22/30:  64%|██████████████████████▎            | 37/58 [00:01<00:00, 28.65it/s, loss=0.0006]
  Epoch 22/30:  64%|██████████████████████▎            | 37/58 [00:01<00:00, 28.65it/s, loss=0.0006]
  Epoch 22/30:  64%|██████████████████████▎            | 37/58 [00:01<00:00, 28.65it/s, loss=0.0007]
  Epoch 22/30:  71%|████████████████████████▋          | 41/58 [00:01<00:00, 28.84it/s, loss=0.0007]
  Epoch 22/30:  71%|████████████████████████▋          | 41/58 [00:01<00:00, 28.84it/s, loss=0.0007]
  Epoch 22/30:  71%|████████████████████████▋          | 41/58 [00:01<00:00, 28.84it/s, loss=0.0005]
  Epoch 22/30:  71%|████████████████████████▋          | 41/58 [00:01<00:00, 28.84it/s, loss=0.0013]
  Epoch 22/30:  76%|██████████████████████████▌        | 44/58 [00:01<00:00, 29.06it/s, loss=0.0013]
  Epoch 22/30:  76%|██████████████████████████▌        | 44/58 [00:01<00:00, 29.06it/s, loss=0.0003]
  Epoch 22/30:  76%|██████████████████████████▌        | 44/58 [00:01<00:00, 29.06it/s, loss=0.0014]
  Epoch 22/30:  76%|██████████████████████████▌        | 44/58 [00:01<00:00, 29.06it/s, loss=0.0020]
  Epoch 22/30:  81%|████████████████████████████▎      | 47/58 [00:01<00:00, 28.34it/s, loss=0.0020]
  Epoch 22/30:  81%|████████████████████████████▎      | 47/58 [00:01<00:00, 28.34it/s, loss=0.0007]
  Epoch 22/30:  81%|████████████████████████████▎      | 47/58 [00:01<00:00, 28.34it/s, loss=0.0005]
  Epoch 22/30:  81%|████████████████████████████▎      | 47/58 [00:01<00:00, 28.34it/s, loss=0.0004]
  Epoch 22/30:  86%|██████████████████████████████▏    | 50/58 [00:01<00:00, 28.30it/s, loss=0.0004]
  Epoch 22/30:  86%|██████████████████████████████▏    | 50/58 [00:01<00:00, 28.30it/s, loss=0.0003]
  Epoch 22/30:  86%|██████████████████████████████▏    | 50/58 [00:01<00:00, 28.30it/s, loss=0.0008]
  Epoch 22/30:  86%|██████████████████████████████▏    | 50/58 [00:01<00:00, 28.30it/s, loss=0.0007]
  Epoch 22/30:  91%|███████████████████████████████▉   | 53/58 [00:01<00:00, 28.31it/s, loss=0.0007]
  Epoch 22/30:  91%|███████████████████████████████▉   | 53/58 [00:01<00:00, 28.31it/s, loss=0.0008]
  Epoch 22/30:  91%|███████████████████████████████▉   | 53/58 [00:01<00:00, 28.31it/s, loss=0.0010]
  Epoch 22/30:  91%|███████████████████████████████▉   | 53/58 [00:01<00:00, 28.31it/s, loss=0.0012]
  Epoch 22/30:  97%|█████████████████████████████████▊ | 56/58 [00:01<00:00, 28.31it/s, loss=0.0012]
  Epoch 22/30:  97%|█████████████████████████████████▊ | 56/58 [00:01<00:00, 28.31it/s, loss=0.0002]
  Epoch 22/30:  97%|█████████████████████████████████▊ | 56/58 [00:02<00:00, 28.31it/s, loss=0.0000]
                                                                                                    

  Epoch 23/30:   0%|                                                         | 0/58 [00:00<?, ?it/s]
  Epoch 23/30:   0%|                                            | 0/58 [00:00<?, ?it/s, loss=0.0005]
  Epoch 23/30:   0%|                                            | 0/58 [00:00<?, ?it/s, loss=0.0011]
  Epoch 23/30:   0%|                                            | 0/58 [00:00<?, ?it/s, loss=0.0007]
  Epoch 23/30:   5%|█▊                                  | 3/58 [00:00<00:02, 23.94it/s, loss=0.0007]
  Epoch 23/30:   5%|█▊                                  | 3/58 [00:00<00:02, 23.94it/s, loss=0.0003]
  Epoch 23/30:   5%|█▊                                  | 3/58 [00:00<00:02, 23.94it/s, loss=0.0005]
  Epoch 23/30:   5%|█▊                                  | 3/58 [00:00<00:02, 23.94it/s, loss=0.0014]
  Epoch 23/30:  10%|███▋                                | 6/58 [00:00<00:02, 25.11it/s, loss=0.0014]
  Epoch 23/30:  10%|███▋                                | 6/58 [00:00<00:02, 25.11it/s, loss=0.0005]
  Epoch 23/30:  10%|███▋                                | 6/58 [00:00<00:02, 25.11it/s, loss=0.0018]
  Epoch 23/30:  10%|███▋                                | 6/58 [00:00<00:02, 25.11it/s, loss=0.0005]
  Epoch 23/30:  16%|█████▌                              | 9/58 [00:00<00:01, 25.51it/s, loss=0.0005]
  Epoch 23/30:  16%|█████▌                              | 9/58 [00:00<00:01, 25.51it/s, loss=0.0009]
  Epoch 23/30:  16%|█████▌                              | 9/58 [00:00<00:01, 25.51it/s, loss=0.0005]
  Epoch 23/30:  16%|█████▌                              | 9/58 [00:00<00:01, 25.51it/s, loss=0.0014]
  Epoch 23/30:  21%|███████▏                           | 12/58 [00:00<00:01, 26.52it/s, loss=0.0014]
  Epoch 23/30:  21%|███████▏                           | 12/58 [00:00<00:01, 26.52it/s, loss=0.0003]
  Epoch 23/30:  21%|███████▏                           | 12/58 [00:00<00:01, 26.52it/s, loss=0.0007]
  Epoch 23/30:  21%|███████▏                           | 12/58 [00:00<00:01, 26.52it/s, loss=0.0003]
  Epoch 23/30:  26%|█████████                          | 15/58 [00:00<00:01, 26.82it/s, loss=0.0003]
  Epoch 23/30:  26%|█████████                          | 15/58 [00:00<00:01, 26.82it/s, loss=0.0002]
  Epoch 23/30:  26%|█████████                          | 15/58 [00:00<00:01, 26.82it/s, loss=0.0009]
  Epoch 23/30:  26%|█████████                          | 15/58 [00:00<00:01, 26.82it/s, loss=0.0006]
  Epoch 23/30:  31%|██████████▊                        | 18/58 [00:00<00:01, 27.48it/s, loss=0.0006]
  Epoch 23/30:  31%|██████████▊                        | 18/58 [00:00<00:01, 27.48it/s, loss=0.0007]
  Epoch 23/30:  31%|██████████▊                        | 18/58 [00:00<00:01, 27.48it/s, loss=0.0012]
  Epoch 23/30:  31%|██████████▊                        | 18/58 [00:00<00:01, 27.48it/s, loss=0.0013]
  Epoch 23/30:  36%|████████████▋                      | 21/58 [00:00<00:01, 27.60it/s, loss=0.0013]
  Epoch 23/30:  36%|████████████▋                      | 21/58 [00:00<00:01, 27.60it/s, loss=0.0009]
  Epoch 23/30:  36%|████████████▋                      | 21/58 [00:00<00:01, 27.60it/s, loss=0.0009]
  Epoch 23/30:  36%|████████████▋                      | 21/58 [00:00<00:01, 27.60it/s, loss=0.0012]
  Epoch 23/30:  36%|████████████▋                      | 21/58 [00:00<00:01, 27.60it/s, loss=0.0007]
  Epoch 23/30:  43%|███████████████                    | 25/58 [00:00<00:01, 30.53it/s, loss=0.0007]
  Epoch 23/30:  43%|███████████████                    | 25/58 [00:00<00:01, 30.53it/s, loss=0.0007]
  Epoch 23/30:  43%|███████████████                    | 25/58 [00:00<00:01, 30.53it/s, loss=0.0004]
  Epoch 23/30:  43%|███████████████                    | 25/58 [00:00<00:01, 30.53it/s, loss=0.0008]
  Epoch 23/30:  43%|███████████████                    | 25/58 [00:01<00:01, 30.53it/s, loss=0.0005]
  Epoch 23/30:  50%|█████████████████▌                 | 29/58 [00:01<00:00, 30.73it/s, loss=0.0005]
  Epoch 23/30:  50%|█████████████████▌                 | 29/58 [00:01<00:00, 30.73it/s, loss=0.0012]
  Epoch 23/30:  50%|█████████████████▌                 | 29/58 [00:01<00:00, 30.73it/s, loss=0.0006]
  Epoch 23/30:  50%|█████████████████▌                 | 29/58 [00:01<00:00, 30.73it/s, loss=0.0010]
  Epoch 23/30:  50%|█████████████████▌                 | 29/58 [00:01<00:00, 30.73it/s, loss=0.0008]
  Epoch 23/30:  57%|███████████████████▉               | 33/58 [00:01<00:00, 31.43it/s, loss=0.0008]
  Epoch 23/30:  57%|███████████████████▉               | 33/58 [00:01<00:00, 31.43it/s, loss=0.0002]
  Epoch 23/30:  57%|███████████████████▉               | 33/58 [00:01<00:00, 31.43it/s, loss=0.0005]
  Epoch 23/30:  57%|███████████████████▉               | 33/58 [00:01<00:00, 31.43it/s, loss=0.0009]
  Epoch 23/30:  57%|███████████████████▉               | 33/58 [00:01<00:00, 31.43it/s, loss=0.0002]
  Epoch 23/30:  64%|██████████████████████▎            | 37/58 [00:01<00:00, 31.91it/s, loss=0.0002]
  Epoch 23/30:  64%|██████████████████████▎            | 37/58 [00:01<00:00, 31.91it/s, loss=0.0008]
  Epoch 23/30:  64%|██████████████████████▎            | 37/58 [00:01<00:00, 31.91it/s, loss=0.0005]
  Epoch 23/30:  64%|██████████████████████▎            | 37/58 [00:01<00:00, 31.91it/s, loss=0.0012]
  Epoch 23/30:  64%|██████████████████████▎            | 37/58 [00:01<00:00, 31.91it/s, loss=0.0002]
  Epoch 23/30:  71%|████████████████████████▋          | 41/58 [00:01<00:00, 33.15it/s, loss=0.0002]
  Epoch 23/30:  71%|████████████████████████▋          | 41/58 [00:01<00:00, 33.15it/s, loss=0.0004]
  Epoch 23/30:  71%|████████████████████████▋          | 41/58 [00:01<00:00, 33.15it/s, loss=0.0008]
  Epoch 23/30:  71%|████████████████████████▋          | 41/58 [00:01<00:00, 33.15it/s, loss=0.0005]
  Epoch 23/30:  71%|████████████████████████▋          | 41/58 [00:01<00:00, 33.15it/s, loss=0.0004]
  Epoch 23/30:  78%|███████████████████████████▏       | 45/58 [00:01<00:00, 34.72it/s, loss=0.0004]
  Epoch 23/30:  78%|███████████████████████████▏       | 45/58 [00:01<00:00, 34.72it/s, loss=0.0008]
  Epoch 23/30:  78%|███████████████████████████▏       | 45/58 [00:01<00:00, 34.72it/s, loss=0.0007]
  Epoch 23/30:  78%|███████████████████████████▏       | 45/58 [00:01<00:00, 34.72it/s, loss=0.0011]
  Epoch 23/30:  78%|███████████████████████████▏       | 45/58 [00:01<00:00, 34.72it/s, loss=0.0006]
  Epoch 23/30:  78%|███████████████████████████▏       | 45/58 [00:01<00:00, 34.72it/s, loss=0.0013]
  Epoch 23/30:  86%|██████████████████████████████▏    | 50/58 [00:01<00:00, 38.07it/s, loss=0.0013]
  Epoch 23/30:  86%|██████████████████████████████▏    | 50/58 [00:01<00:00, 38.07it/s, loss=0.0003]
  Epoch 23/30:  86%|██████████████████████████████▏    | 50/58 [00:01<00:00, 38.07it/s, loss=0.0012]
  Epoch 23/30:  86%|██████████████████████████████▏    | 50/58 [00:01<00:00, 38.07it/s, loss=0.0002]
  Epoch 23/30:  86%|██████████████████████████████▏    | 50/58 [00:01<00:00, 38.07it/s, loss=0.0010]
  Epoch 23/30:  86%|██████████████████████████████▏    | 50/58 [00:01<00:00, 38.07it/s, loss=0.0004]
  Epoch 23/30:  95%|█████████████████████████████████▏ | 55/58 [00:01<00:00, 38.74it/s, loss=0.0004]
  Epoch 23/30:  95%|█████████████████████████████████▏ | 55/58 [00:01<00:00, 38.74it/s, loss=0.0014]
  Epoch 23/30:  95%|█████████████████████████████████▏ | 55/58 [00:01<00:00, 38.74it/s, loss=0.0009]
  Epoch 23/30:  95%|█████████████████████████████████▏ | 55/58 [00:01<00:00, 38.74it/s, loss=0.0001]
                                                                                                    

  Epoch 24/30:   0%|                                                         | 0/58 [00:00<?, ?it/s]
  Epoch 24/30:   0%|                                            | 0/58 [00:00<?, ?it/s, loss=0.0007]
  Epoch 24/30:   0%|                                            | 0/58 [00:00<?, ?it/s, loss=0.0015]
  Epoch 24/30:   0%|                                            | 0/58 [00:00<?, ?it/s, loss=0.0005]
  Epoch 24/30:   0%|                                            | 0/58 [00:00<?, ?it/s, loss=0.0008]
  Epoch 24/30:   7%|██▍                                 | 4/58 [00:00<00:01, 38.46it/s, loss=0.0008]
  Epoch 24/30:   7%|██▍                                 | 4/58 [00:00<00:01, 38.46it/s, loss=0.0007]
  Epoch 24/30:   7%|██▍                                 | 4/58 [00:00<00:01, 38.46it/s, loss=0.0005]
  Epoch 24/30:   7%|██▍                                 | 4/58 [00:00<00:01, 38.46it/s, loss=0.0006]
  Epoch 24/30:   7%|██▍                                 | 4/58 [00:00<00:01, 38.46it/s, loss=0.0013]
  Epoch 24/30:   7%|██▍                                 | 4/58 [00:00<00:01, 38.46it/s, loss=0.0005]
  Epoch 24/30:  16%|█████▌                              | 9/58 [00:00<00:01, 38.85it/s, loss=0.0005]
  Epoch 24/30:  16%|█████▌                              | 9/58 [00:00<00:01, 38.85it/s, loss=0.0006]
  Epoch 24/30:  16%|█████▌                              | 9/58 [00:00<00:01, 38.85it/s, loss=0.0008]
  Epoch 24/30:  16%|█████▌                              | 9/58 [00:00<00:01, 38.85it/s, loss=0.0012]
  Epoch 24/30:  16%|█████▌                              | 9/58 [00:00<00:01, 38.85it/s, loss=0.0009]
  Epoch 24/30:  22%|███████▊                           | 13/58 [00:00<00:01, 37.61it/s, loss=0.0009]
  Epoch 24/30:  22%|███████▊                           | 13/58 [00:00<00:01, 37.61it/s, loss=0.0005]
  Epoch 24/30:  22%|███████▊                           | 13/58 [00:00<00:01, 37.61it/s, loss=0.0004]
  Epoch 24/30:  22%|███████▊                           | 13/58 [00:00<00:01, 37.61it/s, loss=0.0003]
  Epoch 24/30:  22%|███████▊                           | 13/58 [00:00<00:01, 37.61it/s, loss=0.0013]
  Epoch 24/30:  29%|██████████▎                        | 17/58 [00:00<00:01, 37.96it/s, loss=0.0013]
  Epoch 24/30:  29%|██████████▎                        | 17/58 [00:00<00:01, 37.96it/s, loss=0.0006]
  Epoch 24/30:  29%|██████████▎                        | 17/58 [00:00<00:01, 37.96it/s, loss=0.0004]
  Epoch 24/30:  29%|██████████▎                        | 17/58 [00:00<00:01, 37.96it/s, loss=0.0004]
  Epoch 24/30:  29%|██████████▎                        | 17/58 [00:00<00:01, 37.96it/s, loss=0.0013]
  Epoch 24/30:  36%|████████████▋                      | 21/58 [00:00<00:00, 37.90it/s, loss=0.0013]
  Epoch 24/30:  36%|████████████▋                      | 21/58 [00:00<00:00, 37.90it/s, loss=0.0005]
  Epoch 24/30:  36%|████████████▋                      | 21/58 [00:00<00:00, 37.90it/s, loss=0.0012]
  Epoch 24/30:  36%|████████████▋                      | 21/58 [00:00<00:00, 37.90it/s, loss=0.0006]
  Epoch 24/30:  36%|████████████▋                      | 21/58 [00:00<00:00, 37.90it/s, loss=0.0011]
  Epoch 24/30:  43%|███████████████                    | 25/58 [00:00<00:00, 38.57it/s, loss=0.0011]
  Epoch 24/30:  43%|███████████████                    | 25/58 [00:00<00:00, 38.57it/s, loss=0.0001]
  Epoch 24/30:  43%|███████████████                    | 25/58 [00:00<00:00, 38.57it/s, loss=0.0007]
  Epoch 24/30:  43%|███████████████                    | 25/58 [00:00<00:00, 38.57it/s, loss=0.0012]
  Epoch 24/30:  43%|███████████████                    | 25/58 [00:00<00:00, 38.57it/s, loss=0.0006]
  Epoch 24/30:  43%|███████████████                    | 25/58 [00:00<00:00, 38.57it/s, loss=0.0006]
  Epoch 24/30:  52%|██████████████████                 | 30/58 [00:00<00:00, 40.00it/s, loss=0.0006]
  Epoch 24/30:  52%|██████████████████                 | 30/58 [00:00<00:00, 40.00it/s, loss=0.0008]
  Epoch 24/30:  52%|██████████████████                 | 30/58 [00:00<00:00, 40.00it/s, loss=0.0014]
  Epoch 24/30:  52%|██████████████████                 | 30/58 [00:00<00:00, 40.00it/s, loss=0.0019]
  Epoch 24/30:  52%|██████████████████                 | 30/58 [00:00<00:00, 40.00it/s, loss=0.0003]
  Epoch 24/30:  59%|████████████████████▌              | 34/58 [00:00<00:00, 38.63it/s, loss=0.0003]
  Epoch 24/30:  59%|████████████████████▌              | 34/58 [00:00<00:00, 38.63it/s, loss=0.0012]
  Epoch 24/30:  59%|████████████████████▌              | 34/58 [00:00<00:00, 38.63it/s, loss=0.0003]
  Epoch 24/30:  59%|████████████████████▌              | 34/58 [00:00<00:00, 38.63it/s, loss=0.0004]
  Epoch 24/30:  59%|████████████████████▌              | 34/58 [00:00<00:00, 38.63it/s, loss=0.0012]
  Epoch 24/30:  59%|████████████████████▌              | 34/58 [00:01<00:00, 38.63it/s, loss=0.0005]
  Epoch 24/30:  67%|███████████████████████▌           | 39/58 [00:01<00:00, 38.86it/s, loss=0.0005]
  Epoch 24/30:  67%|███████████████████████▌           | 39/58 [00:01<00:00, 38.86it/s, loss=0.0013]
  Epoch 24/30:  67%|███████████████████████▌           | 39/58 [00:01<00:00, 38.86it/s, loss=0.0004]
  Epoch 24/30:  67%|███████████████████████▌           | 39/58 [00:01<00:00, 38.86it/s, loss=0.0006]
  Epoch 24/30:  67%|███████████████████████▌           | 39/58 [00:01<00:00, 38.86it/s, loss=0.0003]
  Epoch 24/30:  67%|███████████████████████▌           | 39/58 [00:01<00:00, 38.86it/s, loss=0.0007]
  Epoch 24/30:  76%|██████████████████████████▌        | 44/58 [00:01<00:00, 40.48it/s, loss=0.0007]
  Epoch 24/30:  76%|██████████████████████████▌        | 44/58 [00:01<00:00, 40.48it/s, loss=0.0008]
  Epoch 24/30:  76%|██████████████████████████▌        | 44/58 [00:01<00:00, 40.48it/s, loss=0.0014]
  Epoch 24/30:  76%|██████████████████████████▌        | 44/58 [00:01<00:00, 40.48it/s, loss=0.0007]
  Epoch 24/30:  76%|██████████████████████████▌        | 44/58 [00:01<00:00, 40.48it/s, loss=0.0003]
  Epoch 24/30:  76%|██████████████████████████▌        | 44/58 [00:01<00:00, 40.48it/s, loss=0.0007]
  Epoch 24/30:  84%|█████████████████████████████▌     | 49/58 [00:01<00:00, 40.20it/s, loss=0.0007]
  Epoch 24/30:  84%|█████████████████████████████▌     | 49/58 [00:01<00:00, 40.20it/s, loss=0.0004]
  Epoch 24/30:  84%|█████████████████████████████▌     | 49/58 [00:01<00:00, 40.20it/s, loss=0.0008]
  Epoch 24/30:  84%|█████████████████████████████▌     | 49/58 [00:01<00:00, 40.20it/s, loss=0.0003]
  Epoch 24/30:  84%|█████████████████████████████▌     | 49/58 [00:01<00:00, 40.20it/s, loss=0.0009]
  Epoch 24/30:  84%|█████████████████████████████▌     | 49/58 [00:01<00:00, 40.20it/s, loss=0.0007]
  Epoch 24/30:  93%|████████████████████████████████▌  | 54/58 [00:01<00:00, 36.28it/s, loss=0.0007]
  Epoch 24/30:  93%|████████████████████████████████▌  | 54/58 [00:01<00:00, 36.28it/s, loss=0.0009]
  Epoch 24/30:  93%|████████████████████████████████▌  | 54/58 [00:01<00:00, 36.28it/s, loss=0.0008]
  Epoch 24/30:  93%|████████████████████████████████▌  | 54/58 [00:01<00:00, 36.28it/s, loss=0.0002]
  Epoch 24/30:  93%|████████████████████████████████▌  | 54/58 [00:01<00:00, 36.28it/s, loss=0.0000]
  Epoch 24/30: 100%|███████████████████████████████████| 58/58 [00:01<00:00, 36.97it/s, loss=0.0000]
                                                                                                    

  Epoch 25/30:   0%|                                                         | 0/58 [00:00<?, ?it/s]
  Epoch 25/30:   0%|                                            | 0/58 [00:00<?, ?it/s, loss=0.0007]
  Epoch 25/30:   0%|                                            | 0/58 [00:00<?, ?it/s, loss=0.0009]
  Epoch 25/30:   0%|                                            | 0/58 [00:00<?, ?it/s, loss=0.0002]
  Epoch 25/30:   5%|█▊                                  | 3/58 [00:00<00:01, 29.62it/s, loss=0.0002]
  Epoch 25/30:   5%|█▊                                  | 3/58 [00:00<00:01, 29.62it/s, loss=0.0003]
  Epoch 25/30:   5%|█▊                                  | 3/58 [00:00<00:01, 29.62it/s, loss=0.0007]
  Epoch 25/30:   5%|█▊                                  | 3/58 [00:00<00:01, 29.62it/s, loss=0.0009]
  Epoch 25/30:   5%|█▊                                  | 3/58 [00:00<00:01, 29.62it/s, loss=0.0002]
  Epoch 25/30:  12%|████▎                               | 7/58 [00:00<00:01, 32.26it/s, loss=0.0002]
  Epoch 25/30:  12%|████▎                               | 7/58 [00:00<00:01, 32.26it/s, loss=0.0003]
  Epoch 25/30:  12%|████▎                               | 7/58 [00:00<00:01, 32.26it/s, loss=0.0014]
  Epoch 25/30:  12%|████▎                               | 7/58 [00:00<00:01, 32.26it/s, loss=0.0020]
  Epoch 25/30:  12%|████▎                               | 7/58 [00:00<00:01, 32.26it/s, loss=0.0003]
  Epoch 25/30:  19%|██████▋                            | 11/58 [00:00<00:02, 22.26it/s, loss=0.0003]
  Epoch 25/30:  19%|██████▋                            | 11/58 [00:00<00:02, 22.26it/s, loss=0.0003]
  Epoch 25/30:  19%|██████▋                            | 11/58 [00:00<00:02, 22.26it/s, loss=0.0006]
  Epoch 25/30:  19%|██████▋                            | 11/58 [00:00<00:02, 22.26it/s, loss=0.0013]
  Epoch 25/30:  24%|████████▍                          | 14/58 [00:00<00:01, 23.83it/s, loss=0.0013]
  Epoch 25/30:  24%|████████▍                          | 14/58 [00:00<00:01, 23.83it/s, loss=0.0007]
  Epoch 25/30:  24%|████████▍                          | 14/58 [00:00<00:01, 23.83it/s, loss=0.0008]
  Epoch 25/30:  24%|████████▍                          | 14/58 [00:00<00:01, 23.83it/s, loss=0.0004]
  Epoch 25/30:  29%|██████████▎                        | 17/58 [00:00<00:01, 25.26it/s, loss=0.0004]
  Epoch 25/30:  29%|██████████▎                        | 17/58 [00:00<00:01, 25.26it/s, loss=0.0004]
  Epoch 25/30:  29%|██████████▎                        | 17/58 [00:00<00:01, 25.26it/s, loss=0.0005]
  Epoch 25/30:  29%|██████████▎                        | 17/58 [00:00<00:01, 25.26it/s, loss=0.0001]
  Epoch 25/30:  29%|██████████▎                        | 17/58 [00:00<00:01, 25.26it/s, loss=0.0011]
  Epoch 25/30:  36%|████████████▋                      | 21/58 [00:00<00:01, 27.14it/s, loss=0.0011]
  Epoch 25/30:  36%|████████████▋                      | 21/58 [00:00<00:01, 27.14it/s, loss=0.0003]
  Epoch 25/30:  36%|████████████▋                      | 21/58 [00:00<00:01, 27.14it/s, loss=0.0010]
  Epoch 25/30:  36%|████████████▋                      | 21/58 [00:00<00:01, 27.14it/s, loss=0.0007]
  Epoch 25/30:  36%|████████████▋                      | 21/58 [00:00<00:01, 27.14it/s, loss=0.0004]
  Epoch 25/30:  43%|███████████████                    | 25/58 [00:00<00:01, 28.34it/s, loss=0.0004]
  Epoch 25/30:  43%|███████████████                    | 25/58 [00:00<00:01, 28.34it/s, loss=0.0005]
  Epoch 25/30:  43%|███████████████                    | 25/58 [00:00<00:01, 28.34it/s, loss=0.0011]
  Epoch 25/30:  43%|███████████████                    | 25/58 [00:01<00:01, 28.34it/s, loss=0.0005]
  Epoch 25/30:  43%|███████████████                    | 25/58 [00:01<00:01, 28.34it/s, loss=0.0015]
  Epoch 25/30:  50%|█████████████████▌                 | 29/58 [00:01<00:00, 29.98it/s, loss=0.0015]
  Epoch 25/30:  50%|█████████████████▌                 | 29/58 [00:01<00:00, 29.98it/s, loss=0.0003]
  Epoch 25/30:  50%|█████████████████▌                 | 29/58 [00:01<00:00, 29.98it/s, loss=0.0006]
  Epoch 25/30:  50%|█████████████████▌                 | 29/58 [00:01<00:00, 29.98it/s, loss=0.0002]
  Epoch 25/30:  50%|█████████████████▌                 | 29/58 [00:01<00:00, 29.98it/s, loss=0.0009]
  Epoch 25/30:  57%|███████████████████▉               | 33/58 [00:01<00:00, 30.98it/s, loss=0.0009]
  Epoch 25/30:  57%|███████████████████▉               | 33/58 [00:01<00:00, 30.98it/s, loss=0.0005]
  Epoch 25/30:  57%|███████████████████▉               | 33/58 [00:01<00:00, 30.98it/s, loss=0.0006]
  Epoch 25/30:  57%|███████████████████▉               | 33/58 [00:01<00:00, 30.98it/s, loss=0.0009]
  Epoch 25/30:  57%|███████████████████▉               | 33/58 [00:01<00:00, 30.98it/s, loss=0.0009]
  Epoch 25/30:  64%|██████████████████████▎            | 37/58 [00:01<00:00, 31.95it/s, loss=0.0009]
  Epoch 25/30:  64%|██████████████████████▎            | 37/58 [00:01<00:00, 31.95it/s, loss=0.0006]
  Epoch 25/30:  64%|██████████████████████▎            | 37/58 [00:01<00:00, 31.95it/s, loss=0.0005]
  Epoch 25/30:  64%|██████████████████████▎            | 37/58 [00:01<00:00, 31.95it/s, loss=0.0003]
  Epoch 25/30:  64%|██████████████████████▎            | 37/58 [00:01<00:00, 31.95it/s, loss=0.0006]
  Epoch 25/30:  64%|██████████████████████▎            | 37/58 [00:01<00:00, 31.95it/s, loss=0.0009]
  Epoch 25/30:  72%|█████████████████████████▎         | 42/58 [00:01<00:00, 34.81it/s, loss=0.0009]
  Epoch 25/30:  72%|█████████████████████████▎         | 42/58 [00:01<00:00, 34.81it/s, loss=0.0011]
  Epoch 25/30:  72%|█████████████████████████▎         | 42/58 [00:01<00:00, 34.81it/s, loss=0.0004]
  Epoch 25/30:  72%|█████████████████████████▎         | 42/58 [00:01<00:00, 34.81it/s, loss=0.0014]
  Epoch 25/30:  72%|█████████████████████████▎         | 42/58 [00:01<00:00, 34.81it/s, loss=0.0004]
  Epoch 25/30:  79%|███████████████████████████▊       | 46/58 [00:01<00:00, 35.65it/s, loss=0.0004]
  Epoch 25/30:  79%|███████████████████████████▊       | 46/58 [00:01<00:00, 35.65it/s, loss=0.0008]
  Epoch 25/30:  79%|███████████████████████████▊       | 46/58 [00:01<00:00, 35.65it/s, loss=0.0004]
  Epoch 25/30:  79%|███████████████████████████▊       | 46/58 [00:01<00:00, 35.65it/s, loss=0.0028]
  Epoch 25/30:  79%|███████████████████████████▊       | 46/58 [00:01<00:00, 35.65it/s, loss=0.0020]
  Epoch 25/30:  86%|██████████████████████████████▏    | 50/58 [00:01<00:00, 35.10it/s, loss=0.0020]
  Epoch 25/30:  86%|██████████████████████████████▏    | 50/58 [00:01<00:00, 35.10it/s, loss=0.0006]
  Epoch 25/30:  86%|██████████████████████████████▏    | 50/58 [00:01<00:00, 35.10it/s, loss=0.0010]
  Epoch 25/30:  86%|██████████████████████████████▏    | 50/58 [00:01<00:00, 35.10it/s, loss=0.0004]
  Epoch 25/30:  86%|██████████████████████████████▏    | 50/58 [00:01<00:00, 35.10it/s, loss=0.0012]
  Epoch 25/30:  86%|██████████████████████████████▏    | 50/58 [00:01<00:00, 35.10it/s, loss=0.0010]
  Epoch 25/30:  95%|█████████████████████████████████▏ | 55/58 [00:01<00:00, 34.71it/s, loss=0.0010]
  Epoch 25/30:  95%|█████████████████████████████████▏ | 55/58 [00:01<00:00, 34.71it/s, loss=0.0010]
  Epoch 25/30:  95%|█████████████████████████████████▏ | 55/58 [00:01<00:00, 34.71it/s, loss=0.0006]
  Epoch 25/30:  95%|█████████████████████████████████▏ | 55/58 [00:01<00:00, 34.71it/s, loss=0.0000]
                                                                                                    
  Epoch 25/30 │ Loss: 0.0007 │ T+1: 0.8559 │ T+2: 0.6509 │ T+3: 0.4780

  Epoch 26/30:   0%|                                                         | 0/58 [00:00<?, ?it/s]
  Epoch 26/30:   0%|                                            | 0/58 [00:00<?, ?it/s, loss=0.0005]
  Epoch 26/30:   0%|                                            | 0/58 [00:00<?, ?it/s, loss=0.0006]
  Epoch 26/30:   0%|                                            | 0/58 [00:00<?, ?it/s, loss=0.0002]
  Epoch 26/30:   0%|                                            | 0/58 [00:00<?, ?it/s, loss=0.0003]
  Epoch 26/30:   7%|██▍                                 | 4/58 [00:00<00:01, 36.36it/s, loss=0.0003]
  Epoch 26/30:   7%|██▍                                 | 4/58 [00:00<00:01, 36.36it/s, loss=0.0004]
  Epoch 26/30:   7%|██▍                                 | 4/58 [00:00<00:01, 36.36it/s, loss=0.0022]
  Epoch 26/30:   7%|██▍                                 | 4/58 [00:00<00:01, 36.36it/s, loss=0.0005]
  Epoch 26/30:   7%|██▍                                 | 4/58 [00:00<00:01, 36.36it/s, loss=0.0005]
  Epoch 26/30:  14%|████▉                               | 8/58 [00:00<00:01, 38.02it/s, loss=0.0005]
  Epoch 26/30:  14%|████▉                               | 8/58 [00:00<00:01, 38.02it/s, loss=0.0006]
  Epoch 26/30:  14%|████▉                               | 8/58 [00:00<00:01, 38.02it/s, loss=0.0008]
  Epoch 26/30:  14%|████▉                               | 8/58 [00:00<00:01, 38.02it/s, loss=0.0007]
  Epoch 26/30:  14%|████▉                               | 8/58 [00:00<00:01, 38.02it/s, loss=0.0010]
  Epoch 26/30:  14%|████▉                               | 8/58 [00:00<00:01, 38.02it/s, loss=0.0005]
  Epoch 26/30:  22%|███████▊                           | 13/58 [00:00<00:01, 41.14it/s, loss=0.0005]
  Epoch 26/30:  22%|███████▊                           | 13/58 [00:00<00:01, 41.14it/s, loss=0.0009]
  Epoch 26/30:  22%|███████▊                           | 13/58 [00:00<00:01, 41.14it/s, loss=0.0003]
  Epoch 26/30:  22%|███████▊                           | 13/58 [00:00<00:01, 41.14it/s, loss=0.0015]
  Epoch 26/30:  22%|███████▊                           | 13/58 [00:00<00:01, 41.14it/s, loss=0.0005]
  Epoch 26/30:  22%|███████▊                           | 13/58 [00:00<00:01, 41.14it/s, loss=0.0003]
  Epoch 26/30:  31%|██████████▊                        | 18/58 [00:00<00:01, 37.99it/s, loss=0.0003]
  Epoch 26/30:  31%|██████████▊                        | 18/58 [00:00<00:01, 37.99it/s, loss=0.0006]
  Epoch 26/30:  31%|██████████▊                        | 18/58 [00:00<00:01, 37.99it/s, loss=0.0004]
  Epoch 26/30:  31%|██████████▊                        | 18/58 [00:00<00:01, 37.99it/s, loss=0.0007]
  Epoch 26/30:  31%|██████████▊                        | 18/58 [00:00<00:01, 37.99it/s, loss=0.0012]
  Epoch 26/30:  38%|█████████████▎                     | 22/58 [00:00<00:00, 36.58it/s, loss=0.0012]
  Epoch 26/30:  38%|█████████████▎                     | 22/58 [00:00<00:00, 36.58it/s, loss=0.0005]
  Epoch 26/30:  38%|█████████████▎                     | 22/58 [00:00<00:00, 36.58it/s, loss=0.0014]
  Epoch 26/30:  38%|█████████████▎                     | 22/58 [00:00<00:00, 36.58it/s, loss=0.0013]
  Epoch 26/30:  38%|█████████████▎                     | 22/58 [00:00<00:00, 36.58it/s, loss=0.0008]
  Epoch 26/30:  45%|███████████████▋                   | 26/58 [00:00<00:00, 34.69it/s, loss=0.0008]
  Epoch 26/30:  45%|███████████████▋                   | 26/58 [00:00<00:00, 34.69it/s, loss=0.0018]
  Epoch 26/30:  45%|███████████████▋                   | 26/58 [00:00<00:00, 34.69it/s, loss=0.0007]
  Epoch 26/30:  45%|███████████████▋                   | 26/58 [00:00<00:00, 34.69it/s, loss=0.0004]
  Epoch 26/30:  45%|███████████████▋                   | 26/58 [00:00<00:00, 34.69it/s, loss=0.0006]
  Epoch 26/30:  52%|██████████████████                 | 30/58 [00:00<00:00, 32.23it/s, loss=0.0006]
  Epoch 26/30:  52%|██████████████████                 | 30/58 [00:00<00:00, 32.23it/s, loss=0.0006]
  Epoch 26/30:  52%|██████████████████                 | 30/58 [00:00<00:00, 32.23it/s, loss=0.0008]
  Epoch 26/30:  52%|██████████████████                 | 30/58 [00:00<00:00, 32.23it/s, loss=0.0003]
  Epoch 26/30:  52%|██████████████████                 | 30/58 [00:01<00:00, 32.23it/s, loss=0.0006]
  Epoch 26/30:  59%|████████████████████▌              | 34/58 [00:01<00:00, 30.71it/s, loss=0.0006]
  Epoch 26/30:  59%|████████████████████▌              | 34/58 [00:01<00:00, 30.71it/s, loss=0.0004]
  Epoch 26/30:  59%|████████████████████▌              | 34/58 [00:01<00:00, 30.71it/s, loss=0.0009]
  Epoch 26/30:  59%|████████████████████▌              | 34/58 [00:01<00:00, 30.71it/s, loss=0.0019]
  Epoch 26/30:  59%|████████████████████▌              | 34/58 [00:01<00:00, 30.71it/s, loss=0.0010]
  Epoch 26/30:  66%|██████████████████████▉            | 38/58 [00:01<00:00, 26.80it/s, loss=0.0010]
  Epoch 26/30:  66%|██████████████████████▉            | 38/58 [00:01<00:00, 26.80it/s, loss=0.0004]
  Epoch 26/30:  66%|██████████████████████▉            | 38/58 [00:01<00:00, 26.80it/s, loss=0.0011]
  Epoch 26/30:  66%|██████████████████████▉            | 38/58 [00:01<00:00, 26.80it/s, loss=0.0006]
  Epoch 26/30:  71%|████████████████████████▋          | 41/58 [00:01<00:00, 26.91it/s, loss=0.0006]
  Epoch 26/30:  71%|████████████████████████▋          | 41/58 [00:01<00:00, 26.91it/s, loss=0.0013]
  Epoch 26/30:  71%|████████████████████████▋          | 41/58 [00:01<00:00, 26.91it/s, loss=0.0006]
  Epoch 26/30:  71%|████████████████████████▋          | 41/58 [00:01<00:00, 26.91it/s, loss=0.0005]
  Epoch 26/30:  76%|██████████████████████████▌        | 44/58 [00:01<00:00, 26.85it/s, loss=0.0005]
  Epoch 26/30:  76%|██████████████████████████▌        | 44/58 [00:01<00:00, 26.85it/s, loss=0.0012]
  Epoch 26/30:  76%|██████████████████████████▌        | 44/58 [00:01<00:00, 26.85it/s, loss=0.0004]
  Epoch 26/30:  76%|██████████████████████████▌        | 44/58 [00:01<00:00, 26.85it/s, loss=0.0007]
  Epoch 26/30:  76%|██████████████████████████▌        | 44/58 [00:01<00:00, 26.85it/s, loss=0.0003]
  Epoch 26/30:  83%|████████████████████████████▉      | 48/58 [00:01<00:00, 28.13it/s, loss=0.0003]
  Epoch 26/30:  83%|████████████████████████████▉      | 48/58 [00:01<00:00, 28.13it/s, loss=0.0007]
  Epoch 26/30:  83%|████████████████████████████▉      | 48/58 [00:01<00:00, 28.13it/s, loss=0.0006]
  Epoch 26/30:  83%|████████████████████████████▉      | 48/58 [00:01<00:00, 28.13it/s, loss=0.0003]
  Epoch 26/30:  88%|██████████████████████████████▊    | 51/58 [00:01<00:00, 28.49it/s, loss=0.0003]
  Epoch 26/30:  88%|██████████████████████████████▊    | 51/58 [00:01<00:00, 28.49it/s, loss=0.0006]
  Epoch 26/30:  88%|██████████████████████████████▊    | 51/58 [00:01<00:00, 28.49it/s, loss=0.0002]
  Epoch 26/30:  88%|██████████████████████████████▊    | 51/58 [00:01<00:00, 28.49it/s, loss=0.0017]
  Epoch 26/30:  93%|████████████████████████████████▌  | 54/58 [00:01<00:00, 28.64it/s, loss=0.0017]
  Epoch 26/30:  93%|████████████████████████████████▌  | 54/58 [00:01<00:00, 28.64it/s, loss=0.0004]
  Epoch 26/30:  93%|████████████████████████████████▌  | 54/58 [00:01<00:00, 28.64it/s, loss=0.0010]
  Epoch 26/30:  93%|████████████████████████████████▌  | 54/58 [00:01<00:00, 28.64it/s, loss=0.0006]
  Epoch 26/30:  93%|████████████████████████████████▌  | 54/58 [00:01<00:00, 28.64it/s, loss=0.0000]
  Epoch 26/30: 100%|███████████████████████████████████| 58/58 [00:01<00:00, 30.94it/s, loss=0.0000]
                                                                                                    

  Epoch 27/30:   0%|                                                         | 0/58 [00:00<?, ?it/s]
  Epoch 27/30:   0%|                                            | 0/58 [00:00<?, ?it/s, loss=0.0004]
  Epoch 27/30:   0%|                                            | 0/58 [00:00<?, ?it/s, loss=0.0006]
  Epoch 27/30:   0%|                                            | 0/58 [00:00<?, ?it/s, loss=0.0010]
  Epoch 27/30:   0%|                                            | 0/58 [00:00<?, ?it/s, loss=0.0011]
  Epoch 27/30:   7%|██▍                                 | 4/58 [00:00<00:01, 29.46it/s, loss=0.0011]
  Epoch 27/30:   7%|██▍                                 | 4/58 [00:00<00:01, 29.46it/s, loss=0.0008]
  Epoch 27/30:   7%|██▍                                 | 4/58 [00:00<00:01, 29.46it/s, loss=0.0003]
  Epoch 27/30:   7%|██▍                                 | 4/58 [00:00<00:01, 29.46it/s, loss=0.0005]
  Epoch 27/30:  12%|████▎                               | 7/58 [00:00<00:01, 28.34it/s, loss=0.0005]
  Epoch 27/30:  12%|████▎                               | 7/58 [00:00<00:01, 28.34it/s, loss=0.0003]
  Epoch 27/30:  12%|████▎                               | 7/58 [00:00<00:01, 28.34it/s, loss=0.0007]
  Epoch 27/30:  12%|████▎                               | 7/58 [00:00<00:01, 28.34it/s, loss=0.0003]
  Epoch 27/30:  17%|██████                             | 10/58 [00:00<00:01, 27.80it/s, loss=0.0003]
  Epoch 27/30:  17%|██████                             | 10/58 [00:00<00:01, 27.80it/s, loss=0.0021]
  Epoch 27/30:  17%|██████                             | 10/58 [00:00<00:01, 27.80it/s, loss=0.0003]
  Epoch 27/30:  17%|██████                             | 10/58 [00:00<00:01, 27.80it/s, loss=0.0004]
  Epoch 27/30:  22%|███████▊                           | 13/58 [00:00<00:01, 28.04it/s, loss=0.0004]
  Epoch 27/30:  22%|███████▊                           | 13/58 [00:00<00:01, 28.04it/s, loss=0.0017]
  Epoch 27/30:  22%|███████▊                           | 13/58 [00:00<00:01, 28.04it/s, loss=0.0004]
  Epoch 27/30:  22%|███████▊                           | 13/58 [00:00<00:01, 28.04it/s, loss=0.0016]
  Epoch 27/30:  22%|███████▊                           | 13/58 [00:00<00:01, 28.04it/s, loss=0.0003]
  Epoch 27/30:  29%|██████████▎                        | 17/58 [00:00<00:01, 28.57it/s, loss=0.0003]
  Epoch 27/30:  29%|██████████▎                        | 17/58 [00:00<00:01, 28.57it/s, loss=0.0012]
  Epoch 27/30:  29%|██████████▎                        | 17/58 [00:00<00:01, 28.57it/s, loss=0.0004]
  Epoch 27/30:  29%|██████████▎                        | 17/58 [00:00<00:01, 28.57it/s, loss=0.0005]
  Epoch 27/30:  34%|████████████                       | 20/58 [00:00<00:01, 28.40it/s, loss=0.0005]
  Epoch 27/30:  34%|████████████                       | 20/58 [00:00<00:01, 28.40it/s, loss=0.0008]
  Epoch 27/30:  34%|████████████                       | 20/58 [00:00<00:01, 28.40it/s, loss=0.0008]
  Epoch 27/30:  34%|████████████                       | 20/58 [00:00<00:01, 28.40it/s, loss=0.0003]
  Epoch 27/30:  40%|█████████████▉                     | 23/58 [00:00<00:01, 28.59it/s, loss=0.0003]
  Epoch 27/30:  40%|█████████████▉                     | 23/58 [00:00<00:01, 28.59it/s, loss=0.0006]
  Epoch 27/30:  40%|█████████████▉                     | 23/58 [00:00<00:01, 28.59it/s, loss=0.0007]
  Epoch 27/30:  40%|█████████████▉                     | 23/58 [00:00<00:01, 28.59it/s, loss=0.0014]
  Epoch 27/30:  40%|█████████████▉                     | 23/58 [00:00<00:01, 28.59it/s, loss=0.0009]
  Epoch 27/30:  47%|████████████████▎                  | 27/58 [00:00<00:01, 30.00it/s, loss=0.0009]
  Epoch 27/30:  47%|████████████████▎                  | 27/58 [00:00<00:01, 30.00it/s, loss=0.0005]
  Epoch 27/30:  47%|████████████████▎                  | 27/58 [00:00<00:01, 30.00it/s, loss=0.0005]
  Epoch 27/30:  47%|████████████████▎                  | 27/58 [00:01<00:01, 30.00it/s, loss=0.0012]
  Epoch 27/30:  47%|████████████████▎                  | 27/58 [00:01<00:01, 30.00it/s, loss=0.0005]
  Epoch 27/30:  53%|██████████████████▋                | 31/58 [00:01<00:00, 30.65it/s, loss=0.0005]
  Epoch 27/30:  53%|██████████████████▋                | 31/58 [00:01<00:00, 30.65it/s, loss=0.0006]
  Epoch 27/30:  53%|██████████████████▋                | 31/58 [00:01<00:00, 30.65it/s, loss=0.0002]
  Epoch 27/30:  53%|██████████████████▋                | 31/58 [00:01<00:00, 30.65it/s, loss=0.0003]
  Epoch 27/30:  53%|██████████████████▋                | 31/58 [00:01<00:00, 30.65it/s, loss=0.0009]
  Epoch 27/30:  60%|█████████████████████              | 35/58 [00:01<00:00, 31.08it/s, loss=0.0009]
  Epoch 27/30:  60%|█████████████████████              | 35/58 [00:01<00:00, 31.08it/s, loss=0.0007]
  Epoch 27/30:  60%|█████████████████████              | 35/58 [00:01<00:00, 31.08it/s, loss=0.0007]
  Epoch 27/30:  60%|█████████████████████              | 35/58 [00:01<00:00, 31.08it/s, loss=0.0003]
  Epoch 27/30:  60%|█████████████████████              | 35/58 [00:01<00:00, 31.08it/s, loss=0.0008]
  Epoch 27/30:  67%|███████████████████████▌           | 39/58 [00:01<00:00, 32.01it/s, loss=0.0008]
  Epoch 27/30:  67%|███████████████████████▌           | 39/58 [00:01<00:00, 32.01it/s, loss=0.0008]
  Epoch 27/30:  67%|███████████████████████▌           | 39/58 [00:01<00:00, 32.01it/s, loss=0.0004]
  Epoch 27/30:  67%|███████████████████████▌           | 39/58 [00:01<00:00, 32.01it/s, loss=0.0018]
  Epoch 27/30:  67%|███████████████████████▌           | 39/58 [00:01<00:00, 32.01it/s, loss=0.0017]
  Epoch 27/30:  74%|█████████████████████████▉         | 43/58 [00:01<00:00, 33.16it/s, loss=0.0017]
  Epoch 27/30:  74%|█████████████████████████▉         | 43/58 [00:01<00:00, 33.16it/s, loss=0.0010]
  Epoch 27/30:  74%|█████████████████████████▉         | 43/58 [00:01<00:00, 33.16it/s, loss=0.0012]
  Epoch 27/30:  74%|█████████████████████████▉         | 43/58 [00:01<00:00, 33.16it/s, loss=0.0007]
  Epoch 27/30:  74%|█████████████████████████▉         | 43/58 [00:01<00:00, 33.16it/s, loss=0.0005]
  Epoch 27/30:  74%|█████████████████████████▉         | 43/58 [00:01<00:00, 33.16it/s, loss=0.0004]
  Epoch 27/30:  83%|████████████████████████████▉      | 48/58 [00:01<00:00, 36.66it/s, loss=0.0004]
  Epoch 27/30:  83%|████████████████████████████▉      | 48/58 [00:01<00:00, 36.66it/s, loss=0.0003]
  Epoch 27/30:  83%|████████████████████████████▉      | 48/58 [00:01<00:00, 36.66it/s, loss=0.0013]
  Epoch 27/30:  83%|████████████████████████████▉      | 48/58 [00:01<00:00, 36.66it/s, loss=0.0005]
  Epoch 27/30:  83%|████████████████████████████▉      | 48/58 [00:01<00:00, 36.66it/s, loss=0.0009]
  Epoch 27/30:  90%|███████████████████████████████▍   | 52/58 [00:01<00:00, 34.38it/s, loss=0.0009]
  Epoch 27/30:  90%|███████████████████████████████▍   | 52/58 [00:01<00:00, 34.38it/s, loss=0.0007]
  Epoch 27/30:  90%|███████████████████████████████▍   | 52/58 [00:01<00:00, 34.38it/s, loss=0.0004]
  Epoch 27/30:  90%|███████████████████████████████▍   | 52/58 [00:01<00:00, 34.38it/s, loss=0.0008]
  Epoch 27/30:  90%|███████████████████████████████▍   | 52/58 [00:01<00:00, 34.38it/s, loss=0.0005]
  Epoch 27/30:  97%|█████████████████████████████████▊ | 56/58 [00:01<00:00, 33.77it/s, loss=0.0005]
  Epoch 27/30:  97%|█████████████████████████████████▊ | 56/58 [00:01<00:00, 33.77it/s, loss=0.0014]
  Epoch 27/30:  97%|█████████████████████████████████▊ | 56/58 [00:01<00:00, 33.77it/s, loss=0.0000]
                                                                                                    

  Epoch 28/30:   0%|                                                         | 0/58 [00:00<?, ?it/s]
  Epoch 28/30:   0%|                                            | 0/58 [00:00<?, ?it/s, loss=0.0002]
  Epoch 28/30:   0%|                                            | 0/58 [00:00<?, ?it/s, loss=0.0005]
  Epoch 28/30:   0%|                                            | 0/58 [00:00<?, ?it/s, loss=0.0012]
  Epoch 28/30:   0%|                                            | 0/58 [00:00<?, ?it/s, loss=0.0006]
  Epoch 28/30:   0%|                                            | 0/58 [00:00<?, ?it/s, loss=0.0017]
  Epoch 28/30:   9%|███                                 | 5/58 [00:00<00:01, 42.87it/s, loss=0.0017]
  Epoch 28/30:   9%|███                                 | 5/58 [00:00<00:01, 42.87it/s, loss=0.0004]
  Epoch 28/30:   9%|███                                 | 5/58 [00:00<00:01, 42.87it/s, loss=0.0010]
  Epoch 28/30:   9%|███                                 | 5/58 [00:00<00:01, 42.87it/s, loss=0.0020]
  Epoch 28/30:   9%|███                                 | 5/58 [00:00<00:01, 42.87it/s, loss=0.0003]
  Epoch 28/30:   9%|███                                 | 5/58 [00:00<00:01, 42.87it/s, loss=0.0004]
  Epoch 28/30:  17%|██████                             | 10/58 [00:00<00:01, 45.36it/s, loss=0.0004]
  Epoch 28/30:  17%|██████                             | 10/58 [00:00<00:01, 45.36it/s, loss=0.0009]
  Epoch 28/30:  17%|██████                             | 10/58 [00:00<00:01, 45.36it/s, loss=0.0007]
  Epoch 28/30:  17%|██████                             | 10/58 [00:00<00:01, 45.36it/s, loss=0.0007]
  Epoch 28/30:  17%|██████                             | 10/58 [00:00<00:01, 45.36it/s, loss=0.0004]
  Epoch 28/30:  17%|██████                             | 10/58 [00:00<00:01, 45.36it/s, loss=0.0004]
  Epoch 28/30:  26%|█████████                          | 15/58 [00:00<00:00, 45.45it/s, loss=0.0004]
  Epoch 28/30:  26%|█████████                          | 15/58 [00:00<00:00, 45.45it/s, loss=0.0012]
  Epoch 28/30:  26%|█████████                          | 15/58 [00:00<00:00, 45.45it/s, loss=0.0006]
  Epoch 28/30:  26%|█████████                          | 15/58 [00:00<00:00, 45.45it/s, loss=0.0011]
  Epoch 28/30:  26%|█████████                          | 15/58 [00:00<00:00, 45.45it/s, loss=0.0004]
  Epoch 28/30:  26%|█████████                          | 15/58 [00:00<00:00, 45.45it/s, loss=0.0012]
  Epoch 28/30:  34%|████████████                       | 20/58 [00:00<00:00, 40.82it/s, loss=0.0012]
  Epoch 28/30:  34%|████████████                       | 20/58 [00:00<00:00, 40.82it/s, loss=0.0006]
  Epoch 28/30:  34%|████████████                       | 20/58 [00:00<00:00, 40.82it/s, loss=0.0004]
  Epoch 28/30:  34%|████████████                       | 20/58 [00:00<00:00, 40.82it/s, loss=0.0024]
  Epoch 28/30:  34%|████████████                       | 20/58 [00:00<00:00, 40.82it/s, loss=0.0003]
  Epoch 28/30:  34%|████████████                       | 20/58 [00:00<00:00, 40.82it/s, loss=0.0006]
  Epoch 28/30:  43%|███████████████                    | 25/58 [00:00<00:00, 40.63it/s, loss=0.0006]
  Epoch 28/30:  43%|███████████████                    | 25/58 [00:00<00:00, 40.63it/s, loss=0.0011]
  Epoch 28/30:  43%|███████████████                    | 25/58 [00:00<00:00, 40.63it/s, loss=0.0010]
  Epoch 28/30:  43%|███████████████                    | 25/58 [00:00<00:00, 40.63it/s, loss=0.0004]
  Epoch 28/30:  43%|███████████████                    | 25/58 [00:00<00:00, 40.63it/s, loss=0.0006]
  Epoch 28/30:  43%|███████████████                    | 25/58 [00:00<00:00, 40.63it/s, loss=0.0009]
  Epoch 28/30:  52%|██████████████████                 | 30/58 [00:00<00:00, 38.94it/s, loss=0.0009]
  Epoch 28/30:  52%|██████████████████                 | 30/58 [00:00<00:00, 38.94it/s, loss=0.0004]
  Epoch 28/30:  52%|██████████████████                 | 30/58 [00:00<00:00, 38.94it/s, loss=0.0006]
  Epoch 28/30:  52%|██████████████████                 | 30/58 [00:00<00:00, 38.94it/s, loss=0.0004]
  Epoch 28/30:  52%|██████████████████                 | 30/58 [00:00<00:00, 38.94it/s, loss=0.0003]
  Epoch 28/30:  59%|████████████████████▌              | 34/58 [00:00<00:00, 37.21it/s, loss=0.0003]
  Epoch 28/30:  59%|████████████████████▌              | 34/58 [00:00<00:00, 37.21it/s, loss=0.0010]
  Epoch 28/30:  59%|████████████████████▌              | 34/58 [00:00<00:00, 37.21it/s, loss=0.0004]
  Epoch 28/30:  59%|████████████████████▌              | 34/58 [00:00<00:00, 37.21it/s, loss=0.0007]
  Epoch 28/30:  59%|████████████████████▌              | 34/58 [00:00<00:00, 37.21it/s, loss=0.0004]
  Epoch 28/30:  66%|██████████████████████▉            | 38/58 [00:00<00:00, 36.85it/s, loss=0.0004]
  Epoch 28/30:  66%|██████████████████████▉            | 38/58 [00:00<00:00, 36.85it/s, loss=0.0005]
  Epoch 28/30:  66%|██████████████████████▉            | 38/58 [00:01<00:00, 36.85it/s, loss=0.0004]
  Epoch 28/30:  66%|██████████████████████▉            | 38/58 [00:01<00:00, 36.85it/s, loss=0.0030]
  Epoch 28/30:  66%|██████████████████████▉            | 38/58 [00:01<00:00, 36.85it/s, loss=0.0005]
  Epoch 28/30:  72%|█████████████████████████▎         | 42/58 [00:01<00:00, 35.52it/s, loss=0.0005]
  Epoch 28/30:  72%|█████████████████████████▎         | 42/58 [00:01<00:00, 35.52it/s, loss=0.0002]
  Epoch 28/30:  72%|█████████████████████████▎         | 42/58 [00:01<00:00, 35.52it/s, loss=0.0004]
  Epoch 28/30:  72%|█████████████████████████▎         | 42/58 [00:01<00:00, 35.52it/s, loss=0.0008]
  Epoch 28/30:  72%|█████████████████████████▎         | 42/58 [00:01<00:00, 35.52it/s, loss=0.0007]
  Epoch 28/30:  79%|███████████████████████████▊       | 46/58 [00:01<00:00, 34.56it/s, loss=0.0007]
  Epoch 28/30:  79%|███████████████████████████▊       | 46/58 [00:01<00:00, 34.56it/s, loss=0.0008]
  Epoch 28/30:  79%|███████████████████████████▊       | 46/58 [00:01<00:00, 34.56it/s, loss=0.0009]
  Epoch 28/30:  79%|███████████████████████████▊       | 46/58 [00:01<00:00, 34.56it/s, loss=0.0007]
  Epoch 28/30:  79%|███████████████████████████▊       | 46/58 [00:01<00:00, 34.56it/s, loss=0.0012]
  Epoch 28/30:  86%|██████████████████████████████▏    | 50/58 [00:01<00:00, 33.89it/s, loss=0.0012]
  Epoch 28/30:  86%|██████████████████████████████▏    | 50/58 [00:01<00:00, 33.89it/s, loss=0.0005]
  Epoch 28/30:  86%|██████████████████████████████▏    | 50/58 [00:01<00:00, 33.89it/s, loss=0.0004]
  Epoch 28/30:  86%|██████████████████████████████▏    | 50/58 [00:01<00:00, 33.89it/s, loss=0.0002]
  Epoch 28/30:  86%|██████████████████████████████▏    | 50/58 [00:01<00:00, 33.89it/s, loss=0.0010]
  Epoch 28/30:  93%|████████████████████████████████▌  | 54/58 [00:01<00:00, 31.17it/s, loss=0.0010]
  Epoch 28/30:  93%|████████████████████████████████▌  | 54/58 [00:01<00:00, 31.17it/s, loss=0.0011]
  Epoch 28/30:  93%|████████████████████████████████▌  | 54/58 [00:01<00:00, 31.17it/s, loss=0.0008]
  Epoch 28/30:  93%|████████████████████████████████▌  | 54/58 [00:01<00:00, 31.17it/s, loss=0.0002]
  Epoch 28/30:  93%|████████████████████████████████▌  | 54/58 [00:01<00:00, 31.17it/s, loss=0.0000]
  Epoch 28/30: 100%|███████████████████████████████████| 58/58 [00:01<00:00, 31.74it/s, loss=0.0000]
                                                                                                    

  Epoch 29/30:   0%|                                                         | 0/58 [00:00<?, ?it/s]
  Epoch 29/30:   0%|                                            | 0/58 [00:00<?, ?it/s, loss=0.0003]
  Epoch 29/30:   0%|                                            | 0/58 [00:00<?, ?it/s, loss=0.0019]
  Epoch 29/30:   0%|                                            | 0/58 [00:00<?, ?it/s, loss=0.0008]
  Epoch 29/30:   5%|█▊                                  | 3/58 [00:00<00:01, 29.12it/s, loss=0.0008]
  Epoch 29/30:   5%|█▊                                  | 3/58 [00:00<00:01, 29.12it/s, loss=0.0019]
  Epoch 29/30:   5%|█▊                                  | 3/58 [00:00<00:01, 29.12it/s, loss=0.0008]
  Epoch 29/30:   5%|█▊                                  | 3/58 [00:00<00:01, 29.12it/s, loss=0.0004]
  Epoch 29/30:  10%|███▋                                | 6/58 [00:00<00:01, 29.60it/s, loss=0.0004]
  Epoch 29/30:  10%|███▋                                | 6/58 [00:00<00:01, 29.60it/s, loss=0.0006]
  Epoch 29/30:  10%|███▋                                | 6/58 [00:00<00:01, 29.60it/s, loss=0.0005]
  Epoch 29/30:  10%|███▋                                | 6/58 [00:00<00:01, 29.60it/s, loss=0.0008]
  Epoch 29/30:  16%|█████▌                              | 9/58 [00:00<00:01, 28.69it/s, loss=0.0008]
  Epoch 29/30:  16%|█████▌                              | 9/58 [00:00<00:01, 28.69it/s, loss=0.0012]
  Epoch 29/30:  16%|█████▌                              | 9/58 [00:00<00:01, 28.69it/s, loss=0.0007]
  Epoch 29/30:  16%|█████▌                              | 9/58 [00:00<00:01, 28.69it/s, loss=0.0003]
  Epoch 29/30:  21%|███████▏                           | 12/58 [00:00<00:01, 28.22it/s, loss=0.0003]
  Epoch 29/30:  21%|███████▏                           | 12/58 [00:00<00:01, 28.22it/s, loss=0.0013]
  Epoch 29/30:  21%|███████▏                           | 12/58 [00:00<00:01, 28.22it/s, loss=0.0009]
  Epoch 29/30:  21%|███████▏                           | 12/58 [00:00<00:01, 28.22it/s, loss=0.0012]
  Epoch 29/30:  26%|█████████                          | 15/58 [00:00<00:01, 27.89it/s, loss=0.0012]
  Epoch 29/30:  26%|█████████                          | 15/58 [00:00<00:01, 27.89it/s, loss=0.0006]
  Epoch 29/30:  26%|█████████                          | 15/58 [00:00<00:01, 27.89it/s, loss=0.0015]
  Epoch 29/30:  26%|█████████                          | 15/58 [00:00<00:01, 27.89it/s, loss=0.0005]
  Epoch 29/30:  31%|██████████▊                        | 18/58 [00:00<00:01, 27.93it/s, loss=0.0005]
  Epoch 29/30:  31%|██████████▊                        | 18/58 [00:00<00:01, 27.93it/s, loss=0.0018]
  Epoch 29/30:  31%|██████████▊                        | 18/58 [00:00<00:01, 27.93it/s, loss=0.0003]
  Epoch 29/30:  31%|██████████▊                        | 18/58 [00:00<00:01, 27.93it/s, loss=0.0008]
  Epoch 29/30:  31%|██████████▊                        | 18/58 [00:00<00:01, 27.93it/s, loss=0.0007]
  Epoch 29/30:  38%|█████████████▎                     | 22/58 [00:00<00:01, 29.55it/s, loss=0.0007]
  Epoch 29/30:  38%|█████████████▎                     | 22/58 [00:00<00:01, 29.55it/s, loss=0.0004]
  Epoch 29/30:  38%|█████████████▎                     | 22/58 [00:00<00:01, 29.55it/s, loss=0.0008]
  Epoch 29/30:  38%|█████████████▎                     | 22/58 [00:00<00:01, 29.55it/s, loss=0.0008]
  Epoch 29/30:  38%|█████████████▎                     | 22/58 [00:00<00:01, 29.55it/s, loss=0.0008]
  Epoch 29/30:  45%|███████████████▋                   | 26/58 [00:00<00:00, 32.25it/s, loss=0.0008]
  Epoch 29/30:  45%|███████████████▋                   | 26/58 [00:00<00:00, 32.25it/s, loss=0.0009]
  Epoch 29/30:  45%|███████████████▋                   | 26/58 [00:00<00:00, 32.25it/s, loss=0.0002]
  Epoch 29/30:  45%|███████████████▋                   | 26/58 [00:00<00:00, 32.25it/s, loss=0.0007]
  Epoch 29/30:  45%|███████████████▋                   | 26/58 [00:00<00:00, 32.25it/s, loss=0.0003]
  Epoch 29/30:  52%|██████████████████                 | 30/58 [00:00<00:00, 33.15it/s, loss=0.0003]
  Epoch 29/30:  52%|██████████████████                 | 30/58 [00:01<00:00, 33.15it/s, loss=0.0003]
  Epoch 29/30:  52%|██████████████████                 | 30/58 [00:01<00:00, 33.15it/s, loss=0.0004]
  Epoch 29/30:  52%|██████████████████                 | 30/58 [00:01<00:00, 33.15it/s, loss=0.0003]
  Epoch 29/30:  52%|██████████████████                 | 30/58 [00:01<00:00, 33.15it/s, loss=0.0013]
  Epoch 29/30:  59%|████████████████████▌              | 34/58 [00:01<00:00, 34.39it/s, loss=0.0013]
  Epoch 29/30:  59%|████████████████████▌              | 34/58 [00:01<00:00, 34.39it/s, loss=0.0002]
  Epoch 29/30:  59%|████████████████████▌              | 34/58 [00:01<00:00, 34.39it/s, loss=0.0003]
  Epoch 29/30:  59%|████████████████████▌              | 34/58 [00:01<00:00, 34.39it/s, loss=0.0013]
  Epoch 29/30:  59%|████████████████████▌              | 34/58 [00:01<00:00, 34.39it/s, loss=0.0003]
  Epoch 29/30:  66%|██████████████████████▉            | 38/58 [00:01<00:00, 35.36it/s, loss=0.0003]
  Epoch 29/30:  66%|██████████████████████▉            | 38/58 [00:01<00:00, 35.36it/s, loss=0.0002]
  Epoch 29/30:  66%|██████████████████████▉            | 38/58 [00:01<00:00, 35.36it/s, loss=0.0003]
  Epoch 29/30:  66%|██████████████████████▉            | 38/58 [00:01<00:00, 35.36it/s, loss=0.0004]
  Epoch 29/30:  66%|██████████████████████▉            | 38/58 [00:01<00:00, 35.36it/s, loss=0.0011]
  Epoch 29/30:  66%|██████████████████████▉            | 38/58 [00:01<00:00, 35.36it/s, loss=0.0011]
  Epoch 29/30:  74%|█████████████████████████▉         | 43/58 [00:01<00:00, 38.88it/s, loss=0.0011]
  Epoch 29/30:  74%|█████████████████████████▉         | 43/58 [00:01<00:00, 38.88it/s, loss=0.0006]
  Epoch 29/30:  74%|█████████████████████████▉         | 43/58 [00:01<00:00, 38.88it/s, loss=0.0007]
  Epoch 29/30:  74%|█████████████████████████▉         | 43/58 [00:01<00:00, 38.88it/s, loss=0.0004]
  Epoch 29/30:  74%|█████████████████████████▉         | 43/58 [00:01<00:00, 38.88it/s, loss=0.0014]
  Epoch 29/30:  81%|████████████████████████████▎      | 47/58 [00:01<00:00, 39.08it/s, loss=0.0014]
  Epoch 29/30:  81%|████████████████████████████▎      | 47/58 [00:01<00:00, 39.08it/s, loss=0.0005]
  Epoch 29/30:  81%|████████████████████████████▎      | 47/58 [00:01<00:00, 39.08it/s, loss=0.0005]
  Epoch 29/30:  81%|████████████████████████████▎      | 47/58 [00:01<00:00, 39.08it/s, loss=0.0005]
  Epoch 29/30:  81%|████████████████████████████▎      | 47/58 [00:01<00:00, 39.08it/s, loss=0.0004]
  Epoch 29/30:  81%|████████████████████████████▎      | 47/58 [00:01<00:00, 39.08it/s, loss=0.0010]
  Epoch 29/30:  90%|███████████████████████████████▍   | 52/58 [00:01<00:00, 41.57it/s, loss=0.0010]
  Epoch 29/30:  90%|███████████████████████████████▍   | 52/58 [00:01<00:00, 41.57it/s, loss=0.0011]
  Epoch 29/30:  90%|███████████████████████████████▍   | 52/58 [00:01<00:00, 41.57it/s, loss=0.0007]
  Epoch 29/30:  90%|███████████████████████████████▍   | 52/58 [00:01<00:00, 41.57it/s, loss=0.0006]
  Epoch 29/30:  90%|███████████████████████████████▍   | 52/58 [00:01<00:00, 41.57it/s, loss=0.0010]
  Epoch 29/30:  90%|███████████████████████████████▍   | 52/58 [00:01<00:00, 41.57it/s, loss=0.0004]
  Epoch 29/30:  90%|███████████████████████████████▍   | 52/58 [00:01<00:00, 41.57it/s, loss=0.0000]
  Epoch 29/30: 100%|███████████████████████████████████| 58/58 [00:01<00:00, 46.22it/s, loss=0.0000]
                                                                                                    

  Epoch 30/30:   0%|                                                         | 0/58 [00:00<?, ?it/s]
  Epoch 30/30:   0%|                                            | 0/58 [00:00<?, ?it/s, loss=0.0010]
  Epoch 30/30:   0%|                                            | 0/58 [00:00<?, ?it/s, loss=0.0002]
  Epoch 30/30:   0%|                                            | 0/58 [00:00<?, ?it/s, loss=0.0004]
  Epoch 30/30:   0%|                                            | 0/58 [00:00<?, ?it/s, loss=0.0011]
  Epoch 30/30:   0%|                                            | 0/58 [00:00<?, ?it/s, loss=0.0017]
  Epoch 30/30:   0%|                                            | 0/58 [00:00<?, ?it/s, loss=0.0008]
  Epoch 30/30:  10%|███▋                                | 6/58 [00:00<00:01, 50.65it/s, loss=0.0008]
  Epoch 30/30:  10%|███▋                                | 6/58 [00:00<00:01, 50.65it/s, loss=0.0005]
  Epoch 30/30:  10%|███▋                                | 6/58 [00:00<00:01, 50.65it/s, loss=0.0004]
  Epoch 30/30:  10%|███▋                                | 6/58 [00:00<00:01, 50.65it/s, loss=0.0007]
  Epoch 30/30:  10%|███▋                                | 6/58 [00:00<00:01, 50.65it/s, loss=0.0002]
  Epoch 30/30:  10%|███▋                                | 6/58 [00:00<00:01, 50.65it/s, loss=0.0005]
  Epoch 30/30:  10%|███▋                                | 6/58 [00:00<00:01, 50.65it/s, loss=0.0013]
  Epoch 30/30:  21%|███████▏                           | 12/58 [00:00<00:00, 48.97it/s, loss=0.0013]
  Epoch 30/30:  21%|███████▏                           | 12/58 [00:00<00:00, 48.97it/s, loss=0.0003]
  Epoch 30/30:  21%|███████▏                           | 12/58 [00:00<00:00, 48.97it/s, loss=0.0007]
  Epoch 30/30:  21%|███████▏                           | 12/58 [00:00<00:00, 48.97it/s, loss=0.0003]
  Epoch 30/30:  21%|███████▏                           | 12/58 [00:00<00:00, 48.97it/s, loss=0.0003]
  Epoch 30/30:  21%|███████▏                           | 12/58 [00:00<00:00, 48.97it/s, loss=0.0009]
  Epoch 30/30:  29%|██████████▎                        | 17/58 [00:00<00:00, 47.54it/s, loss=0.0009]
  Epoch 30/30:  29%|██████████▎                        | 17/58 [00:00<00:00, 47.54it/s, loss=0.0006]
  Epoch 30/30:  29%|██████████▎                        | 17/58 [00:00<00:00, 47.54it/s, loss=0.0014]
  Epoch 30/30:  29%|██████████▎                        | 17/58 [00:00<00:00, 47.54it/s, loss=0.0005]
  Epoch 30/30:  29%|██████████▎                        | 17/58 [00:00<00:00, 47.54it/s, loss=0.0006]
  Epoch 30/30:  29%|██████████▎                        | 17/58 [00:00<00:00, 47.54it/s, loss=0.0005]
  Epoch 30/30:  38%|█████████████▎                     | 22/58 [00:00<00:00, 45.83it/s, loss=0.0005]
  Epoch 30/30:  38%|█████████████▎                     | 22/58 [00:00<00:00, 45.83it/s, loss=0.0011]
  Epoch 30/30:  38%|█████████████▎                     | 22/58 [00:00<00:00, 45.83it/s, loss=0.0003]
  Epoch 30/30:  38%|█████████████▎                     | 22/58 [00:00<00:00, 45.83it/s, loss=0.0010]
  Epoch 30/30:  38%|█████████████▎                     | 22/58 [00:00<00:00, 45.83it/s, loss=0.0004]
  Epoch 30/30:  38%|█████████████▎                     | 22/58 [00:00<00:00, 45.83it/s, loss=0.0008]
  Epoch 30/30:  47%|████████████████▎                  | 27/58 [00:00<00:00, 46.44it/s, loss=0.0008]
  Epoch 30/30:  47%|████████████████▎                  | 27/58 [00:00<00:00, 46.44it/s, loss=0.0011]
  Epoch 30/30:  47%|████████████████▎                  | 27/58 [00:00<00:00, 46.44it/s, loss=0.0010]
  Epoch 30/30:  47%|████████████████▎                  | 27/58 [00:00<00:00, 46.44it/s, loss=0.0015]
  Epoch 30/30:  47%|████████████████▎                  | 27/58 [00:00<00:00, 46.44it/s, loss=0.0002]
  Epoch 30/30:  47%|████████████████▎                  | 27/58 [00:00<00:00, 46.44it/s, loss=0.0004]
  Epoch 30/30:  55%|███████████████████▎               | 32/58 [00:00<00:00, 44.75it/s, loss=0.0004]
  Epoch 30/30:  55%|███████████████████▎               | 32/58 [00:00<00:00, 44.75it/s, loss=0.0003]
  Epoch 30/30:  55%|███████████████████▎               | 32/58 [00:00<00:00, 44.75it/s, loss=0.0004]
  Epoch 30/30:  55%|███████████████████▎               | 32/58 [00:00<00:00, 44.75it/s, loss=0.0007]
  Epoch 30/30:  55%|███████████████████▎               | 32/58 [00:00<00:00, 44.75it/s, loss=0.0007]
  Epoch 30/30:  55%|███████████████████▎               | 32/58 [00:00<00:00, 44.75it/s, loss=0.0004]
  Epoch 30/30:  64%|██████████████████████▎            | 37/58 [00:00<00:00, 44.81it/s, loss=0.0004]
  Epoch 30/30:  64%|██████████████████████▎            | 37/58 [00:00<00:00, 44.81it/s, loss=0.0019]
  Epoch 30/30:  64%|██████████████████████▎            | 37/58 [00:00<00:00, 44.81it/s, loss=0.0012]
  Epoch 30/30:  64%|██████████████████████▎            | 37/58 [00:00<00:00, 44.81it/s, loss=0.0010]
  Epoch 30/30:  64%|██████████████████████▎            | 37/58 [00:00<00:00, 44.81it/s, loss=0.0006]
  Epoch 30/30:  64%|██████████████████████▎            | 37/58 [00:00<00:00, 44.81it/s, loss=0.0007]
  Epoch 30/30:  72%|█████████████████████████▎         | 42/58 [00:00<00:00, 44.45it/s, loss=0.0007]
  Epoch 30/30:  72%|█████████████████████████▎         | 42/58 [00:00<00:00, 44.45it/s, loss=0.0004]
  Epoch 30/30:  72%|█████████████████████████▎         | 42/58 [00:00<00:00, 44.45it/s, loss=0.0011]
  Epoch 30/30:  72%|█████████████████████████▎         | 42/58 [00:00<00:00, 44.45it/s, loss=0.0017]
  Epoch 30/30:  72%|█████████████████████████▎         | 42/58 [00:01<00:00, 44.45it/s, loss=0.0003]
  Epoch 30/30:  72%|█████████████████████████▎         | 42/58 [00:01<00:00, 44.45it/s, loss=0.0007]
  Epoch 30/30:  81%|████████████████████████████▎      | 47/58 [00:01<00:00, 44.13it/s, loss=0.0007]
  Epoch 30/30:  81%|████████████████████████████▎      | 47/58 [00:01<00:00, 44.13it/s, loss=0.0005]
  Epoch 30/30:  81%|████████████████████████████▎      | 47/58 [00:01<00:00, 44.13it/s, loss=0.0008]
  Epoch 30/30:  81%|████████████████████████████▎      | 47/58 [00:01<00:00, 44.13it/s, loss=0.0004]
  Epoch 30/30:  81%|████████████████████████████▎      | 47/58 [00:01<00:00, 44.13it/s, loss=0.0015]
  Epoch 30/30:  81%|████████████████████████████▎      | 47/58 [00:01<00:00, 44.13it/s, loss=0.0004]
  Epoch 30/30:  90%|███████████████████████████████▍   | 52/58 [00:01<00:00, 43.76it/s, loss=0.0004]
  Epoch 30/30:  90%|███████████████████████████████▍   | 52/58 [00:01<00:00, 43.76it/s, loss=0.0005]
  Epoch 30/30:  90%|███████████████████████████████▍   | 52/58 [00:01<00:00, 43.76it/s, loss=0.0005]
  Epoch 30/30:  90%|███████████████████████████████▍   | 52/58 [00:01<00:00, 43.76it/s, loss=0.0003]
  Epoch 30/30:  90%|███████████████████████████████▍   | 52/58 [00:01<00:00, 43.76it/s, loss=0.0015]
  Epoch 30/30:  90%|███████████████████████████████▍   | 52/58 [00:01<00:00, 43.76it/s, loss=0.0004]
  Epoch 30/30:  98%|██████████████████████████████████▍| 57/58 [00:01<00:00, 43.31it/s, loss=0.0004]
  Epoch 30/30:  98%|██████████████████████████████████▍| 57/58 [00:01<00:00, 43.31it/s, loss=0.0000]
                                                                                                    
  Epoch 30/30 │ Loss: 0.0007 │ T+1: 0.8632 │ T+2: 0.6643 │ T+3: 0.4936 ★ NEW BEST

  → Loading best model checkpoint
    Best T+1 NSE: 0.8632

  → Saving model
    Model saved: E:\SRIP 2025\Streamflow and Water-level Prediction\Final Stuff\srip-transformer\runs\bidirectional_20260304_212356\model.pt

============================================================
  STEP 7: EVALUATING MODEL
============================================================

  → Evaluating on Test Set 1961-1970

  Testing 1961-1970:   0%|                                                   | 0/15 [00:00<?, ?it/s]
  Testing 1961-1970:  53%|██████████████████████▉                    | 8/15 [00:00<00:00, 75.10it/s]
                                                                                                    

    Results (1961-1970):
    Horizon       NSE       R²      PBIAS │      P90      P95 │    Peak%
    ----------------------------------------------------------------------
    T1         0.8758   0.8758    -13.73% │   0.6729   0.5783 │    93.9%
    T2         0.8411   0.8411     -2.35% │   0.5834   0.4920 │    91.6%
    T3         0.7460   0.7460     -0.64% │   0.3410   0.1326 │    87.1%

  → Evaluating on Test Set 2011-2020

  Testing 2011-2020:   0%|                                                   | 0/15 [00:00<?, ?it/s]
  Testing 2011-2020:  60%|█████████████████████████▊                 | 9/15 [00:00<00:00, 86.36it/s]
                                                                                                    

    Results (2011-2020):
    Horizon       NSE       R²      PBIAS │      P90      P95 │    Peak%
    ----------------------------------------------------------------------
    T1         0.7269   0.7269     -0.98% │   0.3701   0.0675 │    83.2%
    T2         0.5541   0.5541     10.49% │  -0.0111  -0.4771 │    61.6%
    T3         0.4821   0.4821      8.98% │  -0.1465  -0.6500 │    56.6%

============================================================
  STEP 8: SAVING RESULTS
============================================================

  → Saving results.json

  → Saving train_history.json

  → Computing feature saliency (gradient × input)
    Features: ['rainfall', 'tmax', 'tmin', 'waterlevel_upstream', 'streamflow_upstream', 'waterlevel_final', 'streamflow_final']
Traceback (most recent call last):
  File "E:\SRIP 2025\Streamflow and Water-level Prediction\Final Stuff\srip-transformer\src\train.py", line 895, in <module>
    main()
  File "E:\SRIP 2025\Streamflow and Water-level Prediction\Final Stuff\srip-transformer\src\train.py", line 850, in main
    saliency_results = compute_feature_saliency(
                       ^^^^^^^^^^^^^^^^^^^^^^^^^
  File "E:\SRIP 2025\Streamflow and Water-level Prediction\Final Stuff\srip-transformer\src\train.py", line 398, in compute_feature_saliency
    predictions[horizon].sum().backward(retain_graph=True)
  File "C:\Users\HP\AppData\Local\Programs\Python\Python312\Lib\site-packages\torch\_tensor.py", line 630, in backward
    torch.autograd.backward(
  File "C:\Users\HP\AppData\Local\Programs\Python\Python312\Lib\site-packages\torch\autograd\__init__.py", line 364, in backward
    _engine_run_backward(
  File "C:\Users\HP\AppData\Local\Programs\Python\Python312\Lib\site-packages\torch\autograd\graph.py", line 865, in _engine_run_backward
    return Variable._execution_engine.run_backward(  # Calls into the C++ engine to run the backward pass
           ^^^^^^^^^^^^^^^^^^^^^^^^^^^^^^^^^^^^^^^^^^^^^^^^^^^^^^^^^^^^^^^^^^^^^^^^^^^^^^^^^^^^^^^^^^^^^^
RuntimeError: cudnn RNN backward can only be called in training mode
